scenario,condition,time_min,phase_name,n_replicates,vz_abs_mean,vz_abs_sd,vz_abs_sem,vz_abs_n,speckle_length_proxy_um_mean,speckle_length_proxy_um_sd,speckle_length_proxy_um_sem,speckle_length_proxy_um_n,chewer_band_mass_fraction_mean,chewer_band_mass_fraction_sd,chewer_band_mass_fraction_sem,chewer_band_mass_fraction_n,bottom_half_mass_fraction_mean,bottom_half_mass_fraction_sd,bottom_half_mass_fraction_sem,bottom_half_mass_fraction_n,axial_spread_entropy_mean,axial_spread_entropy_sd,axial_spread_entropy_sem,axial_spread_entropy_n
large_long,nomotor_xlink,0.0,initial,5,0.1233967436812784,0.06418723009158527,0.028705401954440938,5,466.4,36.91612113968638,16.50939126679115,5,0.2360630970376655,0.06972977968435587,0.03118410548606071,5,0.47013295283083034,0.08731666141230278,0.03904919809724836,5,0.9326764967588271,0.007082864794809675,0.0031675534313269065,5
large_long,nomotor_xlink,0.05,initial,5,0.12678835293289314,0.04729622830396033,0.021151516313400977,5,524.0,41.7612260356422,18.676188047886004,5,0.22267281871468042,0.07083613822229883,0.031678884065726255,5,0.4540228689917473,0.07904012447329334,0.03534781825446573,5,0.9414409360042978,0.00668364795583459,0.002989018233384731,5
large_long,nomotor_xlink,0.1,initial,5,0.1136872376069971,0.03851900543458616,0.017226222915483695,5,566.4,42.388677733564656,18.956792977716457,5,0.20974630491882168,0.06432373986059836,0.028766450979062157,5,0.43885441458104674,0.07796993528630133,0.03486921510028586,5,0.9395123871651444,0.004638429079097608,0.0020743685459348,5
large_long,nomotor_xlink,0.15000000000000002,initial,5,0.10111697501499409,0.049463553927590796,0.022120773798163944,5,611.2,45.882458521748816,20.51925924588897,5,0.19624905811111043,0.05935307080063701,0.026543500196716443,5,0.42491774780005603,0.07800398137958088,0.034884440976074134,5,0.9409959973003403,0.005129362076911262,0.0022939204570366174,5
large_long,nomotor_xlink,0.2,initial,5,0.08875099098403723,0.03721610125657485,0.01664354645344334,5,665.2,52.69914610313909,23.56777460856243,5,0.18444582797682102,0.05003331146629458,0.022375577115610872,5,0.41403642621789116,0.06815598434483529,0.03048028281369263,5,0.9435264132940592,0.006282058857064922,0.00280942212861036,5
large_long,nomotor_xlink,0.25,initial,5,0.06919874204680061,0.016180788135355607,0.007236268440035441,5,707.6,50.703057107042376,22.675096471680117,5,0.17190274837302402,0.044450376269310615,0.019878812592724407,5,0.4039609676450261,0.06732871572944428,0.030110317041759347,5,0.9456847052552322,0.004179423289872811,0.0018690949165802828,5
large_long,nomotor_xlink,0.30000000000000004,initial,5,0.07650796809518018,0.03046375905541491,0.013623807219616504,5,753.6,51.892195945055164,23.206895526976457,5,0.16105417819823667,0.04056727584353839,0.018142237289627394,5,0.39104022068364397,0.063608152808463,0.028446430720583487,5,0.9476113743985641,0.003232370031339132,0.0014455598237014847,5
large_long,nomotor_xlink,0.35000000000000003,initial,5,0.07755603890509595,0.02675679532040008,0.011966002639292568,5,798.4,50.2075691504777,22.4535075210979,5,0.1525814863841116,0.03737574680699243,0.016714942114051157,5,0.37921134401299395,0.05905542929229559,0.026410390867601045,5,0.9470250894658946,0.0034634140716242267,0.0015488858596762192,5
large_long,nomotor_xlink,0.4,initial,5,0.06303805768511259,0.015751411341555284,0.0070442453002557545,5,837.6,47.463670317412245,21.226398658274558,5,0.14341994716062936,0.03515414609957534,0.015721412073921907,5,0.37021710726824547,0.054370936000881165,0.02431542177965217,5,0.9478580937977954,0.003809137628150164,0.0017034981344392166,5
large_long,nomotor_xlink,0.45,initial,5,0.05716853580295221,0.019760964906446608,0.008837372166360477,5,874.4,43.48333013926141,19.44633641589078,5,0.13367226514158315,0.03275991581535201,0.014650679740059507,5,0.36280000473912033,0.05043550240501019,0.02255544237139138,5,0.9478554187295216,0.005583542492412701,0.0024970361136586808,5
large_long,nomotor_xlink,0.5,initial,5,0.061458986451596406,0.01715842795295896,0.007673482257969759,5,912.4,41.65093036175783,18.626862323000083,5,0.12876988135347314,0.03166760474207466,0.014162183377574727,5,0.35741286090888535,0.04945535854192606,0.022117108710274308,5,0.9461549778453173,0.006187304338192244,0.002767046619535441,5
large_long,nomotor_xlink,0.55,initial,5,0.0623010404494451,0.012011003493881744,0.005371484058061412,5,946.8,43.51091817004096,19.458674158328467,5,0.1226673729301689,0.029995091898551957,0.01341421289530308,5,0.35038590422457766,0.04707604002704047,0.021053045122392703,5,0.9455172566645104,0.0050320796070605625,0.0022504144139155694,5
large_long,nomotor_xlink,0.6000000000000001,initial,5,0.051926324065122965,0.014423938019515184,0.006450581182975927,5,970.4,46.784612855083026,20.92271492899523,5,0.11454152847478186,0.02476989552167745,0.01107743403640768,5,0.34157224708928485,0.04571696833758715,0.020445249785610083,5,0.9448493599163188,0.006212905989732528,0.0027784960261715086,5
large_long,nomotor_xlink,0.65,initial,5,0.05268689641562385,0.008861608278825865,0.003963031700285909,5,1000.4,49.32342242788917,22.05810508633958,5,0.11137660716330063,0.024201672654993543,0.010823317045152674,5,0.3367779243442842,0.0447913150551702,0.02003128505299406,5,0.9442717916486363,0.0065314090832899446,0.0029209349398191804,5
large_long,nomotor_xlink,0.7000000000000001,initial,5,0.043878965294095136,0.011015915859167585,0.004926467339103344,5,1030.8,48.26178612525649,21.58332689832594,5,0.10655331228316908,0.023744310747277984,0.01061877858195848,5,0.3297400010017873,0.04245759482036826,0.01898761363589728,5,0.9448190923903951,0.007377052229726585,0.0032991180518470078,5
large_long,nomotor_xlink,0.75,initial,5,0.030551127662411127,0.013078992196378602,0.005849103125658366,5,1052.4,47.52683452534999,21.254646550813305,5,0.10333209428116322,0.023651006438969367,0.010577051626764146,5,0.32746279478947676,0.040582797939175706,0.01814917898182705,5,0.944625837180638,0.00639290441551606,0.002858993769350494,5
large_long,nomotor_xlink,0.8,initial,5,0.03327233163349959,0.012503530346614711,0.0055917487627524,5,1072.8,46.57467122803982,20.828826179120128,5,0.09918175838254142,0.021067555666627442,0.009421697318067971,5,0.32431218804660344,0.03720480707017716,0.016638495539736183,5,0.9426960145847767,0.00345915768136468,0.0015469823440843963,5
large_long,nomotor_xlink,0.8500000000000001,initial,5,0.03828118038422313,0.00836424872294383,0.003740605745043641,5,1094.4,42.927846440276966,19.19791655362633,5,0.09487628116982878,0.020511652927296776,0.009173090055263629,5,0.3186607382739241,0.04078534333465723,0.018239760036392303,5,0.9399824862471053,0.005449476862602296,0.002437080141318203,5
large_long,nomotor_xlink,0.9,initial,5,0.03584916454088192,0.018011896301323677,0.008055164906687355,5,1118.4,40.48209480745778,18.10414317221337,5,0.0914819211365867,0.019828681073694926,0.008867655756989074,5,0.31099933701252824,0.03655968377789352,0.016349987632653246,5,0.9387353379661925,0.005405859176934459,0.0024175737192833027,5
large_long,nomotor_xlink,0.9500000000000001,initial,5,0.02556314168615274,0.01126188915540605,0.005036469941311124,5,1136.0,45.78209256903839,20.474374227311564,5,0.0879287431429113,0.019156015530965152,0.008566830581055961,5,0.30675545925394826,0.03481789814259655,0.015571037416101911,5,0.9375090511617523,0.005793094693265059,0.0025907507068467926,5
large_long,nomotor_xlink,1.0,initial,5,0.02228726620685917,0.009134114940990163,0.004084900384470097,5,1156.8,42.67551991481768,19.085072700935672,5,0.08525117217005086,0.01799238023224994,0.008046437055266864,5,0.30277467160948074,0.033689681306508755,0.0150664835083315,5,0.9364257453730861,0.005083835124453946,0.0022735601849360253,5
large_long,nomotor_xlink,1.05,pulse_01,5,0.016384242097748795,0.009265098789592197,0.0041434781423558345,5,1282.4,34.79655155327895,15.561490931141526,5,0.075528587679627,0.013453995177453538,0.006016809557148091,5,0.2765583459361241,0.028479655862005016,0.012736489296648716,5,0.9344361278522089,0.005483249015865061,0.00245218350740662,5
large_long,nomotor_xlink,1.1,pulse_01,5,0.01427775838060478,0.004296464113577394,0.001921437164169486,5,1292.0,35.014282800023196,15.658863304850707,5,0.07476064235164115,0.011966681060039612,0.005351662463061562,5,0.27446888031871514,0.02863963686491717,0.01280803497617275,5,0.9344354275162138,0.006280296655950646,0.0028086340483140506,5
large_long,nomotor_xlink,1.15,pulse_01,5,0.015821063078220083,0.005652749212431474,0.0025279862997510346,5,1306.4,34.68140712254911,15.509996776273038,5,0.07304484868202953,0.012253570685122263,0.00547996340380641,5,0.2739534541974047,0.027135947902589122,0.012135564828816423,5,0.9336622873576103,0.007462375578981309,0.0033372758136473116,5
large_long,nomotor_xlink,1.2,pulse_01,5,0.018712038351056393,0.007430002755245242,0.0033227982467478184,5,1315.6,32.66190441477655,14.60684770920817,5,0.07153652834765756,0.012455159523200868,0.005570116672896202,5,0.27209455778826175,0.02736706672372293,0.012238924307803385,5,0.932607574524771,0.009054530376174786,0.0040493090850927125,5
large_long,nomotor_xlink,1.25,pulse_01,5,0.016964332729329804,0.009491613827132896,0.004244778746729219,5,1325.2,32.94237392781522,14.732277488562316,5,0.06865128780446914,0.011800699107234683,0.005277433077159566,5,0.26975092724013755,0.029248080262686563,0.013080139135747411,5,0.9328918605400208,0.008341095548122249,0.003730251330484443,5
large_long,nomotor_xlink,1.3,pulse_01,5,0.019169841004318577,0.007626086613587112,0.003410489614056391,5,1334.8,31.83080269173242,14.235167719419394,5,0.06749165750690794,0.010909245972861916,0.004878763115717014,5,0.26733632922261624,0.029350844584813164,0.013126096737734764,5,0.9317097701711367,0.008098446743730019,0.0036217354862284282,5
large_long,nomotor_xlink,1.35,pulse_01,5,0.020428856562390716,0.013513170523756906,0.006043273576533375,5,1344.8,32.545352970892786,14.5547243189282,5,0.06582223803728567,0.010502585276763248,0.004696898923666213,5,0.26430409655490267,0.0279275468301907,0.012489578631423035,5,0.9309914191088643,0.007702505469696987,0.003444665165461282,5
large_long,nomotor_xlink,1.4,pulse_01,5,0.01544202529169283,0.008495309562418304,0.003799217934294264,5,1354.8,28.16380656090366,12.59523719506703,5,0.06353319949788294,0.010383406933121057,0.004643600748100259,5,0.2626434499792168,0.027827968515564204,0.012445045855305094,5,0.9298127037742299,0.0060566922816282205,0.0027086351321038,5
large_long,nomotor_xlink,1.45,pulse_01,5,0.008438763391927721,0.0029250971827601956,0.0013081432282889846,5,1364.8,27.662248643232168,12.37093367535369,5,0.06133770438130311,0.010081973485263459,0.004508795612079913,5,0.2590979616600357,0.02738478898886162,0.012246849945716462,5,0.9286900207971547,0.006440121344575303,0.0028801098219635446,5
large_long,nomotor_xlink,1.5,pulse_01,5,0.009473134066793568,0.007286680912861869,0.003258702770301872,5,1376.0,23.790754506740637,10.639548862616309,5,0.06141102533976632,0.009789868802093184,0.004378162426456959,5,0.25789799933949276,0.0273694874308872,0.012240006880957971,5,0.9294164525902915,0.007406443281437419,0.0033122621297581346,5
large_long,nomotor_xlink,1.55,pulse_01,5,0.012830938846488551,0.004181964733147897,0.001870231484565093,5,1384.8,20.571825392998065,9.2,5,0.05928949410205405,0.009930407702740732,0.00444101333352316,5,0.2562202661181545,0.026190521827108997,0.011712757434321541,5,0.9280622157396461,0.007125029676167463,0.003186410139522752,5
large_long,nomotor_xlink,1.6,pulse_01,5,0.009603184884079852,0.004754783275042774,0.0021264037242549444,5,1391.2,18.793615937333612,8.404760555780276,5,0.05814475896955316,0.009265149615260397,0.004143500872285654,5,0.2527245285178185,0.025726634439880165,0.011505300687971854,5,0.926862893096487,0.006199532846379852,0.002772515374649622,5
large_long,nomotor_xlink,1.65,pulse_01,5,0.014050671521013313,0.004893047831221282,0.0021882375135537408,5,1395.6,17.458522274236156,7.807688518377254,5,0.05685991581256752,0.009109534125931329,0.0040739075097873155,5,0.2530424173429157,0.02518329078244886,0.011262310017339903,5,0.9269518204290881,0.0057990892575659585,0.0025934315575012537,5
large_long,nomotor_xlink,1.7000000000000002,pulse_01,5,0.01666970308895698,0.009334752443708271,0.004174628203452794,5,1400.8,19.21457779916072,8.593020423576332,5,0.05520249037868898,0.009822776527920102,0.0043928792088437415,5,0.24763290898701099,0.027754641221089553,0.012412252892294801,5,0.924809346147452,0.006728202171163376,0.0030089434842165965,5
large_long,nomotor_xlink,1.75,pulse_01,5,0.012533937743299925,0.009067406452016386,0.004055067441265765,5,1406.8,22.653917983430592,10.131140113531151,5,0.05356241375640776,0.008075295955902853,0.0036113821391655847,5,0.24605290667840704,0.02868253400142713,0.012827219158828021,5,0.9247572084276958,0.006000294147642235,0.0026834131198244394,5
large_long,nomotor_xlink,1.8,pulse_01,5,0.01542215512294159,0.007734328927965817,0.003458897048654928,5,1412.0,24.166091947189145,10.807404868885037,5,0.0522332387270394,0.008837001404478722,0.003952027171535107,5,0.24558994261897418,0.02754869999109167,0.012320153174365765,5,0.922695899038801,0.0059712444680144715,0.0026704217081499853,5
large_long,nomotor_xlink,1.85,pulse_01,5,0.01358299928939936,0.010536423672959476,0.00471203191449508,5,1416.0,29.223278392404914,13.069047402163632,5,0.04952076768329825,0.004896163683187961,0.002189630964914805,5,0.24488636309006698,0.027168526503683458,0.01215013442214818,5,0.9217204287850513,0.00698003411259662,0.0031215661522066927,5
large_long,nomotor_xlink,1.9,pulse_01,5,0.01416792188118358,0.010681623905973782,0.004776967432768839,5,1421.6,31.029018676071598,13.876599006961323,5,0.048476860279872254,0.005118030341800357,0.002288852751034416,5,0.24360350751156243,0.02826671187295013,0.012641257849663377,5,0.9204741194236881,0.00693683289112195,0.0031022459786210154,5
large_long,nomotor_xlink,1.9500000000000002,pulse_01,5,0.014236259034739084,0.0029577650468228063,0.0013227527412337286,5,1429.2,29.54995769878529,13.215142829345432,5,0.04659535639968913,0.006120912877608184,0.0027373554557371498,5,0.24058523300493273,0.02641182187585009,0.011811725824803361,5,0.9189714351579392,0.006244916915333212,0.0027928117473046718,5
large_long,nomotor_xlink,2.0,pulse_01,5,0.008906243472652222,0.0053120693150681166,0.0023756296179366114,5,1434.0,31.080540535840107,13.899640283115243,5,0.04556790014454461,0.005623412799743776,0.0025148666571538987,5,0.23847671501684836,0.02754011343929551,0.012316313151664057,5,0.9183213434857892,0.0071945046633794755,0.0032174802983511498,5
large_long,nomotor_xlink,2.05,pulse_02,5,0.007104380699535539,0.005602448358253307,0.0025054910738972975,5,1555.2,33.4245418816773,14.947909552843834,5,0.04120538933763577,0.004691976429793687,0.0020983156491690908,5,0.21800684655499344,0.02482495074837523,0.011102055482290258,5,0.9157778517069444,0.007098532509315113,0.00317456024626415,5
large_long,nomotor_xlink,2.1,pulse_02,5,0.003940819434076855,0.005103548378151649,0.002282376220001178,5,1553.2,33.484324690816145,14.974645237867906,5,0.04076058919877262,0.004195431475093447,0.0018762539946502324,5,0.21829358676619398,0.025450685678738778,0.011381892650328056,5,0.9157665422533681,0.006635078920391609,0.0029672975004143105,5
large_long,nomotor_xlink,2.15,pulse_02,5,0.004716999410746325,0.0052619054678243096,0.0023531956634465978,5,1552.0,35.014282800023196,15.658863304850707,5,0.040793921318924745,0.004025256056300103,0.0018001492337459501,5,0.21752414540966308,0.02576575885840498,0.011522797659852181,5,0.9164435757536318,0.0062922564501016,0.002813982630857738,5
large_long,nomotor_xlink,2.2,pulse_02,5,0.004684453989478381,0.002814632388028753,0.0012587418702609712,5,1548.0,36.60601043544625,16.370705543744897,5,0.03857283494659568,0.004762308464764391,0.002129769091407168,5,0.21654783561656282,0.026074605103368426,0.011660917899518945,5,0.9147140190303741,0.006469902646237798,0.002893428424958698,5
large_long,nomotor_xlink,2.25,pulse_02,5,0.003788521929535449,0.003708767350737544,0.0016586111817961905,5,1546.8,36.4581952378337,16.304600577751053,5,0.03727348667587281,0.0052897766633894635,0.002365660041026173,5,0.2147754309033992,0.026242106091385234,0.011735826618619738,5,0.9144679436894932,0.0061200512022105144,0.0027369701027844043,5
large_long,nomotor_xlink,2.3,pulse_02,5,0.0051070249277838835,0.004309828519365074,0.0019274139081335148,5,1544.4,38.79175170058707,17.34819875376115,5,0.03576316498152457,0.005185009967377283,0.0023188069502139146,5,0.21479581096063086,0.026423667055265682,0.011817023150079152,5,0.9151030179295713,0.00569883846541457,0.0025485980402915123,5
large_long,nomotor_xlink,2.35,pulse_02,5,0.0029574157134832765,0.0017312108295702228,0.0007742210196605642,5,1542.8,38.173289090671766,17.07161386629864,5,0.034787324661855336,0.005474487862334309,0.002448265400435405,5,0.2148852075020431,0.025466854474683828,0.011389123555697546,5,0.9143830608117787,0.004548086267775717,0.002033966012455963,5
large_long,nomotor_xlink,2.4,pulse_02,5,0.0034302131118975807,0.00233012749964635,0.001042064697090171,5,1541.6,38.66264346885763,17.290459797240786,5,0.03424993624015939,0.005385385704679123,0.002408417704143625,5,0.2138818733983853,0.026140834096071226,0.011690536405471906,5,0.9138397774590702,0.0059908335592322014,0.002679182216066043,5
large_long,nomotor_xlink,2.45,pulse_02,5,0.0029463917815457505,0.0018180838613684953,0.0008130718205630518,5,1540.0,39.319206502675,17.58408371226661,5,0.03375977947306803,0.005436520145291563,0.0024312857211837933,5,0.21380738408732966,0.027701008099929262,0.012388267431342822,5,0.9127836705675222,0.004703556769532814,0.0021034945345409363,5
large_long,nomotor_xlink,2.5,pulse_02,5,0.004952427089173176,0.004603638006728234,0.0020588095053691927,5,1538.4,38.66264346885763,17.290459797240786,5,0.03251333654062073,0.004806371920938506,0.0021494748680729488,5,0.21400431530582953,0.025862677909741484,0.011566141177272825,5,0.9119336982917655,0.0057196070885109215,0.002557886050900015,5
large_long,nomotor_xlink,2.55,pulse_02,5,0.004383424919112441,0.001470750997905842,0.0006577398418586227,5,1535.6,37.72002120890178,16.868906307167634,5,0.03055015209620756,0.004994949545025999,0.002233809345371956,5,0.2126436446158282,0.024581311958609305,0.01099309690311578,5,0.9124026010905639,0.005268811471303585,0.0023562841220930992,5
large_long,nomotor_xlink,2.6,pulse_02,5,0.0031984392376998906,0.0025670382569170933,0.001148014408661838,5,1534.4,37.07829553795589,16.5819178625393,5,0.031378789274818124,0.0056651687893719644,0.00253354050340918,5,0.21398088329359966,0.02584261724232371,0.011557169774068794,5,0.9128734436231886,0.006996281608486295,0.003128832253261385,5
large_long,nomotor_xlink,2.65,pulse_02,5,0.004126134518124491,0.002668644570117164,0.0011934541333135365,5,1531.2,37.592552453910336,16.81190054693401,5,0.029297344425882228,0.005150024743218898,0.002303161082328671,5,0.21223136634229361,0.025870692135480166,0.01156972524798057,5,0.9109544530757487,0.007210326581492497,0.00322455607523818,5
large_long,nomotor_xlink,2.7,pulse_02,5,0.005433794332086912,0.005591990596479444,0.0025008142206535263,5,1528.8,38.225645841502796,17.09502851708648,5,0.02885199963883468,0.006350514803814798,0.0028400365586897258,5,0.2119434075616739,0.02574272492534716,0.01151249657183089,5,0.9109298795817435,0.006029027950817406,0.0026962632672547955,5
large_long,nomotor_xlink,2.75,pulse_02,5,0.007187686170785993,0.007521159665281202,0.0033635648562396663,5,1525.6,34.04115156689033,15.22366578718805,5,0.027344337387311735,0.006540533918087527,0.0029250156899973505,5,0.20963835857381374,0.024547897683969745,0.010978153585213198,5,0.910023485109328,0.005729890453217778,0.002562484911404406,5
large_long,nomotor_xlink,2.8,pulse_02,5,0.003568385022982164,0.002034198649448924,0.0009097212919812118,5,1524.8,32.60674776790841,14.582180906846547,5,0.026553750996069724,0.005805797683290907,0.0025964316566898524,5,0.20943921787964165,0.02370193808978519,0.01059982895345024,5,0.9094864872769506,0.005910446903742948,0.0026432322108344776,5
large_long,nomotor_xlink,2.85,pulse_02,5,0.0026109932294582803,0.001972531183879144,0.0008821427629783807,5,1522.8,32.60674776790841,14.582180906846547,5,0.024761351546587006,0.005712749226745661,0.0025548191218825313,5,0.20791932748791564,0.023661861112837315,0.010581905984492612,5,0.9088612799269521,0.004641204211317937,0.002075609622793041,5
large_long,nomotor_xlink,2.9,pulse_02,5,0.003771610314092626,0.0014954203721512657,0.0006687723214136526,5,1522.0,31.96873472629156,14.296852800529212,5,0.023961490672491384,0.0056119580990547195,0.00250974395927337,5,0.20830607756022132,0.024678649432091446,0.01103662754460861,5,0.9079122114259703,0.005642802092645648,0.0025235378125467466,5
large_long,nomotor_xlink,2.95,pulse_02,5,0.004060587176644148,0.0009972987853371625,0.0004460055755783731,5,1519.6,31.349641146271516,14.019985734657507,5,0.02322046918675382,0.005050931779205912,0.0022588453616036756,5,0.2100837499200162,0.02260508407393182,0.010109300925281886,5,0.9074466657597438,0.006201554581080124,0.0027734195218940775,5
large_long,nomotor_xlink,3.0,pulse_02,5,0.004753585386079113,0.005392657443911491,0.002411669724791271,5,1517.6,31.22178726466504,13.962807740565648,5,0.02190913013922897,0.004746451612591295,0.0021226776915335265,5,0.2087118969195747,0.02436022926614308,0.010894225717315149,5,0.9088664855336953,0.005025089702140943,0.002247288433404264,5
large_long,nomotor_xlink,3.05,pulse_03,5,0.0038810942818888828,0.003451574843208664,0.0015435911957685502,5,1628.4,43.87254266622804,19.62039754948915,5,0.01874604231832828,0.004891392601885415,0.002187497272491071,5,0.191919374000522,0.022377642284893962,0.010007585865039323,5,0.9047880244067545,0.00605135180153111,0.0027062467967978753,5
large_long,nomotor_xlink,3.1,pulse_03,5,0.0031704446315088996,0.002554761903958094,0.0011425242567154174,5,1626.8,43.23424568556736,19.33494246177112,5,0.018522419932593688,0.003582002918946527,0.0016019204044734206,5,0.19274338952717662,0.022781420086279862,0.010188160787380178,5,0.9036386932828917,0.005947141915183991,0.002659642718837938,5
large_long,nomotor_xlink,3.15,pulse_03,5,0.003760669641913298,0.003094402773817136,0.0013838589904038043,5,1626.8,43.23424568556736,19.33494246177112,5,0.018512646131566935,0.0041239676221652396,0.0018442943880339288,5,0.1931131468985598,0.02141119623593449,0.00957537805262743,5,0.9046540425657019,0.0060910115814452395,0.0027239831895700104,5
large_long,nomotor_xlink,3.2,pulse_03,5,0.002382746244463855,0.0017304887563205139,0.0007738980986863476,5,1624.4,42.03332011630773,18.79787222001469,5,0.017349732383407472,0.005357503090930146,0.0023959482201970084,5,0.1923304884603167,0.022097498620699672,0.009882301809718462,5,0.9033837592579959,0.00588496853373684,0.0026318379373765676,5
large_long,nomotor_xlink,3.25,pulse_03,5,0.0038784098039553365,0.002065198050079574,0.0009235846453955885,5,1623.6,41.69892084934573,18.648324321504063,5,0.017591012884973407,0.004932724248902135,0.0022059813469613534,5,0.1920632556068031,0.02251405379864848,0.010068590948573073,5,0.9037521631254061,0.005484919679504329,0.002452930650899608,5
large_long,nomotor_xlink,3.3,pulse_03,5,0.00556301186354314,0.002440211991920157,0.0010912959786887277,5,1621.2,42.36980056596915,18.948350851723216,5,0.0158866883042027,0.004299714368837477,0.00192289072251064,5,0.19141165556639342,0.021153143049050922,0.009459973159091006,5,0.9026300034821866,0.005618552931787452,0.002512693258131496,5
large_long,nomotor_xlink,3.35,pulse_03,5,0.004104698829549077,0.0017096014077943662,0.0007645569924515083,5,1620.4,42.7644712348931,19.12485294061107,5,0.016386142141200495,0.004658870929015213,0.0020835104191351227,5,0.19149146782600593,0.02215317596273065,0.009907201474036016,5,0.9032651644818979,0.006331972830801469,0.002831744336270772,5
large_long,nomotor_xlink,3.4,pulse_03,5,0.0022101128033544808,0.0015338420488961362,0.0006859550176158633,5,1619.6,43.16016682080828,19.301813386311657,5,0.016381656430266418,0.004551741386604264,0.002035600631289257,5,0.19273643621688596,0.023328682359355177,0.01043290391620367,5,0.9038619305660326,0.0055771364077514905,0.0024941712255042636,5
large_long,nomotor_xlink,3.45,pulse_03,5,0.006720016945830338,0.004128016207222001,0.0018461049703138504,5,1617.6,43.20648099533217,19.3225257148231,5,0.01614499447038508,0.005191031901710255,0.0023215000411188273,5,0.19155724164690033,0.022823102370167398,0.010206801671426173,5,0.9036993369911233,0.005920956788218624,0.0026479323740591335,5
large_long,nomotor_xlink,3.5,pulse_03,5,0.003913519133412416,0.0024360784662332065,0.001089447409804175,5,1615.2,42.44054665057932,18.979989462589273,5,0.014464792371870766,0.0055892383121813,0.002499583361696715,5,0.19114616737376616,0.02176205444172297,0.009732286612348758,5,0.9021134593574895,0.00610719533905813,0.002731220786000771,5
large_long,nomotor_xlink,3.55,pulse_03,5,0.0031791440887909716,0.001056824449258436,0.00047262626176512804,5,1614.4,42.600469480981076,19.051509126575773,5,0.014711629608165347,0.00493993878047192,0.002209207783564525,5,0.19152862993892256,0.022151438024513703,0.009906424244437257,5,0.9016667294980518,0.005664161560375119,0.0025330900569080087,5
large_long,nomotor_xlink,3.6,pulse_03,5,0.0036411202916887334,0.0029877438770849122,0.001336159681704128,5,1612.8,43.57981183988751,19.48948434412773,5,0.013944543560582046,0.0035056237260628785,0.0015677625910025393,5,0.19078309821975487,0.02179118627899568,0.009745314766039008,5,0.9015756650634904,0.00449126863865095,0.0020085563962472927,5
large_long,nomotor_xlink,3.65,pulse_03,5,0.0025664058551901903,0.000471513167017373,0.00021086709874741153,5,1611.2,43.39585233636966,19.407215153133123,5,0.013213341865537376,0.0025400970055464754,0.0011359659147691158,5,0.19137797851082122,0.02144294725603982,0.009589577540489525,5,0.9021347836122443,0.00478715980164663,0.002140882947127255,5
large_long,nomotor_xlink,3.7,pulse_03,5,0.001598745053095089,0.001303413041271639,0.0005829040326086247,5,1609.6,43.87254266622804,19.62039754948915,5,0.013982274729031486,0.0035709366202154634,0.001596971405229025,5,0.1918752128586829,0.02334018675364354,0.010438048837737418,5,0.9016749428930908,0.006195897099779398,0.002770889419340106,5
large_long,nomotor_xlink,3.75,pulse_03,5,0.00443295574748488,0.003714321969501785,0.0016610952828253782,5,1607.6,42.717677839508085,19.103926298015285,5,0.012781288285061265,0.003753564442438837,0.001678645050243867,5,0.19038510016771712,0.022657494491834816,0.01013273957671394,5,0.9003325122495076,0.005021972379463116,0.002245894324321179,5
large_long,nomotor_xlink,3.8,pulse_03,5,0.0045381142820783245,0.0026593012139465057,0.0011892756574064197,5,1604.8,43.04880950734874,19.252012881774203,5,0.011553860673114893,0.004389449697471672,0.0019630215814725087,5,0.1888266349948416,0.02318069750554771,0.010366723077652898,5,0.9005109022680049,0.004683751002323439,0.0020946371261755968,5
large_long,nomotor_xlink,3.85,pulse_03,5,0.003974211103722187,0.0041688533491167174,0.0018643678953705286,5,1604.0,42.731721238442994,19.110206696946005,5,0.011320509145278747,0.004213240041499913,0.001884218227663568,5,0.189452393896052,0.022562556341396423,0.01009028194510627,5,0.8990150913011015,0.006104187693461842,0.0027298757259996654,5
large_long,nomotor_xlink,3.9,pulse_03,5,0.0028949724091681915,0.0013402812362250597,0.0005993919906333374,5,1602.0,43.68065933568311,19.534584715319646,5,0.010301416816269981,0.00446360543470645,0.0019961850353482245,5,0.18850247166967588,0.02407742555224283,0.010767752051601076,5,0.8996552457420606,0.005644310540258151,0.002524212410827158,5
large_long,nomotor_xlink,3.95,pulse_03,5,0.0023770716605085933,0.0014619016741756364,0.0006537823039754943,5,1600.8,43.28048058882895,19.355619339096332,5,0.010319152700436315,0.004402951914137673,0.001969059956334931,5,0.18768035140277856,0.023271463963016745,0.010407315071448419,5,0.899603544921175,0.0063819790456198,0.0028541077953970206,5
large_long,nomotor_xlink,4.0,pulse_03,5,0.003221038235890402,0.002913405333963208,0.001302914474550442,5,1600.4,43.91810560577493,19.640773915505466,5,0.010324224806740553,0.003790616480746179,0.0016952152255158958,5,0.18904747490641996,0.023297452039597672,0.010418937292616302,5,0.9001990314622965,0.0055550470323872305,0.0024842925565252646,5
large_long,nomotor_xlink,4.05,pulse_04,5,0.002654839642571124,0.0022401939153908032,0.0010018451755190497,5,1720.4,46.160589251005014,20.64364308933866,5,0.008904459499952075,0.0034067441539397504,0.001523542302031858,5,0.1763483375906838,0.02151002849063142,0.00961957718060181,5,0.8976214850508422,0.007112716890680442,0.003180903694454482,5
large_long,nomotor_xlink,4.1,pulse_04,5,0.002970336128074269,0.0022428422516939947,0.001003029547519293,5,1718.8,45.40044052649709,20.303694245136768,5,0.008681129678732798,0.004032659454162133,0.0018034601339227453,5,0.17598871255655363,0.021029048170480576,0.00940447624226243,5,0.897520374087545,0.007032664257882742,0.0031451030687117843,5
large_long,nomotor_xlink,4.15,pulse_04,5,0.003985238382385692,0.0035371522612039417,0.001581862580563821,5,1717.2,44.127089185669156,19.734234213670412,5,0.00801650079675134,0.004809010864305015,0.002150655039424206,5,0.17528560459699166,0.020590924625142667,0.009208541436278675,5,0.89638220786478,0.007415887595309041,0.0033164857553216933,5
large_long,nomotor_xlink,4.2,pulse_04,5,0.003207541303074842,0.0030267426693875196,0.0013536004718299331,5,1717.2,44.127089185669156,19.734234213670412,5,0.009175464723025878,0.004892368597945037,0.0021879337511980877,5,0.17574714947217326,0.02001131622360607,0.00894933267904551,5,0.897316169412979,0.007387878228475591,0.003303959585672429,5
large_long,nomotor_xlink,4.25,pulse_04,5,0.00445317370094441,0.0028541516405815757,0.00127641541728659,5,1716.4,43.16016682080828,19.301813386311657,5,0.008498059703538334,0.005563865419380536,0.0024882362590790508,5,0.1770650699397822,0.02055346917922081,0.009191790851636907,5,0.8968511602801927,0.006348610082878935,0.0028391847415915744,5
large_long,nomotor_xlink,4.3,pulse_04,5,0.0024097555237669434,0.001618493975198049,0.0007238125099433392,5,1714.4,42.10463157421045,18.82976367350371,5,0.007809784238675818,0.005545270940371778,0.0024799205552650957,5,0.17636888012149224,0.019111710134684108,0.008547016605485064,5,0.8968246030900463,0.005343661491319361,0.0023897580686675986,5
large_long,nomotor_xlink,4.35,pulse_04,5,0.0016381956255818804,0.002190335087344937,0.0009795476297612437,5,1713.2,41.41497313774331,18.52133904446436,5,0.008036148159870686,0.005326241104707869,0.0023819674349360737,5,0.1764300879518864,0.02048767789428324,0.009162368094547414,5,0.8969150882967277,0.0052831094727472435,0.0023626783827271815,5
large_long,nomotor_xlink,4.4,pulse_04,5,0.004802125236765301,0.003750465083270127,0.0016772589746862827,5,1711.6,41.07067080046295,18.36736235827017,5,0.0073491229899010566,0.0051436792789233765,0.002300323304425954,5,0.17619748569323676,0.019269769853502067,0.008617703060641357,5,0.8964624875558798,0.00545485704285274,0.002439486231072442,5
large_long,nomotor_xlink,4.45,pulse_04,5,0.0048082643583634045,0.003857017773705024,0.0017249107864858667,5,1710.0,41.54515615568198,18.579558659989747,5,0.007089823976034196,0.004279853720667601,0.0019140087706336305,5,0.1753167505998782,0.01916175245943539,0.008569396213464262,5,0.8960776180740773,0.0037247308406614006,0.001665750271521766,5
large_long,nomotor_xlink,4.5,pulse_04,5,0.00239494888735002,0.0011884077255943392,0.0005314720918829718,5,1708.8,40.92920717531675,18.30409790183608,5,0.00570590835853153,0.005266155441493042,0.0023550963094517716,5,0.1751907023155244,0.019946288994614942,0.008920251618162988,5,0.8953570620675049,0.0047675401329634335,0.0021321087645529246,5
large_long,nomotor_xlink,4.55,pulse_04,5,0.003053247981202567,0.0012567488596060099,0.0005620351761448755,5,1707.6,41.24075654010241,18.443427013437603,5,0.005710745448726557,0.0050848300058560425,0.002274005109424953,5,0.17604660946429043,0.019247696306214163,0.008607831470193296,5,0.8966177498300549,0.004670583614437808,0.002088748491295921,5
large_long,nomotor_xlink,4.6,pulse_04,5,0.00355788776739665,0.0017273122348706394,0.0007724775151075664,5,1706.0,40.024992192379,17.899720668211557,5,0.005013965813321084,0.005536015030703023,0.0024757811866225085,5,0.17556330108800436,0.017496309996400467,0.007824587701472109,5,0.8954478686732639,0.004315846511099815,0.0019301052358548973,5
large_long,nomotor_xlink,4.65,pulse_04,5,0.0027245731187656537,0.0017276137300645887,0.0007726123478572785,5,1706.0,40.024992192379,17.899720668211557,5,0.005024101471761826,0.005726564133975241,0.00256099733621617,5,0.17534357589629196,0.017072646445388362,0.0076351196015417054,5,0.8959722431051953,0.0038349608031769213,0.0017150466093901575,5
large_long,nomotor_xlink,4.7,pulse_04,5,0.002199148509658085,0.002999921709864138,0.0013416057740867227,5,1705.6,39.73411632338134,17.76963702499294,5,0.005257200634531434,0.005726006842200358,0.002560748107757782,5,0.17505719974473136,0.016993060062214637,0.007599527488969747,5,0.8953510299419125,0.004044739764271634,0.0018088626128415696,5
large_long,nomotor_xlink,4.75,pulse_04,5,0.0027915695507418903,0.0024488286466113483,0.0010951494638143568,5,1705.6,39.73411632338134,17.76963702499294,5,0.005258674808030078,0.005730553135128422,0.0025627812717643377,5,0.1746471289849829,0.01686726662548803,0.007543270953840945,5,0.895181843984408,0.003156700184904629,0.0014117192396065812,5
large_long,nomotor_xlink,4.8,pulse_04,5,0.0019198507184364408,0.0015375607733438296,0.0006876180817467899,5,1704.8,40.33856715353186,18.039955654047485,5,0.0057334442855660585,0.006050309069761317,0.0027057804729739643,5,0.17540337753109975,0.016931244130399464,0.0075718825638435025,5,0.8967634051003486,0.004384611632349682,0.001960857932974041,5
large_long,nomotor_xlink,4.85,pulse_04,5,0.0018845759455189185,0.0013399330196197689,0.0005992362634332725,5,1703.6,41.24075654010241,18.443427013437603,5,0.005975453862841665,0.005487177636759768,0.0024539404400822982,5,0.17490186494277168,0.01712152115864705,0.007656977037787153,5,0.8977295266932274,0.004312638319841991,0.0019286704891074344,5
large_long,nomotor_xlink,4.9,pulse_04,5,0.0021362813509612443,0.0006779270684026694,0.0003031782017471037,5,1703.2,40.63496031744094,18.172506706560874,5,0.0048010504536049655,0.005619605186017714,0.0025131638405291915,5,0.17577790012374583,0.01668060952394727,0.0074597953603353,5,0.8957903502457466,0.003787975135785725,0.0016940339801391753,5
large_long,nomotor_xlink,4.95,pulse_04,5,0.003301046993396669,0.003419679263659006,0.0015293270589575927,5,1702.4,39.456304946104616,17.64539600009022,5,0.0054953452925049495,0.005372364381771377,0.002402594391507886,5,0.17566115398776067,0.01712929589544915,0.0076604540057864864,5,0.8972571003158093,0.005719950368413817,0.002558039570339652,5
large_long,nomotor_xlink,5.0,pulse_04,5,0.008438729934284517,0.006921749490187587,0.0030955004766567915,5,1699.6,41.36181814185638,18.497567407634982,5,0.004574356263552081,0.00478096032516918,0.0021381104569615566,5,0.17454494685484706,0.018606495751055763,0.008321077864484338,5,0.8973235984004789,0.005826375499155303,0.002605634335710105,5
large_long,nomotor_xlink,5.05,pulse_05,5,0.004964148819348206,0.001430847971179697,0.0006398946658050925,5,1810.8,29.718680993610736,13.290598180668919,5,0.0035881047565046995,0.004259873747180159,0.0019050734548523175,5,0.16430964583630156,0.01706324148962216,0.007630913577457984,5,0.8934978605557307,0.004872066578819458,0.002178854412229029,5
large_long,nomotor_xlink,5.1,pulse_05,5,0.0027318728501459035,0.0024134645367804588,0.0010793341531052294,5,1810.4,30.41052449399714,13.6,5,0.0033463972136730394,0.002790083989001103,0.0012477634924680482,5,0.1651453447397251,0.016731839879242046,0.007482706271725417,5,0.8932130375800773,0.005611813531185646,0.002509679306556848,5
large_long,nomotor_xlink,5.15,pulse_05,5,0.0025363597391521906,0.002475944378066938,0.0011072759875732224,5,1809.6,30.31171390733292,13.555810562264433,5,0.0035677931196073293,0.002601823069905548,0.0011635706499471985,5,0.16436540388461401,0.017124014715865072,0.0076580921904762095,5,0.8933092000543983,0.005464447644605618,0.0024437752785653544,5
large_long,nomotor_xlink,5.2,pulse_05,5,0.002155897706753329,0.0016014093709591074,0.0007161720426539484,5,1807.6,31.12555220393688,13.919770113044251,5,0.0031229412319874997,0.0020615052241455905,0.0009219331634320962,5,0.16501767759347172,0.016737474916073285,0.00748522633680749,5,0.893686573870229,0.004968783435950285,0.002222107505651962,5
large_long,nomotor_xlink,5.25,pulse_05,5,0.0016050747103276918,0.00028263724193086317,0.00012639921718609278,5,1806.8,31.45155004129367,14.065560778013793,5,0.0024692581527744977,0.002457409381599124,0.0010989868851602725,5,0.16350882925529436,0.016395702871844955,0.007332381232066768,5,0.8921684417865403,0.005381939581587001,0.002406876551045062,5
large_long,nomotor_xlink,5.3,pulse_05,5,0.0023227827809916947,0.0011799265889036732,0.0005276792122496124,5,1806.4,31.317726609701413,14.005713120009275,5,0.0029030802399377057,0.002332166894476393,0.0010429767421847587,5,0.16398009689122048,0.017681605308814803,0.007907454284366212,5,0.8923179489453448,0.005272528448835974,0.0023579464049797516,5
large_long,nomotor_xlink,5.35,pulse_05,5,0.0020609976375016714,0.001004837925841164,0.000449377181710147,5,1806.4,31.317726609701413,14.005713120009275,5,0.003127044405671188,0.0024383058327132954,0.0010904435183762317,5,0.16464948376777744,0.01664982718774123,0.007446029081082709,5,0.892392125921809,0.005542857124257514,0.00247884106388176,5
large_long,nomotor_xlink,5.4,pulse_05,5,0.002272610235288012,0.0025551704254336287,0.0011427069530733302,5,1805.6,30.607188698082023,13.687950905814937,5,0.002018066757852577,0.0018654610946790527,0.0008342595634167066,5,0.16462642017391932,0.01673467147799283,0.007483972601183768,5,0.8918263710309198,0.0052861803985431366,0.0023640517424938765,5
large_long,nomotor_xlink,5.45,pulse_05,5,0.002887781502698239,0.0020631714641553755,0.000922678328617838,5,1804.8,30.384206423732707,13.588230201170422,5,0.001801211930229774,0.0020566568885274543,0.000919764921828119,5,0.16475649356421623,0.018653191981250233,0.0083419610534859,5,0.8912939612449978,0.005107996702689749,0.0022843655712118122,5
large_long,nomotor_xlink,5.5,pulse_05,5,0.0031695334864031933,0.0028487413980977905,0.0012739958832928898,5,1804.4,31.09340766143203,13.905394636614956,5,0.0026697640868817824,0.0010143475019435263,0.00045362999343056496,5,0.16586760299357212,0.018368286781974497,0.008214547574941167,5,0.8923452999905918,0.005079507385540901,0.0022716247612563373,5
large_long,nomotor_xlink,5.55,pulse_05,5,0.001890107330531373,0.0018464922892468699,0.000825776455737041,5,1803.6,31.317726609701413,14.005713120009275,5,0.002226118169730273,0.0013570030107719108,0.0006068701955515743,5,0.16667438360227363,0.018207840548064593,0.008142793837789892,5,0.8932811744637421,0.0036329844536275367,0.001624720039902221,5
large_long,nomotor_xlink,5.6,pulse_05,5,0.001850200191929326,0.0011394692832686491,0.0005095861551323327,5,1802.8,30.809089567853185,13.778243719719867,5,0.0020161190149105904,0.0014760913552253154,0.0006601281222567189,5,0.16655145272914756,0.018945005159504515,0.008472463874147268,5,0.8933936670633678,0.0034590856533868214,0.0015469501321934416,5
large_long,nomotor_xlink,5.65,pulse_05,5,0.0019729039267494916,0.0019269340679294237,0.0008617511128100777,5,1801.6,31.06122985330748,13.891004283348268,5,0.0015680068061090639,0.001285253624491314,0.0005747828945381133,5,0.16704140703644882,0.019135829489242265,0.008557803108758156,5,0.8916511917033683,0.0037601877975799577,0.001681607104710801,5
large_long,nomotor_xlink,5.7,pulse_05,5,0.0028063944951164524,0.001885435333102665,0.0008431923143995036,5,1801.6,31.06122985330748,13.891004283348268,5,0.0017863474174627755,0.001017025604627552,0.00045482767736100614,5,0.16682689269216344,0.019051454369830047,0.008520069408235081,5,0.8928007633553674,0.003754511149416942,0.0016790684304754302,5
large_long,nomotor_xlink,5.75,pulse_05,5,0.0022527152707208253,0.0022769613091415857,0.0010182880538754998,5,1800.8,31.483328921827816,14.079772725438431,5,0.0015670898225926704,0.00128627419689629,0.0005752393083928107,5,0.1659801435578151,0.01782995911291396,0.007973800122503491,5,0.8918422076450797,0.0034346335376018943,0.001536014813575683,5
large_long,nomotor_xlink,5.8,pulse_05,5,0.0043299518040488035,0.001225843175204383,0.000548213733902237,5,1799.2,32.698623824252905,14.623269128344726,5,0.0011244172507636845,0.0011328363863018591,0.0005066198334312337,5,0.16529227000392765,0.018694109671421696,0.008360260000827034,5,0.8915722379523038,0.003349332387308859,0.0014978669794528524,5
large_long,nomotor_xlink,5.85,pulse_05,5,0.0040276279240381765,0.002932509332201601,0.0013114580422910586,5,1798.0,33.19638534539566,14.845874847916507,5,0.0011275941612953974,0.0011334252841727565,0.0005068831965654599,5,0.1646868734635897,0.020036438003839408,0.008960567480709022,5,0.8912032486766124,0.0032303725121104517,0.0014446665059451465,5
large_long,nomotor_xlink,5.9,pulse_05,5,0.0025225985177916256,0.001757347937599668,0.0007859098897183833,5,1798.0,33.19638534539566,14.845874847916507,5,0.0013500586662016218,0.0012326896583006166,0.0005512755742242333,5,0.16542219447036466,0.0196201627450637,0.008774403525514262,5,0.8921535102204411,0.0034205127181016056,0.001529699791115553,5
large_long,nomotor_xlink,5.95,pulse_05,5,0.00309743197953359,0.000769704145712353,0.0003442221584752449,5,1797.2,33.781651824622195,15.107613974417005,5,0.0008963025654048901,0.0009290633653292169,0.00041548976805617005,5,0.16564526254867384,0.019707894520634348,0.008813638368306807,5,0.8916446813347767,0.004147271885042855,0.0018547163712259033,5
large_long,nomotor_xlink,6.0,pulse_05,5,0.0030359633310826106,0.0027666136534650523,0.0012372672393253807,5,1795.6,34.275355578024275,15.328405005087774,5,0.0011082371144540155,0.0011038222640702788,0.0004936443235077734,5,0.16539749936829068,0.019195741353344314,0.00858459650891634,5,0.8914789676755351,0.004822993989829217,0.0021569084832662117,5
large_long,nomotor_xlink,6.05,pulse_06,5,0.002464269431010931,0.00190079965434845,0.0008500634477462476,5,1908.4,35.70434147271169,15.967466924969658,5,0.0010586244073915838,0.0007588711998685475,0.00033937751781458036,5,0.15431547327890935,0.017256958465938457,0.007717546442945775,5,0.888603491401126,0.004528532015099918,0.002025221084809504,5
large_long,nomotor_xlink,6.1,pulse_06,5,0.0015946349487424645,0.002053214518536452,0.0009182254471674017,5,1907.6,35.67632268045573,15.954936540143304,5,0.001464702630465169,0.0021481559513763186,0.0009606845467096362,5,0.15456797263957778,0.01661864810074179,0.007432085369481283,5,0.8888298425655637,0.005679151696429818,0.0025397938495500642,5
large_long,nomotor_xlink,6.15,pulse_06,5,0.0023795784324877134,0.0023528310331349745,0.0010522180259321726,5,1907.2,35.400564967243106,15.83161394173064,5,0.001045023937868868,0.00127184923837906,0.0005687882708293824,5,0.15480384569544386,0.01680743563885096,0.00751651372318467,5,0.8892105200799927,0.005367219016979494,0.002400293314419149,5
large_long,nomotor_xlink,6.2,pulse_06,5,0.0037375417719211447,0.0017663509181868535,0.0007899361450369948,5,1907.2,35.400564967243106,15.83161394173064,5,0.002932417600827532,0.002584907872898312,0.0011560059438750023,5,0.15535807866725224,0.016890560508220548,0.007553688294890908,5,0.8898526647504793,0.005545127820517404,0.002479856550120434,5
large_long,nomotor_xlink,6.25,pulse_06,5,0.0024537542864440987,0.0017205817899178704,0.000769467568620924,5,1906.0,34.785054261852174,15.556349186104045,5,0.00271602253498028,0.003325693631502819,0.0014872954064756878,5,0.1561455163971085,0.016281988221866658,0.007281526494588955,5,0.8896392433216522,0.004742630041031696,0.0021209686327758976,5
large_long,nomotor_xlink,6.3,pulse_06,5,0.0018861482480074208,0.0009469350126851278,0.0004234822117277143,5,1904.4,34.68140712254911,15.509996776273038,5,0.0022990550441252667,0.003064386462848828,0.0013704352880520225,5,0.15676021383445565,0.016453448469233516,0.0073582058482992,5,0.8900118268983027,0.00450162048445731,0.002013185882430416,5
large_long,nomotor_xlink,6.35,pulse_06,5,0.004214858301278745,0.0018648648759848959,0.0008339929263107884,5,1903.2,34.77355316903925,15.551205741035,5,0.0018771815008726002,0.003159715000121106,0.0014130675059593097,5,0.15662404412660877,0.016032495149387847,0.007169949800593374,5,0.8898345758614896,0.005151156473199431,0.0023036672073624,5
large_long,nomotor_xlink,6.4,pulse_06,5,0.004203573702527041,0.003947709433643636,0.0017654693298088731,5,1902.0,34.23448553724738,15.310127367203709,5,0.0012561091382159557,0.0022676278729325022,0.001014114014310066,5,0.15611284421771504,0.015657311228365008,0.007002162450298978,5,0.8912419899026001,0.0043912839045484355,0.0019638418638142,5
large_long,nomotor_xlink,6.45,pulse_06,5,0.004422796392536851,0.00388608967212538,0.0017379121347064438,5,1900.8,33.72239611889997,15.081114017207083,5,0.0008435455368501481,0.0008779184741310804,0.00039261707737199726,5,0.1566797813426632,0.014361596495024177,0.006422701205659355,5,0.8913700782379996,0.004132631764625184,0.0018481691103353643,5
large_long,nomotor_xlink,6.5,pulse_06,5,0.0020124707638673025,0.0014744850273460909,0.000659409750590299,5,1898.8,33.214454684670045,14.853955702101711,5,0.00042582218354545126,0.00058315383707565,0.0002607943242081981,5,0.1566723322894799,0.014140286799872653,0.006323728501171643,5,0.8906219422507677,0.003115503786901805,0.001393295650334091,5
large_long,nomotor_xlink,6.55,pulse_06,5,0.0036165508261020085,0.002038410639790346,0.0009116049513260103,5,1898.4,33.80532502432124,15.118200951171405,5,0.0006309148264984228,0.0014107684400629587,0.0006309148264984227,5,0.15743651146623974,0.013749483032956457,0.0061489557434341235,5,0.8906859991293175,0.0033137098707755244,0.0014819361057532231,5
large_long,nomotor_xlink,6.6,pulse_06,5,0.003352614423052429,0.0022413657196799362,0.0010023692223284151,5,1898.0,33.734255586866,15.086417732516885,5,0.0006363378845391195,0.0009442188505642434,0.0004222675070996728,5,0.15823506619869887,0.014973708151437658,0.006696445860371464,5,0.8909745323774612,0.0033431032520228458,0.0014950812254647388,5
large_long,nomotor_xlink,6.65,pulse_06,5,0.0019718819989886483,0.001805809878691542,0.0008075827286389874,5,1897.2,33.66303610787357,15.05456741324705,5,0.0008475297208210784,0.0013748169917934413,0.0006148368500543811,5,0.15760747635498737,0.014996837404382844,0.006706789576742308,5,0.890735339775756,0.004438822517429828,0.001985101777805968,5
large_long,nomotor_xlink,6.7,pulse_06,5,0.002211925922580171,0.0012415636631768123,0.0005552441498514009,5,1896.4,33.50820794969495,14.985326155943351,5,0.0008477617092402165,0.0013748653691854924,0.0006148584850818211,5,0.15739541713646849,0.014729672585896001,0.006587309837675713,5,0.8905362628763971,0.0039034758909185976,0.0017456874881251075,5
large_long,nomotor_xlink,6.75,pulse_06,5,0.0025964527003697964,0.0018953836281797305,0.0008476413272100127,5,1895.2,34.105717995667526,15.252540771950093,5,0.0006386026998487399,0.000947355239797504,0.0004236701430055666,5,0.15721154086294703,0.013914489671687869,0.00622274895562256,5,0.8895708212537372,0.004107574643636402,0.0018369632251650937,5
large_long,nomotor_xlink,6.8,pulse_06,5,0.0017598257029166988,0.0011543128742882466,0.0005162244108423377,5,1894.4,34.739027044521556,15.535765188750762,5,0.0004217214326523989,0.0005774691972161345,0.0002582520759775018,5,0.1571440741285888,0.0158592418600686,0.007092468574144719,5,0.8898520090604339,0.003956877584408772,0.0017695694514766353,5
large_long,nomotor_xlink,6.85,pulse_06,5,0.0021185433308272533,0.0011948764852371737,0.0005343650091412689,5,1894.4,34.739027044521556,15.535765188750762,5,0.0004219484403931064,0.0005777852692034361,0.00025839342766737974,5,0.15720785691033293,0.015365024525154125,0.00687144786283921,5,0.8894899770762483,0.004365031279022761,0.001952101332761549,5
large_long,nomotor_xlink,6.9,pulse_06,5,0.002392133353816946,0.002406577637909133,0.0010762542382991393,5,1893.2,33.89985250705377,15.16047492659778,5,0.0,0.0,0.0,5,0.15742040775830995,0.01594068574915114,0.007128891388612822,5,0.890085368268139,0.004253872031756734,0.0019023894061186402,5
large_long,nomotor_xlink,6.95,pulse_06,5,0.003110674358867153,0.0020603311032294726,0.0009214080805956474,5,1893.2,33.89985250705377,15.16047492659778,5,0.00021164021164021162,0.00047324189999995537,0.00021164021164021157,5,0.15700888512456507,0.01525576247329693,0.006822584387776451,5,0.8889944237464249,0.004188958322796337,0.0018733591129372232,5
large_long,nomotor_xlink,7.0,pulse_06,5,0.0038853226964478795,0.0015575296121266267,0.0006965484179368036,5,1893.2,33.89985250705377,15.16047492659778,5,0.00042372881355932213,0.0009474864311439789,0.00042372881355932213,5,0.15775714082610004,0.015369175681054982,0.006873304316195113,5,0.8893492907534231,0.0029251376724828146,0.001308161335843418,5
large_long,nomotor_xlink,7.05,pulse_07,5,0.004150788132360717,0.0019483561005597559,0.000871331337045606,5,2009.2,50.70700148894628,22.676860452893386,5,0.00020060180541624874,0.00044855927331991766,0.0002006018054162487,5,0.14953948456673496,0.013556700669035094,0.00606274084931587,5,0.8871626378440938,0.003306891187440415,0.0014788866978623532,5
large_long,nomotor_xlink,7.1,pulse_07,5,0.0034563039009065355,0.00123116937227336,0.0005505956816437955,5,2009.2,50.70700148894628,22.676860452893386,5,0.00040654605249567223,0.0005567340183886674,0.0002489790221007356,5,0.15001544508223855,0.012947028299318545,0.005790087076777952,5,0.8878404370001238,0.0026975413335999826,0.0012063771588089996,5
large_long,nomotor_xlink,7.15,pulse_07,5,0.0037885324686407706,0.0015994512787126383,0.0007152963571800843,5,2009.2,50.70700148894628,22.676860452893386,5,0.0006112794234860639,0.0009157124398667158,0.000409519052676833,5,0.15112215227235068,0.012452852954873249,0.005569085144181141,5,0.888383299834369,0.003202856833869788,0.0014323611205465192,5
large_long,nomotor_xlink,7.2,pulse_07,5,0.0029066013775862487,0.0023790634787291777,0.0010639495322451132,5,2008.4,50.52524121664339,22.59557478799776,5,0.00041109969167523125,0.0009192468561150214,0.0004110996916752312,5,0.1508698639670552,0.01257275630138187,0.005622707550885738,5,0.8887011640125297,0.003006057624227416,0.0013443498384108042,5
large_long,nomotor_xlink,7.25,pulse_07,5,0.002369102121467866,0.0017069362759845861,0.0007633651092723752,5,2007.2,50.96273148095577,22.791226382097125,5,0.000205761316872428,0.0004600962916666234,0.00020576131687242798,5,0.15130348473051028,0.01259187482533576,0.00563125761472381,5,0.889027737293633,0.004117466800953863,0.0018413871324062868,5
large_long,nomotor_xlink,7.3,pulse_07,5,0.001737408777599055,0.0016189808794197017,0.0007240302601309686,5,2006.4,51.25231702079429,22.920732972573106,5,0.0003978837570040203,0.0005449066088126969,0.00024368964373881524,5,0.1513643643845773,0.01289142492430081,0.005765220491514338,5,0.8886806203794293,0.0036595948590524437,0.0016366205749900051,5
large_long,nomotor_xlink,7.35,pulse_07,5,0.0031474023868711077,0.0012764774891946254,0.0005708580875174871,5,2006.4,51.25231702079429,22.920732972573106,5,0.00020161290322580645,0.00045082015675398994,0.00020161290322580648,5,0.15113266947612547,0.013521534451135223,0.006047014038568733,5,0.8882454163122417,0.0034204118401357283,0.0015296546771177263,5
large_long,nomotor_xlink,7.4,pulse_07,5,0.0037187090205562435,0.0014827520389321248,0.0006631068705657291,5,2006.4,51.25231702079429,22.920732972573106,5,0.0004032258064516129,0.0009016403135079799,0.00040322580645161296,5,0.15129546887168452,0.013885877698796519,0.006209953292351473,5,0.8879504963116936,0.003973839347232637,0.0017771549824151132,5
large_long,nomotor_xlink,7.45,pulse_07,5,0.003907848953051149,0.002077221895667101,0.0009289618726125227,5,2006.0,51.478150704935004,23.021728866442675,5,0.0004082146959373265,0.0005590296770046102,0.0002500056718444119,5,0.1522691412517309,0.013844025786719128,0.006191236548272795,5,0.8888644438014678,0.0034010734398984494,0.0015210062816163957,5
large_long,nomotor_xlink,7.5,pulse_07,5,0.002624346287439216,0.0019705946566677705,0.0008812767216813987,5,2006.0,51.478150704935004,23.021728866442675,5,0.0004030252271458302,0.0005518679382721923,0.00024680284491585593,5,0.1519916587323583,0.013284556620945492,0.005941034331075805,5,0.8880000825178964,0.0033022180161839955,0.0014767967921423828,5
large_long,nomotor_xlink,7.55,pulse_07,5,0.0022040363138776738,0.0008645163291480857,0.0003866234559267405,5,2005.2,51.41206084179081,22.992172581119863,5,0.0010155905681275756,0.0012615025786694987,0.000564161103939255,5,0.1518729180348461,0.013098805365781889,0.00585796384438546,5,0.8893213537048531,0.0036699054791027794,0.0016412316244545496,5
large_long,nomotor_xlink,7.6,pulse_07,5,0.0012626561197638607,0.0007820300370509746,0.00034973446465853163,5,2004.8,51.11946791585375,22.861321046693693,5,0.0006086032807868703,0.000916154308705979,0.0004097166624291793,5,0.15245702552417698,0.012812290301814773,0.005729830412463826,5,0.8892897075101065,0.0036862266006223252,0.0016485306518918975,5
large_long,nomotor_xlink,7.65,pulse_07,5,0.0014858555038474702,0.001262833679777737,0.0005647563904518443,5,2004.4,51.27182462132589,22.92945703674642,5,0.0006102102551939649,0.0009063848248733721,0.0004053476164382204,5,0.15252851948644788,0.012337554242052117,0.005517521992263885,5,0.8894429302857596,0.002458154026238182,0.0010993199003666752,5
large_long,nomotor_xlink,7.7,pulse_07,5,0.0018843946396060868,0.0011522582699861992,0.0005153055638650894,5,2004.0,50.99019513592785,22.80350850198276,5,0.0,0.0,0.0,5,0.1527126783914956,0.012805310686056922,0.005726709033405549,5,0.8893268330068137,0.002459021669407507,0.00109970792218804,5
large_long,nomotor_xlink,7.75,pulse_07,5,0.0016144666658739776,0.0013273971976814842,0.0005936300734317049,5,2003.6,51.58294291720859,23.06859336847394,5,0.00020597322348094748,0.00046057012924815443,0.00020597322348094748,5,0.15212805325969617,0.013957472420575785,0.0062419714252971974,5,0.8892887543121846,0.0024921552105635946,0.0011145256922600998,5
large_long,nomotor_xlink,7.8,pulse_07,5,0.002972519147635655,0.0019160631752062611,0.0008568895017890579,5,2003.6,51.58294291720859,23.06859336847394,5,0.0006185567010309279,0.0013831348314431691,0.0006185567010309279,5,0.1528694079781915,0.014582412055702055,0.006521452926492448,5,0.8895820214635561,0.0026423041416240045,0.001181674335580101,5
large_long,nomotor_xlink,7.85,pulse_07,5,0.002342377722455543,0.0016800927630976233,0.0007513603253583471,5,2003.2,52.184288823361385,23.337523433303712,5,0.0,0.0,0.0,5,0.15222351729286449,0.014343583974022992,0.006414645761378397,5,0.8886748036413923,0.0035185405313145086,0.0015735391619214937,5
large_long,nomotor_xlink,7.9,pulse_07,5,0.0027804847657152483,0.0021406350906436537,0.0009573211155401267,5,2002.0,51.43928459844674,23.004347415216976,5,0.0004123711340206186,0.0009220898876287792,0.0004123711340206185,5,0.1526795179518859,0.014339258036476153,0.006412711143294167,5,0.8897664550038961,0.003117217496733711,0.0013940620446696611,5
large_long,nomotor_xlink,7.95,pulse_07,5,0.0018442026764575441,0.0010156545991706917,0.00045421454508119365,5,2001.6,52.04613338183731,23.275738441561845,5,0.00020682523267838678,0.0004624752797310838,0.00020682523267838678,5,0.15231018586199002,0.014104611083897095,0.006307773835958179,5,0.890346071094495,0.003557524863588608,0.0015909734853259588,5
large_long,nomotor_xlink,8.0,pulse_07,5,0.003373696263960172,0.0031151089806838307,0.001393119087625825,5,2001.2,52.28001530221658,23.380333616097097,5,0.00040424549692168795,0.0005535370036072397,0.00024754927362546686,5,0.15319007122719128,0.012917949151903823,0.005777082486708541,5,0.8899246554816929,0.0032906242101315556,0.001471611884452142,5
large_long,rotatable_xlink,0.0,initial,5,0.1381509529303678,0.060563167343286456,0.02708467182245677,5,472.4,21.789905919943756,9.744742172063866,5,0.24013829467444933,0.032923311142298836,0.01472375235171129,5,0.4760480523065011,0.07045944133610946,0.03151042009683987,5,0.9331333404036553,0.01221824511319454,0.00546416532777152,5
large_long,rotatable_xlink,0.05,initial,5,0.10935700144616407,0.046317624301833164,0.02071387129903904,5,530.8,29.549957698785292,13.215142829345433,5,0.22689063502425721,0.03842000144835726,0.01718194698683344,5,0.45822753550594186,0.07456271704134286,0.03334546077830493,5,0.9425535587544918,0.008472804478072853,0.003789153354607105,5
large_long,rotatable_xlink,0.1,initial,5,0.07724946592326566,0.032923164774360844,0.014723686893979474,5,576.0,27.018512172212592,12.083045973594572,5,0.2130190940945677,0.03888292069442664,0.01738897076729426,5,0.44023881721484875,0.06592689368746835,0.0294834031661162,5,0.9468162254923931,0.009316518354494577,0.004166473670854871,5
large_long,rotatable_xlink,0.15000000000000002,initial,5,0.052180779780131824,0.031596139076983956,0.014130222960534717,5,620.0,34.95711658589707,15.633297796690242,5,0.2002854829672132,0.03972060539201439,0.017763594752797773,5,0.4321533350590741,0.05475423760986515,0.024486839470366815,5,0.9454100592231148,0.011952119807805663,0.005345150473095037,5
large_long,rotatable_xlink,0.2,initial,5,0.050100441007396655,0.020866807580196697,0.009331920044545541,5,668.0,31.400636936215164,14.042791745233567,5,0.19679096127883722,0.0358586063746317,0.016036456286416756,5,0.42288786894858427,0.050130879817500695,0.02241921100876076,5,0.9447835819435492,0.008962835137302847,0.0040083017276265655,5
large_long,rotatable_xlink,0.25,initial,5,0.06740199682836194,0.015190471499712243,0.00679338537672595,5,713.6,31.22178726466504,13.962807740565648,5,0.18209200639623907,0.038518871631421016,0.017226163076889123,5,0.412478209763386,0.041277057778059935,0.018459661420585687,5,0.9473262764775976,0.0031688997503074947,0.0014171750511139335,5
large_long,rotatable_xlink,0.30000000000000004,initial,5,0.07857883086285827,0.020645151416972214,0.009232792394825195,5,756.8,40.43760625952036,18.084247288731703,5,0.17128888027036457,0.03403452478038271,0.015220702198167369,5,0.40038318463618083,0.038010360582302866,0.01699875002226154,5,0.9487378133515708,0.00626128432532653,0.0028001314755768058,5
large_long,rotatable_xlink,0.35000000000000003,initial,5,0.0801321263617619,0.036476985064892546,0.01631300364386886,5,796.0,42.30839160261236,18.920887928424502,5,0.16008388501821033,0.03025136127491012,0.013528820044520745,5,0.38909791951517275,0.031406959625566666,0.01404561933787168,5,0.9470833309523762,0.005618701714582311,0.0025127597958201336,5
large_long,rotatable_xlink,0.4,initial,5,0.06933496726160462,0.024472912334453516,0.010944619117446226,5,833.6,45.790828776076985,20.478281177872326,5,0.15144209135809197,0.023098062897259637,0.010329767757367657,5,0.37725145372491664,0.027425522832599372,0.012265066674432955,5,0.9491420270165275,0.0032491132896442215,0.0014530476364484884,5
large_long,rotatable_xlink,0.45,initial,5,0.053237389283955716,0.015561836584965046,0.0069594648917450045,5,872.8,46.09989154000257,20.61649824776264,5,0.14193646126096332,0.022661221271774258,0.010134406243370295,5,0.3693073304716014,0.02291604878051513,0.010248368569786597,5,0.9502214780931677,0.005258847192358687,0.0023518279610795874,5
large_long,rotatable_xlink,0.5,initial,5,0.040421357150022215,0.014245920063038346,0.006370969132596366,5,906.0,41.54515615568198,18.579558659989747,5,0.13906602897919793,0.0254636696511269,0.01138769925930362,5,0.367340954267963,0.02997189691801738,0.01340383978466066,5,0.9492849541993177,0.0019436520421589935,0.0008692276181747593,5
large_long,rotatable_xlink,0.55,initial,5,0.03641601336599378,0.019490076034947245,0.008716226980156321,5,932.4,40.5807836296935,18.148278155241062,5,0.13390275111313035,0.02594600860709046,0.01160340779804978,5,0.3622460926374217,0.03179443773555462,0.014218904816616921,5,0.9491021720247579,0.0036018844230336624,0.0016108116834001756,5
large_long,rotatable_xlink,0.6000000000000001,initial,5,0.03267128257635994,0.021243378874675225,0.009500327847111358,5,967.2,41.19708727568006,18.423897524682445,5,0.12730370085501436,0.025466696338626506,0.011389052835102774,5,0.35829415562681743,0.032902234266235966,0.014714326486185305,5,0.9460368021672231,0.0061679975740541555,0.002758412372127777,5
large_long,rotatable_xlink,0.65,initial,5,0.01873624496644588,0.012835496109568334,0.005740208365185777,5,998.4,41.53071152773571,18.573098825990236,5,0.1269986437253871,0.02698283885913267,0.012067092382988703,5,0.3508815294265966,0.034371402409041706,0.015371358453723456,5,0.9460372504287005,0.0032102089571943923,0.0014356490900530746,5
large_long,rotatable_xlink,0.7000000000000001,initial,5,0.023330226374509582,0.01392661573801873,0.0062281718973456555,5,1026.4,40.997560903058606,18.33466661818534,5,0.12468784430405552,0.024638032049207843,0.011018462898769435,5,0.3509152186551416,0.03487589501663238,0.01559697440666723,5,0.94715925687991,0.003490249941342609,0.0015608872254613453,5
large_long,rotatable_xlink,0.75,initial,5,0.023185088873440736,0.015591098023198306,0.006972551004746801,5,1045.2,41.41497313774331,18.52133904446436,5,0.11933892720741193,0.026536863440675983,0.011867646112596091,5,0.3480284046905823,0.03835472508054624,0.0171527545076835,5,0.9458678299256782,0.004542265618425895,0.0020313629389320845,5
large_long,rotatable_xlink,0.8,initial,5,0.013121367252527202,0.011566889860944339,0.005172870403464926,5,1068.8,49.266621560646925,22.03270296627266,5,0.11702304647956821,0.025377569063010627,0.01134919390571748,5,0.3476298192602541,0.042211548651879455,0.018877578444228413,5,0.9452832281024977,0.003287674584379311,0.0014702927717141015,5
large_long,rotatable_xlink,0.8500000000000001,initial,5,0.011667964949556369,0.015162837635630777,0.0067810271370125205,5,1090.0,43.54308211415448,19.473058311420935,5,0.1138123367229189,0.023398595576596307,0.010464170057459045,5,0.3488084314346338,0.03983771483186985,0.017815967686462517,5,0.9431445804296862,0.0037362032674889654,0.0016708808967724313,5
large_long,rotatable_xlink,0.9,initial,5,0.015021619297579215,0.014507005344038544,0.006487730019844581,5,1115.6,41.19223227745736,18.421726303471125,5,0.11405938783541636,0.02648589687196289,0.011844853170151612,5,0.34571666053396993,0.04273180235902248,0.019110242975172026,5,0.9434039019247782,0.0044793384957782225,0.002003221074158352,5
large_long,rotatable_xlink,0.9500000000000001,initial,5,0.011820642813261745,0.011360631324068483,0.005080628781586114,5,1131.2,40.23928428786973,17.995555006723187,5,0.11456859691572878,0.02552198792097265,0.011413779982444673,5,0.34873273310298175,0.0432925596144151,0.01936102124355885,5,0.942723858791474,0.007035007780509683,0.0031461511238919143,5
large_long,rotatable_xlink,1.0,initial,5,0.011151302875854854,0.010684902058449578,0.0047784334671241374,5,1147.6,40.973161947792114,18.32375507367417,5,0.1147363148848591,0.024218921743433996,0.010831031072013227,5,0.3465308441720605,0.042675882885066053,0.019085235026165506,5,0.9429541228227383,0.010753468101197962,0.004809097133630846,5
large_long,rotatable_xlink,1.05,pulse_01,5,0.03153093145985771,0.025893977306523056,0.011580138693044492,5,1281.2,55.580572145309915,24.856387509048858,5,0.10374705634901678,0.02593499673880541,0.01159848314084085,5,0.31384367094536786,0.042444870037571455,0.018981922940030763,5,0.9440053826354214,0.014582657453872667,0.0065215626718906575,5
large_long,rotatable_xlink,1.1,pulse_01,5,0.016784239887950022,0.011929904458897179,0.005335215467034388,5,1293.2,53.26537336769545,23.820999139414784,5,0.10609263461410552,0.032323950324456854,0.01445571004536238,5,0.314381443831625,0.047869243570613985,0.021407776531077526,5,0.9445369178679961,0.015587694849186583,0.0069710290590609065,5
large_long,rotatable_xlink,1.15,pulse_01,5,0.010821087298347128,0.008484282289878905,0.0037942863880933613,5,1305.2,60.39205245725633,27.00814691903167,5,0.10830572186807316,0.03275144139792881,0.01464688986537391,5,0.31517190947756346,0.04586102378168486,0.020509673338716367,5,0.9459554393195038,0.01611434693555762,0.007206555032184451,5
large_long,rotatable_xlink,1.2,pulse_01,5,0.015231475973934752,0.008659987302214098,0.0038728640584071478,5,1317.2,62.02580108309767,27.738781516137294,5,0.11008888618763528,0.03784518348569486,0.016924880578993228,5,0.31565431222511237,0.047573071175068746,0.021275324209177902,5,0.9439516887303963,0.015164751514993859,0.006781883049883837,5
large_long,rotatable_xlink,1.25,pulse_01,5,0.015597801295401007,0.017617595358381793,0.007878828164285291,5,1327.6,65.86956808724344,29.457766378325424,5,0.108650954022695,0.03636445588626749,0.01626267906529729,5,0.31609754195752765,0.05191831713402566,0.023218577277814685,5,0.9438892776757835,0.01655259521133144,0.007402545619314918,5
large_long,rotatable_xlink,1.3,pulse_01,5,0.016251367504684623,0.011539443097334108,0.005160595837625957,5,1341.6,71.04083332844569,31.77042650012744,5,0.10643007958131759,0.03437816494785276,0.015374382753019855,5,0.31363461540527093,0.05115427587383682,0.022876887638735317,5,0.9440526139975208,0.012336979013598783,0.005517264742279036,5
large_long,rotatable_xlink,1.35,pulse_01,5,0.0038711819537425793,0.006716756392971298,0.0030038247765980224,5,1348.8,73.89993234097038,33.049054449408985,5,0.10746922385524846,0.032970392708020865,0.014744807867999605,5,0.31309446915032885,0.049939567795274635,0.022333653671438677,5,0.943071169161757,0.01160817612904262,0.0051913341838659335,5
large_long,rotatable_xlink,1.4,pulse_01,5,0.010533744674812325,0.009337728332814089,0.004175959061519617,5,1358.4,72.76537638190295,32.541665599658536,5,0.10721495633424949,0.03255344579000905,0.014558343537662916,5,0.3111314255708008,0.04951860479508387,0.022145393294550914,5,0.9441825916806049,0.012911447450643106,0.005774174837510869,5
large_long,rotatable_xlink,1.45,pulse_01,5,0.015890946265172148,0.00909688873845823,0.004068252320588981,5,1368.8,73.19289583012821,32.73285810924551,5,0.10886206353303574,0.03391994659699436,0.015169461276808412,5,0.3160588620484801,0.052758230148461205,0.023594197796907614,5,0.9441155418204111,0.0123916008270707,0.00554169235987454,5
large_long,rotatable_xlink,1.5,pulse_01,5,0.015269589691247323,0.011120267479382547,0.004973134802375923,5,1375.2,71.98055292924612,32.19068188156319,5,0.10759777428696704,0.030240587712413673,0.013524001960900365,5,0.3191166081616165,0.05763767699236819,0.02577635276402218,5,0.9438954414760492,0.01402955523375293,0.0062742078393519,5
large_long,rotatable_xlink,1.55,pulse_01,5,0.012309238249604674,0.007143713096922683,0.003194765619294932,5,1379.2,71.86932586298553,32.140939625343876,5,0.10751843101413401,0.028465945673190853,0.012730357913814152,5,0.3191998576733087,0.059404069941945595,0.026566307706068465,5,0.9449388044994557,0.013080145501557365,0.005849618899414069,5
large_long,rotatable_xlink,1.6,pulse_01,5,0.008217286315115728,0.009860412115040433,0.004409710355078577,5,1385.2,73.39754764295603,32.824381182285826,5,0.10757288494926427,0.028881216182582693,0.012916072531424376,5,0.3216130727931436,0.06016045449470967,0.026904573161490718,5,0.9441973300110533,0.013758820663260975,0.006153131658656057,5
large_long,rotatable_xlink,1.65,pulse_01,5,0.01348229945232179,0.01183419261446932,0.005292411828955871,5,1391.6,77.86398397205218,34.821832232092554,5,0.10907481833591648,0.030341638762687778,0.013569193364422496,5,0.32369366982599407,0.06288554813625047,0.02812327208699825,5,0.942866145091158,0.014669976275175663,0.006560612835920388,5
large_long,rotatable_xlink,1.7000000000000002,pulse_01,5,0.012988359468625074,0.006637572949493254,0.002968412864136139,5,1398.4,73.78888805233481,32.999393933828536,5,0.10909407904658175,0.03295646936759291,0.01473858116086545,5,0.3212565649777347,0.06450382133930778,0.028846985864638745,5,0.9439335200473964,0.015797570617080647,0.007064888355829125,5
large_long,rotatable_xlink,1.75,pulse_01,5,0.009260768298096581,0.004286710704597288,0.001917075307071111,5,1400.0,78.2815431631237,35.0085703792657,5,0.10672089503579082,0.03524440377358773,0.015761776532838452,5,0.31958700477094004,0.06480437661421898,0.028981398269778257,5,0.9435612875791339,0.014226862278897497,0.006362446232428475,5
large_long,rotatable_xlink,1.8,pulse_01,5,0.006552060465066875,0.0046348546587579335,0.002072770016562866,5,1408.0,74.92663077971676,33.50820794969495,5,0.10533171992501326,0.03392919774544694,0.015173598516170393,5,0.3175261754885852,0.06382607252474187,0.02854388738043089,5,0.942697354662933,0.01588412406719861,0.007103596235459306,5
large_long,rotatable_xlink,1.85,pulse_01,5,0.009800706800824536,0.014745385134051098,0.00659433670283062,5,1411.2,74.47952738840387,33.30825723450568,5,0.10696537887019184,0.03316994730820816,0.014834051398247922,5,0.31936524657077303,0.06135592443174463,0.02743920357034423,5,0.943337367460583,0.01534111005269507,0.006860752985626311,5
large_long,rotatable_xlink,1.9,pulse_01,5,0.01446875134289254,0.016640063130309718,0.007441662461852094,5,1417.2,77.82801552140462,34.805746651953896,5,0.10818141603143856,0.030750437000367014,0.013752013494129073,5,0.32067719114340243,0.05723487768771955,0.025596215438725377,5,0.9442500830246494,0.014791867919946885,0.00661512443663993,5
large_long,rotatable_xlink,1.9500000000000002,pulse_01,5,0.013050341637552832,0.012242199977734191,0.005474878268872012,5,1416.4,78.49076378784959,35.10213668710211,5,0.1072457486179876,0.030417202872773195,0.01360298666178455,5,0.3227017098495993,0.05933427128288774,0.026535092796790127,5,0.944183628869389,0.013142143302587679,0.005877345158925927,5
large_long,rotatable_xlink,2.0,pulse_01,5,0.016609131585874425,0.005413065803221617,0.0024207966205366067,5,1417.6,79.20101009456887,35.41976849162061,5,0.10657358103062624,0.02823294951602553,0.012626158864630574,5,0.32432873817652463,0.05797509300465574,0.02592724979205655,5,0.9459115576513136,0.010748548469928102,0.004806897007642118,5
large_long,rotatable_xlink,2.05,pulse_02,5,0.01920947945206546,0.017806581469103265,0.007963345322360593,5,1544.4,95.47146170453243,42.69613565652049,5,0.09717427261303022,0.02446938298380461,0.010943040743852748,5,0.3003943398781578,0.05941525539009349,0.026571309990551965,5,0.9446591902666025,0.011565148692912905,0.005172091729449219,5
large_long,rotatable_xlink,2.1,pulse_02,5,0.01659806950909119,0.01862271444061411,0.008328331082956024,5,1540.8,93.83602719638124,41.96474710992549,5,0.09543746224512827,0.022765410809123355,0.010181001220981662,5,0.30262206772018907,0.06041999028946762,0.027020641097425357,5,0.9433007407055074,0.011237946946617536,0.005025762660034602,5
large_long,rotatable_xlink,2.15,pulse_02,5,0.02161394295178695,0.01667676918466438,0.007458077908396659,5,1536.0,93.12357381458253,41.646128271425184,5,0.09572415316057178,0.02211224523249698,0.009888896695001778,5,0.30499640199783207,0.06676281682038383,0.02985723935594892,5,0.943701509643905,0.010441203750975552,0.004669448270821424,5
large_long,rotatable_xlink,2.2,pulse_02,5,0.016915032700186038,0.010763316691535406,0.0048135015571262605,5,1532.0,90.87353850269065,40.63988188959215,5,0.09421897732210358,0.02116024842514478,0.00946315077988132,5,0.3068946967091625,0.07134832886679116,0.03190794268543111,5,0.9411500416026449,0.011178204669123093,0.004999045101312956,5
large_long,rotatable_xlink,2.25,pulse_02,5,0.007482735075056457,0.004881653218765024,0.002183141687947849,5,1530.4,90.67965593229829,40.553174968182205,5,0.09180772834037093,0.021780610784444817,0.009740585261096725,5,0.3089425806233069,0.07230703303636395,0.03233668822412656,5,0.9422457042163854,0.008276609416211484,0.0037014122555727455,5
large_long,rotatable_xlink,2.3,pulse_02,5,0.017983479753715455,0.0036411063257420933,0.0016283522515327625,5,1528.0,90.82951062292474,40.6201920231798,5,0.09013916184760566,0.02179644026410012,0.009747664419608268,5,0.310974819828606,0.07211992583565321,0.03225301134015278,5,0.9399411459167795,0.009981306681411756,0.004463776048781904,5
large_long,rotatable_xlink,2.35,pulse_02,5,0.020232296251720298,0.0056202064425884025,0.0025134327306419874,5,1524.4,90.54722524738128,40.49395016542595,5,0.0917175926555019,0.019449387027872248,0.008698030303004988,5,0.31239991494596053,0.07392118571358618,0.033058559246593,5,0.940392886036322,0.009986567868789768,0.004466128923305824,5
large_long,rotatable_xlink,2.4,pulse_02,5,0.007295776749476552,0.008096999599915817,0.0036210883038400735,5,1522.8,89.59464269698273,40.0679422980517,5,0.08926024909683732,0.020203102247826746,0.009035101996503881,5,0.3132433559808402,0.07305114054167036,0.032669463217013146,5,0.9406467096549044,0.009120501604408651,0.004078812315270728,5
large_long,rotatable_xlink,2.45,pulse_02,5,0.007778117270811865,0.009095534973628371,0.004067646898551959,5,1519.2,89.99555544581077,40.24723592993685,5,0.08592296981820535,0.019838973053347107,0.008872258470214138,5,0.31332486615038857,0.07045464617566914,0.03150827563589836,5,0.9401078881038842,0.008797071763258847,0.003934170093118143,5
large_long,rotatable_xlink,2.5,pulse_02,5,0.010194009723895607,0.013454497438240195,0.006017034175000371,5,1516.4,90.93294232565006,40.66644808684427,5,0.08473375914882988,0.018983618728912993,0.008489732387357521,5,0.3129482304611329,0.07087524076433573,0.03169637125414376,5,0.9396882620879806,0.008455542278937947,0.0037814334644657474,5
large_long,rotatable_xlink,2.55,pulse_02,5,0.014303964088356111,0.02296406604924882,0.010269842545183077,5,1515.2,89.09096474951879,39.842690672192305,5,0.08610303502606043,0.019911811120914467,0.008904832644300207,5,0.31188593050375435,0.07174958651956957,0.03208739056305202,5,0.9401139811360351,0.0076487538116433535,0.003420626693199032,5
large_long,rotatable_xlink,2.6,pulse_02,5,0.014226553244771964,0.019968319973048,0.008930104171240419,5,1511.6,89.61473093191766,40.07692602982419,5,0.08454549818505282,0.0216118521401717,0.009665114101019646,5,0.31556165000080494,0.07002030816925574,0.031314033774387934,5,0.9404527077530099,0.00834926717908655,0.003733905794949087,5
large_long,rotatable_xlink,2.65,pulse_02,5,0.011648530348961945,0.010391742141992054,0.004647328366828701,5,1509.2,88.75359147662702,39.69181275779679,5,0.08509962976748071,0.020444861577649028,0.009143220055639363,5,0.3160617341341764,0.06729940829212173,0.030097210357339442,5,0.9413859520824698,0.007964170342286265,0.003561685253947971,5
large_long,rotatable_xlink,2.7,pulse_02,5,0.009738648641673139,0.009601936293518902,0.004294116453586128,5,1507.6,88.3334591194073,39.503923855738684,5,0.08262367589469413,0.021740376546884568,0.009722591963055208,5,0.3180392146388048,0.06722956810376084,0.030065976875592173,5,0.941881115821334,0.00685467084477369,0.0030655019944599757,5
large_long,rotatable_xlink,2.75,pulse_02,5,0.010724275010104747,0.003528847396980603,0.0015781485323743626,5,1504.0,88.17028978062848,39.43095230906806,5,0.0783544978529184,0.02244730868945396,0.010038741628308152,5,0.31961564738238274,0.06976722612573347,0.031200852043747864,5,0.9414811266428327,0.007066221050120435,0.003160110122421848,5
large_long,rotatable_xlink,2.8,pulse_02,5,0.007112544459554189,0.0063801696510061515,0.002853298609526173,5,1499.6,85.5382955172711,38.25388869121674,5,0.07673463241191023,0.0234102721723766,0.01046939198984115,5,0.3181895412102095,0.07304416485729373,0.032666343596122,5,0.9402786846794638,0.008006356067006101,0.0035805512835787004,5
large_long,rotatable_xlink,2.85,pulse_02,5,0.007503574537637443,0.009302017767762662,0.004159988811325632,5,1496.8,86.08832673481348,38.499870129651086,5,0.07700892071900052,0.020486397012891466,0.00916179526697479,5,0.31846368873869285,0.0730770950676175,0.032681070433881465,5,0.938757081034035,0.009516393289441318,0.004255860459162724,5
large_long,rotatable_xlink,2.9,pulse_02,5,0.006967517916322381,0.0036860121780041945,0.0016484347591818867,5,1496.0,85.46344247688599,38.22041339389201,5,0.0785996528565219,0.019186230488543673,0.00858034312087253,5,0.3176351878973731,0.07439215821118235,0.033269184550624574,5,0.9393124878032297,0.008262759093794706,0.0036952182030859045,5
large_long,rotatable_xlink,2.95,pulse_02,5,0.0056168721984487,0.0031853795973116475,0.00142454506274595,5,1495.6,84.5387485121468,37.806877681183884,5,0.0795354544383875,0.017275013072226033,0.0077256207083389785,5,0.31552962131644813,0.07208920874900425,0.03223927424138921,5,0.9401163248900761,0.00735011704924233,0.0032870722729372035,5
large_long,rotatable_xlink,3.0,pulse_02,5,0.008182979881611305,0.005554710751192395,0.002484142167003023,5,1494.8,85.2596035646425,38.1292538610448,5,0.07717231527982064,0.016032592564539528,0.007169993365973614,5,0.31496803845156623,0.07411882010503022,0.03314694403338513,5,0.9382907120478012,0.006406776074699436,0.002865197363929442,5
large_long,rotatable_xlink,3.05,pulse_03,5,0.008284317580472855,0.011352770847973615,0.005077113469809386,5,1615.2,74.02161846379745,33.103474137920934,5,0.07234125826431441,0.015289081199218842,0.006837484974993467,5,0.2924844617756271,0.07094781241796855,0.031728826284296276,5,0.9375739331787937,0.007941423103036855,0.0035515123792955443,5
large_long,rotatable_xlink,3.1,pulse_03,5,0.010188101223213897,0.009896591597599327,0.0044258903115570675,5,1613.6,74.28862631654997,33.222883679777105,5,0.07188708363236485,0.015406075782779081,0.006889806543361462,5,0.29284593269230075,0.07007691589822065,0.03133934952039142,5,0.9354575150699798,0.00829591858053189,0.0037100475763745732,5
large_long,rotatable_xlink,3.15,pulse_03,5,0.008789972009483296,0.006128348541582332,0.0027406807857579584,5,1611.6,74.50369118372593,33.31906361229259,5,0.07302477242399112,0.01640976270299128,0.007338668979705839,5,0.29369467926323345,0.07282810595072904,0.032569719115677416,5,0.9361467713219171,0.008663981272695702,0.0038746502163065463,5
large_long,rotatable_xlink,3.2,pulse_03,5,0.006687737514883554,0.007167244454483601,0.0032052891623167456,5,1609.2,75.34719636456289,33.69629059703753,5,0.07434384058743065,0.014484522915259137,0.006477675572034571,5,0.29523134016364205,0.07354303641359258,0.03288944573850707,5,0.9376970534780762,0.006601847195682251,0.0029524358213223736,5
large_long,rotatable_xlink,3.25,pulse_03,5,0.00926438390026654,0.008589514317217923,0.0038413475814013938,5,1606.8,75.36046708984759,33.70222544580699,5,0.07309940072977084,0.011336400560614338,0.005069792454740076,5,0.29692128447011984,0.07423460434803368,0.033198724321000954,5,0.936277462784382,0.0048573574840267255,0.0021722763050602213,5
large_long,rotatable_xlink,3.3,pulse_03,5,0.016455792386511015,0.015274819217570127,0.00683110682290139,5,1604.8,75.92891412367229,33.95644268765502,5,0.07157937012785773,0.007650398080745421,0.003421362032696137,5,0.29763822880022106,0.07208792359651602,0.03223869950372418,5,0.9370860088794437,0.0065839981750742795,0.00294445349664013,5
large_long,rotatable_xlink,3.35,pulse_03,5,0.025885452146094397,0.024441083502957314,0.010930384831272247,5,1602.8,74.21051138484358,33.18794962030646,5,0.07396915057564227,0.008978871241584906,0.004015473291480357,5,0.30078595152442816,0.07035382795953146,0.03146318835896753,5,0.9384278398427313,0.0038268307679057627,0.001711410747085001,5
large_long,rotatable_xlink,3.4,pulse_03,5,0.02280371630404026,0.02307277290600831,0.010318457729449988,5,1601.2,74.84116514325521,33.46998655512129,5,0.07700371566761358,0.008996884351216095,0.004023528999004656,5,0.30530644123030215,0.07254210655443394,0.03244181629734946,5,0.938759706073952,0.00475268550649943,0.0021254655736421485,5
large_long,rotatable_xlink,3.45,pulse_03,5,0.01290726926368516,0.015342234743190802,0.0068612559625067324,5,1600.0,75.27283706623525,33.66303610787357,5,0.07919589777762265,0.013474141966580101,0.006025819475151161,5,0.30533954536736,0.07293302455175503,0.03261664014047708,5,0.9405204013221711,0.006037962744404635,0.0027002590284199903,5
large_long,rotatable_xlink,3.5,pulse_03,5,0.009639424424862585,0.0062072884748789565,0.0027759837971560682,5,1596.8,73.16556567129102,32.72063569064635,5,0.07825733476685207,0.016814745008783948,0.007519782572793241,5,0.3064405541525354,0.07449551499183704,0.03331540710812046,5,0.9404119612293436,0.007244874139800867,0.0032400062130050105,5
large_long,rotatable_xlink,3.55,pulse_03,5,0.006399490522698592,0.004031767336004955,0.001803061166554063,5,1594.0,75.08661665037252,33.5797558061401,5,0.07757195558682907,0.015212100916714776,0.006803058346072221,5,0.3067140608195708,0.07594744710456691,0.033964730888676235,5,0.9384650521989701,0.007614640298800578,0.0034053706664654805,5
large_long,rotatable_xlink,3.6,pulse_03,5,0.002410353408790611,0.0014200330682849229,0.0006350580941965376,5,1590.4,75.10525946962703,33.58809312836917,5,0.07530399554659144,0.016284335897530568,0.0072825764070636794,5,0.3060198796598292,0.07589103487943778,0.033939502574646084,5,0.938846598412467,0.007536308014792925,0.003370339404090694,5
large_long,rotatable_xlink,3.65,pulse_03,5,0.004215686084861151,0.00604628084991472,0.0027039789982929037,5,1589.2,74.08913550582164,33.13366867704209,5,0.0728126176487264,0.015488092378627376,0.006926485480081445,5,0.3072549757572867,0.07664669516070159,0.034277444126006584,5,0.938087598486689,0.008063761020422406,0.0036062235591955137,5
large_long,rotatable_xlink,3.7,pulse_03,5,0.008881270191681648,0.003297629574731174,0.0014747447787425254,5,1588.0,74.75292636412303,33.430524973443056,5,0.07391617819346041,0.015253264511376334,0.006821467265244519,5,0.3064303925623756,0.07783633424923346,0.03480946690013621,5,0.938676559739055,0.007116964845878439,0.003182803437772101,5
large_long,rotatable_xlink,3.75,pulse_03,5,0.012377119359937256,0.005508822721108593,0.0024636204160788356,5,1584.8,73.84578525549038,33.02483913662563,5,0.07374398440963548,0.015520926147239872,0.0069411691877964525,5,0.3076222230589917,0.08004275939107587,0.035796210221021064,5,0.9374765990143903,0.0085344490295314,0.0038167216361078638,5
large_long,rotatable_xlink,3.8,pulse_03,5,0.0070657532309808205,0.004662709577605623,0.0020852271149731007,5,1583.2,72.7681248899544,32.54289476982648,5,0.07535004990404688,0.016707639605659595,0.007471883580364527,5,0.3080043424864537,0.07983463960021979,0.03570313622105761,5,0.9385986881940805,0.008733416141795252,0.003905702433769625,5
large_long,rotatable_xlink,3.85,pulse_03,5,0.008941334682633983,0.0018472841005742226,0.000826130564527704,5,1580.8,71.17021849060181,31.828289303699624,5,0.07469131180870106,0.016612506429188822,0.0074293387304637006,5,0.30753236063880846,0.07992474914778976,0.035743434435815256,5,0.9375275352759248,0.0064605155271670565,0.0028892303776876854,5
large_long,rotatable_xlink,3.9,pulse_03,5,0.005394735613233345,0.00425691520289242,0.001903750353623952,5,1578.4,71.46187794901559,31.958723378758418,5,0.07216602190321215,0.013979950004489658,0.006252023706417473,5,0.3058060657657238,0.07726119461391155,0.03455225663590937,5,0.9374400463550036,0.0077378718460910465,0.003460481489808274,5
large_long,rotatable_xlink,3.95,pulse_03,5,0.006960113759510438,0.005630841633038996,0.002518188932402224,5,1575.2,70.91685272204344,31.714980687366026,5,0.07051139027460003,0.012777527223325116,0.005714283891141819,5,0.3073574554993436,0.07665259195429325,0.03428008125227063,5,0.9354831297534062,0.008066743777711109,0.003607557488807098,5
large_long,rotatable_xlink,4.0,pulse_03,5,0.008403229719672629,0.00856970581781789,0.003832488951163246,5,1572.4,70.58895097676407,31.568338568888926,5,0.0707279483708119,0.015385841084935518,0.006880757311384986,5,0.31019919941884644,0.08301024200666707,0.03712330879112322,5,0.9359352181667736,0.009374340305490154,0.004192332433458425,5
large_long,rotatable_xlink,4.05,pulse_04,5,0.013561838644008884,0.005870151951575152,0.0026252117603950183,5,1682.4,83.76634168924892,37.46144684872703,5,0.06562906946935736,0.018654292594457635,0.008342453262675638,5,0.2895434273680646,0.07848692425080107,0.03510041959393359,5,0.9339994000720295,0.013878672636069666,0.006206731090343594,5
large_long,rotatable_xlink,4.1,pulse_04,5,0.008151159237973285,0.00562437791134408,0.0025152982681827295,5,1680.0,87.10912696153027,38.95638586932827,5,0.0656830988864592,0.017172266855135503,0.0076796712031699035,5,0.28864645014647683,0.07692413202593247,0.034401517664030726,5,0.9352488241736084,0.011239537407968759,0.005026473935973986,5
large_long,rotatable_xlink,4.15,pulse_04,5,0.008592581097321379,0.005747675201023666,0.002570438492415737,5,1678.8,86.35508091594842,38.61916622611109,5,0.06507216690277295,0.019078057431393763,0.008531966659048297,5,0.28913394406268356,0.07751534795447916,0.034665917465152934,5,0.9355930185904493,0.011881036553335235,0.005313361075283478,5
large_long,rotatable_xlink,4.2,pulse_04,5,0.014120665873750774,0.012120145586736136,0.005420293885827214,5,1677.2,85.51724972191282,38.24447672540441,5,0.0630013287203917,0.02111691846312357,0.009443773031772938,5,0.2886125240664596,0.0765410878804017,0.0342302151144727,5,0.9345550942982166,0.013904595143059322,0.006218323987898811,5
large_long,rotatable_xlink,4.25,pulse_04,5,0.010890920245286944,0.0072260482908052676,0.003231587037387349,5,1676.4,86.0279024503097,38.47284756812264,5,0.06457903383586117,0.023072407384769265,0.010318294263382443,5,0.29064449304835654,0.07562521122608648,0.033820622622861916,5,0.934673136921217,0.012863212740710332,0.005752603619453935,5
large_long,rotatable_xlink,4.3,pulse_04,5,0.006445742903352989,0.005877227086063722,0.0026283758567282977,5,1674.0,87.21238444166057,39.002564018279614,5,0.06344943411009954,0.021701027211251125,0.00970499440518604,5,0.2908075579819622,0.07715941765391506,0.034506740595690276,5,0.9346378124590125,0.011930182797793796,0.00533533994397311,5
large_long,rotatable_xlink,4.35,pulse_04,5,0.011186125302901972,0.009586096712509925,0.00428703277761189,5,1672.4,87.21697082563692,39.00461511154802,5,0.06226925887644317,0.02174209555520426,0.009723360726946552,5,0.28862491791462025,0.07578866565897674,0.03389372166749517,5,0.934576817158459,0.012012876313657439,0.005372321608527023,5
large_long,rotatable_xlink,4.4,pulse_04,5,0.013317103154792672,0.013351938884076368,0.005971168595243489,5,1669.6,89.82649943084725,40.17163178164412,5,0.06273685701201345,0.01795221696434245,0.008028475495818926,5,0.290348798904682,0.07539642869628418,0.03371830796512146,5,0.9348003125591248,0.01109161254780556,0.004960319927396573,5
large_long,rotatable_xlink,4.45,pulse_04,5,0.0067316238417381765,0.006127029362320323,0.002740090830857086,5,1666.0,94.77341399358788,42.383959229878464,5,0.06032794999548734,0.01604813150879407,0.00717694259310396,5,0.29023146791574816,0.07485303726602954,0.033475295929833414,5,0.933402436820861,0.008753608071970098,0.003914732539463202,5
large_long,rotatable_xlink,4.5,pulse_04,5,0.007382153823765947,0.006386339080710918,0.002856057662366626,5,1663.6,94.2698255010584,42.15874760948195,5,0.06108821324225673,0.014397883767323759,0.006438929367175337,5,0.29050202893997057,0.07439210432949049,0.03326916045399943,5,0.93414871534262,0.007091887477339858,0.003171588497622284,5
large_long,rotatable_xlink,4.55,pulse_04,5,0.00819089068199929,0.00564894800532616,0.002526286348254227,5,1660.8,94.68474005878666,42.344303040668876,5,0.056991054947496976,0.018325579545004016,0.00819544831794173,5,0.29177580223988697,0.07678406066032856,0.03433887584499241,5,0.9339254702641752,0.010607159996253604,0.0047436661599678945,5
large_long,rotatable_xlink,4.6,pulse_04,5,0.002639569485220698,0.002086554134357596,0.0009331353766313627,5,1659.6,95.00947321188556,42.48952812164428,5,0.05698908215983576,0.017444028803989396,0.007801206841436929,5,0.291994220578745,0.07615259415489048,0.03405647543865765,5,0.9332308137449644,0.009745989623472194,0.004358539061218281,5
large_long,rotatable_xlink,4.65,pulse_04,5,0.005425837290718061,0.0027080840380073043,0.0012110919995532911,5,1657.6,95.84779601013267,42.86443747443795,5,0.055829772890929184,0.01917390408289797,0.008574830584684124,5,0.29160920714817096,0.07630002884228639,0.03412241023530939,5,0.932378846827071,0.009956060303740615,0.004452485525450244,5
large_long,rotatable_xlink,4.7,pulse_04,5,0.005552461802862603,0.005454110219794879,0.0024391522416475336,5,1655.2,94.82193838980513,42.40565999958024,5,0.05519959766364958,0.01923456190521102,0.008601957587495941,5,0.29239150621809673,0.07678287479560242,0.03433834551016445,5,0.9314681888752947,0.01017338784841591,0.00454967735810566,5
large_long,rotatable_xlink,4.75,pulse_04,5,0.005737023221183124,0.006711954105879339,0.0030016771285210045,5,1652.4,93.37451472430794,41.75835245792152,5,0.05478382136608988,0.021117474322117788,0.009444021619472333,5,0.2910817796404388,0.07386999627867125,0.03303566663535308,5,0.9317429955420355,0.011347884162071047,0.00507492807743682,5
large_long,rotatable_xlink,4.8,pulse_04,5,0.009256299642595214,0.0107149596382991,0.004791875625480669,5,1650.4,94.24860741676771,42.14925859371669,5,0.05573250666122496,0.022639187785602016,0.010124552568797808,5,0.2932478348893549,0.0694478599338192,0.031058027140780757,5,0.9326426258136922,0.011576722291884743,0.005177267600258289,5
large_long,rotatable_xlink,4.85,pulse_04,5,0.015462575523563218,0.020710018671576198,0.009261801912986853,5,1648.4,94.55580362939125,42.28664091648803,5,0.0572324271045941,0.023379062465354296,0.010455434584549205,5,0.297190929436089,0.06904820934669985,0.03087929796477144,5,0.9319682707200059,0.009797855487104509,0.004381734180576999,5
large_long,rotatable_xlink,4.9,pulse_04,5,0.02313724097437088,0.03164447324422,0.014151838657249843,5,1647.6,94.40762681054957,42.2203742285641,5,0.058918161671511704,0.02419184199764537,0.01081892064153387,5,0.3010640282439244,0.06690172678662167,0.02991936178140092,5,0.9331630621160494,0.010531231359650842,0.004709709841391364,5
large_long,rotatable_xlink,4.95,pulse_04,5,0.023207808096412697,0.03570433541839808,0.015967464217398298,5,1645.2,93.54784871925169,41.83586977702268,5,0.059454443737058285,0.022127552110330902,0.009895742138873764,5,0.3032446638135743,0.06627124256083862,0.029637400663882478,5,0.9354120755363606,0.00957814582263569,0.004283477031563809,5
large_long,rotatable_xlink,5.0,pulse_04,5,0.018799926659787376,0.03337304042978723,0.014924877403370609,5,1642.4,93.05267325552771,41.61442057748732,5,0.05907326582844308,0.020991799702847126,0.009387818221125211,5,0.30781710164806875,0.06525571209305972,0.029183241632047323,5,0.9344595077143321,0.009154928254173444,0.004094208381093058,5
large_long,rotatable_xlink,5.05,pulse_05,5,0.017087951849519813,0.029867040625210978,0.013356946624943912,5,1757.2,89.89549488155677,40.20248748522907,5,0.0553808002994865,0.019363608212723427,0.008659668850664557,5,0.29006013489854693,0.05788521548405346,0.025887055342913384,5,0.934163091066613,0.009064965755976564,0.004053975928814273,5
large_long,rotatable_xlink,5.1,pulse_05,5,0.01742740386699889,0.025331059306068826,0.011328394110089708,5,1755.2,89.96221429022297,40.23232531186831,5,0.05414748377941407,0.019267648484640312,0.008616754355645309,5,0.29199290701701536,0.05916432106716846,0.026459088749762313,5,0.9341307730641002,0.008974384206985115,0.0040134666286038515,5
large_long,rotatable_xlink,5.15,pulse_05,5,0.016322450998211863,0.012796377432313705,0.005722713960879531,5,1752.4,89.73739465796854,40.131782915788826,5,0.05306847229060383,0.020981689672104523,0.009383296877926196,5,0.29347260321545043,0.05900838285687836,0.02638935106206265,5,0.9333623313470035,0.00818163163582884,0.0036589369009152176,5
large_long,rotatable_xlink,5.2,pulse_05,5,0.015541891646332231,0.013499164696011675,0.006037009979949478,5,1746.0,87.96590248499699,39.33954753171419,5,0.05163976411732182,0.020726515110662255,0.009269179344823474,5,0.29225416707426854,0.05880976594102636,0.026300526876997365,5,0.9324466994449002,0.009415315706570608,0.004210657189902669,5
large_long,rotatable_xlink,5.25,pulse_05,5,0.012372698037503257,0.012998934388037193,0.005813300185342158,5,1743.6,87.19403649332907,38.99435856633623,5,0.05341940397382157,0.020588272466246893,0.00920735535476306,5,0.2941507422561266,0.06403429786409151,0.02863700858311564,5,0.9327007270387678,0.009801463080057884,0.004383347545192778,5
large_long,rotatable_xlink,5.3,pulse_05,5,0.008198031187663535,0.005893294056641503,0.0026355612244091794,5,1740.8,88.07496806698258,39.38832314277926,5,0.05402559404155516,0.02068213560604178,0.009249332226995645,5,0.2980722914533065,0.0673654845836532,0.03012676057325253,5,0.9315929584527739,0.008086485254653372,0.0036163861456909273,5
large_long,rotatable_xlink,5.35,pulse_05,5,0.005939231614677783,0.004271752401990109,0.0019103857507795782,5,1738.0,89.85543945694106,40.1845741547674,5,0.05306590662169876,0.017322101628043853,0.007746679350693166,5,0.2988147384784405,0.0688628612026796,0.030796407754864905,5,0.9317766763564694,0.006261463353246341,0.0028002115392965193,5
large_long,rotatable_xlink,5.4,pulse_05,5,0.00736970374307188,0.008597848266691195,0.0038450746369100503,5,1735.2,89.59464269698273,40.0679422980517,5,0.05223067372829158,0.01657210504029044,0.007411270680071263,5,0.2998075269330521,0.07097020526770122,0.03173884067113871,5,0.9311481056481419,0.006661824337462308,0.0029792584145456437,5
large_long,rotatable_xlink,5.45,pulse_05,5,0.013498627611965103,0.002652302884665439,0.001186145909406141,5,1734.0,89.65489389877163,40.094887454636904,5,0.05204672043339624,0.017863043886392933,0.007988596083007326,5,0.2989768558243227,0.0726155880633248,0.03247467822714331,5,0.9318084258345163,0.006347410625295898,0.0028386483278532147,5
large_long,rotatable_xlink,5.5,pulse_05,5,0.008414023942949485,0.004858250719791941,0.0021726757722384123,5,1729.6,88.8526870724797,39.73612965551627,5,0.050060843506795606,0.0241600252761018,0.010804691771095349,5,0.2979781559092888,0.07393526651251722,0.03306485637131046,5,0.9290005588038974,0.010431658994744873,0.004665179726069332,5
large_long,rotatable_xlink,5.55,pulse_05,5,0.009239222662335322,0.006921241381318894,0.003095273243462718,5,1727.6,89.57008429157584,40.05695944526993,5,0.048530648664847645,0.025390585464626535,0.011355015017484602,5,0.3015659110329872,0.07503046237552632,0.03355464285098344,5,0.9289080679145976,0.011554422321414601,0.005167294750284795,5
large_long,rotatable_xlink,5.6,pulse_05,5,0.012991587811518827,0.006715215923571401,0.003003135857738937,5,1725.6,90.54722524738128,40.49395016542595,5,0.04967695191447684,0.02568039486960538,0.011484621723494895,5,0.30310874562819035,0.07585602657893672,0.03392384638670667,5,0.9286682862030181,0.011135712002114653,0.004980041802917729,5
large_long,rotatable_xlink,5.65,pulse_05,5,0.011322281474827042,0.005122816455286533,0.00229099316605504,5,1723.2,89.6504322354332,40.09289213813341,5,0.053370147068065955,0.028066243094482135,0.01255160548645922,5,0.3049896621345368,0.08015196711558135,0.035845049400153525,5,0.9296077965851595,0.010866656985467706,0.004859716741535747,5
large_long,rotatable_xlink,5.7,pulse_05,5,0.0057564220973368215,0.0036497439644147182,0.0016322151209801766,5,1720.0,89.8443097808648,40.17959681231259,5,0.05307270429373021,0.02933157435413672,0.013117478828587837,5,0.306213245004836,0.08052382161274486,0.03601134778683285,5,0.9280760278484838,0.012025443181062056,0.005377941682483214,5
large_long,rotatable_xlink,5.75,pulse_05,5,0.003576379020685838,0.0019715872157017784,0.0008817206075757434,5,1717.6,90.53618061305657,40.489010854798615,5,0.054764183429527935,0.027807869678750458,0.012436057382228251,5,0.3073137116705986,0.08117366260263735,0.03630196551242592,5,0.928175196160652,0.01087403215275676,0.004863015016616499,5
large_long,rotatable_xlink,5.8,pulse_05,5,0.005175067521273213,0.004977908868550146,0.0022261885231754383,5,1714.4,92.26483620534965,41.26208913760911,5,0.05287101435596332,0.02973887410187882,0.013299628813221808,5,0.30717396526293833,0.08048476937429647,0.035993883094864024,5,0.9287676006500547,0.011745001548815493,0.005252524371798351,5
large_long,rotatable_xlink,5.85,pulse_05,5,0.008318286573814164,0.004562965942865047,0.002040620405452533,5,1710.0,92.99462350050136,41.5884599378241,5,0.05062019844280965,0.030471979115210893,0.013627483342113089,5,0.30518637436128176,0.08037422466512598,0.035944445998012386,5,0.9277562576727993,0.013409075650028779,0.005996720933780305,5
large_long,rotatable_xlink,5.9,pulse_05,5,0.006917564663245987,0.005701257850763757,0.0025496800223124222,5,1707.2,92.76421723919196,41.48541912527822,5,0.04949041810599727,0.028257320299858002,0.012637057810493447,5,0.30463924439715523,0.08153600032624757,0.03646400786858692,5,0.9279579205881203,0.012991689926921096,0.005810060363838969,5
large_long,rotatable_xlink,5.95,pulse_05,5,0.006204538194810031,0.003733280212379705,0.0016695736667871742,5,1704.4,93.80191895691688,41.94949344151846,5,0.04871762987293139,0.029071578267833173,0.013001205044016112,5,0.30382926360511925,0.08210472488720237,0.03671834922434065,5,0.9283629078417149,0.012449551635947614,0.005567608749474515,5
large_long,rotatable_xlink,6.0,pulse_05,5,0.007388804608540944,0.0047412861585156415,0.0021203676302439635,5,1702.4,93.87651463491815,41.98285364288617,5,0.04959175527923,0.030768655469862412,0.013760161041376616,5,0.3034646358873941,0.08269896266933782,0.03698410043947137,5,0.9272207962678289,0.01190576501684121,0.005324419980359174,5
large_long,rotatable_xlink,6.05,pulse_06,5,0.00474458636834827,0.0041122668547391,0.001839061645763176,5,1822.4,109.81256758677488,49.10967318156373,5,0.046781127027127375,0.02983171887912462,0.013341150259877296,5,0.2854480288493829,0.08007366658426164,0.035810032338012485,5,0.9260996710285578,0.013328734039608364,0.005960791073315935,5
large_long,rotatable_xlink,6.1,pulse_06,5,0.0023378244215349394,0.0017024662271569102,0.0007613660426640899,5,1820.4,111.55626383130623,49.889477848540366,5,0.04548956703922652,0.03023614107099302,0.013522013362402737,5,0.2834442610394869,0.07886952207717622,0.03527152254349729,5,0.92672284840012,0.012883064226945597,0.005761481473989226,5
large_long,rotatable_xlink,6.15,pulse_06,5,0.0041877576972343625,0.0033391882516150637,0.0014933303840559907,5,1818.0,113.03096920755833,50.54898614215719,5,0.04656633027925723,0.02838685207733122,0.012694986182428744,5,0.2842046367108965,0.07942071715510939,0.03551802447612166,5,0.926124271970504,0.012988626687941814,0.005808690441721168,5
large_long,rotatable_xlink,6.2,pulse_06,5,0.009868799682091083,0.0053850589802402265,0.0024082715885325686,5,1815.2,113.88239547884474,50.92975554624231,5,0.04490669377670178,0.029257303323958313,0.013084263814140268,5,0.2847629808584891,0.07869558095011493,0.035193733706658896,5,0.9260008110020299,0.0134566546715673,0.006017998919072918,5
large_long,rotatable_xlink,6.25,pulse_06,5,0.01114347336202724,0.009836799187640473,0.004399150332915761,5,1813.6,114.5198672720153,51.21484159889592,5,0.04520062210014177,0.029172540278666812,0.01304635662788993,5,0.28361090010953305,0.07864062944739476,0.035169158647549284,5,0.9251461572466984,0.013167346407713906,0.005888616330187191,5
large_long,rotatable_xlink,6.3,pulse_06,5,0.009713716118885725,0.006710503519704661,0.003001028406662244,5,1811.6,114.66821704378246,51.28118563371951,5,0.046347983582901486,0.028262962657779396,0.012639581149666571,5,0.2852886078066351,0.07871190918149758,0.03520103591372368,5,0.9259992031767755,0.01249156290322488,0.005586396759365091,5
large_long,rotatable_xlink,6.35,pulse_06,5,0.0037399812868573073,0.004016428021516972,0.0017962012165693875,5,1809.6,113.95964197907959,50.964301231352124,5,0.04613872647575167,0.03157419313448441,0.01412040843668286,5,0.28583850749074147,0.08199141262554323,0.03666767444038983,5,0.9262024671910345,0.011876565356502288,0.005311361495271628,5
large_long,rotatable_xlink,6.4,pulse_06,5,0.0027907022577529383,0.002050411027604573,0.0009169716879078045,5,1808.4,113.4583624066556,50.740122191417704,5,0.0475637113033237,0.03304735952129772,0.01477922847329932,5,0.2860021503031386,0.08128143642096143,0.036350163429219394,5,0.9254693730078151,0.012726768209462896,0.005691583770048463,5
large_long,rotatable_xlink,6.45,pulse_06,5,0.00699739754070623,0.004312308058407786,0.0019285227917039886,5,1805.2,113.6010563331169,50.80393685532648,5,0.046713517281577646,0.032016618051743384,0.014318266874669016,5,0.2842234581439896,0.08007968699493898,0.03581272474751788,5,0.9249847708686284,0.013090304643268167,0.005854162205705751,5
large_long,rotatable_xlink,6.5,pulse_06,5,0.006437529094527416,0.007293540472157052,0.003261770458477816,5,1804.0,114.29785649783639,51.11555536233564,5,0.04692946463631936,0.031373021256873836,0.014030441637983157,5,0.2837963408001288,0.08179832340384985,0.036581322315304046,5,0.9250925765211809,0.012928901258612471,0.0057819804177280144,5
large_long,rotatable_xlink,6.55,pulse_06,5,0.010098000672713039,0.00928178303272203,0.004150939562714123,5,1802.4,113.92453642653105,50.94860155097488,5,0.04785090200700583,0.034928755895374086,0.015620614510310597,5,0.2865454763837806,0.08317504158858904,0.037197009404691436,5,0.92624451617658,0.015218780582461332,0.006806045583407476,5
large_long,rotatable_xlink,6.6,pulse_06,5,0.009792796789949302,0.011800378035736393,0.005277289489620403,5,1800.8,114.58272121048618,51.24295073471082,5,0.0475871201687431,0.03313095302021583,0.014816612622510909,5,0.2863002378789602,0.08329977514289012,0.03725279194598991,5,0.9260467891029991,0.01214824972974362,0.005432862440670036,5
large_long,rotatable_xlink,6.65,pulse_06,5,0.015855944690860362,0.020902858561854098,0.00934804253367385,5,1797.6,117.70641443863627,52.63990881451069,5,0.0462211779921947,0.034719740615573695,0.015527140035516635,5,0.2866902393691251,0.0812968763359078,0.03635706836909677,5,0.9251511084699878,0.012626257661571784,0.005646634086540408,5
large_long,rotatable_xlink,6.7,pulse_06,5,0.020053063921069602,0.02042464054382977,0.009134176934400327,5,1796.0,116.34431657799189,52.030760132829116,5,0.044707483174896846,0.03642917629161332,0.016291622910474216,5,0.2857618717638296,0.08290525888897743,0.03707635891359444,5,0.9255134018861332,0.014821519894374621,0.006628385202737431,5
large_long,rotatable_xlink,6.75,pulse_06,5,0.018246256378374234,0.018097054897592963,0.008093248988712672,5,1792.8,118.9756277562762,53.20751826574887,5,0.04521943709539692,0.035625906473261026,0.01593238972685229,5,0.2870799368678889,0.08271898267327588,0.036993053657414426,5,0.925449500962171,0.014761421169315,0.006601508235818554,5
large_long,rotatable_xlink,6.8,pulse_06,5,0.011651606762982884,0.011625419208183522,0.005199045523286027,5,1791.6,120.21979870221044,53.76392842789671,5,0.046534504664530754,0.035167761849404934,0.01572750122235863,5,0.28943300272623446,0.08272221442418469,0.03699449894035812,5,0.9251492405138475,0.015755577648195126,0.007046108529228113,5
large_long,rotatable_xlink,6.85,pulse_06,5,0.004541261157075886,0.0029005925375945618,0.001297184417818011,5,1788.8,120.20482519433236,53.7572320716013,5,0.04597517938142893,0.03681692472793917,0.016465029282832985,5,0.28997595362118855,0.0838950850096286,0.03751902261193063,5,0.9257374890633269,0.014760608791856963,0.006601144929574643,5
large_long,rotatable_xlink,6.9,pulse_06,5,0.002347076311066661,0.0028165747422807612,0.0012596105174897466,5,1786.0,122.36829654775782,54.724765874327865,5,0.04585669251260658,0.03636817194506959,0.01626434093731527,5,0.2885890870398446,0.08473344568506218,0.03789394890391705,5,0.9249475361704528,0.014437777587417459,0.00645677042589767,5
large_long,rotatable_xlink,6.95,pulse_06,5,0.005003965229664183,0.003100381961947463,0.0013865329646257384,5,1782.8,123.85152401161643,55.388085361384356,5,0.04569958717667197,0.036402340790806696,0.016279621709671444,5,0.28939915784682413,0.08528573357496017,0.03814093955690941,5,0.9253854779221496,0.014923457843763456,0.006673973239601504,5
large_long,rotatable_xlink,7.0,pulse_06,5,0.00488558219079079,0.002887289799389805,0.001291235252435467,5,1780.8,124.11768608864735,55.50711666083909,5,0.04687985229925412,0.036143976273174276,0.016164077584791436,5,0.2918476894128408,0.08797072424762367,0.03934170388951511,5,0.9256058788058669,0.01632173664074171,0.007299302527909505,5
large_long,rotatable_xlink,7.05,pulse_07,5,0.006602866576025957,0.005793592936405997,0.002590973527953285,5,1899.6,124.05966306580073,55.48116797617008,5,0.04253126322021384,0.03277070221571497,0.01465550356494833,5,0.27174673196611776,0.08254978112091751,0.03691738442282007,5,0.9247652216608353,0.014759303776431858,0.006600561308934198,5
large_long,rotatable_xlink,7.1,pulse_07,5,0.006614786028161094,0.005365457762612499,0.0023995056575210954,5,1895.6,124.14024327348484,55.517204540574625,5,0.042606591538018795,0.032436844335043936,0.014506197781747441,5,0.273265184448016,0.08428368589821328,0.03769281021252906,5,0.9244911513237415,0.01594743595324975,0.007131910171658119,5
large_long,rotatable_xlink,7.15,pulse_07,5,0.01024032171490541,0.007749129175148261,0.0034655159204116767,5,1892.8,126.13167722661902,56.40780087895645,5,0.04131185022692543,0.03305973732930131,0.014784763997321013,5,0.2755001694695014,0.08417947077588642,0.0376462037929678,5,0.923807693909929,0.015148070446764866,0.00677442304938437,5
large_long,rotatable_xlink,7.2,pulse_07,5,0.007072716429319334,0.005882161530105549,0.0026305826071900368,5,1892.0,126.51482126612676,56.57914810245909,5,0.042641908811290076,0.03403673170584678,0.015221689165239154,5,0.27656652742011417,0.08393603667948722,0.03753733675544983,5,0.9241451323370284,0.015670952038081387,0.007008262805857771,5
large_long,rotatable_xlink,7.25,pulse_07,5,0.004764574847114434,0.00399991640050308,0.0017888169951682323,5,1890.8,127.23678713328154,56.90202105373762,5,0.04165397551506251,0.03160777101307345,0.014135424920495927,5,0.27655994902246,0.08445665775677537,0.03777016557931692,5,0.9239193122916323,0.016033076912010686,0.007170209972747661,5
large_long,rotatable_xlink,7.3,pulse_07,5,0.005094665653133908,0.006104166078974657,0.0027298660597071364,5,1889.2,127.80140844294323,57.15452737972732,5,0.04131588481526109,0.03178526691084508,0.014214803499124868,5,0.2766862592846497,0.08266531269743875,0.03696905171454991,5,0.9239456740968949,0.014027489291597845,0.00627328392193263,5
large_long,rotatable_xlink,7.35,pulse_07,5,0.009105921164249272,0.009761000947606511,0.0043652523294576044,5,1888.4,127.06218949789901,56.82393861745241,5,0.04330342492655794,0.033583549690927285,0.015019020006931092,5,0.2787249499006923,0.0846311550604917,0.03784820314591695,5,0.9246289460280941,0.01568285794175014,0.0070135872878451504,5
large_long,rotatable_xlink,7.4,pulse_07,5,0.007909215649097811,0.0061753140683262295,0.002761684407837646,5,1885.2,127.66048723077944,57.09150549775334,5,0.04490203318982767,0.035343905976253476,0.015806275270652766,5,0.28035297451602453,0.08801649219638977,0.03936217193844146,5,0.9238644776180263,0.015266427208185333,0.006827353802210947,5
large_long,rotatable_xlink,7.45,pulse_07,5,0.0019141486222023832,0.0020561000331657205,0.0009195158885396246,5,1882.8,126.27430459123502,56.47158577550306,5,0.04144155165071997,0.03241850971688371,0.014497998291237886,5,0.28306366815846024,0.08852588728472917,0.039589980347427736,5,0.922429889787405,0.014700574640262021,0.006574296840787079,5
large_long,rotatable_xlink,7.5,pulse_07,5,0.0031110112147449374,0.002261386017442092,0.0010113225716736085,5,1880.4,129.22383681039656,57.79065668427726,5,0.039737633471868,0.030142495191728375,0.01348013365203304,5,0.2818688129139789,0.08908752683350259,0.03984115318940967,5,0.9225830054587278,0.014364861940426956,0.006424161557238841,5
large_long,rotatable_xlink,7.55,pulse_07,5,0.003160836970537728,0.002316825875443783,0.0010361160299045518,5,1880.0,128.7555824032496,57.58124694724837,5,0.04205240297130373,0.030173666586953623,0.013494073923768474,5,0.28377696665810925,0.09231481286914321,0.04128443938111532,5,0.9230251971604968,0.014076722298806691,0.006295301592103774,5
large_long,rotatable_xlink,7.6,pulse_07,5,0.0020208388267381285,0.0026930646219349343,0.0012043751124892568,5,1876.0,128.17956155331473,57.32364259186605,5,0.04045115583256554,0.030321028786190307,0.013559976302729893,5,0.28461943058278605,0.09134605546263656,0.04085119789818427,5,0.9225965215989496,0.013038234400603812,0.005830875685265269,5
large_long,rotatable_xlink,7.65,pulse_07,5,0.005469418449244208,0.0039178319468748035,0.0017521077115264809,5,1874.8,128.3635462271123,57.40592303935195,5,0.03806204699531074,0.03066222013314137,0.01371256171175335,5,0.28368590044263425,0.08945163732052497,0.04000398834947019,5,0.9232908221763912,0.013668847960448684,0.0061128946427345225,5
large_long,rotatable_xlink,7.7,pulse_07,5,0.004389411701595207,0.002582686902150849,0.0011550126955615291,5,1871.6,128.8751333655954,57.63471176296451,5,0.03538784455929956,0.030994657872131667,0.013861232388287077,5,0.2834957134899436,0.08768382027308329,0.03921339653149768,5,0.9235425723086663,0.013253030303681685,0.005926935333379385,5
large_long,rotatable_xlink,7.75,pulse_07,5,0.003772852328812555,0.002228255251312713,0.0009965060426312207,5,1870.4,127.68241852345999,57.10131347000697,5,0.03879801388114075,0.0317577402013955,0.014202493180419638,5,0.28282983716774646,0.08819883202686128,0.03944371678962948,5,0.922899107414285,0.01358670155522657,0.006076157653497744,5
large_long,rotatable_xlink,7.8,pulse_07,5,0.0022468294618343287,0.0018365548431662337,0.0008213322947452327,5,1867.2,128.23104148372187,57.346665116639514,5,0.037074384278198896,0.029964331743974743,0.01340045653597647,5,0.28039230353962524,0.08703050504344197,0.038921225078654906,5,0.9234338287257297,0.013547049355987566,0.006058424650906589,5
large_long,rotatable_xlink,7.85,pulse_07,5,0.0036184826697831666,0.002226513605710085,0.0009957271550391827,5,1866.4,128.73538752029296,57.57221552103063,5,0.037599913306734886,0.030686950660217573,0.013723621539685708,5,0.281564903157295,0.08592336074195335,0.03842609509484889,5,0.9236778150329534,0.013763584434582435,0.006155262081956866,5
large_long,rotatable_xlink,7.9,pulse_07,5,0.003351828408641048,0.0032140733240785205,0.0014373772874616566,5,1864.8,131.26004723448793,58.701277669229654,5,0.035418064425745896,0.028971207361043663,0.012956317809907183,5,0.28315644005212015,0.08443197346557661,0.03775912642869756,5,0.9227682622721574,0.013243715607348648,0.005922769674541298,5
large_long,rotatable_xlink,7.95,pulse_07,5,0.0030645771804033535,0.0008469058138519024,0.00037874779406252734,5,1863.6,130.96106291566207,58.56756781700943,5,0.03592358365622703,0.030534345627503994,0.01365537449431448,5,0.2814771518577664,0.08208785759989881,0.036710805944139294,5,0.9230889694937112,0.013166819116523341,0.005888380518397983,5
large_long,rotatable_xlink,8.0,pulse_07,5,0.0045864348972942896,0.0032279677352621645,0.001443591057044449,5,1862.8,131.97423991067348,59.02067434382633,5,0.036022834572076425,0.028508054154824606,0.012749189399286626,5,0.2813844931476307,0.08238121815814177,0.036842000774169,5,0.9220813656849322,0.012724004145439085,0.005690347643038183,5
small_long,nomotor_xlink,0.0,initial,5,0.17947510074583142,0.07719042308655386,0.03452060664670071,5,31.6,7.6681158050723255,3.4292856398964493,5,0.30043343653250776,0.18380573158096675,0.0822004220938243,5,0.557717823971694,0.21258566656159394,0.09507120029476561,5,0.5737363433851657,0.06988123825053494,0.03125183981601092,5
small_long,nomotor_xlink,0.05,initial,5,0.13313265605735472,0.0709212876233196,0.03171696403551143,5,41.2,7.8230428862431785,3.49857113690718,5,0.2712087912087912,0.16428512216030924,0.07347054016846172,5,0.5040293040293041,0.18213196817526156,0.08145189234314264,5,0.6027432663260557,0.07679571307120027,0.03434408696155459,5
small_long,nomotor_xlink,0.1,initial,5,0.09739559546703296,0.07955577343965829,0.03557842348272964,5,50.0,8.602325267042627,3.8470768123342687,5,0.21618773946360154,0.1530903371422129,0.06846408010966978,5,0.4824712643678161,0.19544652157368997,0.08740634164092999,5,0.6577418790512441,0.032874884493511766,0.01470209529598921,5
small_long,nomotor_xlink,0.15000000000000002,initial,5,0.0853898991440658,0.07460633595410454,0.03336496774911288,5,54.8,8.438009243891594,3.773592452822641,5,0.18008241758241758,0.1373835835678088,0.06143980637002871,5,0.47270604395604393,0.19187774112258887,0.08581033450384311,5,0.6938388734811982,0.039301288786896295,0.01757607066617007,5
small_long,nomotor_xlink,0.2,initial,5,0.08771769559382749,0.07680742998020655,0.03434932692255943,5,60.0,12.083045973594572,5.403702434442518,5,0.14890109890109887,0.10837555182914282,0.048467020197803,5,0.43513986013986017,0.17631402742218802,0.07885003014055487,5,0.7119440756750157,0.04184293788959781,0.018712730699888457,5
small_long,nomotor_xlink,0.25,initial,5,0.10105218931035789,0.03501239512169774,0.015658019109439633,5,65.2,13.461054936371072,6.019966777316965,5,0.13088175890126377,0.0991136978197661,0.04432499316527394,5,0.4056535287668071,0.1662695193792196,0.07435798958363073,5,0.7133659576139455,0.04805589199793893,0.021491248245355924,5
small_long,nomotor_xlink,0.30000000000000004,initial,5,0.07066746895689957,0.03322483151679829,0.014858596362507684,5,70.0,12.083045973594572,5.403702434442518,5,0.1037297333737823,0.09235664897664861,0.04130314905717453,5,0.37706072492384773,0.13986018960985303,0.06254737826272823,5,0.7302848855812811,0.043483394639074455,0.01944636526108408,5
small_long,nomotor_xlink,0.35000000000000003,initial,5,0.08555855229234148,0.06097670208726927,0.027269610182177478,5,73.2,10.73312629199899,4.8,5,0.08565656565656565,0.0849037818848439,0.037970125568265234,5,0.36463092463092467,0.13728087021221788,0.06139387156096903,5,0.7488221294910492,0.03491952391844311,0.015616485844713722,5
small_long,nomotor_xlink,0.4,initial,5,0.08123519836582567,0.04934518795929776,0.02206783892789878,5,80.0,9.273618495495704,4.147288270665544,5,0.07423167848699765,0.09111876762808159,0.04074955168847954,5,0.33243836541708877,0.1265519404550253,0.05659574830838844,5,0.7565965112387734,0.03417355622843813,0.015282878951939798,5
small_long,nomotor_xlink,0.45,initial,5,0.05397162806687696,0.037484921241987455,0.01676376640566196,5,84.8,7.563068160475615,3.3823069050575527,5,0.06969298245614035,0.07458532897870189,0.03335557314411248,5,0.31657180742554053,0.11858660627215448,0.05303354256910806,5,0.7683514805343272,0.048220637253900904,0.02156492456361624,5
small_long,nomotor_xlink,0.5,initial,5,0.06462715428701252,0.04893706911000866,0.0218853226299169,5,88.4,9.73652915571047,4.354308211415448,5,0.06190476190476189,0.06555650956241946,0.02931776234983698,5,0.29312150381917823,0.10420514029410385,0.046601955460503726,5,0.7611227418536624,0.04001596465084596,0.01789568342890404,5
small_long,nomotor_xlink,0.55,initial,5,0.04352175407844296,0.01535151577084888,0.006865406564255636,5,93.2,11.454256850621084,5.122499389946279,5,0.05885935769656699,0.0630377453705937,0.028191336759394035,5,0.28702682975938787,0.10447784151525183,0.046723911154110544,5,0.7734394547102947,0.05199880908524273,0.02325457437272728,5
small_long,nomotor_xlink,0.6000000000000001,initial,5,0.04830342795020178,0.0241537704161806,0.01080189451270064,5,97.2,9.959919678390985,4.454211490264017,5,0.05216374269005848,0.06274284240268119,0.02805945214279027,5,0.2752734927490966,0.10010126573478474,0.044766646963349824,5,0.7668201314349463,0.047889938946170676,0.021417031784390455,5
small_long,nomotor_xlink,0.65,initial,5,0.0737539332350137,0.02174567957013938,0.00972496354715201,5,102.0,9.38083151964686,4.1952353926806065,5,0.049952530597525704,0.06037184630338622,0.026999110452308194,5,0.25355183544748583,0.09123904728771215,0.04080334238752843,5,0.7606934960292996,0.05723359119572783,0.02559564010201618,5
small_long,nomotor_xlink,0.7000000000000001,initial,5,0.05530194192815972,0.038446480375028076,0.017193788722834877,5,107.6,9.73652915571047,4.354308211415448,5,0.044870295519672816,0.05317402366662911,0.02378014631115306,5,0.23961781862477408,0.08840543285088832,0.03953611148697586,5,0.7820249276016428,0.060890186450831614,0.027230919213339227,5
small_long,nomotor_xlink,0.75,initial,5,0.035536710675261804,0.024686090807235425,0.011039955428742212,5,112.0,9.38083151964686,4.1952353926806065,5,0.04748770182025451,0.05045661449545513,0.022564883985267785,5,0.23465592272048533,0.08927558952266877,0.039925257380811076,5,0.7666491701896054,0.04897169697557691,0.021900808682182166,5
small_long,nomotor_xlink,0.8,initial,5,0.028411071632764413,0.0091996039865041,0.004114187975980245,5,116.4,8.17312669668102,3.655133376499413,5,0.045495490510706574,0.048058102081285164,0.02149223662467555,5,0.2294105731276265,0.08756982913751958,0.03916241814590711,5,0.7684294580738176,0.04603227769533186,0.020586260417181878,5
small_long,nomotor_xlink,0.8500000000000001,initial,5,0.03263944953619407,0.02260557648678894,0.01010952113900619,5,120.0,9.695359714832659,4.33589667773576,5,0.047199675324675325,0.05090141669252725,0.022763805575106686,5,0.22001476630713918,0.08402041204355837,0.037575070565387704,5,0.7809986151757771,0.037232148772012225,0.01665072312052093,5
small_long,nomotor_xlink,0.9,initial,5,0.03535504490581655,0.033349859001193326,0.014914510353340302,5,123.2,9.654014708917737,4.317406628984581,5,0.03597630439735703,0.042434709399192166,0.018977378964408587,5,0.2135983899141794,0.08113274189183149,0.03628366521421602,5,0.7674268694721207,0.037828477435637255,0.016917409406280365,5
small_long,nomotor_xlink,0.9500000000000001,initial,5,0.014925762481822513,0.012979784642491894,0.005804736158783936,5,128.0,6.48074069840786,2.8982753492378874,5,0.0379632389468455,0.04021646348469654,0.017985349233283907,5,0.2047664064179846,0.07790058130263812,0.03483819905588959,5,0.7767075514610626,0.050088529847940814,0.022400271526604572,5
small_long,nomotor_xlink,1.0,initial,5,0.011836350452689923,0.006231645856379796,0.002786876749314023,5,129.6,8.414273587185052,3.7629775444453557,5,0.03802344211147651,0.03995069541697748,0.01786649414015019,5,0.20513216059449518,0.07891374573308675,0.03529129996366319,5,0.7795124281901514,0.05288969619661426,0.02365299120098831,5
small_long,nomotor_xlink,1.05,pulse_01,5,0.015944187025890778,0.00741095350564429,0.0033142791633422007,5,138.8,7.014271166700072,3.136877428271624,5,0.038100662800331406,0.04252438408293695,0.019017482702151412,5,0.19162994688517893,0.06605697183123482,0.029541575880485966,5,0.7777944931605866,0.03613087329534925,0.016158217754966554,5
small_long,nomotor_xlink,1.1,pulse_01,5,0.019728888038274585,0.01424013087195149,0.006368380127635377,5,142.4,6.542170893518451,2.9257477676655586,5,0.034421681604780194,0.037036372522895565,0.016563169320239973,5,0.19223331910655853,0.05890865393728713,0.02634475093335693,5,0.7811740251749584,0.03710869214686611,0.016595511639301046,5
small_long,nomotor_xlink,1.15,pulse_01,5,0.013332354179538323,0.014117009255165307,0.00631331846670866,5,144.4,7.536577472566708,3.3704599092705427,5,0.033565383565383564,0.03921952032410023,0.017539502697924536,5,0.1949261314798445,0.05344303617310857,0.023900452361410196,5,0.7782938371078341,0.03439927948715227,0.015383825462057315,5
small_long,nomotor_xlink,1.2,pulse_01,5,0.009331659330678135,0.0036919208999674183,0.0016510772199758697,5,147.2,7.293833011524187,3.261901286060018,5,0.03841108957466733,0.028997642439861984,0.012968139936552851,5,0.19105022495997517,0.05413531225603417,0.02421004763753398,5,0.7783891340257492,0.0438411284478853,0.019606348683954274,5
small_long,nomotor_xlink,1.25,pulse_01,5,0.014963816078019132,0.005045803090124114,0.002256551742119203,5,149.2,7.014271166700072,3.136877428271624,5,0.040282875761136636,0.033059536332740384,0.01478467410892632,5,0.18568361524883262,0.04933151507116881,0.022061724226437766,5,0.7925887063409037,0.04106229569154673,0.018363616895699042,5
small_long,nomotor_xlink,1.3,pulse_01,5,0.013699102393643945,0.008404595505788579,0.0037586493748664974,5,150.4,4.560701700396552,2.039607805437114,5,0.03489663347558084,0.02401015935510967,0.010737669693725546,5,0.18464305601147704,0.04796100733866055,0.02144881453572225,5,0.7848328062008252,0.04578638957830669,0.020476295908276338,5
small_long,nomotor_xlink,1.35,pulse_01,5,0.008895228433186301,0.009959895253215122,0.004454200566993299,5,152.0,6.0,2.6832815729997477,5,0.03978805582603052,0.021013681558329143,0.009397604084391534,5,0.18523098561073242,0.03432295567040732,0.015349692413548527,5,0.7904390198815333,0.05064867600749304,0.022650776504623413,5
small_long,nomotor_xlink,1.4,pulse_01,5,0.009893169155084949,0.013211088890966408,0.0059081785633986385,5,153.6,5.727128425310541,2.561249694973139,5,0.03656870408361652,0.016823900746213292,0.0075238771430484715,5,0.18275426838926057,0.03335559961889231,0.014917077635621856,5,0.7802004015130952,0.046500101201968826,0.020795477449644394,5
small_long,nomotor_xlink,1.45,pulse_01,5,0.008092260026106324,0.005607922661089872,0.0025079392565516933,5,154.8,5.761944116355173,2.576819745345025,5,0.0388252153484221,0.020035547687207958,0.008960169319007137,5,0.18895938327161954,0.03301282712431103,0.01476378511588167,5,0.7878760197427661,0.048406056542751805,0.0216478465904583,5
small_long,nomotor_xlink,1.5,pulse_01,5,0.019294658515702424,0.010144408234847153,0.004536717280925377,5,156.8,7.694153624668537,3.44093010681705,5,0.03592627755608794,0.016340225148294578,0.007307570839847651,5,0.1871949830975808,0.03276571368757377,0.01465327262734205,5,0.788862492483327,0.046415167303539666,0.02075749385554806,5
small_long,nomotor_xlink,1.55,pulse_01,5,0.019659919134385008,0.01576016479120921,0.007048159961948514,5,158.8,7.293833011524187,3.261901286060018,5,0.030575356770756217,0.020122214259737883,0.008998927788517902,5,0.1842916970397927,0.03003104639746369,0.013430292236035795,5,0.789417067134109,0.04707593144098063,0.021052996561230462,5
small_long,nomotor_xlink,1.6,pulse_01,5,0.009173829628759195,0.004824369554134618,0.0021575236543250713,5,161.6,7.26636084983398,3.2496153618543837,5,0.039812476782951745,0.027945967666108597,0.012497816679685993,5,0.17894431199951097,0.029747358879172733,0.013303423320982437,5,0.7824711525963053,0.03547136883181991,0.01586327839258332,5
small_long,nomotor_xlink,1.65,pulse_01,5,0.01454347268791074,0.010956074070797676,0.00489970527776529,5,164.4,8.294576541331088,3.709447398198281,5,0.03921305843554745,0.027569262627043418,0.012329349064722703,5,0.1780090620289637,0.025776064780008278,0.011527406608107334,5,0.7789783602031796,0.035809261701131884,0.01601438867756213,5
small_long,nomotor_xlink,1.7000000000000002,pulse_01,5,0.018740365927452984,0.022622427119780165,0.010117056971172645,5,165.6,8.87693640846886,3.9698866482558417,5,0.03168945544716635,0.019838134513996533,0.0088718834640162,5,0.17245207454797554,0.020392652585926263,0.009119871484733599,5,0.7857647851599678,0.04625791400855462,0.020687168044093582,5
small_long,nomotor_xlink,1.75,pulse_01,5,0.020403950252518812,0.01734932028816856,0.007758851905552228,5,165.6,8.648699324175862,3.867815921162743,5,0.026779651172286274,0.010456571118724577,0.0046763207666058355,5,0.169352134218227,0.01854762955753688,0.008294752102427362,5,0.7833546881207435,0.03544331054115643,0.015850730343532127,5
small_long,nomotor_xlink,1.8,pulse_01,5,0.00856365451255862,0.0045869929433621824,0.0020513656067339364,5,165.6,9.09945053286186,4.069397989875161,5,0.033720454334489426,0.01679307185157455,0.007510090042231791,5,0.1690689265250669,0.01935114000644655,0.008654092899306041,5,0.7748029045115492,0.03752298911782884,0.01678079087729003,5
small_long,nomotor_xlink,1.85,pulse_01,5,0.009695515607021666,0.0038173128761946934,0.0017071542165113145,5,166.8,10.449880382090505,4.673328578219169,5,0.03582502006650614,0.015678459282376017,0.007011620147571069,5,0.1627481557925315,0.021931008975813508,0.00980784537701541,5,0.7813778116858544,0.03784925459758109,0.01692670123557755,5
small_long,nomotor_xlink,1.9,pulse_01,5,0.014199061638322,0.00807095617246193,0.0036094413290092787,5,167.2,11.099549540409285,4.963869458396342,5,0.035711744852709705,0.017279694090395863,0.007727714123305309,5,0.17246477784472064,0.022937440538629845,0.010257935254847144,5,0.7854045495716602,0.03875555678374689,0.01733201189486223,5
small_long,nomotor_xlink,1.9500000000000002,pulse_01,5,0.013149128671360089,0.012221991989940822,0.00546584098199312,5,167.2,11.541230437002808,5.1613951602255765,5,0.033039014588982195,0.019857229275933107,0.008880422901157072,5,0.16658398337208907,0.024235511826238672,0.010838450382593947,5,0.7883453044552051,0.0317911999549652,0.014217456837118088,5
small_long,nomotor_xlink,2.0,pulse_01,5,0.01004123238908609,0.009471323469550843,0.004235704622960968,5,167.2,11.541230437002808,5.1613951602255765,5,0.03286459598433103,0.0259583140968101,0.011608910980351689,5,0.16658398337208907,0.024235511826238672,0.010838450382593947,5,0.7738710669655923,0.05686810752952072,0.02543219083755519,5
small_long,nomotor_xlink,2.05,pulse_02,5,0.01713151400284755,0.008751604350514003,0.003913836447986441,5,174.0,14.422205101855956,6.449806198638839,5,0.03210889332151791,0.025022140941919794,0.011190241617742654,5,0.15791616142309906,0.025898372400474413,0.011582104238813038,5,0.7846780607448721,0.04490270138118473,0.020081098532340552,5
small_long,nomotor_xlink,2.1,pulse_02,5,0.00892127172262168,0.006141154936024941,0.0027464079794620277,5,174.4,14.310835055998654,6.3999999999999995,5,0.029783311926169072,0.02778893095197727,0.012427587726133824,5,0.15796753080806236,0.031161188478334587,0.013935707139447874,5,0.7777079638064132,0.04404909647861661,0.019699354814726667,5
small_long,nomotor_xlink,2.15,pulse_02,5,0.017365349030180093,0.017959174601241107,0.008031587045632558,5,174.0,14.212670403551895,6.356099432828281,5,0.02764026174086608,0.02244435801391251,0.010037422046090108,5,0.15331223105220904,0.03345739819793508,0.014962603344172359,5,0.7864378693043219,0.04047615131208466,0.01810148516027772,5
small_long,nomotor_xlink,2.2,pulse_02,5,0.017188557637779385,0.01846452850072264,0.00825758818001962,5,172.8,14.254823744964371,6.374950980203692,5,0.018683657155458246,0.017907620810557207,0.00800853148953916,5,0.15034360903316016,0.022983861713607813,0.010278695435416374,5,0.7876267574778246,0.025749605602520962,0.01151557370420926,5
small_long,nomotor_xlink,2.25,pulse_02,5,0.009295370634255251,0.0037167171890790107,0.0016621664575845213,5,172.4,13.520355024924458,6.04648658313239,5,0.021587740804567067,0.01930878396224324,0.008635150700486724,5,0.14627833691616182,0.022181866826426273,0.009920032418347335,5,0.7754132787244068,0.03396706522624825,0.01519053336841207,5
small_long,nomotor_xlink,2.3,pulse_02,5,0.012746877289251182,0.0072651015231951065,0.0032490521738603043,5,172.0,14.422205101855956,6.449806198638839,5,0.012359022556390977,0.016160715120771763,0.007227291515010877,5,0.1460573224505113,0.021616228257602628,0.009667071160230262,5,0.776159865686824,0.025584236364304503,0.011441618332601388,5
small_long,nomotor_xlink,2.35,pulse_02,5,0.005907134313692259,0.0020645163786636492,0.0009232797926707232,5,172.0,14.422205101855956,6.449806198638839,5,0.012359022556390977,0.016160715120771763,0.007227291515010877,5,0.1457837246392938,0.02206961865908493,0.009869833511842332,5,0.7815727794427911,0.02766898693856201,0.012373947132635689,5
small_long,nomotor_xlink,2.4,pulse_02,5,0.0076374962188464094,0.009788743906140032,0.004377659357693187,5,173.2,15.07315494513342,6.740919818541087,5,0.014442355889724312,0.016515255528691722,0.007385846805586784,5,0.14480969866526783,0.022069867125770512,0.009869944629522153,5,0.7819686571139637,0.02679683084146534,0.011983907068615877,5
small_long,nomotor_xlink,2.45,pulse_02,5,0.006159985943159555,0.0030590838092522327,0.0013680638692713984,5,173.2,15.07315494513342,6.740919818541087,5,0.018417493868840257,0.009627471277091884,0.004305536045400834,5,0.14217811971789943,0.024672849250886145,0.011034033624717237,5,0.7852599712385533,0.013905807968096354,0.006218866379744335,5
small_long,nomotor_xlink,2.5,pulse_02,5,0.008786450986765493,0.007160144020872384,0.0032021137518718646,5,174.0,15.362291495737216,6.870225614927067,5,0.01836687389388013,0.009674213735498111,0.004326439908287189,5,0.14423183145269472,0.02254535734825466,0.010082590321544363,5,0.7872499719230557,0.01540688468602743,0.006890168295891568,5
small_long,nomotor_xlink,2.55,pulse_02,5,0.011988144178224166,0.0092759456780888,0.004148329018360387,5,174.0,15.362291495737216,6.870225614927067,5,0.02304667684954515,0.007530753201432371,0.0033678552160353896,5,0.14653068202740735,0.019141248178336078,0.008560226420190697,5,0.7843992508949782,0.02573957739863662,0.011511088955093736,5
small_long,nomotor_xlink,2.6,pulse_02,5,0.009454385377587575,0.008398815470698824,0.0037560644645918927,5,174.0,15.362291495737216,6.870225614927067,5,0.02340548461947708,0.012340529929937533,0.005518852760342208,5,0.14495176560326647,0.019837720049718982,0.00887169810995643,5,0.7864307323062805,0.037229302909332115,0.016649450412039458,5
small_long,nomotor_xlink,2.65,pulse_02,5,0.002914706196250242,0.002633940066680574,0.0011779338075516184,5,173.2,15.07315494513342,6.740919818541087,5,0.02103986710963455,0.01870603276903329,0.008365592172179411,5,0.1407649714626459,0.024454198562959058,0.010936250064410824,5,0.7975247362959742,0.02832811427322388,0.012668717837862128,5
small_long,nomotor_xlink,2.7,pulse_02,5,0.006652863460576859,0.00480900944771756,0.002150654405907037,5,172.4,15.192103211866355,6.794115100585212,5,0.014250393425424024,0.010196659015114315,0.004560084540236332,5,0.13634391883106695,0.02394153618527505,0.010706980479209203,5,0.7933400061123306,0.032760197572569386,0.014650805745717749,5
small_long,nomotor_xlink,2.75,pulse_02,5,0.005902988829948619,0.003425232629717472,0.0015318105997597267,5,172.4,15.836666315863324,7.0823724838503095,5,0.011591751590311599,0.007543231144201942,0.003373435521685812,5,0.1383813494505409,0.025841304382664382,0.011556582645380158,5,0.7960023370256227,0.03478004207043438,0.015554107665958758,5
small_long,nomotor_xlink,2.8,pulse_02,5,0.007358914708606228,0.004932823700241003,0.0022060258229521855,5,172.4,15.836666315863324,7.0823724838503095,5,0.01639971745090904,0.012811644797087818,0.005729541733973972,5,0.1356786467478382,0.028592611387261338,0.012787004543230182,5,0.7944407229520849,0.01984073383474623,0.008873045915594529,5
small_long,nomotor_xlink,2.85,pulse_02,5,0.013486098394472132,0.007997258180951332,0.0035764825852446984,5,172.0,16.61324772583615,7.429670248402684,5,0.011628774915006159,0.007555465886819038,0.00337890706492162,5,0.13817263554319686,0.027180308971357543,0.01215540370188057,5,0.7904607040479154,0.020835042499058296,0.00931771426839829,5
small_long,nomotor_xlink,2.9,pulse_02,5,0.00907135640479151,0.008724887460006719,0.0039018882913221,5,171.6,16.637307474468336,7.4404300950953095,5,0.013606258875354257,0.01138417375818891,0.005091157278195931,5,0.1357065073270171,0.036129927372503375,0.016157794725409583,5,0.7954518601651562,0.030429972465700093,0.013608697397350458,5
small_long,nomotor_xlink,2.95,pulse_02,5,0.006815213552494162,0.0030741196570326004,0.0013747881048186467,5,171.2,16.09968943799849,7.200000000000001,5,0.011619555874969042,0.007706247533637246,0.0034463386673305955,5,0.1374402554114545,0.031871770493054626,0.014253489077148426,5,0.7809318314046221,0.03009456271783677,0.013458697598042768,5
small_long,nomotor_xlink,3.0,pulse_02,5,0.013393892454948523,0.007671554988268303,0.0034308236893791054,5,170.8,16.88786546606764,7.552483035399682,5,0.008806062523208955,0.009001756879689083,0.004025708059982237,5,0.13420355267038622,0.033931360828029625,0.015174565876109557,5,0.7814988906060352,0.0308465324381175,0.01379498868035661,5
small_long,nomotor_xlink,3.05,pulse_03,5,0.007662936023497421,0.005460024526562674,0.002441797200042049,5,178.4,19.969977466186585,8.930845424706442,5,0.006049228201919066,0.00886954177115949,0.003966579665917301,5,0.12426554532770528,0.029784861525662232,0.013320195014359769,5,0.7900684556284452,0.02930156057842302,0.013104056260036384,5
small_long,nomotor_xlink,3.1,pulse_03,5,0.007836832007800032,0.003938827250600124,0.0017614970967940952,5,178.4,19.969977466186585,8.930845424706442,5,0.004088443888193576,0.005606099192172405,0.002507123776460831,5,0.12410957517121124,0.034137005342367695,0.015266532898761528,5,0.7885647802400083,0.020857668452743304,0.009327832902497377,5
small_long,nomotor_xlink,3.15,pulse_03,5,0.004343424245696677,0.0024447779492440883,0.0010933379368804623,5,178.0,20.688160865577203,9.252026804976303,5,0.0062161034626616605,0.00942882141778333,0.0042166971275738934,5,0.12664545715442563,0.029166914414210328,0.01304384066481855,5,0.7914674648169227,0.027109070085058442,0.012123544703399335,5
small_long,nomotor_xlink,3.2,pulse_03,5,0.004717640496264197,0.002598392902068941,0.0011620366322558212,5,178.0,20.688160865577203,9.252026804976303,5,0.004088443888193576,0.0056060991921724045,0.0025071237764608305,5,0.12877311672889372,0.02964351217045818,0.013256981660997364,5,0.7896393368314818,0.03423009169474956,0.015308162381102199,5
small_long,nomotor_xlink,3.25,pulse_03,5,0.006378010357724599,0.003606905338912255,0.001613057105242944,5,178.0,20.688160865577203,9.252026804976303,5,0.006072106261859582,0.008884473016783493,0.003973257121958104,5,0.1269199938737118,0.02918530074537027,0.01305206328208464,5,0.7916446492141573,0.027420082065336908,0.012262633489343231,5
small_long,nomotor_xlink,3.3,pulse_03,5,0.005807543710557923,0.004163523782079836,0.001861984440533507,5,178.0,20.688160865577203,9.252026804976303,5,0.006049228201919066,0.008869541771159492,0.003966579665917302,5,0.12664545715442563,0.02916691441421033,0.013043840664818552,5,0.7979692566577529,0.03279088546109149,0.01466452978668202,5
small_long,nomotor_xlink,3.35,pulse_03,5,0.00938337405054385,0.004393848395239219,0.001964988738916651,5,177.2,19.829271292712697,8.867919710958144,5,0.006930091733740637,0.006456788699787121,0.002887563689815297,5,0.12578316651335128,0.025054890678862452,0.011204887745352459,5,0.7876568854286183,0.028713679071011414,0.012841147657378905,5
small_long,nomotor_xlink,3.4,pulse_03,5,0.010805328745554997,0.0022076335308582338,0.000987283728881378,5,177.2,19.829271292712697,8.867919710958144,5,0.004682900722504682,0.006538288318368004,0.0029240114272727283,5,0.13061306841970236,0.02713234627607111,0.012133954132471654,5,0.784382376829895,0.018543378834814276,0.008292851121435112,5
small_long,nomotor_xlink,3.45,pulse_03,5,0.007956372851391214,0.0014024485241785573,0.0006271940470015023,5,176.8,20.571825392998065,9.2,5,0.004227389031037936,0.005807800807243751,0.002597327480955036,5,0.12558681809474645,0.025807293504695936,0.01154137251835778,5,0.789132185439593,0.028396321050234097,0.012699220835846332,5
small_long,nomotor_xlink,3.5,pulse_03,5,0.01058772642171643,0.004717360129113926,0.0021096675846091844,5,176.8,20.571825392998065,9.2,5,0.009117652692843797,0.005288929673944393,0.002365281255831092,5,0.1256652084788593,0.03196849324904984,0.01429674480862371,5,0.7900426388436255,0.023343227117625237,0.010439408529845302,5
small_long,nomotor_xlink,3.55,pulse_03,5,0.0032290212472815783,0.0037088942772357646,0.001658667945051824,5,176.4,20.5621010599598,9.195651146058118,5,0.006403462926937856,0.005868569927748727,0.0026245042578314365,5,0.1280455724666898,0.03146948662641246,0.014073582262735758,5,0.7997450574216921,0.02284225099662379,0.010215365197512621,5
small_long,nomotor_xlink,3.6,pulse_03,5,0.0021662538151646427,0.0023039584156986912,0.0010303615269669983,5,176.4,20.5621010599598,9.195651146058118,5,0.004252925292529253,0.005846472625149194,0.0026146220436850487,5,0.13031829973941705,0.029490988698087132,0.01318877109052017,5,0.7966561177483162,0.018243326788308943,0.008158663766880342,5
small_long,nomotor_xlink,3.65,pulse_03,5,0.00564110870309588,0.006723285840026074,0.0030067448340920155,5,176.8,21.194338866782324,9.478396488858227,5,0.00643690334348293,0.005911361485353855,0.0026436412241650693,5,0.13004650785434618,0.029401549324660513,0.013148772586750788,5,0.8008385797701882,0.021025526057324356,0.00940290110537408,5
small_long,nomotor_xlink,3.7,pulse_03,5,0.007351833595432344,0.004865806650900961,0.0021760548873570274,5,176.4,21.92715211786519,9.80612053770501,5,0.010723269052557256,0.010793264128520056,0.004826894458096174,5,0.1277698341132696,0.03293589290661156,0.014729379087767315,5,0.7882783334282677,0.028447400219878953,0.01272206413495836,5
small_long,nomotor_xlink,3.75,pulse_03,5,0.007135279780704495,0.0030303381996683197,0.0013552084418545385,5,176.4,21.92715211786519,9.80612053770501,5,0.01103521201155904,0.008258673840165423,0.0036933912221218234,5,0.12753509232923205,0.03332322797150148,0.014902600594799946,5,0.8018951149195246,0.02769536400029892,0.012385743313253778,5
small_long,nomotor_xlink,3.8,pulse_03,5,0.009099829762683155,0.005573272539505753,0.002492443251093549,5,175.6,21.743964679883014,9.724196624914574,5,0.008572731418148655,0.011809337145833942,0.0052812961254596075,5,0.1214301535962525,0.035337946224516345,0.015803609988650116,5,0.7912403986982177,0.02112287608401733,0.00944643736083346,5
small_long,nomotor_xlink,3.85,pulse_03,5,0.00566925985618294,0.003027364333419494,0.0013538784884368654,5,175.6,21.743964679883014,9.724196624914574,5,0.008572731418148655,0.011809337145833942,0.0052812961254596075,5,0.1259029172144434,0.03337328838908503,0.014924988294139714,5,0.7913247842553194,0.02148921491038276,0.00961026906454358,5
small_long,nomotor_xlink,3.9,pulse_03,5,0.008806310905723938,0.006037910550619816,0.0027002356866498186,5,175.2,21.844907873461036,9.769339793455849,5,0.012921186465590737,0.008555672968600221,0.0038262132702095034,5,0.12178645971132082,0.030733536677943298,0.013744455440172854,5,0.7856814866610872,0.02825784999872243,0.012637294699027139,5
small_long,nomotor_xlink,3.95,pulse_03,5,0.013494659497274969,0.007296686890515993,0.003263177579545065,5,174.8,21.981810662454535,9.830564581955604,5,0.010781374018872917,0.013326398901308456,0.005959746767720844,5,0.11783687987938804,0.026164491338484735,0.011701116245911265,5,0.7853213703897985,0.026263583204302096,0.011745431475508246,5
small_long,nomotor_xlink,4.0,pulse_03,5,0.013748657460704194,0.012605840158890219,0.005637503101755055,5,174.8,22.47665455533808,10.05186549850325,5,0.00838014791814591,0.008348355820781361,0.0037334982231246347,5,0.11333164101828315,0.027785928711905866,0.012426245083556936,5,0.7817248719928057,0.03196411958492051,0.014294788846562923,5
small_long,nomotor_xlink,4.05,pulse_04,5,0.007355626617223295,0.0032071380355959854,0.0014342757321635527,5,182.8,24.641428530018302,11.019981851164728,5,0.010092592592592592,0.009888351351737983,0.004422205161577613,5,0.11036207555870477,0.030251068730694292,0.013528689214770143,5,0.7906404351082058,0.02202704262435145,0.009850792930267041,5
small_long,nomotor_xlink,4.1,pulse_04,5,0.004887869900007047,0.003227353525640471,0.0014433163741511407,5,182.0,24.041630560342615,10.751744044572488,5,0.008704908338261383,0.011930244073458812,0.005335367347283579,5,0.11100611546291535,0.030116186024311917,0.013468367834678115,5,0.7918798866311784,0.02169859535847483,0.009703906847562227,5
small_long,nomotor_xlink,4.15,pulse_04,5,0.010444456838769364,0.013541607686506536,0.006055991062332455,5,182.0,24.041630560342615,10.751744044572488,5,0.008446874234309917,0.009274819940549916,0.0041478255732280336,5,0.11432306374420205,0.02545043721312342,0.011381781533126854,5,0.7907652316456067,0.025339825285392845,0.01133231437522128,5
small_long,nomotor_xlink,4.2,pulse_04,5,0.009729259367198189,0.00802557345781315,0.0035891455620176483,5,182.0,24.041630560342615,10.751744044572488,5,0.01117150676157402,0.008089131162947188,0.003617569431852368,5,0.11911422357102346,0.02508192997653673,0.011216980086885165,5,0.7872741775331273,0.02645027671229847,0.011828923350475804,5
small_long,nomotor_xlink,4.25,pulse_04,5,0.007142623069160173,0.004473518454413973,0.0020006182725338874,5,182.0,24.041630560342615,10.751744044572488,5,0.009355493133583023,0.009601675169569602,0.00429399967540589,5,0.1195706010010851,0.025373727553446638,0.011347475930413221,5,0.7879805020804699,0.026386894294975195,0.011800577871733183,5
small_long,nomotor_xlink,4.3,pulse_04,5,0.012418226213360795,0.010822484919889722,0.004839962393267957,5,182.0,24.041630560342615,10.751744044572488,5,0.013232910270345951,0.009129948946569221,0.004083037295126274,5,0.12114211633664537,0.02963046703397603,0.013251147698607394,5,0.7931158835577895,0.01530065573544386,0.006842661264954902,5
small_long,nomotor_xlink,4.35,pulse_04,5,0.007649805708275373,0.004852942573795099,0.002170301897181726,5,181.2,24.560130292814,10.983624174196784,5,0.00846880405887132,0.009280769500521426,0.004150486297334536,5,0.12096598520895907,0.02988253792005154,0.013363877225890082,5,0.793694518684662,0.023667945261074942,0.010584626898301515,5
small_long,nomotor_xlink,4.4,pulse_04,5,0.006794861025645726,0.008558742778942655,0.003827586131130246,5,181.2,24.560130292814,10.983624174196784,5,0.00846880405887132,0.009280769500521426,0.004150486297334536,5,0.1187187941977231,0.0320887754394771,0.014350536639479296,5,0.7840243505131914,0.027450758351749965,0.0122763523416866,5
small_long,nomotor_xlink,4.45,pulse_04,5,0.009695708314339281,0.011248613050830324,0.00503053268684958,5,181.2,24.560130292814,10.983624174196784,5,0.00846880405887132,0.009280769500521426,0.004150486297334536,5,0.12096598520895907,0.024028095169656885,0.010745690833837427,5,0.7950223636157459,0.03514798119570661,0.015718655045096865,5
small_long,nomotor_xlink,4.5,pulse_04,5,0.00525221183723111,0.006689450104104294,0.002991613032974049,5,180.4,24.75479751482528,11.070682002478437,5,0.0039744220363994096,0.005458182946502389,0.0024409736204018878,5,0.11726291182703194,0.031040441108018978,0.013881707273821865,5,0.7973125512872983,0.02299678617976942,0.010284475432398424,5
small_long,nomotor_xlink,4.55,pulse_04,5,0.008184556788608608,0.005719813728887524,0.002557978463285811,5,180.4,24.75479751482528,11.070682002478437,5,0.008572123185824699,0.009476445982644847,0.004237995480459734,5,0.11688487969430066,0.02735755632985442,0.012234671130366827,5,0.7913067626216855,0.021904680603605422,0.00979607097101657,5
small_long,nomotor_xlink,4.6,pulse_04,5,0.0054416414518198095,0.0021321314232038693,0.0009535181598494448,5,180.0,24.08318915758459,10.770329614269007,5,0.006702964307320025,0.01018118446030909,0.004553164108943127,5,0.11749214829326364,0.031083714237060765,0.013901059605449176,5,0.7977049823919989,0.016933414854096013,0.007572853340992673,5
small_long,nomotor_xlink,4.65,pulse_04,5,0.004328615674968672,0.003368033615911894,0.0015062304231366823,5,180.0,24.08318915758459,10.770329614269007,5,0.006702964307320025,0.01018118446030909,0.004553164108943127,5,0.11749214829326364,0.031083714237060762,0.013901059605449174,5,0.7892979830818284,0.025019398018493188,0.01118901494509486,5
small_long,nomotor_xlink,4.7,pulse_04,5,0.007487884899955095,0.005931873663527814,0.0026528145491177815,5,179.6,23.891421054428722,10.684568311354464,5,0.0,0.0,0.0,5,0.11367926401512551,0.03284423256989431,0.01468838733901926,5,0.7916038281301419,0.025670402657815332,0.01148015307053327,5
small_long,nomotor_xlink,4.75,pulse_04,5,0.0029326406093766353,0.002306097000345067,0.001031317931095985,5,179.6,23.891421054428722,10.684568311354464,5,0.002127659574468085,0.004757591441488914,0.002127659574468085,5,0.11786490704266835,0.031385357898786596,0.014035958751969358,5,0.7943965016303078,0.026931816829456157,0.012044274637647364,5
small_long,nomotor_xlink,4.8,pulse_04,5,0.008686625952683259,0.0038753776529512345,0.0017331215740965097,5,179.6,23.891421054428722,10.684568311354464,5,0.0,0.0,0.0,5,0.11804793152219248,0.031148341058449578,0.0139299615986082,5,0.8016761601108888,0.03240202521445592,0.014490626197637127,5
small_long,nomotor_xlink,4.85,pulse_04,5,0.005234043926289115,0.004060256639623038,0.0018158019704583956,5,179.6,23.891421054428722,10.684568311354464,5,0.004014452027298274,0.005513481210285175,0.0024657037557730926,5,0.11835744205882966,0.026867089180244014,0.012015327552914942,5,0.804076624390297,0.029597283904163153,0.013236307751813836,5
small_long,nomotor_xlink,4.9,pulse_04,5,0.009181976777635947,0.005196678600658221,0.002324025321658053,5,179.2,23.731835158706122,10.613199329137279,5,0.004037330087238791,0.0055479675503737344,0.0024811265159197316,5,0.1163899289039452,0.03007907514331643,0.013451771344155952,5,0.7998415048997296,0.02340121492037268,0.010465341463607128,5
small_long,nomotor_xlink,4.95,pulse_04,5,0.006540029806114842,0.005718463370355288,0.002557374564591396,5,179.2,23.731835158706122,10.613199329137279,5,0.004397728645644557,0.0060242614224913895,0.002694131610984065,5,0.11675032746235096,0.03404059627518278,0.015223417453186965,5,0.8018844623889947,0.02475102831126755,0.011068996363403213,5
small_long,nomotor_xlink,5.0,pulse_04,5,0.004197440113737342,0.0034798250367989417,0.0015562250664176282,5,179.2,23.731835158706122,10.613199329137279,5,0.006284521098474746,0.005774742543292263,0.0025825433758723043,5,0.11863711991518115,0.034056583736118834,0.015230567263075093,5,0.7934556079862803,0.0282506726591567,0.012634084895193824,5
small_long,nomotor_xlink,5.05,pulse_05,5,0.008963005428310864,0.007876552940337359,0.0035225015605940355,5,190.8,26.668333281253254,11.926441212700459,5,0.004083333333333333,0.005593274731516612,0.002501388503300606,5,0.10931330072433285,0.0323869196042095,0.014483870763366605,5,0.7969581063780087,0.026682535698824374,0.01193279272692723,5
small_long,nomotor_xlink,5.1,pulse_05,5,0.0061660417692194726,0.0044860651136313726,0.0020062293091140135,5,190.4,26.660832695172893,11.923086848631103,5,0.002,0.00447213595499958,0.002,5,0.10908953888610895,0.029957365466055496,0.01339734112178095,5,0.7940182279273411,0.019206842265497553,0.008589560987753719,5
small_long,nomotor_xlink,5.15,pulse_05,5,0.010307084663814973,0.007484611212020366,0.0033472198910469257,5,190.0,26.49528259898354,11.849050594878898,5,0.0,0.0,0.0,5,0.1092309530275231,0.02972749907937328,0.013294541748508214,5,0.7979761892446444,0.024959595916841205,0.011162270632196623,5
small_long,nomotor_xlink,5.2,pulse_05,5,0.010298662754305115,0.005452538452486223,0.0024384493259381403,5,190.0,26.49528259898354,11.849050594878898,5,0.002127659574468085,0.004757591441488914,0.002127659574468085,5,0.11204543604357386,0.037411146253681506,0.01673077322788369,5,0.8035001289754179,0.026435105200076685,0.011822138443945928,5
small_long,nomotor_xlink,5.25,pulse_05,5,0.008572792953702205,0.0059953319684000975,0.0026811939658040475,5,189.6,26.510375327407193,11.855800268223145,5,0.0,0.0,0.0,5,0.11210860542365256,0.03137547592116452,0.01403153939722634,5,0.796929786277657,0.02113414365204338,0.00945147637044293,5
small_long,nomotor_xlink,5.3,pulse_05,5,0.005282847594029771,0.004354988004674908,0.001947609843929853,5,189.2,26.743223440714846,11.959933110180842,5,0.0,0.0,0.0,5,0.11041344185241161,0.03631767982754511,0.01624176017589274,5,0.7909086190770648,0.0338008228829107,0.015116187532323746,5
small_long,nomotor_xlink,5.35,pulse_05,5,0.009218430851788965,0.005719290383943453,0.0025577444163116863,5,189.2,26.743223440714846,11.959933110180842,5,0.0,0.0,0.0,5,0.10615812270347544,0.029774534968312134,0.013315576837518096,5,0.7894014470338149,0.029360982233754253,0.013130630432167625,5
small_long,nomotor_xlink,5.4,pulse_05,5,0.006338330210393562,0.0052218949632353885,0.0023353024218316187,5,189.2,26.743223440714846,11.959933110180842,5,0.00202020202020202,0.00451730904545412,0.0020202020202020198,5,0.11283123682339809,0.029271571119325997,0.013090644566206507,5,0.7950643397321168,0.0152429585114181,0.006816858281947975,5
small_long,nomotor_xlink,5.45,pulse_05,5,0.005838550057890816,0.0038681865652667393,0.0017299056219175712,5,189.2,26.743223440714846,11.959933110180842,5,0.00202020202020202,0.00451730904545412,0.0020202020202020198,5,0.11257871157087282,0.027600344952107028,0.012343249503070898,5,0.7984149075250526,0.013549501108865257,0.006059521108126299,5
small_long,nomotor_xlink,5.5,pulse_05,5,0.005238425908886413,0.0022051533414129245,0.00098617455444202,5,189.2,26.743223440714846,11.959933110180842,5,0.0,0.0,0.0,5,0.11245796321384227,0.026784571541965573,0.011978424543208277,5,0.8046506058022732,0.012960738659834495,0.00579621853639989,5
small_long,nomotor_xlink,5.55,pulse_05,5,0.00577061259869495,0.0035393897178756214,0.0015828632016067384,5,189.2,26.743223440714846,11.959933110180842,5,0.0,0.0,0.0,5,0.1143330975357851,0.02799207042593995,0.012518434460672644,5,0.8012795681695879,0.020117742893551643,0.008996928132768957,5
small_long,nomotor_xlink,5.6,pulse_05,5,0.0067717609853234165,0.005576995552949668,0.002494108233321897,5,189.2,26.743223440714846,11.959933110180842,5,0.0,0.0,0.0,5,0.11291171190387317,0.027844972480525344,0.012452650259613122,5,0.7978388713498062,0.023235701017473947,0.010391321395986555,5
small_long,nomotor_xlink,5.65,pulse_05,5,0.009606891921120637,0.005787374873612825,0.002588192725734506,5,189.2,26.743223440714846,11.959933110180842,5,0.00202020202020202,0.00451730904545412,0.0020202020202020198,5,0.11802392473512682,0.03168529767343032,0.014170095897021225,5,0.7985976734541467,0.019978650263360802,0.008934724017513766,5
small_long,nomotor_xlink,5.7,pulse_05,5,0.010755409187417915,0.00804813085352557,0.0035992335360593153,5,189.2,26.743223440714846,11.959933110180842,5,0.00202020202020202,0.00451730904545412,0.0020202020202020198,5,0.1180127139253679,0.033823701202136416,0.015126419027723676,5,0.8009744854383255,0.02317513564212712,0.010364235736714895,5
small_long,nomotor_xlink,5.75,pulse_05,5,0.010182147196981952,0.008397880305935234,0.0037556462461955822,5,189.2,26.743223440714846,11.959933110180842,5,0.00202020202020202,0.00451730904545412,0.0020202020202020198,5,0.11727047370944348,0.03312413106823315,0.014813561752836409,5,0.8006367486198824,0.026827197230578984,0.011997487330673741,5
small_long,nomotor_xlink,5.8,pulse_05,5,0.012314796771429467,0.009395648667799671,0.0042018618227810806,5,189.2,26.743223440714846,11.959933110180842,5,0.0037745879851143007,0.005189884045450624,0.0023209867041938405,5,0.12115251924882382,0.03656133480780926,0.01635072599567814,5,0.8089309459187449,0.016072266524923134,0.007187736100444489,5
small_long,nomotor_xlink,5.85,pulse_05,5,0.003992388376829847,0.0024472495132550538,0.0010944432539083146,5,188.8,26.59323222175146,11.892854997854805,5,0.003508771929824561,0.00784585255263084,0.003508771929824561,5,0.12184071993702454,0.04142247807211233,0.01852469535314752,5,0.8059562712861034,0.0318376069134609,0.014238210659883167,5
small_long,nomotor_xlink,5.9,pulse_05,5,0.005300114932108224,0.004755851103770106,0.002126881271779473,5,188.0,26.49528259898354,11.849050594878898,5,0.003810727830955391,0.005239983714076249,0.0023433919571332626,5,0.11809036378797252,0.039546053651322965,0.01768553284124238,5,0.8066583284117478,0.028353942769509668,0.012680268692552453,5
small_long,nomotor_xlink,5.95,pulse_05,5,0.008816434087404741,0.009564487570815133,0.004277368875658894,5,187.6,26.359059163786554,11.788129622633098,5,0.001801801801801802,0.004028951310810432,0.0018018018018018018,5,0.12151175178385669,0.04047028612390661,0.01809886216838433,5,0.8085301460285482,0.019806068068453937,0.008857542913610192,5
small_long,nomotor_xlink,6.0,pulse_05,5,0.01536877109542667,0.009079402891836584,0.004060432412250954,5,187.2,25.635912310662945,11.46472851837321,5,0.0,0.0,0.0,5,0.11928602763763982,0.03760687418128908,0.016818305418128825,5,0.8029672497687474,0.024069966936640153,0.01076441645729995,5
small_long,nomotor_xlink,6.05,pulse_06,5,0.01653935968295531,0.0057356937314588146,0.0025650802163322667,5,192.4,26.053790511171304,11.651609330903606,5,0.0,0.0,0.0,5,0.11582212336015811,0.03569866784720408,0.01596492960250688,5,0.8024342706728957,0.02663397935600294,0.01191107767026973,5
small_long,nomotor_xlink,6.1,pulse_06,5,0.016489938475015054,0.007925291198069359,0.003544297972072767,5,192.4,26.053790511171304,11.651609330903606,5,0.0,0.0,0.0,5,0.12011013069792469,0.03927683439599058,0.017565134330087363,5,0.8077834406461009,0.01737756732494286,0.007771484364430282,5
small_long,nomotor_xlink,6.15,pulse_06,5,0.007540924331057205,0.004707379931010212,0.0021052043043314206,5,192.0,25.96150997149434,11.610340218959994,5,0.0,0.0,0.0,5,0.11640499287159907,0.04166691277954846,0.01863400987752501,5,0.795080726424201,0.021324993829264553,0.009536827164399816,5
small_long,nomotor_xlink,6.2,pulse_06,5,0.00946835912019912,0.00907171519593856,0.004056994370127289,5,192.0,25.96150997149434,11.610340218959994,5,0.0,0.0,0.0,5,0.12701775702953383,0.03424742191567059,0.015315912691511101,5,0.8076626288183084,0.029089074837473375,0.013009029747833823,5
small_long,nomotor_xlink,6.25,pulse_06,5,0.010636779925990946,0.006068967054818193,0.0027141245775560343,5,192.0,25.96150997149434,11.610340218959994,5,0.0,0.0,0.0,5,0.12922013798191478,0.043114805894138054,0.019281527363200258,5,0.8037832835208448,0.03321249072295195,0.01485307739172034,5
small_long,nomotor_xlink,6.3,pulse_06,5,0.006265918305035814,0.004413110798105138,0.0019736031473602876,5,192.0,25.96150997149434,11.610340218959994,5,0.0,0.0,0.0,5,0.13146732899315075,0.0444835188838993,0.01989363442055888,5,0.7989015535276667,0.024442936719706942,0.01093121361499809,5
small_long,nomotor_xlink,6.35,pulse_06,5,0.006297165475691917,0.006002546881768739,0.0026844205731528584,5,192.0,25.96150997149434,11.610340218959994,5,0.0,0.0,0.0,5,0.13176901488489876,0.04177709854326375,0.018683286449089037,5,0.8063084415461864,0.020784176291313898,0.009294966208743469,5
small_long,nomotor_xlink,6.4,pulse_06,5,0.008487098315758779,0.006242708610560125,0.00279182416338714,5,192.0,25.96150997149434,11.610340218959994,5,0.002040816326530612,0.004563404035713856,0.002040816326530612,5,0.13651620589613472,0.04607928439870966,0.020607282454012065,5,0.7973652804066401,0.02400556103152952,0.010735613260903996,5
small_long,nomotor_xlink,6.45,pulse_06,5,0.010020315622726688,0.010573796484339811,0.004728745543846421,5,191.2,25.830214865540704,11.55162326255492,5,0.0,0.0,0.0,5,0.13050480510322487,0.04946245026253909,0.022120280224147946,5,0.7974042260011203,0.0275003556123667,0.01229853291093396,5
small_long,nomotor_xlink,6.5,pulse_06,5,0.007654401953785329,0.0038727250645538103,0.001731935300501916,5,191.2,25.830214865540704,11.55162326255492,5,0.0,0.0,0.0,5,0.13030648321153912,0.049546911181278866,0.022158052295296788,5,0.8012262280170968,0.028123430033264712,0.012577180262967813,5
small_long,nomotor_xlink,6.55,pulse_06,5,0.005727121572265877,0.0020191439562420982,0.0009029886285030384,5,191.2,25.830214865540704,11.55162326255492,5,0.0,0.0,0.0,5,0.12824462754143606,0.053685496221125346,0.02400888379124887,5,0.7898682133920032,0.027796658708445436,0.012431043683889099,5
small_long,nomotor_xlink,6.6,pulse_06,5,0.007879853852312971,0.004736265276977554,0.002118122223758736,5,190.8,25.083859352181037,11.217842929904126,5,0.0,0.0,0.0,5,0.1266885634682095,0.05434495456964247,0.02430380253037168,5,0.7986089488647528,0.028559679618616184,0.01277227700856821,5
small_long,nomotor_xlink,6.65,pulse_06,5,0.006383705985312,0.004628464332098452,0.00206991217560106,5,190.8,25.083859352181037,11.217842929904126,5,0.0,0.0,0.0,5,0.1266885634682095,0.054344954569642466,0.024303802530371676,5,0.7929969355619384,0.02108889949325855,0.009431242567517397,5
small_long,nomotor_xlink,6.7,pulse_06,5,0.007477754659801954,0.005662427506928374,0.002532314564631301,5,190.8,25.083859352181037,11.217842929904126,5,0.0,0.0,0.0,5,0.13143575447944547,0.058904738845239966,0.026343000050965806,5,0.8073838616817539,0.015920484570547608,0.0071198571468961995,5
small_long,nomotor_xlink,6.75,pulse_06,5,0.009513551395840602,0.005448448258157116,0.002436620135425927,5,190.8,25.083859352181037,11.217842929904126,5,0.0,0.0,0.0,5,0.12912108982057832,0.05743436147672227,0.025685427301249238,5,0.7965768499720378,0.023169631359087155,0.010361774146505943,5
small_long,nomotor_xlink,6.8,pulse_06,5,0.0035635235390617304,0.004339788266470901,0.001940812314356981,5,190.8,25.083859352181037,11.217842929904126,5,0.0,0.0,0.0,5,0.13412108982057833,0.06322335213733585,0.028274342628897914,5,0.7959753668669864,0.026347295494825892,0.01178286874994093,5
small_long,nomotor_xlink,6.85,pulse_06,5,0.00605373107154444,0.002814349832579735,0.0012586155076226878,5,190.8,25.083859352181037,11.217842929904126,5,0.0,0.0,0.0,5,0.13349761014954856,0.055009845060635366,0.024601150597462342,5,0.7971507232280872,0.02258306302497625,0.010099452812801784,5
small_long,nomotor_xlink,6.9,pulse_06,5,0.005943655424445712,0.003735640955232357,0.0016706294230863596,5,190.8,25.083859352181037,11.217842929904126,5,0.0,0.0,0.0,5,0.1291210898205783,0.05743436147672226,0.025685427301249234,5,0.7996062045573937,0.02842123671740825,0.012710363460947565,5
small_long,nomotor_xlink,6.95,pulse_06,5,0.004095902228156145,0.003310237328176983,0.0014803831374922028,5,190.8,25.083859352181037,11.217842929904126,5,0.0,0.0,0.0,5,0.1291210898205783,0.05743436147672226,0.025685427301249234,5,0.7888708314872747,0.023718686544381834,0.010607319090049472,5
small_long,nomotor_xlink,7.0,pulse_06,5,0.007083566981181259,0.004119691612934129,0.0018423820985712927,5,190.8,25.083859352181037,11.217842929904126,5,0.0,0.0,0.0,5,0.13368294549068144,0.0563210309317879,0.02518753074526921,5,0.7920338803467377,0.022212433251793902,0.009933702139337574,5
small_long,nomotor_xlink,7.05,pulse_07,5,0.013127305437000442,0.008871056765519759,0.003967257191992319,5,198.4,26.735743864721623,11.956588142108098,5,0.0,0.0,0.0,5,0.13060910096441875,0.05438115497568475,0.024319991844116404,5,0.8031796785398242,0.01313848586316133,0.005875709502289747,5
small_long,nomotor_xlink,7.1,pulse_07,5,0.006862209298777626,0.004498901044103566,0.0020119697117320706,5,198.4,26.735743864721623,11.956588142108098,5,0.0,0.0,0.0,5,0.13054629689542271,0.06020586449356151,0.026924881130348896,5,0.7948698367759264,0.023732068433041088,0.010613303652591357,5
small_long,nomotor_xlink,7.15,pulse_07,5,0.0075763149626792686,0.0045284632236200295,0.0020251903203244432,5,198.4,26.735743864721623,11.956588142108098,5,0.0,0.0,0.0,5,0.12820110517256997,0.059544053964102,0.026628910463929577,5,0.7936491001260783,0.011466575824250229,0.005128008602435838,5
small_long,nomotor_xlink,7.2,pulse_07,5,0.0053397832970980995,0.004396222823617008,0.001966050615568739,5,198.4,26.735743864721623,11.956588142108098,5,0.0,0.0,0.0,5,0.13265156005331744,0.0624631832838423,0.027934384782739984,5,0.8011263999910552,0.01994259033105468,0.008918597525533659,5
small_long,nomotor_xlink,7.25,pulse_07,5,0.004346091954642721,0.0020932259818175294,0.0009361191175225468,5,198.4,26.735743864721623,11.956588142108098,5,0.002105263157894737,0.0047075115315785045,0.002105263157894737,5,0.13465156005331744,0.05880809013804385,0.026299777435120207,5,0.8079960775719652,0.02143649133665498,0.009586690365569172,5
small_long,nomotor_xlink,7.3,pulse_07,5,0.004795523621374172,0.004718060321048085,0.0021099807199616,5,198.4,26.735743864721623,11.956588142108098,5,0.0042105263157894745,0.009415023063157012,0.0042105263157894745,5,0.13947083716175118,0.0642619242492176,0.028738806197238537,5,0.797294229884218,0.026055488011391164,0.011652368476080291,5
small_long,nomotor_xlink,7.35,pulse_07,5,0.008609655112897057,0.005600154836738845,0.0025044653798944588,5,198.4,26.735743864721623,11.956588142108098,5,0.002105263157894737,0.0047075115315785045,0.002105263157894737,5,0.13736557400385646,0.06235850137573904,0.02788756961023333,5,0.8095578742308611,0.020802061242755892,0.009302964602183186,5
small_long,nomotor_xlink,7.4,pulse_07,5,0.005461250539213728,0.0019510353638411723,0.0008725295400109792,5,198.4,26.735743864721623,11.956588142108098,5,0.004210526315789474,0.009415023063157009,0.004210526315789474,5,0.13536557400385646,0.0659197281839612,0.029480198655529203,5,0.8092602355432831,0.025175704890217757,0.011258917503200157,5
small_long,nomotor_xlink,7.45,pulse_07,5,0.004413372157660393,0.0023067515042720413,0.0010316106341504362,5,198.4,26.735743864721623,11.956588142108098,5,0.00631578947368421,0.014122534594735513,0.00631578947368421,5,0.13944187922473997,0.0681859980156402,0.030493705335327446,5,0.805484552821671,0.017967049509128176,0.008035108811502966,5
small_long,nomotor_xlink,7.5,pulse_07,5,0.006726725696412528,0.003060398659690023,0.0013686518882632273,5,198.4,26.735743864721623,11.956588142108098,5,0.00631578947368421,0.014122534594735513,0.00631578947368421,5,0.14113750382841786,0.06307948934157419,0.028210005230746665,5,0.8073288661254736,0.022697163594524537,0.010150480138758067,5
small_long,nomotor_xlink,7.55,pulse_07,5,0.006772966960789779,0.00531417971346747,0.002376573416792723,5,198.4,26.735743864721623,11.956588142108098,5,0.00631578947368421,0.014122534594735513,0.00631578947368421,5,0.1411375038284178,0.06307948934157419,0.028210005230746665,5,0.8076369318494176,0.029600336862241807,0.013237673076173101,5
small_long,nomotor_xlink,7.6,pulse_07,5,0.005952887760062811,0.003461165940468831,0.0015478804648590592,5,198.4,26.735743864721623,11.956588142108098,5,0.00631578947368421,0.014122534594735513,0.00631578947368421,5,0.1397752125580733,0.06575684065328567,0.029407353137273686,5,0.8080497512322979,0.03183585677226886,0.014237427972948044,5
small_long,nomotor_xlink,7.65,pulse_07,5,0.005496657287510143,0.0035573388911107925,0.0015908903159054908,5,198.4,26.735743864721623,11.956588142108098,5,0.00631578947368421,0.014122534594735513,0.00631578947368421,5,0.14188047571596804,0.06747067510337844,0.030173803203791365,5,0.8073428926760959,0.027875039715327843,0.012466096735795887,5
small_long,nomotor_xlink,7.7,pulse_07,5,0.009372613967734218,0.008843368092605365,0.0039548744410236505,5,198.4,26.735743864721623,11.956588142108098,5,0.00631578947368421,0.014122534594735513,0.00631578947368421,5,0.14592129204249865,0.0646572102064997,0.028915583451445306,5,0.8077780142247253,0.03285682210661672,0.014694017551002567,5
small_long,nomotor_xlink,7.75,pulse_07,5,0.008483369626820222,0.0061017852895050104,0.0027288013382882875,5,198.0,26.90724809414742,12.033287165193057,5,0.00425531914893617,0.009515182882977829,0.00425531914893617,5,0.14202829206535217,0.05803327686366474,0.02595327040484403,5,0.8114440967619535,0.022198469513404605,0.009927457365685875,5
small_long,nomotor_xlink,7.8,pulse_07,5,0.0056831727509254765,0.0033839834606812437,0.0015133634105636495,5,198.0,26.90724809414742,12.033287165193057,5,0.00425531914893617,0.009515182882977829,0.00425531914893617,5,0.14573577505854943,0.057229747119867044,0.025593920979029103,5,0.8084895007145766,0.024665878897707955,0.011030916388010513,5
small_long,nomotor_xlink,7.85,pulse_07,5,0.01068449466594119,0.006621278841440304,0.0029611259174883143,5,198.0,26.90724809414742,12.033287165193057,5,0.00425531914893617,0.009515182882977829,0.00425531914893617,5,0.14458316461678233,0.045492555690003204,0.0203448893986084,5,0.8108531218211622,0.028985763223919936,0.012962827389679686,5
small_long,nomotor_xlink,7.9,pulse_07,5,0.006212313603814594,0.006535287791113237,0.002922669550690729,5,198.0,26.90724809414742,12.033287165193057,5,0.00425531914893617,0.009515182882977829,0.00425531914893617,5,0.14986343463301752,0.05530604143005981,0.02473361364080668,5,0.8151891025052149,0.019915726813574123,0.008906583795293403,5
small_long,nomotor_xlink,7.95,pulse_07,5,0.005080545302820797,0.003819143896179385,0.0017079730735421008,5,198.0,26.90724809414742,12.033287165193057,5,0.00425531914893617,0.009515182882977829,0.00425531914893617,5,0.1515301012996842,0.05384798063812323,0.02408154903158721,5,0.8084418750635101,0.026598731146732182,0.011895314191866818,5
small_long,nomotor_xlink,8.0,pulse_07,5,0.009074910771178531,0.005234238574276721,0.002340822652506866,5,198.0,26.90724809414742,12.033287165193057,5,0.00425531914893617,0.009515182882977829,0.00425531914893617,5,0.1515301012996842,0.05384798063812325,0.02408154903158722,5,0.8152297302392133,0.01938749326199421,0.008670350569427639,5
small_long,rotatable_xlink,0.0,initial,5,0.31226405381546557,0.289223465738304,0.12934466601578581,5,27.6,10.13903348450926,4.534313619501853,5,0.3316806722689075,0.3244956650276048,0.1451188730811451,5,0.5389228418640183,0.21823684996823198,0.0975984863448779,5,0.5514615809563995,0.11744756287085426,0.05252414687418209,5
small_long,rotatable_xlink,0.05,initial,5,0.25268935086155675,0.2423544284868062,0.10838419534892202,5,36.8,9.654014708917735,4.31740662898458,5,0.2294372294372294,0.2007801821556295,0.08979162716695556,5,0.44085497835497833,0.18239900431159448,0.0815713145338005,5,0.5934204887964356,0.08171721545882464,0.03654504973958571,5
small_long,rotatable_xlink,0.1,initial,5,0.14697094903678237,0.1463417222908435,0.06544600779734445,5,49.2,14.184498581197715,6.343500610861482,5,0.18714285714285714,0.15389500794173852,0.06882393983111947,5,0.3769068322981367,0.15061804554577618,0.06735843769570299,5,0.6638379426348224,0.0629314072127034,0.028143780889465075,5
small_long,rotatable_xlink,0.15000000000000002,initial,5,0.09911217393454247,0.07249119380333398,0.03241904742287326,5,54.4,13.520355024924456,6.046486583132389,5,0.15166595166595168,0.11060487243082186,0.049464002679602014,5,0.35838860838860837,0.1571499462225456,0.07027959248280966,5,0.6941013922917236,0.03383308740088263,0.015130616663413048,5
small_long,rotatable_xlink,0.2,initial,5,0.07618927072485282,0.07027816607170714,0.03142935133407131,5,62.8,15.139352694220449,6.770524351924302,5,0.13446969696969696,0.0914634234424577,0.04090368645443664,5,0.33813535602328704,0.14138756250602366,0.06323044018729389,5,0.7242789402315324,0.046690055811980914,0.02088042773376969,5
small_long,rotatable_xlink,0.25,initial,5,0.07259888400535233,0.02963864722453608,0.01325480599103963,5,67.2,15.84929020492716,7.08801805866774,5,0.12638146167557934,0.08581966769228025,0.03837972215327622,5,0.3251002673796791,0.14589715354359095,0.06524719060943873,5,0.7237405648365216,0.025209063124213484,0.011273835758964915,5
small_long,rotatable_xlink,0.30000000000000004,initial,5,0.08130788624158933,0.055128228978368325,0.02465409349496107,5,75.2,16.52876280911551,7.391887445030531,5,0.11324561403508773,0.07644826171333433,0.03418870199054202,5,0.29950071123755334,0.13840306060932536,0.061895730363294994,5,0.7506092888769121,0.04562619418882544,0.020404654352163914,5
small_long,rotatable_xlink,0.35000000000000003,initial,5,0.056302957262021815,0.06134465082734966,0.02743416186118851,5,81.2,15.006665185843255,6.711184694225007,5,0.10356057511314029,0.0672508586910616,0.030075498315689248,5,0.29556698305899315,0.15063996101965757,0.06736823859357458,5,0.7462715403891027,0.03294106404254348,0.014731691690060248,5
small_long,rotatable_xlink,0.4,initial,5,0.04754574825868179,0.028122897874828582,0.012576942274480215,5,88.0,14.422205101855956,6.449806198638839,5,0.10138045660643291,0.06830527686583925,0.030547048458792067,5,0.2868382163778696,0.13155301950862103,0.05883229885332652,5,0.7551173083726137,0.033155691536395505,0.014827676023278958,5
small_long,rotatable_xlink,0.45,initial,5,0.03474940523719247,0.023282358710364968,0.01041218735058208,5,96.0,15.811388300841896,7.071067811865475,5,0.09640378900013788,0.06390713573288043,0.028580139949205295,5,0.25303291452987187,0.10644440834624072,0.047603386577388045,5,0.7766523617473784,0.024552477818634334,0.010980201883704424,5
small_long,rotatable_xlink,0.5,initial,5,0.03960487700051269,0.03945895580978395,0.017646581502367434,5,99.2,16.769019053003667,7.49933330370107,5,0.08761557983007835,0.05928776881129823,0.026514296259270945,5,0.24806728965616748,0.0907689450402565,0.04059310627119118,5,0.7793052351698903,0.034897168461426605,0.015606488180402327,5
small_long,rotatable_xlink,0.55,initial,5,0.03382373857060775,0.037105168526932804,0.016593935828561498,5,104.4,14.791889669680478,6.615134163416491,5,0.08623227072807241,0.06158095534854435,0.027539840455744886,5,0.22723098235453293,0.09513983049763378,0.04254782567210335,5,0.7882656539631776,0.016565872874791103,0.007408483570930553,5
small_long,rotatable_xlink,0.6000000000000001,initial,5,0.061744953115685085,0.07592279297460237,0.033953705226570874,5,108.0,16.06237840420901,7.183313998427188,5,0.08502747252747253,0.06250033543899572,0.027950999731626715,5,0.2282768888032046,0.1030359126852731,0.04607906097760071,5,0.7913624270577069,0.02320375509540548,0.010377034745316755,5
small_long,rotatable_xlink,0.65,initial,5,0.06939269261880707,0.07419825293090851,0.03318246747304689,5,112.0,17.435595774162696,7.797435475847172,5,0.08887901036095194,0.058802047000121246,0.026297074861681737,5,0.2473709657999606,0.10615158510762406,0.04747243204400034,5,0.7736948656674263,0.04159354164980198,0.018601197310785196,5
small_long,rotatable_xlink,0.7000000000000001,initial,5,0.0519689994296183,0.025859206649781332,0.01156458878262513,5,114.4,17.57270610919104,7.858753081755401,5,0.08960912921854228,0.059353045056046175,0.02654348868338541,5,0.24660314179161244,0.11926781179855063,0.05333818694184213,5,0.7850114837830102,0.030104627838377664,0.013463198856789002,5
small_long,rotatable_xlink,0.75,initial,5,0.054862248523635436,0.029974019445584355,0.013404789007845435,5,118.0,17.26267650163207,7.7201036262475125,5,0.08332060550520994,0.05899869995955054,0.02638502073873382,5,0.23387893289889022,0.13427396520769538,0.06004914276256971,5,0.7903563267343625,0.03547852592081104,0.01586647914008436,5
small_long,rotatable_xlink,0.8,initial,5,0.06333938092156405,0.023351533648401965,0.010443123323340093,5,122.4,20.707486568871655,9.26066952223218,5,0.07277508513272965,0.05309656462333687,0.02374550557389835,5,0.2465898760515083,0.16105499170574925,0.07202598191394402,5,0.7919546766127614,0.03641657130779207,0.016285985790338298,5
small_long,rotatable_xlink,0.8500000000000001,initial,5,0.0497704242182329,0.04417829352558923,0.01975713349063127,5,128.8,21.382235617446554,9.562426470305535,5,0.07299168700172151,0.0662262826243754,0.02961729396904331,5,0.24179418782020337,0.17438334846959647,0.07798660426441031,5,0.7961727967997009,0.03480668944991575,0.015566024736347276,5
small_long,rotatable_xlink,0.9,initial,5,0.040817826755119656,0.05861236622881588,0.02621224704194906,5,131.2,21.93627133311402,9.810198774744576,5,0.07463423831070891,0.08660249481826396,0.0387298130869423,5,0.2348837628696964,0.18176806490187733,0.08128914985183827,5,0.7894943373777603,0.03792385907952611,0.016960065374188597,5
small_long,rotatable_xlink,0.9500000000000001,initial,5,0.07709685075178777,0.08017371805813826,0.03585477671737992,5,135.2,24.883729623993265,11.128342194594843,5,0.08217098228692182,0.09372244211896555,0.04191395031905928,5,0.24946449576988913,0.18627444119009084,0.08330446259436598,5,0.7944703912954274,0.048407598198325616,0.021648536039790483,5
small_long,rotatable_xlink,1.0,initial,5,0.08570146903176434,0.08817290561044826,0.039432122143726975,5,136.4,23.723406163533937,10.609429767899874,5,0.09737568428044621,0.12152847697767794,0.05434918714482121,5,0.26507192102430205,0.20934204010981275,0.09362060644680577,5,0.7866783137984266,0.02814030087665788,0.012584725133500788,5
small_long,rotatable_xlink,1.05,pulse_01,5,0.0460268267839636,0.04790545550045257,0.021423970998420628,5,147.6,24.592681838303037,10.998181667894016,5,0.1161170653412033,0.12058445264131815,0.05392700662711829,5,0.2705703116910014,0.20652491686992167,0.09236075063372758,5,0.799635501660216,0.03826843733879921,0.017114165456449237,5
small_long,rotatable_xlink,1.1,pulse_01,5,0.04313720530650399,0.030946523391908815,0.013839705994319095,5,151.6,27.87113201863175,12.464349160706305,5,0.14133994819734622,0.14186698480418442,0.06344484435701721,5,0.2713136954557952,0.2215940191931735,0.09909985806466581,5,0.8039872249573031,0.04548720644092212,0.020342497141693627,5
small_long,rotatable_xlink,1.15,pulse_01,5,0.030163240428068692,0.01344399659709176,0.006012338056074605,5,154.8,26.892378102354577,12.026637102698325,5,0.15019100359383603,0.1474008943123886,0.06591968392535259,5,0.2691853059083586,0.2178645385760491,0.0974319836285342,5,0.8016766850075943,0.04586219558999045,0.020510197387321943,5
small_long,rotatable_xlink,1.2,pulse_01,5,0.02521890545168669,0.021455744725596478,0.009595300742863258,5,156.4,26.510375327407193,11.855800268223145,5,0.14203965248107858,0.14542040218410826,0.06503398091980499,5,0.2712224108658743,0.21884925599580116,0.09787236264637296,5,0.7960682711040511,0.05099779430392713,0.022806906953226527,5
small_long,rotatable_xlink,1.25,pulse_01,5,0.05656322385718397,0.05434668599556074,0.024304576847581926,5,158.0,27.09243436828813,12.116104984688766,5,0.15052666922317037,0.1481695898645039,0.06626345502705891,5,0.2758394699991445,0.21641436649406387,0.09678344695765592,5,0.7885102844198668,0.056784648342463794,0.02539486675443396,5
small_long,rotatable_xlink,1.3,pulse_01,5,0.04357546425488289,0.04202347232733235,0.018793468154899285,5,160.4,28.439409276565506,12.718490476467718,5,0.18456962689837056,0.16347010931895703,0.07310605534530196,5,0.2870684901495548,0.21757363533219454,0.0973018877429074,5,0.7911878208398578,0.03777569441773975,0.016893804123065084,5
small_long,rotatable_xlink,1.35,pulse_01,5,0.019921371063453354,0.017796136212135247,0.007958674061436006,5,161.2,27.66224864323217,12.370933675353692,5,0.18639891768276268,0.1534367812359003,0.06861901461844745,5,0.28844315464087833,0.21853530069010946,0.09773195756528828,5,0.7881325226356071,0.04666112159112769,0.02086748795682893,5
small_long,rotatable_xlink,1.4,pulse_01,5,0.02889893206446305,0.043203405172688954,0.01932115016511971,5,162.4,27.400729917285048,12.25397894563231,5,0.1795109507217521,0.14757566733191177,0.06599784479580995,5,0.2847233283557325,0.21253210747750612,0.095047247944199,5,0.8015046409726383,0.04700948928823388,0.021023282727207833,5
small_long,rotatable_xlink,1.45,pulse_01,5,0.019432060378536047,0.025124610112667662,0.011236067224020707,5,163.2,26.59323222175146,11.892854997854805,5,0.17177662019537038,0.13944557743973512,0.06236195806339176,5,0.2741026530416097,0.20375619882371163,0.09112254228135637,5,0.794363754708127,0.05080045600917148,0.02271865458489902,5
small_long,rotatable_xlink,1.5,pulse_01,5,0.024380281801101973,0.013405122965427875,0.005994953239488058,5,165.2,24.843510218968657,11.11035552986492,5,0.16918349889659726,0.1341083934066277,0.05997509680210082,5,0.2775298662935521,0.20489239373493948,0.09163066409279534,5,0.8001044246187172,0.05075890922167393,0.022700074296680767,5
small_long,rotatable_xlink,1.55,pulse_01,5,0.030925732584128156,0.034276988794857355,0.015329135401859928,5,164.8,23.177575369309018,10.365326815879952,5,0.15510252271640362,0.13211917870473774,0.05908549294304724,5,0.2735859038737447,0.20936433293483275,0.09363057610123682,5,0.7917322395500145,0.05959475392332078,0.02665158417498351,5
small_long,rotatable_xlink,1.6,pulse_01,5,0.02815664610692805,0.02622647240641568,0.01172883502215359,5,166.0,22.494443758403985,10.059821071967432,5,0.13705424718974812,0.11856703329517325,0.05302478926769765,5,0.2698223241276165,0.19917843302678614,0.0890753031799566,5,0.8021659404222128,0.046123098128986295,0.020626876549861343,5
small_long,rotatable_xlink,1.65,pulse_01,5,0.012098045556025686,0.007351273080717514,0.0032875892659297314,5,169.2,21.79908254950194,9.748846085563152,5,0.12983492233319088,0.11385187581963105,0.05091610673971192,5,0.2666436538164034,0.2001337028651941,0.08950251283906369,5,0.8007525397885299,0.05194619864191683,0.023231046267206658,5
small_long,rotatable_xlink,1.7000000000000002,pulse_01,5,0.006863789166753957,0.004850089826553996,0.00216902610983098,5,169.2,20.909328061896204,9.350935782048769,5,0.1379446965419655,0.12776311875004975,0.05713740370849784,5,0.26175881343038127,0.20899693669696348,0.09346627150872613,5,0.8066399119713068,0.05455296809597479,0.02439682900739538,5
small_long,rotatable_xlink,1.75,pulse_01,5,0.029338417086239226,0.03731892434114453,0.016689530334794145,5,170.0,21.587033144922902,9.654014708917735,5,0.13256295621696954,0.1219701137664034,0.05454669312101218,5,0.2590387879289647,0.19220172179046174,0.085955223063195,5,0.8096288204832847,0.053422179036441114,0.02389112476632931,5
small_long,rotatable_xlink,1.8,pulse_01,5,0.022675813343102334,0.02398205437147865,0.01072510076294445,5,171.2,20.909328061896204,9.350935782048769,5,0.12400977963794564,0.12192835272607816,0.05452801701601651,5,0.255032924923395,0.19379884455630997,0.08666947807776483,5,0.8035544086162453,0.0278517075604733,0.012455662278932626,5
small_long,rotatable_xlink,1.85,pulse_01,5,0.006721814861836199,0.0037232065132178573,0.0016650685715650195,5,172.8,19.47305831142094,8.708616422830897,5,0.12189744062055027,0.11895341106232303,0.05319758265816595,5,0.25224982855937117,0.19019311078453344,0.08505694491327302,5,0.7970539465532059,0.039526170375021416,0.017676640769757248,5
small_long,rotatable_xlink,1.9,pulse_01,5,0.009158139029366071,0.006773735381734613,0.0030293065550308163,5,173.2,19.62651268055535,8.777243302996675,5,0.11914493496929288,0.11097244035879716,0.04962838405426232,5,0.2533257149387195,0.1878082165098607,0.08399038776980937,5,0.8096832965920093,0.04412796585213465,0.019734626270832504,5
small_long,rotatable_xlink,1.9500000000000002,pulse_01,5,0.02262747502480198,0.009839995149905937,0.0044005796106915815,5,173.6,19.81918262693999,8.863407922464134,5,0.11086788509254338,0.11459848286012903,0.051249999558718604,5,0.25916827223286665,0.18664762852402794,0.08347135704377104,5,0.8060676307026883,0.03370275665144676,0.015072330980353627,5
small_long,rotatable_xlink,2.0,pulse_01,5,0.0363671099949752,0.017310063461822477,0.007741295719094078,5,172.8,18.253766734567417,8.16333265278342,5,0.09774712424227962,0.10871781675932266,0.048620085727842266,5,0.25247514808024296,0.17792219429884268,0.07956922423162754,5,0.8072135198369557,0.03005779419010139,0.013442254212552988,5
small_long,rotatable_xlink,2.05,pulse_02,5,0.01664359670856889,0.01780926429479916,0.007964545118486155,5,182.0,19.026297590440446,8.508818954473059,5,0.09206454465075156,0.10465992931713676,0.04680534329468818,5,0.22407589629502872,0.1566127938848625,0.07003937065454317,5,0.8153279891560388,0.04005282481479068,0.017912167795352475,5
small_long,rotatable_xlink,2.1,pulse_02,5,0.04540165618007459,0.06885628072114398,0.030793464874057236,5,181.6,19.71801207018598,8.818163074019441,5,0.09009984268604958,0.10113726530599562,0.045229960056527456,5,0.2226319568777372,0.14926266350484027,0.06675229241989997,5,0.8185015374972014,0.04630116808496297,0.02070651185512419,5
small_long,rotatable_xlink,2.15,pulse_02,5,0.07911226644302968,0.13952460806515682,0.06239730163354121,5,181.6,18.40652058374966,8.23164625090267,5,0.09551820728291315,0.1126158274437093,0.05036332910130407,5,0.2286383718022056,0.146786686242376,0.06564500172597718,5,0.8180389598971916,0.04259832153460329,0.01905054853575322,5
small_long,rotatable_xlink,2.2,pulse_02,5,0.0397991137365238,0.07259873563972329,0.03246714159419159,5,181.6,18.40652058374966,8.23164625090267,5,0.09593618011467911,0.1130193598863326,0.05054379429587052,5,0.24352711726904439,0.16328162775843963,0.07302176382893752,5,0.8266631017659201,0.046664126024936754,0.020868831580475124,5
small_long,rotatable_xlink,2.25,pulse_02,5,0.008112229186778772,0.006901235733653298,0.0030863264458398814,5,181.6,17.966635745180564,8.034923770640265,5,0.09818053233894818,0.11842444509657847,0.052961021886728216,5,0.23459669675174202,0.1538205665611523,0.06879064863365353,5,0.8127989515384035,0.04701070141883746,0.021023824808493272,5
small_long,rotatable_xlink,2.3,pulse_02,5,0.010013967057931096,0.006048673550746734,0.002705049046634944,5,181.6,18.729655629509047,8.37615663654877,5,0.10692117572701058,0.11725442445377694,0.052437772748251774,5,0.23729054884809928,0.15284678962327372,0.0683551623480499,5,0.8197177544894363,0.030020500848882966,0.01342557612333849,5
small_long,rotatable_xlink,2.35,pulse_02,5,0.02549576473059314,0.025374781542992542,0.011347947288867665,5,183.2,18.952572384771415,8.475848040166836,5,0.1107495593817022,0.12224643013748601,0.054670265558819535,5,0.24994485776647074,0.16085640425760775,0.0719371709072395,5,0.8193450009563069,0.037184099007588595,0.01662923461261011,5
small_long,rotatable_xlink,2.4,pulse_02,5,0.048975209641330425,0.08239338178785413,0.036847440514747,5,184.4,18.72965562950905,8.376156636548771,5,0.11413716074660221,0.12697032624782906,0.05678285612309431,5,0.25462151817961126,0.16786418823759194,0.07507114717741524,5,0.8240495798768912,0.04681005409669829,0.02093409259813198,5
small_long,rotatable_xlink,2.45,pulse_02,5,0.05365637944084496,0.10720341507622004,0.04794282470611076,5,184.8,19.3183850256692,8.63944442658207,5,0.12975547392682224,0.15183253508849548,0.06790157393079958,5,0.28914835706379166,0.21430676469021537,0.09584089877707463,5,0.8215939292268516,0.045563091455671334,0.02037643395198419,5
small_long,rotatable_xlink,2.5,pulse_02,5,0.02721057248512091,0.05170732202000826,0.02312421739424204,5,186.0,18.973665961010276,8.48528137423857,5,0.14751254180602008,0.18096152483826164,0.08092845417007392,5,0.30901843865516637,0.2385065859046669,0.10666338783284567,5,0.8170423039181743,0.05090982673585553,0.022767566660821838,5
small_long,rotatable_xlink,2.55,pulse_02,5,0.02202231711124097,0.027807541963055796,0.01243591082331414,5,186.4,18.94201678808252,8.471127433818948,5,0.14197684036393715,0.1794665477006273,0.08025988006916225,5,0.31263957816377164,0.2606171900056478,0.11655155059152146,5,0.8179397697335362,0.0430272441722223,0.019242368570714145,5
small_long,rotatable_xlink,2.6,pulse_02,5,0.03210826035816897,0.03677213822452051,0.016445000149609257,5,186.4,18.94201678808252,8.471127433818948,5,0.16133167907361456,0.21675450476701455,0.09693556141766935,5,0.3124376387619172,0.26508696881497423,0.11855049644392984,5,0.8189846678273156,0.04148113110045352,0.018550925784838943,5
small_long,rotatable_xlink,2.65,pulse_02,5,0.02365617670105792,0.03054730348425591,0.013661169424022478,5,186.4,18.94201678808252,8.471127433818948,5,0.1660463192721257,0.22226498778472734,0.09939992434096213,5,0.3146553806974011,0.2758687872654365,0.12337227223918887,5,0.8195360910112093,0.041597374739368524,0.018602911520552122,5
small_long,rotatable_xlink,2.7,pulse_02,5,0.01745400799468171,0.01098550714847599,0.004912868150260438,5,186.8,19.057806799314555,8.522910301065007,5,0.16986662531017369,0.22778843135411575,0.10187008339916945,5,0.32471050454921413,0.2824715037538484,0.1263250968200384,5,0.8156553846465873,0.030714771728071157,0.013736063499471159,5
small_long,rotatable_xlink,2.75,pulse_02,5,0.007063669551256124,0.0064171101969005455,0.0028698189238753357,5,186.8,19.057806799314555,8.522910301065007,5,0.17172249793217534,0.22036592769632798,0.0985506388507586,5,0.3290374276261373,0.2758570494143992,0.12336702291262303,5,0.8250641714659475,0.03685411298690936,0.01648166037783743,5
small_long,rotatable_xlink,2.8,pulse_02,5,0.00794361581813298,0.006479844883645161,0.0028978747286969586,5,185.6,19.0473095212946,8.51821577561874,5,0.16355311355311355,0.22117384767619538,0.09891195164983135,5,0.32787497590129167,0.2626253592675348,0.11744963118750242,5,0.8145424655483783,0.03332105675066211,0.014901629595321748,5
small_long,rotatable_xlink,2.85,pulse_02,5,0.011006279179519336,0.007798737109444884,0.003487701263073795,5,185.6,19.0473095212946,8.51821577561874,5,0.1678342490842491,0.22369536422516278,0.1000396081318077,5,0.33027882205513776,0.26529259191704535,0.11864245389072492,5,0.8152766570639844,0.03587974725225334,0.016045910774309953,5
small_long,rotatable_xlink,2.9,pulse_02,5,0.006097228602550945,0.0029212293358749034,0.0013064134745765699,5,185.6,19.0473095212946,8.51821577561874,5,0.16563644688644688,0.2192891542044262,0.09806909110590616,5,0.3281735588972431,0.2675567471773963,0.11965501490547661,5,0.8166249433538273,0.04189967796737384,0.018738105634079624,5
small_long,rotatable_xlink,2.95,pulse_02,5,0.016767175825829667,0.019912654958091195,0.008905210019758027,5,185.6,17.686152775547317,7.909487973314076,5,0.16515371771427603,0.21893144667097353,0.09790911943373336,5,0.3246771621294754,0.269766095511853,0.12064306551784083,5,0.8278959243832587,0.03889943035279211,0.017396354110972356,5
small_long,rotatable_xlink,3.0,pulse_02,5,0.03151903866905973,0.04069871621415838,0.018201019210366206,5,185.6,16.334013591276335,7.30479294709987,5,0.16072317388493856,0.2211606637013932,0.09890605559705709,5,0.32924802107077644,0.26177444127960436,0.11706908909464447,5,0.8198989546148686,0.030761450499191424,0.013756938880537372,5
small_long,rotatable_xlink,3.05,pulse_03,5,0.03636415632687068,0.06366596025821683,0.028472282998034577,5,191.6,17.7426040929735,7.934733769950949,5,0.16135976416569386,0.2162604822701337,0.0967146278405814,5,0.3308601753092665,0.26308270968435105,0.11765416451181022,5,0.842172986038273,0.052278556808805755,0.02337968135801483,5
small_long,rotatable_xlink,3.1,pulse_03,5,0.020332929428018953,0.03348261185232019,0.014973879233205617,5,191.6,17.7426040929735,7.934733769950949,5,0.16599203721653494,0.2134420754752316,0.09545419800425171,5,0.347721855504165,0.27729477715237183,0.1240099943036718,5,0.8377040566837282,0.03541830864118933,0.01583954915395351,5
small_long,rotatable_xlink,3.15,pulse_03,5,0.009631374781663923,0.00782547579998845,0.0034996591690107447,5,191.2,17.922053453775884,8.014985963805552,5,0.16489339299026104,0.21133133133239285,0.09451024452695232,5,0.34972736689774775,0.2744375917994214,0.12273222216896901,5,0.8248445423400181,0.03949922290957701,0.017664589496846246,5
small_long,rotatable_xlink,3.2,pulse_03,5,0.010757979490106772,0.0074576651280666454,0.0033351692359573385,5,190.8,18.143869488066763,8.114185110040317,5,0.16377060273703598,0.20918200069995946,0.09354903464690359,5,0.3530757162709418,0.2705780741808673,0.12100619341788,5,0.8335701092650482,0.03379151205416563,0.015112023603123581,5
small_long,rotatable_xlink,3.25,pulse_03,5,0.010445950469118953,0.005011721756594108,0.002241310106411816,5,190.4,17.854971296532515,7.984985911070852,5,0.1639882069150362,0.21524479894680681,0.09626040044966704,5,0.35351576027534215,0.2700830506576433,0.12078481216820194,5,0.8357856498457021,0.028090594150475504,0.012562495609764236,5
small_long,rotatable_xlink,3.3,pulse_03,5,0.006580055219681788,0.005780760711108992,0.002585234782339946,5,189.6,18.836135484753765,8.423775875461073,5,0.15883597883597886,0.20773055487124586,0.09289992833917116,5,0.3434416729654825,0.2632476788547494,0.11772794096765074,5,0.8305695519736318,0.031280756258308624,0.01398917947623601,5
small_long,rotatable_xlink,3.35,pulse_03,5,0.011175319517325498,0.007299446895184001,0.0032644118911562417,5,190.0,18.601075237738275,8.318653737234168,5,0.15998371998372002,0.20993743482708604,0.09388687505905924,5,0.3447526018954591,0.2641281872857656,0.1181217163089535,5,0.8310394135890631,0.04446722260923183,0.019886346504971588,5
small_long,rotatable_xlink,3.4,pulse_03,5,0.009467237484721105,0.013713112585272112,0.006132690384755265,5,189.2,20.12958022413781,9.00222194794152,5,0.15403533175685072,0.2035659571320129,0.09103746361039779,5,0.33755472977896117,0.26327676736375827,0.11774094974435231,5,0.8292636797035435,0.03484719120132961,0.015584137670221114,5
small_long,rotatable_xlink,3.45,pulse_03,5,0.009638790064242939,0.004598932029775802,0.002056704928495956,5,189.2,20.12958022413781,9.00222194794152,5,0.1511698428154124,0.2056079829991696,0.09195068534055285,5,0.3389686624406334,0.2594136324829582,0.1160133033044084,5,0.8226172396898516,0.03563426628364849,0.015936128347713366,5
small_long,rotatable_xlink,3.5,pulse_03,5,0.00773809159540482,0.00707966572734794,0.003166122764865097,5,189.6,19.969977466186585,8.930845424706442,5,0.1504764525513012,0.20026162943180842,0.08955972333887924,5,0.3354872163504918,0.256735907405127,0.1148157882445911,5,0.834155245645027,0.05455152165305698,0.02439618213845742,5
small_long,rotatable_xlink,3.55,pulse_03,5,0.01060361057076602,0.009004341914745478,0.0040268641228043,5,189.2,20.12958022413781,9.00222194794152,5,0.1531698428154124,0.20381068043385206,0.0911469071981159,5,0.33266829614026716,0.25151871665312353,0.11248258960997852,5,0.8191495394580997,0.02606286998842483,0.011655669796571415,5
small_long,rotatable_xlink,3.6,pulse_03,5,0.010974651027202968,0.003119937256551588,0.0013952783582367103,5,188.8,20.909328061896204,9.350935782048769,5,0.15335531135531139,0.20759896022937424,0.09284107742623122,5,0.3347577184720042,0.24283911267116354,0.10860095270569044,5,0.815790455436044,0.025163832711513075,0.011253608103475218,5
small_long,rotatable_xlink,3.65,pulse_03,5,0.005045045784647177,0.0035266097150133675,0.00157714781057621,5,189.6,20.659138413786767,9.239047569960878,5,0.1542060734963961,0.20097455369994408,0.08987855276415135,5,0.33066563854059694,0.2408399738023093,0.10770691062424641,5,0.8251298821509294,0.03968504111715697,0.017747689925567436,5
small_long,rotatable_xlink,3.7,pulse_03,5,0.005815379966729021,0.0046454805855943495,0.002077522075508899,5,189.2,20.425474290698862,9.13454979733539,5,0.15650714876521327,0.21136453516904047,0.09452509373412389,5,0.3346494468153454,0.2445561218637872,0.10936882256023014,5,0.8317345069023162,0.03671372359326214,0.016418876332334395,5
small_long,rotatable_xlink,3.75,pulse_03,5,0.0062710598974395045,0.004968743531240375,0.0022220896597231654,5,189.2,19.879637823662687,8.890444308357148,5,0.15130932896890342,0.20075727999823045,0.08978138501080042,5,0.32593996682142573,0.24020216968716385,0.10742167595268755,5,0.8330701005936245,0.03665906919370686,0.016394434141799388,5
small_long,rotatable_xlink,3.8,pulse_03,5,0.00512928219355255,0.0038592445860997334,0.0017259066472634086,5,189.2,19.879637823662687,8.890444308357148,5,0.15343698854337154,0.20496608911731867,0.09166362166972088,5,0.31792377666237853,0.2441255888148021,0.10917628232741196,5,0.8223089204057944,0.050364583806762266,0.02252372661008111,5
small_long,rotatable_xlink,3.85,pulse_03,5,0.003960968004112957,0.0023035620973733515,0.0010301842880237606,5,189.6,19.86957473123167,8.885943956609225,5,0.15645748987854252,0.20606422931525026,0.0921547248960009,5,0.32244182300573276,0.2443686293111898,0.1092849733416536,5,0.8318566390375407,0.04859194460584816,0.021730978259516143,5
small_long,rotatable_xlink,3.9,pulse_03,5,0.004081340736887721,0.0036034653656112103,0.0016115187024145598,5,189.6,19.86957473123167,8.885943956609225,5,0.15645748987854247,0.20606422931525017,0.09215472489600086,5,0.326915920336973,0.24125641119569602,0.10789314708824352,5,0.8287383198711453,0.03287687013093391,0.014702983300040127,5
small_long,rotatable_xlink,3.95,pulse_03,5,0.003859772739026486,0.0007443503856392527,0.00033288361227351045,5,189.6,19.86957473123167,8.885943956609225,5,0.15645748987854252,0.20606422931525026,0.0921547248960009,5,0.3264057162553404,0.24179227303784487,0.10813279178936214,5,0.8254622249965345,0.040649873485886084,0.018179176078241523,5
small_long,rotatable_xlink,4.0,pulse_03,5,0.00866977113279382,0.003317383744521917,0.0014835791120407602,5,189.6,19.86957473123167,8.885943956609225,5,0.15856275303643724,0.21026089329534545,0.09403153008364443,5,0.3264057162553403,0.24179227303784478,0.1081327917893621,5,0.8247555153172932,0.025423362114657767,0.011369673180993514,5
small_long,rotatable_xlink,4.05,pulse_04,5,0.009853603735066909,0.006282702007115808,0.002809709754057063,5,196.4,18.94201678808252,8.471127433818948,5,0.15098655117392298,0.19961260005246292,0.08926946857655703,5,0.31063800681413023,0.22483524676622546,0.10054937910144397,5,0.8416435665293787,0.04754028448205043,0.021260661554308627,5
small_long,rotatable_xlink,4.1,pulse_04,5,0.007386601226733831,0.0038298607970474047,0.0017127658173119046,5,196.0,18.867962264113206,8.438009243891594,5,0.14545661769277002,0.19240819284235797,0.08604755972468017,5,0.31151109412286127,0.2216769502865034,0.0991369459770926,5,0.8386921849253037,0.036542533058656665,0.01634231759783792,5
small_long,rotatable_xlink,4.15,pulse_04,5,0.004381487200007913,0.004920871785986298,0.002200680764405232,5,196.0,18.867962264113206,8.438009243891594,5,0.14945701773277398,0.19465840886161503,0.08705388692130372,5,0.3091831088739146,0.2187445605597208,0.09782554142397103,5,0.8356229626125931,0.04573123965116958,0.02045163211106979,5
small_long,rotatable_xlink,4.2,pulse_04,5,0.004454157382040172,0.002911060115672604,0.0013018656610464686,5,196.0,18.867962264113206,8.438009243891594,5,0.14945701773277398,0.19465840886161503,0.08705388692130372,5,0.31318350891391855,0.220545242671845,0.09863083094568655,5,0.8310057771679109,0.04668710446584767,0.02087910785165388,5
small_long,rotatable_xlink,4.25,pulse_04,5,0.008543719000727694,0.005337507909224483,0.002387006103093744,5,196.0,18.867962264113206,8.438009243891594,5,0.14736276197713233,0.1924588959276129,0.08607023483373998,5,0.3061343283861097,0.2174346262038575,0.09723972097081648,5,0.8361715904193178,0.04974977135967,0.02224877412505885,5
small_long,rotatable_xlink,4.3,pulse_04,5,0.004654816022898545,0.003654933037410838,0.001634535744972083,5,196.0,18.867962264113206,8.438009243891594,5,0.1531953354897833,0.1928117833285574,0.086228050877123,5,0.3134009306560928,0.2142997460940921,0.09583775996546699,5,0.8396040619961906,0.030143849168205738,0.013480739168721704,5
small_long,rotatable_xlink,4.35,pulse_04,5,0.004858773699993732,0.0042454201971287575,0.0018986096307660918,5,196.0,18.867962264113206,8.438009243891594,5,0.15319533548978334,0.19281178332855747,0.08622805087712303,5,0.3167707835292306,0.21549693936212716,0.0963731610713733,5,0.8359095311727416,0.04093533155768604,0.01830683680889567,5
small_long,rotatable_xlink,4.4,pulse_04,5,0.003758922433762176,0.002970864638750134,0.001328611056839131,5,195.6,18.836135484753765,8.423775875461073,5,0.1521027772543679,0.19060864609876313,0.08524277795520689,5,0.3160492828077298,0.21411877029103307,0.09575682512588247,5,0.8339870809384896,0.03495500198737239,0.015632352119480983,5
small_long,rotatable_xlink,4.45,pulse_04,5,0.01062809209252728,0.004829848797710742,0.00215997404654537,5,195.2,18.686893802876927,8.357032966310472,5,0.15012257923456596,0.19249735357125056,0.08608743361482563,5,0.3181758674288087,0.21347325678704301,0.0954681427108193,5,0.8367187848703164,0.04282458478982677,0.01915173653965124,5
small_long,rotatable_xlink,4.5,pulse_04,5,0.009379963543935523,0.007919984913503503,0.003541924929473325,5,194.4,19.51409746824075,8.726969691708572,5,0.14705025223058435,0.18956189934564896,0.0847746585761688,5,0.312277259685802,0.21814103874389376,0.09755563826275235,5,0.8319597480833135,0.04383202068483402,0.01960227556849315,5
small_long,rotatable_xlink,4.55,pulse_04,5,0.00784382030363858,0.004629618866466782,0.0020704284990670494,5,194.4,19.51409746824075,8.726969691708572,5,0.14360150244584208,0.18643021933852927,0.08337412870022946,5,0.31395308907200986,0.20833067837770652,0.09316831173023947,5,0.8335518180268116,0.03352454447242911,0.014992632071013264,5
small_long,rotatable_xlink,4.6,pulse_04,5,0.007736312981378854,0.004962949555672556,0.0022194985150772424,5,195.2,19.575494885187453,8.754427451295717,5,0.14521749163493716,0.1858652474398134,0.0831214655860483,5,0.3176538798220424,0.21665259467612388,0.09688998583950441,5,0.8292255864198937,0.03876935983401085,0.017338184806599644,5
small_long,rotatable_xlink,4.65,pulse_04,5,0.007451087678615553,0.003310534660312292,0.0014805161084654919,5,195.2,18.686893802876927,8.357032966310472,5,0.14375227652459588,0.19243184200641034,0.0860581359523666,5,0.3120247105598563,0.21752469143346223,0.09727999936597755,5,0.8376290273541318,0.02788573018459855,0.012470877658996023,5
small_long,rotatable_xlink,4.7,pulse_04,5,0.005633253245760051,0.005688054983099596,0.0025437755203934227,5,195.2,18.686893802876927,8.357032966310472,5,0.14524453045407815,0.19098878004471706,0.08541277902394853,5,0.3125077724865661,0.2084494300550692,0.09322141909484448,5,0.8401413272543229,0.03302925706326168,0.014771132807953637,5
small_long,rotatable_xlink,4.75,pulse_04,5,0.009133046242850103,0.004760730272663178,0.0021290633024431947,5,195.6,17.854971296532515,7.984985911070852,5,0.14717256514135887,0.18548544342485057,0.08295161206693145,5,0.309587227713899,0.210115802694594,0.09396664359440914,5,0.8348762536356311,0.032004834612493545,0.014312997160434741,5
small_long,rotatable_xlink,4.8,pulse_04,5,0.007798988745107138,0.006711931176672936,0.003001666874268167,5,195.2,17.866169147301836,7.989993742175272,5,0.13915530780990812,0.1776830616051628,0.07946228083988538,5,0.3166101827922041,0.20977904985959195,0.09381604314827306,5,0.837914930840177,0.029972850310635863,0.013404266154801494,5
small_long,rotatable_xlink,4.85,pulse_04,5,0.011834894849216706,0.009117534923961734,0.004077485575441363,5,194.8,17.355114519933313,7.761443164772903,5,0.13742721752600753,0.17839282701124975,0.07977969757910301,5,0.3152700311434649,0.21001505505960538,0.09392158788232775,5,0.8407170482871053,0.032168462623806245,0.014386173831698401,5
small_long,rotatable_xlink,4.9,pulse_04,5,0.008779379730060495,0.003622724110785584,0.001620131475088809,5,194.4,16.87601848778319,7.547184905645282,5,0.1356662112366994,0.17919895812526046,0.08014021037304413,5,0.3139797889116946,0.20876961400112284,0.0933646097085805,5,0.8352691073239237,0.02654088138297842,0.011869442991019673,5
small_long,rotatable_xlink,4.95,pulse_04,5,0.005209545747696076,0.0036883407466071654,0.0016494761267191896,5,194.0,16.73320053068151,7.483314773547883,5,0.13607584979091625,0.18166046334449482,0.08124102897247984,5,0.31626426684402387,0.21287118307170375,0.09519888715982641,5,0.8322132057580113,0.029037862354513014,0.012986126829194639,5
small_long,rotatable_xlink,5.0,pulse_04,5,0.011017975731067406,0.008062877283330095,0.0036058283399529848,5,193.6,17.57270610919104,7.858753081755401,5,0.13857849300142486,0.18601119030740468,0.08318673322060137,5,0.3090513034923594,0.21428065806561866,0.09582922353962238,5,0.8419053554344635,0.038301809134458714,0.017129089777174412,5
small_long,rotatable_xlink,5.05,pulse_05,5,0.009137659828200065,0.007783973775919706,0.0034810988996064355,5,202.0,16.1245154965971,7.211102550927977,5,0.12265572617704297,0.16261531926784525,0.07272378161314666,5,0.29242633954540775,0.1977330494203548,0.08842890798044774,5,0.8436333128332446,0.031608080746881845,0.014135563437666025,5
small_long,rotatable_xlink,5.1,pulse_05,5,0.003150777356242436,0.0038956950695648975,0.0017422077990315765,5,202.0,16.1245154965971,7.211102550927977,5,0.12493761140819963,0.167991772519077,0.07512820460266745,5,0.2919044302620307,0.19894403632331087,0.08897047778742208,5,0.8431973183986757,0.03356584566114628,0.01501110252411789,5
small_long,rotatable_xlink,5.15,pulse_05,5,0.006542738755436639,0.003334083128730061,0.0014910473036951197,5,202.0,16.1245154965971,7.211102550927977,5,0.12070409982174687,0.16341093928611694,0.07307959370216968,5,0.29382750718510764,0.19719850706504458,0.08818985337178244,5,0.8390988444025549,0.03539144780156398,0.015827536621286508,5
small_long,rotatable_xlink,5.2,pulse_05,5,0.008073730489260533,0.005896424885944382,0.0026369613738386165,5,202.0,16.1245154965971,7.211102550927977,5,0.12266488413547239,0.16749032584791176,0.07490395083390415,5,0.29610023445783484,0.19810389382618823,0.08859475464055155,5,0.8551981787647556,0.03339431821247315,0.014934393117069844,5
small_long,rotatable_xlink,5.25,pulse_05,5,0.013556954597041088,0.005732660846088006,0.002563723868760848,5,201.6,16.93517050401324,7.573638491504595,5,0.1244846026184769,0.17057426391224095,0.076283129863952,5,0.2946373295466541,0.19750659701728934,0.08832763538706323,5,0.844953115804357,0.02745620514783942,0.01227878822294972,5
small_long,rotatable_xlink,5.3,pulse_05,5,0.009737771300749562,0.008536058188443852,0.003817441273850832,5,200.8,16.88786546606764,7.552483035399682,5,0.12443051201671892,0.16598374249919204,0.07423018627760285,5,0.2912505202774919,0.19510812382037676,0.08725500556496167,5,0.8384163639894788,0.024385970192306313,0.010905737409456107,5
small_long,rotatable_xlink,5.35,pulse_05,5,0.007663219300727664,0.006706658513717309,0.0029993088677099217,5,200.4,16.334013591276335,7.30479294709987,5,0.1250279447432247,0.1672269382913751,0.07478616033773546,5,0.29166753445597393,0.19493935048587624,0.08717952783521518,5,0.8439005792018841,0.02182402542754301,0.009760000879734014,5
small_long,rotatable_xlink,5.4,pulse_05,5,0.009979605289977727,0.00802240943516319,0.0035877305680721166,5,200.0,15.811388300841896,7.071067811865475,5,0.1129934640522876,0.15842680486955094,0.07085062102928212,5,0.2890631974207979,0.19363774296411362,0.08659743125547793,5,0.8439581402002849,0.02886031823656029,0.012906726685845133,5
small_long,rotatable_xlink,5.45,pulse_05,5,0.010618597212421917,0.009721934084889347,0.004347781097316958,5,199.6,15.836666315863322,7.082372483850309,5,0.11198188784395682,0.14511112156342462,0.0648956664214106,5,0.2913554153823871,0.19229655247549615,0.08599763263481297,5,0.8468514590960246,0.01853266070573153,0.008288057828390986,5
small_long,rotatable_xlink,5.5,pulse_05,5,0.01129756054026514,0.0077713600964769165,0.0034754578906703417,5,199.2,16.64932431061393,7.445804187594514,5,0.11205073995771672,0.14844781374156674,0.06638788052747412,5,0.28938475988326334,0.1901182995297237,0.0850234883030257,5,0.8394514126092203,0.029391454186481206,0.01314425790370855,5
small_long,rotatable_xlink,5.55,pulse_05,5,0.00497144383297621,0.0008129909073756079,0.0003635805867962189,5,199.2,16.64932431061393,7.445804187594514,5,0.11205073995771672,0.14844781374156674,0.06638788052747412,5,0.28921640971491314,0.18540616216652459,0.08291615641033973,5,0.8444908042703592,0.028084675278680728,0.012559848609827591,5
small_long,rotatable_xlink,5.6,pulse_05,5,0.007515754388211322,0.004270921583972452,0.001910014197666696,5,198.8,16.70927885936434,7.472616676907761,5,0.10840584295733798,0.14505497539223242,0.06487055709031818,5,0.28466751945173707,0.18509951866831928,0.08277902126897065,5,0.845674914953436,0.029600103805548582,0.013237568850051368,5
small_long,rotatable_xlink,5.65,pulse_05,5,0.011717333911618192,0.013954628377459272,0.006240699530549305,5,198.4,16.211107303327555,7.249827584156743,5,0.11083526651260371,0.14572131034204705,0.06516855113903207,5,0.28525454553943075,0.18984921763521057,0.08490315122149654,5,0.8510005447218514,0.0289136321897568,0.012930569410544459,5
small_long,rotatable_xlink,5.7,pulse_05,5,0.009480516875638337,0.008376490162367894,0.003746080283182572,5,198.0,15.748015748023622,7.042726744663604,5,0.10880579490715511,0.14945229095066737,0.06683709639175378,5,0.28758319467199456,0.18815755426586855,0.08414661636371752,5,0.8549792961391504,0.042399312927518515,0.0189615491810434,5
small_long,rotatable_xlink,5.75,pulse_05,5,0.005800648150065274,0.004445065314714567,0.0019878936416256533,5,198.0,15.748015748023622,7.042726744663604,5,0.10443939718527569,0.14465927221886193,0.06469359325140442,5,0.2837733252960874,0.19056239052104637,0.08522209183198425,5,0.8397175472971414,0.03879675077602395,0.017350434408261454,5
small_long,rotatable_xlink,5.8,pulse_05,5,0.007637306430460023,0.004092120102347814,0.0018300517441886216,5,198.0,15.297058540778355,6.841052550594828,5,0.10996380880101812,0.14106233726300757,0.06308499503701731,5,0.28489610039460384,0.1864695466218755,0.08339171639601597,5,0.8347393534669102,0.038074210164749794,0.017027304423598802,5
small_long,rotatable_xlink,5.85,pulse_05,5,0.005666248449519942,0.0029842837372270788,0.0013346122601173736,5,197.2,15.006665185843255,6.711184694225007,5,0.10671947261632128,0.13988999423238893,0.06256070729513503,5,0.2824452379576109,0.18600242343856813,0.0831828125576677,5,0.8455316820665434,0.03814385633014402,0.017058451135637538,5
small_long,rotatable_xlink,5.9,pulse_05,5,0.011911470661935816,0.007793587916992935,0.003485398474203438,5,197.6,14.170391667134679,6.337191807101942,5,0.10843951909521761,0.14401186670293176,0.06440406470287878,5,0.28167004415916136,0.18572499628336592,0.0830587433621004,5,0.8442552226672084,0.03612842294840124,0.01615712192649771,5
small_long,rotatable_xlink,5.95,pulse_05,5,0.009221571353537449,0.004531224984984365,0.0020264254175541008,5,196.8,14.737706741552431,6.590902821313632,5,0.10412816289306419,0.1432110811489004,0.064045942516036,5,0.2784824968440059,0.18652057093689264,0.08341453516339271,5,0.8441251760214413,0.02196485866075205,0.009822983416323315,5
small_long,rotatable_xlink,6.0,pulse_05,5,0.009795443918378785,0.009440673209181048,0.004221997409817982,5,196.4,14.791889669680476,6.61513416341649,5,0.1030453706296712,0.13644056638705715,0.061018076266006534,5,0.2833341694718199,0.18256602889133708,0.08164601019664405,5,0.842736529507173,0.025721356668010453,0.011502940396637773,5
small_long,rotatable_xlink,6.05,pulse_06,5,0.004407538856090254,0.003402944319351466,0.0015218429643433261,5,200.8,15.006665185843255,6.711184694225007,5,0.10293553798226696,0.13787089853790965,0.06165774024994847,5,0.27558147978708736,0.1771620973575402,0.07922929854557915,5,0.8500025054929411,0.0208904901860475,0.009342511227858888,5
small_long,rotatable_xlink,6.1,pulse_06,5,0.0069854319616002,0.002956664046191684,0.0013222603587828368,5,200.8,15.006665185843255,6.711184694225007,5,0.10303266307939207,0.14376812647863227,0.06429506076080184,5,0.2736044848194381,0.1803448823585526,0.08065268326958523,5,0.841673525131414,0.023871064010929616,0.01067546436473748,5
small_long,rotatable_xlink,6.15,pulse_06,5,0.00854180643603539,0.003421963097507887,0.001530348420504675,5,200.8,15.006665185843255,6.711184694225007,5,0.09848720853393753,0.14325833709650795,0.06406707601827433,5,0.27133175754671085,0.17971316795384198,0.08037017199932549,5,0.8434266068790869,0.036614912679342214,0.016374686748245628,5
small_long,rotatable_xlink,6.2,pulse_06,5,0.005204984925942872,0.0031386879526859087,0.001403663924473067,5,200.8,15.006665185843255,6.711184694225007,5,0.09839008343681242,0.1373352027917306,0.06141816982920569,5,0.2736044848194381,0.18034488235855256,0.08065268326958522,5,0.8400728127293491,0.03429113007441155,0.01533545957433433,5
small_long,rotatable_xlink,6.25,pulse_06,5,0.014202649643969736,0.004848204827307487,0.002168183112540434,5,200.8,15.006665185843255,6.711184694225007,5,0.09646700651373549,0.1389469340674619,0.062138957968005226,5,0.2710360252416328,0.1771311442292632,0.07921545588579042,5,0.8502696639202592,0.026613037090791446,0.011901712004546582,5
small_long,rotatable_xlink,6.3,pulse_06,5,0.016226311111810103,0.018657190884657945,0.00834374941745692,5,200.4,15.126136320951229,6.7646138101151045,5,0.09702953921912533,0.1344287418239078,0.06011836096960538,5,0.2746950646149578,0.17640108415678127,0.07888896309584481,5,0.8453688607607874,0.029154237174950384,0.013038171231068096,5
small_long,rotatable_xlink,6.35,pulse_06,5,0.015854263762494762,0.020992351242282062,0.009388064877058969,5,200.4,15.126136320951229,6.7646138101151045,5,0.09866678715143334,0.13803611617967904,0.06173162782556418,5,0.27219042639603386,0.17953378845222312,0.08028995104744753,5,0.8517713809183756,0.03445856172268263,0.015410337283758123,5
small_long,rotatable_xlink,6.4,pulse_06,5,0.006287775498260822,0.00519173255446749,0.0023218133825575874,5,200.4,15.126136320951229,6.7646138101151045,5,0.1048681602789345,0.14161009749867065,0.0633299608614801,5,0.278473721762184,0.17046889308406582,0.07623600659702298,5,0.8452053362034935,0.021622506709280048,0.009669878969179093,5
small_long,rotatable_xlink,6.45,pulse_06,5,0.005289626206457598,0.0031431116172217504,0.0014056422473954263,5,199.6,15.059880477613358,6.734983296193094,5,0.09930716744475299,0.14051244940129878,0.06283907770926074,5,0.27569987111006267,0.1695119343581067,0.07580804164444174,5,0.8524749233000598,0.03185809679873792,0.014247374015149283,5
small_long,rotatable_xlink,6.5,pulse_06,5,0.005740731721556142,0.003047005628437233,0.0013626623426020237,5,199.2,15.270887335056859,6.829348431585548,5,0.09980175587652225,0.13707993051664452,0.061304008597233,5,0.27056185674561956,0.16860275927720433,0.07540144618757244,5,0.8453990413328851,0.030071050071619414,0.013448182422988186,5
small_long,rotatable_xlink,6.55,pulse_06,5,0.007346810527688691,0.009073207546204167,0.004057661769455316,5,199.2,15.270887335056859,6.829348431585548,5,0.1020744831492495,0.13698980725306648,0.06126370424849007,5,0.2743001745026289,0.16700214146155695,0.07468562813921548,5,0.8488944382424221,0.018256296957823763,0.008164464203023308,5
small_long,rotatable_xlink,6.6,pulse_06,5,0.013612909530786768,0.011844541193746717,0.005297039854302833,5,198.8,16.037456157383563,7.172168430816442,5,0.0958427328391879,0.1377820636877126,0.06161801209718614,5,0.2757749813855086,0.16053300044426902,0.07179254032507788,5,0.8433978407707642,0.01766931039379141,0.007901955831212233,5
small_long,rotatable_xlink,6.65,pulse_06,5,0.0057808063050353966,0.0033401592470190793,0.0014937646264018346,5,198.0,16.3707055437449,7.321202087089251,5,0.09812015503875968,0.1471463081781398,0.06580582954489077,5,0.2756872153397893,0.16533016575049111,0.07393789786988113,5,0.8390976022695249,0.02021071650396927,0.009038507195370436,5
small_long,rotatable_xlink,6.7,pulse_06,5,0.005548669426022384,0.004581311504912939,0.0020488247902174387,5,198.0,16.3707055437449,7.321202087089251,5,0.09591103554190436,0.14265159244311032,0.063795731560278,5,0.2727341717839594,0.15907198066067185,0.07113915241455883,5,0.8441026057560475,0.02192554571730431,0.009805402133534365,5
small_long,rotatable_xlink,6.75,pulse_06,5,0.004416940464947791,0.004270135880455411,0.0019096628203718428,5,198.4,16.211107303327555,7.249827584156743,5,0.09107856131510024,0.13218189112720757,0.05911353879098248,5,0.2735041257488171,0.1563739995475224,0.06993257858035629,5,0.8498886011152026,0.034550936570735435,0.01545164857168958,5
small_long,rotatable_xlink,6.8,pulse_06,5,0.005424298924357958,0.0060418727631328115,0.0027020076419538904,5,198.4,16.211107303327555,7.249827584156743,5,0.09340414271044906,0.13181499204871394,0.05894945653490372,5,0.2777164995969961,0.15608598671495608,0.06980377532595418,5,0.843342524021733,0.02328213051454136,0.010412085298307327,5
small_long,rotatable_xlink,6.85,pulse_06,5,0.009752555569259858,0.009846172233011865,0.004403342086237085,5,198.0,17.029386365926403,7.615773105863909,5,0.09507534583566943,0.14618966591810117,0.06537800612017168,5,0.2713692659344917,0.1552735100666046,0.06944042472278515,5,0.8397177973112739,0.024373936844690386,0.010900355932802887,5
small_long,rotatable_xlink,6.9,pulse_06,5,0.01475025046360606,0.01491011514723451,0.0066680062043131295,5,198.0,17.029386365926403,7.615773105863909,5,0.0990239939586027,0.1502680293373971,0.06720190568867052,5,0.26712953230519093,0.15609547352364633,0.06980801795577836,5,0.8477535104782916,0.02736577342050497,0.01223834592502121,5
small_long,rotatable_xlink,6.95,pulse_06,5,0.010412960813741084,0.013804088490190868,0.0061733760462978435,5,198.4,15.709869509324383,7.025667228100117,5,0.10005062490112324,0.15847906445995288,0.07087399222860513,5,0.2636878114394237,0.1596034375225477,0.07137682714861145,5,0.8402964049068815,0.0285997013399857,0.01279017526647997,5
small_long,rotatable_xlink,7.0,pulse_06,5,0.006793432783790172,0.003157823504445169,0.0014122216033772012,5,198.4,15.709869509324383,7.025667228100117,5,0.0987153931339978,0.1484413323407285,0.06638498195690139,5,0.2599564457841076,0.16025774539471943,0.0716694425246893,5,0.8404963639948244,0.03435920140841709,0.015365902000365425,5
small_long,rotatable_xlink,7.05,pulse_07,5,0.008240038977072395,0.008848115927706266,0.003956997737429965,5,205.2,14.184498581197714,6.343500610861481,5,0.10175707314321177,0.1417162259123583,0.06337742293095006,5,0.24951296961197955,0.15885120108019243,0.07104041678455966,5,0.8326628186413242,0.03303996571006663,0.014775921860394217,5
small_long,rotatable_xlink,7.1,pulse_07,5,0.005968018730133395,0.0027413285212698623,0.001225959384443678,5,204.4,14.17039166713468,6.337191807101943,5,0.10254538054538054,0.14912387473553393,0.06669022419536347,5,0.24689784289784283,0.1573660070591856,0.07037621782641015,5,0.8394784595783232,0.02546827607329293,0.01138975931392288,5
small_long,rotatable_xlink,7.15,pulse_07,5,0.005460690594930579,0.004099438728362639,0.001833324733242831,5,204.0,13.784048752090222,6.164414002968976,5,0.09259956865564342,0.1370110749255704,0.06127321544077847,5,0.24736712958208282,0.1563407408833987,0.069917704853592,5,0.8410592332684669,0.037397123321589905,0.01672450198200355,5
small_long,rotatable_xlink,7.2,pulse_07,5,0.00825008236084325,0.010506441256014094,0.004698623370011157,5,204.0,13.784048752090222,6.164414002968976,5,0.08879737085344563,0.12394358522168915,0.055429256386147055,5,0.24781537174913454,0.16105183450755006,0.07202456997198566,5,0.8399459569764518,0.030776356224021726,0.013763604923332265,5
small_long,rotatable_xlink,7.25,pulse_07,5,0.010502797551277603,0.01186940530867303,0.005308159424537953,5,203.6,14.587666023048374,6.523802572120036,5,0.08454828660436137,0.12434504415894693,0.0556087942809237,5,0.24963980083606252,0.15937737175343372,0.07127572746318653,5,0.8294783930799614,0.01917190099233138,0.008573934775349727,5
small_long,rotatable_xlink,7.3,pulse_07,5,0.008350837253143045,0.007639076025148377,0.0034162986555041326,5,203.6,14.587666023048374,6.523802572120036,5,0.08899273104880583,0.12394261080441565,0.055428820613494655,5,0.2510423622760071,0.15574728662241188,0.06965230403977131,5,0.8474997957915938,0.02947326972633899,0.01318084692545612,5
small_long,rotatable_xlink,7.35,pulse_07,5,0.012196708152084273,0.007137102191058361,0.0031918091323138373,5,203.2,15.401298646542763,6.887670143089024,5,0.08469809933844379,0.12431856253285434,0.05559695133770414,5,0.24616017935418794,0.15702927264616137,0.07022562561883301,5,0.8347375456134308,0.025487563650849438,0.011398384980830411,5
small_long,rotatable_xlink,7.4,pulse_07,5,0.011878692130773232,0.007798832818638695,0.0034877440655264823,5,202.4,14.656056768449007,6.554387843269574,5,0.0829171083315667,0.12489359223612469,0.05585411243882295,5,0.2429064643281326,0.16927890800152193,0.07570382908966722,5,0.8477708103203954,0.028834120742486476,0.012895010810327293,5
small_long,rotatable_xlink,7.45,pulse_07,5,0.010789201675761095,0.01706590756204434,0.007632105881291771,5,202.4,14.656056768449007,6.554387843269574,5,0.08066991732033071,0.1253425111926346,0.05605487509945183,5,0.24675798963231171,0.1711450516906547,0.07653839391860384,5,0.8415257619142411,0.03030560613835651,0.013553079084940009,5
small_long,rotatable_xlink,7.5,pulse_07,5,0.020128221953162447,0.03289485958337625,0.01471102842774794,5,202.4,14.656056768449007,6.554387843269574,5,0.09080390078439687,0.1373154451369365,0.061409333937366584,5,0.2468295412512095,0.17285890481696278,0.07730485233737892,5,0.8406941110798931,0.025225107657427984,0.011281011092351889,5
small_long,rotatable_xlink,7.55,pulse_07,5,0.027308635388317896,0.054307527104352306,0.024287064459048813,5,202.4,14.656056768449007,6.554387843269574,5,0.0970510917956328,0.14559833679135006,0.06511355569527347,5,0.2548658257214563,0.19057915994634,0.08522959134696428,5,0.8408638739760322,0.03283948463429108,0.014686263997666935,5
small_long,rotatable_xlink,7.6,pulse_07,5,0.027329380865994412,0.05035175451721818,0.02251798917737639,5,202.4,14.656056768449007,6.554387843269574,5,0.09680390078439688,0.15041101343116156,0.06726585011934222,5,0.2705417116332972,0.22622443106161555,0.10117064120499746,5,0.8402889236322956,0.01587591780025553,0.0070999262813140574,5
small_long,rotatable_xlink,7.65,pulse_07,5,0.01769101897303759,0.024063516917939468,0.010761531921245775,5,202.4,14.656056768449007,6.554387843269574,5,0.10280390078439687,0.16355859637947223,0.07314562796179018,5,0.2764515091184782,0.23850324305024997,0.10666189286290265,5,0.8428217722307059,0.020120526479741056,0.00899817299035711,5
small_long,rotatable_xlink,7.7,pulse_07,5,0.009322214400497252,0.008329464528483895,0.0037250497803726444,5,202.4,14.656056768449007,6.554387843269574,5,0.10905109179563281,0.1717770151170942,0.07682101655476632,5,0.288377728384126,0.24301126115573335,0.10867793984843477,5,0.8441040767877915,0.03190179450880924,0.014266916225185396,5
small_long,rotatable_xlink,7.75,pulse_07,5,0.009577467374764153,0.0051454866188044065,0.00230113157139244,5,202.0,14.7648230602334,6.603029607687671,5,0.10785917260371365,0.16916760721441026,0.07565405386448104,5,0.2855835317031547,0.2425873137726838,0.10848834481495838,5,0.8419212059598935,0.030312666872207558,0.013556236741112405,5
small_long,rotatable_xlink,7.8,pulse_07,5,0.012849248423111675,0.008432626521046805,0.003771185225985643,5,201.6,14.92648652563623,6.675327707311453,5,0.10851208740883136,0.16505647894964884,0.07381550141163558,5,0.283475337847388,0.24190991085522356,0.10818540102063882,5,0.8408238999605533,0.02215364298960548,0.009907410334803904,5
small_long,rotatable_xlink,7.85,pulse_07,5,0.008949446040817733,0.009686520302455252,0.004331943572344353,5,201.6,14.92648652563623,6.675327707311453,5,0.10657908779389107,0.16054380009383,0.0717973700751882,5,0.2833233366044905,0.22469327941577366,0.10048588937220482,5,0.8403821095114423,0.022038941349477,0.009856114201912304,5
small_long,rotatable_xlink,7.9,pulse_07,5,0.007020158565178266,0.00488104825135132,0.002182871138295606,5,201.6,14.92648652563623,6.675327707311453,5,0.10866611128253176,0.1703335367940509,0.07617547342389187,5,0.283135605013882,0.23083958278373282,0.10323459980042334,5,0.8421711687648907,0.015207602097332202,0.006801046412880635,5
small_long,rotatable_xlink,7.95,pulse_07,5,0.012144271839273928,0.012069846456175658,0.005397799430798741,5,201.2,14.532721699667958,6.499230723708767,5,0.10460211220379609,0.16204635491924646,0.07246933302109851,5,0.2815133161759346,0.2321202969196306,0.1038073525739458,5,0.8368128853167957,0.01045147642409821,0.004674042349904003,5
small_long,rotatable_xlink,8.0,pulse_07,5,0.015430449511974911,0.019702205824988734,0.008811094306273427,5,201.2,14.532721699667958,6.499230723708767,5,0.09643884689767364,0.14426913460353055,0.0645191184057123,5,0.28738006821913054,0.2225884665877477,0.09954458845952889,5,0.8394670169833226,0.033990660712922824,0.01520108559084538,5
