scenario,condition,run_dir,time_min,phase_name,z_com,theta_com,vz_abs,vz_signed,Dz,top_bias,nematic_xy,shell_occ,swirl_rate_abs,speckle_length_proxy_um,seed_zone_mass_fraction,chewer_band_mass_fraction,bottom_half_mass_fraction,axial_spread_entropy
large_long,nomotor_xlink,r0001,0.0,initial,0.8703881856540084,0.4527375866404969,0.0556647439761363,0.0556647439761363,1.0,0.028985507246376812,0.0,0.004774305555555556,0.09273367302776099,474.0,0.270042194092827,0.18565400843881857,0.4556962025316456,0.9395115249833461
large_long,nomotor_xlink,r0001,0.05,initial,1.0373824175824173,0.1745365675572139,0.101415971325239,0.101415971325239,1.0,0.044585987261146494,0.04561476516019867,0.005316840277777778,0.048969160169092446,546.0,0.26373626373626374,0.1794871794871795,0.4578754578754579,0.9431431012947531
large_long,nomotor_xlink,r0001,0.1,initial,1.4788840136054424,0.15892262562594223,0.09936485057553024,0.09936485057553024,1.0,0.0,0.11889108079626247,0.005772569444444445,0.004387637131381003,588.0,0.2789115646258503,0.163265306122449,0.435374149659864,0.9419431102539495
large_long,nomotor_xlink,r0001,0.15000000000000002,initial,1.6335715210355988,0.14821074476892787,0.04734039931501773,0.04734039931501773,1.0,0.02857142857142857,0.07123817542862595,0.0060546875,0.0030721047362113805,618.0,0.27831715210355995,0.15210355987055016,0.4271844660194174,0.9425727227094503
large_long,nomotor_xlink,r0001,0.2,initial,1.7629264094955488,0.14048999720867394,0.04766447265081849,0.04766447265081849,1.0,0.02127659574468085,0.04748765614278804,0.006532118055555556,0.003952122627752723,674.0,0.2789317507418399,0.142433234421365,0.4183976261127597,0.9432262427147247
large_long,nomotor_xlink,r0001,0.25,initial,1.9195583569405097,0.12449800900241154,0.04863145164464111,0.04863145164464111,1.0,0.04040404040404041,0.040090433044515164,0.006966145833333334,0.0009017301722984103,706.0,0.2861189801699718,0.1331444759206799,0.4192634560906517,0.9437908931746308
large_long,nomotor_xlink,r0001,0.30000000000000004,initial,2.0547151193633955,0.1459003782424644,0.07289866860164311,0.07289866860164311,1.0,0.06542056074766354,0.025798005270895378,0.007313368055555556,0.031654651414634166,754.0,0.2997347480106101,0.12732095490716178,0.4137931034482759,0.9452856867577045
large_long,nomotor_xlink,r0001,0.35000000000000003,initial,2.3569503685503683,0.31442591749021653,0.09343819111527507,0.09343819111527507,1.0,0.09871244635193133,0.06662654492970106,0.007899305555555555,0.03624815787191397,814.0,0.3144963144963146,0.11793611793611795,0.3980343980343981,0.9417100860563266
large_long,nomotor_xlink,r0001,0.4,initial,2.615344266055046,0.3633893254739482,0.07340978037037645,0.07340978037037645,1.0,0.15873015873015872,0.07012762473167035,0.008550347222222223,0.002657210016397673,872.0,0.3302752293577981,0.11009174311926606,0.3853211009174312,0.9448572774014122
large_long,nomotor_xlink,r0001,0.45,initial,2.797409050772627,0.33036917758860257,0.06739133477051092,0.06739133477051092,1.0,0.183206106870229,0.0018304016407314281,0.008723958333333334,0.006142907670856207,906.0,0.34216335540838855,0.10816777041942607,0.37527593818984556,0.945348412634723
large_long,nomotor_xlink,r0001,0.5,initial,3.0196922746781114,0.32653187944881096,0.08126094840470015,0.08126094840470015,1.0,0.2029520295202952,0.09159536187761909,0.009092881944444445,0.004831027302983376,932.0,0.34978540772532185,0.10085836909871242,0.36266094420600853,0.9429850848230178
large_long,nomotor_xlink,r0001,0.55,initial,3.284974741200828,0.3013830137707023,0.06073262629604156,0.06073262629604156,1.0,0.2851985559566787,0.04694827279747403,0.00935329861111111,0.0011205315503881503,966.0,0.3643892339544513,0.09730848861283643,0.34989648033126297,0.9449562939208036
large_long,nomotor_xlink,r0001,0.6000000000000001,initial,3.3840880324543607,0.31980869014648206,0.03155233972112185,0.03155233972112185,1.0,0.30742049469964666,0.05728531533026431,0.0095703125,0.01581112714245538,986.0,0.36585365853658536,0.09552845528455285,0.34552845528455284,0.9399521242915327
large_long,nomotor_xlink,r0001,0.65,initial,3.474288779527559,0.3962497766254346,0.05919484261137412,0.05919484261137412,1.0,0.29692832764505117,0.019615747746654668,0.009830729166666666,0.010460188578416582,1016.0,0.368836291913215,0.09270216962524654,0.34516765285996054,0.9389187022287028
large_long,nomotor_xlink,r0001,0.7000000000000001,initial,3.7392570881226055,0.38256982161698155,0.0622266507804945,0.0622266507804945,1.0,0.2703583061889251,0.04745508218023163,0.010221354166666667,0.0005940121584745162,1044.0,0.38195777351247595,0.08829174664107484,0.33397312859884837,0.9350397228044264
large_long,nomotor_xlink,r0001,0.75,initial,3.847648684210526,0.3998138495762817,0.03934493589607905,0.03934493589607905,1.0,0.28662420382165604,0.049223234162811255,0.010286458333333333,0.006174079784125652,1064.0,0.3867924528301887,0.0830188679245283,0.32830188679245287,0.9376149762871548
large_long,nomotor_xlink,r0001,0.8,initial,3.97532670349908,0.41961430032173547,0.03486661618073968,0.03486661618073968,1.0,0.30030959752321984,0.04125536668710905,0.01056857638888889,0.00659067279586185,1086.0,0.39963167587476983,0.07734806629834254,0.32228360957642727,0.9367825755085532
large_long,nomotor_xlink,r0001,0.8500000000000001,initial,4.056848381294964,0.4393578863514528,0.03018561910323118,0.03018561910323118,1.0,0.3312883435582822,0.044815946963595456,0.010720486111111111,0.007566838350057272,1112.0,0.40107913669064743,0.07553956834532374,0.31654676258992803,0.9318824897402264
large_long,nomotor_xlink,r0001,0.9,initial,4.156440418118467,0.4650153304220791,0.0215381525109201,0.0215381525109201,1.0,0.33727810650887574,0.043062085190085336,0.011024305555555556,0.0041284038802043566,1148.0,0.4024390243902439,0.07142857142857142,0.30662020905923343,0.9304462094246038
large_long,nomotor_xlink,r0001,0.9500000000000001,initial,4.186077296360485,0.4641283096326789,0.017726737984203506,0.017726737984203506,1.0,0.3588235294117647,0.07233388552004962,0.011046006944444445,0.0011723790166147756,1154.0,0.4020797227036395,0.06759098786828423,0.30675909878682844,0.9292098207844629
large_long,nomotor_xlink,r0001,1.0,initial,4.262800846023688,0.45798105632239045,0.02557451655440109,0.02557451655440109,1.0,0.3850574712643678,0.004090014510023518,0.011371527777777777,0.002049084436762827,1182.0,0.41116751269035534,0.06598984771573604,0.30626057529610823,0.9291427683154556
large_long,nomotor_xlink,r0001,1.05,pulse_01,4.78966687211094,0.4445559086738242,0.008960991816678346,0.008960991816678346,1.0,0.4765432098765432,0.06508933190746934,0.012413194444444444,0.02962993476713971,1298.0,0.4637904468412943,0.06317411402157164,0.28351309707241906,0.9290685137989959
large_long,nomotor_xlink,r0001,1.1,pulse_01,4.816549847560975,0.3556661043724051,0.017129545338867274,0.017129545338867274,1.0,0.441747572815534,0.024297703631874976,0.012782118055555555,0.018879850061067627,1312.0,0.4625954198473283,0.06259541984732825,0.283969465648855,0.9298475960207556
large_long,nomotor_xlink,r0001,1.15,pulse_01,4.892444144144144,0.33127680830741846,0.013829291873569923,0.013829291873569923,1.0,0.4795180722891566,0.029228702186660984,0.012738715277777778,0.0005922402915377786,1332.0,0.4653614457831325,0.06024096385542169,0.2816265060240964,0.9276903289072834
large_long,nomotor_xlink,r0001,1.2,pulse_01,4.899525598802395,0.35921954612163176,0.007530521430521464,0.007530521430521464,1.0,0.4797136038186158,0.03268781440586352,0.012456597222222223,0.009909985482589043,1336.0,0.46706586826347307,0.05838323353293414,0.2799401197604791,0.9282788029212554
large_long,nomotor_xlink,r0001,1.25,pulse_01,4.937627272727273,0.3907367212029527,0.007985068850394406,0.007985068850394406,1.0,0.4811320754716981,0.04082366944930504,0.012977430555555556,0.008560198462335245,1342.0,0.4694485842026827,0.05663189269746648,0.27719821162444114,0.9268595243306307
large_long,nomotor_xlink,r0001,1.3,pulse_01,4.947436011904761,0.41058073689564323,0.010273512990229014,0.010273512990229014,1.0,0.4976303317535545,0.023235529210996485,0.013020833333333334,0.004311739608647984,1344.0,0.4702380952380952,0.05803571428571428,0.2767857142857143,0.9261616098736484
large_long,nomotor_xlink,r0001,1.35,pulse_01,4.999268350668647,0.4166071588548406,0.011210664682539987,0.011210664682539987,1.0,0.41843971631205673,0.032614815686754756,0.012651909722222222,0.0009639182024717419,1346.0,0.46875,0.05654761904761905,0.27083333333333337,0.9269977457756855
large_long,nomotor_xlink,r0001,1.4,pulse_01,5.014700000000001,0.4163642461104737,0.006628274397640836,0.006628274397640836,1.0,0.4225352112676056,0.04885066924273404,0.012760416666666666,0.006304822915008168,1350.0,0.47032640949554905,0.054896142433234416,0.27151335311572705,0.9272055965371565
large_long,nomotor_xlink,r0001,1.45,pulse_01,5.039037997054492,0.3787782213647916,0.008801824817518048,0.008801824817518048,1.0,0.4068965517241379,0.021102057552701767,0.012738715277777778,0.0010916470411859447,1358.0,0.47050147492625366,0.05162241887905604,0.2684365781710914,0.9260828875119878
large_long,nomotor_xlink,r0001,1.5,pulse_01,5.06751094890511,0.409814363863358,0.012330570196658433,0.012330570196658433,1.0,0.4246575342465753,0.02668089155232997,0.013194444444444444,0.012177622233411345,1370.0,0.47214076246334297,0.05131964809384164,0.26686217008797647,0.926903417025881
large_long,nomotor_xlink,r0001,1.55,pulse_01,5.1130214182344425,0.4518439547652597,0.011682901407265689,0.011682901407265689,1.0,0.4305239179954442,0.04581408036034894,0.013302951388888888,0.012118415874794314,1382.0,0.47826086956521746,0.049275362318840575,0.26666666666666666,0.9245869865276202
large_long,nomotor_xlink,r0001,1.6,pulse_01,5.137608357348704,0.4825248591121239,0.01547377031336176,0.01547377031336176,1.0,0.4492099322799097,0.03853874414294233,0.013368055555555555,0.0035944407695911915,1388.0,0.4783861671469739,0.050432276657060515,0.2636887608069164,0.9207524427876012
large_long,nomotor_xlink,r0001,1.65,pulse_01,5.205864040114613,0.47341059938280683,0.016597299452819552,0.016597299452819552,1.0,0.4444444444444444,0.018611075929999787,0.013194444444444444,0.004850666069763958,1396.0,0.48563218390804613,0.04885057471264368,0.26293103448275873,0.9237511155034448
large_long,nomotor_xlink,r0001,1.7000000000000002,pulse_01,5.237192154065621,0.45342086269354015,0.005419948995513568,0.005419948995513568,1.0,0.44933920704845814,0.007580228734186883,0.013563368055555556,0.003638037116224994,1402.0,0.48930099857346654,0.04850213980028532,0.2596291012838802,0.9210311191045656
large_long,nomotor_xlink,r0001,1.75,pulse_01,5.238383734087694,0.45158237668545687,0.011521345108913264,0.011521345108913264,1.0,0.43790849673202614,0.05152277032860984,0.013563368055555556,0.003672605360901906,1414.0,0.4872521246458924,0.04674220963172805,0.25637393767705385,0.9221293745624831
large_long,nomotor_xlink,r0001,1.8,pulse_01,5.306320224719101,0.4313852305281287,0.01926902849003964,0.01926902849003964,1.0,0.4458874458874459,0.06885446948032752,0.013953993055555556,0.007179110641098089,1424.0,0.4908579465541491,0.04500703234880451,0.2573839662447258,0.9181979694211424
large_long,nomotor_xlink,r0001,1.85,pulse_01,5.353997905027932,0.40850771283886833,0.022113226435705496,0.022113226435705496,1.0,0.46236559139784944,0.03920897029228782,0.013780381944444444,0.00813825785402538,1432.0,0.49439775910364137,0.046218487394957986,0.2549019607843137,0.9207475537569032
large_long,nomotor_xlink,r0001,1.9,pulse_01,5.4389995833333336,0.38255568340397644,0.02533936849902781,0.02533936849902781,1.0,0.4669509594882729,0.08871527635178157,0.0138671875,0.0076158746731243105,1440.0,0.5,0.043055555555555555,0.2513888888888889,0.9156584096507447
large_long,nomotor_xlink,r0001,1.9500000000000002,pulse_01,5.506034116022099,0.36281246480012247,0.01441251786260119,0.01441251786260119,1.0,0.49356223175965663,0.026965103204190453,0.013823784722222222,0.009477582531239112,1448.0,0.5,0.03878116343490305,0.2493074792243767,0.9136032311635798
large_long,nomotor_xlink,r0001,2.0,pulse_01,5.525474690508941,0.3256901882165418,0.006480191495613852,0.006480191495613852,1.0,0.4872881355932203,0.03203198579746904,0.013802083333333333,0.012374092194526898,1454.0,0.5020689655172413,0.038620689655172416,0.2482758620689655,0.9137664810304786
large_long,nomotor_xlink,r0001,2.05,pulse_02,5.812625,0.35380580686443186,0.010390213675213348,-0.010390213675213348,1.0,0.5384615384615384,0.03990377352913729,0.01484375,0.005779165358231475,1560.0,0.5333333333333333,0.035897435897435895,0.23076923076923075,0.9121345582381738
large_long,nomotor_xlink,r0001,2.1,pulse_02,5.78145435897436,0.33646831078973743,0.0060512606837606064,-0.0060512606837606064,1.0,0.5444015444015444,0.033073640975720166,0.014995659722222223,0.0025936338761183473,1560.0,0.5294871794871794,0.03717948717948717,0.23076923076923078,0.9152954486993992
large_long,nomotor_xlink,r0001,2.15,pulse_02,5.776317435897436,0.3382440036077218,8.732442425607445e-05,8.732442425607445e-05,1.0,0.5426356589147286,0.04436856761566744,0.014930555555555556,0.0028874386968188357,1560.0,0.5301668806161747,0.03594351732991014,0.23106546854942236,0.9180374924089625
large_long,nomotor_xlink,r0001,2.2,pulse_02,5.781978305519896,0.3191436786088244,0.0039383638583638065,0.0039383638583638065,1.0,0.5319148936170213,0.07338914335890728,0.014713541666666666,0.001205251734102621,1558.0,0.5314505776636713,0.034659820282413344,0.22978177150192552,0.9163511277031002
large_long,nomotor_xlink,r0001,2.25,pulse_02,5.799947619047619,0.33101249320310605,0.002511442168373771,-0.002511442168373771,1.0,0.5319148936170213,0.037825222158311654,0.014952256944444445,0.003647117905768558,1554.0,0.5309278350515466,0.03221649484536083,0.22809278350515463,0.9148824359613109
large_long,nomotor_xlink,r0001,2.3,pulse_02,5.7669096525096535,0.34102638604343577,0.00585186615186591,-0.00585186615186591,1.0,0.5348837209302325,0.01888586332724645,0.014800347222222222,0.0012059402727494783,1554.0,0.5283505154639176,0.03221649484536082,0.22938144329896906,0.9172225551411102
large_long,nomotor_xlink,r0001,2.35,pulse_02,5.764836422136423,0.3382481348396029,0.003931853613982443,0.003931853613982443,1.0,0.55078125,0.04508335801211523,0.01482204861111111,0.00028184731096028703,1554.0,0.5270618556701032,0.030927835051546393,0.22809278350515466,0.9154232970665891
large_long,nomotor_xlink,r0001,2.4,pulse_02,5.790500774193548,0.3427174699091975,0.006525001995350592,0.006525001995350592,1.0,0.5499021526418787,0.03507751654661478,0.014670138888888889,0.008798984991778494,1550.0,0.5284237726098191,0.02842377260981912,0.227390180878553,0.9141150534067825
large_long,nomotor_xlink,r0001,2.45,pulse_02,5.803986434108527,0.3910420447902739,0.0037598752799454793,0.0037598752799454793,1.0,0.555992141453831,0.007573760585023765,0.01506076388888889,0.00588860519473348,1548.0,0.5284237726098192,0.028423772609819126,0.2260981912144703,0.9121364488862013
large_long,nomotor_xlink,r0001,2.5,pulse_02,5.813060025873221,0.37804910107759837,0.008535767250826906,0.008535767250826906,1.0,0.5459882583170255,0.05122968626943215,0.014670138888888889,0.0005062243303050514,1546.0,0.5291073738680466,0.027166882276843475,0.22509702457956013,0.9095674475830519
large_long,nomotor_xlink,r0001,2.55,pulse_02,5.855201037613488,0.38800469880844357,0.0069227453635420195,0.0069227453635420195,1.0,0.538160469667319,0.04396850665805253,0.014539930555555556,0.0052309689111980084,1542.0,0.5298701298701299,0.024675324675324677,0.22207792207792204,0.91203338022631
large_long,nomotor_xlink,r0001,2.6,pulse_02,5.854596498054473,0.4094349145447864,0.007313043210251724,0.007313043210251724,1.0,0.53125,0.047206818969750076,0.014626736111111111,0.0014396272137898274,1542.0,0.5285714285714286,0.025974025974025972,0.22337662337662337,0.9093865276934507
large_long,nomotor_xlink,r0001,2.65,pulse_02,5.899079296874999,0.3793669355257046,0.006841880437396419,0.006841880437396419,1.0,0.5463510848126233,0.03209662493495486,0.0142578125,0.008400304023208424,1536.0,0.52734375,0.022135416666666668,0.21875,0.906152980126124
large_long,nomotor_xlink,r0001,2.7,pulse_02,5.895647780678852,0.3590330904055359,0.0019079603247549315,0.0019079603247549315,1.0,0.5467196819085487,0.047717190804239695,0.014214409722222222,0.004053303435953726,1532.0,0.5261780104712039,0.01963350785340314,0.2212041884816754,0.909775749856682
large_long,nomotor_xlink,r0001,2.75,pulse_02,5.910527058823528,0.35504711490998225,0.003916556623332716,0.003916556623332716,1.0,0.5608782435129741,0.039651282176105536,0.01447482638888889,0.0031006851489399634,1530.0,0.5228758169934642,0.01830065359477124,0.2156862745098039,0.9060929664408454
large_long,nomotor_xlink,r0001,2.8,pulse_02,5.919147120418848,0.3404289795118961,0.0011528296456198757,0.0011528296456198757,1.0,0.41923076923076924,0.023034171788603147,0.014713541666666666,0.002212974938570015,1528.0,0.5229357798165138,0.017038007863695935,0.21756225425950199,0.9083779318747095
large_long,nomotor_xlink,r0001,2.85,pulse_02,5.917444036697248,0.34176926527856216,0.0018824056093449393,-0.0018824056093449393,1.0,0.40425531914893614,0.058447069972133094,0.014539930555555556,0.001608662757852708,1526.0,0.520997375328084,0.015748031496062992,0.2139107611548557,0.9064052075176146
large_long,nomotor_xlink,r0001,2.9,pulse_02,5.907852686762778,0.33077700296477985,0.006193184796854527,-0.006193184796854527,1.0,0.40540540540540543,0.047039268744866095,0.01447482638888889,0.00279914129488835,1526.0,0.5216251638269986,0.015727391874180867,0.2162516382699869,0.9066847490653076
large_long,nomotor_xlink,r0001,2.95,pulse_02,5.8802849279161205,0.32497441750923206,0.0045056492830649235,-0.0045056492830649235,1.0,0.4046692607003891,0.015449696572659731,0.014583333333333334,0.0026261038476968848,1526.0,0.5183727034120735,0.015748031496062992,0.21522309711286086,0.9068891006895426
large_long,nomotor_xlink,r0001,3.0,pulse_02,5.880818791064389,0.34653362605096116,0.00017795438275610329,0.00017795438275610329,1.0,0.3745173745173745,0.0589679552901161,0.014279513888888888,0.007186402847243034,1522.0,0.519736842105263,0.014473684210526316,0.2157894736842106,0.9083467699943317
large_long,nomotor_xlink,r0001,3.05,pulse_03,6.2293998803827755,0.13077192342226523,0.00184872408293509,-0.00184872408293509,1.0,0.45077720207253885,0.0674383076925022,0.016124131944444446,0.008265538298672409,1672.0,0.5598086124401912,0.011961722488038274,0.19497607655502391,0.9038839932467257
large_long,nomotor_xlink,r0001,3.1,pulse_03,6.22385370813397,0.10597530852624801,0.002658572567783087,-0.002658572567783087,1.0,0.4434782608695652,0.0601398384234127,0.01599392361111111,0.008708731067867466,1672.0,0.5599520383693045,0.014388489208633093,0.19544364508393283,0.9033918840356303
large_long,nomotor_xlink,r0001,3.15,pulse_03,6.213448444976077,0.07851953701506044,0.0037400694277115085,0.0037400694277115085,1.0,0.4444444444444444,0.06415245188328753,0.0162109375,0.006654993834232882,1672.0,0.5592814371257485,0.014371257485029942,0.19760479041916168,0.9026636159792903
large_long,nomotor_xlink,r0001,3.2,pulse_03,6.246294124700239,0.06604534552085072,0.004999808990581685,0.004999808990581685,1.0,0.46153846153846156,0.041164164679197944,0.016102430555555554,0.005302634558850139,1668.0,0.5594237695078033,0.010804321728691477,0.1956782713085234,0.9008487836213627
large_long,nomotor_xlink,r0001,3.25,pulse_03,6.243447298919567,0.046703729661959605,0.006395399334793754,-0.006395399334793754,1.0,0.4631578947368421,0.06669940475640948,0.0158203125,0.0029944744077988494,1666.0,0.5606242496998799,0.012004801920768308,0.19447779111644664,0.9007362166359143
large_long,nomotor_xlink,r0001,3.3,pulse_03,6.207921728691477,0.04807849907405762,0.008168307322928984,-0.008168307322928984,1.0,0.4603174603174603,0.04695283449540618,0.015755208333333333,0.00021864519391227508,1666.0,0.5570228091236495,0.012004801920768308,0.19447779111644656,0.9018711796269198
large_long,nomotor_xlink,r0001,3.35,pulse_03,6.194437454981993,0.045391858498485954,0.003541276510604282,-0.003541276510604282,1.0,0.4564831261101243,0.07696191329231852,0.015885416666666666,0.004767812815219256,1666.0,0.5540865384615385,0.012019230769230768,0.19471153846153846,0.9025858284220069
large_long,nomotor_xlink,r0001,3.4,pulse_03,6.186674069627851,0.01947162218274208,0.0012570346790942526,0.0012570346790942526,1.0,0.4564831261101243,0.02067662949936018,0.016080729166666665,0.008253313220892448,1666.0,0.5558223289315727,0.01320528211284514,0.19447779111644656,0.9044411301204658
large_long,nomotor_xlink,r0001,3.45,pulse_03,6.201979663056559,-0.004128020826868737,0.007560453614497753,0.007560453614497753,1.0,0.45714285714285713,0.05723830892726628,0.0162109375,0.002804629078528202,1662.0,0.5566265060240966,0.012048192771084338,0.19156626506024094,0.9038841729757888
large_long,nomotor_xlink,r0001,3.5,pulse_03,6.232036791314838,0.002643847711572869,0.0019713026389450348,0.0019713026389450348,1.0,0.46236559139784944,0.06809140363902398,0.016037326388888887,0.0004212061167792089,1658.0,0.5579710144927537,0.008454106280193236,0.18961352657004832,0.9026497436462735
large_long,nomotor_xlink,r0001,3.55,pulse_03,6.213807478890229,-0.001600784126193484,0.003559569762766538,-0.003559569762766538,1.0,0.45714285714285713,0.07826504526923186,0.015928819444444443,0.003124426825988427,1658.0,0.5562273276904474,0.009673518742442563,0.18984280532043527,0.9030093537581821
large_long,nomotor_xlink,r0001,3.6,pulse_03,6.210679372738238,-0.016102713244357695,0.002263125498971341,0.002263125498971341,1.0,0.4638447971781305,0.07301521081937593,0.015559895833333334,0.0005109331318805219,1658.0,0.5572979493365501,0.010856453558504222,0.19059107358262967,0.9024040393014288
large_long,nomotor_xlink,r0001,3.65,pulse_03,6.227386231884057,0.0014648146650896475,0.0022752436004589427,0.0022752436004589427,1.0,0.4635879218472469,0.09088451732160353,0.015950520833333332,0.0032221927338112184,1656.0,0.5579710144927538,0.010869565217391306,0.18840579710144928,0.9009991604306542
large_long,nomotor_xlink,r0001,3.7,pulse_03,6.224330834340992,-0.035435869647225005,0.001039714999239531,-0.001039714999239531,1.0,0.46167557932263814,0.060540099404319946,0.015668402777777778,0.008445700952201467,1654.0,0.5598548972188634,0.009673518742442563,0.18984280532043527,0.899917054087272
large_long,nomotor_xlink,r0001,3.75,pulse_03,6.22114794188862,-0.04920939104811916,0.0022372447815518135,0.0022372447815518135,1.0,0.4548736462093863,0.06972819869668852,0.0158203125,0.0016752512852048738,1652.0,0.5575757575757576,0.008484848484848486,0.19151515151515153,0.9018379751549908
large_long,nomotor_xlink,r0001,3.8,pulse_03,6.237754303030303,-0.04548737735845425,0.001074373321593658,0.001074373321593658,1.0,0.4562043795620438,0.0493082878771565,0.015559895833333334,0.0014120561936861082,1650.0,0.5587878787878788,0.006060606060606061,0.18666666666666668,0.8993215045396018
large_long,nomotor_xlink,r0001,3.85,pulse_03,6.227594181818182,-0.05768172821023581,0.0037080202020201014,-0.0037080202020201014,1.0,0.44565217391304346,0.08969583830832721,0.015581597222222222,0.0021308415957875713,1650.0,0.5575757575757576,0.007272727272727273,0.1915151515151515,0.9005012337011324
large_long,nomotor_xlink,r0001,3.9,pulse_03,6.215506181818182,-0.058272426933179675,0.0020082714769051138,0.0020082714769051138,1.0,0.44565217391304346,0.03313658373087576,0.015581597222222222,0.011155822137071536,1650.0,0.5575757575757577,0.007272727272727273,0.19030303030303028,0.9002024698441935
large_long,nomotor_xlink,r0001,3.95,pulse_03,6.239643810679612,0.009253204612193406,0.0015184073992349962,0.0015184073992349962,1.0,0.4581818181818182,0.06847996591700875,0.015755208333333333,0.01482897527228254,1648.0,0.5594660194174755,0.007281553398058252,0.18810679611650488,0.9021680494041829
large_long,nomotor_xlink,r0001,4.0,pulse_03,6.224616626213592,0.030701424700515567,0.005009061488673379,-0.005009061488673379,1.0,0.4729241877256318,0.02011170090324757,0.015907118055555555,0.007149406696107387,1648.0,0.5582524271844658,0.007281553398058252,0.1905339805825243,0.9010368497225343
large_long,nomotor_xlink,r0001,4.05,pulse_04,6.493572203389831,0.011589919574558287,0.005036974105994574,0.005036974105994574,1.0,0.5270935960591133,0.06644753125436664,0.016731770833333333,0.0053417680071458015,1770.0,0.5877689694224236,0.005662514156285391,0.18006795016987545,0.9016739876452059
large_long,nomotor_xlink,r0001,4.1,pulse_04,6.508683125707814,0.02761522359599569,0.0033440816169836296,0.0033440816169836296,1.0,0.5239669421487604,0.06208543206277074,0.0169921875,0.004311649179805859,1766.0,0.5861678004535149,0.0034013605442176865,0.17800453514739226,0.8987248602894867
large_long,nomotor_xlink,r0001,4.15,pulse_04,6.513636693091732,0.037459814653393445,0.000913533408833563,-0.000913533408833563,1.0,0.5305785123966942,0.0341114575651295,0.017013888888888887,0.003164189444202085,1766.0,0.5884353741496599,0.0034013605442176865,0.17913832199546484,0.8989510238238599
large_long,nomotor_xlink,r0001,4.2,pulse_04,6.503201925254813,0.0466003602612082,3.36098463544765e-05,-3.36098463544765e-05,1.0,0.5338842975206611,0.059966175684137965,0.01694878472222222,0.00044165534240544574,1766.0,0.5873015873015875,0.0045351473922902496,0.17913832199546484,0.8990896693268111
large_long,nomotor_xlink,r0001,4.25,pulse_04,6.513435034013606,0.03480988259896077,0.005091563346672157,0.005091563346672157,1.0,0.5165562913907285,0.03811276737239416,0.016883680555555555,0.0032323029819067302,1764.0,0.5863636363636364,0.0022727272727272726,0.1784090909090909,0.8981686456611189
large_long,nomotor_xlink,r0001,4.3,pulse_04,6.533751305334846,0.02720654236976782,0.0033536117553080538,0.0033536117553080538,1.0,0.4094616639477977,0.05863742302059547,0.017057291666666665,0.0021740263684076125,1762.0,0.5868331441543699,0.001135073779795687,0.17707150964812718,0.8965544780880069
large_long,nomotor_xlink,r0001,4.35,pulse_04,6.533556704545454,0.047854040809406445,0.0005388160406560871,-0.0005388160406560871,1.0,0.4098360655737705,0.0657857928254935,0.016558159722222222,0.004499155299856376,1760.0,0.5875,0.0011363636363636363,0.1795454545454545,0.8955271691599501
large_long,nomotor_xlink,r0001,4.4,pulse_04,6.530518409090909,0.054201474168906076,0.003671401515151551,-0.003671401515151551,1.0,0.4144736842105263,0.08196584973459793,0.016731770833333333,0.00020594133710916235,1760.0,0.5847554038680319,0.002275312855517634,0.1797497155858931,0.8944092572283753
large_long,nomotor_xlink,r0001,4.45,pulse_04,6.511528295454545,0.04908968883206142,0.0002388095545902876,-0.0002388095545902876,1.0,0.41118421052631576,0.06425852054977972,0.01662326388888889,0.0016271731765342273,1760.0,0.5824800910125143,0.0034129692832764514,0.17974971558589306,0.8966591753844185
large_long,nomotor_xlink,r0001,4.5,pulse_04,6.529085551763368,0.04443843510970071,0.003742117613852051,0.003742117613852051,1.0,0.4115702479338843,0.058579197706602,0.016840277777777777,0.00487748301616439,1758.0,0.5836177474402732,0.0022753128555176336,0.17974971558589306,0.8931351491119207
large_long,nomotor_xlink,r0001,4.55,pulse_04,6.533981001137657,0.01982479073507508,0.0047233506468122854,0.0047233506468122854,1.0,0.40264026402640263,0.04232967940280006,0.01677517361111111,0.006170821861860053,1758.0,0.583617747440273,0.0022753128555176336,0.17974971558589306,0.8960752232473128
large_long,nomotor_xlink,r0001,4.6,pulse_04,6.557425655644241,0.007413503938540395,0.004240110604765294,0.004240110604765294,1.0,0.40397350993377484,0.04614268462949113,0.016493055555555556,0.0026767443870684172,1754.0,0.5872291904218929,0.0011402508551881414,0.17787913340935,0.8943877951851098
large_long,nomotor_xlink,r0001,4.65,pulse_04,6.559421664766249,0.0037643244126645764,0.0002509122006841835,0.0002509122006841835,1.0,0.40728476821192056,0.054163746401541965,0.016471354166666667,0.0021261526386956984,1754.0,0.5849486887115165,0.0011402508551881414,0.17673888255416187,0.8965966206295136
large_long,nomotor_xlink,r0001,4.7,pulse_04,6.5589311288483465,0.020170419770714584,0.001059407069555392,-0.001059407069555392,1.0,0.39303482587064675,0.08879580260384955,0.0162109375,0.0047706020018381855,1754.0,0.5838084378563283,0.0011402508551881414,0.17673888255416187,0.8937740601478138
large_long,nomotor_xlink,r0001,4.75,pulse_04,6.553065222348916,0.03238793642369369,0.0026787153173697398,-0.0026787153173697398,1.0,0.41487603305785126,0.07518847901280973,0.0166015625,0.0015259209033501675,1754.0,0.5826681870011401,0.0011402508551881414,0.17673888255416187,0.894299991434099
large_long,nomotor_xlink,r0001,4.8,pulse_04,6.542858836944128,0.011014894350613579,0.003115127328012187,-0.003115127328012187,1.0,0.40826446280991735,0.05801145100142803,0.016319444444444445,0.0003611740289972687,1754.0,0.5826681870011401,0.002280501710376283,0.18015963511972627,0.8955230025113515
large_long,nomotor_xlink,r0001,4.85,pulse_04,6.534374458380843,0.0345549805976773,0.0028633449701400693,-0.0028633449701400693,1.0,0.40924092409240925,0.018101583236312273,0.016384548611111112,0.0022207432571727413,1754.0,0.5803876852907639,0.004561003420752566,0.17901938426453815,0.8981519287998644
large_long,nomotor_xlink,r0001,4.9,pulse_04,6.525678767123288,0.024339353893650027,0.0018274644117359056,0.0018274644117359056,1.0,0.3640856672158155,0.0732050033122429,0.01642795138888889,0.00033746964966048276,1752.0,0.584474885844749,0.0,0.1780821917808219,0.8946429969175761
large_long,nomotor_xlink,r0001,4.95,pulse_04,6.545339244851259,0.0365797984956402,0.001541998944651457,-0.001541998944651457,1.0,0.37293729372937295,0.03418037977654662,0.0166015625,0.0029662122846382446,1748.0,0.5864833906071019,0.002290950744558992,0.17754868270332191,0.8977508321640387
large_long,nomotor_xlink,r0001,5.0,pulse_04,6.516426773455379,0.042136627601479494,0.009637490465293238,-0.009637490465293238,1.0,0.3609271523178808,0.05325499512129725,0.016297743055555557,0.0018522763686130983,1748.0,0.5823798627002288,0.0,0.17963386727688785,0.8959527328927137
large_long,nomotor_xlink,r0001,5.05,pulse_05,6.686301525054465,0.1764355582851643,0.00508779956426982,-0.00508779956426982,1.0,0.39035769828926903,0.025292156816901376,0.017274305555555557,0.004693784232472807,1836.0,0.5965103598691384,0.0,0.1723009814612868,0.8953539862216279
large_long,nomotor_xlink,r0001,5.1,pulse_05,6.671038126361656,0.16235420558774588,0.002265812154660818,-0.002265812154660818,1.0,0.39469578783151327,0.039464529926368876,0.017252604166666668,0.0008063593226962373,1836.0,0.5969498910675382,0.0032679738562091504,0.173202614379085,0.8956916928048909
large_long,nomotor_xlink,r0001,5.15,pulse_05,6.6727066521265,0.18127371422134173,0.0006698646748041585,0.0006698646748041585,1.0,0.4040561622464899,0.06055433326011604,0.017534722222222222,0.00459587898029427,1834.0,0.5971615720524017,0.0032751091703056767,0.17139737991266374,0.8959058037066095
large_long,nomotor_xlink,r0001,5.2,pulse_05,6.675057314410481,0.1899294794695115,0.0005549751009567375,0.0005549751009567375,1.0,0.3987538940809969,0.04308782199424633,0.01773003472222222,1.4549238294534842e-05,1832.0,0.599344978165939,0.0021834061135371182,0.1724890829694323,0.8962325659227901
large_long,nomotor_xlink,r0001,5.25,pulse_05,6.676036502732241,0.18118641879157452,0.002031829268777763,-0.002031829268777763,1.0,0.3943217665615142,0.053241537252080924,0.017296006944444445,0.0033412832143972504,1830.0,0.5989071038251367,0.001092896174863388,0.17049180327868851,0.8950257253348181
large_long,nomotor_xlink,r0001,5.3,pulse_05,6.662866338797814,0.169881780183128,0.002837613843351683,-0.002837613843351683,1.0,0.3984251968503937,0.05643944986131146,0.017339409722222223,0.004610368505281903,1830.0,0.5978142076502733,0.004371584699453552,0.17377049180327866,0.8939182186570512
large_long,nomotor_xlink,r0001,5.35,pulse_05,6.6590108196721305,0.1535242077598831,0.0010250516023358653,0.0010250516023358653,1.0,0.4050632911392405,0.031162991341508097,0.01755642361111111,0.0025587689600458604,1830.0,0.5989071038251366,0.004371584699453552,0.17486338797814208,0.8955688923107884
large_long,nomotor_xlink,r0001,5.4,pulse_05,6.669016648411829,0.15452916642285283,0.0007648372326862033,-0.0007648372326862033,1.0,0.3865814696485623,0.039173529137632654,0.017296006944444445,0.0039550032297943445,1826.0,0.5982436882546652,0.0,0.17343578485181121,0.8957471753113004
large_long,nomotor_xlink,r0001,5.45,pulse_05,6.654421796276013,0.17725422713864916,0.0027835158817085905,-0.0027835158817085905,1.0,0.3875598086124402,0.020433107819159652,0.017144097222222224,0.007340299343476932,1826.0,0.5991237677984667,0.0,0.1741511500547645,0.893290422528942
large_long,nomotor_xlink,r0001,5.5,pulse_05,6.652315553121578,0.19857096248371442,0.0015020627966409645,-0.0015020627966409645,1.0,0.4009508716323296,0.007862780557127143,0.017078993055555554,0.002335780045781189,1826.0,0.5980284775465499,0.0032858707557502738,0.17743702081051477,0.8946356909076066
large_long,nomotor_xlink,r0001,5.55,pulse_05,6.6454094194961675,0.1912689074133363,0.0009880454033039203,-0.0009880454033039203,1.0,0.4047244094488189,0.03438921766209171,0.017361111111111112,0.0009408195597179018,1826.0,0.5947426067907996,0.0032858707557502738,0.17853231106243153,0.8952444204499399
large_long,nomotor_xlink,r0001,5.6,pulse_05,6.646387280701754,0.20421587984202183,0.0004411487081944128,0.0004411487081944128,1.0,0.4060031595576619,0.039996747760865856,0.01697048611111111,0.0029723930797198503,1824.0,0.5942982456140349,0.0021929824561403508,0.17872807017543862,0.8956354540020761
large_long,nomotor_xlink,r0001,5.65,pulse_05,6.648056311745334,0.2091032658916554,0.0006152236954442003,-0.0006152236954442003,1.0,0.40729001584786056,0.03825779018283834,0.017296006944444445,0.0034027889401062467,1822.0,0.5938529088913282,0.0010976948408342481,0.1800219538968167,0.8935796417300516
large_long,nomotor_xlink,r0001,5.7,pulse_05,6.642695938529089,0.2246326134826593,0.0009900286285250044,0.0009900286285250044,1.0,0.4041204437400951,0.050953480198684356,0.017078993055555554,0.0038886303484919984,1822.0,0.5949506037321626,0.0010976948408342481,0.1800219538968167,0.8939325708338128
large_long,nomotor_xlink,r0001,5.75,pulse_05,6.653996483516484,0.2324350479826074,0.0004996893885477564,-0.0004996893885477564,1.0,0.3801916932907348,0.06671490980958222,0.017252604166666668,0.0011895235144084905,1820.0,0.5945054945054945,0.0,0.17692307692307693,0.8917953584977795
large_long,nomotor_xlink,r0001,5.8,pulse_05,6.639697802197802,0.23176975456911025,0.0031027655677656383,-0.0031027655677656383,1.0,0.3801916932907348,0.04073491278831076,0.01723090277777778,0.0024174905028033996,1820.0,0.5918591859185918,0.0,0.17711771177117708,0.8927247323889198
large_long,nomotor_xlink,r0001,5.85,pulse_05,6.63537989010989,0.2469399909994278,0.0035625091575091083,-0.0035625091575091083,1.0,0.38041733547351525,0.05679639934512283,0.016883680555555555,0.0013883756464779056,1820.0,0.5918591859185918,0.0,0.1782178217821782,0.8917639319325165
large_long,nomotor_xlink,r0001,5.9,pulse_05,6.618322747252748,0.2401000084479777,0.005008516483516375,-0.005008516483516375,1.0,0.3821656050955414,0.061714002945409484,0.017165798611111113,0.0005888315840958854,1820.0,0.5934065934065934,0.0,0.18021978021978022,0.8930418725168388
large_long,nomotor_xlink,r0001,5.95,pulse_05,6.605328791208792,0.24340700149485248,0.002675720068344045,-0.002675720068344045,1.0,0.3824,0.023676622530231936,0.016905381944444443,0.004152290409960499,1820.0,0.5923076923076923,0.0,0.18351648351648353,0.8952481947926829
large_long,nomotor_xlink,r0001,6.0,pulse_05,6.6022684268426834,0.2151862659882147,0.0010201214553694864,-0.0010201214553694864,1.0,0.3885350318471338,0.04302961461198707,0.016840277777777777,0.009406911835545928,1818.0,0.5907590759075908,0.0022002200220022,0.18261826182618263,0.8962644584440927
large_long,nomotor_xlink,r0001,6.05,pulse_06,6.77075580912863,0.2445078136314048,0.0011707814661132687,-0.0011707814661132687,1.0,0.4341317365269461,0.019921393755335443,0.018446180555555556,0.020130137529195614,1928.0,0.6078838174273858,0.001037344398340249,0.17116182572614105,0.893021686262501
large_long,nomotor_xlink,r0001,6.1,pulse_06,6.76724346473029,0.30489822621899165,9.036964505530302e-05,9.036964505530302e-05,1.0,0.44807121661721067,0.0030364931623906395,0.01820746527777778,0.0015724907841644514,1928.0,0.6089211618257263,0.005186721991701245,0.17116182572614108,0.8950734745553905
large_long,nomotor_xlink,r0001,6.15,pulse_06,6.771298026998962,0.2539427583363915,0.0024426369912200485,-0.0024426369912200485,1.0,0.43543543543543545,0.02943206267891163,0.017881944444444443,0.0029625982278076632,1926.0,0.6137071651090343,0.003115264797507788,0.1703011422637591,0.8947441716584167
large_long,nomotor_xlink,r0001,6.2,pulse_06,6.75258764278297,0.2871226368521457,0.006070456905503896,-0.006070456905503896,1.0,0.44360902255639095,0.028712392317734814,0.018120659722222224,0.00013693068589895607,1926.0,0.6129032258064516,0.007284079084287201,0.17065556711758587,0.8961402615347057
large_long,nomotor_xlink,r0001,6.25,pulse_06,6.734875285565939,0.25476434245178525,0.0031960000618879527,-0.0031960000618879527,1.0,0.4380664652567976,0.03706082871153349,0.018077256944444446,0.006505156886496212,1926.0,0.6105919003115264,0.008307372793354102,0.17237798546209765,0.8955809823131418
large_long,nomotor_xlink,r0001,6.3,pulse_06,6.733411642411642,0.32615357817112295,0.002325594766788027,0.002325594766788027,1.0,0.42424242424242425,0.01747652785096065,0.018055555555555554,0.0073258874865366475,1924.0,0.6070686070686071,0.007276507276507277,0.17151767151767153,0.8955068074629259
large_long,nomotor_xlink,r0001,6.35,pulse_06,6.748828854166667,0.29871966737100514,0.007012777760898814,0.007012777760898814,1.0,0.4316109422492401,0.022861685637174434,0.018098958333333335,0.011641592482022864,1920.0,0.6072916666666666,0.007291666666666667,0.16979166666666667,0.8962144661011038
large_long,nomotor_xlink,r0001,6.4,pulse_06,6.775488308977035,0.25630402327898577,0.010639519069953382,0.010639519069953382,1.0,0.4398782343987823,0.011459361215693147,0.017903645833333332,0.021369089554948085,1916.0,0.604602510460251,0.005230125523012552,0.16841004184100422,0.8971180886501533
large_long,nomotor_xlink,r0001,6.45,pulse_06,6.812665968586387,0.17050513004131662,0.01131712707525597,0.01131712707525597,1.0,0.43730886850152906,0.009113825954700934,0.01792534722222222,0.026073247474971657,1910.0,0.6094240837696334,0.0020942408376963353,0.16544502617801043,0.895700713556827
large_long,nomotor_xlink,r0001,6.5,pulse_06,6.843391071428571,0.09986453842915584,0.002716176103949438,0.002716176103949438,1.0,0.4228395061728395,0.02538218986461179,0.017708333333333333,0.004207903125299353,1904.0,0.6102941176470588,0.0,0.1638655462184874,0.8938228799965772
large_long,nomotor_xlink,r0001,6.55,pulse_06,6.828963025210084,0.1452577112895205,0.005278939075630262,-0.005278939075630262,1.0,0.4201550387596899,0.0366223170622785,0.017990451388888887,0.0015922769428944907,1904.0,0.6084210526315789,0.0,0.1642105263157895,0.893862887531257
large_long,nomotor_xlink,r0001,6.6,pulse_06,6.8117174369747895,0.10941820008652278,0.0011096638655462658,-0.0011096638655462658,1.0,0.4201550387596899,0.053837158016191156,0.017513020833333334,0.007149646691347315,1904.0,0.6035751840168243,0.0,0.16508937960042055,0.8927541966103576
large_long,nomotor_xlink,r0001,6.65,pulse_06,6.822305042016806,0.10235983114143661,0.0038215686274510516,0.0038215686274510516,1.0,0.42105263157894735,0.07658993961201828,0.017534722222222222,0.0033422610912828394,1904.0,0.6046267087276551,0.0,0.16508937960042064,0.893020411106085
large_long,nomotor_xlink,r0001,6.7,pulse_06,6.834646848739496,0.08936463353882575,0.0003089810924368959,-0.0003089810924368959,1.0,0.4268104776579353,0.03766196963749059,0.017686631944444444,0.00859930306455954,1904.0,0.6060924369747898,0.0,0.16491596638655462,0.8912093665154291
large_long,nomotor_xlink,r0001,6.75,pulse_06,6.820451155462185,0.050764012754079366,0.00303825280112043,-0.00303825280112043,1.0,0.42194744976816073,0.0474875267906033,0.017708333333333333,0.0014831830461325714,1904.0,0.6031578947368421,0.0,0.1631578947368421,0.8926166985336239
large_long,nomotor_xlink,r0001,6.8,pulse_06,6.816417331932773,0.09826373181562117,0.0021966036414564627,-0.0021966036414564627,1.0,0.4254992319508449,0.05356488566267187,0.017903645833333332,0.007189213708482659,1904.0,0.6035751840168245,0.0010515247108307045,0.16298633017875921,0.8912699577973406
large_long,nomotor_xlink,r0001,6.85,pulse_06,6.807271533613446,0.09389929500497532,0.0008391197567355254,0.0008391197567355254,1.0,0.43032159264931086,0.033871419208757955,0.017469618055555556,0.007159684600316535,1904.0,0.6018907563025211,0.0010504201680672268,0.1638655462184874,0.8905405782909391
large_long,nomotor_xlink,r0001,6.9,pulse_06,6.821452050473186,0.05530562421372197,0.0003945545857670929,-0.0003945545857670929,1.0,0.4246153846153846,0.03643163795358191,0.01773003472222222,0.009377304282081373,1902.0,0.6035751840168243,0.0,0.1650893796004206,0.8915655086292055
large_long,nomotor_xlink,r0001,6.95,pulse_06,6.804904206098843,0.03763546931248708,0.004353557658605123,-0.004353557658605123,1.0,0.41975308641975306,0.029442183851025757,0.01755642361111111,0.00876403001928707,1902.0,0.6025236593059937,0.0,0.16508937960042064,0.8888685705044302
large_long,nomotor_xlink,r0001,7.0,pulse_06,6.795330704521556,0.0027214440979995537,0.0031911671924292526,-0.0031911671924292526,1.0,0.4170542635658915,0.05873779700958547,0.017881944444444443,0.011638008404829175,1902.0,0.6025236593059937,0.0,0.16508937960042064,0.8896847643783087
large_long,nomotor_xlink,r0001,7.05,pulse_07,7.042420841487281,0.2622647045827014,0.0038791911285063208,-0.0038791911285063208,1.0,0.465149359886202,0.03482796646678577,0.018858506944444443,0.014483892048314628,2044.0,0.6268364348677767,0.0,0.1547502448579824,0.888547040405723
large_long,nomotor_xlink,r0001,7.1,pulse_07,7.030783268101762,0.3057163807276453,0.003816960208741301,-0.003816960208741301,1.0,0.463623395149786,0.05042436455246547,0.019097222222222224,0.002776477447441842,2044.0,0.6278158667972576,0.0,0.1547502448579824,0.8894204562699864
large_long,nomotor_xlink,r0001,7.15,pulse_07,7.019519080234833,0.27892356926735246,0.0025247823591083574,-0.0025247823591083574,1.0,0.465149359886202,0.027831960034189095,0.019075520833333335,0.0074527688422075895,2044.0,0.6243854473942969,0.0,0.1563421828908554,0.8907686885274063
large_long,nomotor_xlink,r0001,7.2,pulse_07,7.0156345739471115,0.26099976767439975,0.001060483960707496,-0.001060483960707496,1.0,0.4634146341463415,0.08595454318632062,0.019075520833333335,0.0032697302066470404,2042.0,0.6268364348677766,0.0,0.1547502448579824,0.8887567104811509
large_long,nomotor_xlink,r0001,7.25,pulse_07,7.013156176470588,0.2985419505072347,0.0004336717611863605,0.0004336717611863605,1.0,0.463623395149786,0.0491802705006772,0.018836805555555555,0.0071476284992827155,2040.0,0.6264705882352941,0.0,0.15588235294117644,0.8898812511084379
large_long,nomotor_xlink,r0001,7.3,pulse_07,7.01823660451423,0.30388553867009604,0.001547324799399637,-0.001547324799399637,1.0,0.4670487106017192,0.029209955553642933,0.019075520833333335,0.004247915868671089,2038.0,0.6261040235525025,0.0009813542688910696,0.1560353287536801,0.8890311610585654
large_long,nomotor_xlink,r0001,7.35,pulse_07,7.00387222767419,0.32402944571926123,0.0016350997710172048,-0.0016350997710172048,1.0,0.45558739255014324,0.025531794303011668,0.019118923611111113,0.0023360126184700605,2038.0,0.6270853778213936,0.0,0.15505397448478897,0.8881579296559511
large_long,nomotor_xlink,r0001,7.4,pulse_07,7.0084260058881265,0.3179016143809164,0.003358766764802142,-0.003358766764802142,1.0,0.45767575322812054,0.04388185994158938,0.019401041666666667,0.0036194223007106805,2038.0,0.6280667320902846,0.0,0.15505397448478903,0.8873096156650653
large_long,nomotor_xlink,r0001,7.45,pulse_07,6.983719627085377,0.3457459795235253,0.006311318285901368,-0.006311318285901368,1.0,0.4553314121037464,0.032010464852770225,0.018880208333333332,0.0009177219144503405,2038.0,0.6247544204322201,0.0,0.15717092337917488,0.8892671165187582
large_long,nomotor_xlink,r0001,7.5,pulse_07,6.970558096172718,0.32340794586761845,0.0009861297270650955,-0.0009861297270650955,1.0,0.45323741007194246,0.02432818248775606,0.018836805555555555,0.006121695283132694,2038.0,0.6251226692836115,0.0,0.15603532875368004,0.8892700281468975
large_long,nomotor_xlink,r0001,7.55,pulse_07,6.977802848722987,0.3824761512223215,0.0036348436893387515,0.0036348436893387515,1.0,0.45664739884393063,0.03310647796640547,0.0189453125,0.009006700410047558,2036.0,0.6257367387033398,0.0009823182711198428,0.15618860510805502,0.8898919676056932
large_long,nomotor_xlink,r0001,7.6,pulse_07,6.992367158308751,0.3774481483279038,0.0014258116762901156,0.0014258116762901156,1.0,0.4558610709117221,0.052841835407434846,0.01918402777777778,0.007331762249053704,2034.0,0.6263520157325466,0.000983284169124877,0.1563421828908554,0.8903919638509261
large_long,nomotor_xlink,r0001,7.65,pulse_07,6.986357718780727,0.33848557772799925,0.000385066791061206,0.000385066791061206,1.0,0.45348837209302323,0.05886410300329132,0.019205729166666668,0.012042399810699702,2034.0,0.626968503937008,0.0,0.15649606299212598,0.8903462879004895
large_long,nomotor_xlink,r0001,7.7,pulse_07,6.994677559055118,0.3051937494637056,7.809345780529497e-05,7.809345780529497e-05,1.0,0.447178002894356,0.0026712467816733545,0.018858506944444443,0.008672490754594725,2032.0,0.625615763546798,0.0,0.15566502463054188,0.8884376973324484
large_long,nomotor_xlink,r0001,7.75,pulse_07,6.986826279527559,0.2864506332004309,0.000866715879265012,-0.000866715879265012,1.0,0.4463768115942029,0.029615644427552146,0.018793402777777777,0.0025707909565893063,2032.0,0.6240157480314961,0.0,0.15551181102362205,0.8867248578766161
large_long,nomotor_xlink,r0001,7.8,pulse_07,6.989477263779528,0.28976900372416975,0.0018465715223097885,-0.0018465715223097885,1.0,0.45323741007194246,0.03768807527623533,0.01916232638888889,0.000835993232885431,2032.0,0.625615763546798,0.0,0.1556650246305419,0.887661916575486
large_long,nomotor_xlink,r0001,7.85,pulse_07,6.9757468503937,0.2914665925977435,0.00118172787130059,-0.00118172787130059,1.0,0.4508670520231214,0.02719869943968057,0.018598090277777778,0.001357138032262839,2032.0,0.624630541871921,0.0,0.15566502463054188,0.886747988630997
large_long,nomotor_xlink,r0001,7.9,pulse_07,6.982386896551724,0.2816261755305927,0.001664442224894369,-0.001664442224894369,1.0,0.4492753623188406,0.014866430812876072,0.019118923611111113,0.005074985222878146,2030.0,0.6266009852216748,0.0,0.15467980295566505,0.8884238978674929
large_long,nomotor_xlink,r0001,7.95,pulse_07,6.965760197044334,0.2610166812604746,0.0029145648604269603,-0.0029145648604269603,1.0,0.4468704512372635,0.022294152538666224,0.01892361111111111,0.007674721956967769,2030.0,0.6193293885601577,0.0,0.1548323471400394,0.8886533344951036
large_long,nomotor_xlink,r0001,8.0,pulse_07,6.964899507389163,0.2355778437887861,0.0002868965517238327,-0.0002868965517238327,1.0,0.44476744186046513,0.0036035587691900625,0.01892361111111111,0.008479612490562838,2030.0,0.6236453201970444,0.0,0.1556650246305419,0.8891876366198399
large_long,nomotor_xlink,r0002,0.0,initial,1.1655225663716813,-2.7241867969681097,0.0927672454723878,0.0927672454723878,1.0,0.2116788321167883,0.0,0.004383680555555556,0.012039080272803796,452.0,0.2920353982300885,0.20353982300884957,0.3805309734513275,0.9363942760858178
large_long,nomotor_xlink,r0002,0.05,initial,1.4438243027888447,-2.760304037786521,0.11202313424491228,0.11202313424491228,1.0,0.23178807947019867,0.0881858894491299,0.004969618055555555,0.013148191210270147,502.0,0.3107569721115537,0.199203187250996,0.3705179282868524,0.9492782411088991
large_long,nomotor_xlink,r0002,0.1,initial,1.837661371841155,-2.8030759442297306,0.1562476051643316,0.1562476051643316,1.0,0.3028571428571429,0.0868037974080197,0.005208333333333333,0.023824371554550233,554.0,0.33935018050541516,0.19494584837545126,0.35740072202166073,0.9375624674104788
large_long,nomotor_xlink,r0002,0.15000000000000002,initial,2.3813099337748342,-2.9032502671138225,0.13316494759344297,0.13316494759344297,1.0,0.22916666666666666,0.08415052815021838,0.005902777777777778,0.007208184262169255,604.0,0.3675496688741721,0.17880794701986757,0.347682119205298,0.9405361413028874
large_long,nomotor_xlink,r0002,0.2,initial,2.6366510574018127,-2.846325049802746,0.08308599869184863,0.08308599869184863,1.0,0.24651162790697675,0.049134177323942624,0.006336805555555556,0.00926381475792241,662.0,0.37764350453172196,0.17824773413897282,0.3504531722054379,0.9374379343872411
large_long,nomotor_xlink,r0002,0.25,initial,2.879825925925926,-2.847667378566288,0.07475324433569419,0.07475324433569419,1.0,0.25333333333333335,0.06409014327593647,0.006618923611111111,0.008338286835536834,702.0,0.39031339031339035,0.1623931623931624,0.34188034188034183,0.944574599383606
large_long,nomotor_xlink,r0002,0.30000000000000004,initial,3.085170523415978,-2.796295328789525,0.05291339831059131,0.05291339831059131,1.0,0.2905982905982906,0.04495051604238958,0.007118055555555555,0.005493578045584109,726.0,0.3939393939393939,0.15426997245179064,0.32506887052341604,0.9439754118136077
large_long,nomotor_xlink,r0002,0.35000000000000003,initial,3.197306315789474,-2.8147059102927834,0.050238330060393244,0.050238330060393244,1.0,0.3064516129032258,0.09500069909615683,0.007400173611111111,0.014250740341192595,760.0,0.4078947368421053,0.1526315789473684,0.3315789473684211,0.945347948820626
large_long,nomotor_xlink,r0002,0.4,initial,3.3866005037783373,-2.7107908867423696,0.07936169958795292,0.07936169958795292,1.0,0.3384615384615385,0.10582316692397711,0.007573784722222222,0.02164017828343834,794.0,0.4206549118387909,0.14357682619647352,0.3299748110831233,0.948558240380687
large_long,nomotor_xlink,r0002,0.45,initial,3.6734765133171914,-2.6848648405921534,0.0770175449822863,0.0770175449822863,1.0,0.362962962962963,0.04388689250086379,0.0080078125,0.0043045658751874605,826.0,0.43099273607748184,0.12590799031476993,0.3244552058111379,0.9447498109929013
large_long,nomotor_xlink,r0002,0.5,initial,3.848705773672055,-2.684963491491245,0.06039936899258939,0.06039936899258939,1.0,0.36140350877192984,0.10362952929560416,0.008420138888888888,0.0006838496174032352,866.0,0.4364896073903003,0.12009237875288684,0.323325635103926,0.950378660603093
large_long,nomotor_xlink,r0002,0.55,initial,4.035872727272728,-2.680761742887734,0.0451111092019952,0.0451111092019952,1.0,0.4,0.07639258799201974,0.008702256944444445,0.004518563777674123,902.0,0.45232815964523276,0.11529933481152992,0.32150776053215074,0.950908143083265
large_long,nomotor_xlink,r0002,0.6000000000000001,initial,4.119372428884026,-2.7120748741572895,0.051241034816247456,0.051241034816247456,1.0,0.3979933110367893,0.010043710143695393,0.008832465277777778,0.013931842863683874,914.0,0.4507658643326038,0.10940919037199123,0.310722100656455,0.9486327502923876
large_long,nomotor_xlink,r0002,0.65,initial,4.3433189361702125,-2.5971706857056307,0.06250411408633945,0.06250411408633945,1.0,0.44516129032258067,0.02709667668501526,0.009006076388888888,0.01692671349879671,940.0,0.4659574468085106,0.10425531914893618,0.30425531914893617,0.9444099989985428
large_long,nomotor_xlink,r0002,0.7000000000000001,initial,4.494397113402063,-2.6105145931645093,0.0380730773049646,0.0380730773049646,1.0,0.46417445482866043,0.014382603236996054,0.009223090277777778,0.020193977296979027,970.0,0.47010309278350515,0.09896907216494844,0.29896907216494845,0.9437768350625403
large_long,nomotor_xlink,r0002,0.75,initial,4.5717574,-2.718334549487505,0.01253883726403974,0.01253883726403974,1.0,0.4817073170731707,0.0813869845083611,0.009483506944444444,0.012211163133421707,1000.0,0.48000000000000015,0.09400000000000001,0.29800000000000015,0.9405983420329638
large_long,nomotor_xlink,r0002,0.8,initial,4.5696301369863015,-2.6837815719650395,0.016858906083650076,0.016858906083650076,1.0,0.48348348348348347,0.07974171881088024,0.009809027777777778,0.0007458944856895133,1022.0,0.4716242661448142,0.09393346379647749,0.299412915851272,0.9431574702453229
large_long,nomotor_xlink,r0002,0.8500000000000001,initial,4.6729108365019005,-2.722809916401642,0.030652353712159613,0.030652353712159613,1.0,0.5058139534883721,0.09180777608308914,0.010026041666666667,0.011315908126146171,1052.0,0.4752851711026616,0.09125475285171102,0.2965779467680608,0.9391644159871301
large_long,nomotor_xlink,r0002,0.9,initial,4.753544259259259,-2.7516770207219166,0.021498958442343803,0.021498958442343803,1.0,0.52,0.08346568217041399,0.010308159722222222,0.004645548817167204,1080.0,0.4776951672862454,0.08736059479553902,0.2955390334572491,0.9384780304435458
large_long,nomotor_xlink,r0002,0.9500000000000001,initial,4.801904587155963,-2.750683209304645,0.018848768540722965,0.018848768540722965,1.0,0.46218487394957986,0.07241339750777406,0.010546875,0.0001932623067304462,1090.0,0.4779411764705882,0.08639705882352941,0.29595588235294107,0.935708169684898
large_long,nomotor_xlink,r0002,1.0,initial,4.866636870503597,-2.750517446881534,0.02157742778254453,0.02157742778254453,1.0,0.4888888888888889,0.0784065745892745,0.010503472222222223,5.5254141037093994e-05,1112.0,0.48201438848920863,0.08273381294964029,0.2859712230215827,0.9342155143175658
large_long,nomotor_xlink,r0002,1.05,pulse_01,5.476104,-2.6569804712395104,0.023793648177496074,0.023793648177496074,1.0,0.518348623853211,0.0773831946638762,0.011957465277777777,0.015339532469110425,1250.0,0.5344000000000001,0.0704,0.25600000000000006,0.9289397219452487
large_long,nomotor_xlink,r0002,1.1,pulse_01,5.5474849445324885,-2.7029990686468417,0.008147187859759283,0.008147187859759283,1.0,0.5272727272727272,0.043743633735644764,0.012044270833333334,0.011499311905650048,1262.0,0.5357710651828299,0.06995230524642289,0.2543720190779014,0.9264835422149063
large_long,nomotor_xlink,r0002,1.15,pulse_01,5.524987127158556,-2.7259763426734107,0.01252044996221402,0.01252044996221402,1.0,0.528604118993135,0.07308671328357878,0.012391493055555555,0.007079125186885138,1274.0,0.5353218210361066,0.07064364207221349,0.2543171114599685,0.9247017504189426
large_long,nomotor_xlink,r0002,1.2,pulse_01,5.622607644305773,-2.7454738197681525,0.025367809053820967,0.025367809053820967,1.0,0.5238095238095238,0.05537009953342733,0.012217881944444444,0.005383202271223982,1282.0,0.5335413416536662,0.06864274570982838,0.2511700468018721,0.9221772724369114
large_long,nomotor_xlink,r0002,1.25,pulse_01,5.677193981481482,-2.7582755563007546,0.02062373871065108,0.02062373871065108,1.0,0.5401785714285714,0.052719598486501984,0.012348090277777777,0.0014676720399030192,1296.0,0.5416666666666666,0.06481481481481483,0.2484567901234568,0.9229020310709873
large_long,nomotor_xlink,r0002,1.3,pulse_01,5.746350076569679,-2.7542798520075706,0.013482835147488418,0.013482835147488418,1.0,0.5496688741721855,0.06145807894408571,0.012456597222222223,0.0058930958229845105,1306.0,0.5467075038284841,0.06278713629402757,0.24502297090352218,0.9219953318151264
large_long,nomotor_xlink,r0002,1.35,pulse_01,5.758090992366412,-2.7936341312386617,0.006943589551106744,0.006943589551106744,1.0,0.5516483516483517,0.07276496181797085,0.012586805555555556,0.010691057538777896,1310.0,0.5496183206106872,0.06259541984732823,0.24732824427480912,0.9218737646990701
large_long,nomotor_xlink,r0002,1.4,pulse_01,5.78801161387632,-2.818426197240238,0.00898732216778697,0.00898732216778697,1.0,0.5565217391304348,0.07053466799858371,0.012999131944444445,0.00641487531975408,1326.0,0.5520361990950227,0.0603318250377074,0.24585218702865758,0.9230348655949161
large_long,nomotor_xlink,r0002,1.45,pulse_01,5.812014925373134,-2.832123383157186,0.003496907288461711,0.003496907288461711,1.0,0.5689655172413793,0.07662532772611057,0.012651909722222222,0.002240990198677665,1340.0,0.5515695067264574,0.058295964125560554,0.24364723467862487,0.920879272662732
large_long,nomotor_xlink,r0002,1.5,pulse_01,5.80899305760709,-2.831872138432304,0.005466058069826474,0.005466058069826474,1.0,0.5698924731182796,0.13382256332394374,0.012630208333333334,0.005040408643152731,1354.0,0.5480059084194976,0.060561299852289516,0.24076809453471198,0.9194957519946863
large_long,nomotor_xlink,r0002,1.55,pulse_01,5.844811273792093,-2.8623658350161025,0.008780705828221583,0.008780705828221583,1.0,0.582089552238806,0.10374027421251918,0.013042534722222223,0.007265388417058964,1366.0,0.5505124450951685,0.05856515373352855,0.24011713030746704,0.9180243496420792
large_long,nomotor_xlink,r0002,1.6,pulse_01,5.861677292576419,-2.875464468934658,0.0029932176530086765,0.0029932176530086765,1.0,0.5738396624472574,0.12107350103228443,0.013194444444444444,0.003883309609100438,1374.0,0.5516739446870451,0.056768558951965066,0.23871906841339152,0.9206777106114424
large_long,nomotor_xlink,r0002,1.65,pulse_01,5.862770579710145,-2.885665692670705,0.0077091958260078934,0.0077091958260078934,1.0,0.5774058577405857,0.09090932604846452,0.013194444444444444,0.004085124343611672,1380.0,0.5529753265602323,0.055152394775036286,0.23947750362844702,0.9202283487496855
large_long,nomotor_xlink,r0002,1.7000000000000002,pulse_01,5.907932467532467,-2.8509537228729878,0.008901694569381982,0.008901694569381982,1.0,0.5782881002087683,0.07800651911068553,0.013411458333333333,0.004675166578425187,1386.0,0.5505780346820809,0.05346820809248556,0.23265895953757224,0.9167737928659169
large_long,nomotor_xlink,r0002,1.75,pulse_01,5.916180747126437,-2.857614693200154,0.0011772801378365412,0.0011772801378365412,1.0,0.5899581589958159,0.09314828745496267,0.013064236111111112,0.0003341968792816008,1392.0,0.5488505747126438,0.05316091954022989,0.23275862068965525,0.9166492474196244
large_long,nomotor_xlink,r0002,1.8,pulse_01,5.914996148359486,-2.848948541597298,0.005650790604578996,0.005650790604578996,1.0,0.598343685300207,0.08452744437952106,0.013411458333333333,0.009583625465163559,1402.0,0.5520684736091298,0.05420827389443652,0.23537803138373753,0.9175973123028863
large_long,nomotor_xlink,r0002,1.85,pulse_01,5.950085490753911,-2.8001129404091727,0.0019808074247193255,0.0019808074247193255,1.0,0.5415821501014199,0.07649714891864692,0.013563368055555556,0.009369567424353464,1406.0,0.5533428165007112,0.05120910384068279,0.23328591749644384,0.9142657832966761
large_long,nomotor_xlink,r0002,1.9,pulse_01,5.926880992907802,-2.7927311370511774,0.002397719750458697,0.002397719750458697,1.0,0.5465587044534413,0.06000889451374733,0.013563368055555556,0.004278349104072099,1410.0,0.553191489361702,0.05106382978723404,0.23262411347517728,0.9138080665248521
large_long,nomotor_xlink,r0002,1.9500000000000002,pulse_01,5.964471809256663,-2.77444284578474,0.014192002347534297,0.014192002347534297,1.0,0.5609756097560976,0.09335310416827028,0.013650173611111111,0.006887161496863081,1426.0,0.5561797752808989,0.05196629213483146,0.2303370786516854,0.9124984363203772
large_long,nomotor_xlink,r0002,2.0,pulse_01,6.012033006993008,-2.751408168069999,0.015853732578781532,0.015853732578781532,1.0,0.5694164989939637,0.08267583227830341,0.013715277777777778,0.007678225904913738,1430.0,0.5552447552447554,0.04755244755244756,0.22657342657342658,0.91163216285628
large_long,nomotor_xlink,r0002,2.05,pulse_02,6.342265038560411,-2.8679389688620933,0.003002430303972995,0.003002430303972995,1.0,0.5646017699115045,0.07700802078076677,0.014865451388888888,0.004043118609081168,1556.0,0.5912596401028279,0.04241645244215938,0.2095115681233933,0.9071538224809298
large_long,nomotor_xlink,r0002,2.1,pulse_02,6.35127232947233,-2.85580961303485,0.0007474549466837862,-0.0007474549466837862,1.0,0.5638297872340425,0.05316894517741063,0.01482204861111111,0.0035549053406473963,1554.0,0.5902061855670102,0.04381443298969071,0.21005154639175255,0.9072352353003229
large_long,nomotor_xlink,r0002,2.15,pulse_02,6.337780308880308,-2.846609536818209,0.0021946117546113677,0.0021946117546113677,1.0,0.5701598579040853,0.1150566355856915,0.014800347222222222,0.001275188559131335,1554.0,0.5876288659793812,0.04381443298969071,0.21005154639175255,0.9069948223592846
large_long,nomotor_xlink,r0002,2.2,pulse_02,6.364439999999998,-2.848158481680062,0.0024449592726366967,0.0024449592726366967,1.0,0.5678571428571428,0.09997772610150404,0.014713541666666666,0.000743171132948269,1550.0,0.5899094437257439,0.04269081500646831,0.20957309184993536,0.9075298640938958
large_long,nomotor_xlink,r0002,2.25,pulse_02,6.352450064516129,-2.8510685636158986,0.0006312575366062371,-0.0006312575366062371,1.0,0.5655296229802513,0.08167571720097068,0.014778645833333333,0.0017846830435830352,1550.0,0.5904392764857881,0.04263565891472869,0.2054263565891473,0.907408240458669
large_long,nomotor_xlink,r0002,2.3,pulse_02,6.360652454780361,-2.85886657994156,0.00033471326628549863,0.00033471326628549863,1.0,0.5755395683453237,0.06482963672727042,0.01484375,0.0014902341756311739,1548.0,0.5904392764857881,0.041343669250646,0.20801033591731266,0.9084469062041014
large_long,nomotor_xlink,r0002,2.35,pulse_02,6.354458344113842,-2.8600099686696856,0.004462170665204675,-0.004462170665204675,1.0,0.5719424460431655,0.057643352998715404,0.014930555555555556,0.00024922534768090365,1546.0,0.5899094437257439,0.04010349288486417,0.20698576972833121,0.9096618127859946
large_long,nomotor_xlink,r0002,2.4,pulse_02,6.333879430789133,-2.8573712278554746,0.0040677982849495935,-0.0040677982849495935,1.0,0.5706618962432916,0.0817817978278627,0.0146484375,0.00022276400576815014,1546.0,0.5873221216041398,0.040103492884864166,0.20827943078913327,0.9082735901947737
large_long,nomotor_xlink,r0002,2.45,pulse_02,6.330051554404144,-2.8613465527042945,0.0010691538361853326,-0.0010691538361853326,1.0,0.5812274368231047,0.06506109481792759,0.014800347222222222,3.1588946361793546e-05,1544.0,0.5880829015544042,0.037564766839378226,0.20725388601036268,0.909592680021686
large_long,nomotor_xlink,r0002,2.5,pulse_02,6.327464507772021,-2.857181694177304,0.003374697586305301,0.003374697586305301,1.0,0.5776173285198556,0.05112633992679538,0.014930555555555556,0.0005843252340852848,1544.0,0.5893782383419689,0.03626943005181346,0.2085492227979274,0.9065222466842688
large_long,nomotor_xlink,r0002,2.55,pulse_02,6.350299739921976,-2.864852504108806,0.0036630117254965455,0.0036630117254965455,1.0,0.5825771324863884,0.07278401273859418,0.014691840277777778,0.00035490215242354556,1538.0,0.5916775032509752,0.03250975292587776,0.20676202860858256,0.9055689307245807
large_long,nomotor_xlink,r0002,2.6,pulse_02,6.349442578125,-2.859311107091845,0.0037146865143093954,0.0037146865143093954,1.0,0.5927272727272728,0.060316270629796505,0.014431423611111112,0.008102239766810607,1536.0,0.5895424836601307,0.03398692810457517,0.20653594771241832,0.9054859687634986
large_long,nomotor_xlink,r0002,2.65,pulse_02,6.372587859007832,-2.8162390655079426,0.005101869614419681,0.005101869614419681,1.0,0.5956284153005464,0.11107103742281509,0.014127604166666667,0.0059879160649743595,1532.0,0.5913838120104439,0.03133159268929504,0.2049608355091384,0.9032005756081056
large_long,nomotor_xlink,r0002,2.7,pulse_02,6.380053795811518,-2.823383610701999,0.006091590427828475,0.006091590427828475,1.0,0.6087751371115173,0.05302685967657409,0.014149305555555556,0.006256800938091667,1528.0,0.5916230366492145,0.030104712041884817,0.2028795811518324,0.902562778590102
large_long,nomotor_xlink,r0002,2.75,pulse_02,6.409137401574803,-2.7786982598793926,0.006254481249985548,0.006254481249985548,1.0,0.6176470588235294,0.048703047550222534,0.014322916666666666,0.007453840854398634,1524.0,0.5931758530183728,0.02887139107611549,0.20078740157480318,0.9036489813581277
large_long,nomotor_xlink,r0002,2.8,pulse_02,6.4175806833114315,-2.778660565575607,0.0020495997375329367,0.0020495997375329367,1.0,0.6110091743119266,0.04457846142229919,0.014561631944444445,0.002725966328009033,1522.0,0.5939553219448094,0.027595269382391586,0.2010512483574244,0.9006239802061885
large_long,nomotor_xlink,r0002,2.85,pulse_02,6.421435000000001,-2.7950540578474468,0.0015665483896845818,0.0015665483896845818,1.0,0.572744014732965,0.08449424541135375,0.01447482638888889,0.00037699617008383574,1520.0,0.5947368421052632,0.02631578947368421,0.19868421052631577,0.9022996921728831
large_long,nomotor_xlink,r0002,2.9,pulse_02,6.426979973649539,-2.776398588555104,0.0028366908531221036,0.0028366908531221036,1.0,0.5822550831792976,0.03452689064296197,0.014431423611111112,0.004406192696493487,1518.0,0.5928853754940714,0.025032938076416336,0.1976284584980237,0.9004644388137529
large_long,nomotor_xlink,r0002,2.95,pulse_02,6.438455145118733,-2.768616901668486,0.004645202280925649,0.004645202280925649,1.0,0.5865921787709497,0.03583979396640274,0.014453125,0.004650407909298678,1516.0,0.591029023746702,0.023746701846965697,0.20184696569920843,0.8987925225433159
large_long,nomotor_xlink,r0002,3.0,pulse_02,6.454851187335093,-2.748496141099312,0.0054653474054531985,0.0054653474054531985,1.0,0.5910780669144982,0.06475736961788556,0.014301215277777777,0.006706920189724593,1516.0,0.5936675461741426,0.022427440633245383,0.19788918205804748,0.9031607067022646
large_long,nomotor_xlink,r0002,3.05,pulse_03,6.690531265508684,-2.6023167636260163,0.0026043193646003715,0.0026043193646003715,1.0,0.5979381443298969,0.0391200655401397,0.01545138888888889,0.002141565658062857,1612.0,0.617866004962779,0.017369727047146403,0.18238213399503725,0.8984185330542105
large_long,nomotor_xlink,r0002,3.1,pulse_03,6.6983442236024855,-2.5958920666518277,6.609342971216255e-05,6.609342971216255e-05,1.0,0.603448275862069,0.0432170804532855,0.015169270833333333,0.002952254472607644,1610.0,0.6149068322981366,0.018633540372670808,0.18385093167701863,0.8959053020768873
large_long,nomotor_xlink,r0002,3.15,pulse_03,6.690927826086957,-2.620030290461662,0.0013314146400499698,0.0013314146400499698,1.0,0.5882352941176471,0.04472173096120833,0.015364583333333333,0.0031764233119859022,1610.0,0.6198757763975157,0.017391304347826087,0.18385093167701863,0.8971316513145313
large_long,nomotor_xlink,r0002,3.2,pulse_03,6.706332711442785,-2.614950606523743,0.0003503167135335457,0.0003503167135335457,1.0,0.5709342560553633,0.029059155873949062,0.015125868055555556,5.238237804923903e-05,1608.0,0.6151930261519302,0.016189290161892904,0.18306351183063513,0.8944864748207887
large_long,nomotor_xlink,r0002,3.25,pulse_03,6.693029726368159,-2.6203445847299576,0.0021844058299203737,-0.0021844058299203737,1.0,0.5659722222222222,0.049470971848432334,0.015147569444444444,0.0057319207766907505,1608.0,0.6189290161892902,0.017434620174346202,0.18430884184308843,0.8964931578043001
large_long,nomotor_xlink,r0002,3.3,pulse_03,6.693226276463263,-2.6493421311838876,0.006925357051397037,-0.006925357051397037,1.0,0.5773195876288659,0.06489427248626055,0.015234375,0.003332744242167044,1606.0,0.6189290161892901,0.014943960149439602,0.18430884184308843,0.8939423600139901
large_long,nomotor_xlink,r0002,3.35,pulse_03,6.651477584059776,-2.64034105018296,0.004725347822846319,-0.004725347822846319,1.0,0.5785837651122625,0.06505689869626721,0.0154296875,0.0011905173142985337,1606.0,0.6176836861768369,0.016189290161892904,0.18306351183063513,0.8948699808242486
large_long,nomotor_xlink,r0002,3.4,pulse_03,6.664874189526185,-2.6421990272980964,0.00463148844886548,-0.00463148844886548,1.0,0.5813148788927336,0.07603808480524783,0.015147569444444444,0.004347085594882468,1604.0,0.6154806491885144,0.016229712858926344,0.18601747815230962,0.8962621498224355
large_long,nomotor_xlink,r0002,3.45,pulse_03,6.6236886533665835,-2.6664235637522546,0.012425997506234557,-0.012425997506234557,1.0,0.5868055555555556,0.05557311406289167,0.015190972222222222,0.0021861414846947222,1604.0,0.612219451371571,0.016209476309226933,0.185785536159601,0.8996068089634401
large_long,nomotor_xlink,r0002,3.5,pulse_03,6.590318204488778,-2.6553158762062647,0.00796577306733163,-0.00796577306733163,1.0,0.5734265734265734,0.026307382201855963,0.015017361111111112,0.0016810368880795974,1604.0,0.6129837702871412,0.016229712858926344,0.1872659176029963,0.8980926799418676
large_long,nomotor_xlink,r0002,3.55,pulse_03,6.575894014962594,-2.656337342423777,0.0026816441522080994,-0.0026816441522080994,1.0,0.5749128919860628,0.05569205287023153,0.015169270833333333,0.0038390974927478005,1604.0,0.6134663341645885,0.017456359102244388,0.18703241895261846,0.897043077673429
large_long,nomotor_xlink,r0002,3.6,pulse_03,6.574228339575529,-2.632281291249778,0.0018276433395677156,0.0018276433395677156,1.0,0.5726795096322241,0.06687965855476348,0.015169270833333333,0.0050577290327114,1602.0,0.610486891385768,0.017478152309612985,0.18601747815230965,0.8979624609341198
large_long,nomotor_xlink,r0002,3.65,pulse_03,6.586859875,-2.6259909682275087,0.002857583787891619,0.002857583787891619,1.0,0.5684210526315789,0.037456805955116405,0.014973958333333334,0.0016990872407642854,1600.0,0.6082603254067582,0.016270337922403004,0.18648310387984976,0.8987643566959433
large_long,nomotor_xlink,r0002,3.7,pulse_03,6.591373842302879,-2.6424758146943637,0.0021986047932330464,0.0021986047932330464,1.0,0.5308641975308642,0.03247385986741586,0.015234375,0.0006964858520915514,1598.0,0.6107634543178971,0.01501877346683354,0.18397997496871082,0.8971232191381877
large_long,nomotor_xlink,r0002,3.75,pulse_03,6.600051503759398,-2.630169883340058,0.004026239850692874,0.004026239850692874,1.0,0.5354609929078015,0.033646038629794386,0.015321180555555555,0.0007417523451923961,1596.0,0.6090225563909775,0.01629072681704261,0.18295739348370926,0.8972856237149784
large_long,nomotor_xlink,r0002,3.8,pulse_03,6.615531281407036,-2.6380253006232093,0.007123680191043628,0.007123680191043628,1.0,0.5294117647058824,0.05388879158602424,0.015104166666666667,0.0014012372365219683,1592.0,0.6092964824120605,0.012562814070351758,0.18467336683417082,0.8978391218064364
large_long,nomotor_xlink,r0002,3.85,pulse_03,6.64279358490566,-2.621762459920926,0.010632938789063129,0.010632938789063129,1.0,0.5304659498207885,0.07539189950702589,0.015190972222222222,0.008492869204832573,1590.0,0.608805031446541,0.011320754716981133,0.18238993710691823,0.8942296856120353
large_long,nomotor_xlink,r0002,3.9,pulse_03,6.679328914141415,-2.587068085394214,0.004021187027507682,0.004021187027507682,1.0,0.4776386404293381,0.031674663982467516,0.015104166666666667,0.008936357075800242,1584.0,0.6123737373737375,0.007575757575757576,0.178030303030303,0.8930088283557465
large_long,nomotor_xlink,r0002,3.95,pulse_03,6.666920707070706,-2.5681443174661247,0.0034929924242425394,-0.0034929924242425394,1.0,0.4785714285714286,0.031211512957423842,0.015017361111111112,0.007471367015852455,1584.0,0.6136363636363636,0.008838383838383838,0.17803030303030298,0.8925501941356819
large_long,nomotor_xlink,r0002,4.0,pulse_03,6.65837095959596,-2.542239883299099,0.002849915824915487,-0.002849915824915487,1.0,0.475,0.06381957670689924,0.01482204861111111,0.008634811389008531,1584.0,0.6111111111111113,0.008838383838383838,0.18181818181818182,0.8925122590378577
large_long,nomotor_xlink,r0002,4.05,pulse_04,6.92997473806752,-2.5712848833178468,0.00025313703887667555,0.00025313703887667555,1.0,0.5282714054927302,0.07411291633415593,0.016015625,0.0013987390497704293,1718.0,0.6402793946449358,0.006984866123399301,0.16763678696158327,0.8891340197238695
large_long,nomotor_xlink,r0002,4.1,pulse_04,6.93073414918415,-2.5670886661685355,0.0004444864792173912,0.0004444864792173912,1.0,0.526742301458671,0.017424720354552375,0.01657986111111111,0.0006931679446484651,1716.0,0.641025641025641,0.006993006993006994,0.1678321678321678,0.8885586275912236
large_long,nomotor_xlink,r0002,4.15,pulse_04,6.932641656942824,-2.567125875649956,0.0004543045797712845,0.0004543045797712845,1.0,0.49432739059967584,0.012781534377296368,0.016145833333333335,0.0038499157877997328,1714.0,0.6441073512252042,0.005834305717619603,0.16686114352392062,0.8872539194423856
large_long,nomotor_xlink,r0002,4.2,pulse_04,6.933459976662777,-2.590188160895334,0.003514332944379639,-0.003514332944379639,1.0,0.49108589951377635,0.030827362212817865,0.016080729166666665,0.0025153713079304474,1714.0,0.6394399066511085,0.005834305717619603,0.16802800466744455,0.887932986552837
large_long,nomotor_xlink,r0002,4.25,pulse_04,6.911555659276546,-2.5822181034975387,0.006440217814079959,-0.006440217814079959,1.0,0.4935064935064935,0.008513337903882924,0.016124131944444446,0.003413099521255347,1714.0,0.6394399066511086,0.005834305717619603,0.1691948658109685,0.8888033063448445
large_long,nomotor_xlink,r0002,4.3,pulse_04,6.894818669778298,-2.569709563767802,0.00385857642940494,-0.00385857642940494,1.0,0.4919093851132686,0.06595190563084587,0.016124131944444446,0.006085372016480924,1714.0,0.6378504672897196,0.0058411214953271035,0.16939252336448601,0.891051904528869
large_long,nomotor_xlink,r0002,4.35,pulse_04,6.8884042007001165,-2.545705871398653,0.0013023337222873483,-0.0013023337222873483,1.0,0.4935064935064935,0.04260304196593513,0.016080729166666665,0.0032310393798521777,1714.0,0.6355140186915889,0.005841121495327103,0.16822429906542058,0.8909288280457185
large_long,nomotor_xlink,r0002,4.4,pulse_04,6.8870046674445735,-2.5503233274886887,0.00496767794632443,-0.00496767794632443,1.0,0.49185667752442996,0.02087073275181346,0.0162109375,0.0006389656532862128,1714.0,0.6359393232205367,0.005834305717619603,0.16686114352392067,0.8897629432308125
large_long,nomotor_xlink,r0002,4.45,pulse_04,6.85859813302217,-2.541872077478936,0.007196616102683813,-0.007196616102683813,1.0,0.49019607843137253,0.03134939656386947,0.016059027777777776,0.0033369828093588647,1714.0,0.6347724620770128,0.005834305717619603,0.17152858809801633,0.8921278828968146
large_long,nomotor_xlink,r0002,4.5,pulse_04,6.843824970828471,-2.5303014306325355,0.0033954442887416114,-0.0033954442887416114,1.0,0.487012987012987,0.026819044504318358,0.016015625,0.0013259453297972772,1714.0,0.631271878646441,0.005834305717619603,0.1726954492415403,0.8901802582166144
large_long,nomotor_xlink,r0002,4.55,pulse_04,6.83822546728972,-2.533916405500152,0.003624488907548814,-0.003624488907548814,1.0,0.4869281045751634,0.0363177485225848,0.016319444444444445,0.0033198340606687506,1712.0,0.6343457943925233,0.004672897196261682,0.17289719626168226,0.8919330613118266
large_long,nomotor_xlink,r0002,4.6,pulse_04,6.822078037383178,-2.550220434996548,0.005376440809969019,-0.005376440809969019,1.0,0.4828150572831424,0.03809328236483338,0.016124131944444446,0.0034769354451403465,1712.0,0.6273364485981305,0.004672897196261683,0.17289719626168226,0.8921453593540103
large_long,nomotor_xlink,r0002,4.65,pulse_04,6.805966822429906,-2.5547780181709943,0.004484910436137006,-0.004484910436137006,1.0,0.48514851485148514,0.04422937558537602,0.016362847222222223,0.00010200332266966743,1712.0,0.6296728971962617,0.004672897196261683,0.17289719626168226,0.8934711228898081
large_long,nomotor_xlink,r0002,4.7,pulse_04,6.795168574766356,-2.54960841506053,0.0005243964174455051,-0.0005243964174455051,1.0,0.4876847290640394,0.03874914128192141,0.015885416666666666,0.00018466168315763495,1712.0,0.630715123094959,0.005861664712778429,0.17233294255568585,0.8929222262350938
large_long,nomotor_xlink,r0002,4.75,pulse_04,6.802820443925233,-2.5536700480720484,0.0008024305213967983,0.0008024305213967983,1.0,0.4909688013136289,0.036629321499986885,0.01597222222222222,0.0001079408093046889,1712.0,0.6273364485981308,0.004672897196261683,0.17056074766355142,0.8928301481518915
large_long,nomotor_xlink,r0002,4.8,pulse_04,6.7999831578947365,-2.548960770204702,0.0002540868243266677,0.0002540868243266677,1.0,0.484297520661157,0.024678203771129743,0.016167534722222224,0.002823528494476054,1710.0,0.6252927400468387,0.00468384074941452,0.17096018735362994,0.8912033664420507
large_long,nomotor_xlink,r0002,4.85,pulse_04,6.804344964871193,-2.536728877105192,0.003510639508607601,-0.003510639508607601,1.0,0.48760330578512395,0.0302938980792088,0.016102430555555554,0.002799047326858576,1708.0,0.6252927400468385,0.0035128805620608895,0.17096018735362997,0.8929304870987038
large_long,nomotor_xlink,r0002,4.9,pulse_04,6.778919320843091,-2.5321664862435505,0.0027706674473065482,-0.0027706674473065482,1.0,0.4908485856905158,0.03892808006104275,0.01623263888888889,0.004823645878339944,1708.0,0.6276346604215457,0.0035128805620608895,0.1733021077283372,0.8928717466218226
large_long,nomotor_xlink,r0002,4.95,pulse_04,6.787720960187354,-2.5077870018351525,0.006749322895478471,0.006749322895478471,1.0,0.480865224625624,0.038217340089292506,0.016059027777777776,0.009207612922310352,1708.0,0.6252927400468383,0.0035128805620608895,0.17096018735362997,0.8899426195663078
large_long,nomotor_xlink,r0002,5.0,pulse_04,6.819415258215962,-2.4769208087096883,0.010564766009535967,0.010564766009535967,1.0,0.494949494949495,0.02329473126697459,0.015842013888888888,0.010288731041821375,1704.0,0.6247058823529412,0.002352941176470588,0.16823529411764707,0.8905532877808287
large_long,nomotor_xlink,r0002,5.05,pulse_05,6.983292841409693,-2.3306771656612026,0.0058509911894274085,-0.0058509911894274085,1.0,0.4755134281200632,0.031415452229246646,0.017252604166666668,0.008835316905272173,1816.0,0.6449834619625137,0.0011025358324145537,0.15656008820286657,0.8868244671454729
large_long,nomotor_xlink,r0002,5.1,pulse_05,6.96573986784141,-2.357183116377019,0.006493392070484827,-0.006493392070484827,1.0,0.47401574803149604,0.03977405200766504,0.01720920138888889,0.0023769095226146377,1816.0,0.6442731277533038,0.0011013215859030838,0.15748898678414097,0.8866389080935965
large_long,nomotor_xlink,r0002,5.15,pulse_05,6.944332488986784,-2.3449386227968905,0.006758021292217513,-0.006758021292217513,1.0,0.47468354430379744,0.06046609091592122,0.017165798611111113,0.0024383684203554226,1816.0,0.643171806167401,0.0022026431718061676,0.15748898678414097,0.886357498975784
large_long,nomotor_xlink,r0002,5.2,pulse_05,6.925191740088105,-2.3718133268991517,0.0038500734214390597,-0.0038500734214390597,1.0,0.46411483253588515,0.07202985751596262,0.016710069444444444,0.0026488859037117805,1816.0,0.6383682469680263,0.0022050716648291074,0.15986769570011022,0.8894092153010249
large_long,nomotor_xlink,r0002,5.25,pulse_05,6.921232048458149,-2.360831938219161,0.0017423358581565296,0.0017423358581565296,1.0,0.4656,0.040842769620903135,0.017252604166666668,0.006569513625792907,1816.0,0.6368653421633554,0.0011037527593818985,0.15894039735099338,0.8865450214394942
large_long,nomotor_xlink,r0002,5.3,pulse_05,6.9356457552370445,-2.3323962451443943,0.00238986255943748,0.00238986255943748,1.0,0.46645367412140576,0.0348054093734353,0.016883680555555555,0.0006178770961750383,1814.0,0.6383682469680264,0.0011025358324145537,0.15876515986769568,0.8862091706800798
large_long,nomotor_xlink,r0002,5.35,pulse_05,6.935571223814774,-2.3645392007962114,0.0018598125689083627,-0.0018598125689083627,1.0,0.4609250398724083,0.030432258858445038,0.0169921875,0.009124770076434604,1814.0,0.6405733186328554,0.0011025358324145535,0.1598676957001102,0.8857218296180251
large_long,nomotor_xlink,r0002,5.4,pulse_05,6.924486879823594,-2.387144865603002,0.00678412348401336,-0.00678412348401336,1.0,0.4612903225806452,0.03446775848065039,0.017057291666666665,0.00509087041247458,1814.0,0.6382743362831859,0.0011061946902654867,0.16150442477876104,0.8860719723145649
large_long,nomotor_xlink,r0002,5.45,pulse_05,6.894866482910694,-2.395084423271059,0.005926368981992021,-0.005926368981992021,1.0,0.4557165861513688,0.051180376603514564,0.016927083333333332,0.0012339544787229133,1814.0,0.6350606394707826,0.0011025358324145537,0.16097023153252477,0.8864284639829171
large_long,nomotor_xlink,r0002,5.5,pulse_05,6.888928665931642,-2.3945485924753394,0.00451433296582134,-0.00451433296582134,1.0,0.4583333333333333,0.04071221020141992,0.016905381944444443,0.0012980699279770598,1814.0,0.6339581036383681,0.0022050716648291074,0.1609702315325248,0.8877565676958721
large_long,nomotor_xlink,r0002,5.55,pulse_05,6.867780485115766,-2.3872960037031965,0.0010455061320950125,-0.0010455061320950125,1.0,0.45483870967741935,0.00817480493238792,0.0169921875,0.0012222486783148117,1814.0,0.6298342541436464,0.002209944751381215,0.16132596685082873,0.8895997785321859
large_long,nomotor_xlink,r0002,5.6,pulse_05,6.882655629139072,-2.4018820845452282,0.0022159596630260125,0.0022159596630260125,1.0,0.4504065040650406,0.017171596209408432,0.016905381944444443,0.0049115068560578274,1812.0,0.6335540838852097,0.0011037527593818985,0.16004415011037532,0.8895403425960343
large_long,nomotor_xlink,r0002,5.65,pulse_05,6.881076243093922,-2.4167650448395435,0.001683046845462351,-0.001683046845462351,1.0,0.4592833876221498,0.026584007363200185,0.01694878472222222,0.006394026582274763,1810.0,0.6298342541436464,0.0011049723756906076,0.1591160220994475,0.8879526972933117
large_long,nomotor_xlink,r0002,5.7,pulse_05,6.872557348066298,-2.3635179250515796,0.005808839779005333,-0.005808839779005333,1.0,0.44805194805194803,0.04606043449869145,0.01677517361111111,0.011822150156472441,1810.0,0.6320441988950275,0.0011049723756906076,0.1591160220994475,0.8889530374313019
large_long,nomotor_xlink,r0002,5.75,pulse_05,6.84622320441989,-2.345832143900709,0.005309926335174797,-0.005309926335174797,1.0,0.44625407166123776,0.02806192777207628,0.017100694444444446,0.002129633789263563,1810.0,0.6265193370165746,0.0011049723756906076,0.15911602209944747,0.8880831898814632
large_long,nomotor_xlink,r0002,5.8,pulse_05,6.840697790055249,-2.376295727787161,0.005933370165745948,-0.005933370165745948,1.0,0.43790849673202614,0.02194550925929557,0.017057291666666665,0.009729315662833823,1810.0,0.627624309392265,0.0,0.1591160220994475,0.8884918629670583
large_long,nomotor_xlink,r0002,5.85,pulse_05,6.810622983425414,-2.4042080378777118,0.007828729281768107,-0.007828729281768107,1.0,0.43322475570032576,0.01997477003169393,0.017013888888888887,0.009963907180972583,1810.0,0.6232044198895028,0.0011049723756906076,0.16132596685082873,0.8884809692966735
large_long,nomotor_xlink,r0002,5.9,pulse_05,6.793725414364641,-2.4360791708729965,8.288661810003835e-05,-8.288661810003835e-05,1.0,0.43882544861337686,0.010165897525129877,0.016927083333333332,0.010339860349458588,1810.0,0.6241685144124166,0.0022172949002217295,0.16297117516629708,0.8903467343585575
large_long,nomotor_xlink,r0002,5.95,pulse_05,6.810125663716814,-2.4662471999744633,0.002934523962482357,0.002934523962482357,1.0,0.4368932038834951,0.03073708049987408,0.016731770833333333,0.004453306017101995,1808.0,0.625,0.0022123893805309734,0.16039823008849557,0.8877886846409045
large_long,nomotor_xlink,r0002,6.0,pulse_05,6.811332558139535,-2.4627990069756085,0.0004022981409068649,0.0004022981409068649,1.0,0.42950819672131146,0.05531753320506998,0.016644965277777778,0.001149397666284931,1806.0,0.6234772978959026,0.00221483942414175,0.16057585825027687,0.8879802754673928
large_long,nomotor_xlink,r0002,6.05,pulse_06,7.0023355276907,-2.4514316797708475,0.00023430860327433578,0.00023430860327433578,1.0,0.46504559270516715,0.05701041879172764,0.018055555555555554,0.010053232650779176,1914.0,0.6401673640167365,0.0010460251046025106,0.1485355648535565,0.8851500037475253
large_long,nomotor_xlink,r0002,6.1,pulse_06,7.003038453500523,-2.42127198181851,0.00018537095088833055,0.00018537095088833055,1.0,0.46200607902735563,0.043302789650786024,0.017860243055555555,0.003810219046978055,1914.0,0.6422594142259413,0.0,0.149581589958159,0.8847907891269896
large_long,nomotor_xlink,r0002,6.15,pulse_06,7.0034477533960295,-2.428570365488979,0.0010119122257054396,-0.0010119122257054396,1.0,0.4715821812596006,0.02734415281840347,0.018077256944444446,0.0007543942447632013,1914.0,0.6412133891213389,0.0010460251046025106,0.14958158995815904,0.8858708122775325
large_long,nomotor_xlink,r0002,6.2,pulse_06,6.99696698014629,-2.425798347287089,0.0031195750609544306,-0.0031195750609544306,1.0,0.47865853658536583,0.025733208625511875,0.01773003472222222,0.0033195502964501835,1914.0,0.637696335078534,0.0031413612565445023,0.1518324607329843,0.8853248343991371
large_long,nomotor_xlink,r0002,6.25,pulse_06,6.984730303030303,-2.408653063710278,0.0011178418778872157,0.0011178418778872157,1.0,0.48103186646433993,0.01719120743136305,0.018272569444444445,0.006520650340643493,1914.0,0.6363636363636364,0.003134796238244514,0.15360501567398116,0.8861421093452838
large_long,nomotor_xlink,r0002,6.3,pulse_06,7.003674031413613,-2.3866744452432282,0.0022840033846316388,-0.0022840033846316388,1.0,0.4670750382848392,0.019373763273404607,0.017881944444444443,0.00633354225158711,1910.0,0.638364779874214,0.0031446540880503146,0.1540880503144654,0.8869786725758123
large_long,nomotor_xlink,r0002,6.35,pulse_06,6.971026282722513,-2.3706518102007554,0.005154983572429532,-0.005154983572429532,1.0,0.46564885496183206,0.027981741781813205,0.0181640625,0.0002527547531728421,1910.0,0.6356020942408377,0.0020942408376963353,0.1549738219895288,0.8871620022955967
large_long,nomotor_xlink,r0002,6.4,pulse_06,6.972744129979036,-2.385157916724191,0.0033385873021100445,-0.0033385873021100445,1.0,0.4634146341463415,0.025957963870510185,0.0177734375,0.0033282005830732597,1908.0,0.6323529411764707,0.0010504201680672268,0.15441176470588236,0.8889093707838316
large_long,nomotor_xlink,r0002,6.45,pulse_06,6.950994758909853,-2.390621013699195,0.0032031007948251458,-0.0032031007948251458,1.0,0.4617737003058104,0.011776977174907582,0.01759982638888889,0.0042858256743331475,1908.0,0.6320754716981132,0.0010482180293501047,0.15723270440251572,0.8880474087456665
large_long,nomotor_xlink,r0002,6.5,pulse_06,6.953525525210085,-2.3594429626781923,0.00096274693315479,-0.00096274693315479,1.0,0.4646153846153846,0.02085647330594065,0.01794704861111111,0.008905094468201499,1904.0,0.6309148264984226,0.0010515247108307045,0.15562565720294425,0.887653277053599
large_long,nomotor_xlink,r0002,6.55,pulse_06,6.945218277310924,-2.337190446889986,0.0035403039738504858,-0.0035403039738504858,1.0,0.46236559139784944,0.01983351266623326,0.01775173611111111,0.0007160869325513927,1904.0,0.6298633017875921,0.003154574132492114,0.15772870662460572,0.8885079251641629
large_long,nomotor_xlink,r0002,6.6,pulse_06,6.932283701366982,-2.3637394842735007,0.0009683781468329636,-0.0009683781468329636,1.0,0.4652241112828439,0.03176196932261206,0.01742621527777778,0.0047164063524221716,1902.0,0.6305263157894736,0.002105263157894737,0.16,0.8902009549612327
large_long,nomotor_xlink,r0002,6.65,pulse_06,6.939408008429926,-2.365488885004519,5.877661175546223e-06,5.877661175546223e-06,1.0,0.4697674418604651,0.03232777552343079,0.017795138888888888,0.00016970968187424162,1898.0,0.631190727081138,0.0031612223393045306,0.15700737618545837,0.8913634004008643
large_long,nomotor_xlink,r0002,6.7,pulse_06,6.9323189673340355,-2.364757742364746,0.003628830696385125,0.003628830696385125,1.0,0.46333853354134164,0.017000008428882028,0.0177734375,0.007723104385742197,1898.0,0.6311907270811381,0.0031612223393045306,0.15806111696522657,0.8903357491608914
large_long,nomotor_xlink,r0002,6.75,pulse_06,6.961180992608237,-2.319150258690066,0.005378427924947508,0.005378427924947508,1.0,0.4613003095975232,0.016961266967477885,0.018142361111111113,0.0043938027066761825,1894.0,0.6293558606124604,0.0021119324181626186,0.1594508975712777,0.8869879266777266
large_long,nomotor_xlink,r0002,6.8,pulse_06,6.964589534883721,-2.338394926124689,0.0003647781875630862,0.0003647781875630862,1.0,0.46273291925465837,0.015477178355951375,0.017013888888888887,0.005031576725013309,1892.0,0.6321353065539113,0.0010570824524312897,0.1585623678646934,0.8863501338295875
large_long,nomotor_xlink,r0002,6.85,pulse_06,6.963369661733616,-2.3493397190401457,0.0009079736270045657,-0.0009079736270045657,1.0,0.47003154574132494,0.018378036694499073,0.017686631944444444,0.009668120872059186,1892.0,0.6281779661016949,0.001059322033898305,0.15889830508474573,0.8851021944855522
large_long,nomotor_xlink,r0002,6.9,pulse_06,6.959141693121693,-2.280386200892334,0.0010330388603644696,-0.0010330388603644696,1.0,0.4519685039370079,0.00801374743179231,0.017881944444444443,0.009882737317365331,1890.0,0.6285714285714284,0.0,0.15767195767195769,0.8861861733299898
large_long,nomotor_xlink,r0002,6.95,pulse_06,6.957171428571429,-2.2900432951359537,0.0012158024691357738,0.0012158024691357738,1.0,0.4608150470219436,0.07997377731145498,0.017252604166666668,0.0028251244023120847,1890.0,0.6264550264550265,0.001058201058201058,0.15767195767195769,0.8862970865329824
large_long,nomotor_xlink,r0002,7.0,pulse_06,6.966436507936508,-2.2973369473062064,0.003088359788359677,0.003088359788359677,1.0,0.46394984326018807,0.029972018157085487,0.017643229166666666,0.002431217390084228,1890.0,0.6292372881355932,0.0021186440677966106,0.1578389830508475,0.8889103816273056
large_long,nomotor_xlink,r0002,7.05,pulse_07,7.101606350806452,-2.348154945751971,0.006726747311827985,-0.006726747311827985,1.0,0.4822485207100592,0.01711419797052247,0.018294270833333334,0.0019674284253673826,1984.0,0.6421370967741936,0.0,0.14818548387096775,0.8834156993631703
large_long,nomotor_xlink,r0002,7.1,pulse_07,7.081426108870968,-2.342252660475869,0.0031054939516127846,-0.0031054939516127846,1.0,0.47477744807121663,0.01235703969521067,0.018467881944444445,0.001468227890011035,1984.0,0.6421370967741934,0.0,0.14919354838709678,0.8835566583079351
large_long,nomotor_xlink,r0002,7.15,pulse_07,7.082973387096775,-2.339345578411905,0.005719270833333272,-0.005719270833333272,1.0,0.4783904619970194,0.004127199120734575,0.0185546875,0.0001358192868479898,1984.0,0.6383838383838385,0.0,0.15050505050505053,0.8832470697812295
large_long,nomotor_xlink,r0002,7.2,pulse_07,7.047110483870968,-2.343067576196957,0.006604334677419388,-0.006604334677419388,1.0,0.4769687964338782,0.04011398383412453,0.018272569444444445,0.0011579975233748652,1984.0,0.6391129032258064,0.0,0.1502016129032258,0.8851434505865258
large_long,nomotor_xlink,r0002,7.25,pulse_07,7.043347379032259,-2.346293563552154,0.003076696908602313,-0.003076696908602313,1.0,0.4732142857142857,0.03696751668401873,0.018663194444444444,0.000939947682301249,1984.0,0.6370967741935484,0.0,0.1502016129032258,0.8825349511932072
large_long,nomotor_xlink,r0002,7.3,pulse_07,7.028650302419354,-2.3487072622907643,0.0034283602150537718,-0.0034283602150537718,1.0,0.47761194029850745,0.019769196781651798,0.01857638888888889,0.003311390470801682,1984.0,0.6360887096774192,0.0010080645161290322,0.15120967741935482,0.8840551737119647
large_long,nomotor_xlink,r0002,7.35,pulse_07,7.022777217741936,-2.326425220727344,0.0024498991935482848,-0.0024498991935482848,1.0,0.4798206278026906,0.014683403992848617,0.018511284722222222,0.008580195733629559,1984.0,0.6370967741935483,0.0010080645161290322,0.15120967741935482,0.8841595461676451
large_long,nomotor_xlink,r0002,7.4,pulse_07,7.013950907258065,-2.297226087888987,0.0022262399566530533,-0.0022262399566530533,1.0,0.48125937031484256,0.02063155682328992,0.018315972222222223,0.0037569822851372483,1984.0,0.6320564516129032,0.0020161290322580645,0.15120967741935482,0.8852030948549064
large_long,nomotor_xlink,r0002,7.45,pulse_07,7.009419778002018,-2.3038833270165204,0.0010585854511842758,-0.0010585854511842758,1.0,0.4818181818181818,0.039113736563022354,0.018142361111111113,0.00022226599163621685,1982.0,0.632694248234107,0.0010090817356205853,0.1493440968718466,0.8861535521588373
large_long,nomotor_xlink,r0002,7.5,pulse_07,7.007599394550959,-2.2958924919391697,0.00022215821178495077,0.00022215821178495077,1.0,0.4706766917293233,0.056801419287428996,0.0181640625,0.002154900787789238,1982.0,0.6313131313131313,0.00101010101010101,0.15050505050505053,0.8840796653505665
large_long,nomotor_xlink,r0002,7.55,pulse_07,7.0107527272727275,-2.290953922289785,0.0017525756556482364,0.0017525756556482364,1.0,0.4594594594594595,0.05399200591571545,0.018511284722222222,0.003455120898743965,1980.0,0.6303030303030303,0.0,0.14949494949494951,0.8841504120948558
large_long,nomotor_xlink,r0002,7.6,pulse_07,7.018114848484848,-2.275161766546706,0.0021850841750841177,0.0021850841750841177,1.0,0.4578313253012048,0.03704932300420463,0.0185546875,0.007895897222513751,1980.0,0.6323232323232324,0.0,0.15050505050505053,0.88417839006784
large_long,nomotor_xlink,r0002,7.65,pulse_07,7.023863232323232,-2.2435785389547025,0.0007128619528618726,0.0007128619528618726,1.0,0.46747352496217853,0.01766563813215397,0.018315972222222223,0.00609535390143745,1980.0,0.6319514661274015,0.0020222446916076846,0.1506572295247725,0.8855051184166578
large_long,nomotor_xlink,r0002,7.7,pulse_07,7.02239202020202,-2.238589643138081,0.0016846464646464259,-0.0016846464646464259,1.0,0.46466165413533833,0.042575562659301056,0.0185546875,0.0006533515597862601,1980.0,0.6292929292929293,0.0,0.15050505050505053,0.8856696430880451
large_long,nomotor_xlink,r0002,7.75,pulse_07,7.013755353535354,-2.239658429595985,0.0034613973063974215,-0.0034613973063974215,1.0,0.45481927710843373,0.03123994001510111,0.018446180555555556,0.00010133371731998093,1980.0,0.6323232323232324,0.0,0.14949494949494951,0.8873297481529594
large_long,nomotor_xlink,r0002,7.8,pulse_07,7.001623636363635,-2.2379816408341613,0.002924680134680132,-0.002924680134680132,1.0,0.4583963691376702,0.014251488052332392,0.018771701388888888,0.0005700531998151792,1980.0,0.6262626262626264,0.0,0.14949494949494951,0.886827444562421
large_long,nomotor_xlink,r0002,7.85,pulse_07,6.996207272727273,-2.236238110397094,0.004371229586052443,-0.004371229586052443,1.0,0.45481927710843373,0.03700246833470606,0.018511284722222222,0.0030061821600596192,1980.0,0.6262626262626262,0.0,0.1505050505050505,0.884454690531182
large_long,nomotor_xlink,r0002,7.9,pulse_07,6.97539625884732,-2.2199445478738036,0.00622391181787559,-0.00622391181787559,1.0,0.45592705167173253,0.018127435928592346,0.018077256944444446,0.0005224237923359502,1978.0,0.6238624873609708,0.0,0.15166835187057634,0.8852160377142249
large_long,nomotor_xlink,r0002,7.95,pulse_07,6.958863801820019,-2.2393726531511096,0.00032211601571393206,-0.00032211601571393206,1.0,0.45098039215686275,0.03293484525049985,0.018771701388888888,0.001570428931353544,1978.0,0.621840242669363,0.0,0.15166835187057637,0.8874934545409541
large_long,nomotor_xlink,r0002,8.0,pulse_07,6.973463562753037,-2.229367121461925,0.004866586977672505,0.004866586977672505,1.0,0.44984802431610943,0.015595524724013966,0.018858506944444443,0.0033351772297282403,1976.0,0.624493927125506,0.0010121457489878543,0.15182186234817815,0.8866223741115657
large_long,nomotor_xlink,r0003,0.0,initial,0.252498854961832,2.459706969208306,0.08447808361340532,0.08447808361340532,1.0,-0.033112582781456956,0.0,0.005121527777777778,0.011514130940098344,524.0,0.24045801526717553,0.20992366412213742,0.47328244274809156,0.9279981075808866
large_long,nomotor_xlink,r0003,0.05,initial,0.505933105802048,2.494249362028601,0.07109790116983312,0.07109790116983312,1.0,0.005847953216374269,0.08855147531998615,0.005729166666666666,0.0013918612820311704,586.0,0.2525597269624573,0.18771331058020477,0.46416382252559735,0.9356898530377817
large_long,nomotor_xlink,r0003,0.1,initial,0.6790862619808308,2.468058136900493,0.05640458040554103,0.05640458040554103,1.0,-0.044444444444444446,0.06088072799173765,0.006032986111111111,0.005192467642009054,626.0,0.2619808306709266,0.18210862619808307,0.46325878594249215,0.9333817029112383
large_long,nomotor_xlink,r0003,0.15000000000000002,initial,0.8443605882352941,2.4630945561765465,0.06397970902470024,0.06397970902470024,1.0,-0.02617801047120419,0.11634390945281675,0.006662326388888889,0.0015694049136604586,680.0,0.2617647058823529,0.1735294117647059,0.44411764705882345,0.9358728674256364
large_long,nomotor_xlink,r0003,0.2,initial,1.0629645161290322,2.45864170741853,0.07684091977248914,0.07684091977248914,1.0,0.0,0.05044340942506974,0.006944444444444444,0.009438715848702595,744.0,0.26881720430107514,0.1639784946236559,0.4408602150537633,0.9417567567237827
large_long,nomotor_xlink,r0003,0.25,initial,1.305406106870229,2.519726851268762,0.05810973259424642,0.05810973259424642,1.0,-0.03571428571428571,0.04490955444230612,0.007530381944444445,0.005652701310438306,786.0,0.2748091603053434,0.15267175572519082,0.42748091603053434,0.9490876760768653
large_long,nomotor_xlink,r0003,0.30000000000000004,initial,1.4116229116945107,2.49255791528116,0.043132392149981026,0.043132392149981026,1.0,-0.004149377593360996,0.024412064571786383,0.008072916666666667,0.002318568067818457,838.0,0.28400954653937954,0.14558472553699284,0.422434367541766,0.9473245232236218
large_long,nomotor_xlink,r0003,0.35000000000000003,initial,1.5642004597701151,2.533638259675673,0.04795583246071444,0.04795583246071444,1.0,0.02766798418972332,0.056566313236455126,0.008463541666666666,0.00854991262850291,870.0,0.28735632183908055,0.14022988505747128,0.4137931034482758,0.9495857045565036
large_long,nomotor_xlink,r0003,0.4,initial,1.6993579064587974,2.5438573910521773,0.048848063571933574,0.048848063571933574,1.0,0.057034220532319393,0.08261183314841788,0.008745659722222222,0.00386301997672985,898.0,0.29844097995545665,0.1314031180400891,0.4031180400890868,0.9478474735221457
large_long,nomotor_xlink,r0003,0.45,initial,1.8572888412017166,2.5104601398152937,0.06585588622675072,0.06585588622675072,1.0,0.03731343283582089,0.10351692533878157,0.0091796875,0.008619366392006297,932.0,0.3068669527896996,0.12231759656652359,0.3991416309012877,0.9482088531143019
large_long,nomotor_xlink,r0003,0.5,initial,2.0944932238193017,2.4921411927001396,0.07250693226348197,0.07250693226348197,1.0,0.09655172413793103,0.09574730111833867,0.009483506944444444,0.007446678217903753,974.0,0.32443531827515404,0.12114989733059549,0.3880903490759752,0.9406022370865859
large_long,nomotor_xlink,r0003,0.55,initial,2.2923304347826083,2.465780070507871,0.06544792423524459,0.06544792423524459,1.0,0.11705685618729098,0.07483902291821097,0.009830729166666666,0.003374393376386564,1012.0,0.33003952569169964,0.11067193675889328,0.3794466403162056,0.9400391505782044
large_long,nomotor_xlink,r0003,0.6000000000000001,initial,2.4871807692307693,2.512387552958459,0.06193394057161372,0.06193394057161372,1.0,0.14098360655737704,0.09090703859973437,0.010091145833333334,0.004349263674955954,1040.0,0.33653846153846156,0.10384615384615385,0.37307692307692314,0.9389494688731135
large_long,nomotor_xlink,r0003,0.65,initial,2.6639340782122907,2.491875652557607,0.05344869817115735,0.05344869817115735,1.0,0.1724137931034483,0.12808118442138153,0.010243055555555556,0.005992871611965415,1074.0,0.3482309124767225,0.10242085661080073,0.36126629422718803,0.9441080469263367
large_long,nomotor_xlink,r0003,0.7000000000000001,initial,2.8078729582577133,2.4764303232866665,0.03545308287936059,0.03545308287936059,1.0,0.19877675840978593,0.07662897077732747,0.010655381944444445,0.007018779214354713,1102.0,0.3557168784029039,0.0998185117967332,0.3575317604355718,0.9482219702452837
large_long,nomotor_xlink,r0003,0.75,initial,2.876652575488454,2.4497629772714786,0.02682936126940209,0.02682936126940209,1.0,0.21450151057401812,0.07156137045106406,0.010959201388888888,0.005129485108326559,1126.0,0.3552397868561279,0.09769094138543516,0.35701598579040855,0.9449558468202933
large_long,nomotor_xlink,r0003,0.8,initial,2.968849125874126,2.445653412636707,0.026790835119740414,0.026790835119740414,1.0,0.2298507462686567,0.09309239840276486,0.011002604166666667,0.0017869478818857882,1144.0,0.3601398601398602,0.0944055944055944,0.35314685314685323,0.9443833570832956
large_long,nomotor_xlink,r0003,0.8500000000000001,initial,3.0373975862068967,2.439041289980164,0.0391618293900875,0.0391618293900875,1.0,0.2411764705882353,0.08377426055505707,0.011046006944444445,0.001377172705610145,1160.0,0.36379310344827587,0.09310344827586206,0.35000000000000014,0.9469072077706356
large_long,nomotor_xlink,r0003,0.9,initial,3.203820102214651,2.4373903764030462,0.04412345370846915,0.04412345370846915,1.0,0.2148997134670487,0.10137662854528975,0.0115234375,0.0016028598098360252,1174.0,0.3696763202725724,0.09028960817717206,0.3407155025553662,0.941113218770658
large_long,nomotor_xlink,r0003,0.9500000000000001,initial,3.3021383084577116,2.4294241311211477,0.023783184934668133,0.023783184934668133,1.0,0.2200557103064067,0.04568174887246047,0.011653645833333334,0.0026366058594243422,1206.0,0.3698175787728026,0.08623548922056386,0.33665008291873966,0.9418506732957467
large_long,nomotor_xlink,r0003,1.0,initial,3.3465192118226597,2.4215707412465,0.014793634454982682,0.014793634454982682,1.0,0.23333333333333334,0.03820851988178958,0.011783854166666666,0.0026177966248825215,1218.0,0.37602627257799676,0.08374384236453201,0.3333333333333333,0.9405273078735319
large_long,nomotor_xlink,r0003,1.05,pulse_01,3.8579925149700602,2.393031622424711,0.004025957311567445,0.004025957311567445,1.0,0.3446601941747573,0.00748984582020054,0.013129340277777778,0.0001780758665212249,1336.0,0.42215568862275454,0.07634730538922155,0.30688622754491013,0.9413029690092962
large_long,nomotor_xlink,r0003,1.1,pulse_01,3.8700703869047626,2.3924973948251473,0.012033916141129733,0.012033916141129733,1.0,0.3605769230769231,0.02721639631689714,0.01310763888888889,0.002187445183759351,1344.0,0.4241071428571429,0.0744047619047619,0.3035714285714285,0.9395230987858478
large_long,nomotor_xlink,r0003,1.15,pulse_01,3.9301960118168386,2.379906951322155,0.020679507224145095,0.020679507224145095,1.0,0.37799043062200954,0.006394715635676058,0.01325954861111111,0.0010829849249889278,1354.0,0.42603550295857995,0.07100591715976332,0.3002958579881657,0.9410356872898366
large_long,nomotor_xlink,r0003,1.2,pulse_01,3.994147430249633,2.398995304375081,0.016317185803452688,0.016317185803452688,1.0,0.39856801909307876,0.06488849026989991,0.013172743055555556,0.0021028825986272683,1362.0,0.4317180616740087,0.07048458149779736,0.30102790014684283,0.9423399163389853
large_long,nomotor_xlink,r0003,1.25,pulse_01,4.028099126637555,2.3925242469139185,0.008187958354257821,0.008187958354257821,1.0,0.38461538461538464,0.06669110851526024,0.013129340277777778,0.0003001097353591368,1374.0,0.4337700145560407,0.06841339155749636,0.2998544395924309,0.9418633655379292
large_long,nomotor_xlink,r0003,1.3,pulse_01,4.04327518037518,2.4007959627872357,0.028883383519396677,0.028883383519396677,1.0,0.40705882352941175,0.045886404415222196,0.01310763888888889,0.00046728285454992563,1386.0,0.43434343434343436,0.06637806637806638,0.2972582972582973,0.9411814077344888
large_long,nomotor_xlink,r0003,1.35,pulse_01,4.201399427753935,2.395327944041218,0.041806704364478975,0.041806704364478975,1.0,0.3744292237442922,0.027566491816893118,0.01349826388888889,0.004501899421221737,1398.0,0.44062947067238906,0.06294706723891273,0.29327610872675247,0.939799096258193
large_long,nomotor_xlink,r0003,1.4,pulse_01,4.294115406562054,2.3737845662599053,0.027126299340349973,0.027126299340349973,1.0,0.35,0.02911779960082096,0.013563368055555556,0.00852183772023185,1402.0,0.44650499286733236,0.059914407988587735,0.2895863052781741,0.9366025338851482
large_long,nomotor_xlink,r0003,1.45,pulse_01,4.364157223796035,2.344196917719827,0.009357907757548448,0.009357907757548448,1.0,0.36629213483146067,0.037972368922813804,0.013736979166666666,0.005196373404888173,1412.0,0.44900849858356934,0.05807365439093485,0.28470254957507085,0.9358691984886666
large_long,nomotor_xlink,r0003,1.5,pulse_01,4.350262853107345,2.3426063258305763,0.00017074008665055965,0.00017074008665055965,1.0,0.3724604966139955,0.04762348189796429,0.01349826388888889,0.0031410178655693066,1416.0,0.4463276836158192,0.05932203389830508,0.2867231638418079,0.9378351674716442
large_long,nomotor_xlink,r0003,1.55,pulse_01,4.365181664315938,2.363043024913243,0.01349051039760211,0.01349051039760211,1.0,0.37360178970917224,0.05038662285669391,0.013585069444444445,0.0007228127217231428,1418.0,0.44569816643159366,0.056417489421720736,0.28490832157968965,0.9351019304959269
large_long,nomotor_xlink,r0003,1.6,pulse_01,4.431205915492957,2.346943202160915,0.012450332942648856,0.012450332942648856,1.0,0.3797752808988764,0.019174982669131146,0.013585069444444445,0.004308366305588063,1420.0,0.45070422535211263,0.05352112676056338,0.2788732394366197,0.932843760819065
large_long,nomotor_xlink,r0003,1.65,pulse_01,4.439883661971831,2.3371928270797144,0.013672082054712043,0.013672082054712043,1.0,0.3811659192825112,0.02998195547441883,0.013585069444444445,0.0017950033163134371,1420.0,0.4513399153737659,0.053596614950634704,0.2806770098730606,0.9341340929784521
large_long,nomotor_xlink,r0003,1.7000000000000002,pulse_01,4.5132384078212295,2.3361731822630345,0.017952861700950045,0.017952861700950045,1.0,0.39823008849557523,0.016197797521295864,0.013780381944444444,0.001984208238378008,1432.0,0.4545454545454546,0.053146853146853135,0.2783216783216783,0.932595346115955
large_long,nomotor_xlink,r0003,1.75,pulse_01,4.547600832177531,2.3252875776494464,0.01846081861347419,0.01846081861347419,1.0,0.38461538461538464,0.062390110136617466,0.013541666666666667,0.006635710630598091,1442.0,0.45972222222222225,0.05416666666666666,0.27916666666666673,0.9315432903968552
large_long,nomotor_xlink,r0003,1.8,pulse_01,4.624003319502075,2.296358918479446,0.01787783012538613,0.01787783012538613,1.0,0.4135667396061269,0.08126808700948028,0.01408420138888889,0.0035163681212614004,1446.0,0.461218836565097,0.04986149584487535,0.275623268698061,0.9311662228521939
large_long,nomotor_xlink,r0003,1.85,pulse_01,4.654867812929848,2.304189368921878,0.009315337160613169,0.009315337160613169,1.0,0.4117647058823529,0.06982019022008035,0.013975694444444445,0.005019290749896414,1454.0,0.46217331499312236,0.04951856946354883,0.28060522696011003,0.9332285932884098
large_long,nomotor_xlink,r0003,1.9,pulse_01,4.679895342465754,2.2662431739800675,0.023639518638458885,0.023639518638458885,1.0,0.4069264069264069,0.08797312797470734,0.01408420138888889,0.008312238344644118,1460.0,0.4615384615384615,0.049450549450549455,0.28159340659340665,0.9313992729832631
large_long,nomotor_xlink,r0003,1.9500000000000002,pulse_01,4.7967049247606015,2.2543159388540133,0.018690912310129686,0.018690912310129686,1.0,0.3574468085106383,0.07811574297513214,0.013953993055555556,0.004235287043478679,1462.0,0.46712328767123285,0.04520547945205479,0.27534246575342464,0.9276507759093799
large_long,nomotor_xlink,r0003,2.0,pulse_01,4.792040816326532,2.2408314517191954,0.0015547028113565748,-0.0015547028113565748,1.0,0.3601694915254237,0.039421908530412664,0.014322916666666666,0.00449482904493929,1470.0,0.46802721088435384,0.04625850340136054,0.2748299319727891,0.929717124275033
large_long,nomotor_xlink,r0003,2.05,pulse_02,5.229017103620475,2.332008865052937,0.0034767768907967658,0.0034767768907967658,1.0,0.43820224719101125,0.03134962853845556,0.015538194444444445,0.004101363381003272,1602.0,0.5075000000000001,0.042499999999999996,0.24874999999999994,0.9246193939287909
large_long,nomotor_xlink,r0003,2.1,pulse_02,5.239447434292865,2.3443129551959467,0.0005504243235797309,0.0005504243235797309,1.0,0.4696969696969697,0.06030797175101432,0.015538194444444445,0.004464983747462255,1598.0,0.5075187969924811,0.03884711779448621,0.25062656641604003,0.9250526373675104
large_long,nomotor_xlink,r0003,2.15,pulse_02,5.232319649561953,2.3587987675377105,0.0009802950220773414,-0.0009802950220773414,1.0,0.46285714285714286,0.03404602226603745,0.015407986111111112,0.0011062339071538456,1598.0,0.5081351689612015,0.04130162703379224,0.2490613266583229,0.9237807803106072
large_long,nomotor_xlink,r0003,2.2,pulse_02,5.233565664160401,2.35095035863887,0.0017517376043360382,0.0017517376043360382,1.0,0.46285714285714286,0.06355819533827513,0.015299479166666666,0.0003322431369940926,1596.0,0.5081555834378919,0.040150564617314935,0.24968632371392716,0.9222742615098968
large_long,nomotor_xlink,r0003,2.25,pulse_02,5.242830075187969,2.360792226359675,0.0004446532999164236,0.0004446532999164236,1.0,0.4600760456273764,0.05460847828047364,0.015256076388888888,0.0006634309909754332,1596.0,0.5100250626566416,0.03884711779448621,0.24686716791979949,0.9232259861954994
large_long,nomotor_xlink,r0003,2.3,pulse_02,5.2362335839598995,2.3549309445847224,0.0019371147718542463,0.0019371147718542463,1.0,0.4646271510516252,0.07454522080686825,0.015299479166666666,0.0030289047884422735,1596.0,0.5087719298245614,0.03759398496240601,0.24686716791979949,0.9234521099147954
large_long,nomotor_xlink,r0003,2.35,pulse_02,5.254452763819095,2.3426187976290214,0.00032189429814074205,0.00032189429814074205,1.0,0.44528301886792454,0.07606817826803501,0.015256076388888888,0.0004016636714228768,1592.0,0.5081761006289308,0.03647798742138365,0.24528301886792453,0.921056119003673
large_long,nomotor_xlink,r0003,2.4,pulse_02,5.238164949748744,2.352520962556185,0.003197822445560957,-0.003197822445560957,1.0,0.4387947269303202,0.07091912830787171,0.015473090277777778,0.0018573111072245723,1592.0,0.5075376884422111,0.03768844221105528,0.2449748743718593,0.9225057847222339
large_long,nomotor_xlink,r0003,2.45,pulse_02,5.235265829145729,2.353762664272369,0.0056673656380138064,0.0056673656380138064,1.0,0.4497153700189753,0.01764907539522881,0.015407986111111112,0.001923708563938531,1592.0,0.5069182389937107,0.0389937106918239,0.2490566037735849,0.918889912923706
large_long,nomotor_xlink,r0003,2.5,pulse_02,5.272169143576827,2.3640632139398163,0.010952584591726952,0.010952584591726952,1.0,0.4552380952380952,0.03903685915163394,0.015386284722222223,0.0013717533105506903,1588.0,0.508816120906801,0.03526448362720404,0.24685138539042822,0.9211051408306308
large_long,nomotor_xlink,r0003,2.55,pulse_02,5.300981336696091,2.361993184135673,0.004400050144603096,0.004400050144603096,1.0,0.4552380952380952,0.027607760124899086,0.015190972222222222,0.0010323258919459437,1586.0,0.5081967213114754,0.032786885245901634,0.2421185372005044,0.9200444905275963
large_long,nomotor_xlink,r0003,2.6,pulse_02,5.298569444444445,2.3578692585881407,0.0015375606138626392,0.0015375606138626392,1.0,0.4580152671755725,0.0402168539634438,0.015190972222222222,0.0011828795545809623,1584.0,0.5113636363636365,0.034090909090909095,0.2462121212121212,0.9227998587538028
large_long,nomotor_xlink,r0003,2.65,pulse_02,5.310206700379267,2.3690904614631587,0.0010047683429322458,-0.0010047683429322458,1.0,0.4618320610687023,0.04005216232983851,0.015321180555555555,5.926993666986272e-05,1582.0,0.5113924050632912,0.03164556962025316,0.2468354430379746,0.9210131997579267
large_long,nomotor_xlink,r0003,2.7,pulse_02,5.292540834386852,2.3575136389681215,0.014829926527119675,0.014829926527119675,1.0,0.47876447876447875,0.021241156113223646,0.015169270833333333,0.0008184900903893677,1582.0,0.5107458912768648,0.03160556257901391,0.24652338811630853,0.9185227514865709
large_long,nomotor_xlink,r0003,2.75,pulse_02,5.399186259541985,2.3641795209208225,0.020052281317690213,0.020052281317690213,1.0,0.45489443378119004,0.025554055468462483,0.0150390625,0.002722475744844003,1572.0,0.5139949109414759,0.026717557251908396,0.24173027989821877,0.9166904421506021
large_long,nomotor_xlink,r0003,2.8,pulse_02,5.412854522292993,2.3738484934371855,0.005551971198784737,0.005551971198784737,1.0,0.4605009633911368,0.054695550322209935,0.014952256944444445,0.0011778253336406734,1570.0,0.5146496815286625,0.02929936305732484,0.2394904458598726,0.915809982892048
large_long,nomotor_xlink,r0003,2.85,pulse_02,5.432498086734693,2.3712464729226665,0.004812986173815759,0.004812986173815759,1.0,0.4653846153846154,0.02937894536507084,0.015082465277777778,0.0007015304846106721,1568.0,0.5172413793103449,0.026819923371647514,0.2401021711366539,0.914384022960656
large_long,nomotor_xlink,r0003,2.9,pulse_02,5.441732439335888,2.3696393105295215,0.004249401250577082,0.004249401250577082,1.0,0.47674418604651164,0.017361778077576693,0.015277777777777777,0.0052739357398574604,1566.0,0.5159642401021712,0.025542784163473813,0.24010217113665386,0.9139594551264206
large_long,nomotor_xlink,r0003,2.95,pulse_02,5.4579944942381555,2.339602858483522,0.0023780763500016455,0.0023780763500016455,1.0,0.4785992217898833,0.025974400147061965,0.01506076388888889,0.006265189115610396,1562.0,0.514102564102564,0.024358974358974356,0.2397435897435897,0.9137096086849206
large_long,nomotor_xlink,r0003,3.0,pulse_02,5.456000897435898,2.332048175835859,0.0006645322674193229,-0.0006645322674193229,1.0,0.4728682170542636,0.03267760345178853,0.015125868055555556,0.0025182275492208936,1560.0,0.5134788189987163,0.02439024390243903,0.24133504492939672,0.9167563887803183
large_long,nomotor_xlink,r0003,3.05,pulse_03,5.840772759856631,2.1374708679241223,0.009923571065753775,0.009923571065753775,1.0,0.5322862129144852,0.02273010433201659,0.016102430555555554,0.004300961915443047,1674.0,0.5495818399044204,0.020310633213859015,0.22222222222222224,0.9122156092085014
large_long,nomotor_xlink,r0003,3.1,pulse_03,5.870543473053893,2.124567982177793,0.007175817469004642,0.007175817469004642,1.0,0.4694589877835951,0.021262217984870616,0.016189236111111113,0.00015431960364331587,1670.0,0.5508982035928143,0.01796407185628742,0.22395209580838324,0.9083177813003234
large_long,nomotor_xlink,r0003,3.15,pulse_03,5.883827664670659,2.1365449503022624,0.005193234683094665,0.005193234683094665,1.0,0.4643478260869565,0.04846343991664838,0.01599392361111111,0.0045489083184440116,1670.0,0.5508982035928143,0.01796407185628742,0.22035928143712574,0.9091271455550428
large_long,nomotor_xlink,r0003,3.2,pulse_03,5.9017028811524606,2.1518614320884573,0.0020101751359226463,0.0020101751359226463,1.0,0.4694589877835951,0.02857112240661084,0.016059027777777776,0.0028405508709779723,1666.0,0.5511432009626958,0.015643802647412754,0.22141997593261134,0.9079954994479466
large_long,nomotor_xlink,r0003,3.25,pulse_03,5.895888715486195,2.1535882555281303,0.0014240886005426983,0.0014240886005426983,1.0,0.4583333333333333,0.05173362748471149,0.01579861111111111,0.0002826742847274281,1666.0,0.5516826923076923,0.015625,0.22235576923076922,0.9090321076474174
large_long,nomotor_xlink,r0003,3.3,pulse_03,5.910247412755717,2.153557477796822,0.0031866671819148116,-0.0031866671819148116,1.0,0.4727592267135325,0.003335666319936982,0.015928819444444443,0.002239618508524499,1662.0,0.5511432009626956,0.013237063778580024,0.2190132370637786,0.9080393604363207
large_long,nomotor_xlink,r0003,3.35,pulse_03,5.876768712394706,2.1670259665792773,0.006739671079021588,-0.006739671079021588,1.0,0.47719298245614034,0.03808787060409312,0.016037326388888887,0.000127735671306084,1662.0,0.548854041013269,0.01447527141133896,0.22195416164053078,0.9123310962135371
large_long,nomotor_xlink,r0003,3.4,pulse_03,5.869809386281587,2.1543238918246583,0.0008051343762535504,0.0008051343762535504,1.0,0.48500881834215165,0.04019057645576887,0.015842013888888888,0.002077324051969587,1662.0,0.5439229843561973,0.01444043321299639,0.22503008423586043,0.9103025148887565
large_long,nomotor_xlink,r0003,3.45,pulse_03,5.881599518652227,2.1545620222674597,0.005178994526048235,0.005178994526048235,1.0,0.47368421052631576,0.07367495548853446,0.016037326388888887,1.354402810645657e-07,1662.0,0.5475330926594466,0.01684717208182912,0.22262334536702771,0.9135485959864
large_long,nomotor_xlink,r0003,3.5,pulse_03,5.900883353437877,2.1543247044663447,0.003122926440409716,0.003122926440409716,1.0,0.4823943661971831,0.057518923842973045,0.015842013888888888,0.00025206941408958034,1658.0,0.5458937198067633,0.013285024154589372,0.22101449275362323,0.9124005308472635
large_long,nomotor_xlink,r0003,3.55,pulse_03,5.900337077294686,2.1560744387519972,0.0016844552009021758,0.0016844552009021758,1.0,0.4831858407079646,0.052880164172679024,0.016080729166666665,0.000515165640788684,1656.0,0.5471014492753624,0.013285024154589372,0.22222222222222224,0.9108799388048384
large_long,nomotor_xlink,r0003,3.6,pulse_03,5.91099008464329,2.157415698311077,0.001608449183734854,0.001608449183734854,1.0,0.48672566371681414,0.08694387696309484,0.016015625,0.0023254709847827884,1654.0,0.5429262394195888,0.012091898428053204,0.22128174123337363,0.9089837430074649
large_long,nomotor_xlink,r0003,3.65,pulse_03,5.909987772397095,2.1421216128433005,0.0032579317827597563,-0.0032579317827597563,1.0,0.4787234042553192,0.07524111329328133,0.015885416666666666,4.406754383786312e-05,1652.0,0.5435835351089591,0.01089588377723971,0.22276029055690075,0.9101076287775044
large_long,nomotor_xlink,r0003,3.7,pulse_03,5.891442493946731,2.1571512930480496,0.0002997217749204732,-0.0002997217749204732,1.0,0.47183098591549294,0.05870305461351431,0.015581597222222222,0.0010414372191461425,1652.0,0.543583535108959,0.013317191283292977,0.22760290556900725,0.9121487596273072
large_long,nomotor_xlink,r0003,3.75,pulse_03,5.908189441747572,2.1483702361581773,0.004802840721312318,0.004802840721312318,1.0,0.41421143847487,0.05779985145615123,0.016167534722222224,0.0028299032794352197,1648.0,0.546116504854369,0.009708737864077669,0.22330097087378636,0.9085056975929213
large_long,nomotor_xlink,r0003,3.8,pulse_03,5.920259538274605,2.1401718733714383,0.003479861898519084,0.003479861898519084,1.0,0.41278065630397237,0.07791041248821247,0.015755208333333333,0.0008103278084082474,1646.0,0.5467800729040098,0.010935601458080193,0.22235722964763066,0.9086256498386812
large_long,nomotor_xlink,r0003,3.85,pulse_03,5.9290686131386865,2.143508269307728,0.0003417154220854239,-0.0003417154220854239,1.0,0.4220665499124343,0.06344807672654647,0.016102430555555554,0.0003440235376982829,1644.0,0.5510948905109488,0.00851581508515815,0.22141119221411193,0.9082349173228559
large_long,nomotor_xlink,r0003,3.9,pulse_03,5.9182092457420925,2.142236014597628,0.00340849195835613,-0.00340849195835613,1.0,0.41754385964912283,0.06674103679547337,0.015907118055555555,9.900469129238883e-05,1644.0,0.5450121654501217,0.0097323600973236,0.22384428223844283,0.907710731867601
large_long,nomotor_xlink,r0003,3.95,pulse_03,5.90861766138855,2.1429142411599735,0.0017092957276204264,-0.0017092957276204264,1.0,0.41403508771929826,0.0456013030393627,0.015516493055555556,0.0012920849867137374,1642.0,0.5444579780755177,0.008526187576126675,0.22168087697929356,0.9079601159131406
large_long,nomotor_xlink,r0003,4.0,pulse_03,5.90795347137637,2.1499885245179104,0.00022139667072658872,-0.00022139667072658872,1.0,0.4090909090909091,0.042595366249730565,0.015928819444444443,0.002358094452645639,1642.0,0.5444579780755177,0.008526187576126675,0.22289890377588312,0.9076720821419885
large_long,nomotor_xlink,r0003,4.05,pulse_04,6.126467045454546,2.362727051763375,0.0010664393939393928,0.0010664393939393928,1.0,0.4642857142857143,0.04394328478479297,0.016861979166666666,0.0008046459198873812,1760.0,0.5738636363636364,0.007954545454545454,0.20795454545454542,0.9062327650255033
large_long,nomotor_xlink,r0003,4.1,pulse_04,6.129666363636364,2.360313114003713,0.006142930660654411,0.006142930660654411,1.0,0.46254071661237783,0.045149961017713,0.016818576388888888,0.0014515263114817472,1760.0,0.571590909090909,0.00909090909090909,0.2068181818181818,0.9063738691234403
large_long,nomotor_xlink,r0003,4.15,pulse_04,6.163324629418472,2.3714362096322654,0.003939053419024822,0.003939053419024822,1.0,0.42810457516339867,0.023007233897728813,0.0169921875,0.0005434674961756573,1754.0,0.5758266818700114,0.005701254275940707,0.20410490307867724,0.9046994942607409
large_long,nomotor_xlink,r0003,4.2,pulse_04,6.153300684150513,2.3635739189807667,0.00048318581229415497,0.00048318581229415497,1.0,0.43044189852700493,0.024895863787352673,0.017057291666666665,0.0017164501727185606,1754.0,0.573546180159635,0.00798175598631699,0.20410490307867724,0.9066388395551277
large_long,nomotor_xlink,r0003,4.25,pulse_04,6.166223744292237,2.361137508595954,0.007274895520542539,0.007274895520542539,1.0,0.434640522875817,0.05134741948389018,0.01675347222222222,0.00404341610358383,1752.0,0.5742009132420092,0.006849315068493152,0.20662100456621008,0.9047615267885118
large_long,nomotor_xlink,r0003,4.3,pulse_04,6.196950057273768,2.3393134223592638,0.003504777327440737,0.003504777327440737,1.0,0.4342105263157895,0.04970497900054703,0.016514756944444445,0.004083789841518026,1746.0,0.5733944954128438,0.005733944954128441,0.20412844036697253,0.9034731039935098
large_long,nomotor_xlink,r0003,4.35,pulse_04,6.187252408256882,2.336634769546846,0.0054663023070763055,0.0054663023070763055,1.0,0.42950819672131146,0.026603176924624845,0.016905381944444443,0.005250568980086652,1744.0,0.5722477064220184,0.008027522935779815,0.20527522935779813,0.9046274435886977
large_long,nomotor_xlink,r0003,4.4,pulse_04,6.229747871116226,2.307810008478744,0.010929763754421451,0.010929763754421451,1.0,0.3550488599348534,0.050943750197001564,0.016861979166666666,0.005700167777770678,1738.0,0.5753739930955122,0.0034522439585730727,0.20368239355581133,0.9042530809925137
large_long,nomotor_xlink,r0003,4.45,pulse_04,6.25283099078341,2.302433762880222,0.0037149549677491698,0.0037149549677491698,1.0,0.3333333333333333,0.01870585597607358,0.016731770833333333,0.001749334419421933,1736.0,0.5737327188940093,0.00576036866359447,0.20046082949308758,0.9011508683488431
large_long,nomotor_xlink,r0003,4.5,pulse_04,6.252037600922721,2.2973140019622122,0.0009551073938477058,-0.0009551073938477058,1.0,0.3539967373572594,0.0322643435853937,0.016818576388888888,0.00016716797103955017,1734.0,0.57439446366782,0.0011534025374855825,0.20069204152249132,0.9010261178319374
large_long,nomotor_xlink,r0003,4.55,pulse_04,6.247100346420324,2.303436770706459,0.0022782225822438975,0.0022782225822438975,1.0,0.3245469522240527,0.014416574881397382,0.01662326388888889,0.001815422087018126,1732.0,0.5739030023094688,0.0023094688221709007,0.20092378752886839,0.9020907947075765
large_long,nomotor_xlink,r0003,4.6,pulse_04,6.265706936416184,2.308206534484321,0.0047006937083660105,0.0047006937083660105,1.0,0.3233333333333333,0.02821022698999089,0.016514756944444445,0.000530030046085391,1730.0,0.5740740740740742,0.0011574074074074076,0.19907407407407413,0.900878562246776
large_long,nomotor_xlink,r0003,4.65,pulse_04,6.27530450867052,2.3066169509829715,0.0017669959368086612,0.0017669959368086612,1.0,0.3201320132013201,0.02923708719554302,0.016514756944444445,0.0004248997306950386,1730.0,0.5722543352601158,0.0,0.19768786127167626,0.8997138941589226
large_long,nomotor_xlink,r0003,4.7,pulse_04,6.276308912037036,2.3056571361001508,0.0006547445006422533,-0.0006547445006422533,1.0,0.3110367892976589,0.021768105269760484,0.016536458333333334,0.0004116016296943729,1728.0,0.5707656612529002,0.0,0.19721577726218092,0.9001685611244374
large_long,nomotor_xlink,r0003,4.75,pulse_04,6.271376041666667,2.3041473412048052,0.0011393132716047323,-0.0011393132716047323,1.0,0.31,0.03434431782422093,0.016558159722222222,0.0011652123002259263,1728.0,0.5717592592592592,0.0,0.19675925925925927,0.8989707706315377
large_long,nomotor_xlink,r0003,4.8,pulse_04,6.269473032407408,2.298665862298795,0.0003526234567901021,-0.0003526234567901021,1.0,0.3178036605657238,0.024456436026329118,0.016514756944444445,0.0015092506880239516,1728.0,0.5729166666666667,0.0,0.19791666666666669,0.9007465459911198
large_long,nomotor_xlink,r0003,4.85,pulse_04,6.269260300925926,2.2950918370766615,0.0014457368827160977,-0.0014457368827160977,1.0,0.3121869782971619,0.04992130322946401,0.016471354166666667,0.0018315060017587796,1728.0,0.5696055684454755,0.0,0.19605568445475635,0.9010593780448017
large_long,nomotor_xlink,r0003,4.9,pulse_04,6.260798611111111,2.2876768262882425,0.002615644290123509,-0.002615644290123509,1.0,0.3121869782971619,0.03308548549572824,0.0166015625,0.001216789719151438,1728.0,0.5682870370370369,0.0,0.19791666666666669,0.9003622851291364
large_long,nomotor_xlink,r0003,4.95,pulse_04,6.253566435185185,2.287791098761753,0.0008244498626669797,-0.0008244498626669797,1.0,0.32220367278797996,0.05811670327735393,0.01657986111111111,0.0012682814808844995,1728.0,0.5648148148148149,0.0011574074074074073,0.20023148148148154,0.9024159130441899
large_long,nomotor_xlink,r0003,5.0,pulse_04,6.2558519119351095,2.2800671374029355,0.0007618255833081733,0.0007618255833081733,1.0,0.31893687707641194,0.006549298158333757,0.016558159722222222,0.0025746537862724552,1726.0,0.5672853828306264,0.002320185614849188,0.20069605568445473,0.9043060784264734
large_long,nomotor_xlink,r0003,5.05,pulse_05,6.506426304347825,2.1362855434645973,0.0025403623188407685,0.0025403623188407685,1.0,0.37019969278033793,0.028269868922771193,0.01742621527777778,0.0013208560975838484,1840.0,0.5973884657236126,0.0010881392818280738,0.18824809575625676,0.8997642417284898
large_long,nomotor_xlink,r0003,5.1,pulse_05,6.514047391304348,2.140248111757349,0.00010806159420262418,-0.00010806159420262418,1.0,0.37019969278033793,0.048038682035253744,0.0177734375,0.00047848237455265047,1840.0,0.5967391304347825,0.0010869565217391304,0.18913043478260871,0.8998018949528127
large_long,nomotor_xlink,r0003,5.15,pulse_05,6.50577793478261,2.139156437711913,0.0008480862153255053,0.0008480862153255053,1.0,0.37709923664122136,0.015443219016295827,0.017534722222222222,0.0006418797167696185,1840.0,0.5945652173913044,0.0010869565217391304,0.1891304347826087,0.8999082774051455
large_long,nomotor_xlink,r0003,5.2,pulse_05,6.519135908596301,2.1440993900579666,0.0018387156211066014,0.0018387156211066014,1.0,0.37327188940092165,0.008833596056415309,0.017816840277777777,0.00371553654224314,1838.0,0.593681917211329,0.002178649237472767,0.18954248366013074,0.8997070046425782
large_long,nomotor_xlink,r0003,5.25,pulse_05,6.516810228509249,2.161449656965372,0.0013653790351833746,-0.0013653790351833746,1.0,0.37019969278033793,0.0036496355164205366,0.0173828125,0.0016339910311247892,1838.0,0.5941240478781282,0.0,0.1871599564744287,0.8984709196958903
large_long,nomotor_xlink,r0003,5.3,pulse_05,6.5109436343852005,2.1539033362447153,0.0038474247370331818,-0.0038474247370331818,1.0,0.3669724770642202,0.03175158512191245,0.017513020833333334,0.0018665194941753782,1838.0,0.5908596300326441,0.0,0.1871599564744287,0.8991869570536314
large_long,nomotor_xlink,r0003,5.35,pulse_05,6.49372568008705,2.15025054000032,0.0019174283641638645,-0.0019174283641638645,1.0,0.36809815950920244,0.03391648639845636,0.017903645833333332,0.0021195052287155867,1838.0,0.5897714907508161,0.0,0.18607181719260066,0.8992008217394895
large_long,nomotor_xlink,r0003,5.4,pulse_05,6.499439064200217,2.141186304872422,0.001197126782845448,-0.001197126782845448,1.0,0.3671274961597542,0.05177705717125163,0.0177734375,0.004743240345739992,1838.0,0.5952121871599563,0.0010881392818280738,0.18607181719260063,0.8984289866591214
large_long,nomotor_xlink,r0003,5.45,pulse_05,6.4865429193899775,2.12179109792588,0.0029033153478213634,-0.0029033153478213634,1.0,0.3682588597842835,0.016095938443766927,0.0173828125,0.0010573196491658148,1836.0,0.5904139433551199,0.0,0.1884531590413943,0.898836264862409
large_long,nomotor_xlink,r0003,5.5,pulse_05,6.482019172113289,2.134842386977427,0.002415256801052479,0.002415256801052479,1.0,0.36923076923076925,0.03215589048232925,0.017621527777777778,0.0005557109464141933,1836.0,0.5882352941176471,0.0010893246187363835,0.1884531590413943,0.9000536647945007
large_long,nomotor_xlink,r0003,5.55,pulse_05,6.501034460196292,2.125125363604365,0.0015226316197954521,0.0015226316197954521,1.0,0.366306027820711,0.012051963931929602,0.017447916666666667,4.2043175247622834e-05,1834.0,0.5845147219193021,0.0,0.18974918211559433,0.8986078839121132
large_long,nomotor_xlink,r0003,5.6,pulse_05,6.491154961832062,2.1350946460289126,0.0032511450381681093,-0.0032511450381681093,1.0,0.365625,0.02320029839373219,0.01759982638888889,0.0025743431309123523,1834.0,0.5834242093784078,0.0,0.19083969465648856,0.8979953504489606
large_long,nomotor_xlink,r0003,5.65,pulse_05,6.481527589967284,2.140571422389839,0.004927299163940635,-0.004927299163940635,1.0,0.36037441497659906,0.002479117144996496,0.017491319444444445,0.003291356424046136,1834.0,0.5786026200873361,0.0,0.19213973799126635,0.8972468514396731
large_long,nomotor_xlink,r0003,5.7,pulse_05,6.461591166848418,2.115346507484636,0.001721155943293103,-0.001721155943293103,1.0,0.3666146645865835,0.00822354234746246,0.017664930555555555,0.005048901031292037,1834.0,0.5786026200873363,0.0010917030567685591,0.19104803493449782,0.8984258252698898
large_long,nomotor_xlink,r0003,5.75,pulse_05,6.471200654307525,2.110278016202087,0.004089736384070175,0.004089736384070175,1.0,0.37169517884914466,0.025557822303253753,0.017491319444444445,0.002832816295381013,1834.0,0.5779716466739366,0.0010905125408942203,0.18974918211559438,0.897348874199745
large_long,nomotor_xlink,r0003,5.8,pulse_05,6.486129585152839,2.0983496097123497,0.005290291677343184,0.005290291677343184,1.0,0.36858475894245724,0.03944869139218627,0.017578125,0.0018363666071747147,1832.0,0.5786026200873362,0.0010917030567685591,0.18995633187772928,0.8968808065836932
large_long,nomotor_xlink,r0003,5.85,pulse_05,6.502942404371584,2.0992598165590386,0.005975050926257275,0.005975050926257275,1.0,0.3654743390357698,0.018174343131455613,0.017621527777777778,0.0011588623836732055,1830.0,0.5803278688524589,0.0,0.1890710382513661,0.8961391383645112
large_long,nomotor_xlink,r0003,5.9,pulse_05,6.521979890710383,2.105302784014389,0.002881238615665064,0.002881238615665064,1.0,0.36875,0.007972045494395497,0.0173828125,0.0003060120781247881,1830.0,0.5814207650273223,0.0,0.18797814207650268,0.8976150544770484
large_long,nomotor_xlink,r0003,5.95,pulse_05,6.520229836065575,2.09742374409029,0.002405591985428076,-0.002405591985428076,1.0,0.3693972179289026,0.009980220094998073,0.01759982638888889,0.0016766143878699236,1830.0,0.5814207650273224,0.0,0.18688524590163932,0.8960557824698021
large_long,nomotor_xlink,r0003,6.0,pulse_05,6.507546338797814,2.0952430976871694,0.004227832422586768,-0.004227832422586768,1.0,0.367601246105919,0.025024557499976247,0.017035590277777776,0.000726882134373478,1830.0,0.5846994535519126,0.0,0.18688524590163932,0.8971996573257217
large_long,nomotor_xlink,r0003,6.05,pulse_06,6.666552610030706,2.1096412001494307,0.0038036040334805676,0.0038036040334805676,1.0,0.40762463343108507,0.019110209835273957,0.018793402777777777,0.008429132927404806,1954.0,0.6008188331627431,0.0,0.17297850562947803,0.8935185052456766
large_long,nomotor_xlink,r0003,6.1,pulse_06,6.677963422131148,2.0843538013672163,0.00013399122439050615,0.00013399122439050615,1.0,0.4108983799705449,0.03653804737502193,0.018815104166666666,0.002020401269815434,1952.0,0.6024590163934426,0.0,0.17213114754098358,0.8949686275092399
large_long,nomotor_xlink,r0003,6.15,pulse_06,6.667356557377049,2.097518792530538,0.001684272540983578,-0.001684272540983578,1.0,0.40620384047267355,0.02421075776098353,0.0185546875,0.0006860690593319951,1952.0,0.5993852459016392,0.0,0.17418032786885246,0.8953994618734672
large_long,nomotor_xlink,r0003,6.2,pulse_06,6.667857786885246,2.0884702157232082,0.0028130070353788264,0.0028130070353788264,1.0,0.4117647058823529,0.04928981751719517,0.018467881944444445,0.004559467103601038,1952.0,0.5993852459016394,0.0010245901639344263,0.17418032786885249,0.8952708633698991
large_long,nomotor_xlink,r0003,6.25,pulse_06,6.684234599589322,2.070161989908932,0.00014989999551140443,0.00014989999551140443,1.0,0.3994082840236686,0.009529961910603636,0.0185546875,0.0035244953048816363,1948.0,0.5985626283367556,0.0,0.17248459958932236,0.8938868515455889
large_long,nomotor_xlink,r0003,6.3,pulse_06,6.668757186858315,2.0673232438939184,0.002783384668035479,-0.002783384668035479,1.0,0.39705882352941174,0.042897433629786486,0.018511284722222222,0.0018104404777538423,1948.0,0.5960945529290853,0.0,0.17471736896197326,0.8942892295053849
large_long,nomotor_xlink,r0003,6.35,pulse_06,6.667534291581109,2.081024632775455,0.0027325290896649257,0.0027325290896649257,1.0,0.40294117647058825,0.03313727519158442,0.01840277777777778,0.007900264167525725,1948.0,0.5960945529290853,0.0,0.1747173689619733,0.8944290438056762
large_long,nomotor_xlink,r0003,6.4,pulse_06,6.685152361396304,2.1147248288990728,0.0012680527036277311,0.0012680527036277311,1.0,0.39794419970631423,0.03303524089939862,0.018641493055555555,0.004639154035066613,1948.0,0.5950668036998973,0.0,0.17471736896197326,0.8945807133450876
large_long,nomotor_xlink,r0003,6.45,pulse_06,6.675142607802876,2.1088595569858546,0.0030152292950035666,-0.0030152292950035666,1.0,0.3905325443786982,0.03296941772346529,0.018619791666666666,0.004409251999137294,1948.0,0.5977366255144033,0.0,0.17386831275720163,0.8956736008610985
large_long,nomotor_xlink,r0003,6.5,pulse_06,6.667060985626283,2.088269316904249,0.003566735112936629,-0.003566735112936629,1.0,0.39438700147710487,0.07261532988294317,0.018359375,0.003427233819153811,1948.0,0.5944558521560575,0.0,0.17453798767967144,0.8933672529422931
large_long,nomotor_xlink,r0003,6.55,pulse_06,6.653742197125256,2.0882961540709317,0.005035130047912191,-0.005035130047912191,1.0,0.3920704845814978,0.01214907604510292,0.018663194444444444,0.0027001476811612988,1948.0,0.5940390544707091,0.0,0.17471736896197324,0.894525027055727
large_long,nomotor_xlink,r0003,6.6,pulse_06,6.63685020533881,2.104470202991217,0.005649880219027903,-0.005649880219027903,1.0,0.3864306784660767,0.03297021495668923,0.018424479166666667,0.0024726354562233746,1948.0,0.591983556012333,0.0,0.17677286742034942,0.8957347686341425
large_long,nomotor_xlink,r0003,6.65,pulse_06,6.6198429158110885,2.103131966808272,0.0005426429932617142,-0.0005426429932617142,1.0,0.3914327917282127,0.03492242039144494,0.018684895833333333,0.0026597540791786223,1948.0,0.5950668036998973,0.0,0.17677286742034942,0.8963747272587804
large_long,nomotor_xlink,r0003,6.7,pulse_06,6.63359434737924,2.088511678516145,0.0018716072140820827,0.0018716072140820827,1.0,0.3911764705882353,0.027719295747089243,0.018619791666666666,0.002625549635122256,1946.0,0.5960945529290853,0.0,0.17574511819116134,0.8963782335186508
large_long,nomotor_xlink,r0003,6.75,pulse_06,6.631072559095581,2.0873786689975384,0.0017148338472079416,-0.0017148338472079416,1.0,0.3941176470588235,0.057870571141930054,0.018467881944444445,0.0010296495228344267,1946.0,0.5950668036998972,0.0,0.17471736896197326,0.8952715996425864
large_long,nomotor_xlink,r0003,6.8,pulse_06,6.623305344295992,2.0823337813791385,0.003409078451524531,-0.003409078451524531,1.0,0.3985185185185185,0.042369654137924456,0.01820746527777778,0.0020681551164034584,1946.0,0.5940390544707089,0.0,0.17882836587872553,0.8961033072487535
large_long,nomotor_xlink,r0003,6.85,pulse_06,6.610618088386434,2.0749697382991177,0.0024383735692222372,-0.0024383735692222372,1.0,0.3952802359882006,0.03586250559881663,0.018315972222222223,0.0009999254325568547,1946.0,0.5930113052415211,0.0,0.1778006166495375,0.896024708840981
large_long,nomotor_xlink,r0003,6.9,pulse_06,6.6086751028806585,2.0883333339744796,0.0008616224128280928,-0.0008616224128280928,1.0,0.3816568047337278,0.05537872191531246,0.018641493055555555,0.001910504166350672,1944.0,0.5936213991769546,0.0,0.17901234567901234,0.8966026390233792
large_long,nomotor_xlink,r0003,6.95,pulse_06,6.605448353909465,2.0635067133010137,0.0032826989026064624,-0.0032826989026064624,1.0,0.378698224852071,0.04419248847195109,0.018467881944444445,0.0020217727026795216,1944.0,0.5905349794238682,0.0,0.17695473251028807,0.8962067022973885
large_long,nomotor_xlink,r0003,7.0,pulse_06,6.58897890946502,2.0762026977584025,0.005489814814815179,-0.005489814814815179,1.0,0.3721973094170404,0.040239613691502085,0.018142361111111113,0.004231994819129614,1944.0,0.5884773662551439,0.0,0.1790123456790123,0.8941387414654466
large_long,nomotor_xlink,r0003,7.05,pulse_07,6.8052338150289025,1.9458048476929364,0.001268432883751262,-0.001268432883751262,1.0,0.4156378600823045,0.04264475394052576,0.019748263888888888,0.0006117511231398994,2076.0,0.6136801541425819,0.0,0.1695568400770713,0.8910444049393241
large_long,nomotor_xlink,r0003,7.1,pulse_07,6.801428516377649,1.947640101062356,0.0014849871547849187,-0.0014849871547849187,1.0,0.41289437585733885,0.03860853133127758,0.0201171875,0.0015990248617664775,2076.0,0.6098265895953757,0.0,0.16859344894026976,0.8906751215740438
large_long,nomotor_xlink,r0003,7.15,pulse_07,6.796323892100193,1.9362106985223375,0.0018509473346176957,-0.0018509473346176957,1.0,0.41450068399452805,0.027759316227414167,0.019791666666666666,0.0033133795858779256,2076.0,0.6069364161849711,0.0,0.16859344894026976,0.8905441379996217
large_long,nomotor_xlink,r0003,7.2,pulse_07,6.7903228323699425,1.9277598235470885,0.003614852280025745,-0.003614852280025745,1.0,0.4206896551724138,0.03445171297181337,0.01935763888888889,0.004176935650809677,2076.0,0.6071428571428571,0.0,0.16891891891891891,0.8917637681520877
large_long,nomotor_xlink,r0003,7.25,pulse_07,6.7746347784200385,1.9111490846174795,0.004276059730250618,-0.004276059730250618,1.0,0.4180327868852459,0.044876571402030226,0.01968315972222222,0.002028387324909916,2076.0,0.6059730250481696,0.0,0.16955684007707128,0.8925975926413175
large_long,nomotor_xlink,r0003,7.3,pulse_07,6.764666473988439,1.939930147496548,0.003371852922286441,-0.003371852922286441,1.0,0.40821917808219177,0.01684566245433252,0.01953125,0.0038362546040803247,2076.0,0.6030828516377649,0.0,0.1695568400770713,0.8928252998018298
large_long,nomotor_xlink,r0003,7.35,pulse_07,6.75440366088632,1.9341666122419614,0.005030892742453237,-0.005030892742453237,1.0,0.4117647058823529,0.03185011528737117,0.019422743055555556,0.0030116805565596114,2076.0,0.6030828516377648,0.0,0.17052023121387289,0.8932950319995168
large_long,nomotor_xlink,r0003,7.4,pulse_07,6.734481117533719,1.9218600641571904,0.004469588953115,-0.004469588953115,1.0,0.40273972602739727,0.05412967186807688,0.019444444444444445,0.002968200846995931,2076.0,0.6001926782273603,0.0,0.17148362235067438,0.8940880431125326
large_long,nomotor_xlink,r0003,7.45,pulse_07,6.72758612716763,1.9163574071599858,0.0027705362877328277,-0.0027705362877328277,1.0,0.40273972602739727,0.050955793280022,0.019661458333333333,0.00019683070777028652,2076.0,0.6001926782273606,0.0,0.1724470134874759,0.893162086082009
large_long,nomotor_xlink,r0003,7.5,pulse_07,6.717857899807322,1.9206790799105686,0.0038715157353885012,-0.0038715157353885012,1.0,0.40852819807427787,0.041639112009631093,0.019986979166666665,0.004346917495478923,2076.0,0.600771456123433,0.0,0.171648987463838,0.8926742840120925
large_long,nomotor_xlink,r0003,7.55,pulse_07,6.704357032755299,1.9424389121328594,0.001487411689145901,-0.001487411689145901,1.0,0.40384615384615385,0.04672315140668594,0.019401041666666667,0.0010484369500124064,2076.0,0.5998071359691417,0.0,0.171648987463838,0.8933081647328757
large_long,nomotor_xlink,r0003,7.6,pulse_07,6.708933429672447,1.9143884582104942,0.0007337508028258574,0.0007337508028258574,1.0,0.41046831955922863,0.020517142202539466,0.01955295138888889,0.002780767173305073,2076.0,0.5973025048169559,0.0,0.17148362235067438,0.8935255504987699
large_long,nomotor_xlink,r0003,7.65,pulse_07,6.708759537572254,1.925754309093029,0.0008329158638407108,-0.0008329158638407108,1.0,0.40771349862258954,0.04154045568514323,0.019574652777777778,0.004042573888857204,2076.0,0.5973025048169557,0.0,0.17052023121387283,0.891708026850511
large_long,nomotor_xlink,r0003,7.7,pulse_07,6.703935934489403,1.890133014877351,0.0020900449582530456,-0.0020900449582530456,1.0,0.4111111111111111,0.05091283793979479,0.01968315972222222,0.006957414645295608,2076.0,0.5973025048169556,0.0,0.1724470134874759,0.892075546998652
large_long,nomotor_xlink,r0003,7.75,pulse_07,6.696219267822736,1.8840098212212553,0.0002720937700704991,-0.0002720937700704991,1.0,0.4102920723226704,0.0648595105890772,0.0193359375,0.002091525520323286,2076.0,0.5969141755062681,0.0,0.17357762777242045,0.8922701926210552
large_long,nomotor_xlink,r0003,7.8,pulse_07,6.70230337186898,1.8775838617554113,0.0016738439306358543,0.0016738439306358543,1.0,0.40802213001383125,0.041974728933830655,0.019422743055555556,0.0032710168784233495,2076.0,0.5945945945945947,0.0,0.17567567567567569,0.8935758294593587
large_long,nomotor_xlink,r0003,7.85,pulse_07,6.706262331406551,1.8643837199507152,0.0011713430774883034,-0.0011713430774883034,1.0,0.40668523676880225,0.009907139627846201,0.019118923611111113,0.0051105502383587504,2076.0,0.5949855351976854,0.0,0.17454194792671165,0.8938556763136961
large_long,nomotor_xlink,r0003,7.9,pulse_07,6.69527531340405,1.8469205603252588,0.0034279070505614704,-0.0034279070505614704,1.0,0.403068340306834,0.029519423718223484,0.019487847222222222,0.002880153414368425,2074.0,0.593056894889103,0.0,0.17550626808100286,0.8931750349091306
large_long,nomotor_xlink,r0003,7.95,pulse_07,6.685694889103182,1.8471027994645046,0.0023902442944391624,-0.0023902442944391624,1.0,0.3986013986013986,0.04479092639073454,0.019401041666666667,0.004259795201602652,2074.0,0.593056894889103,0.0,0.17454194792671168,0.8956603384863654
large_long,nomotor_xlink,r0003,8.0,pulse_07,6.680933847637415,1.8213617891156428,0.0015870138219223524,-0.0015870138219223524,1.0,0.4005602240896359,0.05839605763289671,0.019097222222222224,0.008580336782953927,2074.0,0.5916988416988417,0.0,0.17374517374517376,0.8953926167615585
large_long,nomotor_xlink,r0004,0.0,initial,0.5810471615720524,-1.357245177136324,0.1891533270950302,0.1891533270950302,1.0,0.09352517985611511,0.0,0.004557291666666667,0.0025165673046119905,458.0,0.25327510917030566,0.22270742358078607,0.42794759825327516,0.9226334209838665
large_long,nomotor_xlink,r0004,0.05,initial,1.148507142857143,-1.36479487905016,0.18872074579859732,0.18872074579859732,1.0,0.16556291390728478,0.0543223892498034,0.004926215277777778,0.02452777940984426,504.0,0.2777777777777778,0.19841269841269843,0.4007936507936508,0.9334593377910078
large_long,nomotor_xlink,r0004,0.1,initial,1.7133716363636364,-1.2100785006772585,0.13858358250276856,0.13858358250276856,1.0,0.24550898203592814,0.11343719074541445,0.005381944444444444,0.026346218258896863,550.0,0.32363636363636356,0.18545454545454548,0.3818181818181817,0.9389606703372415
large_long,nomotor_xlink,r0004,0.15000000000000002,initial,1.9800086378737543,-1.2067175694967789,0.09342977871305647,0.09342977871305647,1.0,0.2542372881355932,0.08600075664469771,0.005967881944444444,0.0561963707582808,602.0,0.3289036544850499,0.17607973421926912,0.3621262458471761,0.9371565095592365
large_long,nomotor_xlink,r0004,0.2,initial,2.2739503086419752,-1.5472567252269434,0.08679665559246948,0.08679665559246948,1.0,0.32,0.17771879279681368,0.0064670138888888885,0.058405321062307745,648.0,0.34259259259259256,0.16666666666666669,0.34876543209876554,0.9411137748543064
large_long,nomotor_xlink,r0004,0.25,initial,2.500788571428571,-1.5571494958706253,0.07419397078189305,0.07419397078189305,1.0,0.3581395348837209,0.1459633764686661,0.0069010416666666664,0.022157417466862506,700.0,0.34857142857142853,0.16285714285714284,0.3342857142857142,0.940318379768326
large_long,nomotor_xlink,r0004,0.30000000000000004,initial,2.7191141333333335,-1.6802012300281184,0.09695980385206197,0.09695980385206197,1.0,0.3568281938325991,0.06356291471515337,0.007378472222222222,0.023631756476379717,750.0,0.3626666666666666,0.14666666666666667,0.32533333333333325,0.9494015245251967
large_long,nomotor_xlink,r0004,0.35000000000000003,initial,3.082547394540943,-1.6989400347289036,0.0894988035171862,0.0894988035171862,1.0,0.3795918367346939,0.05876330472908526,0.007834201388888889,0.012318012280846502,806.0,0.3821339950372209,0.13647642679900746,0.30521091811414397,0.9497618683507459
large_long,nomotor_xlink,r0004,0.4,initial,3.2561069544364507,-1.7541093037131974,0.04376911641371876,0.04376911641371876,1.0,0.42063492063492064,0.016563855414016684,0.00798611111111111,0.03355522573659908,834.0,0.38609112709832133,0.12949640287769784,0.2997601918465228,0.9442245912214376
large_long,nomotor_xlink,r0004,0.45,initial,3.3451620930232555,-1.9002713891484981,0.02690576057011529,0.02690576057011529,1.0,0.4461538461538462,0.08017959523904196,0.008289930555555556,0.007085232694998315,860.0,0.38837209302325587,0.12093023255813955,0.29767441860465127,0.9435995343226561
large_long,nomotor_xlink,r0004,0.5,initial,3.4175415178571424,-1.7115979075432075,0.03610873948187909,0.03610873948187909,1.0,0.417910447761194,0.04162751207700503,0.008745659722222222,0.03529449735503879,896.0,0.3883928571428571,0.11830357142857142,0.2946428571428571,0.9419125348425921
large_long,nomotor_xlink,r0004,0.55,initial,3.56181452991453,-1.6885044050182654,0.061523607037669605,0.061523607037669605,1.0,0.45,0.11433241967147867,0.00896267361111111,0.00974917336491432,936.0,0.39316239316239315,0.11538461538461538,0.2905982905982906,0.9412756470150963
large_long,nomotor_xlink,r0004,0.6000000000000001,initial,3.78668316008316,-1.7700929477326934,0.04615150788687372,0.04615150788687372,1.0,0.47183098591549294,0.05559684949136096,0.009440104166666666,0.019247423091605098,962.0,0.4033264033264031,0.10602910602910602,0.28274428274428265,0.9430318087916646
large_long,nomotor_xlink,r0004,0.65,initial,3.8387235772357724,-1.803988943567896,0.04034744602902496,0.04034744602902496,1.0,0.4791666666666667,0.099991261477183,0.009461805555555555,0.004353684452161814,984.0,0.4044715447154471,0.10365853658536583,0.28048780487804875,0.9389776557456517
large_long,nomotor_xlink,r0004,0.7000000000000001,initial,4.02876783625731,-1.7439708410197226,0.046039410167524254,0.046039410167524254,1.0,0.5149501661129569,0.0074143609551706536,0.010047743055555556,0.011853711415029111,1026.0,0.41130604288499034,0.09746588693957114,0.2768031189083821,0.9421307043395146
large_long,nomotor_xlink,r0004,0.75,initial,4.114960038240918,-1.7328666750777213,0.027406421797314746,0.027406421797314746,1.0,0.5015974440894568,0.08176508683062149,0.010112847222222223,0.007414521238910769,1046.0,0.425287356321839,0.09770114942528736,0.2777777777777778,0.9454710874422687
large_long,nomotor_xlink,r0004,0.8,initial,4.193206367041198,-1.699483713586258,0.05042428198141202,0.05042428198141202,1.0,0.5,0.100122976268718,0.010134548611111112,0.0025075296272492054,1068.0,0.42669172932330823,0.09586466165413533,0.2781954887218045,0.9434061577746721
large_long,nomotor_xlink,r0004,0.8500000000000001,initial,4.41750573012939,-1.717821497314226,0.050454980113655644,0.050454980113655644,1.0,0.513677811550152,0.08249210566546748,0.010525173611111112,0.0005972730887852477,1082.0,0.43992606284658037,0.08502772643253234,0.2643253234750462,0.9398456843135925
large_long,nomotor_xlink,r0004,0.9,initial,4.495936247723132,-1.7030673521189694,0.028568321372266503,0.028568321372266503,1.0,0.536144578313253,0.10625279865481123,0.010546875,0.006719220502335162,1098.0,0.44444444444444436,0.08378870673952642,0.2604735883424408,0.938396346653492
large_long,nomotor_xlink,r0004,0.9500000000000001,initial,4.588915658362989,-1.758136820328237,0.02223255520403944,0.02223255520403944,1.0,0.5730994152046783,0.13204908701019466,0.011046006944444445,0.01819751924861664,1124.0,0.4519572953736655,0.0800711743772242,0.2544483985765124,0.9367352424451173
large_long,nomotor_xlink,r0004,1.0,initial,4.629331578947369,-1.8122524676106693,0.013471973528126568,0.013471973528126568,1.0,0.5780346820809249,0.08734752703556575,0.010980902777777777,0.01803854909414408,1140.0,0.4526315789473684,0.07894736842105263,0.25438596491228066,0.9364666759030742
large_long,nomotor_xlink,r0004,1.05,pulse_01,5.058428639240507,-1.954394392523557,0.02113812496274085,0.02113812496274085,1.0,0.6377171215880894,0.08946226830318847,0.012326388888888888,0.003407105716035863,1264.0,0.4984177215189873,0.06962025316455696,0.2389240506329114,0.9346882788933967
large_long,nomotor_xlink,r0004,1.1,pulse_01,5.121843014128729,-1.9441730753754494,0.015059512507534567,0.015059512507534567,1.0,0.6479217603911981,0.08856982427447464,0.012369791666666666,0.01641123967720115,1274.0,0.5023547880690737,0.07221350078492934,0.23547880690737827,0.9350120903087666
large_long,nomotor_xlink,r0004,1.15,pulse_01,5.148785714285714,-2.052861830586764,0.009357671513524549,0.009357671513524549,1.0,0.6528117359413202,0.012913148229156797,0.01252170138888889,0.009923382116856764,1288.0,0.501552795031056,0.06987577639751551,0.23757763975155283,0.9339881632325437
large_long,nomotor_xlink,r0004,1.2,pulse_01,5.177989043209877,-2.00371336807659,0.025474723017095968,0.025474723017095968,1.0,0.6682926829268293,0.029226283474654235,0.012586805555555556,0.01187687312464177,1296.0,0.5038639876352395,0.06800618238021638,0.2364760432766615,0.9282997923847014
large_long,nomotor_xlink,r0004,1.25,pulse_01,5.30163405238829,-1.9816005918389132,0.030719455311018606,0.030719455311018606,1.0,0.5656324582338902,0.06650550518646046,0.01228298611111111,0.01190469726009539,1298.0,0.5023255813953489,0.06511627906976744,0.23100775193798445,0.9321296556404958
large_long,nomotor_xlink,r0004,1.3,pulse_01,5.362305775075988,-1.9322851845160176,0.018872360583960617,0.018872360583960617,1.0,0.5801886792452831,0.042757008502802674,0.012413194444444444,0.012855982877735631,1316.0,0.5091463414634146,0.06402439024390245,0.2286585365853659,0.9306868690298834
large_long,nomotor_xlink,r0004,1.35,pulse_01,5.414868215892054,-1.9044646945724995,0.022780540949254153,0.022780540949254153,1.0,0.5871559633027523,0.04442616298997954,0.012673611111111111,0.0056439362272012366,1334.0,0.518018018018018,0.06306306306306306,0.2252252252252252,0.9280738542830295
large_long,nomotor_xlink,r0004,1.4,pulse_01,5.498989020771513,-1.8984215671528102,0.020866628726752563,0.020866628726752563,1.0,0.5954545454545455,0.032605932381548304,0.013194444444444444,0.012505982103930799,1348.0,0.5200594353640418,0.06092124814264486,0.2228826151560178,0.9263917403457727
large_long,nomotor_xlink,r0004,1.45,pulse_01,5.540067988252569,-1.8294288019489147,0.011300497507073478,0.011300497507073478,1.0,0.600896860986547,0.04572560838444677,0.012934027777777777,0.0001625685801276792,1362.0,0.523529411764706,0.06029411764705881,0.2191176470588235,0.9257645663891967
large_long,nomotor_xlink,r0004,1.5,pulse_01,5.566792005813954,-1.8993969786335763,0.00985125267836621,0.00985125267836621,1.0,0.6124721603563474,0.03757796430489484,0.013129340277777778,0.019395441975231614,1376.0,0.5218023255813954,0.058139534883720936,0.2194767441860465,0.9271960203444012
large_long,nomotor_xlink,r0004,1.55,pulse_01,5.5991755043227665,-1.9458014538003043,0.010545180719133462,0.010545180719133462,1.0,0.6097560975609756,0.058669284658221826,0.013368055555555555,0.005149249434965346,1388.0,0.5223665223665224,0.05627705627705628,0.21933621933621933,0.92815897720083
large_long,nomotor_xlink,r0004,1.6,pulse_01,5.630063090128755,-1.9302924752433683,0.007562178529301485,0.007562178529301485,1.0,0.6158940397350994,0.07293059581869676,0.013346354166666666,0.004653609395222229,1398.0,0.5229226361031519,0.055873925501432664,0.21489971346704878,0.9266711087928919
large_long,nomotor_xlink,r0004,1.65,pulse_01,5.644548575498575,-1.9737231101716377,0.020621580216636144,0.020621580216636144,1.0,0.6167400881057269,0.01488488207349132,0.013302951388888888,0.000651648434068249,1404.0,0.5227920227920227,0.05413105413105414,0.2165242165242165,0.9248786395090403
large_long,nomotor_xlink,r0004,1.7000000000000002,pulse_01,5.753792571428572,-1.9263825846389588,0.024365061477769512,0.024365061477769512,1.0,0.6319290465631929,0.07076923004880101,0.013606770833333334,0.007446622158609843,1400.0,0.5264663805436338,0.04864091559370529,0.20743919885550785,0.9227307799182574
large_long,nomotor_xlink,r0004,1.75,pulse_01,5.790738944365192,-1.9290433772199786,0.007299578540946872,0.007299578540946872,1.0,0.64,0.06575922745251936,0.01349826388888889,0.0015268511093022852,1402.0,0.5263908701854494,0.04707560627674751,0.2039942938659059,0.9237724574398519
large_long,nomotor_xlink,r0004,1.8,pulse_01,5.797590042674253,-1.9355436912947726,0.0095095149381903,0.0095095149381903,1.0,0.6460176991150443,0.04341829138762787,0.013585069444444445,0.009027526983976094,1406.0,0.5291607396870555,0.045519203413940265,0.20341394025604553,0.9197937720754175
large_long,nomotor_xlink,r0004,1.85,pulse_01,5.847796033994334,-1.874878215316122,0.007466565657577491,0.007466565657577491,1.0,0.6475770925110133,0.09360451841753147,0.013671875,0.014201436290601333,1412.0,0.5304964539007092,0.04397163120567375,0.20709219858156022,0.9194112616345533
large_long,nomotor_xlink,r0004,1.9,pulse_01,5.842389436619718,-1.8503350735511646,0.0040757661902849724,0.0040757661902849724,1.0,0.6470588235294118,0.08065738201780857,0.013541666666666667,0.001375196656064596,1420.0,0.5338028169014086,0.04366197183098591,0.20422535211267606,0.9191188093958209
large_long,nomotor_xlink,r0004,1.9500000000000002,pulse_01,5.872250631136044,-1.8666270353797345,0.010426713878039617,0.010426713878039617,1.0,0.6521739130434783,0.049889456824410844,0.013628472222222222,0.004408810431893673,1426.0,0.5357643758765779,0.043478260869565216,0.20336605890603088,0.9189793151414887
large_long,nomotor_xlink,r0004,2.0,pulse_01,5.904949719887956,-1.8767879361425266,0.010899696250637211,0.010899696250637211,1.0,0.6594827586206896,0.06643769754145783,0.013736979166666666,0.003386966920930693,1428.0,0.5392156862745099,0.04201680672268909,0.20028011204481797,0.9158292432743541
large_long,nomotor_xlink,r0004,2.05,pulse_02,6.259343096774194,-1.7661488644418246,0.0032068387096776028,-0.0032068387096776028,1.0,0.7034220532319392,0.030117914397653538,0.014670138888888889,0.0028933086559512766,1550.0,0.5775193798449612,0.03746770025839793,0.18217054263565888,0.9136262670135304
large_long,nomotor_xlink,r0004,2.1,pulse_02,6.2497225806451615,-1.7574689384739708,0.0003451026923399307,-0.0003451026923399307,1.0,0.7028571428571428,0.08289854824546057,0.014800347222222222,0.001532964167019572,1550.0,0.5754838709677421,0.03741935483870968,0.1819354838709677,0.9127246813402085
large_long,nomotor_xlink,r0004,2.15,pulse_02,6.257272480620155,-1.7569510794397072,0.00795812588036767,0.00795812588036767,1.0,0.6984732824427481,0.06330738562659001,0.01506076388888889,0.0027653890038849363,1548.0,0.574385510996119,0.03751617076326003,0.17981888745148775,0.9141942140523884
large_long,nomotor_xlink,r0004,2.2,pulse_02,6.2974713359273675,-1.7408766044506612,0.007680106043826888,0.007680106043826888,1.0,0.7142857142857143,0.08165561284546798,0.014800347222222222,0.0036906398007950925,1542.0,0.5753246753246752,0.032467532467532464,0.17922077922077922,0.9085130678251937
large_long,nomotor_xlink,r0004,2.25,pulse_02,6.303353116883116,-1.7348072406349366,0.006680428387105586,0.006680428387105586,1.0,0.7017208413001912,0.09457837065781957,0.014713541666666666,0.0005450434457661876,1540.0,0.577922077922078,0.03116883116883117,0.17662337662337663,0.9101809276459202
large_long,nomotor_xlink,r0004,2.3,pulse_02,6.337553906250001,-1.7441468651252583,0.0059653442347584,0.0059653442347584,1.0,0.7263969171483622,0.041865621180395704,0.014887152777777777,0.0006524529902836029,1536.0,0.5788787483702738,0.028683181225554105,0.1760104302477184,0.9117587403459385
large_long,nomotor_xlink,r0004,2.35,pulse_02,6.3391451822916665,-1.7387219585766382,0.003988563368055716,-0.003988563368055716,1.0,0.7242718446601941,0.03606141692057404,0.01482204861111111,0.0014412306435931759,1536.0,0.5768229166666667,0.02734375,0.17708333333333331,0.9106108341959911
large_long,nomotor_xlink,r0004,2.4,pulse_02,6.313622526041667,-1.7527942489868173,0.0033467741889848432,-0.0033467741889848432,1.0,0.7137330754352031,0.0775105408098055,0.014539930555555556,0.0046218073706661604,1536.0,0.5768229166666667,0.028645833333333325,0.17447916666666663,0.9081705959504353
large_long,nomotor_xlink,r0004,2.45,pulse_02,6.319064537157757,-1.7664528028006352,0.002477678720981776,-0.002477678720981776,1.0,0.7137330754352031,0.08619516713529606,0.014691840277777778,0.0013036311522095871,1534.0,0.5775749674054759,0.027379400260756193,0.17340286831812254,0.9072887901919184
large_long,nomotor_xlink,r0004,2.5,pulse_02,6.298756453715776,-1.7606160359000749,0.0017851034514452617,-0.0017851034514452617,1.0,0.7253384912959381,0.07548204957265787,0.014800347222222222,0.0002966592518922247,1534.0,0.5762711864406779,0.027379400260756186,0.17601043024771837,0.9089037983988901
large_long,nomotor_xlink,r0004,2.55,pulse_02,6.308353916449086,-1.7646728472892819,0.003451092136695255,0.003451092136695255,1.0,0.7398058252427184,0.04701085326874825,0.014583333333333334,0.0032181673160439996,1532.0,0.5725490196078431,0.026143790849673203,0.17516339869281047,0.9104932368028348
large_long,nomotor_xlink,r0004,2.6,pulse_02,6.319463006535948,-1.7799250397963389,0.0007151097857187594,0.0007151097857187594,1.0,0.6815533980582524,0.03984926303815617,0.01447482638888889,0.00044104124616994866,1530.0,0.5714285714285714,0.02490170380078637,0.17562254259501967,0.909469583363305
large_long,nomotor_xlink,r0004,2.65,pulse_02,6.312644575163398,-1.7620265998122622,0.0015768025755969657,0.0015768025755969657,1.0,0.6737864077669903,0.056210277119512556,0.014713541666666666,0.0009510812191773818,1530.0,0.5738562091503268,0.026143790849673203,0.17516339869281042,0.9090024753104615
large_long,nomotor_xlink,r0004,2.7,pulse_02,6.328923821989529,-1.7856315271114032,0.003314720216322916,0.003314720216322916,1.0,0.6803118908382066,0.05655383354718969,0.014366319444444444,0.007277121572598448,1528.0,0.5729303547963205,0.026281208935611033,0.1760840998685939,0.9091972710757789
large_long,nomotor_xlink,r0004,2.75,pulse_02,6.332532896461336,-1.8056893292478529,0.0004386361245107828,-0.0004386361245107828,1.0,0.6953125,0.09357966010315415,0.014887152777777777,0.007225752377362338,1526.0,0.5748031496062992,0.026246719160104987,0.17454068241469814,0.9083656494297876
large_long,nomotor_xlink,r0004,2.8,pulse_02,6.326292005242465,-1.8289860413755772,0.003409543503163063,0.003409543503163063,1.0,0.69140625,0.06853195880227894,0.014583333333333334,0.004893249843080964,1526.0,0.5736842105263159,0.02631578947368421,0.17499999999999996,0.9087294147468161
large_long,nomotor_xlink,r0004,2.85,pulse_02,6.352990157480314,-1.8350488283063386,0.0045179553817239855,0.0045179553817239855,1.0,0.69921875,0.049927110705274974,0.014496527777777778,0.0014463479545621476,1524.0,0.5744400527009221,0.02371541501976284,0.17523056653491434,0.9101247616833222
large_long,nomotor_xlink,r0004,2.9,pulse_02,6.353399737532809,-1.83766412910295,0.0029462676129301535,0.0029462676129301535,1.0,0.6881091617933723,0.07253274386764946,0.014518229166666667,0.0006138654230887219,1524.0,0.5781865965834427,0.022339027595269376,0.17345597897503282,0.9053296344874531
large_long,nomotor_xlink,r0004,2.95,pulse_02,6.370667763157895,-1.838732020844871,0.004831203164821811,0.004831203164821811,1.0,0.6929133858267716,0.052745351587336724,0.014518229166666667,0.00011283491114943978,1520.0,0.5797101449275363,0.022397891963109356,0.17786561264822134,0.9047341653152773
large_long,nomotor_xlink,r0004,3.0,pulse_02,6.3823869565217395,-1.8369871196360534,0.0039063977879481016,0.0039063977879481016,1.0,0.7025440313111546,0.05419073825405861,0.014518229166666667,0.0005816337362725132,1518.0,0.5783926218708829,0.021080368906455867,0.17523056653491437,0.9065269012416712
large_long,nomotor_xlink,r0004,3.05,pulse_03,6.614661414392059,-1.7860584583220502,0.0016073132150694984,0.0016073132150694984,1.0,0.6794171220400729,0.023387268358660594,0.015603298611111111,0.0027376199809752886,1612.0,0.6054590570719601,0.018610421836228287,0.16129032258064518,0.8997156525083492
large_long,nomotor_xlink,r0004,3.1,pulse_03,6.619483354037268,-1.7778455983791244,0.0027643351108917655,-0.0027643351108917655,1.0,0.676950998185118,0.061290360899777935,0.015277777777777777,0.004749528109985486,1610.0,0.5999999999999999,0.017391304347826087,0.16149068322981366,0.9000803534010656
large_long,nomotor_xlink,r0004,3.15,pulse_03,6.598075403726709,-1.7575612896621373,0.008131304347826015,-0.008131304347826015,1.0,0.6709323583180987,0.06736408784229693,0.015364583333333333,0.00804304038789864,1610.0,0.6,0.017391304347826087,0.16273291925465838,0.9019229235577396
large_long,nomotor_xlink,r0004,3.2,pulse_03,6.570695527950312,-1.7295873560517325,0.0029237405879506775,-0.0029237405879506775,1.0,0.6721311475409836,0.08859503096114058,0.01521267361111111,0.004722864306430874,1610.0,0.5975155279503106,0.018633540372670804,0.16149068322981366,0.9047427082271088
large_long,nomotor_xlink,r0004,3.25,pulse_03,6.580532960199005,-1.729224103823552,0.00519456020255286,0.00519456020255286,1.0,0.6721311475409836,0.04656814301184771,0.015321180555555555,0.0001363228233947078,1608.0,0.599502487562189,0.017412935323383085,0.16044776119402987,0.9032334256469523
large_long,nomotor_xlink,r0004,3.3,pulse_03,6.601862889165629,-1.7287694191113643,0.006799833308489027,0.006799833308489027,1.0,0.6795580110497238,0.0830697989390556,0.015277777777777777,0.0012528215581979845,1606.0,0.6004993757802748,0.016229712858926344,0.16104868913857678,0.9021176188422937
large_long,nomotor_xlink,r0004,3.35,pulse_03,6.621331960049939,-1.73674103317274,0.003217539305728471,0.003217539305728471,1.0,0.6807339449541284,0.03680634931001613,0.015104166666666667,0.003971145657905573,1602.0,0.5992509363295879,0.0149812734082397,0.16104868913857678,0.901366334917035
large_long,nomotor_xlink,r0004,3.4,pulse_03,6.621168125,-1.7525962930587977,0.0027543433333643286,0.0027543433333643286,1.0,0.6826568265682657,0.06177881719564577,0.015104166666666667,0.0009318313951008905,1600.0,0.5982478097622026,0.01376720901126408,0.16020025031289112,0.9006393560130069
large_long,nomotor_xlink,r0004,3.45,pulse_03,6.637858020050125,-1.7311500448021346,0.0010553751566417802,0.0010553751566417802,1.0,0.6857670979667283,0.049674426069249315,0.015104166666666667,0.001406830641384767,1596.0,0.5984943538268505,0.011292346298619825,0.15934755332496858,0.8986322525498314
large_long,nomotor_xlink,r0004,3.5,pulse_03,6.62750037593985,-1.7441553092104891,0.004266081871344844,-0.004266081871344844,1.0,0.6888888888888889,0.07323382331431261,0.01545138888888889,0.0035812033153644527,1596.0,0.5977443609022556,0.011278195488721804,0.16040100250626568,0.897338178951214
large_long,nomotor_xlink,r0004,3.55,pulse_03,6.612261528822056,-1.7526372646943214,0.0034643065998330633,-0.0034643065998330633,1.0,0.6752767527675276,0.04984771186268782,0.015190972222222222,0.003418875740166971,1596.0,0.5997490589711415,0.011292346298619825,0.16060225846925968,0.8975448936752756
large_long,nomotor_xlink,r0004,3.6,pulse_03,6.606714536340852,-1.764668563651491,0.003729177109440318,-0.003729177109440318,1.0,0.678373382624769,0.07011142059495139,0.015125868055555556,0.00578366185082535,1596.0,0.5977443609022556,0.011278195488721806,0.16040100250626566,0.8984340717974673
large_long,nomotor_xlink,r0004,3.65,pulse_03,6.589886466165414,-1.7873392357992735,0.002185881527323167,-0.002185881527323167,1.0,0.6771799628942486,0.10510988749878566,0.015407986111111112,0.0005362841370033881,1596.0,0.5959849435382683,0.012547051442910916,0.16311166875784186,0.89822853263107
large_long,nomotor_xlink,r0004,3.7,pulse_03,6.593599247176913,-1.7614508588294706,0.0035776953375904106,0.0035776953375904106,1.0,0.6808905380333952,0.09061259398913556,0.0150390625,0.002116250061366287,1594.0,0.5959849435382684,0.012547051442910916,0.16311166875784186,0.8972077762256225
large_long,nomotor_xlink,r0004,3.75,pulse_03,6.611352638190956,-1.7746417354310757,0.01042617500871786,0.01042617500871786,1.0,0.6417910447761194,0.08020742360699716,0.014930555555555556,0.006265053166151446,1592.0,0.592171717171717,0.012626262626262628,0.16035353535353533,0.8964971129478466
large_long,nomotor_xlink,r0004,3.8,pulse_03,6.65615629722922,-1.7990411778263793,0.0073243084123387385,0.0073243084123387385,1.0,0.6370370370370371,0.07288167753498383,0.015125868055555556,0.0050945394558203905,1588.0,0.596977329974811,0.010075566750629723,0.1574307304785894,0.8969175805610925
large_long,nomotor_xlink,r0004,3.85,pulse_03,6.655298488664989,-1.805208972165998,0.004607136488732788,0.004607136488732788,1.0,0.6350093109869647,0.04286889835687171,0.014735243055555555,0.00021967743680732324,1588.0,0.5994962216624684,0.011335012594458438,0.15869017632241816,0.8927834203723024
large_long,nomotor_xlink,r0004,3.9,pulse_03,6.683799116161617,-1.7977231132055354,0.0040323225962393865,0.0040323225962393865,1.0,0.6417910447761194,0.06906411452523252,0.015299479166666666,0.0009589125806472865,1584.0,0.601010101010101,0.008838383838383838,0.15782828282828282,0.8958350709920823
large_long,nomotor_xlink,r0004,3.95,pulse_03,6.679492424242425,-1.8109624476498818,0.004319549663299653,-0.004319549663299653,1.0,0.6380597014925373,0.06546023033219328,0.015321180555555555,0.0038882943110789547,1584.0,0.5997474747474748,0.008838383838383838,0.15782828282828282,0.8938434403122957
large_long,nomotor_xlink,r0004,4.0,pulse_03,6.657881818181819,-1.821052879072009,0.007203535353535351,-0.007203535353535351,1.0,0.6322701688555347,0.09679906695138307,0.015125868055555556,0.003363477140709096,1584.0,0.5979772439949429,0.01011378002528445,0.15802781289506948,0.8979370414497454
large_long,nomotor_xlink,r0004,4.05,pulse_04,6.89765625,-1.6933818103202727,0.005010490456513435,0.005010490456513435,1.0,0.6621160409556314,0.0675564469639438,0.016167534722222224,0.01152761112702727,1696.0,0.6233766233766233,0.009445100354191265,0.14876033057851243,0.8915945343777482
large_long,nomotor_xlink,r0004,4.1,pulse_04,6.91268772136954,-1.6587989769391909,0.0012321440869736595,0.0012321440869736595,1.0,0.6740994854202401,0.06514107992475907,0.01623263888888889,0.002033361940902978,1694.0,0.6233766233766234,0.009445100354191263,0.1487603305785124,0.8926661831383094
large_long,nomotor_xlink,r0004,4.15,pulse_04,6.905049114521842,-1.6811816386748548,0.005572215663124751,-0.005572215663124751,1.0,0.6615384615384615,0.04608952925311919,0.015863715277777777,0.008079367690923508,1694.0,0.6221959858323496,0.009445100354191263,0.1475796930342385,0.8900565182496053
large_long,nomotor_xlink,r0004,4.2,pulse_04,6.879254427390792,-1.707275183084732,0.00469519874065331,-0.00469519874065331,1.0,0.6706689536878216,0.11241525503794828,0.015863715277777777,0.005985946898447632,1694.0,0.6205673758865249,0.010638297872340427,0.14893617021276592,0.8920577321989938
large_long,nomotor_xlink,r0004,4.25,pulse_04,6.876877922077922,-1.7170973200655406,0.0033774695001969057,-0.0033774695001969057,1.0,0.6672384219554031,0.09558692018845531,0.015690104166666666,0.002929553376354107,1694.0,0.6210153482880757,0.01062573789846517,0.1499409681227863,0.8922959637443236
large_long,nomotor_xlink,r0004,4.3,pulse_04,6.85898961038961,-1.6896978628266073,0.00034415328564252334,-0.00034415328564252334,1.0,0.6769759450171822,0.06116335331491203,0.016145833333333335,0.0033313518547866128,1694.0,0.615839243498818,0.010638297872340427,0.15130023640661944,0.8922535171475234
large_long,nomotor_xlink,r0004,4.35,pulse_04,6.874813002364067,-1.697109208936821,2.251977730708769e-05,-2.251977730708769e-05,1.0,0.6672384219554031,0.07172980774242103,0.01640625,0.006129527888541486,1692.0,0.619385342789598,0.009456264775413711,0.14893617021276592,0.8940677783728405
large_long,nomotor_xlink,r0004,4.4,pulse_04,6.858854491725768,-1.6529206954953584,0.0036499681706388585,0.0036499681706388585,1.0,0.6643835616438356,0.09167192307927845,0.01642795138888889,0.01237710784274119,1692.0,0.6170212765957447,0.010638297872340427,0.1513002364066194,0.894850020181676
large_long,nomotor_xlink,r0004,4.45,pulse_04,6.8967128113879,-1.6228465618803738,0.010076309969695885,0.010076309969695885,1.0,0.6660929432013769,0.08514321886330854,0.016080729166666665,0.006033797917710378,1686.0,0.6168446026097273,0.005931198102016607,0.1470937129300119,0.892738683052852
large_long,nomotor_xlink,r0004,4.5,pulse_04,6.919312351543943,-1.616717907989096,0.0015237950933073563,0.0015237950933073563,1.0,0.6718480138169257,0.10051624741918196,0.01577690972222222,0.0023525276858333464,1684.0,0.6183115338882283,0.004756242568370987,0.14506539833531512,0.8926478540139963
large_long,nomotor_xlink,r0004,4.55,pulse_04,6.905855581947744,-1.6087313957653737,0.0014464749012175204,0.0014464749012175204,1.0,0.6413793103448275,0.06628025182189792,0.015950520833333332,0.0030233870256295057,1684.0,0.6187648456057007,0.004750593824228029,0.14726840855106887,0.8923096033340226
large_long,nomotor_xlink,r0004,4.6,pulse_04,6.927991200951248,-1.6348582301428731,0.0020662615104929394,0.0020662615104929394,1.0,0.6192109777015438,0.09067997739483886,0.016145833333333335,0.0004909333885239434,1682.0,0.6166666666666668,0.0035714285714285713,0.15,0.8908880874033854
large_long,nomotor_xlink,r0004,4.65,pulse_04,6.918253151010702,-1.6116769960965174,0.004011632976615036,-0.004011632976615036,1.0,0.6172413793103448,0.0726627821034236,0.015733506944444444,0.0013380006077367002,1682.0,0.6142857142857144,0.0047619047619047615,0.15,0.8907711033173529
large_long,nomotor_xlink,r0004,4.7,pulse_04,6.903921403091558,-1.626830226496453,0.00754159730479594,-0.00754159730479594,1.0,0.6193771626297578,0.08895427333005655,0.016059027777777776,0.0036048302053210968,1682.0,0.6147443519619501,0.0047562425683709865,0.14982164090368605,0.890851517268953
large_long,nomotor_xlink,r0004,4.75,pulse_04,6.873003567181926,-1.633305977328444,0.006931490289338112,-0.006931490289338112,1.0,0.6117850953206239,0.09621476747588087,0.015755208333333333,0.000274112704915989,1682.0,0.6142857142857143,0.005952380952380952,0.15,0.8918186484615005
large_long,nomotor_xlink,r0004,4.8,pulse_04,6.862332461355529,-1.6284749027259489,0.0035389477049241336,-0.0035389477049241336,1.0,0.6089965397923875,0.10837897015740365,0.015733506944444444,0.0011991697755700341,1682.0,0.6147443519619502,0.005945303210463734,0.15101070154577886,0.8946640183491856
large_long,nomotor_xlink,r0004,4.85,pulse_04,6.851769880952381,-1.6261109586750238,0.0015231284798898532,-0.0015231284798898532,1.0,0.6202090592334495,0.08623683229131611,0.015907118055555555,0.001512642192642799,1680.0,0.6138259833134684,0.007151370679380214,0.1489868891537544,0.893805988127638
large_long,nomotor_xlink,r0004,4.9,pulse_04,6.85319369047619,-1.6375507558818057,0.0011066071428570783,-0.0011066071428570783,1.0,0.6188811188811189,0.10326438018805531,0.01597222222222222,0.004763596937293076,1680.0,0.6166666666666666,0.007142857142857143,0.15119047619047618,0.8918952629609534
large_long,nomotor_xlink,r0004,4.95,pulse_04,6.845130238095239,-1.6546925402987822,0.00013464316457619438,0.00013464316457619438,1.0,0.6180555555555556,0.06899662741014106,0.015668402777777778,0.0013585740185755313,1680.0,0.611904761904762,0.005952380952380952,0.15238095238095237,0.8931316803823454
large_long,nomotor_xlink,r0004,5.0,pulse_04,6.854001549463647,-1.6293993117703525,0.0029571037894694876,0.0029571037894694876,1.0,0.6153846153846154,0.06093035512837334,0.015885416666666666,0.008431076176143248,1678.0,0.6105137395459977,0.005973715651135006,0.14934289127837513,0.8935072717555049
large_long,nomotor_xlink,r0004,5.05,pulse_05,7.0271799107142865,-1.5760014955564607,0.005163802083333262,-0.005163802083333262,1.0,0.653160453808752,0.05715314712781964,0.017057291666666665,0.005813956020755073,1792.0,0.6328124999999999,0.005580357142857141,0.14285714285714282,0.890949674077622
large_long,nomotor_xlink,r0004,5.1,pulse_05,7.011688504464287,-1.593443363618726,0.0014413072791967056,-0.0014413072791967056,1.0,0.6527331189710611,0.07203859875042375,0.016818576388888888,0.0027882269514618585,1792.0,0.6294642857142858,0.0033482142857142855,0.14508928571428573,0.8880878557861158
large_long,nomotor_xlink,r0004,5.15,pulse_05,7.018532067039106,-1.592730857265232,0.0019361441105381811,0.0019361441105381811,1.0,0.6580645161290323,0.04459497907793963,0.016666666666666666,0.0029889849528348758,1790.0,0.6319910514541387,0.0033557046979865767,0.14317673378076062,0.8891617589690145
large_long,nomotor_xlink,r0004,5.2,pulse_05,7.023305369127516,-1.5755094539017167,0.0007350238502910796,-0.0007350238502910796,1.0,0.656957928802589,0.072177723625878,0.016644965277777778,0.0025004789929757854,1788.0,0.6308724832214766,0.0022371364653243847,0.14541387024608501,0.8877648906537372
large_long,nomotor_xlink,r0004,5.25,pulse_05,7.01412192393736,-1.5777279833073772,0.001377609992542735,-0.001377609992542735,1.0,0.654281098546042,0.06335817327399082,0.016840277777777777,0.0004149000977184218,1788.0,0.6319910514541387,0.0044742729306487695,0.14317673378076062,0.8865208326802773
large_long,nomotor_xlink,r0004,5.3,pulse_05,7.015039709172259,-1.5730200533154062,0.0018843400447425829,-0.0018843400447425829,1.0,0.6525974025974026,0.050105098451491144,0.017122395833333335,0.0018576788102988573,1788.0,0.628219484882419,0.00335946248600224,0.13997760358342667,0.8878703655100023
large_long,nomotor_xlink,r0004,5.35,pulse_05,7.002815883668904,-1.5888740561691703,0.0037391126025353807,-0.0037391126025353807,1.0,0.6633986928104575,0.04073486636606092,0.01697048611111111,0.006773755394958281,1788.0,0.6259798432250839,0.004479283314669653,0.1422172452407615,0.8878661931216069
large_long,nomotor_xlink,r0004,5.4,pulse_05,6.992605033557047,-1.6136625856851559,0.0017946405592256613,-0.0017946405592256613,1.0,0.6704730831973899,0.029293822395498974,0.016644965277777778,0.0035265267810502174,1788.0,0.6297539149888143,0.0033557046979865767,0.1409395973154362,0.88740192326271
large_long,nomotor_xlink,r0004,5.45,pulse_05,6.99204804031355,-1.6100332168554716,0.0027227687507359968,-0.0027227687507359968,1.0,0.533442088091354,0.019199809770785413,0.01675347222222222,0.0006206577307951525,1786.0,0.6300448430493273,0.0033632286995515697,0.13789237668161433,0.8868476425055448
large_long,nomotor_xlink,r0004,5.5,pulse_05,6.976268421052631,-1.6173865320699268,0.007363381858902655,-0.007363381858902655,1.0,0.5332252836304701,0.04260432057556051,0.016688368055555555,0.002343409825078783,1786.0,0.6282194848824186,0.00335946248600224,0.13997760358342667,0.8884465207524809
large_long,nomotor_xlink,r0004,5.55,pulse_05,6.947867749160134,-1.6240936758059443,0.005154124673385496,-0.005154124673385496,1.0,0.5276872964169381,0.046563511103207736,0.016688368055555555,0.0009071426054155044,1786.0,0.6259798432250839,0.00335946248600224,0.14221724524076151,0.8909755919278634
large_long,nomotor_xlink,r0004,5.6,pulse_05,6.945343673012318,-1.6228293877024198,0.0023951661067561267,-0.0023951661067561267,1.0,0.5180327868852459,0.03257196003497062,0.016666666666666666,0.0019907993290921855,1786.0,0.6273849607182941,0.003367003367003367,0.14141414141414144,0.8908166052263131
large_long,nomotor_xlink,r0004,5.65,pulse_05,6.933496752519598,-1.6121488798313912,0.0026122620380739647,-0.0026122620380739647,1.0,0.5188216039279869,0.028762459846808905,0.017057291666666665,0.003521841355322556,1786.0,0.6259798432250842,0.00335946248600224,0.1433370660694289,0.889223993908973
large_long,nomotor_xlink,r0004,5.7,pulse_05,6.929670100783874,-1.6439604358343551,0.0033571295259428404,-0.0033571295259428404,1.0,0.5211726384364821,0.03933252957699997,0.017035590277777776,0.003568782984577005,1786.0,0.6270996640537514,0.00335946248600224,0.14221724524076146,0.8898584830597633
large_long,nomotor_xlink,r0004,5.75,pulse_05,6.913353975363941,-1.6335615777388532,0.0007540040917817237,-0.0007540040917817237,1.0,0.5317073170731708,0.08021999280947863,0.01694878472222222,0.009086029854957545,1786.0,0.6237402015677491,0.00335946248600224,0.1433370660694289,0.8901903452531702
large_long,nomotor_xlink,r0004,5.8,pulse_05,6.925146076233184,-1.5894442567046099,0.0039049397588343617,0.0039049397588343617,1.0,0.5270935960591133,0.06454427800000248,0.016731770833333333,0.0074126412361581835,1784.0,0.6228956228956231,0.002244668911335578,0.14141414141414146,0.8901644973573972
large_long,nomotor_xlink,r0004,5.85,pulse_05,6.936783613916947,-1.5890857303219041,0.002381940502014087,-0.002381940502014087,1.0,0.5356550580431177,0.05318775634693629,0.016536458333333334,0.00251046211306157,1782.0,0.6251402918069584,0.002244668911335578,0.13692480359147025,0.8881124739817033
large_long,nomotor_xlink,r0004,5.9,pulse_05,6.9108544332210995,-1.6045070293829793,0.0023927422371864773,-0.0023927422371864773,1.0,0.5290215588723052,0.05768461709788169,0.016883680555555555,0.002664013126704797,1782.0,0.6240179573512907,0.002244668911335578,0.13804713804713806,0.88874231367821
large_long,nomotor_xlink,r0004,5.95,pulse_05,6.922427160493828,-1.5731016515616754,0.0030753285455470034,0.0030753285455470034,1.0,0.5341098169717138,0.03076235512641713,0.0166015625,0.01022721880298183,1782.0,0.6262626262626263,0.0011223344556677889,0.1391694725028058,0.8870315440592951
large_long,nomotor_xlink,r0004,6.0,pulse_05,6.9293064044943815,-1.5431437165650883,0.0022930813335178732,0.0022930813335178732,1.0,0.5348837209302325,0.05490678028535522,0.0166015625,0.009985978332195685,1780.0,0.6261261261261264,0.0011261261261261263,0.14076576576576574,0.887416394680576
large_long,nomotor_xlink,r0004,6.05,pulse_06,7.080384574468085,-1.7124992168167237,0.004903049645390271,-0.004903049645390271,1.0,0.567651632970451,0.07035379161818132,0.0177734375,0.01787541899023422,1880.0,0.645744680851064,0.0010638297872340428,0.13297872340425534,0.8835258206493136
large_long,nomotor_xlink,r0004,6.1,pulse_06,7.065675425531914,-1.7661254737874263,0.0031057978723404802,-0.0031057978723404802,1.0,0.5669781931464174,0.04085136573219195,0.0173828125,0.011786791417838375,1880.0,0.6414893617021274,0.0010638297872340426,0.13404255319148936,0.8838759763541646
large_long,nomotor_xlink,r0004,6.15,pulse_06,7.061749787234042,-1.783219965323754,0.00039746453900724177,0.00039746453900724177,1.0,0.5720930232558139,0.0645474649016961,0.0177734375,0.003867991440024069,1880.0,0.6404255319148937,0.0010638297872340426,0.13510638297872338,0.8849359323930396
large_long,nomotor_xlink,r0004,6.2,pulse_06,7.068060212765958,-1.7893334224275708,0.0016857624113475467,-0.0016857624113475467,1.0,0.5618153364632238,0.04860479740078338,0.01755642361111111,0.002895205577977474,1880.0,0.6404255319148938,0.0010638297872340426,0.13404255319148936,0.8842837602881863
large_long,nomotor_xlink,r0004,6.25,pulse_06,7.051635212765957,-1.8005911987916188,0.0038873872536801337,-0.0038873872536801337,1.0,0.5631825273010921,0.04208526577704666,0.017838541666666666,0.0027003943095080065,1880.0,0.6404255319148937,0.0010638297872340426,0.13510638297872343,0.8852929077557901
large_long,nomotor_xlink,r0004,6.3,pulse_06,7.044735889243877,-1.8055357882846188,0.0016993192735593372,-0.0016993192735593372,1.0,0.49919743178170145,0.05229228754156381,0.017816840277777777,0.0014567149683147134,1878.0,0.6421725239616614,0.0,0.13525026624068162,0.8860683067364026
large_long,nomotor_xlink,r0004,6.35,pulse_06,7.041439297124601,-1.809331488601507,0.003565157969471174,-0.003565157969471174,1.0,0.4952076677316294,0.06114184406569695,0.017795138888888888,0.00026661012576785953,1878.0,0.6400425985090523,0.0,0.13525026624068157,0.8845168387685826
large_long,nomotor_xlink,r0004,6.4,pulse_06,7.02334494142705,-1.807135449039226,0.004895580404685962,-0.004895580404685962,1.0,0.4984126984126984,0.058445028123774986,0.017816840277777777,0.0007205184245699195,1878.0,0.6443024494142705,0.0,0.13631522896698617,0.8867205145671583
large_long,nomotor_xlink,r0004,6.45,pulse_06,7.012065814696485,-1.8050083780540875,0.001900585729499286,-0.001900585729499286,1.0,0.4967948717948718,0.0677583496539345,0.017578125,0.00048399638187705357,1878.0,0.6411075612353568,0.0,0.13631522896698614,0.8869976825276948
large_long,nomotor_xlink,r0004,6.5,pulse_06,7.011941427050054,-1.8042314707479636,0.00281434149804749,-0.00281434149804749,1.0,0.49108589951377635,0.059857579193970285,0.017534722222222222,0.0005242991524318693,1878.0,0.641107561235357,0.0,0.13631522896698617,0.8871587205723759
large_long,nomotor_xlink,r0004,6.55,pulse_06,6.9951797657082,-1.8018625831394963,0.00402790202342936,-0.00402790202342936,1.0,0.49114331723027377,0.051202823059248156,0.017447916666666667,0.0006393324617703552,1878.0,0.6371398078975454,0.0,0.1376734258271078,0.8871169537089255
large_long,nomotor_xlink,r0004,6.6,pulse_06,6.987774014909478,-1.8003954759773415,0.0036845757898471554,-0.0036845757898471554,1.0,0.4919093851132686,0.06859417539920659,0.017491319444444445,0.0015275312043095957,1878.0,0.638592750533049,0.0,0.13646055437100216,0.8871817993753567
large_long,nomotor_xlink,r0004,6.65,pulse_06,6.973072310969117,-1.811027770365354,0.0038671991480298353,-0.0038671991480298353,1.0,0.4935483870967742,0.07784702842044076,0.017274305555555557,0.006024953911314006,1878.0,0.6368477103301384,0.0,0.1363152289669861,0.8849064879215547
large_long,nomotor_xlink,r0004,6.7,pulse_06,6.964570820021299,-1.8365451994452255,0.0028249201277956715,-0.0028249201277956715,1.0,0.4935483870967742,0.06390690703954163,0.017621527777777778,0.004885304704200899,1878.0,0.6347177848775292,0.0,0.13631522896698614,0.8855915594048719
large_long,nomotor_xlink,r0004,6.75,pulse_06,6.956122790202343,-1.8403395985905593,0.0026326943556975735,-0.0026326943556975735,1.0,0.4935483870967742,0.08973825161787051,0.01742621527777778,0.0023054624613058814,1878.0,0.6357827476038338,0.0,0.13738019169329072,0.8863387485398164
large_long,nomotor_xlink,r0004,6.8,pulse_06,6.948774653887114,-1.8227124246773903,0.0010722399716011448,-0.0010722399716011448,1.0,0.4837662337662338,0.06658092139932749,0.017513020833333334,0.0058302516160193925,1878.0,0.635782747603834,0.0,0.1363152289669861,0.8872244529804554
large_long,nomotor_xlink,r0004,6.85,pulse_06,6.949689350372736,-1.805358088894443,0.002928470003549825,-0.002928470003549825,1.0,0.47783251231527096,0.06225201520284497,0.01773003472222222,0.002605870227053275,1878.0,0.6321961620469082,0.0,0.1375266524520256,0.8858858702620982
large_long,nomotor_xlink,r0004,6.9,pulse_06,6.931203833865815,-1.8070772033150706,0.006069471068512596,-0.006069471068512596,1.0,0.4828150572831424,0.06864583526179568,0.017621527777777778,0.0007471206091294776,1878.0,0.6347177848775292,0.0,0.13738019169329072,0.8866019194982006
large_long,nomotor_xlink,r0004,6.95,pulse_06,6.913272523961661,-1.800875365239666,0.005769311324103595,-0.005769311324103595,1.0,0.4828150572831424,0.037418574466908085,0.017491319444444445,0.0038898265629607742,1878.0,0.6315228966986155,0.0,0.13738019169329072,0.8860096230355704
large_long,nomotor_xlink,r0004,7.0,pulse_06,6.896587965921193,-1.783738243937306,0.005561519346822585,-0.005561519346822585,1.0,0.4828150572831424,0.08347553647993079,0.01740451388888889,0.0057123737674533714,1878.0,0.6300639658848615,0.0,0.13965884861407252,0.8869721478499955
large_long,nomotor_xlink,r0004,7.05,pulse_07,7.033287362086258,-1.8188397881165455,0.004436208625877273,-0.004436208625877273,1.0,0.513677811550152,0.05892603651148012,0.018489583333333334,0.004888835525679906,1994.0,0.6479438314944834,0.0010030090270812437,0.13440320962888666,0.883998458740097
large_long,nomotor_xlink,r0004,7.1,pulse_07,7.019978736208627,-1.8041732815395057,0.004447007689735975,-0.004447007689735975,1.0,0.5107033639143731,0.07629411620468986,0.018424479166666667,0.004911921419337754,1994.0,0.6388329979879276,0.001006036217303823,0.13380281690140844,0.8874465776537477
large_long,nomotor_xlink,r0004,7.15,pulse_07,7.0066053159478425,-1.789368259600519,0.004007466744275767,-0.004007466744275767,1.0,0.5181818181818182,0.09620596810697286,0.01870659722222222,0.006520605666912038,1994.0,0.6379137412236711,0.0010030090270812437,0.1354062186559679,0.8872432133236899
large_long,nomotor_xlink,r0004,7.2,pulse_07,6.995933935742972,-1.7650496475380335,0.0025701489728816953,-0.0025701489728816953,1.0,0.5046153846153846,0.07871708260512446,0.018098958333333335,0.0022260448702005795,1992.0,0.6335341365461847,0.0,0.13453815261044177,0.8862743468801145
large_long,nomotor_xlink,r0004,7.25,pulse_07,6.991184422110552,-1.8027245288217224,0.0006989671584158863,0.0006989671584158863,1.0,0.4946070878274268,0.06369170843245019,0.018684895833333333,0.01063644261816273,1990.0,0.6358148893360159,0.0,0.1358148893360161,0.887821434404421
large_long,nomotor_xlink,r0004,7.3,pulse_07,7.000127738693467,-1.8288683032470099,0.00020475711892794143,0.00020475711892794143,1.0,0.49613601236476046,0.06900055140674452,0.01840277777777778,0.009493399669059635,1990.0,0.6368209255533198,0.0,0.13480885311871227,0.8860193756984954
large_long,nomotor_xlink,r0004,7.35,pulse_07,6.99241296482412,-1.8596849268360802,0.003042948073701831,-0.003042948073701831,1.0,0.5030864197530864,0.06982608211387759,0.018684895833333333,0.009538290511019695,1990.0,0.6341708542713569,0.0,0.13366834170854275,0.8863560207900901
large_long,nomotor_xlink,r0004,7.4,pulse_07,6.981870050251256,-1.886098046313128,0.002646716917922879,-0.002646716917922879,1.0,0.5015384615384615,0.06995130982174279,0.01870659722222222,0.00304929157766635,1990.0,0.6371859296482411,0.0,0.13366834170854272,0.8839530844314791
large_long,nomotor_xlink,r0004,7.45,pulse_07,6.976532663316583,-1.8779806763020783,0.004059932998324782,-0.004059932998324782,1.0,0.49615975422427033,0.06841398055259802,0.018250868055555557,0.0032969146206279776,1990.0,0.6327967806841046,0.0,0.13480885311871224,0.8848440510811606
large_long,nomotor_xlink,r0004,7.5,pulse_07,6.957510452261308,-1.8663165585893602,0.004921574539363445,-0.004921574539363445,1.0,0.5030674846625767,0.04028416095806262,0.01853298611111111,0.003397291374686732,1990.0,0.628140703517588,0.0010050251256281408,0.135678391959799,0.8858176959545906
large_long,nomotor_xlink,r0004,7.55,pulse_07,6.947003216080402,-1.8983644245501987,0.002381273031825929,-0.002381273031825929,1.0,0.49147286821705427,0.03554690594255215,0.018598090277777778,0.002375042579530362,1990.0,0.6287726358148893,0.001006036217303823,0.1368209255533199,0.8873123266481759
large_long,nomotor_xlink,r0004,7.6,pulse_07,6.943222814070352,-1.852066303112178,0.00023128826560710655,0.00023128826560710655,1.0,0.49147286821705427,0.0857640595294366,0.018511284722222222,0.007589164586567887,1990.0,0.6271356783919597,0.0,0.13668341708542714,0.8870497641534063
large_long,nomotor_xlink,r0004,7.65,pulse_07,6.948390945674045,-1.8528294370307914,0.002059561169361235,0.002059561169361235,1.0,0.4806800618238022,0.08320078910965113,0.018598090277777778,0.003565315809122227,1988.0,0.6317907444668007,0.0,0.1368209255533199,0.8887273706347476
large_long,nomotor_xlink,r0004,7.7,pulse_07,6.955580181086519,-1.8734581979669114,0.002369164989939628,0.002369164989939628,1.0,0.49304482225656876,0.08736459414821181,0.01853298611111111,0.007413205066524912,1988.0,0.6287726358148893,0.0,0.13782696177062373,0.8895735584483009
large_long,nomotor_xlink,r0004,7.75,pulse_07,6.9626059356136825,-1.8973086674299409,0.0025254024144869547,-0.0025254024144869547,1.0,0.4938650306748466,0.0587429276151437,0.01838107638888889,0.0006891154815164743,1988.0,0.6287726358148893,0.0,0.1358148893360161,0.8885838425536636
large_long,nomotor_xlink,r0004,7.8,pulse_07,6.940427766599598,-1.8693235050778125,0.006291063044936281,-0.006291063044936281,1.0,0.48606811145510836,0.05585323364997904,0.01857638888888889,0.007818309511425703,1988.0,0.6270161290322578,0.0,0.13608870967741934,0.8894375402469085
large_long,nomotor_xlink,r0004,7.85,pulse_07,6.924859557344065,-1.8503988103613866,0.00397877263581492,-0.00397877263581492,1.0,0.47384615384615386,0.05968618755091624,0.01857638888888889,0.003598073683044175,1988.0,0.6304128902316216,0.0,0.13695871097683787,0.8897453966485276
large_long,nomotor_xlink,r0004,7.9,pulse_07,6.916555130784708,-1.8477350629795475,0.0017304828973845332,-0.0017304828973845332,1.0,0.4691358024691358,0.04693432674762578,0.018489583333333334,0.00212069147720384,1988.0,0.6296670030272452,0.0,0.13824419778002017,0.890099010171192
large_long,nomotor_xlink,r0004,7.95,pulse_07,6.914476659959758,-1.8376746614981636,0.001372082494969895,-0.001372082494969895,1.0,0.4751552795031056,0.05599228892837363,0.018771701388888888,0.0014225916695220404,1988.0,0.6297786720321932,0.0,0.13883299798792756,0.887607457888651
large_long,nomotor_xlink,r0004,8.0,pulse_07,6.908322635814889,-1.8562706129966797,0.002051341381622921,-0.002051341381622921,1.0,0.48055987558320373,0.09677220137758027,0.018424479166666667,0.006198650499505372,1988.0,0.6266397578203835,0.0010090817356205853,0.14127144298688196,0.889897869489405
large_long,nomotor_xlink,r0005,0.0,initial,-1.566441037735849,2.0452261364079085,0.19492031824943237,0.19492031824943237,1.0,-0.21379310344827587,0.0,0.004253472222222222,0.13201994960498128,424.0,0.21226415094339623,0.3584905660377359,0.6132075471698116,0.9368451541602184
large_long,nomotor_xlink,r0005,0.05,initial,-0.9816800829875519,2.4412859852228523,0.16068401212588404,0.16068401212588404,1.0,-0.21686746987951808,0.08601317599146839,0.004796006944444445,0.08601831691616069,482.0,0.23236514522821575,0.34854771784232363,0.5767634854771783,0.9456341467890474
large_long,nomotor_xlink,r0005,0.1,initial,-0.6023369649805448,1.5291162349109444,0.1178355693868142,0.1178355693868142,1.0,-0.2046783625730994,0.10048248796132221,0.005056423611111111,0.2708635866351989,514.0,0.24902723735408552,0.32295719844357973,0.5564202334630348,0.9457139849128143
large_long,nomotor_xlink,r0005,0.15000000000000002,initial,-0.27466666666666667,0.8161044654116592,0.167670040428753,0.167670040428753,1.0,-0.17391304347826086,0.07221556598993642,0.005338541666666667,0.022099439596815224,552.0,0.26086956521739124,0.3007246376811594,0.5434782608695653,0.9488417455044904
large_long,nomotor_xlink,r0005,0.2,initial,0.40368327759197326,1.396519597330053,0.1493669082125604,0.1493669082125604,1.0,-0.06467661691542288,0.05784607517581935,0.005946180555555555,0.1165271456752579,598.0,0.2943143812709029,0.2709030100334448,0.5117056856187292,0.9540973577902406
large_long,nomotor_xlink,r0005,0.25,initial,0.6215347826086958,1.5152673394632066,0.09030531087752824,0.09030531087752824,1.0,-0.047619047619047616,0.07280579458414685,0.006358506944444444,0.05334897232821271,644.0,0.29503105590062095,0.24844720496894412,0.4968944099378881,0.9506519778727326
large_long,nomotor_xlink,r0005,0.30000000000000004,initial,0.9455151428571428,1.7166134312993293,0.11663557756162347,0.11663557756162347,1.0,0.009009009009009009,0.09629368758888737,0.006857638888888889,0.024305121164521215,700.0,0.30571428571428566,0.2314285714285714,0.4685714285714286,0.9520697256726899
large_long,nomotor_xlink,r0005,0.35000000000000003,initial,1.3213482479784366,1.3694366124760793,0.10664903737191077,0.10664903737191077,1.0,0.05982905982905983,0.08413578292714258,0.007269965277777778,0.08664859348414884,742.0,0.3153638814016172,0.21563342318059292,0.4474393530997304,0.9487198395452704
large_long,nomotor_xlink,r0005,0.4,initial,1.5854093670886074,1.1967218703944362,0.0698016284815813,0.0698016284815813,1.0,0.096,0.061368942970620045,0.007486979166666667,0.03642279729851905,790.0,0.3215189873417722,0.20253164556962028,0.4329113924050634,0.9538028864632941
large_long,nomotor_xlink,r0005,0.45,initial,1.7401580188679244,1.150899828684965,0.04867215246509785,0.04867215246509785,1.0,0.1732283464566929,0.08900289012873616,0.008268229166666667,0.01590870189647886,848.0,0.3207547169811321,0.19103773584905662,0.41745283018867924,0.9573704825830254
large_long,nomotor_xlink,r0005,0.5,initial,1.8774422818791945,1.101269659015563,0.057018943115331434,0.057018943115331434,1.0,0.18518518518518517,0.022288220861797648,0.008745659722222222,0.046199792071222746,894.0,0.33333333333333326,0.18344519015659955,0.4183445190156599,0.9548963718712977
large_long,nomotor_xlink,r0005,0.55,initial,2.082271677559913,0.8737010762576285,0.07868993547627452,0.07868993547627452,1.0,0.22743682310469315,0.05544037003714769,0.008875868055555555,0.0687149844335611,918.0,0.3362445414847161,0.17467248908296945,0.4104803493449782,0.9504070487251827
large_long,nomotor_xlink,r0005,0.6000000000000001,initial,2.3495818947368416,0.6889797524141965,0.06875279732975807,0.06875279732975807,1.0,0.20677966101694914,0.08325420454944955,0.009027777777777777,0.008800710110677753,950.0,0.3536842105263157,0.15789473684210525,0.39578947368421047,0.9536806473328956
large_long,nomotor_xlink,r0005,0.65,initial,2.4947884615384615,0.820896815593562,0.04793938118022334,0.04793938118022334,1.0,0.23333333333333334,0.12109190007448593,0.009700520833333334,0.09505732744274276,988.0,0.3522267206477733,0.15384615384615385,0.39271255060728755,0.9549445543439465
large_long,nomotor_xlink,r0005,0.7000000000000001,initial,2.6372181818181817,1.259323717070653,0.037602605338131756,0.037602605338131756,1.0,0.2597402597402597,0.09275256565287299,0.009809027777777778,0.06477926388904796,1012.0,0.3537549407114626,0.14822134387351776,0.3814229249011858,0.9549262295002107
large_long,nomotor_xlink,r0005,0.75,initial,2.720404093567252,1.2095723989278497,0.04663608208522,0.04663608208522,1.0,0.28802588996763756,0.06325343963543834,0.010091145833333334,0.09374599769554005,1026.0,0.3567251461988305,0.1442495126705653,0.3762183235867446,0.9544889333205089
large_long,nomotor_xlink,r0005,0.8,initial,2.9170346743295017,0.6968477308974127,0.03742101880195577,0.03742101880195577,1.0,0.2601880877742947,0.09943535819100845,0.010112847222222223,0.12311686629935774,1044.0,0.35700575815738966,0.1343570057581574,0.3685220729366603,0.94575051231204
large_long,nomotor_xlink,r0005,0.8500000000000001,initial,2.9449302063789866,0.4708712011317033,0.04095111960198169,0.04095111960198169,1.0,0.2755417956656347,0.13241948884900434,0.010373263888888888,0.03997547157042488,1066.0,0.3583489681050657,0.12945590994371484,0.3658536585365854,0.9421126334239424
large_long,nomotor_xlink,r0005,0.9,initial,3.162741391941392,0.45699490147486344,0.06351693667041003,0.06351693667041003,1.0,0.2976190476190476,0.1178770126580498,0.010720486111111111,0.05474872521707677,1092.0,0.3717948717948718,0.12454212454212454,0.3516483516483516,0.9452428845386622
large_long,nomotor_xlink,r0005,0.9500000000000001,initial,3.326031826401447,0.14237884982924265,0.04522446176712965,0.04522446176712965,1.0,0.3136094674556213,0.12370399530245557,0.010677083333333334,0.06492777616903826,1106.0,0.37974683544303794,0.11934900542495479,0.3399638336347198,0.9440413495985365
large_long,nomotor_xlink,r0005,1.0,initial,3.4340881625441697,0.06742824446063385,0.03601877871424097,0.03601877871424097,1.0,0.33527696793002915,0.11328275294591278,0.0109375,0.0249835351228696,1132.0,0.38515901060070673,0.11484098939929328,0.3339222614840989,0.9417764604558035
large_long,nomotor_xlink,r0005,1.05,pulse_01,4.181983702531645,0.6676319785173159,0.02400248822026126,0.02400248822026126,1.0,0.37745098039215685,0.06763148430321757,0.012152777777777778,0.04155023709357727,1264.0,0.44462025316455706,0.09810126582278482,0.2974683544303797,0.9381811556141064
large_long,nomotor_xlink,r0005,1.1,pulse_01,4.253991167192429,0.7922826897980477,0.01901863005573305,0.01901863005573305,1.0,0.39364303178484106,0.09126556795477733,0.012109375,0.015210405900365617,1268.0,0.4495268138801262,0.0946372239747634,0.2949526813880126,0.941310810250792
large_long,nomotor_xlink,r0005,1.15,pulse_01,4.296095482866043,0.7588944139195096,0.022718394817646814,0.022718394817646814,1.0,0.39759036144578314,0.07128955903076367,0.012543402777777778,0.011608517074761607,1284.0,0.45171339563862933,0.09345794392523364,0.2959501557632399,0.9408955069394446
large_long,nomotor_xlink,r0005,1.2,pulse_01,4.39030153609831,0.8619337922466174,0.018869952450390876,0.018869952450390876,1.0,0.40425531914893614,0.10436777545439391,0.012565104166666667,0.018997358757587606,1302.0,0.45775729646697394,0.09216589861751152,0.29185867895545325,0.9419420885420013
large_long,nomotor_xlink,r0005,1.25,pulse_01,4.409315197568389,0.8728785664650353,0.017305442420327093,0.017305442420327093,1.0,0.40792540792540793,0.1120691203236814,0.012912326388888888,0.006963581374567873,1316.0,0.45814307458143066,0.0882800608828006,0.2922374429223744,0.940704726120061
large_long,nomotor_xlink,r0005,1.3,pulse_01,4.494134190620272,0.9037152804940246,0.02433711278051816,0.02433711278051816,1.0,0.4258823529411765,0.14517057053312574,0.012847222222222222,0.0025005292362159834,1322.0,0.45839636913767023,0.08623298033282906,0.28895612708018154,0.9385236324025364
large_long,nomotor_xlink,r0005,1.35,pulse_01,4.555337874251498,0.8878817418823312,0.019402783264573713,0.019402783264573713,1.0,0.4351851851851852,0.10655577446262639,0.013042534722222223,0.008911697268251825,1336.0,0.46476761619190404,0.08395802098950526,0.2848575712143929,0.9382126345283425
large_long,nomotor_xlink,r0005,1.4,pulse_01,4.610550890207715,0.9571854641035356,0.013601601825933804,0.013601601825933804,1.0,0.4429223744292237,0.09822088076341078,0.013064236111111112,0.0022706712384584584,1348.0,0.4673590504451039,0.08160237388724034,0.2833827893175074,0.9358287825081562
large_long,nomotor_xlink,r0005,1.45,pulse_01,4.6369474852071,0.9015057693130819,0.00923667958903692,0.00923667958903692,1.0,0.45161290322580644,0.06591369538790533,0.013020833333333334,0.0070399930595018145,1352.0,0.4615384615384616,0.07840236686390531,0.2795857988165679,0.9348541789331909
large_long,nomotor_xlink,r0005,1.5,pulse_01,4.665970967741936,0.9994254224605464,0.019547049302466164,0.019547049302466164,1.0,0.4657534246575342,0.11141111865889199,0.013237847222222222,0.02187462898850745,1364.0,0.4677419354838707,0.07771260997067449,0.2756598240469207,0.9356519061148448
large_long,nomotor_xlink,r0005,1.55,pulse_01,4.754229781021897,1.0327535432441266,0.019655395880219917,0.019655395880219917,1.0,0.4748858447488584,0.07171254671843239,0.013541666666666667,0.00965729454201201,1370.0,0.4715328467153285,0.0759124087591241,0.27007299270072993,0.9344388348317747
large_long,nomotor_xlink,r0005,1.6,pulse_01,4.783903343023256,1.0573691897126185,0.009536424982078481,0.009536424982078481,1.0,0.48299319727891155,0.04686956655222968,0.013172743055555556,0.03085938404936317,1376.0,0.4723837209302326,0.07412790697674418,0.2674418604651163,0.9333694424714342
large_long,nomotor_xlink,r0005,1.65,pulse_01,4.811448330914368,1.2179098475403056,0.011653200054890936,0.011653200054890936,1.0,0.4864864864864865,0.07977321205520271,0.01328125,0.046682005920653934,1378.0,0.47460087082728597,0.07256894049346879,0.26560232220609575,0.9317669054048184
large_long,nomotor_xlink,r0005,1.7000000000000002,pulse_01,4.853822543352601,1.337461225236542,0.0267089487011698,0.0267089487011698,1.0,0.49206349206349204,0.09016488004763208,0.013302951388888888,0.021450140566260822,1384.0,0.4739884393063586,0.07225433526011561,0.2601156069364162,0.9309156927325654
large_long,nomotor_xlink,r0005,1.75,pulse_01,4.971702023121387,1.3466106909378706,0.024210666315328755,0.024210666315328755,1.0,0.5067873303167421,0.09075194170000332,0.013172743055555556,0.005173824555879447,1384.0,0.4782608695652174,0.06666666666666667,0.2579710144927536,0.9296916723196645
large_long,nomotor_xlink,r0005,1.8,pulse_01,4.999086541244574,1.3064182779012654,0.024803611456512886,0.024803611456512886,1.0,0.5147392290249433,0.09905323633757779,0.01349826388888889,0.02629274720692491,1382.0,0.48191027496382066,0.06657018813314039,0.25615050651230103,0.9267242185423645
large_long,nomotor_xlink,r0005,1.85,pulse_01,5.120523691860464,1.188854207696321,0.027039059768381318,0.027039059768381318,1.0,0.5045454545454545,0.09414229526889113,0.013042534722222223,0.020959010327564347,1376.0,0.48401162790697694,0.05668604651162791,0.248546511627907,0.9209489519487151
large_long,nomotor_xlink,r0005,1.9,pulse_01,5.161320899854862,1.1806642159358793,0.015387236327687534,0.015387236327687534,1.0,0.5216400911161732,0.09574022103165593,0.013237847222222222,0.016709820671290416,1378.0,0.48476052249637147,0.055152394775036286,0.2481857764876633,0.9223860385637598
large_long,nomotor_xlink,r0005,1.9500000000000002,pulse_01,5.21284710982659,1.0885952836685786,0.013459148775390636,0.013459148775390636,1.0,0.528344671201814,0.09105066128108498,0.013433159722222223,0.028908486087615093,1384.0,0.4862518089725036,0.05354558610709117,0.24457308248914617,0.9221254172548705
large_long,nomotor_xlink,r0005,2.0,pulse_01,5.2420757925072055,1.0072132994101888,0.009742894226871949,0.009742894226871949,1.0,0.5214446952595937,0.05000098763410317,0.013585069444444445,0.027127328086129943,1388.0,0.4877344877344877,0.05339105339105339,0.2424242424242425,0.9206617059928008
large_long,nomotor_xlink,r0005,2.05,pulse_02,5.662086339522545,0.9284302069236652,0.015445643918016986,0.015445643918016986,1.0,0.5984095427435387,0.0662158540596699,0.014670138888888889,0.02241488749372637,1508.0,0.5344827586206897,0.047745358090185666,0.21883289124668437,0.9213552168732972
large_long,nomotor_xlink,r0005,2.1,pulse_02,5.708423271276596,0.8611855444424861,0.012009854524020222,0.012009854524020222,1.0,0.5590551181102362,0.10544779297861269,0.014192708333333333,0.01304722352019668,1504.0,0.535904255319149,0.04654255319148935,0.21808510638297873,0.9185247085593993
large_long,nomotor_xlink,r0005,2.15,pulse_02,5.734145466666666,0.8501468658024851,0.012364639972419175,0.012364639972419175,1.0,0.562992125984252,0.13850096001775272,0.014431423611111112,0.0006584550268796489,1500.0,0.5353805073431241,0.04539385847797062,0.21762349799732977,0.919210569636916
large_long,nomotor_xlink,r0005,2.2,pulse_02,5.782611111111111,0.865136274603764,0.007607103168228472,0.007607103168228472,1.0,0.5581854043392505,0.09172407929903902,0.014431423611111112,0.0016887691908131035,1494.0,0.5361930294906168,0.04289544235924934,0.2144772117962467,0.9189017740197845
large_long,nomotor_xlink,r0005,2.25,pulse_02,5.779788085676037,0.8400142506576065,0.008674828255675227,0.008674828255675227,1.0,0.5542406311637081,0.10490460850280255,0.014322916666666666,0.01779398404756923,1494.0,0.536813922356091,0.041499330655957165,0.21686746987951805,0.916642128186067
large_long,nomotor_xlink,r0005,2.3,pulse_02,5.834660080645162,0.7583723703183486,0.011446086214155363,0.011446086214155363,1.0,0.5768463073852296,0.06979457637632862,0.014344618055555555,0.020926619075470516,1488.0,0.5376344086021505,0.038978494623655914,0.21370967741935482,0.9146347780419107
large_long,nomotor_xlink,r0005,2.35,pulse_02,5.848464602960969,0.7144545362047834,0.0020825966220328063,0.0020825966220328063,1.0,0.5783132530120482,0.08347854825139013,0.014171006944444444,0.0063024378751453764,1486.0,0.5377358490566037,0.039083557951482474,0.2169811320754717,0.9151632410066461
large_long,nomotor_xlink,r0005,2.4,pulse_02,5.847155660377359,0.7205577430674763,1.3668644641917638e-05,-1.3668644641917638e-05,1.0,0.5903614457831325,0.10024712029964639,0.014105902777777778,0.0009406995852295393,1484.0,0.5390835579514826,0.03638814016172506,0.21428571428571427,0.9161338630211258
large_long,nomotor_xlink,r0005,2.45,pulse_02,5.8483825910931175,0.7088103386934062,0.0017578854326023574,0.0017578854326023574,1.0,0.5831663326653307,0.0605797869269151,0.014388020833333333,0.006638196589034843,1482.0,0.5398110661268555,0.03643724696356274,0.21322537112010795,0.9160105208140994
large_long,nomotor_xlink,r0005,2.5,pulse_02,5.857702972972973,0.6807285635332673,0.00011398256556146198,0.00011398256556146198,1.0,0.5910931174089069,0.10518254012773802,0.0140625,0.0049347132600139525,1480.0,0.5391891891891892,0.03648648648648649,0.21351351351351355,0.9135698579619865
large_long,nomotor_xlink,r0005,2.55,pulse_02,5.849066486486486,0.6792020591333224,0.0034802252252252863,-0.0034802252252252863,1.0,0.6008146639511202,0.11339748652896287,0.014409722222222223,0.008661608047995798,1480.0,0.5359565807327,0.036635006784260515,0.21709633649932156,0.9138729671714977
large_long,nomotor_xlink,r0005,2.6,pulse_02,5.836821621621621,0.7326982118212421,0.002711796064356934,0.002711796064356934,1.0,0.6163265306122448,0.0868880533992315,0.014366319444444444,0.015519523010397182,1480.0,0.537940379403794,0.03794037940379404,0.21815718157181574,0.9172252795418857
large_long,nomotor_xlink,r0005,2.65,pulse_02,5.865337262872628,0.7723191971957055,0.006105351620277144,0.006105351620277144,1.0,0.6204081632653061,0.0919123070470156,0.014301215277777777,0.004415637756236213,1476.0,0.5406504065040652,0.03523035230352304,0.21544715447154475,0.9154030345761267
large_long,nomotor_xlink,r0005,2.7,pulse_02,5.873453731343284,0.7591920383586593,0.0010247741644085668,0.0010247741644085668,1.0,0.5381526104417671,0.07357500978732028,0.014388020833333333,0.00041190178645818715,1474.0,0.5400271370420623,0.036635006784260515,0.21302578018995927,0.9145908468995836
large_long,nomotor_xlink,r0005,2.75,pulse_02,5.871485907859079,0.7698477864769564,0.005276475538410708,0.005276475538410708,1.0,0.5326732673267327,0.0585387276723781,0.013975694444444445,0.008381321639145881,1476.0,0.5406504065040652,0.03658536585365854,0.21544715447154475,0.9153193861672779
large_long,nomotor_xlink,r0005,2.8,pulse_02,5.905112584573748,0.708904108523784,0.0056779810298102085,0.0056779810298102085,1.0,0.5396825396825397,0.10464002940290441,0.014149305555555556,0.004852743133941628,1478.0,0.5420054200542005,0.032520325203252036,0.21409214092140924,0.9138911266649905
large_long,nomotor_xlink,r0005,2.85,pulse_02,5.905553794037941,0.7407313276733066,0.0002750705927221375,0.0002750705927221375,1.0,0.5387673956262425,0.10205910319766899,0.01408420138888889,0.010310174411897965,1476.0,0.5400271370420625,0.031207598371777473,0.21166892808683851,0.9110927153002844
large_long,nomotor_xlink,r0005,2.9,pulse_02,5.906763008130081,0.7707651549951718,0.002632507056979261,-0.002632507056979261,1.0,0.5390781563126252,0.1015035353446335,0.01423611111111111,0.011744054484506808,1476.0,0.5420054200542006,0.031165311653116534,0.21409214092140924,0.913122779636917
large_long,nomotor_xlink,r0005,2.95,pulse_02,5.889758751696065,0.6702670007662658,0.003942804804406712,0.003942804804406712,1.0,0.531062124248497,0.06768656578516746,0.014019097222222223,0.02449430186868227,1474.0,0.5413839891451832,0.029850746268656712,0.21573948439620078,0.9131079315656618
large_long,nomotor_xlink,r0005,3.0,pulse_02,5.9304198369565215,0.6237993437830782,0.013553695086818843,0.013553695086818843,1.0,0.5341365461847389,0.09697165074111973,0.014019097222222223,0.015489218994395851,1472.0,0.5421195652173914,0.027173913043478264,0.21331521739130435,0.909541660949891
large_long,nomotor_xlink,r0005,3.05,pulse_03,6.170563358778627,0.8953108937962715,0.003421543681085678,-0.003421543681085678,1.0,0.5785582255083179,0.10024294736442192,0.014973958333333334,0.01794874462483646,1572.0,0.5707006369426753,0.025477707006369428,0.1987261146496815,0.9097063340159867
large_long,nomotor_xlink,r0005,3.1,pulse_03,6.16029872773537,0.9491571276707809,0.003187404580152838,-0.003187404580152838,1.0,0.5754189944134078,0.0798293435958619,0.01506076388888889,0.012777690166770106,1572.0,0.5701530612244897,0.02423469387755102,0.1989795918367347,0.9104981456005514
large_long,nomotor_xlink,r0005,3.15,pulse_03,6.15143893129771,0.9719770347968921,0.00040732511088433415,-0.00040732511088433415,1.0,0.5732838589981447,0.10344278910538655,0.015342881944444444,0.004771456263271949,1572.0,0.5687022900763359,0.02544529262086514,0.20101781170483463,0.9124248764219052
large_long,nomotor_xlink,r0005,3.2,pulse_03,6.157854777070064,0.9205283900911492,0.0016296897943307205,0.0016296897943307205,1.0,0.5767790262172284,0.0643152974935342,0.015017361111111112,0.0054758281483018685,1570.0,0.5681528662420383,0.025477707006369428,0.19999999999999998,0.9088453301727729
large_long,nomotor_xlink,r0005,3.25,pulse_03,6.161217070063694,0.9391220659070809,0.004193595051966999,0.004193595051966999,1.0,0.5754189944134078,0.03761438166402102,0.0150390625,0.0003415072566758474,1570.0,0.5681528662420382,0.025477707006369428,0.1987261146496815,0.9092659078924462
large_long,nomotor_xlink,r0005,3.3,pulse_03,6.183016347381866,0.9225774336312043,0.00273489445298584,0.00273489445298584,1.0,0.5797373358348968,0.05552171859669417,0.015017361111111112,0.011339552244788664,1566.0,0.5690537084398979,0.023017902813299233,0.19820971867007675,0.9071794984914082
large_long,nomotor_xlink,r0005,3.35,pulse_03,6.177626436781609,0.8710847524383489,0.002299659429544724,-0.002299659429544724,1.0,0.5722326454033771,0.05502974842260908,0.01482204861111111,0.000481031111462397,1566.0,0.5657726692209452,0.024265644955300127,0.19667943805874838,0.9051725820326616
large_long,nomotor_xlink,r0005,3.4,pulse_03,6.169218390804597,0.9196912469624299,0.0016025631791947899,0.0016025631791947899,1.0,0.575984990619137,0.1259684913824749,0.015104166666666667,0.009538089743688083,1566.0,0.565772669220945,0.024265644955300127,0.1979565772669221,0.9076645019854984
large_long,nomotor_xlink,r0005,3.45,pulse_03,6.187241815856778,0.9283132909004774,0.0073792639257293695,0.0073792639257293695,1.0,0.575187969924812,0.020394483247681738,0.015277777777777777,0.0006709154947299364,1564.0,0.5659411011523688,0.024327784891165178,0.19846350832266332,0.9028248544801565
large_long,nomotor_xlink,r0005,3.5,pulse_03,6.213493974358974,0.9156657539940503,0.0022415116490308584,0.0022415116490308584,1.0,0.5781544256120528,0.039482592018393846,0.014973958333333334,0.022171989031947725,1560.0,0.5692307692307692,0.023076923076923078,0.19743589743589746,0.9000861634008297
large_long,nomotor_xlink,r0005,3.55,pulse_03,6.200690885750963,1.0613452250921638,0.00450574472824498,0.00450574472824498,1.0,0.5765595463137996,0.030057533829308418,0.015017361111111112,0.014240265541593708,1558.0,0.5668380462724936,0.021850899742930592,0.1979434447300771,0.899856383578534
large_long,nomotor_xlink,r0005,3.6,pulse_03,6.2405284427284435,1.0011073472436125,0.00877720632672944,0.00877720632672944,1.0,0.5741444866920152,0.06887509170725997,0.014952256944444445,0.002043924091149655,1554.0,0.568854568854569,0.018018018018018018,0.1956241956241956,0.9000940102769714
large_long,nomotor_xlink,r0005,3.65,pulse_03,6.25335412371134,1.0490816805452658,0.0022553885775174662,0.0022553885775174662,1.0,0.44528301886792454,0.1097835703893417,0.014713541666666666,0.017654093885234534,1552.0,0.5716129032258065,0.015483870967741935,0.19612903225806447,0.90257423952605
large_long,nomotor_xlink,r0005,3.7,pulse_03,6.254060774193548,1.1070319105550197,0.0008779883604919844,-0.0008779883604919844,1.0,0.45075757575757575,0.08471844776916913,0.015017361111111112,0.013961369998528891,1550.0,0.5690322580645162,0.01935483870967742,0.19483870967741937,0.9019779053870648
large_long,nomotor_xlink,r0005,3.75,pulse_03,6.248086193548388,1.1328499005364392,0.0006722783751495302,0.0006722783751495302,1.0,0.4621212121212121,0.07486420498998475,0.014583333333333334,0.00999149715053523,1550.0,0.5684754521963824,0.016795865633074936,0.19379844961240306,0.8975361518368004
large_long,nomotor_xlink,r0005,3.8,pulse_03,6.2580944444444455,1.166980893458231,0.003688347586896512,0.003688347586896512,1.0,0.46110056925996207,0.10722849344075831,0.014735243055555555,0.00041346784384251506,1548.0,0.5647668393782382,0.018134715025906734,0.19300518134715022,0.8998506545942121
large_long,nomotor_xlink,r0005,3.85,pulse_03,6.270216279069767,1.1353307075994943,0.0005812446167094976,0.0005812446167094976,1.0,0.46313799621928164,0.13547329438178765,0.014995659722222223,0.011654317340282105,1548.0,0.5654993514915693,0.01815823605706874,0.19325551232166016,0.8993261994971815
large_long,nomotor_xlink,r0005,3.9,pulse_03,6.2615819121447025,1.0970549894165385,0.001004588986832644,-0.001004588986832644,1.0,0.4621212121212121,0.08760241976046367,0.01506076388888889,0.01058165146724462,1548.0,0.5671834625322998,0.01808785529715762,0.19250645994832044,0.9015191276506797
large_long,nomotor_xlink,r0005,3.95,pulse_03,6.264188745148771,1.0718407987960266,0.0008451130881453514,0.0008451130881453514,1.0,0.4752851711026616,0.08256638036727337,0.014865451388888888,0.005701889302074048,1546.0,0.5640362225097025,0.018111254851228976,0.19275549805950848,0.9014959248405736
large_long,nomotor_xlink,r0005,4.0,pulse_03,6.266652590673575,1.0628436536040942,0.0008212818416012032,0.0008212818416012032,1.0,0.4722753346080306,0.1092084969214079,0.014887152777777777,0.0029990483973107995,1544.0,0.5654993514915695,0.01686121919584955,0.19195849546044097,0.9018369249593562
large_long,nomotor_xlink,r0005,4.05,pulse_04,6.50340747889023,0.7941321253362377,0.001907157217531541,-0.001907157217531541,1.0,0.5121951219512195,0.12520456972846275,0.015690104166666666,0.004566905451611906,1658.0,0.5910735826296742,0.014475271411338964,0.17732207478890233,0.8994721184818834
large_long,nomotor_xlink,r0005,4.1,pulse_04,6.497686007237635,0.8078328416910734,0.003688037796542254,-0.003688037796542254,1.0,0.5234782608695652,0.08008150585145676,0.01579861111111111,0.0034943862692009553,1658.0,0.5922798552472859,0.014475271411338964,0.17852834740651385,0.9012783302952655
large_long,nomotor_xlink,r0005,4.15,pulse_04,6.481279252110976,0.7731658077210319,0.009047084841174039,-0.009047084841174039,1.0,0.513986013986014,0.06525097327028281,0.015928819444444443,0.0037894132196133654,1658.0,0.5905797101449275,0.01570048309178744,0.17874396135265702,0.9009500835473074
large_long,nomotor_xlink,r0005,4.2,pulse_04,6.443403498190591,0.8305693210087536,0.0073113791716926295,-0.0073113791716926295,1.0,0.5174825174825175,0.10422379816046573,0.015733506944444444,0.00010907200741775795,1658.0,0.5886610373944512,0.016887816646562123,0.17852834740651385,0.9008616194311254
large_long,nomotor_xlink,r0005,4.25,pulse_04,6.4374109770808206,0.7725113756765254,8.172232323048571e-05,-8.172232323048571e-05,1.0,0.5228070175438596,0.1092029084569171,0.015690104166666666,0.009875904730230442,1658.0,0.5869565217391306,0.016908212560386472,0.18115942028985507,0.9002263588621644
large_long,nomotor_xlink,r0005,4.3,pulse_04,6.442913164251208,0.7713138926273709,0.0009876588210384618,-0.0009876588210384618,1.0,0.4788732394366197,0.0786618967337613,0.0158203125,0.014333621618342285,1656.0,0.5881642512077293,0.015700483091787436,0.17995169082125603,0.9007900116923226
large_long,nomotor_xlink,r0005,4.35,pulse_04,6.43148502415459,0.6865096459664717,0.0008610062805825732,0.0008610062805825732,1.0,0.4761061946902655,0.0871821230234243,0.01564670138888889,0.015513745550875147,1656.0,0.5888754534461911,0.015719467956469165,0.18016928657799275,0.8994242223164316
large_long,nomotor_xlink,r0005,4.4,pulse_04,6.4480792019347035,0.67823141932212,0.0007918147972902171,0.0007918147972902171,1.0,0.483065953654189,0.12044355150257183,0.015733506944444444,0.000651663741688476,1654.0,0.5878787878787879,0.014545454545454545,0.17939393939393938,0.8990371361460219
large_long,nomotor_xlink,r0005,4.45,pulse_04,6.436235912938331,0.6904196284166025,0.0028146311970978686,-0.0028146311970978686,1.0,0.4776386404293381,0.0802674860493682,0.01577690972222222,0.002405210072768967,1654.0,0.5864570737605804,0.014510278113663844,0.1777509068923821,0.8977114806874579
large_long,nomotor_xlink,r0005,4.5,pulse_04,6.431191414752116,0.6926626797587339,0.0023582800470013745,0.0023582800470013745,1.0,0.4731182795698925,0.10029482729535653,0.0158203125,0.013896599270307322,1654.0,0.5852478839177752,0.014510278113663844,0.17775090689238207,0.899795931163056
large_long,nomotor_xlink,r0005,4.55,pulse_04,6.450385593220339,0.6070400327947586,0.003193702868190318,0.003193702868190318,1.0,0.4776386404293381,0.09227057377733944,0.015581597222222222,0.009247913062600569,1652.0,0.5866666666666667,0.014545454545454545,0.17939393939393938,0.9006800665495363
large_long,nomotor_xlink,r0005,4.6,pulse_04,6.450353631961258,0.6371752013831304,0.0014059322033899886,-0.0014059322033899886,1.0,0.4767025089605735,0.10657707081381756,0.01599392361111111,0.0057596149424801,1652.0,0.5871670702179179,0.014527845036319615,0.17796610169491528,0.898939539177038
large_long,nomotor_xlink,r0005,4.65,pulse_04,6.441949999999999,0.6415977224496392,0.0031084140435833816,-0.0031084140435833816,1.0,0.483065953654189,0.06807672301600166,0.015690104166666666,0.007929395806398657,1652.0,0.5854545454545453,0.014545454545454545,0.17939393939393938,0.8993084745303793
large_long,nomotor_xlink,r0005,4.7,pulse_04,6.431703147699758,0.5895988265447385,0.0012155972558513344,-0.0012155972558513344,1.0,0.4776386404293381,0.06311480272069285,0.015690104166666666,0.014081854286595011,1652.0,0.5847457627118645,0.014527845036319615,0.17917675544794193,0.8990387849332644
large_long,nomotor_xlink,r0005,4.75,pulse_04,6.434656416464891,0.5571065967300691,0.002405898354000069,-0.002405898354000069,1.0,0.481216457960644,0.10165557018500185,0.015625,0.0014768234898764887,1652.0,0.5859564164648912,0.014527845036319615,0.17917675544794193,0.8979896612430114
large_long,nomotor_xlink,r0005,4.8,pulse_04,6.4172677575757575,0.5807378856054796,0.0023384682781291133,-0.0023384682781291133,1.0,0.4847942754919499,0.09564896177752229,0.015603298611111111,0.004161481201525652,1650.0,0.5842424242424243,0.015757575757575755,0.176969696969697,0.9016800922080355
large_long,nomotor_xlink,r0005,4.85,pulse_04,6.420625606796117,0.582075483939223,8.002988624096948e-05,8.002988624096948e-05,1.0,0.4810810810810811,0.07830044022038551,0.015538194444444445,0.009538784841400342,1648.0,0.5824175824175823,0.014652014652014652,0.17948717948717946,0.902699851395129
large_long,nomotor_xlink,r0005,4.9,pulse_04,6.417747936893203,0.6379705946538816,0.0023610234627831814,-0.0023610234627831814,1.0,0.4892086330935252,0.06564601553514841,0.015928819444444443,0.01360298595558418,1648.0,0.5861650485436893,0.013349514563106795,0.17839805825242716,0.899179459599244
large_long,nomotor_xlink,r0005,4.95,pulse_04,6.406459466019418,0.6636933996727281,0.007254820099610241,0.007254820099610241,1.0,0.49458483754512633,0.08984356504400196,0.015581597222222222,0.011417327783110479,1648.0,0.5837378640776699,0.014563106796116507,0.1771844660194175,0.9030444564221641
large_long,nomotor_xlink,r0005,5.0,pulse_04,6.461276857490865,0.7064745613525445,0.018272463823815716,0.018272463823815716,1.0,0.49635036496350365,0.11018491520631209,0.015538194444444445,0.014260387226605461,1642.0,0.5819070904645477,0.012224938875305624,0.17481662591687042,0.9022986211468741
large_long,nomotor_xlink,r0005,5.05,pulse_05,6.702596271186441,0.8544271335510154,0.00617778894086977,0.00617778894086977,1.0,0.5422885572139303,0.06401160211348021,0.017100694444444446,0.014029364758454474,1770.0,0.609039548022599,0.01016949152542373,0.16158192090395482,0.8945969336054406
large_long,nomotor_xlink,r0005,5.1,pulse_05,6.72112963800905,0.8965152278263788,0.0033507911521845437,0.0033507911521845437,1.0,0.5415282392026578,0.08867268915378669,0.0169921875,0.006570293900779216,1768.0,0.6115515288788222,0.007927519818799546,0.16081540203850514,0.8958448362629702
large_long,nomotor_xlink,r0005,5.15,pulse_05,6.722701018099548,0.8938488969556907,0.002469682402875595,0.002469682402875595,1.0,0.5364238410596026,0.07000609821710223,0.017035590277777776,0.003774792864414308,1768.0,0.6074660633484165,0.007918552036199095,0.16063348416289588,0.8952126612154377
large_long,nomotor_xlink,r0005,5.2,pulse_05,6.735947732426304,0.9191639850128647,0.0038007005399731675,0.0038007005399731675,1.0,0.5436241610738255,0.07617462823687891,0.017078993055555554,0.008673836025273293,1764.0,0.6083995459704881,0.006810442678774122,0.15777525539160045,0.8953191928310148
large_long,nomotor_xlink,r0005,5.25,pulse_05,6.745505221339387,0.9458919131073305,0.0015082193969780573,0.0015082193969780573,1.0,0.5158597662771286,0.08839019376181562,0.016796875,0.002434538764130375,1762.0,0.6095346197502838,0.005675368898978434,0.15777525539160042,0.8942797097822222
large_long,nomotor_xlink,r0005,5.3,pulse_05,6.744997048808172,0.9045567524280824,0.0006546727203935454,-0.0006546727203935454,1.0,0.5166666666666667,0.10782210623993115,0.01677517361111111,0.009455038482429753,1762.0,0.6124999999999998,0.005681818181818182,0.16022727272727272,0.894405032825959
large_long,nomotor_xlink,r0005,5.35,pulse_05,6.741577185017026,0.8891616822127519,0.0017635830495648837,-0.0017635830495648837,1.0,0.5158597662771286,0.11073410639569031,0.016883680555555555,0.0032954630049006526,1762.0,0.6102272727272728,0.005681818181818182,0.16022727272727272,0.8936028928191359
large_long,nomotor_xlink,r0005,5.4,pulse_05,6.734415550510783,0.8847839743986785,0.0008223231176693879,-0.0008223231176693879,1.0,0.5183946488294314,0.11016436310754098,0.017013888888888887,0.001955278736921732,1762.0,0.6072644721906924,0.004540295119182748,0.16118047673098754,0.8914817976069017
large_long,nomotor_xlink,r0005,5.45,pulse_05,6.73664324631101,0.8774300097912215,0.0001029385512332226,0.0001029385512332226,1.0,0.519327731092437,0.1095871260771852,0.016514756944444445,0.0037683404127080524,1762.0,0.6095346197502837,0.004540295119182746,0.1623155505107832,0.8910670123451767
large_long,nomotor_xlink,r0005,5.5,pulse_05,6.735033181818182,0.8621739319224302,5.263300959853131e-05,5.263300959853131e-05,1.0,0.5177065767284992,0.10154582608244248,0.016666666666666666,0.011720398203302729,1760.0,0.6079545454545456,0.003409090909090909,0.16249999999999998,0.8908340558024989
large_long,nomotor_xlink,r0005,5.55,pulse_05,6.736959044368601,0.8071076205714052,0.0007402288240769828,-0.0007402288240769828,1.0,0.5152542372881356,0.09148783168506625,0.016818576388888888,0.0069940542234809095,1758.0,0.6063708759954495,0.0022753128555176336,0.16154721274175193,0.8919781974966081
large_long,nomotor_xlink,r0005,5.6,pulse_05,6.73059180887372,0.8202096065815447,0.0009475814435019695,0.0009475814435019695,1.0,0.5160744500846024,0.07852738542149679,0.016493055555555556,0.003042646125474354,1758.0,0.6059225512528476,0.003416856492027335,0.16173120728929385,0.8929805830434548
large_long,nomotor_xlink,r0005,5.65,pulse_05,6.742644533029613,0.788851743818559,2.668789082630833e-05,2.668789082630833e-05,1.0,0.4806070826306914,0.09027840310246901,0.016666666666666666,0.006501739751242667,1756.0,0.6059225512528473,0.0022779043280182236,0.16059225512528477,0.8902527741448321
large_long,nomotor_xlink,r0005,5.7,pulse_05,6.730751936218678,0.7811991680740887,0.002154818598815981,-0.002154818598815981,1.0,0.4890756302521008,0.11816497324280267,0.016818576388888888,0.0031452073893019814,1756.0,0.6002277904328017,0.0022779043280182236,0.16173120728929385,0.8928339001820695
large_long,nomotor_xlink,r0005,5.75,pulse_05,6.729715621436717,0.7699804994827472,0.0006102201540296726,0.0006102201540296726,1.0,0.4872665534804754,0.11283475684228289,0.016558159722222222,0.0015525974267298996,1754.0,0.5986316989737742,0.002280501710376283,0.16077537058152788,0.8917932703932411
large_long,nomotor_xlink,r0005,5.8,pulse_05,6.734413257142856,0.7905147526344681,0.003418391850554888,0.003418391850554888,1.0,0.47959183673469385,0.11451057911398599,0.017035590277777776,0.00132986894451483,1750.0,0.6022857142857142,0.002285714285714286,0.15885714285714286,0.8895992904644502
large_long,nomotor_xlink,r0005,5.85,pulse_05,6.750225972540046,0.7779597131498361,0.00038990975264230343,-0.00038990975264230343,1.0,0.4557823129251701,0.11545309452394609,0.016688368055555555,0.005086891848736767,1748.0,0.6006864988558351,0.002288329519450801,0.15789473684210525,0.8915197298076577
large_long,nomotor_xlink,r0005,5.9,pulse_05,6.7320737986270025,0.7599934015420475,0.002247608634490176,-0.002247608634490176,1.0,0.4666666666666667,0.07885794887506108,0.01662326388888889,0.005979998699032263,1748.0,0.5995423340961098,0.002288329519450801,0.15789473684210525,0.8910215760715509
large_long,nomotor_xlink,r0005,5.95,pulse_05,6.736740320733105,0.7420797209556426,0.004395995335866469,0.004395995335866469,1.0,0.42521008403361343,0.09593094492057783,0.01662326388888889,0.0003455528894659536,1746.0,0.6009174311926606,0.001146788990825688,0.15825688073394492,0.8920992007111986
large_long,nomotor_xlink,r0005,6.0,pulse_05,6.758449770642201,0.7620667188788433,0.00723648330303206,0.00723648330303206,1.0,0.41737649063032367,0.08811676093398636,0.016666666666666666,0.006662332641066897,1744.0,0.6004592422502869,0.0,0.15614236509758897,0.8885340524598921
large_long,nomotor_xlink,r0005,6.05,pulse_06,7.021548874598071,0.6176942170581385,0.0022096034067962123,-0.0022096034067962123,1.0,0.47058823529411764,0.08554915604172067,0.017708333333333333,0.010487859729771435,1866.0,0.6255364806866952,0.002145922746781116,0.14592274678111586,0.8878014411006135
large_long,nomotor_xlink,r0005,6.1,pulse_06,7.014920064377683,0.6491577962474528,0.004457645051037702,-0.004457645051037702,1.0,0.470404984423676,0.07867277819565341,0.017795138888888888,0.010980201063959805,1864.0,0.623390557939914,0.001072961373390558,0.14592274678111586,0.8854403452820343
large_long,nomotor_xlink,r0005,6.15,pulse_06,6.994803004291845,0.6835754234418974,0.006361605865522257,-0.006361605865522257,1.0,0.4647887323943662,0.07033208964372734,0.017708333333333333,0.004169338532576672,1864.0,0.6255364806866953,0.0,0.1448497854077253,0.8851022221975077
large_long,nomotor_xlink,r0005,6.2,pulse_06,6.976750429184549,0.6741738274429129,0.004998907446421026,-0.004998907446421026,1.0,0.465625,0.08725707490603994,0.017860243055555555,0.00044723710618347717,1864.0,0.6229860365198712,0.0021482277121374865,0.1460794844253491,0.8882436041604688
large_long,nomotor_xlink,r0005,6.25,pulse_06,6.964809559613319,0.6808920008047965,0.003917642243253787,-0.003917642243253787,1.0,0.4712286158631415,0.06365427318024497,0.017795138888888888,0.00029870417160891377,1862.0,0.6251342642320086,0.0010741138560687433,0.14715359828141786,0.8872933656484572
large_long,nomotor_xlink,r0005,6.3,pulse_06,6.9532445757250265,0.6723816024132594,0.0003384391470226215,-0.0003384391470226215,1.0,0.47581903276131043,0.043982574161524395,0.017708333333333333,0.002902027773898493,1862.0,0.6229860365198712,0.0010741138560687433,0.1482277121374866,0.8872161182109879
large_long,nomotor_xlink,r0005,6.35,pulse_06,6.962778924731183,0.6634798341614055,0.0026088431139292823,0.0026088431139292823,1.0,0.45741324921135645,0.04941958376383895,0.017361111111111112,0.00551589456891588,1860.0,0.6225806451612903,0.0,0.14838709677419354,0.8868505283364884
large_long,nomotor_xlink,r0005,6.4,pulse_06,6.968897634408602,0.6392862349997641,0.0008761290322580884,-0.0008761290322580884,1.0,0.45425867507886436,0.0649510389952623,0.01755642361111111,0.0015597060167398813,1860.0,0.6192017259978424,0.0,0.14670981661272925,0.8888812621667695
large_long,nomotor_xlink,r0005,6.45,pulse_06,6.957522150537635,0.6541215980609663,0.0026779390681002844,-0.0026779390681002844,1.0,0.45396825396825397,0.0790518532768608,0.017491319444444445,0.005820753343856011,1860.0,0.6193548387096772,0.001075268817204301,0.1505376344086021,0.8904309854987112
large_long,nomotor_xlink,r0005,6.5,pulse_06,6.9528300000000005,0.6742107550629002,2.354171248164505e-06,2.354171248164505e-06,1.0,0.4548335974643423,0.046483785024723105,0.017881944444444443,0.0003876451158355554,1860.0,0.6206896551724137,0.0010775862068965517,0.15301724137931036,0.8911075806889935
large_long,nomotor_xlink,r0005,6.55,pulse_06,6.957536275565124,0.6517957273659529,0.00020047900968774476,-0.00020047900968774476,1.0,0.45396825396825397,0.08993767532925706,0.01775173611111111,0.005522904016495356,1858.0,0.6221743810548979,0.0,0.15285252960172233,0.8894172021865148
large_long,nomotor_xlink,r0005,6.6,pulse_06,6.951627125941874,0.641073330963928,0.005350574094007854,-0.005350574094007854,1.0,0.4525316455696203,0.11011081564577344,0.017491319444444445,0.002454085254436985,1858.0,0.6221743810548979,0.001076426264800861,0.15285252960172224,0.889000942306216
large_long,nomotor_xlink,r0005,6.65,pulse_06,6.925432831001077,0.637071215839331,0.0016221215650250957,-0.0016221215650250957,1.0,0.45310015898251194,0.07742443618981915,0.017708333333333333,0.0056303474096830826,1858.0,0.6178686759956944,0.001076426264800861,0.1528525296017223,0.8880116721914963
large_long,nomotor_xlink,r0005,6.7,pulse_06,6.9418943965517235,0.6072912465058296,0.0024252904822010812,0.0024252904822010812,1.0,0.45310015898251194,0.09786511882886896,0.0177734375,0.009891162186905686,1856.0,0.6174568965517242,0.0010775862068965517,0.15193965517241384,0.8891664057821425
large_long,nomotor_xlink,r0005,6.75,pulse_06,6.939984573894283,0.5777242427178969,0.00021805457287552935,-0.00021805457287552935,1.0,0.4519230769230769,0.06740813004544814,0.01775173611111111,0.0074640531781171955,1854.0,0.6194594594594593,0.0010810810810810809,0.15135135135135133,0.8866391328749318
large_long,nomotor_xlink,r0005,6.8,pulse_06,6.94058606911447,0.5625069274371264,0.0017564282624382699,-0.0017564282624382699,1.0,0.43820224719101125,0.08155771770013188,0.017664930555555555,0.0030066241758047543,1852.0,0.6209503239740821,0.0,0.1490280777537797,0.8883121934460323
large_long,nomotor_xlink,r0005,6.85,pulse_06,6.9294460043196535,0.5957639877727254,0.0034787796976241125,-0.0034787796976241125,1.0,0.4336569579288026,0.05632805716648804,0.017578125,4.496109873421602e-05,1852.0,0.6155507559395247,0.0,0.14794816414686823,0.8898965335016719
large_long,nomotor_xlink,r0005,6.9,pulse_06,6.919713390928726,0.5622371608447211,0.0036019798416124793,-0.0036019798416124793,1.0,0.43042071197411,0.05017404237367722,0.017643229166666666,0.006155815843180257,1852.0,0.6155507559395247,0.0,0.14794816414686826,0.8894706008599207
large_long,nomotor_xlink,r0005,6.95,pulse_06,6.907834125269979,0.5588290927136439,0.0009320014398848109,-0.0009320014398848109,1.0,0.43506493506493504,0.10781080321916792,0.017664930555555555,0.007751148209185228,1852.0,0.6155507559395248,0.0,0.14794816414686823,0.8875901363617528
large_long,nomotor_xlink,r0005,7.0,pulse_06,6.914121382289417,0.5157302715896097,0.002095752339812703,0.002095752339812703,1.0,0.4410339256865913,0.07720836533934186,0.01773003472222222,0.014366273708011393,1852.0,0.6136363636363636,0.0,0.14718614718614717,0.8870404184460594
large_long,nomotor_xlink,r0005,7.05,pulse_07,7.0674167351129356,0.21730980051599524,0.004443360711840742,-0.004443360711840742,1.0,0.47496206373292865,0.09476557188618394,0.018663194444444444,0.027609612099529585,1948.0,0.6279547790339157,0.0,0.1408016443987667,0.8888075857721544
large_long,nomotor_xlink,r0005,7.1,pulse_07,7.054086652977413,0.1344809642174065,0.0044270704996577,-0.0044270704996577,1.0,0.47655068078668683,0.05185918422406306,0.018467881944444445,0.01742294237112127,1948.0,0.6273100616016428,0.001026694045174538,0.14373716632443534,0.8881033711949063
large_long,nomotor_xlink,r0005,7.15,pulse_07,7.040854312114989,0.11277214628926763,0.004840195071868762,-0.004840195071868762,1.0,0.4795763993948563,0.08961445262281627,0.018315972222222223,0.0073254937069461195,1948.0,0.6283367556468172,0.002053388090349076,0.14476386036960986,0.8901133895398977
large_long,nomotor_xlink,r0005,7.2,pulse_07,7.025045482546201,0.09052800197572977,0.0006831869968969192,-0.0006831869968969192,1.0,0.4961832061068702,0.11089638197833719,0.018467881944444445,0.0030609766104584594,1948.0,0.6248715313463515,0.0020554984583761563,0.14594039054470712,0.8915675439627695
large_long,nomotor_xlink,r0005,7.25,pulse_07,7.036755190133608,0.09440628662651687,0.0033601150488841527,0.0033601150488841527,1.0,0.47720364741641336,0.05274595424054367,0.01857638888888889,0.0036600108142176616,1946.0,0.6286008230452674,0.00102880658436214,0.14506172839506173,0.8923034571207811
large_long,nomotor_xlink,r0005,7.3,pulse_07,7.045206172839506,0.11248806686103574,0.00013474883232748405,0.00013474883232748405,1.0,0.46070878274268107,0.06655801812802359,0.018619791666666666,0.0070494723750665345,1944.0,0.6251287332646756,0.0,0.14521112255406798,0.8914720916262909
large_long,nomotor_xlink,r0005,7.35,pulse_07,7.037563683127573,0.13670312087691608,0.003578172153634984,-0.003578172153634984,1.0,0.4685099846390169,0.050451717368968536,0.01838107638888889,0.010886266247466345,1944.0,0.627188465499485,0.0,0.14521112255406798,0.8892585529480058
large_long,nomotor_xlink,r0005,7.4,pulse_07,7.023737139917696,0.1778056643458338,0.005892232510288142,-0.005892232510288142,1.0,0.4662576687116564,0.07267740537067417,0.018315972222222223,0.0015892766358038175,1944.0,0.6275720164609053,0.0,0.14506172839506173,0.8891986434944845
large_long,nomotor_xlink,r0005,7.45,pulse_07,7.002210288065844,0.12716746106209317,0.005338871742112487,-0.005338871742112487,1.0,0.46932515337423314,0.06726232807662375,0.01840277777777778,0.013248865385872964,1944.0,0.6233230134158927,0.0010319917440660474,0.1475748194014448,0.8908954131665746
large_long,nomotor_xlink,r0005,7.5,pulse_07,6.991703909465021,0.09831247203059602,0.003120353223594089,-0.003120353223594089,1.0,0.4662576687116564,0.0867700864070447,0.018337673611111112,0.013031403746742514,1944.0,0.6224279835390946,0.0,0.14609053497942387,0.888158739125335
large_long,nomotor_xlink,r0005,7.55,pulse_07,6.983488168724279,0.04897903858163809,0.0017640775034295508,-0.0017640775034295508,1.0,0.47320061255742724,0.07552755795348205,0.018467881944444445,0.010581777484079626,1944.0,0.6220391349124612,0.0030895983522142125,0.14521112255406796,0.8919438974426652
large_long,nomotor_xlink,r0005,7.6,pulse_07,6.9811194444444435,0.034821807126118265,0.0017373456790121071,-0.0017373456790121071,1.0,0.4670750382848392,0.1043482060928891,0.01875,0.008681953473269,1944.0,0.6210092687950566,0.0020597322348094747,0.14727085478887747,0.8913028689795902
large_long,nomotor_xlink,r0005,7.65,pulse_07,6.973064094650207,-0.0031126822579759074,0.003438871742112326,-0.003438871742112326,1.0,0.4646153846153846,0.10823987949703026,0.018272569444444445,0.005717078316281764,1944.0,0.6234567901234569,0.00102880658436214,0.14814814814814814,0.8909278476263915
large_long,nomotor_xlink,r0005,7.7,pulse_07,6.96048621399177,0.0005193372284276841,0.0032000233273860403,-0.0032000233273860403,1.0,0.46153846153846156,0.09038205972894149,0.018467881944444445,0.0030593233917148243,1944.0,0.6234567901234569,0.0,0.14711934156378598,0.8908777191666224
large_long,nomotor_xlink,r0005,7.75,pulse_07,6.9538639546858905,0.015243258092313038,0.0009467239591500013,-0.0009467239591500013,1.0,0.4652241112828439,0.07276321341329602,0.018467881944444445,0.011342410378670552,1942.0,0.6230690010298662,0.0010298661174047373,0.14624098867147267,0.8915351303566286
large_long,nomotor_xlink,r0005,7.8,pulse_07,6.95480587023687,-0.06753512504359563,0.002126437105616219,0.002126437105616219,1.0,0.4697674418604651,0.07381476633270304,0.018337673611111112,0.020849519883212247,1942.0,0.6216494845360825,0.0030927835051546395,0.1474226804123711,0.8904073764736066
large_long,nomotor_xlink,r0005,7.85,pulse_07,6.966622577319588,-0.10985386120696043,0.0010088154416214579,0.0010088154416214579,1.0,0.45794392523364486,0.11385662125509613,0.018229166666666668,0.0011128680598686339,1940.0,0.6212590299277606,0.0,0.14344685242518063,0.8885702660825587
large_long,nomotor_xlink,r0005,7.9,pulse_07,6.960858762886598,-0.07421233340280743,0.0008556798378602792,0.0008556798378602792,1.0,0.46105919003115264,0.07879623525370008,0.018229166666666668,0.016998432617110357,1940.0,0.6175257731958764,0.002061855670103093,0.14329896907216494,0.8919182943574402
large_long,nomotor_xlink,r0005,7.95,pulse_07,6.9717566563467495,-0.007863265504298297,0.0022220057167377702,-0.0022220057167377702,1.0,0.46333853354134164,0.06707331308747967,0.018446180555555556,0.013319619297351842,1938.0,0.614270941054809,0.001034126163391934,0.14167528438469498,0.8923157700614008
large_long,nomotor_xlink,r0005,8.0,pulse_07,6.947526728586172,0.005705382381303616,0.00807664258685925,-0.00807664258685925,1.0,0.46021840873634945,0.08127996641780665,0.018489583333333334,0.004522882628533971,1938.0,0.6171310629514963,0.0,0.14344685242518057,0.8885227804260949
large_long,rotatable_xlink,r0006,0.0,initial,-0.244349790794979,2.731636253875992,0.1821120514771142,0.1821120514771142,1.0,-0.12582781456953643,0.0,0.004644097222222222,0.11191570769327086,478.0,0.25523012552301255,0.2803347280334728,0.5188284518828452,0.9396878908695827
large_long,rotatable_xlink,r0006,0.05,initial,0.3019863636363636,2.3958891307961796,0.15353520818805205,0.15353520818805205,1.0,-0.09090909090909091,0.07044540244701741,0.004926215277777778,0.04910811530221645,528.0,0.2803030303030304,0.2651515151515152,0.5000000000000001,0.952357565936256
large_long,rotatable_xlink,r0006,0.1,initial,0.6768614583333333,2.4369875620626935,0.0971550865800866,0.0971550865800866,1.0,-0.04046242774566474,0.09431558696735887,0.005620659722222222,0.006862827137197399,576.0,0.28125000000000006,0.24305555555555552,0.4652777777777778,0.9564703112204308
large_long,rotatable_xlink,r0006,0.15000000000000002,initial,0.8849168831168832,2.354712167972995,0.05371136754587156,0.05371136754587156,1.0,-0.022222222222222223,0.10351199424585338,0.005946180555555555,0.003832849800357548,616.0,0.2727272727272727,0.2305194805194805,0.44805194805194803,0.9591995560952421
large_long,rotatable_xlink,r0006,0.2,initial,0.9991296636085627,2.4139904632605482,0.036019006956434674,0.036019006956434674,1.0,0.020618556701030927,0.024568904869849435,0.006380208333333333,0.02721998054238539,654.0,0.2691131498470948,0.22018348623853215,0.4434250764525993,0.9556459549099222
large_long,rotatable_xlink,r0006,0.25,initial,1.1010309248554913,2.5180320512273076,0.042467613142865145,0.042467613142865145,1.0,0.04390243902439024,0.09598703122180241,0.006749131944444445,0.007042090845475653,692.0,0.2687861271676301,0.20809248554913298,0.43641618497109835,0.9506282796530451
large_long,rotatable_xlink,r0006,0.30000000000000004,initial,1.2539353424657536,2.456243008333402,0.08616289064639315,0.08616289064639315,1.0,0.027777777777777776,0.0797143755088023,0.007052951388888889,0.012188631185056606,730.0,0.26849315068493146,0.19726027397260276,0.4273972602739726,0.9519790110391317
large_long,rotatable_xlink,r0006,0.35000000000000003,initial,1.6180082687338502,2.444900264116968,0.11326714880472737,0.11326714880472737,1.0,0.09956709956709957,0.07219798439912013,0.007530381944444445,0.009250515714605298,774.0,0.289405684754522,0.18087855297157623,0.4134366925064599,0.9513540127230693
large_long,rotatable_xlink,r0006,0.4,initial,1.9335382352941177,2.511746102621034,0.09785381313452224,0.09785381313452224,1.0,0.15702479338842976,0.04399057174192579,0.007964409722222222,0.012133454244933764,816.0,0.3137254901960783,0.1642156862745098,0.3921568627450981,0.9542989185259781
large_long,rotatable_xlink,r0006,0.45,initial,2.2051311475409836,2.3720995386473653,0.05260414377596134,0.05260414377596134,1.0,0.1843137254901961,0.0632290732449322,0.008289930555555556,0.039820775261339904,854.0,0.3208430913348947,0.1522248243559719,0.3817330210772835,0.955228585175001
large_long,rotatable_xlink,r0006,0.5,initial,2.249163097949886,2.2728214510529945,0.01673416572764837,0.01673416572764837,1.0,0.19230769230769232,0.01936746333516161,0.0083984375,0.031099927366500246,878.0,0.3325740318906606,0.15489749430523916,0.4009111617312072,0.9508085332846951
large_long,rotatable_xlink,r0006,0.55,initial,2.305536141906874,2.185499974448364,0.007356469490621927,0.007356469490621927,1.0,0.15789473684210525,0.02857499687566013,0.008702256944444445,0.017638668649252825,902.0,0.33259423503325947,0.1463414634146341,0.39689578713968954,0.9508723151355775
large_long,rotatable_xlink,r0006,0.6000000000000001,initial,2.2933019148936173,2.1669894391574775,0.0067543152146911645,0.0067543152146911645,1.0,0.12686567164179105,0.055416909658528316,0.009006076388888888,0.0001154979419055735,940.0,0.3127659574468085,0.13829787234042554,0.4,0.9472709133884274
large_long,rotatable_xlink,r0006,0.65,initial,2.346062033195021,2.1848069867969304,0.0031162133795681335,0.0031162133795681335,1.0,0.13454545454545455,0.029533611198734606,0.009331597222222222,0.006646612505645096,964.0,0.31742738589211605,0.14522821576763484,0.3962655601659751,0.9481787237643693
large_long,rotatable_xlink,r0006,0.7000000000000001,initial,2.311999195171026,2.206869114191348,0.005641498404504415,0.005641498404504415,1.0,0.15302491103202848,0.016964319624666505,0.009526909722222223,0.005542077713382554,994.0,0.3138832997987927,0.14285714285714285,0.3923541247484909,0.9503565951593916
large_long,rotatable_xlink,r0006,0.75,initial,2.3799110236220473,2.2180594530772257,0.011676453314481453,0.011676453314481453,1.0,0.17525773195876287,0.02974034243241369,0.009852430555555555,0.0051814669470720736,1016.0,0.32086614173228345,0.1377952755905512,0.3937007874015749,0.9465547077951019
large_long,rotatable_xlink,r0006,0.8,initial,2.382057915057915,2.2379579158737806,0.007474667459020479,-0.007474667459020479,1.0,0.18,0.05620609170713441,0.010026041666666667,0.0005059887901831169,1036.0,0.3223938223938224,0.13706563706563707,0.39961389961389965,0.9486403115431506
large_long,rotatable_xlink,r0006,0.8500000000000001,initial,2.3350630188679244,2.2210953858183244,0.001914606749606751,0.001914606749606751,1.0,0.13915857605177995,0.04892980378624464,0.01015625,0.000265676668504596,1060.0,0.318867924528302,0.1320754716981132,0.39622641509433965,0.9476891240898372
large_long,rotatable_xlink,r0006,0.9,initial,2.3935455555555554,2.239551975884808,0.00595502825052215,-0.00595502825052215,1.0,0.13924050632911392,0.04296203215796186,0.010460069444444444,0.010402534418722261,1080.0,0.31666666666666654,0.1351851851851852,0.3925925925925927,0.9453577318716098
large_long,rotatable_xlink,r0006,0.9500000000000001,initial,2.2993328493647915,2.283510592330658,0.018105576948789892,-0.018105576948789892,1.0,0.11320754716981132,0.05322194090238044,0.010698784722222222,0.00491566966056219,1102.0,0.3103448275862069,0.13430127041742285,0.39564428312159705,0.9475060142757151
large_long,rotatable_xlink,r0006,1.0,initial,2.284912093862816,2.2690459938481813,0.004806918500658508,-0.004806918500658508,1.0,0.14743589743589744,0.032021663659279546,0.010633680555555556,0.00482153282749224,1108.0,0.30685920577617337,0.1353790613718412,0.3935018050541517,0.9490554622929157
large_long,rotatable_xlink,r0006,1.05,pulse_01,2.7575414075286413,1.808729656584449,0.07556842616546122,-0.07556842616546122,1.0,0.3010752688172043,0.016590786600785286,0.011848958333333333,0.01421056245100997,1222.0,0.3600654664484451,0.13256955810147297,0.36661211129296234,0.9522386258545427
large_long,rotatable_xlink,r0006,1.1,pulse_01,2.5308361290322576,1.851361343937479,0.02920446288392675,-0.02920446288392675,1.0,0.2765957446808511,0.021892857590713872,0.011979166666666667,0.004508735516967843,1240.0,0.35056542810985447,0.15185783521809368,0.3747980613893376,0.955832159421442
large_long,rotatable_xlink,r0006,1.15,pulse_01,2.582314630225081,1.781677243482642,0.006282876258202045,0.006282876258202045,1.0,0.2928759894459103,0.021600382616561893,0.011827256944444444,0.0012634270454152663,1244.0,0.3585209003215434,0.15755627009646303,0.3713826366559485,0.9613421995924954
large_long,rotatable_xlink,r0006,1.2,pulse_01,2.56853338658147,1.8437807816649874,0.002595998301119229,0.002595998301119229,1.0,0.27411167512690354,0.04062506440218996,0.012065972222222223,0.019733093176048322,1252.0,0.3674121405750798,0.16773162939297123,0.36741214057507976,0.9582897847046177
large_long,rotatable_xlink,r0006,1.25,pulse_01,2.597890620031796,1.900075802538932,0.000541252260932712,-0.000541252260932712,1.0,0.3096446700507614,0.057293471556525886,0.012065972222222223,0.03169214114670915,1258.0,0.3545310015898252,0.16375198728139906,0.3640699523052465,0.956100422709289
large_long,rotatable_xlink,r0006,1.3,pulse_01,2.5652858730158736,2.0339336285452423,0.012231610646645944,0.012231610646645944,1.0,0.3005181347150259,0.056643830484211274,0.0123046875,0.007794849478049759,1260.0,0.34444444444444444,0.1603174603174603,0.3634920634920635,0.9554262458997232
large_long,rotatable_xlink,r0006,1.35,pulse_01,2.671280283911672,1.9468448994072305,0.015844374382231408,0.015844374382231408,1.0,0.3246753246753247,0.040879988136959956,0.012261284722222222,0.0027949451676556603,1268.0,0.35173501577287064,0.15615141955835962,0.3596214511041009,0.9512508918454702
large_long,rotatable_xlink,r0006,1.4,pulse_01,2.660352119309262,2.0507032995511763,0.01621130380874695,-0.01621130380874695,1.0,0.3177083333333333,0.0466565039990277,0.012478298611111112,0.05467908585054926,1274.0,0.3532182103610676,0.152276295133438,0.3547880690737834,0.9565961462674042
large_long,rotatable_xlink,r0006,1.45,pulse_01,2.57401246105919,2.274919414510526,0.021736025052835634,-0.021736025052835634,1.0,0.28232189973614774,0.07932820079391074,0.012261284722222222,0.04396323583994436,1284.0,0.34735202492211836,0.1510903426791277,0.3644859813084111,0.9549802077442409
large_long,rotatable_xlink,r0006,1.5,pulse_01,2.5299359689922483,2.3144827145908424,0.01388461038293006,-0.01388461038293006,1.0,0.2853333333333333,0.018984805462835833,0.0126953125,0.005496722284283144,1290.0,0.3457364341085272,0.14573643410852713,0.372093023255814,0.956530554542936
large_long,rotatable_xlink,r0006,1.55,pulse_01,2.4907047987616098,2.307899748216225,0.01073627218181028,-0.01073627218181028,1.0,0.3062330623306233,0.08495711948325158,0.012651909722222222,0.02040336455732435,1292.0,0.34984520123839,0.1393188854489164,0.3746130030959753,0.9529759124443757
large_long,rotatable_xlink,r0006,1.6,pulse_01,2.4655183359013866,2.1920625272468963,0.025134957444297168,-0.025134957444297168,1.0,0.33152173913043476,0.05452713028344228,0.012456597222222223,0.006600275383854252,1298.0,0.34360554699537754,0.14021571648690295,0.3775038520801233,0.9555417756887745
large_long,rotatable_xlink,r0006,1.65,pulse_01,2.3398950540958268,2.2682980959130994,0.03363420102173239,-0.03363420102173239,1.0,0.32409972299168976,0.0485013732739651,0.012391493055555555,0.009210995527546118,1294.0,0.32457496136012365,0.14219474497681608,0.3848531684698609,0.9554517446971955
large_long,rotatable_xlink,r0006,1.7000000000000002,pulse_01,2.2637131297709923,2.247328500412173,0.012597570178050596,-0.012597570178050596,1.0,0.34065934065934067,0.06420240431411152,0.012391493055555555,0.004298119065188881,1310.0,0.3221374045801527,0.1465648854961832,0.3893129770992366,0.9573376689722148
large_long,rotatable_xlink,r0006,1.75,pulse_01,2.264309633027523,2.242509381521966,0.003503989213659612,0.003503989213659612,1.0,0.31891891891891894,0.0611627228932653,0.012586805555555556,0.0010403816275748046,1308.0,0.32262996941896016,0.1498470948012232,0.385321100917431,0.9543369980226898
large_long,rotatable_xlink,r0006,1.8,pulse_01,2.28473706505295,2.253570790177622,0.0004505229265408713,-0.0004505229265408713,1.0,0.32085561497326204,0.022130420303885963,0.012608506944444445,0.006485130914016886,1322.0,0.31969696969696965,0.14848484848484847,0.3803030303030301,0.9560927053802291
large_long,rotatable_xlink,r0006,1.85,pulse_01,2.261606495468278,2.203598596037865,0.002728015713228634,0.002728015713228634,1.0,0.3048128342245989,0.036413860744070894,0.012977430555555556,0.0071010896851317895,1324.0,0.3202416918429002,0.14652567975830816,0.38066465256797566,0.9545971226121538
large_long,rotatable_xlink,r0006,1.9,pulse_01,2.3011051593323217,2.210964252066831,0.004326635917888695,0.004326635917888695,1.0,0.3027027027027027,0.045425742473963804,0.012760416666666666,0.012485639792248001,1318.0,0.32169954476479506,0.1471927162367223,0.3778452200303488,0.9558781842885684
large_long,rotatable_xlink,r0006,1.9500000000000002,pulse_01,2.28756631097561,2.128684757284377,0.011329373333672121,-0.011329373333672121,1.0,0.2648648648648649,0.04980026568480603,0.012651909722222222,0.03320922018412268,1312.0,0.3201219512195122,0.14939024390243905,0.39024390243902435,0.9532986553801167
large_long,rotatable_xlink,r0006,2.0,pulse_01,2.233128919330289,2.011708930962095,0.018145797215107045,-0.018145797215107045,1.0,0.2077562326869806,0.004910352831258821,0.012630208333333334,0.038991942107427256,1314.0,0.31659056316590556,0.1461187214611872,0.3896499238964992,0.95801415245022
large_long,rotatable_xlink,r0006,2.05,pulse_02,2.685565853658537,1.9514175137846541,0.04557894355667713,-0.04557894355667713,1.0,0.30434782608695654,0.06325869877512832,0.013541666666666667,0.027000438311305757,1394.0,0.34146341463414637,0.133428981348637,0.37159253945480625,0.9580810233012501
large_long,rotatable_xlink,r0006,2.1,pulse_02,2.5488290229885058,2.0324188287185714,0.04607550490850739,-0.04607550490850739,1.0,0.3089005235602094,0.07182415748047283,0.013324652777777777,0.034221183348197425,1392.0,0.3309352517985612,0.13093525179856114,0.37553956834532365,0.9547402740354944
large_long,rotatable_xlink,r0006,2.15,pulse_02,2.409112824207493,2.1567446138738386,0.04891389095917938,-0.04891389095917938,1.0,0.29508196721311475,0.09166171351894178,0.013302951388888888,0.04905213907611657,1388.0,0.3170028818443804,0.13112391930835732,0.3919308357348702,0.9553751823493724
large_long,rotatable_xlink,r0006,2.2,pulse_02,2.2553456772334295,2.326731663175271,0.03093282519860326,-0.03093282519860326,1.0,0.3165266106442577,0.037730220655125754,0.013368055555555555,0.03586703541640827,1388.0,0.31123919308357345,0.12824207492795386,0.40057636887608067,0.9558764550517281
large_long,rotatable_xlink,r0006,2.25,pulse_02,2.2235158730158733,2.3719468263722883,0.014026519423297948,-0.014026519423297948,1.0,0.3426183844011142,0.05137870952140043,0.013454861111111112,0.0177544518823111,1386.0,0.31457431457431456,0.126984126984127,0.39971139971139974,0.9553695832033727
large_long,rotatable_xlink,r0006,2.3,pulse_02,2.171186560693642,2.4332583744691374,0.013887570731782114,-0.013887570731782114,1.0,0.29178470254957506,0.07966959234138224,0.013454861111111112,0.009097077128931893,1384.0,0.30346820809248554,0.12572254335260116,0.40173410404624266,0.956181816173472
large_long,rotatable_xlink,r0006,2.35,pulse_02,2.1401904486251806,2.4265292891458796,0.01275277699935029,-0.01275277699935029,1.0,0.33903133903133903,0.10163593639999838,0.013237847222222222,0.0008981530058256304,1382.0,0.30246020260492046,0.12011577424023157,0.40231548480463103,0.9549006338290099
large_long,rotatable_xlink,r0006,2.4,pulse_02,2.09466989869754,2.4278694564341836,0.003488825377365131,-0.003488825377365131,1.0,0.31213872832369943,0.08939657050627905,0.0134765625,0.010370212393006803,1382.0,0.29811866859623737,0.12156295224312592,0.4037626628075254,0.9540040418741274
large_long,rotatable_xlink,r0006,2.45,pulse_02,2.11925749636099,2.4887505635039204,0.0058556008253491205,0.0058556008253491205,1.0,0.35103244837758113,0.06655695944139872,0.012977430555555556,0.007121129306799719,1374.0,0.29985443959243085,0.11790393013100438,0.40029112081513823,0.9544716418056896
large_long,rotatable_xlink,r0006,2.5,pulse_02,2.1298035036496348,2.470596232274982,0.005033076410019192,-0.005033076410019192,1.0,0.34718100890207715,0.07497289581530268,0.013216145833333333,0.004938707981634316,1370.0,0.29635036496350364,0.11386861313868613,0.4014598540145986,0.9530316895578811
large_long,rotatable_xlink,r0006,2.55,pulse_02,2.0890590379008747,2.4591183156141145,0.00455295094990249,-0.00455295094990249,1.0,0.3633633633633634,0.09323911683903326,0.013151041666666667,0.004883416673599521,1372.0,0.29446064139941697,0.11661807580174928,0.40233236151603496,0.9509678711114548
large_long,rotatable_xlink,r0006,2.6,pulse_02,2.10248579795022,2.441295732233385,0.0029385718845561146,0.0029385718845561146,1.0,0.31547619047619047,0.05273732578793239,0.013346354166666666,0.0045219559798345505,1366.0,0.2947214076246333,0.11583577712609969,0.4061583577712608,0.9540973598620534
large_long,rotatable_xlink,r0006,2.65,pulse_02,2.1066904692082113,2.4319865797351072,0.005286483503646651,0.005286483503646651,1.0,0.31563421828908556,0.05927007872956945,0.013324652777777777,0.013445125693127169,1364.0,0.29325513196480923,0.11436950146627563,0.40175953079178867,0.9529903001315887
large_long,rotatable_xlink,r0006,2.7,pulse_02,2.1342046989720997,2.360624978074622,0.005937562246532968,-0.005937562246532968,1.0,0.31750741839762614,0.07896051434991644,0.013194444444444444,0.0031395130242951965,1362.0,0.2966226138032305,0.11160058737151249,0.40381791483113066,0.9525731752618858
large_long,rotatable_xlink,r0006,2.75,pulse_02,2.0710650957290135,2.413149501589336,0.01399062115907109,-0.01399062115907109,1.0,0.30791788856304986,0.08032815453193101,0.012934027777777777,0.011685344270135825,1358.0,0.2901325478645066,0.10751104565537553,0.4123711340206186,0.9514208129549591
large_long,rotatable_xlink,r0006,2.8,pulse_02,2.050260972017673,2.4307370436954367,0.0017108321277602794,0.0017108321277602794,1.0,0.27167630057803466,0.11160608119161018,0.012912326388888888,0.0009122469227671459,1358.0,0.2901325478645066,0.10751104565537553,0.4197349042709867,0.9520585396761011
large_long,rotatable_xlink,r0006,2.85,pulse_02,2.081330088495575,2.418622983125939,0.0008765636607712679,0.0008765636607712679,1.0,0.29069767441860467,0.09064960466849889,0.013216145833333333,0.0033960684514957595,1356.0,0.28908554572271383,0.10619469026548671,0.41150442477876104,0.9517960192525436
large_long,rotatable_xlink,r0006,2.9,pulse_02,2.055520353982301,2.4511134544044113,0.004263286717843817,-0.004263286717843817,1.0,0.29069767441860467,0.11277162806377095,0.013042534722222223,0.02079440160536457,1356.0,0.28761061946902655,0.10766961651917402,0.4129793510324483,0.9512953452797743
large_long,rotatable_xlink,r0006,2.95,pulse_02,2.0557503681885123,2.5433893927581264,0.0032232055063913614,0.0032232055063913614,1.0,0.1896551724137931,0.09140327905654541,0.012999131944444445,0.018695984928716786,1358.0,0.28718703976435933,0.10456553755522828,0.40942562592047127,0.9505230609044952
large_long,rotatable_xlink,r0006,3.0,pulse_02,2.074859587020649,2.563289363976712,0.006369739610712226,0.006369739610712226,1.0,0.1092436974789916,0.0978956193308276,0.013064236111111112,0.006633323739528556,1356.0,0.28761061946902655,0.09882005899705014,0.4129793510324483,0.9449978814478214
large_long,rotatable_xlink,r0006,3.05,pulse_03,2.6747731543624162,2.6083381614792844,0.027891768300016828,-0.027891768300016828,1.0,0.23185011709601874,0.06700570941671011,0.014301215277777777,0.01002774641608791,1490.0,0.3422818791946309,0.09395973154362416,0.38657718120805373,0.9507131613197218
large_long,rotatable_xlink,r0006,3.1,pulse_03,2.5910978494623658,2.638421400727548,0.027491891810514774,-0.027491891810514774,1.0,0.22673031026252982,0.11809793186970378,0.014040798611111112,0.02120203533708483,1488.0,0.33602150537634407,0.09408602150537633,0.3857526881720429,0.9492433505516343
large_long,rotatable_xlink,r0006,3.15,pulse_03,2.5098218034993276,2.7355503735017934,0.013576024842917978,-0.013576024842917978,1.0,0.20190023752969122,0.05065434454644302,0.014019097222222223,0.06125791620779153,1486.0,0.3337819650067295,0.09959623149394349,0.3903095558546434,0.9509502628902607
large_long,rotatable_xlink,r0006,3.2,pulse_03,2.509641700404858,3.0059688979742973,0.00520507535799597,-0.00520507535799597,1.0,0.20481927710843373,0.09168126486087576,0.014301215277777777,0.06668833151934413,1482.0,0.3346828609986504,0.09851551956815115,0.3954116059379217,0.9492939286732661
large_long,rotatable_xlink,r0006,3.25,pulse_03,2.478591351351352,3.135680362617858,0.0001938403570946138,0.0001938403570946138,1.0,0.22518159806295399,0.08808714361260035,0.014105902777777778,0.026520169500155122,1480.0,0.3324324324324325,0.0918918918918919,0.39864864864864863,0.9443231986260826
large_long,rotatable_xlink,r0006,3.3,pulse_03,2.5108047425474256,-3.118095392204358,0.015612921702190011,-0.015612921702190011,1.0,0.2371638141809291,0.08810873060687095,0.014344618055555555,0.009322423066647767,1476.0,0.33333333333333337,0.08265582655826559,0.3970189701897019,0.9467258921885797
large_long,rotatable_xlink,r0006,3.35,pulse_03,2.3849138211382117,-3.0915704061618414,0.0447559238483611,-0.0447559238483611,1.0,0.2233502538071066,0.09714168296468496,0.014149305555555556,0.0035486914829965985,1476.0,0.32249322493224936,0.08943089430894309,0.3902439024390244,0.9436492617048525
large_long,rotatable_xlink,r0006,3.4,pulse_03,2.242269199457259,-3.0968032433063786,0.05331176910274545,-0.05331176910274545,1.0,0.24102564102564103,0.11016833302840498,0.013953993055555556,0.008309286697816498,1474.0,0.3175033921302578,0.09226594301221167,0.3989145183175034,0.9458310706469009
large_long,rotatable_xlink,r0006,3.45,pulse_03,2.065043206521739,-3.0417146859749424,0.03586017454722431,-0.03586017454722431,1.0,0.21739130434782608,0.1257782151134981,0.014149305555555556,0.009455698664449915,1472.0,0.31385869565217384,0.10190217391304349,0.4008152173913043,0.9479251380733671
large_long,rotatable_xlink,r0006,3.5,pulse_03,2.027108152173913,-3.040069051319679,0.005700789081499513,-0.005700789081499513,1.0,0.20506329113924052,0.09352981555784524,0.014409722222222223,0.006251629379994646,1472.0,0.31929347826086957,0.10733695652173916,0.40760869565217395,0.9514314941515962
large_long,rotatable_xlink,r0006,3.55,pulse_03,2.030838472032742,-3.0792244622549103,0.0018278934703304846,0.0018278934703304846,1.0,0.22250639386189258,0.1181025463164892,0.013888888888888888,0.006548494733044012,1466.0,0.31787175989085953,0.10368349249658937,0.41200545702592084,0.9485845080845694
large_long,rotatable_xlink,r0006,3.6,pulse_03,2.038075512995896,-3.079360019717943,3.7693355206203094e-05,-3.7693355206203094e-05,1.0,0.1658291457286432,0.12167205087303495,0.013910590277777777,0.001221258730594495,1462.0,0.3123287671232876,0.10410958904109588,0.4109589041095891,0.9497282642274858
large_long,rotatable_xlink,r0006,3.65,pulse_03,2.0306123119015047,-3.0718969098713433,0.0018964896089050942,-0.0018964896089050942,1.0,0.14427860696517414,0.1401620803959717,0.013823784722222222,0.007299010313024453,1462.0,0.3091655266757865,0.09986320109439124,0.41586867305061564,0.9496354039968965
large_long,rotatable_xlink,r0006,3.7,pulse_03,2.0266965753424655,-3.12315408159609,0.010212225737585068,-0.010212225737585068,1.0,0.1308641975308642,0.10127043759195738,0.01408420138888889,0.013350663400752083,1460.0,0.31001371742112493,0.1001371742112483,0.4170096021947874,0.948363739791237
large_long,rotatable_xlink,r0006,3.75,pulse_03,1.9693389574759943,3.1311844169037304,0.013727344175733255,-0.013727344175733255,1.0,0.09927360774818401,0.1432815901614593,0.013780381944444444,0.004121141783699415,1458.0,0.3072702331961592,0.09602194787379972,0.4238683127572017,0.9445904336263649
large_long,rotatable_xlink,r0006,3.8,pulse_03,1.944332510288066,-3.0984272308938934,0.01003173296753542,-0.01003173296753542,1.0,0.165,0.17482802246710208,0.014214409722222222,0.01293613430190188,1458.0,0.30315500685871066,0.10150891632373116,0.4224965706447189,0.9468988619311546
large_long,rotatable_xlink,r0006,3.85,pulse_03,1.9091485596707818,-3.0743840844644446,0.007543376256802199,-0.007543376256802199,1.0,0.1836734693877551,0.16448108354377777,0.013758680555555555,0.007721429930912738,1458.0,0.30315500685871066,0.10013717421124828,0.4252400548696844,0.9448858350869219
large_long,rotatable_xlink,r0006,3.9,pulse_03,1.8990722527472528,-3.052098651308417,0.006312288601709848,-0.006312288601709848,1.0,0.20725388601036268,0.1645518164268612,0.014040798611111112,0.024311442674787315,1456.0,0.30357142857142866,0.09203296703296704,0.4175824175824176,0.9485366663120731
large_long,rotatable_xlink,r0006,3.95,pulse_03,1.8712748280605227,3.062932566666417,0.016249438818756994,-0.016249438818756994,1.0,0.19791666666666666,0.18473999983767408,0.013454861111111112,0.06609679313478074,1454.0,0.29063360881542705,0.0881542699724518,0.4201101928374656,0.9449179253221587
large_long,rotatable_xlink,r0006,4.0,pulse_03,1.8015756198347108,2.834505897062484,0.02323306940860396,-0.02323306940860396,1.0,0.18848167539267016,0.18122039850424673,0.013953993055555556,0.07614222320131099,1452.0,0.28925619834710753,0.09366391184573003,0.4338842975206612,0.9475676077475416
large_long,rotatable_xlink,r0006,4.05,pulse_04,2.2617784695201038,2.724055755897312,0.013652809160400015,0.013652809160400015,1.0,0.22522522522522523,0.15143101888388355,0.01482204861111111,0.027743891268505,1542.0,0.3346303501945526,0.0933852140077821,0.40985732814526593,0.9545066740253852
large_long,rotatable_xlink,r0006,4.1,pulse_04,2.302736897001304,2.640824082091797,0.0035822715945416452,0.0035822715945416452,1.0,0.2304147465437788,0.14881266632427986,0.014930555555555556,0.011527685698440685,1534.0,0.33116036505867014,0.09126466753585397,0.40417209908735324,0.9517013457004331
large_long,rotatable_xlink,r0006,4.15,pulse_04,2.2832720990873536,2.654889641706668,0.018406279878313853,-0.018406279878313853,1.0,0.26976744186046514,0.14676213167472868,0.01484375,0.005464995906890202,1534.0,0.3324641460234681,0.09256844850065186,0.40677966101694907,0.9518767105028487
large_long,rotatable_xlink,r0006,4.2,pulse_04,2.1922992177314207,2.6736140575331384,0.03282509310289661,-0.03282509310289661,1.0,0.3188405797101449,0.143710116748423,0.014908854166666667,0.008440798125955181,1534.0,0.3142112125162972,0.08865710560625814,0.4041720990873533,0.9533851679950726
large_long,rotatable_xlink,r0006,4.25,pulse_04,2.086321540469974,2.705534430462399,0.0208658600232996,-0.0208658600232996,1.0,0.34536082474226804,0.1531439322631531,0.014735243055555555,0.015019514298619438,1532.0,0.3093994778067885,0.09530026109660573,0.40469973890339417,0.9523253656931577
large_long,rotatable_xlink,r0006,4.3,pulse_04,2.067104057591623,2.763731143324855,0.00040232953722367054,0.00040232953722367054,1.0,0.39946380697050937,0.13116026598031916,0.014908854166666667,0.013598782823094124,1528.0,0.3062827225130889,0.09162303664921463,0.40837696335078516,0.9530636398309659
large_long,rotatable_xlink,r0006,4.35,pulse_04,2.088735517693316,2.787127127400964,0.019078638622740025,0.019078638622740025,0.8951507208387942,0.40482573726541554,0.1494602479653389,0.0146484375,0.001997228249725517,1526.0,0.30799475753604194,0.08781127129750983,0.4049803407601574,0.9528205097764156
large_long,rotatable_xlink,r0006,4.4,pulse_04,2.1815758893280632,2.775714512823208,0.03667577582490774,0.03667577582490774,1.0,0.44751381215469616,0.12890106282133462,0.014301215277777777,0.006143053681704869,1518.0,0.30303030303030304,0.08168642951251645,0.4057971014492753,0.9496643643053658
large_long,rotatable_xlink,r0006,4.45,pulse_04,2.3087901726427624,2.7502688053107347,0.017257719686457545,0.017257719686457545,1.0,0.4772727272727273,0.13413928963990163,0.014605034722222222,0.017321195152404305,1506.0,0.30942895086321376,0.0743691899070385,0.40239043824701176,0.9445022625783931
large_long,rotatable_xlink,r0006,4.5,pulse_04,2.2851222074468085,2.879641683737634,0.012475792200336086,-0.012475792200336086,1.0,0.4913294797687861,0.15144128701835563,0.014409722222222223,0.04806832854638624,1504.0,0.3058510638297872,0.07446808510638299,0.4042553191489362,0.9439572205675133
large_long,rotatable_xlink,r0006,4.55,pulse_04,2.233935419440746,3.038678776589052,0.01525065679669028,-0.01525065679669028,1.0,0.4689265536723164,0.11165266847543451,0.0146484375,0.02674797987028521,1502.0,0.3049267643142476,0.07323568575233025,0.4087882822902797,0.9485399186695218
large_long,rotatable_xlink,r0006,4.6,pulse_04,2.193618266666667,3.040129562959345,0.0032775387124950317,-0.0032775387124950317,1.0,0.4606741573033708,0.12615170236428055,0.014431423611111112,0.008732895316114764,1500.0,0.3026666666666667,0.072,0.40800000000000003,0.9435679056266593
large_long,rotatable_xlink,r0006,4.65,pulse_04,2.2142701871657757,2.9862814046923636,0.004321230432842456,0.004321230432842456,1.0,0.5141242937853108,0.09532531195412962,0.014388020833333333,0.010974308420102385,1496.0,0.2994652406417112,0.06951871657754011,0.40775401069518724,0.9406164826131964
large_long,rotatable_xlink,r0006,4.7,pulse_04,2.2195456492637216,2.974283712438731,0.00034624502167905174,0.00034624502167905174,1.0,0.4692737430167598,0.09465137675290446,0.014344618055555555,0.0028946841779012487,1494.0,0.2985274431057564,0.06961178045515395,0.4096385542168674,0.9426896052925198
large_long,rotatable_xlink,r0006,4.75,pulse_04,2.21634765729585,2.968913299624956,0.0013672463755095194,0.0013672463755095194,1.0,0.49019607843137253,0.09620214727527672,0.014605034722222222,0.0023704102997106347,1494.0,0.2998661311914324,0.06693440428380186,0.4042838018741633,0.9397909665708616
large_long,rotatable_xlink,r0006,4.8,pulse_04,2.2277491275167787,2.9885061742369947,0.0024303187661038153,0.0024303187661038153,1.0,0.5056179775280899,0.08558669363319453,0.014496527777777778,0.0076070487496345445,1490.0,0.29664429530201336,0.06442953020134227,0.4,0.9406465285644414
large_long,rotatable_xlink,r0006,4.85,pulse_04,2.230929569892473,3.0145555921227634,0.0004910280303576838,0.0004910280303576838,1.0,0.519774011299435,0.08882990424214787,0.014626736111111111,0.00010116378379184295,1488.0,0.2960969044414536,0.063257065948856,0.4064602960969045,0.9374989081929421
large_long,rotatable_xlink,r0006,4.9,pulse_04,2.2306952956989248,2.9891131569397458,0.0045709229390680966,-0.0045709229390680966,1.0,0.49295774647887325,0.11629025613588954,0.014192708333333333,0.005624718147082912,1488.0,0.2983870967741936,0.06182795698924731,0.40591397849462363,0.9390490056463681
large_long,rotatable_xlink,r0006,4.95,pulse_04,2.2035040322580643,3.048303901005261,0.005736895161290316,-0.005736895161290316,1.0,0.5070821529745042,0.09218824783172985,0.014539930555555556,0.015178072467516568,1488.0,0.29569892473118276,0.061827956989247326,0.4099462365591398,0.9398666315855757
large_long,rotatable_xlink,r0006,5.0,pulse_04,2.196273924731183,3.080181591744845,0.002410035842293823,-0.002410035842293823,1.0,0.4985754985754986,0.060870546803951604,0.014105902777777778,0.010625896913194785,1488.0,0.3010752688172043,0.06182795698924731,0.413978494623656,0.9396677007172403
large_long,rotatable_xlink,r0006,5.05,pulse_05,2.7052749376558607,3.062481323094158,0.0017195484551209006,0.0017195484551209006,1.0,0.537712895377129,0.11600180880095663,0.015407986111111112,0.008866210658139787,1604.0,0.3478802992518702,0.05860349127182045,0.382793017456359,0.9428785640919041
large_long,rotatable_xlink,r0006,5.1,pulse_05,2.7104335830212234,3.0358826911197387,0.008238093724023177,0.008238093724023177,1.0,0.4647887323943662,0.10879996450586224,0.015407986111111112,0.00393082430169341,1602.0,0.34581772784019965,0.06117353308364544,0.3857677902621722,0.9417541997241287
large_long,rotatable_xlink,r0006,5.15,pulse_05,2.7547034999999997,3.0388963772839976,0.004386907141000762,-0.004386907141000762,1.0,0.46153846153846156,0.11499947172091173,0.015407986111111112,0.0011262453947160633,1600.0,0.3475,0.057499999999999996,0.3825,0.942495937114337
large_long,rotatable_xlink,r0006,5.2,pulse_05,2.684112140175219,3.0291252187514424,0.03486007436378805,-0.03486007436378805,1.0,0.4265402843601896,0.08152016607503376,0.015190972222222222,0.0019482125024034385,1598.0,0.3404255319148936,0.06633291614518148,0.38047559449311646,0.9429574319416208
large_long,rotatable_xlink,r0006,5.25,pulse_05,2.5455430538172714,3.0505856522984183,0.03404815468834155,-0.03404815468834155,1.0,0.37471264367816093,0.10529360173979928,0.014908854166666667,0.004563169593570467,1598.0,0.33917396745932404,0.07384230287859825,0.39173967459324144,0.9429472272060175
large_long,rotatable_xlink,r0006,5.3,pulse_05,2.4798232120451695,3.0017462011900196,0.01689220708275278,-0.01689220708275278,1.0,0.34553775743707094,0.08899288807828092,0.015169270833333333,0.020196833609626614,1594.0,0.3350062735257213,0.07653701380175658,0.40150564617314927,0.939207379605842
large_long,rotatable_xlink,r0006,5.35,pulse_05,2.4441898113207547,2.9294046506406586,0.011503826692666808,-0.011503826692666808,1.0,0.3793103448275862,0.05931147753489834,0.014995659722222223,0.11193347976726598,1590.0,0.3333333333333333,0.07044025157232704,0.4062893081761006,0.9360125929910795
large_long,rotatable_xlink,r0006,5.4,pulse_05,2.4108002518891687,2.3301453225864237,0.02222194627519099,-0.02222194627519099,1.0,0.37471264367816093,0.05429394102713593,0.014995659722222223,0.28671271260697295,1588.0,0.3287153652392947,0.07052896725440806,0.4118387909319899,0.9371475209351867
large_long,rotatable_xlink,r0006,5.45,pulse_05,2.310858133669609,1.2091283749988209,0.01676112499880585,-0.01676112499880585,1.0,0.3287037037037037,0.021138151233994984,0.014756944444444444,0.19129632608719707,1586.0,0.3303909205548551,0.06935687263556116,0.4148802017654477,0.9362937108706059
large_long,rotatable_xlink,r0006,5.5,pulse_05,2.3102335018963336,1.1823673660632412,3.054312257577685e-05,3.054312257577685e-05,1.0,0.3490566037735849,0.008344860409823717,0.014713541666666666,0.1359455664910947,1582.0,0.3261694058154235,0.0720606826801517,0.41466498103666244,0.9359673491425363
large_long,rotatable_xlink,r0006,5.55,pulse_05,2.3110413924050635,2.024801773945389,0.003199323288005355,0.003199323288005355,1.0,0.36211031175059955,0.03873221193325937,0.014995659722222223,0.12586237959973215,1580.0,0.32405063291139247,0.0708860759493671,0.4177215189873418,0.9358153098005277
large_long,rotatable_xlink,r0006,5.6,pulse_05,2.3294294416243657,1.9375416436616342,0.01281290550236669,-0.01281290550236669,1.0,0.35391923990498814,0.036506788225773384,0.014778645833333333,0.04862888697631873,1576.0,0.3236040609137057,0.06725888324873096,0.41751269035532995,0.9324070327055813
large_long,rotatable_xlink,r0006,5.65,pulse_05,2.2341639593908633,2.3165750958033016,0.017238473222866535,-0.017238473222866535,1.0,0.3242630385487528,0.03208130474486048,0.015104166666666667,0.04910486341113566,1576.0,0.31979695431472077,0.07741116751269037,0.4263959390862945,0.9347883658152653
large_long,rotatable_xlink,r0006,5.7,pulse_05,2.2259986022871665,2.232170824128448,0.010950693825534078,-0.010950693825534078,1.0,0.3108108108108108,0.014562319786878008,0.01484375,0.0002535559885757562,1574.0,0.3189326556543838,0.07878017789072427,0.42693773824650566,0.933101169001674
large_long,rotatable_xlink,r0006,5.75,pulse_05,2.168459796437659,2.318096431734756,0.006280269389283018,-0.006280269389283018,1.0,0.3579676674364896,0.00694020381433089,0.014800347222222222,0.056592763243769974,1572.0,0.31933842239185745,0.08015267175572517,0.4274809160305342,0.9331457576021404
large_long,rotatable_xlink,r0006,5.8,pulse_05,2.1883169859514684,1.8926142446658283,0.007570098029620942,0.007570098029620942,1.0,0.33488372093023255,0.04853967108329207,0.014908854166666667,0.04982178250720892,1566.0,0.3218390804597701,0.08173690932311622,0.4252873563218391,0.9342834335880974
large_long,rotatable_xlink,r0006,5.85,pulse_05,2.2138803846153845,2.0191657366915026,0.0071906091790287325,0.0071906091790287325,1.0,0.29195402298850576,0.03596612422012334,0.014887152777777777,0.030911056826589012,1560.0,0.32435897435897443,0.07564102564102564,0.4230769230769231,0.9324874462612096
large_long,rotatable_xlink,r0006,5.9,pulse_05,2.231460641025641,2.0780805856253624,0.001316165546107732,0.001316165546107732,1.0,0.3148148148148148,0.01569581250561828,0.014887152777777777,0.08392335706593175,1560.0,0.3230769230769231,0.07307692307692307,0.4230769230769231,0.9340701536295691
large_long,rotatable_xlink,r0006,5.95,pulse_05,2.221777377892031,2.522705879087093,0.009310707438207425,-0.009310707438207425,1.0,0.2516703786191537,0.0063405546546713865,0.014583333333333334,0.16483437533989984,1556.0,0.32561132561132566,0.07464607464607464,0.42213642213642205,0.9323422399097266
large_long,rotatable_xlink,r0006,6.0,pulse_05,2.1755963963963962,3.0670868376647613,0.015393660498544884,-0.015393660498544884,1.0,0.19912472647702406,0.011963956821047799,0.014605034722222222,0.1814603195258894,1554.0,0.32046332046332043,0.08108108108108107,0.42342342342342343,0.9324421032405649
large_long,rotatable_xlink,r0006,6.05,pulse_06,2.60423700120919,-2.923897127395538,0.010845473706968978,0.010845473706968978,1.0,0.308300395256917,0.011323370613719939,0.01564670138888889,0.0039618738767766,1654.0,0.36154776299879077,0.07859733978234583,0.40266021765417176,0.9368406410207175
large_long,rotatable_xlink,r0006,6.1,pulse_06,2.636773422330097,-2.912011505765208,0.004118528995548616,0.004118528995548616,1.0,0.25680933852140075,0.042127155790009654,0.0158203125,0.024891920807636508,1648.0,0.3616504854368932,0.07645631067961164,0.40048543689320376,0.9338071177754551
large_long,rotatable_xlink,r0006,6.15,pulse_06,2.6289481751824817,-2.774545602549719,0.0027131491238456076,0.0027131491238456076,1.0,0.2709551656920078,0.04969975894969882,0.015538194444444445,0.0054113268460003194,1644.0,0.35644768856447695,0.0754257907542579,0.402676399026764,0.9310108248404682
large_long,rotatable_xlink,r0006,6.2,pulse_06,2.6530523170731706,-2.879543544689206,0.005689793350742267,0.005689793350742267,1.0,0.2890625,0.04595883608161677,0.015473090277777778,0.014519776743749935,1640.0,0.36219512195121967,0.07317073170731708,0.4012195121951221,0.9348762414353218
large_long,rotatable_xlink,r0006,6.25,pulse_06,2.6630869352869353,-2.8616642630122184,0.00575020280477867,-0.00575020280477867,1.0,0.2845849802371542,0.03281634411044921,0.015603298611111111,0.024966359190395544,1638.0,0.3638583638583638,0.07692307692307691,0.3968253968253967,0.9364412546940529
large_long,rotatable_xlink,r0006,6.3,pulse_06,2.6185511002444986,-2.729745389546833,0.006726877152549567,-0.006726877152549567,1.0,0.30677290836653387,0.026379563881620518,0.015668402777777778,0.011131396928393192,1636.0,0.363080684596577,0.07946210268948656,0.39975550122249387,0.9357352483212711
large_long,rotatable_xlink,r0006,6.35,pulse_06,2.622725672371638,-2.9284526445825776,7.695599021998827e-05,-7.695599021998827e-05,1.0,0.34826883910386963,0.04365168223196591,0.01545138888888889,0.055189134377456504,1636.0,0.36063569682151597,0.08557457212713937,0.402200488997555,0.9349598173640922
large_long,rotatable_xlink,r0006,6.4,pulse_06,2.6180893643031786,-3.060880195811572,0.0007626531359387437,0.0007626531359387437,1.0,0.33874239350912777,0.02226866462635804,0.015407986111111112,0.00953404638078196,1636.0,0.363080684596577,0.09046454767726161,0.402200488997555,0.9364501915498757
large_long,rotatable_xlink,r0006,6.45,pulse_06,2.6273015911872704,-2.9856569228672694,0.0014622183969349074,-0.0014622183969349074,1.0,0.3862212943632568,0.04103534789580512,0.015342881944444444,0.02075435845670241,1634.0,0.3610771113831089,0.08935128518971848,0.39779681762545904,0.9351151313164526
large_long,rotatable_xlink,r0006,6.5,pulse_06,2.609316053921569,-2.9363540450713574,0.017796752125982973,-0.017796752125982973,1.0,0.3710691823899371,0.02641240463025571,0.015364583333333333,0.009551925500344893,1632.0,0.3627450980392156,0.08823529411764706,0.3995098039215686,0.936687469519843
large_long,rotatable_xlink,r0006,6.55,pulse_06,2.5205210784313725,-2.9283453698652,0.025339730868318828,-0.025339730868318828,1.0,0.3471933471933472,0.033908611442091875,0.0154296875,0.016691213651418197,1632.0,0.3602941176470588,0.0968137254901961,0.40441176470588236,0.9406947523492104
large_long,rotatable_xlink,r0006,6.6,pulse_06,2.457277668711656,-3.0365013269798666,0.006096114798159302,-0.006096114798159302,1.0,0.34024896265560167,0.05455088533774569,0.0158203125,0.0441580286773986,1630.0,0.3570552147239263,0.09202453987730061,0.4049079754601227,0.936767078104382
large_long,rotatable_xlink,r0006,6.65,pulse_06,2.4839443896424167,3.0898917652499955,0.003942706673828011,0.003942706673828011,1.0,0.3574468085106383,0.03271249547448402,0.015494791666666667,0.040797723183710964,1622.0,0.3580246913580247,0.08888888888888888,0.39876543209876536,0.9349538484310773
large_long,rotatable_xlink,r0006,6.7,pulse_06,2.4809339087546243,3.0018976410974547,0.00782969383696197,0.00782969383696197,1.0,0.3617021276595745,0.030336308606375206,0.015256076388888888,0.008080622668958556,1622.0,0.3538840937114673,0.08508014796547472,0.4019728729963008,0.9372339610585547
large_long,rotatable_xlink,r0006,6.75,pulse_06,2.5309225526641885,3.041408029236244,0.01088602555952948,0.01088602555952948,1.0,0.3276955602536998,0.06168544762067031,0.015342881944444444,0.011971573793920628,1614.0,0.35563816604708803,0.08674101610904583,0.39776951672862454,0.9368435939711783
large_long,rotatable_xlink,r0006,6.8,pulse_06,2.546250062111801,3.0737270838609785,0.001494893793116144,0.001494893793116144,1.0,0.32346723044397463,0.04535793700771205,0.015277777777777777,0.006393464955503821,1610.0,0.3565217391304347,0.08695652173913042,0.39627329192546595,0.9374790320207043
large_long,rotatable_xlink,r0006,6.85,pulse_06,2.5398919154228854,3.0030472395032213,0.0012642737726910418,-0.0012642737726910418,1.0,0.3263157894736842,0.015334179557298178,0.015516493055555556,0.029300135751032002,1608.0,0.35323383084577104,0.08706467661691542,0.3980099502487562,0.9377752933197795
large_long,rotatable_xlink,r0006,6.9,pulse_06,2.538664419475655,2.8979262693547865,0.000991251476244163,0.000991251476244163,1.0,0.31759656652360513,0.05462182048524677,0.01521267361111111,0.019726269185357175,1602.0,0.3570536828963795,0.08863920099875157,0.39700374531835203,0.9388856778199598
large_long,rotatable_xlink,r0006,6.95,pulse_06,2.5458394242803504,2.8846896243910782,0.0020858721654251067,-0.0020858721654251067,1.0,0.27044025157232704,0.06497784541968801,0.015147569444444444,0.0054743446105348275,1598.0,0.3579474342928661,0.0888610763454318,0.3979974968710889,0.9371427101135078
large_long,rotatable_xlink,r0006,7.0,pulse_06,2.5261491864831043,2.8650802016915775,0.006563412599082034,-0.006563412599082034,1.0,0.3174946004319654,0.030828078118053007,0.015494791666666667,0.006536474233166907,1598.0,0.355444305381727,0.09136420525657071,0.4042553191489361,0.9376389205118669
large_long,rotatable_xlink,r0006,7.05,pulse_07,2.99258955399061,-2.5199241005547437,0.005045597511166881,-0.005045597511166881,1.0,0.39264990328820115,0.07988326081496121,0.01644965277777778,0.014010462412917443,1704.0,0.3884976525821596,0.08215962441314555,0.3755868544600939,0.9396221430440926
large_long,rotatable_xlink,r0006,7.1,pulse_07,2.9774527614571094,-2.4778927133159914,0.0025346615990492114,0.0025346615990492114,1.0,0.3423076923076923,0.0603917063191828,0.01597222222222222,0.002126387538765743,1702.0,0.3830787309048178,0.0834312573443008,0.37720329024676835,0.9410229321765187
large_long,rotatable_xlink,r0006,7.15,pulse_07,3.0077975235849053,-2.532682425787338,0.0024598384992868074,0.0024598384992868074,1.0,0.3244274809160305,0.03549520027686094,0.015842013888888888,0.018147792689296487,1696.0,0.38325471698113206,0.08608490566037738,0.3773584905660378,0.936786307011603
large_long,rotatable_xlink,r0006,7.2,pulse_07,2.99221179245283,-2.5867794694517703,0.0022659981260162443,-0.0022659981260162443,1.0,0.3193116634799235,0.061513170487703675,0.015950520833333332,0.004725752455095433,1696.0,0.38443396226415094,0.08962264150943396,0.37735849056603765,0.9389285906857481
large_long,rotatable_xlink,r0006,7.25,pulse_07,2.994201534828808,-2.5043279110567656,0.005988429068512528,0.005988429068512528,1.0,0.3041825095057034,0.07394467168439721,0.016015625,0.017436064487044007,1694.0,0.38370720188901997,0.08382526564344746,0.3766233766233765,0.9418271857208783
large_long,rotatable_xlink,r0006,7.3,pulse_07,3.0281423668639054,-2.4821630825295062,0.008308993477385155,-0.008308993477385155,1.0,0.25981308411214954,0.06602590382891207,0.01597222222222222,0.021091245748911636,1690.0,0.38698224852071,0.08402366863905326,0.37514792899408284,0.9380285515776315
large_long,rotatable_xlink,r0006,7.35,pulse_07,2.944347573964497,-2.3777804365632957,0.02567548531460025,-0.02567548531460025,1.0,0.24907063197026022,0.06618583765118886,0.016080729166666665,0.017029669151380118,1690.0,0.3834319526627219,0.08994082840236686,0.383431952662722,0.9403925203429762
large_long,rotatable_xlink,r0006,7.4,pulse_07,2.874089454976304,-2.3799850676212255,0.015927818278384853,-0.015927818278384853,1.0,0.2607879924953096,0.06433268441694173,0.016037326388888887,0.006874934539235082,1688.0,0.3827014218009478,0.09360189573459717,0.3933649289099526,0.9388161207021417
large_long,rotatable_xlink,r0006,7.45,pulse_07,2.8487806642941877,-2.3365308293278853,5.6836869028723903e-05,5.6836869028723903e-05,1.0,0.2679245283018868,0.0486727276871632,0.016102430555555554,0.018070160164905147,1686.0,0.37959667852906287,0.08540925266903916,0.3997627520759194,0.9354891409778834
large_long,rotatable_xlink,r0006,7.5,pulse_07,2.874430476190476,-2.2715641066317946,0.001503579760492461,0.001503579760492461,1.0,0.26996197718631176,0.08639554031847609,0.01599392361111111,0.005769288387606375,1680.0,0.3718712753277712,0.08224076281287249,0.40047675804529215,0.936146890228678
large_long,rotatable_xlink,r0006,7.55,pulse_07,2.8578021428571425,-2.301915099002247,0.0021251230679001734,-0.0021251230679001734,1.0,0.25757575757575757,0.05691400535674494,0.015863715277777777,0.004202307958639295,1680.0,0.37500000000000006,0.08095238095238096,0.40714285714285714,0.9327630682592365
large_long,rotatable_xlink,r0006,7.6,pulse_07,2.861679737783075,-2.246350258879959,0.002680671859923933,0.002680671859923933,1.0,0.24521072796934865,0.06037525263991826,0.016145833333333335,0.006189541330754149,1678.0,0.3694874851013111,0.08343265792610251,0.40643623361144215,0.9341018651981905
large_long,rotatable_xlink,r0006,7.65,pulse_07,2.873886174016686,-2.264777851017722,0.0014841248484055065,0.0014841248484055065,1.0,0.24615384615384617,0.041973887334831914,0.01597222222222222,0.017812188448185513,1678.0,0.3694874851013112,0.08343265792610251,0.4040524433849822,0.9356708229965581
large_long,rotatable_xlink,r0006,7.7,pulse_07,2.870584486873508,-2.139477128190846,0.004158316194507424,-0.004158316194507424,1.0,0.277992277992278,0.07068307726507679,0.01599392361111111,0.017532083661408498,1676.0,0.3711217183770884,0.08114558472553698,0.4033412887828162,0.9368030520087117
large_long,rotatable_xlink,r0006,7.75,pulse_07,2.8489362768496416,-2.159585349049271,0.0011655962970998541,-0.0011655962970998541,1.0,0.25812619502868067,0.07804535558090576,0.015842013888888888,0.016655607729346194,1676.0,0.3687350835322197,0.08353221957040571,0.4021479713603819,0.9357731155194167
large_long,rotatable_xlink,r0006,7.8,pulse_07,2.863590909090909,-2.0395434818147686,0.0006945718807216394,0.0006945718807216394,1.0,0.25769230769230766,0.04930782610130048,0.01599392361111111,0.018822932485018134,1672.0,0.3648325358851675,0.08014354066985646,0.39832535885167464,0.9370430309969889
large_long,rotatable_xlink,r0006,7.85,pulse_07,2.8531037081339714,-2.0466477541391623,0.0037575375604786596,0.0037575375604786596,1.0,0.26171875,0.059464287243522644,0.015885416666666666,0.005480983865818671,1672.0,0.3664670658682635,0.08263473053892215,0.3952095808383233,0.93939342194995
large_long,rotatable_xlink,r0006,7.9,pulse_07,2.886136134453781,-2.0066575786198566,0.004601822954061936,0.004601822954061936,1.0,0.23106796116504855,0.022634272677828967,0.015928819444444443,0.006750712790777398,1666.0,0.36254501800720285,0.07803121248499399,0.39615846338535404,0.9378220765117025
large_long,rotatable_xlink,r0006,7.95,pulse_07,2.880714645858343,-2.0871520308838267,0.003480055315395525,0.003480055315395525,1.0,0.2495164410058027,0.05118108317325764,0.015755208333333333,0.023869650569689965,1666.0,0.3589435774309724,0.08043217286914767,0.3889555822328933,0.9379721796446037
large_long,rotatable_xlink,r0006,8.0,pulse_07,2.907016466346154,-2.1498754820379964,0.008767273495937053,0.008767273495937053,1.0,0.23699421965317918,0.056390441123928124,0.015950520833333332,0.020907817051389888,1664.0,0.36658653846153844,0.0769230769230769,0.3894230769230769,0.9352421957503001
large_long,rotatable_xlink,r0007,0.0,initial,0.3113267241379311,2.137284856312296,0.03648051384824191,0.03648051384824191,1.0,-0.02127659574468085,0.0,0.004709201388888889,0.010591511660622702,464.0,0.2715517241379311,0.26724137931034486,0.47413793103448293,0.946627021720673
large_long,rotatable_xlink,r0007,0.05,initial,0.42076826568265685,2.169059391294164,0.057311873660627316,0.057311873660627316,1.0,-0.04142011834319527,0.05986993464903161,0.005360243055555556,0.013561419930756694,542.0,0.26937269372693723,0.2693726937269373,0.4649446494464942,0.9439458671932773
large_long,rotatable_xlink,r0007,0.1,initial,0.655197966101695,2.218653375896836,0.08123923967017446,0.08123923967017446,1.0,-0.02197802197802198,0.1196707078473782,0.005902777777777778,0.03046749147167745,590.0,0.2745762711864408,0.26101694915254237,0.4406779661016949,0.9549359016363946
large_long,rotatable_xlink,r0007,0.15000000000000002,initial,0.9082037037037036,2.3518643401242287,0.08603219612590797,0.08603219612590797,1.0,0.004975124378109453,0.05891646031081179,0.006380208333333333,0.01297861772961384,648.0,0.2808641975308642,0.2530864197530864,0.4475308641975308,0.9561617768181525
large_long,rotatable_xlink,r0007,0.2,initial,1.1713911428571429,2.296525082274519,0.08172935583432898,0.08172935583432898,1.0,0.045871559633027525,0.07468808660205008,0.006727430555555556,0.019745928572785603,700.0,0.2942857142857143,0.2457142857142857,0.41999999999999993,0.9504161954594103
large_long,rotatable_xlink,r0007,0.25,initial,1.3985798387096775,2.233388768687515,0.08048196195262021,0.08048196195262021,1.0,0.09871244635193133,0.0918307796686894,0.007291666666666667,0.01751596194689749,744.0,0.3064516129032257,0.23387096774193541,0.4059139784946234,0.9485196988223692
large_long,rotatable_xlink,r0007,0.30000000000000004,initial,1.6542829145728641,2.191429310593134,0.10559524565658118,0.10559524565658118,1.0,0.12,0.03752830231142244,0.007877604166666666,0.01762412904896545,796.0,0.3198992443324937,0.21662468513853902,0.4055415617128464,0.9573636690627818
large_long,rotatable_xlink,r0007,0.35000000000000003,initial,2.0321513126491646,2.1276439943937224,0.1210401473423564,0.1210401473423564,1.0,0.08745247148288973,0.09241157205569532,0.008116319444444445,0.005646292288549108,838.0,0.33174224343675424,0.20047732696897375,0.3866348448687351,0.9538818043249887
large_long,rotatable_xlink,r0007,0.4,initial,2.3805237986270025,2.1575515568618395,0.06996866768802128,0.06996866768802128,1.0,0.1366906474820144,0.07830931322973148,0.008528645833333333,0.017148288811729657,874.0,0.35240274599542337,0.18306636155606407,0.37757437070938205,0.9494596369998397
large_long,rotatable_xlink,r0007,0.45,initial,2.4519633187772922,2.2305337272641004,0.033072572840297854,0.033072572840297854,1.0,0.1597222222222222,0.09124360354469793,0.009049479166666667,0.021369158964313684,916.0,0.35371179039301315,0.17467248908296945,0.37772925764192145,0.9557441852684434
large_long,rotatable_xlink,r0007,0.5,initial,2.5789592356687896,2.2857665106477216,0.03823312384639636,0.03823312384639636,1.0,0.18493150684931506,0.10440359089369516,0.008984375,0.01590172356030813,942.0,0.35881104033970274,0.1740976645435244,0.37154989384288745,0.9503548422227909
large_long,rotatable_xlink,r0007,0.55,initial,2.6813620618556704,2.325944068625949,0.026947019369979747,0.026947019369979747,1.0,0.17218543046357615,0.0882182128367214,0.009288194444444444,0.01928995487525209,970.0,0.3615702479338843,0.17148760330578514,0.36983471074380175,0.9461087294186385
large_long,rotatable_xlink,r0007,0.6000000000000001,initial,2.740641351888668,2.401506239899234,0.040882540972772885,0.040882540972772885,1.0,0.20512820512820512,0.07700156987560025,0.009700520833333334,0.004398447397247522,1006.0,0.3558648111332009,0.16500994035785288,0.36779324055666013,0.9514720973972591
large_long,rotatable_xlink,r0007,0.65,initial,2.9266573076923077,2.3523347530094343,0.020099315343198382,0.020099315343198382,1.0,0.2246153846153846,0.06081939522536772,0.010091145833333334,0.00139296482792813,1040.0,0.3673076923076923,0.16346153846153846,0.3596153846153846,0.9464331787155056
large_long,rotatable_xlink,r0007,0.7000000000000001,initial,2.8612372439478584,2.3931484509316654,0.015183238705738752,-0.015183238705738752,1.0,0.22796352583586627,0.10559353380489396,0.010394965277777777,0.006178602839934137,1074.0,0.3575418994413408,0.1564245810055866,0.3668528864059589,0.948812072201852
large_long,rotatable_xlink,r0007,0.75,initial,2.835557875457875,2.389406370049039,0.0028921855324997767,0.0028921855324997767,1.0,0.22054380664652568,0.11367912093053861,0.010546875,0.013051928407070553,1092.0,0.3553113553113553,0.15384615384615383,0.36813186813186805,0.9522225745558912
large_long,rotatable_xlink,r0007,0.8,initial,2.878590357142857,2.4714600213740887,0.0035193827517510843,-0.0035193827517510843,1.0,0.21407624633431085,0.0811869958583883,0.010959201388888888,0.014681121308237843,1120.0,0.3607142857142857,0.1482142857142857,0.36607142857142866,0.9487500703783633
large_long,rotatable_xlink,r0007,0.8500000000000001,initial,2.8144415789473687,2.477493097898466,0.003944555514645713,-0.003944555514645713,1.0,0.20958083832335328,0.1009717395386209,0.011111111111111112,0.00734363622296826,1140.0,0.3456140350877192,0.143859649122807,0.3701754385964911,0.9452791313267321
large_long,rotatable_xlink,r0007,0.9,initial,2.8549230240549828,2.5155218387118983,0.003875514144922413,-0.003875514144922413,1.0,0.21994134897360704,0.10003994473393614,0.0111328125,0.005645945182438883,1164.0,0.3470790378006873,0.14776632302405499,0.3676975945017182,0.9467260074848185
large_long,rotatable_xlink,r0007,0.9500000000000001,initial,2.791188494077834,2.5113687689930995,0.011072001513323585,-0.011072001513323585,1.0,0.20348837209302326,0.12023277939041807,0.011393229166666666,0.0005568846606986236,1182.0,0.34010152284263956,0.1455160744500846,0.377326565143824,0.9442165714275457
large_long,rotatable_xlink,r0007,1.0,initial,2.7884910149750413,2.5121805307477065,0.0008991597009309812,-0.0008991597009309812,1.0,0.23615160349854228,0.12609079153700403,0.011284722222222222,0.00027058725153568847,1202.0,0.336106489184692,0.14143094841930115,0.3760399334442594,0.9458731313872387
large_long,rotatable_xlink,r0007,1.05,pulse_01,3.4275151111111115,2.3950033349601045,0.02720974984999754,-0.02720974984999754,1.0,0.36585365853658536,0.12573193255277149,0.012673611111111111,0.0074964047435514365,1350.0,0.39851851851851844,0.1259259259259259,0.33777777777777784,0.9524997347998879
large_long,rotatable_xlink,r0007,1.1,pulse_01,3.345885861561119,2.417492549190759,0.03004543457868351,-0.03004543457868351,1.0,0.357487922705314,0.10911060118836084,0.012955729166666667,0.015525976011102838,1358.0,0.3917525773195876,0.12371134020618557,0.3402061855670103,0.9559520238750343
large_long,rotatable_xlink,r0007,1.15,pulse_01,3.2472425036390105,2.4881591910267216,0.02455890680197322,-0.02455890680197322,1.0,0.319047619047619,0.09114685841986059,0.013129340277777778,0.02070765268678428,1374.0,0.39155749636098985,0.12081513828238717,0.33915574963609896,0.9537366450309566
large_long,rotatable_xlink,r0007,1.2,pulse_01,3.1985324207492796,2.5417384653114645,0.0123614586426406,-0.0123614586426406,1.0,0.34441805225653205,0.09890331468181893,0.013368055555555555,0.010845862748925184,1388.0,0.38904899135446674,0.1239193083573487,0.34870317002881834,0.9534284442996003
large_long,rotatable_xlink,r0007,1.25,pulse_01,3.173073751783167,2.5532343675202727,0.014992299307843885,0.014992299307843885,1.0,0.33176470588235296,0.13923974312223167,0.01349826388888889,0.00828944566010111,1402.0,0.38231098430813126,0.12125534950071329,0.3609129814550643,0.957470721583314
large_long,rotatable_xlink,r0007,1.3,pulse_01,3.288486216596343,2.591475139272071,0.03165780062873158,0.03165780062873158,1.0,0.27107061503416857,0.05119059200029496,0.013693576388888889,0.00759445222572704,1422.0,0.38537271448663857,0.1139240506329114,0.3502109704641351,0.9538257508418149
large_long,rotatable_xlink,r0007,1.35,pulse_01,3.3630205555555563,2.598801080874635,0.0015615513775892136,0.0015615513775892136,1.0,0.2898876404494382,0.06938286573939914,0.013606770833333334,0.003059786854266481,1440.0,0.39027777777777783,0.11944444444444446,0.3472222222222222,0.9528328975662929
large_long,rotatable_xlink,r0007,1.4,pulse_01,3.297855524861878,2.60983386039767,0.024267265415210144,-0.024267265415210144,1.0,0.29464285714285715,0.07924506553101593,0.013671875,0.004727467461304776,1448.0,0.39088397790055257,0.12292817679558013,0.350828729281768,0.9543877288851745
large_long,rotatable_xlink,r0007,1.45,pulse_01,3.2174169630642955,2.6271658856424636,0.01007162925717949,-0.01007162925717949,1.0,0.2803532008830022,0.08356926832245089,0.013671875,0.002647836375257192,1462.0,0.38577291381668954,0.13132694938440495,0.36114911080711354,0.9526917717397121
large_long,rotatable_xlink,r0007,1.5,pulse_01,3.2374257493188012,2.625720878649213,0.009895243162850361,-0.009895243162850361,1.0,0.3051224944320713,0.10639534205256415,0.013823784722222222,0.002530356973803253,1468.0,0.3855585831062671,0.12670299727520437,0.3678474114441417,0.9538838794813214
large_long,rotatable_xlink,r0007,1.55,pulse_01,3.1580455040871933,2.642348027485283,0.013303793364727682,-0.013303793364727682,1.0,0.30493273542600896,0.08619441817911615,0.013975694444444445,0.009733775076815018,1468.0,0.3801089918256131,0.1253405994550409,0.36920980926430513,0.9555009506800224
large_long,rotatable_xlink,r0007,1.6,pulse_01,3.157602989130435,2.6841235291101033,0.00857470052375405,-0.00857470052375405,1.0,0.298876404494382,0.058641704598300204,0.014019097222222223,0.008041014952257767,1472.0,0.3790760869565216,0.12092391304347827,0.375,0.9534734145736558
large_long,rotatable_xlink,r0007,1.65,pulse_01,3.106597300944669,2.6905941171988297,0.01429518190307603,-0.01429518190307603,1.0,0.3047404063205418,0.07755771183605797,0.014171006944444444,0.0067229995695062454,1482.0,0.3765182186234818,0.1309041835357625,0.377867746288799,0.9558445153572195
large_long,rotatable_xlink,r0007,1.7000000000000002,pulse_01,3.071831897711979,2.724461526527141,0.018548813878997688,-0.018548813878997688,1.0,0.30337078651685395,0.03295385944552065,0.014149305555555556,0.008267973777635959,1486.0,0.37550471063257074,0.13055181695827728,0.37281292059219384,0.956814095190269
large_long,rotatable_xlink,r0007,1.75,pulse_01,2.995304417670683,2.7402019598646454,0.010017760729774302,-0.010017760729774302,1.0,0.30973451327433627,0.06744233229640541,0.014171006944444444,6.007909478059996e-06,1494.0,0.3721552878179385,0.12985274431057564,0.3761713520749666,0.957863495694796
large_long,rotatable_xlink,r0007,1.8,pulse_01,3.011725333333333,2.724497573984009,0.0032782859437750687,0.0032782859437750687,1.0,0.3053097345132743,0.0723744265952705,0.014713541666666666,0.008089628989993288,1500.0,0.37599999999999995,0.12533333333333332,0.376,0.9577286252233496
large_long,rotatable_xlink,r0007,1.85,pulse_01,3.0149741333333333,2.6916641859246857,0.00246005082742314,0.00246005082742314,1.0,0.30242825607064017,0.08582989202685373,0.014409722222222223,0.007139668126747711,1500.0,0.372,0.12666666666666668,0.37600000000000006,0.9567868014757892
large_long,rotatable_xlink,r0007,1.9,pulse_01,3.026485638297872,2.681659565223523,0.009706900752545359,0.009706900752545359,1.0,0.3056768558951965,0.05266653287799367,0.014366319444444444,0.002160431223211671,1504.0,0.37765957446808507,0.12765957446808512,0.37500000000000006,0.9580177679476098
large_long,rotatable_xlink,r0007,1.9500000000000002,pulse_01,3.0732155378486055,2.6787015985854157,4.7351785229225264e-05,4.7351785229225264e-05,1.0,0.2224622030237581,0.06668519610161618,0.014561631944444445,0.002394546579849536,1506.0,0.3771580345285524,0.12350597609561753,0.3705179282868524,0.9565877951358472
large_long,rotatable_xlink,r0007,2.0,pulse_01,3.0267697490092473,2.6672922857444257,0.015481929613119375,-0.015481929613119375,1.0,0.2017167381974249,0.08938106279778138,0.014561631944444445,0.0038031042803300017,1514.0,0.3738441215323646,0.12285336856010569,0.37384412153236457,0.9544232745144516
large_long,rotatable_xlink,r0007,2.05,pulse_02,3.588947995139733,2.518774851235816,0.005130998379911045,-0.005130998379911045,1.0,0.288135593220339,0.09150938653452995,0.015907118055555555,0.00035509537278318365,1646.0,0.4228432563791008,0.10935601458080198,0.3499392466585663,0.9533203692779287
large_long,rotatable_xlink,r0007,2.1,pulse_02,3.573555,2.5177095651174666,0.000345627541910772,0.000345627541910772,1.0,0.2761904761904762,0.10524367397281877,0.01579861111111111,0.004026434080165453,1640.0,0.4139194139194139,0.10500610500610501,0.3528693528693527,0.9518792445501469
large_long,rotatable_xlink,r0007,2.15,pulse_02,3.5910217603911976,2.4946162467548234,0.011940028594771205,-0.011940028594771205,1.0,0.2629558541266795,0.10614547066057538,0.015625,0.009501578505010174,1636.0,0.41320293398533015,0.10391198044009782,0.3545232273838631,0.9497475260392932
large_long,rotatable_xlink,r0007,2.2,pulse_02,3.5019148284313726,2.4607000940874055,0.021321665224904713,-0.021321665224904713,1.0,0.2558139534883721,0.1195624065089667,0.015755208333333333,0.008812795212590782,1632.0,0.4031862745098039,0.09681372549019607,0.3615196078431372,0.9478799646415261
large_long,rotatable_xlink,r0007,2.25,pulse_02,3.4630917690417693,2.4417394754792787,0.00970423225698965,-0.00970423225698965,1.0,0.22093023255813954,0.09797878499244257,0.0154296875,0.005569352950944184,1628.0,0.3955773955773955,0.08968058968058967,0.36977886977886976,0.9443330170934549
large_long,rotatable_xlink,r0007,2.3,pulse_02,3.4436894348894347,2.4272839763817404,0.020546990171990204,-0.020546990171990204,1.0,0.22007722007722008,0.11266823542198348,0.01521267361111111,0.006401311148605056,1628.0,0.3955773955773956,0.08599508599508601,0.37223587223587223,0.939889588815351
large_long,rotatable_xlink,r0007,2.35,pulse_02,3.339809828009828,2.480147342370909,0.025390285068698375,-0.025390285068698375,1.0,0.23622047244094488,0.14242099094447142,0.015407986111111112,0.0050733187278033665,1628.0,0.38840937114673246,0.09741060419235512,0.3810110974106042,0.9457549842585912
large_long,rotatable_xlink,r0007,2.4,pulse_02,3.2913477244772444,2.3968440640149202,0.000913931731011027,-0.000913931731011027,1.0,0.22504892367906065,0.15234278570861903,0.015169270833333333,0.01916575414187231,1626.0,0.3899138991389914,0.08733087330873308,0.3788437884378844,0.9461677917410902
large_long,rotatable_xlink,r0007,2.45,pulse_02,3.334326237623762,2.365152817519675,0.005066550870954274,0.005066550870954274,1.0,0.21484375,0.13952831561039172,0.015299479166666666,0.017177836563345778,1616.0,0.38737623762376233,0.07301980198019802,0.37623762376237624,0.9403195456099324
large_long,rotatable_xlink,r0007,2.5,pulse_02,3.32174702970297,2.2937770446348456,0.002970564593633984,-0.002970564593633984,1.0,0.23228346456692914,0.1597398794015686,0.015407986111111112,0.013759597364989698,1616.0,0.38737623762376233,0.07301980198019802,0.3762376237623763,0.9421619940582245
large_long,rotatable_xlink,r0007,2.55,pulse_02,3.316502850061958,2.282595233329737,0.004958994220317574,0.004958994220317574,1.0,0.24752475247524752,0.13635657302873133,0.015234375,0.0028935045222620026,1614.0,0.3878562577447336,0.07682775712515488,0.37546468401486993,0.9444323650003205
large_long,rotatable_xlink,r0007,2.6,pulse_02,3.3515009950248755,2.2764160175012735,0.010975450915599557,0.010975450915599557,1.0,0.21104536489151873,0.10369172555067255,0.015125868055555556,0.001362762673587777,1608.0,0.3848069738480698,0.07347447073474471,0.37484433374844334,0.9411738805399885
large_long,rotatable_xlink,r0007,2.65,pulse_02,3.3823555555555553,2.2744186572882104,0.011683250933484471,0.011683250933484471,1.0,0.23107569721115537,0.12851456585971918,0.015104166666666667,0.009854296938687076,1602.0,0.38951310861423216,0.0749063670411985,0.3745318352059926,0.942321572984866
large_long,rotatable_xlink,r0007,2.7,pulse_02,3.4216005006257824,2.217290235869151,0.02298213521310255,0.02298213521310255,1.0,0.22244488977955912,0.13336273874157953,0.015104166666666667,0.013488110495653016,1598.0,0.3867334167709636,0.06257822277847308,0.376720901126408,0.9380206013702763
large_long,rotatable_xlink,r0007,2.75,pulse_02,3.5202483668341706,2.1934899943142923,0.007953946789069835,0.007953946789069835,1.0,0.21272365805168986,0.15673111563322698,0.01506076388888889,0.0035861395499656723,1592.0,0.3894472361809046,0.05402010050251256,0.3756281407035176,0.9357486083309327
large_long,rotatable_xlink,r0007,2.8,pulse_02,3.4693241813602014,2.195773398569357,0.01712323746144658,-0.01712323746144658,1.0,0.19047619047619047,0.16261510835953574,0.014952256944444445,0.00016086737496556758,1588.0,0.3853904282115869,0.05541561712846347,0.371536523929471,0.936297307800219
large_long,rotatable_xlink,r0007,2.85,pulse_02,3.417508942065491,2.1944551985640857,0.01867738881255872,-0.01867738881255872,1.0,0.18972332015810275,0.15723706081851196,0.01482204861111111,0.0026707621351179287,1588.0,0.3816120906801008,0.061712846347607056,0.38287153652392947,0.9333037399987355
large_long,rotatable_xlink,r0007,2.9,pulse_02,3.357259848484849,2.1797488257586495,0.00850917132067952,-0.00850917132067952,1.0,0.18326693227091634,0.18243812635206563,0.014865451388888888,0.0012830391425819136,1584.0,0.3762626262626263,0.06818181818181819,0.38257575757575757,0.9344966889349072
large_long,rotatable_xlink,r0007,2.95,pulse_02,3.366453914141414,2.186756963708594,0.009119360269360147,0.009119360269360147,1.0,0.20647773279352227,0.13174729529554893,0.015147569444444444,0.00183946738169453,1584.0,0.37626262626262624,0.07575757575757576,0.37626262626262624,0.935218235116254
large_long,rotatable_xlink,r0007,3.0,pulse_02,3.41197601010101,2.1687120214684823,0.015174031986531963,0.015174031986531963,1.0,0.19838056680161945,0.16355325811258145,0.015082465277777778,0.006014980746703961,1584.0,0.37294563843236406,0.0720606826801517,0.37547408343868516,0.9331052656381231
large_long,rotatable_xlink,r0007,3.05,pulse_03,3.8206159334126037,2.263236694732567,0.004309869203329431,-0.004309869203329431,1.0,0.22695035460992907,0.17679878850715744,0.015885416666666666,0.002469281131299924,1682.0,0.4119047619047619,0.06785714285714287,0.35,0.9317586508566091
large_long,rotatable_xlink,r0007,3.1,pulse_03,3.8076863258026155,2.2558288513386673,0.003474223029084659,-0.003474223029084659,1.0,0.2084063047285464,0.15750025489060424,0.01577690972222222,0.0022514585578198667,1682.0,0.412604042806183,0.06777645659928656,0.3495838287752675,0.9317624518082915
large_long,rotatable_xlink,r0007,3.15,pulse_03,3.799770595238096,2.249727943385648,0.0025985552936818035,-0.0025985552936818035,1.0,0.21340388007054673,0.13617100811794666,0.01599392361111111,0.0037127975585661646,1680.0,0.41428571428571426,0.06785714285714287,0.35238095238095235,0.9323354400601099
large_long,rotatable_xlink,r0007,3.2,pulse_03,3.7920949940405246,2.2335520659872703,0.0012753661874454665,0.0012753661874454665,1.0,0.19720767888307156,0.12738440511360075,0.01577690972222222,0.001810481715923092,1678.0,0.41597139451728243,0.06674612634088199,0.35041716328963046,0.9340552561692175
large_long,rotatable_xlink,r0007,3.25,pulse_03,3.8074227923627686,2.2388650530901093,0.007647285682241156,0.007647285682241156,1.0,0.2,0.12651555608072756,0.01577690972222222,0.0023756898834788784,1676.0,0.41527446300716003,0.06563245823389022,0.35083532219570407,0.9320922489196107
large_long,rotatable_xlink,r0007,3.3,pulse_03,3.8379787081339716,2.2478062052881436,0.008114342944815242,-0.008114342944815242,1.0,0.19089316987740806,0.16642663587573062,0.01579861111111111,0.00259359059239365,1672.0,0.4162679425837319,0.06220095693779902,0.3480861244019138,0.9286253557349344
large_long,rotatable_xlink,r0007,3.35,pulse_03,3.758736734693877,2.254426596644471,0.023459616621768358,-0.023459616621768358,1.0,0.19081272084805653,0.2063424192059182,0.015299479166666666,0.0005862409600491484,1666.0,0.41656662665066035,0.06722689075630252,0.3577430972388955,0.9336680002111394
large_long,rotatable_xlink,r0007,3.4,pulse_03,3.6972210084033614,2.2442887595278487,0.016575390156062353,-0.016575390156062353,1.0,0.19858156028368795,0.16974849111766227,0.015494791666666667,0.003794888737853608,1666.0,0.4129651860744298,0.07442977190876351,0.36014405762304924,0.9348223546233972
large_long,rotatable_xlink,r0007,3.45,pulse_03,3.659284393757503,2.2316572642173496,0.0018044250953392904,-0.0018044250953392904,1.0,0.1936056838365897,0.1522616863097858,0.015668402777777778,0.00011580216961659673,1666.0,0.4117647058823529,0.07803121248499399,0.36014405762304924,0.9362911304995986
large_long,rotatable_xlink,r0007,3.5,pulse_03,3.6863944578313257,2.243593946510149,0.008237099032384046,0.008237099032384046,1.0,0.1696113074204947,0.15662841188131202,0.015603298611111111,0.003202261547713784,1660.0,0.4120481927710844,0.0746987951807229,0.35783132530120493,0.93579900617643
large_long,rotatable_xlink,r0007,3.55,pulse_03,3.7087069879518073,2.2508708335036323,0.0069568688781728545,0.0069568688781728545,1.0,0.18085106382978725,0.16782642425567748,0.015581597222222222,0.002899819120120828,1660.0,0.41325301204819276,0.07349397590361445,0.35662650602409635,0.9340145616491172
large_long,rotatable_xlink,r0007,3.6,pulse_03,3.728135671100363,2.260992861230874,0.002321522210052255,0.002321522210052255,1.0,0.22162162162162163,0.16128713298679692,0.015711805555555555,0.0081237631446028,1654.0,0.41717049576783555,0.07013301088270858,0.35550181378476414,0.9338249475290845
large_long,rotatable_xlink,r0007,3.65,pulse_03,3.722636121212121,2.299613412371249,0.0005192987187474518,-0.0005192987187474518,1.0,0.23443223443223443,0.11334391085634127,0.0158203125,0.006528145726105494,1650.0,0.41090909090909095,0.061818181818181814,0.35272727272727267,0.9300703503608619
large_long,rotatable_xlink,r0007,3.7,pulse_03,3.725019878787878,2.300161735587507,0.006184502276716186,0.006184502276716186,1.0,0.23844731977818853,0.1543967486320696,0.015625,0.000976733379398631,1650.0,0.40969696969696967,0.061818181818181814,0.3527272727272727,0.9316009530940986
large_long,rotatable_xlink,r0007,3.75,pulse_03,3.759743134872418,2.2937530120948573,0.010410714477294395,0.010410714477294395,1.0,0.24125230202578268,0.13162757988695895,0.01545138888888889,0.0008862305585550049,1646.0,0.41555285540704745,0.05710814094775213,0.35115431348724185,0.9296899303635725
large_long,rotatable_xlink,r0007,3.8,pulse_03,3.7874841656516445,2.305479118938837,0.013354241172445361,0.013354241172445361,1.0,0.27204502814258913,0.16191129051178804,0.015342881944444444,0.00054348277870786,1642.0,0.41412911084043846,0.058465286236297195,0.35200974421437276,0.92986695859426
large_long,rotatable_xlink,r0007,3.85,pulse_03,3.83986858190709,2.2970139087671044,0.011660727892615075,0.011660727892615075,1.0,0.18198198198198198,0.11828893248877188,0.015342881944444444,0.0019849289372635415,1636.0,0.4229828850855745,0.05623471882640586,0.34596577017114916,0.9324881546537187
large_long,rotatable_xlink,r0007,3.9,pulse_03,3.857448533007335,2.3173886925624183,0.0023151506695036814,0.0023151506695036814,1.0,0.17562724014336917,0.1150361537977705,0.015125868055555556,0.007630372230985616,1636.0,0.4168704156479218,0.05501222493887531,0.3447432762836186,0.929683470132439
large_long,rotatable_xlink,r0007,3.95,pulse_03,3.853759485924112,2.342796142153018,0.0015908490739409142,0.0015908490739409142,1.0,0.1783783783783784,0.1519598104477899,0.01564670138888889,0.003878687980864474,1634.0,0.419828641370869,0.05630354957160342,0.3427172582619339,0.9290727702147727
large_long,rotatable_xlink,r0007,4.0,pulse_03,3.8669936274509804,2.340660820447605,0.004411380508956064,0.004411380508956064,1.0,0.18181818181818182,0.1546350541967597,0.015473090277777778,0.0007117739018043245,1632.0,0.42034313725490186,0.05269607843137255,0.3455882352941176,0.9260093647049277
large_long,rotatable_xlink,r0007,4.05,pulse_04,4.359641391106043,2.289298110830172,0.01812824021284687,-0.01812824021284687,1.0,0.26245847176079734,0.10626890803977583,0.01644965277777778,0.009049156481088172,1754.0,0.45433789954337894,0.042237442922374434,0.31621004566210054,0.9209369589830704
large_long,rotatable_xlink,r0007,4.1,pulse_04,4.305256670467503,2.2621506413869077,0.013804596386775891,-0.013804596386775891,1.0,0.2976588628762542,0.13902563434774257,0.016536458333333334,0.02897939055340748,1754.0,0.4538198403648802,0.04446978335233752,0.3181299885974914,0.9259753980449126
large_long,rotatable_xlink,r0007,4.15,pulse_04,4.276813812785388,2.1154217675097273,0.007063026030297959,-0.007063026030297959,1.0,0.2847457627118644,0.08938480022687274,0.016536458333333334,0.04064983197789488,1752.0,0.45091324200913246,0.03995433789954338,0.31621004566210054,0.9220383936678717
large_long,rotatable_xlink,r0007,4.2,pulse_04,4.262878514285715,2.0182516495195384,0.014084835464231263,-0.014084835464231263,1.0,0.2717948717948718,0.12952999792090186,0.016189236111111113,0.009746356361548672,1750.0,0.4434285714285712,0.032,0.3177142857142857,0.9164044327453371
large_long,rotatable_xlink,r0007,4.25,pulse_04,4.1923048000000005,2.0569436293404353,0.011540266666666929,-0.011540266666666929,1.0,0.2624356775300172,0.10148600855244042,0.016319444444444445,0.00031779213833016406,1750.0,0.4342857142857143,0.03314285714285715,0.31999999999999995,0.9177861928630539
large_long,rotatable_xlink,r0007,4.3,pulse_04,4.1936369142857135,2.0201584023495194,0.0014298636155604487,0.0014298636155604487,1.0,0.25597269624573377,0.07274866778590854,0.0166015625,0.023408249488415394,1750.0,0.4302059496567506,0.03318077803203662,0.3192219679633868,0.9217192510130694
large_long,rotatable_xlink,r0007,4.35,pulse_04,4.200883981693363,1.916494132409943,0.0065665762068400175,-0.0065665762068400175,1.0,0.2689655172413793,0.13968984673563475,0.016297743055555557,0.04021574291987525,1748.0,0.43135011441647586,0.030892448512585807,0.3169336384439359,0.9215218899692108
large_long,rotatable_xlink,r0007,4.4,pulse_04,4.154237457044673,1.7788639448302679,0.00678010996913055,-0.00678010996913055,1.0,0.26424870466321243,0.1462343959025499,0.016341145833333334,0.04613836905676597,1746.0,0.4270952927669346,0.03903559127439725,0.31917336394948337,0.9203206406073521
large_long,rotatable_xlink,r0007,4.45,pulse_04,4.16020332187858,1.639663918069347,0.0034708788561047164,-0.0034708788561047164,1.0,0.3028169014084507,0.17325932762526594,0.01640625,0.038919431487651236,1746.0,0.43069873997709057,0.03780068728522337,0.3207331042382589,0.9211954598494029
large_long,rotatable_xlink,r0007,4.5,pulse_04,4.133412183908045,1.5453473559043605,0.0009117452041446464,0.0009117452041446464,1.0,0.29328621908127206,0.15568130764599108,0.01642795138888889,0.012462910100690191,1740.0,0.42988505747126426,0.04137931034482758,0.31724137931034474,0.9244928130271698
large_long,rotatable_xlink,r0007,4.55,pulse_04,4.165673793103448,1.564886457465206,0.003008690484063751,0.003008690484063751,1.0,0.27399650959860383,0.19998757246461388,0.016536458333333334,0.009148991812888122,1740.0,0.432183908045977,0.027586206896551724,0.3206896551724138,0.9188897286905644
large_long,rotatable_xlink,r0007,4.6,pulse_04,4.151464326812428,1.6002413067816892,0.0031225513798401514,0.0031225513798401514,1.0,0.2560553633217993,0.18668781729466308,0.01642795138888889,0.006609399421463362,1738.0,0.428078250863061,0.028768699654775604,0.32105868814729577,0.9173056689425102
large_long,rotatable_xlink,r0007,4.65,pulse_04,4.184409101382489,1.604542853993986,0.009151552467678256,0.009151552467678256,1.0,0.21976149914821125,0.12803098930642473,0.016080729166666665,0.00202143002472821,1736.0,0.4285714285714285,0.02419354838709677,0.3214285714285714,0.9151161433178583
large_long,rotatable_xlink,r0007,4.7,pulse_04,4.206373641618497,1.58811272663332,0.011844215045753614,0.011844215045753614,1.0,0.22735042735042735,0.14437143524218843,0.016276041666666668,0.01982835030960343,1730.0,0.4289017341040462,0.02312138728323699,0.3225433526011561,0.91502853141745
large_long,rotatable_xlink,r0007,4.75,pulse_04,4.25547439165701,1.7235129558516067,0.004500545422439235,0.004500545422439235,1.0,0.2517482517482518,0.12872361900743595,0.016059027777777776,0.017999808163699504,1726.0,0.4287369640787949,0.019698725376593285,0.3198146002317497,0.9119967197865081
large_long,rotatable_xlink,r0007,4.8,pulse_04,4.2333769141531326,1.696111575615517,0.01597689976959445,-0.01597689976959445,1.0,0.25704225352112675,0.15831634875611877,0.016514756944444445,0.008621339054796376,1724.0,0.43039443155452445,0.018561484918793503,0.3213457076566126,0.9124078083861609
large_long,rotatable_xlink,r0007,4.85,pulse_04,4.159612993039444,1.6717849215228284,0.027009048723898015,-0.027009048723898015,1.0,0.22357019064124783,0.14662090819461557,0.016297743055555557,0.006146803812037471,1724.0,0.42807424593967525,0.020881670533642694,0.32250580046403715,0.9154638910108515
large_long,rotatable_xlink,r0007,4.9,pulse_04,4.0713226218097445,1.6592307527432921,0.02456191028615636,-0.02456191028615636,1.0,0.2270363951473137,0.14247404564814115,0.01625434027777778,0.015494365488389894,1724.0,0.4280742459396752,0.02320185614849188,0.3283062645011601,0.9154468036704105
large_long,rotatable_xlink,r0007,4.95,pulse_04,4.0122415313225055,1.578818728592489,0.012263167053364313,-0.012263167053364313,1.0,0.22434782608695653,0.15438064100049306,0.016319444444444445,0.014897836774172299,1724.0,0.4234338747099769,0.029002320185614845,0.32598607888631104,0.9199951411504932
large_long,rotatable_xlink,r0007,5.0,pulse_04,3.9977436194895586,1.5698437320982583,0.00483263727764897,-0.00483263727764897,1.0,0.21663778162911612,0.1573249890849972,0.016362847222222223,0.0029916654980769084,1724.0,0.4257540603248261,0.030162412993039445,0.3271461716937356,0.9193376578000392
large_long,rotatable_xlink,r0007,5.05,pulse_05,4.2749572677595635,1.4383747936096434,0.009767088719094966,0.009767088719094966,1.0,0.2928,0.13340054688782585,0.017252604166666668,0.021029212415035154,1830.0,0.4557377049180328,0.028415300546448093,0.3081967213114755,0.9207198698604612
large_long,rotatable_xlink,r0007,5.1,pulse_05,4.304258533916848,1.375287156364538,0.0025476007899783624,-0.0025476007899783624,1.0,0.28662420382165604,0.1417742865486056,0.017274305555555557,0.010178709621241344,1828.0,0.4551422319474835,0.0262582056892779,0.3096280087527352,0.9199281139100892
large_long,rotatable_xlink,r0007,5.15,pulse_05,4.259671663019693,1.3773025358821953,0.01975124813538957,-0.01975124813538957,1.0,0.28278041074249605,0.15930595856712063,0.017361111111111112,0.004005908488431224,1828.0,0.45623632385120355,0.0262582056892779,0.3161925601750547,0.9214325561439162
large_long,rotatable_xlink,r0007,5.2,pulse_05,4.185751045104511,1.3512517054339506,0.024452600958495108,-0.024452600958495108,1.0,0.2544,0.16226726451095325,0.01720920138888889,0.005904309642685253,1818.0,0.44334433443344334,0.0209020902090209,0.31353135313531344,0.9188658431735962
large_long,rotatable_xlink,r0007,5.25,pulse_05,4.112956057268723,1.3418766780260838,0.01447743438254164,-0.01447743438254164,1.0,0.23397435897435898,0.1922664142191788,0.0169921875,0.006152579070404451,1816.0,0.4427312775330396,0.02422907488986784,0.3171806167400882,0.9192608861529165
large_long,rotatable_xlink,r0007,5.3,pulse_05,4.098886438809261,1.3143362310115239,0.0075080933375102354,-0.0075080933375102354,1.0,0.22756410256410256,0.2027547063983276,0.016731770833333333,0.005584457209776739,1814.0,0.4432194046306504,0.02866593164277839,0.31973539140022045,0.9192484754166012
large_long,rotatable_xlink,r0007,5.35,pulse_05,4.067907497243661,1.3083699347674234,0.009310322583000463,-0.009310322583000463,1.0,0.24237560192616373,0.20571992970505293,0.017122395833333335,0.001262664874476016,1814.0,0.4432194046306504,0.030871003307607503,0.31973539140022045,0.9226703565490263
large_long,rotatable_xlink,r0007,5.4,pulse_05,4.043024503311258,1.32191222025838,0.0033573084724702142,-0.0033573084724702142,1.0,0.2368839427662957,0.23057766104989558,0.017078993055555554,0.0039055837436630845,1812.0,0.43929359823399566,0.033112582781456956,0.3222958057395144,0.9219569862496028
large_long,rotatable_xlink,r0007,5.45,pulse_05,4.04776364640884,1.3318034372294019,0.009901004610365582,0.009901004610365582,1.0,0.2273449920508744,0.2670101049401958,0.016927083333333332,0.00163828956442665,1810.0,0.44198895027624313,0.029834254143646412,0.31823204419889506,0.9224362968164096
large_long,rotatable_xlink,r0007,5.5,pulse_05,4.102430530973452,1.31208248287182,0.009127832530680132,0.009127832530680132,1.0,0.21587301587301588,0.2352106765204101,0.0169921875,0.0012968049754101079,1808.0,0.44579646017699126,0.01769911504424779,0.3196902654867257,0.9131657904953621
large_long,rotatable_xlink,r0007,5.55,pulse_05,4.102530641592921,1.3395842670818625,0.015464224708199895,-0.015464224708199895,1.0,0.2310177705977383,0.23562402805863134,0.016927083333333332,0.008063882223477684,1808.0,0.4396456256921374,0.014396456256921375,0.3233665559246955,0.913741572828877
large_long,rotatable_xlink,r0007,5.6,pulse_05,4.0096451827242525,1.3604657762126862,0.019808783946196302,-0.019808783946196302,1.0,0.2245557350565428,0.22850339291031194,0.016818576388888888,0.0009122586784765888,1806.0,0.4396456256921373,0.018826135105204873,0.32558139534883723,0.9150865479454378
large_long,rotatable_xlink,r0007,5.65,pulse_05,3.983677937915743,1.345057819152722,0.009706089212356902,-0.009706089212356902,1.0,0.24183006535947713,0.21309452144888352,0.016666666666666666,0.0029078038467627763,1804.0,0.4401330376940133,0.0188470066518847,0.3270509977827051,0.9160721440819051
large_long,rotatable_xlink,r0007,5.7,pulse_05,3.951408647450111,1.3430189531321095,0.006388008130081409,-0.006388008130081409,1.0,0.21231766612641814,0.19097856651788517,0.016883680555555555,0.0005332630509675326,1804.0,0.4368070953436806,0.0188470066518847,0.3292682926829269,0.9127830925491656
large_long,rotatable_xlink,r0007,5.75,pulse_05,3.9453498891352545,1.3482573974585272,0.0015887146416112181,-0.0015887146416112181,1.0,0.2064516129032258,0.2128909640608799,0.0169921875,0.0006239999484247694,1804.0,0.4401330376940134,0.02549889135254989,0.335920177383592,0.9160897229746887
large_long,rotatable_xlink,r0007,5.8,pulse_05,3.941876359600444,1.3467629528226581,0.0029956851441243306,0.0029956851441243306,1.0,0.18518518518518517,0.20196104337705242,0.017035590277777776,0.0008268785110404261,1802.0,0.44062153163152046,0.02330743618201998,0.33518312985571586,0.9165691848349506
large_long,rotatable_xlink,r0007,5.85,pulse_05,3.9633240000000005,1.3532186685247698,0.0011079858593332492,-0.0011079858593332492,1.0,0.17363344051446947,0.21519099695866495,0.016883680555555555,0.0009225463800829706,1800.0,0.44271412680756395,0.02002224694104561,0.33481646273637383,0.9142272224766649
large_long,rotatable_xlink,r0007,5.9,pulse_05,3.9352284444444443,1.352298231103156,0.004967314814814827,-0.004967314814814827,1.0,0.14743589743589744,0.21613327437588853,0.016883680555555555,0.0034202037176268205,1800.0,0.44111111111111106,0.021111111111111115,0.3388888888888889,0.9156582464892018
large_long,rotatable_xlink,r0007,5.95,pulse_05,3.9335201111111116,1.3326974462190089,0.0035556341664604307,0.0035556341664604307,1.0,0.16129032258064516,0.19201619033507392,0.017252604166666668,0.005931866000326247,1800.0,0.4422222222222222,0.02,0.3399999999999999,0.9168998683067234
large_long,rotatable_xlink,r0007,6.0,pulse_05,3.956562249443207,1.3167070351011985,0.007680712777365113,0.007680712777365113,1.0,0.1414790996784566,0.23807313350327514,0.01662326388888889,0.005330137039270137,1796.0,0.44209354120267264,0.017817371937639197,0.33630289532293983,0.9157573278063482
large_long,rotatable_xlink,r0007,6.05,pulse_06,4.384543078512396,1.3336590140254792,0.0006753099173553897,0.0006753099173553897,1.0,0.2318840579710145,0.2194903346782298,0.01794704861111111,0.0027132916276712362,1936.0,0.4798345398138573,0.016546018614270942,0.31644260599793184,0.9130303361316521
large_long,rotatable_xlink,r0007,6.1,pulse_06,4.386569008264463,1.3255191391424654,0.0010170110192837534,-0.0010170110192837534,1.0,0.21282798833819241,0.19570716102065885,0.017903645833333332,0.0024404409637977333,1936.0,0.4803719008264464,0.014462809917355374,0.31095041322314054,0.9131659075786149
large_long,rotatable_xlink,r0007,6.15,pulse_06,4.378441012396694,1.3190163682426927,0.0024222390540735717,-0.0024222390540735717,1.0,0.22335766423357664,0.20847874933386165,0.01794704861111111,0.0019641979604897073,1936.0,0.4798345398138573,0.02171664943123061,0.3092037228541883,0.9156606574374692
large_long,rotatable_xlink,r0007,6.2,pulse_06,4.372035573940021,1.3137339513795272,0.01781513422622627,-0.01781513422622627,1.0,0.23865300146412885,0.2019604563185998,0.017860243055555555,0.0038358550831881035,1934.0,0.4756980351602896,0.017580144777662877,0.31127197518097216,0.9136173861188857
large_long,rotatable_xlink,r0007,6.25,pulse_06,4.271550207039336,1.3420314987418214,0.028337827330252363,-0.028337827330252363,1.0,0.2672672672672673,0.20629929593266935,0.018012152777777776,0.005899455647075132,1932.0,0.4668737060041409,0.02380952380952381,0.3178053830227744,0.9153299557052723
large_long,rotatable_xlink,r0007,6.3,pulse_06,4.202008609958507,1.349130685261978,0.020224394810843666,-0.020224394810843666,1.0,0.10650887573964497,0.21218243592976965,0.0181640625,0.002449614573300063,1928.0,0.45954356846473027,0.025933609958506222,0.3174273858921161,0.9155429516756625
large_long,rotatable_xlink,r0007,6.35,pulse_06,4.150203838174274,1.3567291861816217,0.00920236860304291,-0.00920236860304291,1.0,0.09433962264150944,0.183007736977098,0.01759982638888889,0.00617644187363009,1928.0,0.46161825726141076,0.021784232365145227,0.32987551867219916,0.916035838066555
large_long,rotatable_xlink,r0007,6.4,pulse_06,4.1467943983402495,1.3861893365037585,0.0027619238770901036,-0.0027619238770901036,1.0,0.09544787077826726,0.19614625364621216,0.017816840277777777,0.0038951667238025602,1928.0,0.4585062240663901,0.02282157676348548,0.3278008298755188,0.9141103901628497
large_long,rotatable_xlink,r0007,6.45,pulse_06,4.133632294911734,1.3801001865244371,0.005610973624378642,-0.005610973624378642,1.0,0.10879284649776454,0.16065036379801798,0.017838541666666666,0.003076487143191383,1926.0,0.4558670820353063,0.024922118380062305,0.3260643821391485,0.9138013521516818
large_long,rotatable_xlink,r0007,6.5,pulse_06,4.113128556593978,1.4046482593629068,0.0055409138110071865,-0.0055409138110071865,1.0,0.08494783904619971,0.19826322704084087,0.018033854166666665,0.0028691724003839423,1926.0,0.4579439252336449,0.026998961578400833,0.3271028037383178,0.914275571632745
large_long,rotatable_xlink,r0007,6.55,pulse_06,4.1003868120456906,1.3973152209267408,0.0045191738467439775,-0.0045191738467439775,1.0,0.0744047619047619,0.17310562982147595,0.018120659722222224,0.010566834171131023,1926.0,0.44963655244029077,0.021806853582554516,0.328141225337487,0.9140379484067086
large_long,rotatable_xlink,r0007,6.6,pulse_06,4.086013513513514,1.3412472543361207,0.006003034162847272,-0.006003034162847272,1.0,0.07507507507507508,0.19865779739276265,0.0177734375,0.025718296078354186,1924.0,0.44849115504682624,0.022892819979188347,0.3257023933402706,0.9178042371625273
large_long,rotatable_xlink,r0007,6.65,pulse_06,4.064368607068607,1.2430054444566156,0.01714789914784709,-0.01714789914784709,1.0,0.07669172932330827,0.23432606085021074,0.018120659722222224,0.029440794444463163,1924.0,0.44698544698544707,0.01871101871101871,0.3222453222453222,0.9159741921240129
large_long,rotatable_xlink,r0007,6.7,pulse_06,3.9831261186264313,1.1646024876693417,0.032820296807653714,-0.032820296807653714,1.0,0.0624048706240487,0.18793982464716638,0.018098958333333335,0.02465628293762852,1922.0,0.4412070759625391,0.013527575442247659,0.32154006243496364,0.9153273547209215
large_long,rotatable_xlink,r0007,6.75,pulse_06,3.8674468262226847,1.0950677468308445,0.03434190079778018,-0.03434190079778018,1.0,0.03522205206738132,0.2050157246030943,0.017838541666666666,0.01511132596587117,1922.0,0.4266389177939646,0.019771071800208116,0.33194588969823097,0.9162049009354163
large_long,rotatable_xlink,r0007,6.8,pulse_06,3.7770747138397502,1.0739345318741147,0.022889819632327352,-0.022889819632327352,1.0,0.033950617283950615,0.23793772639279662,0.017795138888888888,0.0032659501659403345,1922.0,0.41415192507804377,0.024973985431841834,0.33610822060353807,0.9173985316959139
large_long,rotatable_xlink,r0007,6.85,pulse_06,3.7301079084287205,1.0754720458352025,0.007260579257717614,-0.007260579257717614,1.0,0.0375,0.2658448380609249,0.017838541666666666,0.004744812375852854,1922.0,0.40582726326742985,0.02393340270551509,0.33194588969823113,0.9183505947691217
large_long,rotatable_xlink,r0007,6.9,pulse_06,3.7335112382934446,1.0454656576189976,0.002882674297606691,-0.002882674297606691,1.0,0.0234009360374415,0.18486411219762855,0.018012152777777776,0.006741531742312364,1922.0,0.407098121085595,0.02609603340292276,0.33402922755741127,0.9199999344855024
large_long,rotatable_xlink,r0007,6.95,pulse_06,3.7128118626430804,1.0350228553813283,0.0023881893860562275,-0.0023881893860562275,1.0,0.01732283464566929,0.23530222951690752,0.01794704861111111,0.0012706651204088537,1922.0,0.404786680541103,0.02809573361082206,0.3329864724245578,0.9208996287613008
large_long,rotatable_xlink,r0007,7.0,pulse_06,3.719182101977107,1.0378416668965444,0.0021234131113422685,0.0021234131113422685,1.0,0.025157232704402517,0.22400852793442563,0.017860243055555555,0.0009396038384053748,1922.0,0.4068678459937566,0.030176899063475548,0.3350676378772114,0.9204987499180942
large_long,rotatable_xlink,r0007,7.05,pulse_07,4.056396735905045,0.9834967757406491,0.015427723849536315,-0.015427723849536315,1.0,0.07132459970887918,0.17368146821348646,0.018771701388888888,0.016670984323681453,2022.0,0.43521266073194864,0.028684470820969345,0.3175074183976262,0.9203026231292274
large_long,rotatable_xlink,r0007,7.1,pulse_07,4.010113564356436,0.9334838227696047,0.013597209535545144,-0.013597209535545144,1.0,0.06936416184971098,0.1840612224125883,0.018815104166666666,0.007521725386961849,2020.0,0.43762376237623785,0.031683168316831684,0.3257425742574258,0.9197448139461217
large_long,rotatable_xlink,r0007,7.15,pulse_07,3.974813478691774,0.938366423418878,0.01212064526522035,-0.01212064526522035,1.0,0.06837606837606838,0.19853330028271932,0.018771701388888888,0.0003203741465779286,2018.0,0.43904856293359745,0.027750247770069368,0.33300297324083244,0.9183763571944672
large_long,rotatable_xlink,r0007,7.2,pulse_07,3.9373896927651137,0.9315615778901372,0.007511892963330065,-0.007511892963330065,1.0,0.0764872521246459,0.20802597424066094,0.01875,0.0016494022492993254,2018.0,0.43805748265609507,0.030723488602576808,0.3379583746283448,0.9186239396901881
large_long,rotatable_xlink,r0007,7.25,pulse_07,3.9297421209117935,0.928470009923082,0.0014367559393462237,0.0014367559393462237,1.0,0.07977207977207977,0.20774928494920292,0.01892361111111111,0.0035237095991716982,2018.0,0.43805748265609495,0.03468780971258671,0.33795837462834477,0.9180632090455773
large_long,rotatable_xlink,r0007,7.3,pulse_07,3.946010228401191,0.9527038354851673,0.001819603439817019,0.001819603439817019,1.0,0.10632183908045977,0.19357882916968924,0.018684895833333333,0.005578060468903838,2014.0,0.4399205561072493,0.03277060575968223,0.33664349553128103,0.917962538981192
large_long,rotatable_xlink,r0007,7.35,pulse_07,3.9406597415506956,0.9619383727365051,0.0028211145036156626,0.0028211145036156626,1.0,0.11918604651162791,0.2085487732016357,0.018424479166666667,0.0013399913143179825,2012.0,0.4314115308151094,0.038767395626242554,0.3369781312127237,0.9212897886306524
large_long,rotatable_xlink,r0007,7.4,pulse_07,3.962936915422885,0.9607437833710752,0.009395654130495146,0.009395654130495146,1.0,0.15160349854227406,0.20929849662004518,0.01853298611111111,0.006574775523462917,2010.0,0.43184079601990033,0.041791044776119404,0.3353233830845771,0.9217719083089033
large_long,rotatable_xlink,r0007,7.45,pulse_07,3.9970336663336665,1.0013870258772826,0.004819388555060182,0.004819388555060182,1.0,0.16964285714285715,0.2033765860759502,0.018619791666666666,0.010237596835044957,2002.0,0.4315684315684315,0.03696303696303697,0.33366633366633375,0.9200588076089057
large_long,rotatable_xlink,r0007,7.5,pulse_07,3.991853246753246,1.022169364381345,0.003009711055611023,-0.003009711055611023,1.0,0.18330849478390462,0.18788341946498255,0.01857638888888889,0.0048415705074974875,2002.0,0.4295704295704298,0.03696303696303697,0.33266733266733267,0.9177214258121069
large_long,rotatable_xlink,r0007,7.55,pulse_07,3.9789754000000004,1.0304364489222675,0.0027319372511255637,-0.0027319372511255637,1.0,0.19699248120300752,0.17252465629987346,0.01875,0.002485108645529347,2000.0,0.43200000000000005,0.039,0.3360000000000001,0.9202839448246342
large_long,rotatable_xlink,r0007,7.6,pulse_07,3.9754616232464928,1.037080016254521,0.00041761035404142,0.00041761035404142,1.0,0.19818456883509833,0.19946379509813864,0.018511284722222222,0.0024565268372353697,1996.0,0.43086172344689383,0.03807615230460922,0.33767535070140287,0.9214393233835091
large_long,rotatable_xlink,r0007,7.65,pulse_07,3.981481062124249,1.0451756099456797,0.00574751058341579,0.00574751058341579,1.0,0.1951588502269289,0.1983636107617289,0.01870659722222222,0.005647296167255604,1996.0,0.42885771543086165,0.026052104208416832,0.3356713426853708,0.9209295534797005
large_long,rotatable_xlink,r0007,7.7,pulse_07,4.0099466867469875,1.0709637932580547,0.005661690853201895,0.005661690853201895,1.0,0.1945288753799392,0.19129492534159648,0.018619791666666666,0.003975744109816419,1992.0,0.42971887550200805,0.022088353413654623,0.3323293172690764,0.9190104613861148
large_long,rotatable_xlink,r0007,7.75,pulse_07,4.01545120724346,1.0690300746045782,0.005960296832491441,0.005960296832491441,1.0,0.20121951219512196,0.1867253004471028,0.018120659722222224,0.005344652873801888,1988.0,0.42957746478873254,0.03018108651911469,0.33299798792756546,0.9193750889636569
large_long,rotatable_xlink,r0007,7.8,pulse_07,4.045708467741936,1.103031710500866,0.0049182295723266085,0.0049182295723266085,1.0,0.20980091883614088,0.2114016577947271,0.018511284722222222,0.003073908601436748,1984.0,0.4304435483870967,0.02923387096774193,0.3266129032258065,0.9236039778414837
large_long,rotatable_xlink,r0007,7.85,pulse_07,4.04496058467742,1.0874735262131987,0.0017103998655914054,0.0017103998655914054,1.0,0.2147239263803681,0.23826137255420504,0.018424479166666667,0.00420439358449054,1984.0,0.43145161290322587,0.03024193548387097,0.3266129032258065,0.9234027141848133
large_long,rotatable_xlink,r0007,7.9,pulse_07,4.055970866935485,1.0778053489939228,0.0019141801075267157,0.0019141801075267157,1.0,0.21341463414634146,0.194817414187984,0.018424479166666667,0.0017939010675066906,1984.0,0.4274193548387097,0.026209677419354836,0.32762096774193544,0.9209529907283563
large_long,rotatable_xlink,r0007,7.95,pulse_07,4.05644566532258,1.0767101198081586,0.0028210517473117314,0.0028210517473117314,1.0,0.22018348623853212,0.2205909958008404,0.018489583333333334,0.002013256227816488,1984.0,0.42885973763874874,0.028254288597376387,0.3269424823410697,0.9232551441205429
large_long,rotatable_xlink,r0007,8.0,pulse_07,4.072897177419355,1.0657258116270238,0.005483837365591586,0.005483837365591586,1.0,0.21396054628224584,0.1740594284851709,0.018272569444444445,0.003661436060378239,1984.0,0.4324596774193547,0.03125,0.3256048387096774,0.9234034522350072
large_long,rotatable_xlink,r0008,0.0,initial,0.3178654618473897,1.0022331049235105,0.15318008414610823,0.15318008414610823,1.0,0.020134228187919462,0.0,0.004774305555555556,0.013439437365176646,498.0,0.27309236947791177,0.22489959839357435,0.5140562248995983,0.9187883204154841
large_long,rotatable_xlink,r0008,0.05,initial,0.7774057142857144,1.0425514170190404,0.08934300801439758,0.08934300801439758,1.0,0.07602339181286549,0.08040389747548438,0.005208333333333333,0.012759347264635864,560.0,0.2928571428571428,0.2107142857142857,0.4928571428571429,0.9367815102713059
large_long,rotatable_xlink,r0008,0.1,initial,0.8539235099337751,1.0787891885113257,0.08443105577399151,0.08443105577399151,1.0,0.06741573033707865,0.0848544280859081,0.005837673611111111,0.0011990418051862628,604.0,0.28807947019867547,0.20529801324503313,0.47682119205298007,0.9347197584854923
large_long,rotatable_xlink,r0008,0.15000000000000002,initial,1.2839920489296635,1.049745667850158,0.07991574834437082,0.07991574834437082,1.0,0.08421052631578947,0.0036387830550899877,0.006271701388888889,0.0007598979375692908,654.0,0.29051987767584087,0.18348623853211005,0.458715596330275,0.9417775061129077
large_long,rotatable_xlink,r0008,0.2,initial,1.333418,1.07422980088591,0.05579461406727826,0.05579461406727826,1.0,0.1262135922330097,0.02699584027843292,0.006640625,0.033139251940151104,700.0,0.2857142857142857,0.1857142857142857,0.4514285714285715,0.9380324781747925
large_long,rotatable_xlink,r0008,0.25,initial,1.618759733333333,1.2485811794910646,0.07589399248120303,0.07589399248120303,1.0,0.1559633027522936,0.0614338730449566,0.007313368055555556,0.05041002015000873,750.0,0.30399999999999994,0.1706666666666667,0.44266666666666665,0.9490886613529519
large_long,rotatable_xlink,r0008,0.30000000000000004,initial,1.7887819548872181,1.3766899217859623,0.06788844188034197,0.06788844188034197,1.0,0.075,0.01723679335974111,0.0076605902777777775,0.002486562586486126,798.0,0.30576441102756907,0.15538847117794488,0.4235588972431078,0.941325811947098
large_long,rotatable_xlink,r0008,0.35000000000000003,initial,2.026090384615385,1.2336618039721479,0.0716129092572702,0.0716129092572702,1.0,0.13580246913580246,0.07560929840618996,0.007942708333333333,0.012453378895898148,832.0,0.31971153846153844,0.15384615384615383,0.41346153846153844,0.9396542745444482
large_long,rotatable_xlink,r0008,0.4,initial,2.2184594104308393,1.3019696484105734,0.08484889106735638,0.08484889106735638,1.0,0.29770992366412213,0.07632767456675695,0.00837673611111111,0.014325998479480831,882.0,0.34013605442176864,0.14965986394557823,0.39682539682539686,0.9481411048823072
large_long,rotatable_xlink,r0008,0.45,initial,2.535183731019523,1.3196177948490329,0.07514668089457999,0.07514668089457999,1.0,0.33579335793357934,0.024324952699950518,0.008767361111111111,0.011693243612908985,922.0,0.35140997830802595,0.13882863340563992,0.37960954446854667,0.9491538605305957
large_long,rotatable_xlink,r0008,0.5,initial,2.669339495798319,1.2318101867331195,0.045934439638822676,0.045934439638822676,1.0,0.3722627737226277,0.022080556632400324,0.009071180555555556,0.007104495141224798,952.0,0.3571428571428572,0.13445378151260506,0.37184873949579833,0.9502033515154809
large_long,rotatable_xlink,r0008,0.55,initial,2.810790368852459,1.276990824001684,0.05702251006911648,0.05702251006911648,1.0,0.3819444444444444,0.047288197203940376,0.009244791666666667,0.013518533683701817,976.0,0.3688524590163934,0.13114754098360654,0.3668032786885246,0.9533073336930932
large_long,rotatable_xlink,r0008,0.6000000000000001,initial,3.011474556213018,1.1506989846309086,0.06372488105332567,0.06372488105332567,1.0,0.41414141414141414,0.04235431075579529,0.009635416666666667,0.022206122171128384,1014.0,0.37869822485207105,0.12426035502958584,0.3530571992110454,0.9509043813646904
large_long,rotatable_xlink,r0008,0.65,initial,3.193139655172413,1.1437540909749138,0.033588668398518186,0.033588668398518186,1.0,0.41479099678456594,0.03458700257232556,0.010004340277777777,0.0033187865001805075,1044.0,0.38697318007662845,0.12068965517241384,0.34099616858237547,0.9497192304305317
large_long,rotatable_xlink,r0008,0.7000000000000001,initial,3.213006566604127,1.1307862656298255,0.024055721677906556,0.024055721677906556,1.0,0.43573667711598746,0.02720347479415655,0.010243055555555556,0.004145578723945535,1066.0,0.3808630393996248,0.12007504690431518,0.3414634146341463,0.9496592099383507
large_long,rotatable_xlink,r0008,0.75,initial,3.3374739852398525,1.168627563318587,0.02966128651835979,0.02966128651835979,1.0,0.43653250773993807,0.061178466925794844,0.010264756944444444,0.00020918962913544595,1084.0,0.3874538745387453,0.11623616236162362,0.33579335793357934,0.9474691875799708
large_long,rotatable_xlink,r0008,0.8,initial,3.390974285714286,1.1295311278550129,0.018696209315816503,0.018696209315816503,1.0,0.44242424242424244,0.04549504566227929,0.010828993055555555,0.0035501755923207736,1120.0,0.38928571428571435,0.1125,0.3375,0.9440778044146769
large_long,rotatable_xlink,r0008,0.8500000000000001,initial,3.4496512411347515,1.1473265097646623,0.005969796979450252,0.005969796979450252,1.0,0.46827794561933533,0.007139552850491431,0.010850694444444444,0.022171499678686313,1128.0,0.3812056737588653,0.10460992907801418,0.33510638297872336,0.9433210110976478
large_long,rotatable_xlink,r0008,0.9,initial,3.4267930675909875,0.996502129782895,0.005562068588436775,-0.005562068588436775,1.0,0.4594594594594595,0.04391789628290666,0.011046006944444445,0.02826601060110388,1154.0,0.37435008665511266,0.1022530329289428,0.33622183708838815,0.9465472029965948
large_long,rotatable_xlink,r0008,0.9500000000000001,initial,3.416278829604131,0.9777304461580391,0.0005860583695386593,0.0005860583695386593,1.0,0.43373493975903615,0.04456980233919125,0.01115451388888889,0.0012516364006452025,1162.0,0.37005163511187616,0.10671256454388982,0.3373493975903614,0.9441562872401638
large_long,rotatable_xlink,r0008,1.0,initial,3.4303094178082194,1.0040119481867662,0.004676862734696178,0.004676862734696178,1.0,0.44477611940298506,0.008848113958228408,0.011197916666666667,0.00876050067624238,1168.0,0.37157534246575347,0.10616438356164384,0.3356164383561644,0.946207513654977
large_long,rotatable_xlink,r0008,1.05,pulse_01,3.9594884615384625,0.9898014550289639,0.01476894001483009,0.01476894001483009,1.0,0.529113924050633,0.03738535239990892,0.0123046875,0.006354155861751957,1300.0,0.42461538461538473,0.09692307692307693,0.30769230769230765,0.9461027695652265
large_long,rotatable_xlink,r0008,1.1,pulse_01,4.003795281582953,1.0088639226142198,0.00921624835386159,0.00921624835386159,1.0,0.5388471177944862,0.057924072932276006,0.012608506944444445,0.0077369156406219735,1314.0,0.42922374429223725,0.0943683409436834,0.3074581430745814,0.9437698177685286
large_long,rotatable_xlink,r0008,1.15,pulse_01,4.014785951661632,1.0362229488726957,0.013023348591895948,0.013023348591895948,1.0,0.5373134328358209,0.022159581809132408,0.012434895833333333,0.015436976691152035,1324.0,0.43202416918429,0.09969788519637464,0.31268882175226576,0.9438395819069042
large_long,rotatable_xlink,r0008,1.2,pulse_01,4.081935373134328,1.101485782761132,0.02229486843004273,0.02229486843004273,1.0,0.5369458128078818,0.011718491720614177,0.012782118055555555,0.018149444129466025,1340.0,0.4343283582089552,0.1,0.31641791044776124,0.9416676013862945
large_long,rotatable_xlink,r0008,1.25,pulse_01,4.148555162241888,1.1451196136494919,0.015917203892816662,0.015917203892816662,1.0,0.5474452554744526,0.0472573705649127,0.013020833333333334,0.008087448852392617,1356.0,0.43491124260355035,0.09763313609467457,0.3165680473372781,0.9433045434236542
large_long,rotatable_xlink,r0008,1.3,pulse_01,4.177438596491228,1.1500104758754877,0.006798811159198633,0.006798811159198633,1.0,0.549636803874092,0.03428401710765477,0.012847222222222222,0.006571187058281525,1368.0,0.4385964912280701,0.09502923976608188,0.31432748538011696,0.9414806581136589
large_long,rotatable_xlink,r0008,1.35,pulse_01,4.18934802919708,1.184546735999181,0.0010286308161708095,-0.0010286308161708095,1.0,0.5598086124401914,0.07222161007192232,0.013020833333333334,0.012258537569728131,1370.0,0.43649635036496354,0.09489051094890512,0.31532846715328466,0.9444843857067581
large_long,rotatable_xlink,r0008,1.4,pulse_01,4.1712668115942035,1.2235617012938564,0.005291658918642324,0.005291658918642324,1.0,0.5629453681710214,0.03363675870690114,0.013389756944444444,5.061915384415213e-05,1380.0,0.4420289855072464,0.09710144927536231,0.3130434782608696,0.9436786323746328
large_long,rotatable_xlink,r0008,1.45,pulse_01,4.221097982708934,1.184850450922246,0.012149093632725686,0.012149093632725686,1.0,0.5707547169811321,0.033008354447868954,0.01328125,0.003361740009727665,1388.0,0.4466858789625359,0.09654178674351585,0.3112391930835735,0.9440605917860796
large_long,rotatable_xlink,r0008,1.5,pulse_01,4.244161373390558,1.2033912612354905,0.00959808396292535,0.00959808396292535,1.0,0.5700934579439252,0.033309096288638644,0.013368055555555555,0.0061603901381912145,1398.0,0.44476327116212333,0.09469153515064563,0.31276901004304164,0.9419264003319264
large_long,rotatable_xlink,r0008,1.55,pulse_01,4.278686486486486,1.2218127917513932,0.004263335131705552,0.004263335131705552,1.0,0.5757575757575758,0.011168416599651792,0.013324652777777777,0.0009044327441067498,1406.0,0.4471428571428572,0.09714285714285714,0.31142857142857144,0.9439961967305779
large_long,rotatable_xlink,r0008,1.6,pulse_01,4.269741384180791,1.19796466477085,0.0010455902606674172,0.0010455902606674172,1.0,0.576036866359447,0.06535057916709118,0.013389756944444444,0.007171316668482956,1416.0,0.446958981612447,0.0975954738330976,0.31117397454031115,0.9448866232858767
large_long,rotatable_xlink,r0008,1.65,pulse_01,4.284960028050491,1.1787848917404955,0.006376970604921706,0.006376970604921706,1.0,0.5636363636363636,0.023287964552178075,0.013693576388888889,0.0011581196805461695,1426.0,0.4488078541374474,0.09677419354838712,0.3113604488078542,0.9412244207587606
large_long,rotatable_xlink,r0008,1.7000000000000002,pulse_01,4.308003207810321,1.204913382854127,0.017767447672663472,0.017767447672663472,1.0,0.5818181818181818,0.015886344450892376,0.01384548611111111,0.0029511877127301744,1434.0,0.4518828451882845,0.09483960948396096,0.3040446304044631,0.9415396966671429
large_long,rotatable_xlink,r0008,1.75,pulse_01,4.3915647140864715,1.1964920180168765,0.007762575546257515,0.007762575546257515,1.0,0.5844748858447488,0.027618689236231942,0.013433159722222223,0.001154167404139243,1434.0,0.4518828451882845,0.09065550906555091,0.301255230125523,0.9413864562579589
large_long,rotatable_xlink,r0008,1.8,pulse_01,4.354578661087866,1.1979883784292915,0.00749652642181949,-0.00749652642181949,1.0,0.5333333333333333,0.009432354552271276,0.013650173611111111,0.0066551970790022326,1434.0,0.45048814504881446,0.08926080892608088,0.29986052998605295,0.9386097356893113
large_long,rotatable_xlink,r0008,1.85,pulse_01,4.346585555555555,1.1565608355428632,0.004100134482090567,-0.004100134482090567,1.0,0.5231788079470199,0.03643882739878996,0.013758680555555555,0.0225715596842118,1440.0,0.4541666666666666,0.10138888888888889,0.3013888888888888,0.9452001815983232
large_long,rotatable_xlink,r0008,1.9,pulse_01,4.329977854195323,1.0625590203240207,0.006404525558616332,-0.006404525558616332,1.0,0.5560439560439561,0.048819655223670426,0.013715277777777778,0.01841468319734411,1454.0,0.44827586206896547,0.0993103448275862,0.3048275862068965,0.9457019072937238
large_long,rotatable_xlink,r0008,1.9500000000000002,pulse_01,4.308158402203857,1.0460727363587985,0.008151688342898625,-0.008151688342898625,1.0,0.5644444444444444,0.029263344450798447,0.014019097222222223,0.0030566522728957914,1452.0,0.45041322314049587,0.09641873278236915,0.303030303030303,0.9452473963576284
large_long,rotatable_xlink,r0008,2.0,pulse_01,4.281067724137931,1.044219106686646,0.009030226021975155,-0.009030226021975155,1.0,0.5857461024498887,0.028822443817135907,0.013606770833333334,0.0006178765573841746,1450.0,0.4537931034482757,0.09655172413793103,0.3075862068965517,0.9451346939933342
large_long,rotatable_xlink,r0008,2.05,pulse_02,4.800312356687898,0.9480936326528554,0.016011464968152644,-0.016011464968152644,1.0,0.65625,0.02953734569645797,0.01484375,0.0024037444259347915,1570.0,0.4980891719745223,0.08535031847133757,0.2802547770700637,0.9408626599774755
large_long,rotatable_xlink,r0008,2.1,pulse_02,4.75227796178344,0.9553048659306598,0.007769834384044216,-0.007769834384044216,1.0,0.6528599605522682,0.05066586583319285,0.014952256944444445,0.007702632153202364,1570.0,0.4980891719745223,0.0840764331210191,0.2802547770700637,0.9421508507602351
large_long,rotatable_xlink,r0008,2.15,pulse_02,4.7536933503836325,0.9943094255720696,0.005140408166602513,0.005140408166602513,1.0,0.6646942800788954,0.013363266059720246,0.014518229166666667,0.0013644508198276117,1564.0,0.49360613810741694,0.08184143222506393,0.2787723785166241,0.944978097237882
large_long,rotatable_xlink,r0008,2.2,pulse_02,4.783120410783055,0.9634915708496254,0.001326675235590713,0.001326675235590713,1.0,0.6612903225806451,0.01823276994327578,0.0146484375,0.0029556012762028496,1558.0,0.5006418485237483,0.079589216944801,0.2747111681643132,0.9394989533117309
large_long,rotatable_xlink,r0008,2.25,pulse_02,4.761653401797177,0.9765758179148525,0.0009503169642709844,-0.0009503169642709844,1.0,0.6733870967741935,0.05281299490343258,0.014756944444444444,0.0015006476228534387,1558.0,0.496790757381258,0.07830551989730422,0.2734274711168164,0.9390134058438874
large_long,rotatable_xlink,r0008,2.3,pulse_02,4.777418508997429,0.9544876851125048,0.02191403528196645,0.02191403528196645,1.0,0.670061099796334,0.06449122499068553,0.01482204861111111,0.0082895843605764,1556.0,0.49228791773778935,0.07712082262210798,0.27506426735218514,0.939110435336514
large_long,rotatable_xlink,r0008,2.35,pulse_02,4.8931376134889755,0.9268383117513941,0.024985124963367394,0.024985124963367394,1.0,0.6300813008130082,0.04263093863549625,0.014583333333333334,0.006763782857983365,1542.0,0.5006485084306097,0.07522697795071336,0.26718547341115434,0.9374617324236413
large_long,rotatable_xlink,r0008,2.4,pulse_02,4.927329258777633,0.9139049879646046,0.00016954382899392328,0.00016954382899392328,1.0,0.6311475409836066,0.054660617688720235,0.014865451388888888,0.004911860743250895,1538.0,0.5032509752925878,0.07152145643693107,0.26788036410923277,0.9361681245880222
large_long,rotatable_xlink,r0008,2.45,pulse_02,4.894154876462939,0.8973671472918887,0.00252903010877222,-0.00252903010877222,1.0,0.636734693877551,0.007850227781838588,0.014561631944444445,0.0046222084900487586,1538.0,0.5006501950585175,0.07152145643693107,0.2730819245773732,0.9398844461520491
large_long,rotatable_xlink,r0008,2.5,pulse_02,4.912155078125,0.8861717370243121,0.0025880942531347393,0.0025880942531347393,1.0,0.639751552795031,0.0114394031744906,0.014865451388888888,0.0033521609631617655,1536.0,0.5026041666666666,0.07161458333333334,0.26953125000000006,0.9376884880960122
large_long,rotatable_xlink,r0008,2.55,pulse_02,4.909683441981747,0.8772541815129181,0.0027898367806244253,-0.0027898367806244253,1.0,0.6446280991735537,0.028127309198182387,0.014409722222222223,0.005770123408398405,1534.0,0.499348109517601,0.06910039113428942,0.2685788787483702,0.9376078797605143
large_long,rotatable_xlink,r0008,2.6,pulse_02,4.8954160574412535,0.9207924774747025,0.003861227258395772,-0.003861227258395772,1.0,0.6536082474226804,0.0745608840018336,0.014431423611111112,0.012594341667731193,1532.0,0.4999999999999999,0.06657963446475197,0.27676240208877284,0.9362513953479176
large_long,rotatable_xlink,r0008,2.65,pulse_02,4.886516078431373,0.9528202315193053,0.0032416958480519695,-0.0032416958480519695,1.0,0.6611570247933884,0.03160942103742154,0.014778645833333333,0.003933962043931205,1530.0,0.4980392156862744,0.06666666666666665,0.27843137254901956,0.9383763674601014
large_long,rotatable_xlink,r0008,2.7,pulse_02,4.875965882352942,0.9443962497382897,0.0005238184820175462,-0.0005238184820175462,1.0,0.660455486542443,0.03424450610086224,0.014800347222222222,0.003964913074120262,1530.0,0.49673202614379086,0.06666666666666667,0.2784313725490196,0.9385871015935318
large_long,rotatable_xlink,r0008,2.75,pulse_02,4.8833731675392675,0.9766097099640269,0.008545843754824626,0.008545843754824626,1.0,0.6611570247933884,0.013685409309890846,0.014756944444444444,0.003175155036886516,1528.0,0.494764397905759,0.061518324607329825,0.28010471204188475,0.9384575020858436
large_long,rotatable_xlink,r0008,2.8,pulse_02,4.9272409448818895,0.9634471799596088,0.002994388962178037,0.002994388962178037,1.0,0.6617954070981211,0.006124555626965424,0.014539930555555556,0.0010785958137243257,1524.0,0.4934210526315791,0.060526315789473685,0.275,0.9377090725542615
large_long,rotatable_xlink,r0008,2.85,pulse_02,4.901339501312336,0.9701381350816809,0.000497769028871294,-0.000497769028871294,1.0,0.6666666666666666,0.04003995628043906,0.01447482638888889,0.0008541912811547888,1524.0,0.4934383202099738,0.06299212598425198,0.2729658792650919,0.9363307735250255
large_long,rotatable_xlink,r0008,2.9,pulse_02,4.924254330708662,0.9583220322726801,0.0072837362026527686,0.0072837362026527686,1.0,0.6666666666666666,0.009463647370741223,0.014800347222222222,0.00579060052542472,1524.0,0.49475065616797886,0.06299212598425198,0.26771653543307083,0.9396045171167143
large_long,rotatable_xlink,r0008,2.95,pulse_02,4.945041918528252,0.9353945319291326,0.008922170178332411,0.008922170178332411,1.0,0.6652719665271967,0.009158034818256472,0.014301215277777777,0.013366121192805983,1522.0,0.49540078843626806,0.06438896189224705,0.266754270696452,0.9382068960269826
large_long,rotatable_xlink,r0008,3.0,pulse_02,4.977787351778656,0.8781253051158442,0.010915144416801267,0.010915144416801267,1.0,0.6751054852320675,0.0299404954823372,0.014431423611111112,0.019089742271096128,1518.0,0.4960422163588391,0.0633245382585752,0.266490765171504,0.9379064466317405
large_long,rotatable_xlink,r0008,3.05,pulse_03,5.3261361313868605,0.9655595142413835,0.00775610883627061,-0.00775610883627061,1.0,0.7201492537313433,0.05017342890558746,0.015364583333333333,0.0021908574713292626,1644.0,0.5322777101096224,0.05846528623629721,0.24482338611449453,0.9330422810592331
large_long,rotatable_xlink,r0008,3.1,pulse_03,5.302867804878049,0.9589869418273957,0.009197902239690414,-0.009197902239690414,1.0,0.7556390977443609,0.03306862864641577,0.015407986111111112,0.002592249984429381,1640.0,0.5353658536585366,0.0573170731707317,0.2487804878048781,0.9287446974191911
large_long,rotatable_xlink,r0008,3.15,pulse_03,5.270948717948718,0.9500060143348072,0.011913195678533661,-0.011913195678533661,1.0,0.7360594795539034,0.04619081874561278,0.015538194444444445,0.005478370936145653,1638.0,0.5396825396825398,0.05860805860805861,0.242979242979243,0.9322235541001298
large_long,rotatable_xlink,r0008,3.2,pulse_03,5.231388630806847,0.9261167162105218,0.008525275920869527,-0.008525275920869527,1.0,0.725417439703154,0.03531409245088594,0.01577690972222222,0.004742917658684583,1636.0,0.536674816625917,0.06356968215158924,0.24327628361858192,0.9367595218228928
large_long,rotatable_xlink,r0008,3.25,pulse_03,5.219797062423501,0.9215485083826997,0.018951022311137027,-0.018951022311137027,1.0,0.7313432835820896,0.020389271242400017,0.015473090277777778,0.015476595906899074,1634.0,0.5312117503059974,0.06364749082007344,0.24602203182374538,0.9336928277148548
large_long,rotatable_xlink,r0008,3.3,pulse_03,5.1176824969400245,1.0189762916519163,0.042613276743786045,-0.042613276743786045,1.0,0.6990825688073394,0.045793707818181775,0.015321180555555555,0.039137639616034926,1634.0,0.5238678090575275,0.06976744186046512,0.2533659730722154,0.9384378701791855
large_long,rotatable_xlink,r0008,3.35,pulse_03,4.9641174019607845,1.1563743460789093,0.05631366779065772,-0.05631366779065772,1.0,0.66728280961183,0.04042117329224871,0.015538194444444445,0.043691835489003905,1632.0,0.5085784313725491,0.07107843137254903,0.2573529411764706,0.94056056429622
large_long,rotatable_xlink,r0008,3.4,pulse_03,4.779800490196078,1.2811273045859397,0.040030916686715656,-0.040030916686715656,1.0,0.6685714285714286,0.04183020301516609,0.015516493055555556,0.02414812299162905,1632.0,0.5000000000000001,0.07352941176470588,0.26470588235294124,0.9413695612321055
large_long,rotatable_xlink,r0008,3.45,pulse_03,4.723931901840491,1.3012630840286836,0.021599630139412056,-0.021599630139412056,1.0,0.676923076923077,0.0763475467267037,0.015711805555555555,0.018340915530046503,1630.0,0.4895705521472392,0.0736196319018405,0.2625766871165644,0.9458924301049574
large_long,rotatable_xlink,r0008,3.5,pulse_03,4.650202709359606,1.3911727977662187,0.02058102597464817,-0.02058102597464817,1.0,0.6627450980392157,0.042055225665064346,0.015690104166666666,0.028269705243100057,1624.0,0.4728395061728395,0.07160493827160494,0.26543209876543206,0.9441007454386756
large_long,rotatable_xlink,r0008,3.55,pulse_03,4.600445745992602,1.470881315487284,0.0046269245718832215,-0.0046269245718832215,1.0,0.664,0.11045071149996277,0.015364583333333333,0.013922428896449382,1622.0,0.47102342786683105,0.06905055487053022,0.26510480887792853,0.9446955711720515
large_long,rotatable_xlink,r0008,3.6,pulse_03,4.622441161928307,1.474707371144915,0.003164095964929429,0.003164095964929429,1.0,0.672,0.04366392805809629,0.015581597222222222,0.0007815166456941469,1618.0,0.4697156983930778,0.069221260815822,0.2645241038318912,0.943710979985151
large_long,rotatable_xlink,r0008,3.65,pulse_03,4.619430321782178,1.466192215613119,0.0034155344229952847,-0.0034155344229952847,1.0,0.6606060606060606,0.04444984186049996,0.015407986111111112,0.009155035712873646,1616.0,0.46782178217821785,0.06806930693069307,0.2685643564356436,0.9430746415318966
large_long,rotatable_xlink,r0008,3.7,pulse_03,4.601947955390335,1.4197771568676731,0.014085119800751814,-0.014085119800751814,1.0,0.6876267748478702,0.03498192092354089,0.015494791666666667,0.006153221883563746,1614.0,0.4702233250620348,0.06947890818858563,0.26550868486352364,0.9438519158699645
large_long,rotatable_xlink,r0008,3.75,pulse_03,4.534919602977667,1.4292728843117366,0.021222839546031807,-0.021222839546031807,1.0,0.670020120724346,0.02142814664047547,0.014952256944444445,0.0036002405116081957,1612.0,0.46898263027295284,0.0806451612903226,0.2692307692307693,0.9485491174854169
large_long,rotatable_xlink,r0008,3.8,pulse_03,4.474610918114144,1.398175713798024,0.006043690048516718,-0.006043690048516718,1.0,0.6713426853707415,0.04740256375389534,0.01521267361111111,0.0028285171747813496,1612.0,0.467741935483871,0.08064516129032259,0.2704714640198511,0.9489429560570967
large_long,rotatable_xlink,r0008,3.85,pulse_03,4.498657462686567,1.4462439873604247,0.008690627255632707,0.008690627255632707,1.0,0.682092555331992,0.034543377213336425,0.015494791666666667,0.0021060351153964207,1608.0,0.4713930348258706,0.07960199004975124,0.26990049751243783,0.9443087391356161
large_long,rotatable_xlink,r0008,3.9,pulse_03,4.52675468164794,1.4108119244904025,0.007133243781094478,-0.007133243781094478,1.0,0.691683569979716,0.022611801390652275,0.015125868055555556,0.014081998254854011,1602.0,0.4769038701622971,0.07865168539325842,0.2659176029962546,0.9417289451128004
large_long,rotatable_xlink,r0008,3.95,pulse_03,4.455858,1.3617519978313006,0.007702191817943997,-0.007702191817943997,1.0,0.6809815950920245,0.003953776328174843,0.01545138888888889,0.028756572216387794,1600.0,0.47250000000000003,0.07875,0.27249999999999996,0.9434743665329666
large_long,rotatable_xlink,r0008,4.0,pulse_03,4.480541530740276,1.2382724911920757,0.008227843580092062,0.008227843580092062,1.0,0.6846473029045643,0.04217702499168214,0.014930555555555556,0.041159835546408306,1594.0,0.46800501882057705,0.07528230865746549,0.2735257214554579,0.9437336917555493
large_long,rotatable_xlink,r0008,4.05,pulse_04,4.840750885478158,1.1791926234264125,0.01636682408500582,-0.01636682408500582,1.0,0.7105263157894737,0.038466348754930935,0.016037326388888887,0.023443431851388235,1694.0,0.49468713105076734,0.06847697756788665,0.25737898465171194,0.9385807250913677
large_long,rotatable_xlink,r0008,4.1,pulse_04,4.791650413223141,1.2495229189805772,0.014780243998425776,-0.014780243998425776,1.0,0.7137476459510358,0.03721595108785563,0.015950520833333332,0.023164545527773767,1694.0,0.4923258559622196,0.06847697756788665,0.25855962219598577,0.9402433157728355
large_long,rotatable_xlink,r0008,4.15,pulse_04,4.752069421487604,1.3181798965930551,0.008173886837426517,-0.008173886837426517,1.0,0.7062146892655368,0.012546976593962929,0.016037326388888887,0.011535648865841871,1694.0,0.49350649350649356,0.06729634002361276,0.2609208972845336,0.9416573990005915
large_long,rotatable_xlink,r0008,4.2,pulse_04,4.742607092198582,1.3187368121756284,0.002946341721535184,-0.002946341721535184,1.0,0.7159090909090909,0.08480134001481907,0.015950520833333332,0.02127312280523778,1692.0,0.4905437352245863,0.06619385342789595,0.2576832151300236,0.9409604421623724
large_long,rotatable_xlink,r0008,4.25,pulse_04,4.7343913711583925,1.4458186334244818,0.0022547421375191945,0.0022547421375191945,1.0,0.7056603773584905,0.07663430272238379,0.016189236111111113,0.024006731327743298,1692.0,0.48463356973995264,0.06619385342789598,0.2576832151300236,0.940990239303486
large_long,rotatable_xlink,r0008,4.3,pulse_04,4.756135545023697,1.4627772001420882,0.009958812596574754,0.009958812596574754,1.0,0.7219047619047619,0.03807447276522559,0.015928819444444443,0.0009154515358040424,1688.0,0.48815165876777267,0.0651658767772512,0.25473933649289104,0.9386881836419848
large_long,rotatable_xlink,r0008,4.35,pulse_04,4.794144246737841,1.451311342639306,0.001976460171020822,0.001976460171020822,1.0,0.7213740458015268,0.06976700878026677,0.016015625,0.003884194497240312,1686.0,0.485748218527316,0.06413301662707839,0.2505938242280285,0.939390131767029
large_long,rotatable_xlink,r0008,4.4,pulse_04,4.767994306049822,1.48608236712553,0.003208661075467726,-0.003208661075467726,1.0,0.7246653919694073,0.023690725670460246,0.016145833333333335,0.01976248287811259,1686.0,0.485748218527316,0.0641330166270784,0.2541567695961996,0.9409686254976414
large_long,rotatable_xlink,r0008,4.45,pulse_04,4.774892280285035,1.5698862399079816,0.00346995865792706,-0.00346995865792706,1.0,0.7292069632495164,0.0765053002763106,0.016059027777777776,0.02585449167647691,1684.0,0.48456057007125886,0.06294536817102139,0.25296912114014247,0.9381647153551332
large_long,rotatable_xlink,r0008,4.5,pulse_04,4.747174554102259,1.6412093171843916,0.014257701476077411,-0.014257701476077411,1.0,0.7242718446601941,0.03635108003270278,0.015928819444444443,0.023879392997852206,1682.0,0.4815695600475626,0.06302021403091557,0.25445897740784773,0.9368658901884899
large_long,rotatable_xlink,r0008,4.55,pulse_04,4.68934607142857,1.7131625978950948,0.012243176577631262,-0.012243176577631262,1.0,0.7221135029354208,0.07300180478817411,0.015733506944444444,0.01598185264215146,1680.0,0.4809523809523809,0.06190476190476191,0.255952380952381,0.9366852767244259
large_long,rotatable_xlink,r0008,4.6,pulse_04,4.673715494636472,1.7371004330373003,0.0011657900045460856,0.0011657900045460856,1.0,0.724950884086444,0.06243482010090595,0.016059027777777776,0.005646392645457077,1678.0,0.4791418355184744,0.0607866507747318,0.25625744934445766,0.9375476771220784
large_long,rotatable_xlink,r0008,4.65,pulse_04,4.696340811455847,1.7470409537678373,0.002369573487397858,0.002369573487397858,1.0,0.7244094488188977,0.04903161128101939,0.016080729166666665,0.008522798302806334,1676.0,0.47971360381861583,0.058472553699284016,0.2553699284009547,0.9369107051554306
large_long,rotatable_xlink,r0008,4.7,pulse_04,4.687932935560859,1.6859636432204623,0.001711022441989692,0.001711022441989692,1.0,0.7244094488188977,0.049045782150021824,0.015863715277777777,0.021026719421924727,1676.0,0.4785202863961815,0.05966587112171838,0.2553699284009547,0.9352759925837731
large_long,rotatable_xlink,r0008,4.75,pulse_04,4.706606946107785,1.620880637236289,0.005479502746251826,0.005479502746251826,1.0,0.727810650887574,0.05115864843455108,0.015733506944444444,0.014149764927941585,1670.0,0.48143712574850295,0.06107784431137726,0.2550898203592814,0.9378670563844258
large_long,rotatable_xlink,r0008,4.8,pulse_04,4.72080995203837,1.6010650536528128,0.0016119833410102775,0.0016119833410102775,1.0,0.7288801571709234,0.02228359320292327,0.015690104166666666,0.009806233330068026,1668.0,0.48321342925659466,0.05995203836930455,0.2577937649880096,0.937839677945161
large_long,rotatable_xlink,r0008,4.85,pulse_04,4.7162788461538465,1.5620432372558808,0.0020348875116772782,0.0020348875116772782,1.0,0.727810650887574,0.08899588491891176,0.016059027777777776,0.01000471563937074,1664.0,0.4855769230769231,0.06009615384615384,0.2560096153846153,0.9388453610140364
large_long,rotatable_xlink,r0008,4.9,pulse_04,4.733019277108434,1.5410367598165884,0.008792193112845256,0.008792193112845256,1.0,0.7087378640776699,0.06793475483505347,0.015494791666666667,0.004652752143605536,1660.0,0.4831325301204819,0.06385542168674699,0.2614457831325301,0.936896680858891
large_long,rotatable_xlink,r0008,4.95,pulse_04,4.769032004830918,1.5341267243942476,0.009061052685317575,0.009061052685317575,1.0,0.7372549019607844,0.047881629844322454,0.015581597222222222,0.0042342307888666815,1656.0,0.48609431680773874,0.061668681983071336,0.25876662636033854,0.9384742490004551
large_long,rotatable_xlink,r0008,5.0,pulse_04,4.787385593220339,1.5156313750833883,0.006117862796473676,0.006117862796473676,1.0,0.7335984095427436,0.08061404256270602,0.015494791666666667,0.006165116436953093,1652.0,0.48305084745762716,0.060532687651331754,0.25665859564164656,0.9383167366513716
large_long,rotatable_xlink,r0008,5.05,pulse_05,5.159212175873732,1.1784250756599957,0.001999511461856507,0.001999511461856507,1.0,0.7566137566137566,0.0707850852927253,0.0166015625,0.001427380354240837,1774.0,0.5163472378804959,0.055242390078917694,0.23900789177001122,0.9323645537419794
large_long,rotatable_xlink,r0008,5.1,pulse_05,5.165210710259301,1.1741429345972731,0.007107131711037311,0.007107131711037311,1.0,0.7690941385435168,0.06733646208330987,0.016558159722222222,0.00025210032436621493,1774.0,0.5197294250281849,0.052987598647125135,0.23788049605411493,0.933156983485105
large_long,rotatable_xlink,r0008,5.15,pulse_05,5.201854966139956,1.179937677606193,0.011483527928125644,0.011483527928125644,1.0,0.7797513321492007,0.09634024960934444,0.016493055555555556,0.00658260477837976,1772.0,0.5191873589164784,0.05079006772009028,0.2347629796839729,0.932710481936338
large_long,rotatable_xlink,r0008,5.2,pulse_05,5.234111877828055,1.2136385632675517,0.006465754038961584,0.006465754038961584,1.0,0.7885304659498208,0.06040296135318569,0.016710069444444444,0.010244552844063079,1768.0,0.5214932126696834,0.0497737556561086,0.23190045248868776,0.9292262069224729
large_long,rotatable_xlink,r0008,5.25,pulse_05,5.240649490373725,1.2414049946705714,0.00189205900308842,-0.00189205900308842,1.0,0.7870036101083032,0.09934775530284864,0.01657986111111111,0.0026745484223682134,1766.0,0.5186862967157417,0.04983012457531144,0.22763306908267272,0.9303850110115516
large_long,rotatable_xlink,r0008,5.3,pulse_05,5.222759523809525,1.229685853801761,0.003715172345677568,-0.003715172345677568,1.0,0.7887067395264117,0.09634215674015671,0.016471354166666667,0.007520517434787211,1764.0,0.518140589569161,0.04875283446712017,0.23015873015873015,0.9302074583837908
large_long,rotatable_xlink,r0008,5.35,pulse_05,5.21835845629966,1.1962818900618482,0.002401606240981439,-0.002401606240981439,1.0,0.7894736842105263,0.06928364893269344,0.0166015625,0.010560537309738124,1762.0,0.5153234960272418,0.048808172531214535,0.2315550510783201,0.9319666863082948
large_long,rotatable_xlink,r0008,5.4,pulse_05,5.208349886363636,1.1663226299433322,0.0020902572833900734,0.0020902572833900734,1.0,0.7948717948717948,0.09058394973014221,0.016905381944444443,0.002524717114736378,1760.0,0.5125,0.046590909090909086,0.2352272727272727,0.9276585695002707
large_long,rotatable_xlink,r0008,5.45,pulse_05,5.2309,1.2114301927502664,0.01189535341297828,0.01189535341297828,1.0,0.7745454545454545,0.06870271907290301,0.016558159722222222,0.0010829236078962283,1760.0,0.5136363636363636,0.04886363636363635,0.23181818181818178,0.9313199345756362
large_long,rotatable_xlink,r0008,5.5,pulse_05,5.279722006841506,1.1598250882959549,0.010746275180539833,0.010746275180539833,1.0,0.7941176470588235,0.05428522982637564,0.01644965277777778,0.009147751505205082,1754.0,0.5148401826484019,0.046803652968036534,0.23059360730593603,0.9275374967339246
large_long,rotatable_xlink,r0008,5.55,pulse_05,5.295377651083239,1.156543683719036,0.0005510832383124331,0.0005510832383124331,1.0,0.7871559633027523,0.0514222275766749,0.01642795138888889,0.0007104435403060272,1754.0,0.5165336374002281,0.04561003420752564,0.22919042189281633,0.9253095961989708
large_long,rotatable_xlink,r0008,5.6,pulse_05,5.28302850627138,1.1555624270541187,0.0026570391051743414,0.0026570391051743414,1.0,0.781021897810219,0.0801070187056442,0.016861979166666666,0.002263831789767005,1754.0,0.5131128848346636,0.04561003420752565,0.22690992018244005,0.9276434692740692
large_long,rotatable_xlink,r0008,5.65,pulse_05,5.311319885714285,1.170126674457638,0.0074330496420553045,0.0074330496420553045,1.0,0.7933579335793358,0.0799967654047287,0.016319444444444445,0.006071570970846356,1750.0,0.5154285714285715,0.04457142857142858,0.22628571428571434,0.9275118832156792
large_long,rotatable_xlink,r0008,5.7,pulse_05,5.327626804123712,1.1191330012290406,0.004600565683704853,0.004600565683704853,1.0,0.8026070763500931,0.06649783600821929,0.016536458333333334,0.009800809071772165,1746.0,0.5143184421534938,0.04352806414662085,0.2268041237113402,0.9248504446077452
large_long,rotatable_xlink,r0008,5.75,pulse_05,5.338923279816514,1.111321820027005,0.0038759383100357425,0.0038759383100357425,1.0,0.7985074626865671,0.06845787701554597,0.016080729166666665,0.0013787085138698603,1744.0,0.5154994259471872,0.04247990815154994,0.22502870264064295,0.9258916003029511
large_long,rotatable_xlink,r0008,5.8,pulse_05,5.3508824339839265,1.1274052523122597,0.012676457972209251,0.012676457972209251,1.0,0.7955390334572491,0.05460714151166046,0.016558159722222222,0.02291811297118318,1742.0,0.5154994259471872,0.04133180252583238,0.22502870264064295,0.9269690379220004
large_long,rotatable_xlink,r0008,5.85,pulse_05,5.41498202764977,1.248830497854104,0.012809213713174708,0.012809213713174708,1.0,0.7338262476894639,0.07682214860910036,0.01644965277777778,0.028350909101079697,1736.0,0.5184331797235024,0.03801843317972351,0.22235023041474658,0.9233485811954496
large_long,rotatable_xlink,r0008,5.9,pulse_05,5.427737716262975,1.297510706918738,0.002719495957775949,-0.002719495957775949,1.0,0.7365491651205937,0.07428721627619253,0.016319444444444445,0.004059500756566692,1734.0,0.520785219399538,0.03810623556581986,0.22170900692840645,0.9227297417879324
large_long,rotatable_xlink,r0008,5.95,pulse_05,5.398665051903114,1.224473493314704,0.006512745098039119,-0.006512745098039119,1.0,0.7397769516728625,0.047419549266879656,0.0162109375,0.017414044123475397,1734.0,0.5127020785219399,0.03695150115473442,0.2217090069284065,0.9236345983612829
large_long,rotatable_xlink,r0008,6.0,pulse_05,5.38866124567474,1.1930264421778856,0.003334602076124682,-0.003334602076124682,1.0,0.7518518518518519,0.06609685942742022,0.016102430555555554,0.010482350378939445,1734.0,0.5178777393310263,0.038062283737024215,0.22260668973471742,0.9233332592744576
large_long,rotatable_xlink,r0008,6.05,pulse_06,5.663163577586206,1.2159237295250622,0.006702370689655031,-0.006702370689655031,1.0,0.7688442211055276,0.05643714233248214,0.017664930555555555,0.0055507243911470106,1856.0,0.5474137931034483,0.03448275862068967,0.20689655172413798,0.9201706481292565
large_long,rotatable_xlink,r0008,6.1,pulse_06,5.643056465517241,1.1992715563516212,0.0028863963362842546,-0.0028863963362842546,1.0,0.7558528428093646,0.08102635332956584,0.017274305555555557,0.0019993319637802522,1856.0,0.5441810344827587,0.03556034482758621,0.20797413793103453,0.9220260266789111
large_long,rotatable_xlink,r0008,6.15,pulse_06,5.645845199568501,1.2279197213077437,0.009231111746580941,-0.009231111746580941,1.0,0.7579831932773109,0.10681029874229565,0.01720920138888889,0.007339770484195984,1854.0,0.5415318230852214,0.034519956850053934,0.20927723840345197,0.9197133359192748
large_long,rotatable_xlink,r0008,6.2,pulse_06,5.587669795037756,1.243310179256797,0.01267236605537588,-0.01267236605537588,1.0,0.7448979591836735,0.09418089872319349,0.0171875,0.00903994722544014,1854.0,0.5329018338727076,0.03451995685005393,0.21035598705501618,0.9183706342907092
large_long,rotatable_xlink,r0008,6.25,pulse_06,5.569811003236246,1.2821594046603846,0.005723858324343745,-0.005723858324343745,1.0,0.7453310696095077,0.0875919441283692,0.01740451388888889,0.008355815877118533,1854.0,0.5356371490280779,0.029157667386609076,0.21166306695464362,0.9178986662086148
large_long,rotatable_xlink,r0008,6.3,pulse_06,5.553326645091693,1.2934450745195083,0.011793833872707715,-0.011793833872707715,1.0,0.7453310696095077,0.05728632306644816,0.01740451388888889,0.00583620670587548,1854.0,0.5361380798274002,0.029126213592233007,0.2135922330097087,0.9191399056445997
large_long,rotatable_xlink,r0008,6.35,pulse_06,5.499047999999999,1.3171766448956375,0.006545962902122504,-0.006545962902122504,1.0,0.737649063032368,0.08667552529574915,0.017447916666666667,0.003162295423266811,1850.0,0.5340540540540542,0.02918918918918919,0.21189189189189195,0.9210695479681115
large_long,rotatable_xlink,r0008,6.4,pulse_06,5.514050867678958,1.3124188470591092,0.0010001824104233965,-0.0010001824104233965,1.0,0.7401709401709402,0.07674929934677088,0.017122395833333335,0.0033473057507638813,1844.0,0.5325379609544469,0.027114967462039046,0.21258134490238612,0.9202947304488366
large_long,rotatable_xlink,r0008,6.45,pulse_06,5.493046905537459,1.3372604794002207,0.007934084171610678,-0.007934084171610678,1.0,0.7310344827586207,0.11345461730934395,0.017078993055555554,0.009430699011057789,1842.0,0.5352877307274703,0.02605863192182411,0.21064060803474488,0.9190551293298664
large_long,rotatable_xlink,r0008,6.5,pulse_06,5.466446362649294,1.369003041125456,0.00017299713255806518,-0.00017299713255806518,1.0,0.7246127366609294,0.08669088093647959,0.017664930555555555,0.013510414832843506,1842.0,0.5298588490770902,0.027144408251900114,0.21064060803474488,0.9207685342001082
large_long,rotatable_xlink,r0008,6.55,pulse_06,5.4920089227421105,1.4183229683972818,0.0026163207699127313,0.0026163207699127313,1.0,0.7310344827586207,0.06853241282650778,0.017035590277777776,0.005053682266000041,1838.0,0.5310119695321,0.026115342763873773,0.21327529923830246,0.917563075938988
large_long,rotatable_xlink,r0008,6.6,pulse_06,5.4821442872687705,1.3993251347214561,0.0029739399937266007,0.0029739399937266007,1.0,0.7177280550774526,0.12634108166862673,0.0173828125,0.007452413320447919,1838.0,0.5277475516866159,0.026115342763873773,0.21327529923830246,0.9183204248166622
large_long,rotatable_xlink,r0008,6.65,pulse_06,5.50985256270447,1.3736084884745943,0.0006523425253612084,0.0006523425253612084,1.0,0.7147826086956521,0.09059572361729937,0.017122395833333335,0.0059076688244531494,1834.0,0.5288985823336969,0.023991275899672846,0.21155943293347873,0.9179102784106519
large_long,rotatable_xlink,r0008,6.7,pulse_06,5.486058342420938,1.3638791217747372,0.002111895286960023,0.002111895286960023,1.0,0.7152777777777778,0.09152318674921117,0.01723090277777778,0.0015891417517524358,1834.0,0.5223555070883314,0.023991275899672846,0.21264994547437296,0.9156373556260764
large_long,rotatable_xlink,r0008,6.75,pulse_06,5.52252393442623,1.3640736379640797,0.004714702492685241,0.004714702492685241,1.0,0.7097902097902098,0.08754387487998123,0.017035590277777776,0.001381662315753318,1830.0,0.5257393209200438,0.021905805038335162,0.21248630887185108,0.9159705782329862
large_long,rotatable_xlink,r0008,6.8,pulse_06,5.514346557377049,1.3721690956692572,0.004561818677499681,0.004561818677499681,1.0,0.6842105263157895,0.12737273836289761,0.017078993055555554,0.0015916003304740078,1830.0,0.5251641137855583,0.022975929978118165,0.21225382932166306,0.9152517890947015
large_long,rotatable_xlink,r0008,6.85,pulse_06,5.549894846491228,1.3736232399469237,0.002387214852363151,0.002387214852363151,1.0,0.7157894736842105,0.09329428113899506,0.017100694444444446,0.0016685056360731994,1824.0,0.5252192982456141,0.020833333333333332,0.20942982456140352,0.9156976690485576
large_long,rotatable_xlink,r0008,6.9,pulse_06,5.528669846491228,1.3821801294856964,0.007035072292994678,-0.007035072292994678,1.0,0.731239092495637,0.0696838559577207,0.01694878472222222,0.008724797561096417,1824.0,0.5263157894736841,0.020833333333333336,0.20942982456140352,0.914298090628884
large_long,rotatable_xlink,r0008,6.95,pulse_06,5.50768441273326,1.4259720253135022,0.0044331978584281435,-0.0044331978584281435,1.0,0.7377622377622378,0.06353345459435054,0.01677517361111111,0.0028279902501371725,1822.0,0.5268935236004391,0.019758507135016465,0.20965971459934135,0.9163003915284665
large_long,rotatable_xlink,r0008,7.0,pulse_06,5.502070659340659,1.3991480709865194,0.0018712511308670206,-0.0018712511308670206,1.0,0.743859649122807,0.10270747191137518,0.0169921875,0.00894131810899427,1820.0,0.5230769230769231,0.018681318681318684,0.2087912087912088,0.914640086454093
large_long,rotatable_xlink,r0008,7.05,pulse_07,5.833063329928499,1.1988273197786972,0.003209019539853012,0.003209019539853012,1.0,0.8086124401913876,0.0679630854066812,0.018272569444444445,0.003500590526872053,1958.0,0.5566905005107252,0.014300306435137893,0.19305413687436157,0.9118018417076922
large_long,rotatable_xlink,r0008,7.1,pulse_07,5.842690388548058,1.188325548198081,8.894626279346933e-05,-8.894626279346933e-05,1.0,0.8076923076923077,0.09311075030762901,0.01820746527777778,0.0019335102236706831,1956.0,0.5562372188139061,0.014314928425357873,0.19427402862985682,0.9113159015428283
large_long,rotatable_xlink,r0008,7.15,pulse_07,5.832529652351738,1.2104283811207213,0.003693660531697507,-0.003693660531697507,1.0,0.78060413354531,0.05782799967852942,0.01840277777777778,0.001234891404543026,1956.0,0.5541922290388548,0.014314928425357873,0.19836400817995908,0.9116986404315834
large_long,rotatable_xlink,r0008,7.2,pulse_07,5.820528425357873,1.1957348966253392,0.0034243381691652828,-0.0034243381691652828,1.0,0.7707006369426752,0.0609449913172087,0.01840277777777778,0.0024247216670355933,1956.0,0.5531697341513294,0.015337423312883436,0.20040899795501024,0.9120262772018295
large_long,rotatable_xlink,r0008,7.25,pulse_07,5.811983623336746,1.1958800511185077,0.0022748160311569046,-0.0022748160311569046,1.0,0.7639553429027113,0.0653093371538037,0.018294270833333334,0.0016619587316100508,1954.0,0.5516888433981576,0.013306038894575229,0.19754350051177072,0.9123278848917102
large_long,rotatable_xlink,r0008,7.3,pulse_07,5.806879529170931,1.2057066490149995,0.0003693961105423564,0.0003693961105423564,1.0,0.7770700636942676,0.06145189433004608,0.018337673611111112,0.0002788295871238485,1954.0,0.551794871794872,0.012307692307692308,0.20102564102564102,0.9129220170976996
large_long,rotatable_xlink,r0008,7.35,pulse_07,5.8142000000000005,1.1942070735957646,0.002484608386041328,0.002484608386041328,1.0,0.7671451355661882,0.0876170595597336,0.01792534722222222,0.009372964260763395,1952.0,0.5522540983606559,0.012295081967213115,0.19979508196721313,0.9094286310812039
large_long,rotatable_xlink,r0008,7.4,pulse_07,5.821787179487179,1.149468863450419,0.002555076923076882,0.002555076923076882,1.0,0.7845659163987139,0.07297597505880872,0.018229166666666668,0.0113035697161085,1950.0,0.5507692307692308,0.011282051282051283,0.20000000000000004,0.909498862399312
large_long,rotatable_xlink,r0008,7.45,pulse_07,5.829530461538462,1.1263856552991136,6.98803418803055e-05,6.98803418803055e-05,1.0,0.7656500802568218,0.07204647854886997,0.01838107638888889,0.0008684777889490144,1950.0,0.553388090349076,0.012320328542094455,0.20225872689938398,0.9081894896908886
large_long,rotatable_xlink,r0008,7.5,pulse_07,5.822206461538461,1.144257996716725,0.002348581196581249,-0.002348581196581249,1.0,0.7881219903691814,0.05426444618859532,0.018359375,0.006088523959299115,1950.0,0.5507692307692308,0.012307692307692308,0.20000000000000004,0.9102018727393096
large_long,rotatable_xlink,r0008,7.55,pulse_07,5.815438974358974,1.1629167990549083,0.00125710208926888,0.00125710208926888,1.0,0.7705977382875606,0.05082561437934635,0.01818576388888889,0.0008990597703000258,1950.0,0.5487179487179488,0.015384615384615385,0.20102564102564108,0.9109308749536832
large_long,rotatable_xlink,r0008,7.6,pulse_07,5.8297490740740745,1.1496523553385252,0.00042534430096733783,0.00042534430096733783,1.0,0.5756630265210608,0.08354889376247762,0.018229166666666668,0.0017962198570646848,1944.0,0.5462962962962964,0.013374485596707819,0.2006172839506173,0.9109513303778191
large_long,rotatable_xlink,r0008,7.65,pulse_07,5.817991040164778,1.1521394799125202,0.009162268359424797,-0.009162268359424797,1.0,0.620253164556962,0.11233374176852703,0.018511284722222222,0.01133294330071366,1942.0,0.5447991761071062,0.013388259526261586,0.203913491246138,0.9107716656429214
large_long,rotatable_xlink,r0008,7.7,pulse_07,5.774775463917526,1.2176500151428071,0.0072043718472084945,-0.0072043718472084945,1.0,0.6088328075709779,0.05936338130002323,0.017990451388888887,0.011822820137069404,1940.0,0.5422680412371135,0.010309278350515464,0.21030927835051544,0.9122649053399159
large_long,rotatable_xlink,r0008,7.75,pulse_07,5.774764809081527,1.2230764007349366,0.0024451358595326176,-0.0024451358595326176,1.0,0.6325878594249201,0.10171640226113977,0.017990451388888887,0.0026785590731806344,1938.0,0.5417956656346752,0.010319917440660476,0.20639834881320954,0.9118701937551664
large_long,rotatable_xlink,r0008,7.8,pulse_07,5.76010464876033,1.233721369581891,0.003054999171990147,-0.003054999171990147,1.0,0.6012658227848101,0.06704923162961712,0.01818576388888889,0.006288123658325946,1936.0,0.5423553719008265,0.010330578512396696,0.20661157024793395,0.9109949224565476
large_long,rotatable_xlink,r0008,7.85,pulse_07,5.7564348140495865,1.2608051426848923,0.0010640840220384658,-0.0010640840220384658,1.0,0.6043956043956044,0.10418791933633548,0.018077256944444446,0.0035473550904399445,1936.0,0.5382231404958678,0.010330578512396696,0.20764462809917358,0.911676225862438
large_long,rotatable_xlink,r0008,7.9,pulse_07,5.753720144628099,1.2550055001245306,0.0015717106490778694,-0.0015717106490778694,1.0,0.6044303797468354,0.09824698077407308,0.017990451388888887,0.006024491281184948,1936.0,0.5398138572905895,0.010341261633919338,0.20992761116856254,0.9121635815591823
large_long,rotatable_xlink,r0008,7.95,pulse_07,5.747004550155119,1.2246581949977826,0.0021018407196436626,-0.0021018407196436626,1.0,0.589825119236884,0.07911080434859395,0.018055555555555554,0.004358322941645325,1934.0,0.5377456049638056,0.008273009307135471,0.2078593588417787,0.9123142096741468
large_long,rotatable_xlink,r0008,8.0,pulse_07,5.741109100310237,1.2288555624746587,0.0019651499482939982,-0.0019651499482939982,1.0,0.6259904912836767,0.09202894150166968,0.0181640625,0.0013991224922920154,1934.0,0.5398138572905895,0.009307135470527405,0.20785935884177867,0.910706836033573
large_long,rotatable_xlink,r0009,0.0,initial,-0.11338381742738592,0.4743361880822429,0.18464515931466371,0.18464515931466371,1.0,-0.028985507246376812,0.0,0.004861111111111111,0.08111113680510108,482.0,0.22821576763485477,0.2282157676348548,0.5186721991701245,0.9389436504732969
large_long,rotatable_xlink,r0009,0.05,initial,0.4405516605166052,0.23100277766693966,0.16286794880998534,0.16286794880998534,1.0,0.0,0.08930735978184781,0.005338541666666667,0.044465960325266785,542.0,0.2583025830258302,0.2066420664206642,0.5055350553505533,0.9482398983388545
large_long,rotatable_xlink,r0009,0.1,initial,0.8638238754325261,0.2075404261306422,0.1028760219485312,0.1028760219485312,1.0,0.09433962264150944,0.05315785908630541,0.005750868055555556,0.010571385246528231,578.0,0.28027681660899656,0.19031141868512114,0.4913494809688582,0.9475566276912808
large_long,rotatable_xlink,r0009,0.15000000000000002,initial,1.0578077922077924,0.29443108914610905,0.027099110933484733,0.027099110933484733,1.0,0.15476190476190477,0.14616479135974475,0.006076388888888889,0.032202102693886285,616.0,0.2824675324675324,0.1753246753246753,0.4707792207792207,0.9390716436556575
large_long,rotatable_xlink,r0009,0.2,initial,1.0264185410334346,0.4007530422939599,0.027513558441558377,0.027513558441558377,1.0,0.19553072625698323,0.06720023823735671,0.006380208333333333,0.013191608405091806,658.0,0.27963525835866254,0.17629179331306988,0.46200607902735563,0.9461791419250914
large_long,rotatable_xlink,r0009,0.25,initial,1.2228891428571427,0.21528143871555822,0.0639633554511031,0.0639633554511031,1.0,0.1712707182320442,0.2022801828158078,0.006705729166666666,0.019841240369137942,700.0,0.277142857142857,0.15999999999999998,0.4342857142857143,0.9425920481466101
large_long,rotatable_xlink,r0009,0.30000000000000004,initial,1.4101986737400531,0.28170560007913226,0.08270722619047621,0.08270722619047621,1.0,0.21052631578947367,0.06621181762571617,0.007335069444444444,0.017409315482414135,754.0,0.273209549071618,0.15119363395225463,0.4111405835543766,0.9446337922899493
large_long,rotatable_xlink,r0009,0.35000000000000003,initial,1.7191325,0.31973733161004303,0.06024699263331642,0.06024699263331642,1.0,0.26570048309178745,0.09177900153398257,0.008051215277777777,0.00590399691125507,800.0,0.29,0.1375,0.395,0.9453144398260865
large_long,rotatable_xlink,r0009,0.4,initial,1.7716806295399516,0.24628161861160183,0.03389183139534883,0.03389183139534883,1.0,0.2777777777777778,0.09745357385227765,0.007921006944444444,0.02490157314479491,826.0,0.29297820823244547,0.13559322033898302,0.3898305084745762,0.9484092721235342
large_long,rotatable_xlink,r0009,0.45,initial,1.922483488372093,0.17032789274127358,0.04631672398522927,0.04631672398522927,1.0,0.3153153153153153,0.046301030206779996,0.008485243055555555,0.012054757433377921,860.0,0.30000000000000004,0.12790697674418602,0.37906976744186044,0.9476286137011258
large_long,rotatable_xlink,r0009,0.5,initial,2.0495809734513273,0.1739530740113343,0.052628235808952296,0.052628235808952296,1.0,0.3448275862068966,0.06635234357275707,0.008767361111111111,0.003800257111772847,904.0,0.3075221238938053,0.11946902654867256,0.3738938053097345,0.9460066669146265
large_long,rotatable_xlink,r0009,0.55,initial,2.2382529032258067,0.1475263500706365,0.04514699954332838,0.04514699954332838,1.0,0.40336134453781514,0.05607306755818934,0.008940972222222222,0.00026357989601595577,930.0,0.3096774193548386,0.1096774193548387,0.3677419354838708,0.9505837015899841
large_long,rotatable_xlink,r0009,0.6000000000000001,initial,2.3204629707112976,0.17553455338743004,0.023487201689086207,0.023487201689086207,1.0,0.4065040650406504,0.08306840665411065,0.009136284722222223,0.007837742557530225,956.0,0.3054393305439331,0.10460251046025104,0.3619246861924687,0.9441968564901834
large_long,rotatable_xlink,r0009,0.65,initial,2.379176113360324,0.19455280541581785,0.008630743353123638,0.008630743353123638,1.0,0.4308300395256917,0.04763349563622794,0.00959201388888889,0.00501536648236818,988.0,0.30566801619433204,0.10728744939271255,0.35627530364372473,0.9442657988162939
large_long,rotatable_xlink,r0009,0.7000000000000001,initial,2.3722474308300394,0.20562675228163912,0.029531201183832678,0.029531201183832678,1.0,0.42857142857142855,0.050496541417180636,0.009548611111111112,0.018023999305436668,1012.0,0.3023715415019763,0.10671936758893279,0.3557312252964427,0.9446046518531551
large_long,rotatable_xlink,r0009,0.75,initial,2.55636332046332,0.08640880958319784,0.03012713274044798,0.03012713274044798,1.0,0.4318181818181818,0.07784857711586407,0.009743923611111111,0.023894371600576846,1036.0,0.306949806949807,0.09845559845559845,0.3513513513513513,0.9406084624678572
large_long,rotatable_xlink,r0009,0.8,initial,2.5530102272727273,0.06226052267817806,0.005050578200762749,0.005050578200762749,1.0,0.42124542124542125,0.0681269633920833,0.010004340277777777,0.007047285339511607,1056.0,0.29924242424242425,0.10037878787878789,0.35037878787878796,0.9436378893072312
large_long,rotatable_xlink,r0009,0.8500000000000001,initial,2.5866667896678965,0.0441250975461282,0.008026191260430396,-0.008026191260430396,1.0,0.40794223826714804,0.053077543317643215,0.010503472222222223,0.008240734312191593,1084.0,0.2988929889298892,0.1014760147601476,0.3523985239852399,0.9416006216784325
large_long,rotatable_xlink,r0009,0.9,initial,2.504853079710145,0.012816116805028494,0.022588978586405,-0.022588978586405,1.0,0.4109090909090909,0.02188291550965539,0.010481770833333333,0.007887249691086411,1104.0,0.2989130434782609,0.10144927536231887,0.3532608695652175,0.9423630328140385
large_long,rotatable_xlink,r0009,0.9500000000000001,initial,2.4511329181494665,-0.003198400600390265,0.0017518986156113137,0.0017518986156113137,1.0,0.39416058394160586,0.06790753900025227,0.010720486111111111,0.013831581109123546,1124.0,0.29715302491103207,0.10498220640569397,0.3505338078291816,0.9472700639085536
large_long,rotatable_xlink,r0009,1.0,initial,2.515364471403813,0.09580560345976977,0.021410517751448754,0.021410517751448754,1.0,0.38831615120274915,0.06591716636447138,0.011067708333333334,0.033001334686720014,1154.0,0.3050259965337955,0.10918544194107453,0.3448873483535529,0.9496798827023332
large_long,rotatable_xlink,r0009,1.05,pulse_01,3.4104567278287456,-0.011060700208302262,0.01057738170922784,-0.01057738170922784,1.0,0.5040871934604905,0.060209755238451,0.012586805555555556,0.00029331562841246214,1308.0,0.38837920489296607,0.0948012232415902,0.30428134556574904,0.9508576735182368
large_long,rotatable_xlink,r0009,1.1,pulse_01,3.378724582701062,-0.010180753323064876,0.004740332614314798,-0.004740332614314798,1.0,0.517426273458445,0.1148339225292022,0.0125,0.0047691091203533814,1318.0,0.3808801213960544,0.09256449165402124,0.3034901365705613,0.9489385875193979
large_long,rotatable_xlink,r0009,1.15,pulse_01,3.382014732142857,0.01755395451381803,0.0030275621642986326,0.0030275621642986326,1.0,0.5275590551181102,0.0906602655785472,0.01286892361111111,0.007644650818916558,1344.0,0.3839285714285715,0.09226190476190475,0.30505952380952384,0.9514811242596716
large_long,rotatable_xlink,r0009,1.2,pulse_01,3.396889955686854,0.03568715159043447,0.02427762642263646,-0.02427762642263646,1.0,0.5284974093264249,0.06944323281570389,0.012890625,0.009617830940277837,1354.0,0.38552437223042835,0.09010339734121123,0.30132939438700146,0.9471054463897621
large_long,rotatable_xlink,r0009,1.25,pulse_01,3.236348973607038,0.07526094015548505,0.044442834618329284,-0.044442834618329284,1.0,0.49214659685863876,0.03593746722378365,0.012673611111111111,0.006182921948054246,1364.0,0.3724340175953079,0.093841642228739,0.3020527859237536,0.9461904848178745
large_long,rotatable_xlink,r0009,1.3,pulse_01,3.1302329479768782,0.07278468327875995,0.024977014333161573,-0.024977014333161573,1.0,0.484375,0.03548913215661014,0.012890625,0.0034203333283074713,1384.0,0.3554913294797688,0.0953757225433526,0.30780346820809246,0.9448845876063626
large_long,rotatable_xlink,r0009,1.35,pulse_01,3.0864868876080687,0.054738940185640225,0.0009212983972925285,-0.0009212983972925285,1.0,0.48404255319148937,0.018154517112000185,0.013172743055555556,0.0031961952334502303,1388.0,0.3520923520923522,0.0995670995670996,0.3116883116883117,0.9430763207426237
large_long,rotatable_xlink,r0009,1.4,pulse_01,3.124705157593123,0.05360751187805857,0.003263840242370438,-0.003263840242370438,1.0,0.5026737967914439,0.03642394405167314,0.013151041666666667,0.0008887231849694609,1396.0,0.34670487106017184,0.0988538681948424,0.3051575931232092,0.9421749786612529
large_long,rotatable_xlink,r0009,1.45,pulse_01,3.066903846153846,0.06007127929545699,0.02875076463209229,-0.02875076463209229,1.0,0.4919786096256685,0.03749898398615914,0.013194444444444444,0.008620180359505859,1404.0,0.34330484330484323,0.10256410256410257,0.3091168091168092,0.9452554801592455
large_long,rotatable_xlink,r0009,1.5,pulse_01,2.9522005698005693,0.10532859403509372,0.034796858519730765,-0.034796858519730765,1.0,0.46524064171123,0.02671198872601415,0.013151041666666667,0.012025437953502272,1404.0,0.3361823361823362,0.103988603988604,0.3133903133903135,0.9460324793322961
large_long,rotatable_xlink,r0009,1.55,pulse_01,2.8581226950354615,0.13222390701647063,0.02364781797145632,-0.02364781797145632,1.0,0.4385026737967914,0.05098901440169402,0.013237847222222222,0.0078098915075339006,1410.0,0.326241134751773,0.11063829787234043,0.31347517730496455,0.9493664177200359
large_long,rotatable_xlink,r0009,1.6,pulse_01,2.8103136619718314,0.15218794308029712,0.002938539742138054,-0.002938539742138054,1.0,0.42480211081794195,0.03183690602695623,0.013194444444444444,0.0007086213108063455,1420.0,0.3267605633802816,0.11549295774647887,0.31408450704225344,0.9460913022135318
large_long,rotatable_xlink,r0009,1.65,pulse_01,2.840491456582633,0.1364756348813087,0.008410608158756347,0.008410608158756347,1.0,0.3769633507853403,0.047558511630106035,0.01349826388888889,0.0006708429634643317,1428.0,0.3291316526610645,0.11064425770308121,0.31512605042016806,0.9419767256418422
large_long,rotatable_xlink,r0009,1.7000000000000002,pulse_01,2.8607773109243695,0.14816288529951113,0.001979515195199344,-0.001979515195199344,1.0,0.38421052631578945,0.03664668609535942,0.0134765625,0.00540716623674313,1428.0,0.3291316526610645,0.11204481792717087,0.3137254901960784,0.9454334140092798
large_long,rotatable_xlink,r0009,1.75,pulse_01,2.828614365411437,0.10403263746084992,0.015376250805031097,-0.015376250805031097,1.0,0.4010416666666667,0.05641352756080693,0.013606770833333334,0.02553591606796576,1434.0,0.3305439330543933,0.10460251046025104,0.3096234309623431,0.9426439680623312
large_long,rotatable_xlink,r0009,1.8,pulse_01,2.768519806094183,-0.005052611108283426,0.009887269925847283,-0.009887269925847283,1.0,0.38992042440318303,0.022335355179330052,0.013519965277777778,0.02455357822758933,1444.0,0.32132963988919666,0.10387811634349031,0.30609418282548484,0.9425890501467118
large_long,rotatable_xlink,r0009,1.85,pulse_01,2.7692907458563534,-0.04328883190468605,0.003563251182105024,0.003563251182105024,1.0,0.38133333333333336,0.016810055378724143,0.013802083333333333,0.00578225378745439,1448.0,0.32044198895027626,0.10220994475138123,0.3066298342541437,0.9418247152228605
large_long,rotatable_xlink,r0009,1.9,pulse_01,2.789899313186813,-0.03974613383300976,0.007880376149744572,0.007880376149744572,1.0,0.39361702127659576,0.06108442486763085,0.013606770833333334,0.007118994842166826,1456.0,0.3241758241758242,0.1002747252747253,0.30494505494505497,0.9405198491663268
large_long,rotatable_xlink,r0009,1.9500000000000002,pulse_01,2.816573002754821,-0.086002800957687,0.01259212643939859,0.01259212643939859,1.0,0.3850267379679144,0.02567698189001432,0.013802083333333333,0.0014340941667631533,1452.0,0.32231404958677695,0.09779614325068871,0.3085399449035813,0.9428367458839191
large_long,rotatable_xlink,r0009,2.0,pulse_01,2.8654520718232046,-0.04835069883358868,0.0162930230227946,0.0162930230227946,1.0,0.40161725067385445,0.06165110955409122,0.013715277777777778,0.012550700708032774,1448.0,0.3259668508287293,0.09392265193370164,0.3038674033149171,0.9407801796372346
large_long,rotatable_xlink,r0009,2.05,pulse_02,3.4465806532663317,-0.000574673358806147,0.0019512531089792933,-0.0019512531089792933,1.0,0.5,0.049818106249484316,0.014908854166666667,0.011057501684575142,1592.0,0.3819095477386937,0.08668341708542714,0.2738693467336684,0.9425244329446455
large_long,rotatable_xlink,r0009,2.1,pulse_02,3.440726893939394,-0.033747178412531574,0.005273973186575853,0.005273973186575853,1.0,0.5258215962441315,0.05258144231876791,0.014800347222222222,0.008742432281421847,1584.0,0.3724747474747475,0.08207070707070706,0.2765151515151515,0.9416572517434427
large_long,rotatable_xlink,r0009,2.15,pulse_02,3.478224492385787,-0.05302926704733723,0.02015869794887659,0.02015869794887659,1.0,0.5337995337995338,0.027431432140988754,0.014605034722222222,0.004845374341074246,1576.0,0.3730964467005075,0.0799492385786802,0.2728426395939087,0.9405746762794359
large_long,rotatable_xlink,r0009,2.2,pulse_02,3.5616790816326533,-0.06281942445897705,0.015017155180600131,0.015017155180600131,1.0,0.48847926267281105,0.022692218038815055,0.014930555555555556,0.00020472502423660166,1568.0,0.375,0.07397959183673469,0.2691326530612244,0.9356519549769334
large_long,rotatable_xlink,r0009,2.25,pulse_02,3.5683274234693876,-0.05425761719275684,0.007461899862377737,-0.007461899862377737,1.0,0.5299539170506913,0.03236842604764863,0.01506076388888889,0.001844202070313116,1568.0,0.37117346938775514,0.07015306122448978,0.2729591836734694,0.9390149964572011
large_long,rotatable_xlink,r0009,2.3,pulse_02,3.516907682458387,-0.05175421203709835,0.014401365450026127,-0.014401365450026127,1.0,0.5269320843091335,0.011773935041328579,0.014952256944444445,0.0068160470150790105,1562.0,0.3572343149807937,0.06914212548015364,0.2727272727272727,0.9351003912868928
large_long,rotatable_xlink,r0009,2.35,pulse_02,3.481919230769231,-0.013361335102282774,0.015995567957869827,-0.015995567957869827,1.0,0.5188679245283019,0.044989829022675676,0.014800347222222222,0.010758832414246916,1560.0,0.3576923076923077,0.07179487179487179,0.273076923076923,0.933879044396629
large_long,rotatable_xlink,r0009,2.4,pulse_02,3.420934274711168,0.012798782448383141,0.014173337776900144,-0.014173337776900144,1.0,0.5141509433962265,0.03691742178980665,0.0146484375,0.008501410272225209,1558.0,0.3530166880616174,0.07317073170731705,0.27599486521181,0.9336684494923038
large_long,rotatable_xlink,r0009,2.45,pulse_02,3.39687920410783,0.03764712653106848,0.001686232211311441,-0.001686232211311441,1.0,0.5314009661835749,0.04933360225100561,0.014930555555555556,0.0011539686500890718,1558.0,0.34659820282413345,0.07445442875481385,0.27727856225930675,0.9326560139535759
large_long,rotatable_xlink,r0009,2.5,pulse_02,3.4108168814432993,0.01972259434891757,0.006267505603044639,0.006267505603044639,1.0,0.5463414634146342,0.03987695178054288,0.014670138888888889,0.0006014450218670003,1552.0,0.3427835051546392,0.07087628865979381,0.27448453608247425,0.9316934735836225
large_long,rotatable_xlink,r0009,2.55,pulse_02,3.434484237726098,0.034038456399866475,0.0038610285994673532,0.0038610285994673532,1.0,0.365,0.022281443466222132,0.014735243055555555,0.0036560248919396423,1548.0,0.3423772609819122,0.0723514211886305,0.27002583979328165,0.9314291013186062
large_long,rotatable_xlink,r0009,2.6,pulse_02,3.4339830530401034,0.041658743700555424,0.0038819137046730567,-0.0038819137046730567,1.0,0.3746898263027295,0.0460653921766076,0.014778645833333333,0.00030282920093389437,1546.0,0.3479948253557569,0.0685640362225097,0.27037516170763265,0.9319914912139584
large_long,rotatable_xlink,r0009,2.65,pulse_02,3.4111927554980594,0.03585543160546984,0.008713820584404175,-0.008713820584404175,1.0,0.373134328358209,0.04277174882106072,0.014800347222222222,0.009142287029538248,1546.0,0.3479948253557569,0.07115135834411383,0.2742561448900388,0.9309770003324827
large_long,rotatable_xlink,r0009,2.7,pulse_02,3.3817001295336784,-0.013194978476674068,0.0027687882596203472,-0.0027687882596203472,1.0,0.371007371007371,0.061669239453825866,0.014670138888888889,0.016442027560853358,1544.0,0.34715025906735747,0.07253886010362692,0.2759067357512953,0.9355508402204119
large_long,rotatable_xlink,r0009,2.75,pulse_02,3.3945800259403374,-0.06279673375965031,0.015122622390111232,0.015122622390111232,1.0,0.3842364532019704,0.045261949406613086,0.014605034722222222,0.01497293867300471,1542.0,0.3411154345006486,0.07392996108949418,0.27496757457846954,0.9354937967232942
large_long,rotatable_xlink,r0009,2.8,pulse_02,3.4724358638743458,-0.10303261051470233,0.009726688589996332,0.009726688589996332,1.0,0.40253164556962023,0.07626308644304987,0.014366319444444444,0.004184526129803248,1528.0,0.3433813892529489,0.06422018348623854,0.2686762778505898,0.9312800063076714
large_long,rotatable_xlink,r0009,2.85,pulse_02,3.4529401574803154,-0.0879038905384698,0.0008199825479930182,-0.0008199825479930182,1.0,0.3979591836734694,0.06992134360994481,0.014301215277777777,0.0012408015224072422,1524.0,0.3451443569553805,0.06299212598425197,0.2729658792650919,0.9277128622695454
large_long,rotatable_xlink,r0009,2.9,pulse_02,3.4675159685863877,-0.09558780138025888,0.0026896857951655604,0.0026896857951655604,1.0,0.37373737373737376,0.07165528555488668,0.0142578125,0.0026082693386263386,1528.0,0.3429319371727747,0.06544502617801047,0.27356020942408366,0.9293216467765432
large_long,rotatable_xlink,r0009,2.95,pulse_02,3.4690782722513087,-0.07225427450671176,0.004390192599436442,0.004390192599436442,1.0,0.38303341902313626,0.07164943668006853,0.0146484375,0.006616070081252813,1528.0,0.3481675392670155,0.06413612565445026,0.2748691099476439,0.9322470233262465
large_long,rotatable_xlink,r0009,3.0,pulse_02,3.4938571241830063,-0.055891380892742,0.008259617310565867,0.008259617310565867,1.0,0.37823834196891193,0.062388959474004135,0.014388020833333333,0.0054542978713232534,1530.0,0.34293193717277476,0.06282722513089006,0.2722513089005235,0.9309574589580756
large_long,rotatable_xlink,r0009,3.05,pulse_03,3.9397042527339,0.05887887473002519,0.001416340530115967,-0.001416340530115967,1.0,0.45861297539149887,0.06708501098248149,0.015538194444444445,0.003927231649084979,1646.0,0.3888213851761847,0.05953827460510328,0.25273390036452004,0.9329087149017358
large_long,rotatable_xlink,r0009,3.1,pulse_03,3.935455231143552,0.047097179782770254,0.0057161386348875505,-0.0057161386348875505,1.0,0.4533333333333333,0.07638284464365863,0.015559895833333334,0.0003166086101973875,1644.0,0.3880778588807785,0.05961070559610705,0.25182481751824815,0.9305421544699991
large_long,rotatable_xlink,r0009,3.15,pulse_03,3.9054074209245746,0.060778526391209516,0.014166290046458899,-0.014166290046458899,1.0,0.4451901565995526,0.05364830361178664,0.015668402777777778,0.006136638916408403,1644.0,0.389294403892944,0.06204379562043795,0.25547445255474444,0.9289920742453943
large_long,rotatable_xlink,r0009,3.2,pulse_03,3.8504574908647986,0.08391701328122067,0.018099610804502248,-0.018099610804502248,1.0,0.4780701754385965,0.05531776087709986,0.01545138888888889,0.00606165236264901,1642.0,0.39220462850182713,0.06577344701583435,0.2594397076735687,0.9334515984463038
large_long,rotatable_xlink,r0009,3.25,pulse_03,3.796809756097561,0.09714844056710358,0.01737728632850429,-0.01737728632850429,1.0,0.48775055679287305,0.06923121792885932,0.015603298611111111,0.00037364652867830545,1640.0,0.39390243902439037,0.06951219512195121,0.26341463414634153,0.9341177564648978
large_long,rotatable_xlink,r0009,3.3,pulse_03,3.746193772893773,0.0861588924532905,0.012136467092054811,-0.012136467092054811,1.0,0.4899328859060403,0.0909376532253211,0.015321180555555555,0.001192304481016417,1638.0,0.38997555012224944,0.0684596577017115,0.26528117359413206,0.9344320494737037
large_long,rotatable_xlink,r0009,3.35,pulse_03,3.7239909535452322,0.10430226745320208,0.003689680223217584,-0.003689680223217584,1.0,0.49327354260089684,0.060770354855018964,0.01545138888888889,0.002722758975090188,1636.0,0.3867809057527539,0.06854345165238677,0.27539779681762544,0.93774121420041
large_long,rotatable_xlink,r0009,3.4,pulse_03,3.7240556915544674,0.10249544630383163,0.002969256925467715,0.002969256925467715,1.0,0.5079006772009029,0.03329855908284178,0.01564670138888889,0.007476814850246545,1634.0,0.3855569155446757,0.06854345165238677,0.28151774785801714,0.9350109055335533
large_long,rotatable_xlink,r0009,3.45,pulse_03,3.7418064950980385,0.14916315655468135,0.004197302941331138,0.004197302941331138,1.0,0.5189309576837416,0.09938119070084346,0.015473090277777778,0.029494415064906854,1632.0,0.3933823529411765,0.06617647058823531,0.27941176470588236,0.9342816358746634
large_long,rotatable_xlink,r0009,3.5,pulse_03,3.749239509202454,0.27946193669327274,0.007626543770952325,-0.007626543770952325,1.0,0.5155555555555555,0.13560531343076695,0.01545138888888889,0.018598701407756338,1630.0,0.38773006134969323,0.0638036809815951,0.2773006134969325,0.9342071180646658
large_long,rotatable_xlink,r0009,3.55,pulse_03,3.6960472324723246,0.2607553650012194,0.005834198643213551,-0.005834198643213551,1.0,0.5135135135135135,0.08272313393417458,0.015342881944444444,0.002757563776952965,1626.0,0.3849938499384994,0.06519065190651907,0.2755227552275523,0.9327416989616933
large_long,rotatable_xlink,r0009,3.6,pulse_03,3.714234317343173,0.26291655403155495,0.002815764657646621,0.002815764657646621,1.0,0.5167785234899329,0.08628554825072983,0.015234375,0.004723133692619526,1626.0,0.3948339483394835,0.06396063960639606,0.2767527675276752,0.9345770064927522
large_long,rotatable_xlink,r0009,3.65,pulse_03,3.7129418204182043,0.23241656284550222,0.000436039360393492,-0.000436039360393492,1.0,0.4898419864559819,0.07112074124266851,0.01521267361111111,0.009580339100259308,1626.0,0.39483394833948343,0.06396063960639606,0.2767527675276753,0.9346422878819914
large_long,rotatable_xlink,r0009,3.7,pulse_03,3.711618081180812,0.2054345194299991,0.006898503181328157,0.006898503181328157,1.0,0.48878923766816146,0.0776842878504009,0.015299479166666666,0.007908333199104015,1626.0,0.39606396063960636,0.06519065190651906,0.2755227552275522,0.9356765827468053
large_long,rotatable_xlink,r0009,3.75,pulse_03,3.7543328395061732,0.18496656365087813,0.0069227178254476955,0.0069227178254476955,1.0,0.509090909090909,0.07837473070304452,0.0150390625,0.0020367740879797627,1620.0,0.3943139678615575,0.061804697156983925,0.27317676143386904,0.9309669770552129
large_long,rotatable_xlink,r0009,3.8,pulse_03,3.753154388133498,0.19321387490212052,0.0043079454389151435,-0.0043079454389151435,1.0,0.5034168564920274,0.0897998429267929,0.014952256944444445,0.003975496872099651,1618.0,0.39060568603213836,0.06551297898640297,0.276885043263288,0.9322604065571773
large_long,rotatable_xlink,r0009,3.85,pulse_03,3.7284851668726824,0.16111358241828022,0.007052389781623407,-0.007052389781623407,1.0,0.4909090909090909,0.08052424976583179,0.01521267361111111,0.0013009870040839404,1618.0,0.3992583436341161,0.06551297898640296,0.27812113720642767,0.9328719635445356
large_long,rotatable_xlink,r0009,3.9,pulse_03,3.7108400494437577,0.20101979692662417,0.0001729229736596357,0.0001729229736596357,1.0,0.4942528735632184,0.11344601964742412,0.01521267361111111,0.0012034084071486234,1618.0,0.3868974042027194,0.06551297898640296,0.2830655129789864,0.9357117389720196
large_long,rotatable_xlink,r0009,3.95,pulse_03,3.72952270471464,0.16833403286117196,0.00500752799125781,0.00500752799125781,1.0,0.5034802784222738,0.0990943455173785,0.014887152777777777,0.0004850975611124288,1612.0,0.38089330024813883,0.06327543424317619,0.2816377171215881,0.9316559115191072
large_long,rotatable_xlink,r0009,4.0,pulse_03,3.7408852173913045,0.20393038229329874,0.0037875042255547755,0.0037875042255547755,1.0,0.52,0.0885821384644787,0.015342881944444444,0.011865449810708925,1610.0,0.3850931677018633,0.06211180124223602,0.2819875776397516,0.9336002715088336
large_long,rotatable_xlink,r0009,4.05,pulse_04,4.2025208285385505,-0.015070708222272433,0.016204948216340515,-0.016204948216340515,1.0,0.569672131147541,0.11695962462557492,0.016319444444444445,0.0005768543878597801,1738.0,0.42692750287687,0.05753739930955121,0.2623705408515535,0.9345434465941581
large_long,rotatable_xlink,r0009,4.1,pulse_04,4.153905983889529,-0.016801271385851774,0.004336651146594021,-0.004336651146594021,1.0,0.558282208588957,0.07310923314410005,0.016276041666666668,0.0017425018166977455,1738.0,0.4211737629459148,0.057537399309551214,0.2623705408515536,0.9341411797638651
large_long,rotatable_xlink,r0009,4.15,pulse_04,4.176500921658986,-0.025525719122458906,0.005752309105685842,0.005752309105685842,1.0,0.5578512396694215,0.08605241850397365,0.016384548611111112,0.0016101237904537716,1736.0,0.42511520737327196,0.057603686635944715,0.26152073732718895,0.9356857587164806
large_long,rotatable_xlink,r0009,4.2,pulse_04,4.188419838523644,-0.007140528643129145,0.003862490731970277,0.003862490731970277,1.0,0.5711340206185567,0.09405615057615418,0.015928819444444443,0.003808541841629686,1734.0,0.42675893886966554,0.05536332179930796,0.26182237600922725,0.9344191406243454
large_long,rotatable_xlink,r0009,4.25,pulse_04,4.199675866050808,-0.0026744680726807925,0.00587305196089553,0.00587305196089553,1.0,0.5720164609053497,0.08075749262200954,0.016341145833333334,0.0009842188791977875,1732.0,0.4272517321016167,0.05427251732101618,0.2655889145496536,0.9309162794988008
large_long,rotatable_xlink,r0009,4.3,pulse_04,4.223658150289017,-0.01304584191831587,0.005995650411284951,0.005995650411284951,1.0,0.5661157024793388,0.07643999231999249,0.016167534722222224,0.0007177719509318152,1730.0,0.4259259259259259,0.05439814814814814,0.26620370370370366,0.9305059026724778
large_long,rotatable_xlink,r0009,4.35,pulse_04,4.235649768518518,0.0016321636329100985,0.004628173754233522,-0.004628173754233522,1.0,0.5605749486652978,0.13231345828179944,0.016059027777777776,0.006562210678319952,1728.0,0.4293981481481482,0.053240740740740734,0.26273148148148145,0.930202093751739
large_long,rotatable_xlink,r0009,4.4,pulse_04,4.195889107763616,0.026327422151603847,0.009853621133928256,-0.009853621133928256,1.0,0.5684647302904564,0.09856558074982537,0.016341145833333334,0.00021955527474104282,1726.0,0.42641946697566624,0.050984936268829675,0.2630359212050985,0.930529590518469
large_long,rotatable_xlink,r0009,4.45,pulse_04,4.176528041714948,0.00031483198446384167,0.006974507531865755,-0.006974507531865755,1.0,0.5711340206185567,0.11290206071752329,0.0162109375,0.004298231592969167,1726.0,0.4229432213209733,0.05098493626882966,0.2688296639629201,0.9300053312244215
large_long,rotatable_xlink,r0009,4.5,pulse_04,4.1540420625724215,0.0005380325937888466,0.0005745305410450227,-0.0005745305410450227,1.0,0.5809128630705395,0.09742438184054689,0.016189236111111113,0.002610749202511003,1726.0,0.4206257242178447,0.05214368482039398,0.2676709154113557,0.9323707547762079
large_long,rotatable_xlink,r0009,4.55,pulse_04,4.173080858468678,-0.015349663230602176,0.0023152633531656384,0.0023152633531656384,1.0,0.5708333333333333,0.07816788875476485,0.016059027777777776,0.0036906191731690924,1724.0,0.4192799070847852,0.05226480836236934,0.26596980255516833,0.9326132241481077
large_long,rotatable_xlink,r0009,4.6,pulse_04,4.167933642691415,-0.021605682445225708,0.00011966334852268427,0.00011966334852268427,1.0,0.5657620041753654,0.04853776220983776,0.015885416666666666,0.005008592287728019,1724.0,0.41695702671312435,0.05342624854819976,0.26596980255516844,0.9337474997934542
large_long,rotatable_xlink,r0009,4.65,pulse_04,4.173798838559814,-0.04540121695697029,0.004094489896793618,0.004094489896793618,1.0,0.5606694560669456,0.07229639390484016,0.016037326388888887,0.0023818002812397068,1722.0,0.42044134727061555,0.05458768873403021,0.264808362369338,0.9346058804452501
large_long,rotatable_xlink,r0009,4.7,pulse_04,4.192500582072177,-0.03589648413266395,0.00282284314601385,0.00282284314601385,1.0,0.5732217573221757,0.07642467014729094,0.016102430555555554,0.0008273487968986198,1718.0,0.4237485448195577,0.053550640279394636,0.26426076833527357,0.9332492146107085
large_long,rotatable_xlink,r0009,4.75,pulse_04,4.190735897435897,-0.05036530973836201,0.00023329466436091315,0.00023329466436091315,1.0,0.5966386554621849,0.056466549607476775,0.015668402777777778,0.0016016354510761238,1716.0,0.4160839160839161,0.05244755244755245,0.2634032634032634,0.9326101647130542
large_long,rotatable_xlink,r0009,4.8,pulse_04,4.1939003500583425,-0.04550629683912069,0.0013197874231168545,-0.0013197874231168545,1.0,0.5677966101694916,0.0822408355378137,0.016341145833333334,0.0009662868915311385,1714.0,0.41423570595099174,0.05600933488914819,0.26487747957992996,0.9338331071605678
large_long,rotatable_xlink,r0009,4.85,pulse_04,4.182817172897196,-0.05616303108754884,0.0011310941686022424,-0.0011310941686022424,1.0,0.5787234042553191,0.08191414725050343,0.015733506944444444,0.005407802448999521,1712.0,0.41822429906542047,0.05607476635514019,0.2651869158878504,0.9304582446382683
large_long,rotatable_xlink,r0009,4.9,pulse_04,4.187113785046729,-0.07795311153311782,0.0004275889254889975,-0.0004275889254889975,1.0,0.5668789808917197,0.07860834134797344,0.016037326388888887,0.006041800558616675,1712.0,0.4170560747663551,0.05490654205607476,0.2675233644859813,0.9322921095469322
large_long,rotatable_xlink,r0009,4.95,pulse_04,4.180251639344262,-0.09241383443924889,0.0022499137641383746,-0.0022499137641383746,1.0,0.5711252653927813,0.1209596899005331,0.015885416666666666,0.0022597477010972283,1708.0,0.41803278688524587,0.05386416861826697,0.2669789227166276,0.93349468066516
large_long,rotatable_xlink,r0009,5.0,pulse_04,4.173614302461899,-0.09151159773970119,0.0022124456274544477,-0.0022124456274544477,1.0,0.5603448275862069,0.11748288146656281,0.015668402777777778,0.0003007455665158994,1706.0,0.41617819460726846,0.053927315357561546,0.2684642438452521,0.9326795593085854
large_long,rotatable_xlink,r0009,5.05,pulse_05,4.499195148842337,-0.13496099681271506,0.0017924594743036575,-0.0017924594743036575,1.0,0.6130268199233716,0.09833144909415976,0.016861979166666666,0.0038614001458903563,1814.0,0.4426048565121413,0.05187637969094923,0.2538631346578366,0.9325536671231371
large_long,rotatable_xlink,r0009,5.1,pulse_05,4.493817770419426,-0.12337679637504399,0.006666995311068735,0.006666995311068735,1.0,0.6177606177606177,0.08684704279336232,0.017057291666666665,0.0013331263610876637,1812.0,0.4415011037527595,0.05077262693156733,0.2505518763796909,0.9338542735447873
large_long,rotatable_xlink,r0009,5.15,pulse_05,4.539197120708749,-0.12696223864618908,0.00906139524790787,0.00906139524790787,1.0,0.627906976744186,0.10028445648877568,0.016861979166666666,0.004325541460103333,1806.0,0.44296788482835,0.046511627906976744,0.2491694352159468,0.9308646841314338
large_long,rotatable_xlink,r0009,5.2,pulse_05,4.548186141906873,-0.097423547614424,0.0036713270886824154,0.0036713270886824154,1.0,0.6296296296296297,0.07087570627996698,0.016927083333333332,0.0019288907422272776,1804.0,0.44789356984478934,0.046563192904656325,0.24833702882483372,0.9317501313621207
large_long,rotatable_xlink,r0009,5.25,pulse_05,4.561225083240844,-0.11538889419282541,0.004428513385891453,0.004428513385891453,1.0,0.6328125,0.09947300236054249,0.016818576388888888,0.005973121143600817,1802.0,0.4472807991120978,0.04661487236403995,0.2519422863485017,0.9292055661597429
large_long,rotatable_xlink,r0009,5.3,pulse_05,4.574757222222222,-0.1332622744760289,0.002161662021622046,-0.002161662021622046,1.0,0.6496062992125984,0.054275932843678674,0.016644965277777778,0.0004363610567824754,1800.0,0.44716351501668516,0.04226918798665183,0.25027808676307,0.9307405191836015
large_long,rotatable_xlink,r0009,5.35,pulse_05,4.548255111111112,-0.11800706053352027,0.0019026328054110309,-0.0019026328054110309,1.0,0.6417322834645669,0.0995188718301096,0.017013888888888887,0.003436190337878,1800.0,0.4444444444444445,0.044444444444444446,0.2511111111111111,0.9293752224636169
large_long,rotatable_xlink,r0009,5.4,pulse_05,4.563341425389756,-0.1538794165032969,0.0017902202403072092,0.0017902202403072092,1.0,0.6291913214990138,0.08718581164656093,0.016362847222222223,0.0033323538711218536,1796.0,0.44320712694877507,0.0423162583518931,0.24944320712694884,0.9311306306184224
large_long,rotatable_xlink,r0009,5.45,pulse_05,4.558996432552955,-0.1380011837602514,0.014694627905892746,0.014694627905892746,1.0,0.6331360946745562,0.0740017378278775,0.016514756944444445,0.022552296419079132,1794.0,0.4492753623188405,0.041248606465997775,0.24972129319955405,0.9301075763813141
large_long,rotatable_xlink,r0009,5.5,pulse_05,4.651509192825112,-0.2891931950177717,0.009680111970691593,0.009680111970691593,1.0,0.6465863453815262,0.08894403961800557,0.01677517361111111,0.04931354650216191,1784.0,0.45230078563411896,0.03815937149270483,0.24354657687991027,0.927821938308769
large_long,rotatable_xlink,r0009,5.55,pulse_05,4.617077104377104,-0.43388246277322284,0.011949846744260325,-0.011949846744260325,1.0,0.6448979591836734,0.09228034466208179,0.016471354166666667,0.04069556895847068,1782.0,0.44219977553310896,0.03591470258136925,0.244668911335578,0.9255354703176298
large_long,rotatable_xlink,r0009,5.6,pulse_05,4.57981011235955,-0.5333666087685958,0.011658632506795255,-0.011658632506795255,1.0,0.6450939457202505,0.040505193724716206,0.016710069444444444,0.017510146771006114,1780.0,0.4319460067491563,0.033745781777277835,0.24296962879640044,0.9232056405144913
large_long,rotatable_xlink,r0009,5.65,pulse_05,4.547125309336333,-0.5389433433992595,0.006010573029485489,-0.006010573029485489,1.0,0.6624472573839663,0.04872144507539469,0.016297743055555557,0.007066537270852602,1778.0,0.43082114735658045,0.03937007874015748,0.23959505061867267,0.9247516226330367
large_long,rotatable_xlink,r0009,5.7,pulse_05,4.543746674182637,-0.5757658323937114,0.0008077359051901212,-0.0008077359051901212,1.0,0.6708860759493671,0.04697480855610944,0.016471354166666667,0.014335558714777782,1774.0,0.4306651634723789,0.036076662908680945,0.23900789177001128,0.9243853026565219
large_long,rotatable_xlink,r0009,5.75,pulse_05,4.542278893905192,-0.6249566956879262,0.001711809162266172,-0.001711809162266172,1.0,0.6673773987206824,0.07750352877976321,0.01662326388888889,0.012492882759538157,1772.0,0.43002257336343125,0.03724604966139955,0.24153498871331833,0.9216309546144487
large_long,rotatable_xlink,r0009,5.8,pulse_05,4.53347581920904,-0.6507231289509403,0.002453479889573155,0.002453479889573155,1.0,0.6681034482758621,0.09245804016162217,0.016362847222222223,5.687697243239587e-06,1770.0,0.42259887005649716,0.030508474576271188,0.24067796610169495,0.9200978144170586
large_long,rotatable_xlink,r0009,5.85,pulse_05,4.556999773242631,-0.6249908218713857,0.011349560434856945,0.011349560434856945,1.0,0.6731182795698925,0.09481389418881266,0.016319444444444445,0.00170002623685106,1764.0,0.4240362811791383,0.029478458049886618,0.2403628117913832,0.9200906316320939
large_long,rotatable_xlink,r0009,5.9,pulse_05,4.601573181818182,-0.6609232863720467,0.014815602217068088,0.014815602217068088,1.0,0.6803455723542117,0.08893027251417501,0.016341145833333334,0.012120035711299345,1760.0,0.4284090909090909,0.02954545454545454,0.23749999999999996,0.9196300151628524
large_long,rotatable_xlink,r0009,5.95,pulse_05,4.64589338654504,-0.6977110361391817,0.010220471217304183,0.010220471217304183,1.0,0.6862745098039216,0.06887525677964443,0.0162109375,0.01579133452978998,1754.0,0.4287343215507411,0.027366020524515394,0.23375142531356893,0.9207611558281726
large_long,rotatable_xlink,r0009,6.0,pulse_05,4.662896009122007,-0.7556712935507865,0.005667540858989166,0.005667540858989166,1.0,0.6993464052287581,0.08932057009901671,0.016124131944444446,0.019320085803868275,1754.0,0.4310148232611174,0.0273660205245154,0.23033067274800448,0.919210909042519
large_long,rotatable_xlink,r0009,6.05,pulse_06,5.072444856839873,-0.39351937548712207,0.0037678674154021743,0.0037678674154021743,1.0,0.7424242424242424,0.09038747641067574,0.017296006944444445,0.008539386295404405,1886.0,0.47083775185577936,0.025450689289501595,0.21633085896076348,0.9169017165492205
large_long,rotatable_xlink,r0009,6.1,pulse_06,5.083748459086079,-0.36790121660090885,0.0035465841437091563,0.0035465841437091563,1.0,0.7466918714555766,0.08941413268131365,0.017816840277777777,0.002972733863825285,1882.0,0.47183846971307125,0.02231668437832094,0.21466524973432524,0.9191645942725282
large_long,rotatable_xlink,r0009,6.15,pulse_06,5.093724361702128,-0.4113557786700738,0.005760811189989094,0.005760811189989094,1.0,0.74573055028463,0.08122070839090716,0.017686631944444444,0.007107759643688288,1880.0,0.46914893617021275,0.02234042553191489,0.21382978723404253,0.9174810593572956
large_long,rotatable_xlink,r0009,6.2,pulse_06,5.118313326226014,-0.4105477744630386,0.008306547392218366,0.008306547392218366,1.0,0.7604562737642585,0.07677253517023837,0.017274305555555557,0.0013983816933077393,1876.0,0.47334754797441364,0.02025586353944563,0.21428571428571427,0.9179325449787896
large_long,rotatable_xlink,r0009,6.25,pulse_06,5.143563646055438,-0.4197460688299202,0.005444402985074574,0.005444402985074574,1.0,0.7447619047619047,0.08923812068995478,0.017795138888888888,0.005866363265247569,1876.0,0.4765458422174841,0.019189765458422173,0.20895522388059704,0.9138809930670172
large_long,rotatable_xlink,r0009,6.3,pulse_06,5.150979744136461,-0.445745954054524,0.002644253435204765,0.002644253435204765,1.0,0.7495256166982922,0.09972938098305684,0.017664930555555555,0.0022297485287681718,1876.0,0.47334754797441364,0.022388059701492536,0.21108742004264394,0.9166691532492749
large_long,rotatable_xlink,r0009,6.35,pulse_06,5.1594291666666665,-0.43312456000252925,0.00025552715664674724,-0.00025552715664674724,1.0,0.7423076923076923,0.11273523755887971,0.01740451388888889,0.005604711029286465,1872.0,0.47115384615384626,0.019230769230769232,0.2094017094017094,0.9165041281516813
large_long,rotatable_xlink,r0009,6.4,pulse_06,5.149446581196581,-0.4793742202302428,0.0036906748156078826,-0.0036906748156078826,1.0,0.7318007662835249,0.09740232030467603,0.017578125,0.018006641771428956,1872.0,0.47756410256410264,0.021367521367521368,0.21047008547008547,0.91490254048439
large_long,rotatable_xlink,r0009,6.45,pulse_06,5.137285117773019,-0.541164410631103,0.006595991471312956,-0.006595991471312956,1.0,0.751434034416826,0.11864030009773843,0.0173828125,0.014906276377056493,1868.0,0.4743040685224839,0.02034261241970021,0.20985010706638113,0.9143659905724064
large_long,rotatable_xlink,r0009,6.5,pulse_06,5.109870632368703,-0.5688118784925817,0.00851525925687661,-0.00851525925687661,1.0,0.7514563106796116,0.05815528649802188,0.017296006944444445,0.011789864529288948,1866.0,0.4705251875669883,0.01929260450160771,0.2057877813504823,0.9128622278711871
large_long,rotatable_xlink,r0009,6.55,pulse_06,5.08619356223176,-0.6119035978068367,0.005629672633696625,-0.005629672633696625,1.0,0.7406679764243614,0.07035982066210596,0.017621527777777778,0.010199873390673075,1864.0,0.4613733905579399,0.021459227467811155,0.20493562231759652,0.9140922334688466
large_long,rotatable_xlink,r0009,6.6,pulse_06,5.076092596566523,-0.6300111188366202,0.0031586731044348504,-0.0031586731044348504,1.0,0.7398058252427184,0.07235852895376174,0.017274305555555557,0.004169273211199531,1864.0,0.4635193133047212,0.022532188841201714,0.20386266094420596,0.9157485472745581
large_long,rotatable_xlink,r0009,6.65,pulse_06,5.0672415236051505,-0.6369192370740339,0.005970232829153173,0.005970232829153173,1.0,0.7276264591439688,0.0840835574023241,0.01723090277777778,0.007554263061783899,1864.0,0.4645922746781116,0.0203862660944206,0.20386266094420596,0.9146189720525866
large_long,rotatable_xlink,r0009,6.7,pulse_06,5.111913993541442,-0.6753366972073236,0.007739433565808233,0.007739433565808233,1.0,0.6162790697674418,0.07670104609516526,0.0173828125,0.007185112291008988,1858.0,0.46286329386437025,0.01722282023681378,0.2002152852529602,0.9137898955599146
large_long,rotatable_xlink,r0009,6.75,pulse_06,5.113678125,-0.6800299108200878,0.0006172650102630092,0.0006172650102630092,1.0,0.620889748549323,0.06705252262658938,0.01740451388888889,0.003528363581566015,1856.0,0.46336206896551735,0.016163793103448277,0.20043103448275862,0.9126886262223909
large_long,rotatable_xlink,r0009,6.8,pulse_06,5.11561758360302,-0.6965068786967197,0.0036368947072071833,-0.0036368947072071833,1.0,0.583969465648855,0.08161746989250428,0.01720920138888889,0.004415818819396307,1854.0,0.45954692556634286,0.015102481121898598,0.2017259978425027,0.9095224521845602
large_long,rotatable_xlink,r0009,6.85,pulse_06,5.091856756756757,-0.7065248237364656,0.007794985493966659,-0.007794985493966659,1.0,0.61003861003861,0.044350917962757114,0.017165798611111113,0.003408445557463798,1850.0,0.4588744588744588,0.012987012987012986,0.20129870129870125,0.9117479819209588
large_long,rotatable_xlink,r0009,6.9,pulse_06,5.0688476706392205,-0.7169575520415025,0.00013921951267222474,0.00013921951267222474,1.0,0.5968379446640316,0.042454864187335455,0.0173828125,0.00529570796322774,1846.0,0.4539544962080174,0.011917659804983749,0.19718309859154928,0.9099614830015015
large_long,rotatable_xlink,r0009,6.95,pulse_06,5.09269207383279,-0.7382990715158321,0.006618775907955972,0.006618775907955972,1.0,0.6023856858846919,0.055756692753731185,0.017035590277777776,0.0037688716885629545,1842.0,0.4538545059717699,0.010857763300760045,0.19652551574375685,0.9082881707808778
large_long,rotatable_xlink,r0009,7.0,pulse_06,5.108560326086956,-0.7395707821728802,0.005289417418055405,0.005289417418055405,1.0,0.5808383233532934,0.042914171667006146,0.017035590277777776,0.0004239035523493732,1840.0,0.45108695652173925,0.014130434782608697,0.19673913043478258,0.9080514657802835
large_long,rotatable_xlink,r0009,7.05,pulse_07,5.412222801635991,-1.0070604417427216,0.00048636977609965254,-0.00048636977609965254,1.0,0.6064400715563506,0.03922345261651159,0.018055555555555554,0.00863776199808434,1956.0,0.4826175869120656,0.014314928425357873,0.18302658486707563,0.9108946183049893
large_long,rotatable_xlink,r0009,7.1,pulse_07,5.410763692307692,-1.0329737277369746,0.007879159615581019,-0.007879159615581019,1.0,0.6021699819168174,0.020486350785425364,0.01775173611111111,0.013391387636192631,1950.0,0.474871794871795,0.013333333333333332,0.18153846153846154,0.908649694996789
large_long,rotatable_xlink,r0009,7.15,pulse_07,5.364947843942505,-1.0874087675598774,0.02174596788290417,-0.02174596788290417,1.0,0.6307129798903108,0.030044210132758847,0.018077256944444446,0.016825502646026818,1948.0,0.46714579055441463,0.012320328542094455,0.18275154004106772,0.909312434876466
large_long,rotatable_xlink,r0009,7.2,pulse_07,5.280287885010267,-1.1339267436131355,0.016982529089664727,-0.016982529089664727,1.0,0.6037037037037037,0.05208087109976258,0.017881944444444443,0.010624117710460568,1948.0,0.45893223819301837,0.011293634496919919,0.18480492813141683,0.9085098101928888
large_long,rotatable_xlink,r0009,7.25,pulse_07,5.263052669404517,-1.1511534738226408,0.011225273785078649,-0.011225273785078649,1.0,0.6195856873822976,0.04951448435047433,0.01773003472222222,0.0021210623447036245,1948.0,0.4537987679671457,0.012320328542094455,0.1848049281314168,0.9072759572025442
large_long,rotatable_xlink,r0009,7.3,pulse_07,5.212936242299795,-1.1466531176813572,0.014350770020533718,-0.014350770020533718,1.0,0.627906976744186,0.07275104124811863,0.01796875,1.0033190601962024e-05,1948.0,0.4466119096509239,0.013347022587268992,0.18583162217659135,0.9107932407779699
large_long,rotatable_xlink,r0009,7.35,pulse_07,5.1769480492813145,-1.1512136729662525,0.010147098965005133,-0.010147098965005133,1.0,0.6140350877192983,0.08862124839895201,0.017643229166666666,0.002631626153568082,1948.0,0.43987667009249753,0.012332990750256938,0.18910585817060638,0.9103761548723676
large_long,rotatable_xlink,r0009,7.4,pulse_07,5.1520536485097645,-1.1308633607599488,0.000896724296735781,0.000896724296735781,1.0,0.5968992248062015,0.11538202484907431,0.018033854166666665,0.002581996561311639,1946.0,0.43782117163412115,0.012332990750256938,0.18705035971223025,0.9088567365162437
large_long,rotatable_xlink,r0009,7.45,pulse_07,5.182328395061729,-1.1357216935983827,0.0015055476077689238,0.0015055476077689238,1.0,0.5777351247600768,0.07332624158414636,0.01792534722222222,0.0019169158834534776,1944.0,0.4393004115226337,0.0102880658436214,0.1903292181069959,0.9087275793936388
large_long,rotatable_xlink,r0009,7.5,pulse_07,5.161086934156378,-1.1423648560606696,0.00701368312757215,-0.00701368312757215,1.0,0.5953757225433526,0.07892124143447275,0.017708333333333333,0.0008299948096888906,1944.0,0.4382716049382716,0.01131687242798354,0.19032921810699585,0.9092942373782308
large_long,rotatable_xlink,r0009,7.55,pulse_07,5.140246296296296,-1.1307417247402494,0.002508670282499755,-0.002508670282499755,1.0,0.5823754789272031,0.08190311926259632,0.017903645833333332,0.009630830735594528,1944.0,0.43872296601441807,0.011328527291452112,0.1874356333676622,0.9092797258685599
large_long,rotatable_xlink,r0009,7.6,pulse_07,5.14603491246138,-1.2001498404742368,0.00010939689260143955,0.00010939689260143955,1.0,0.5551330798479087,0.1041227802657352,0.01796875,0.012847908138378106,1942.0,0.44181256436663235,0.011328527291452112,0.19155509783728117,0.9089303921717626
large_long,rotatable_xlink,r0009,7.65,pulse_07,5.140902677651905,-1.207829173570518,0.0014890834191554347,-0.0014890834191554347,1.0,0.5771428571428572,0.07705784288800574,0.018012152777777776,0.002778950353078513,1942.0,0.44123711340206173,0.012371134020618558,0.1917525773195876,0.9099011186255928
large_long,rotatable_xlink,r0009,7.7,pulse_07,5.137100411946447,-1.2168235425927079,0.0002647442499144799,0.0002647442499144799,1.0,0.5627376425855514,0.06175078945880966,0.0177734375,0.0011126660436364306,1942.0,0.44181256436663247,0.010298661174047374,0.1905252317198764,0.9111103679225585
large_long,rotatable_xlink,r0009,7.75,pulse_07,5.142491143151392,-1.2145051698323366,0.0030673712048018644,0.0030673712048018644,1.0,0.6850393700787402,0.03753968851561196,0.01775173611111111,0.006862506831983565,1942.0,0.44490216271884664,0.011328527291452112,0.1905252317198764,0.9089536325471824
large_long,rotatable_xlink,r0009,7.8,pulse_07,5.155504639175258,-1.2579985835846093,0.002130359302946694,0.002130359302946694,1.0,0.5648854961832062,0.05858308537973903,0.018033854166666665,0.007893676998195875,1940.0,0.4443298969072165,0.01134020618556701,0.18659793814432987,0.908741729293475
large_long,rotatable_xlink,r0009,7.85,pulse_07,5.155273298969072,-1.2618672318215118,0.006166443298969278,-0.006166443298969278,1.0,0.639921722113503,0.058395708950992956,0.017816840277777777,0.0028488141175754267,1940.0,0.4412371134020618,0.011340206185567008,0.18659793814432984,0.9085282071547809
large_long,rotatable_xlink,r0009,7.9,pulse_07,5.1185059793814425,-1.2750914682900618,0.00837222681476272,-0.00837222681476272,1.0,0.6155339805825243,0.055112394287610465,0.018055555555555554,0.0003338044308806391,1940.0,0.4412371134020618,0.01134020618556701,0.19175257731958759,0.9081144723754578
large_long,rotatable_xlink,r0009,7.95,pulse_07,5.105039938080496,-1.259864405236228,0.0026240443791912447,-0.0026240443791912447,1.0,0.627906976744186,0.053999799033165874,0.017491319444444445,0.002775950830500936,1938.0,0.4406604747162023,0.010319917440660476,0.19298245614035087,0.9077855777624206
large_long,rotatable_xlink,r0009,8.0,pulse_07,5.102761713106295,-1.2584357633070562,0.0007594083247335348,-0.0007594083247335348,1.0,0.6686390532544378,0.04624073695676776,0.017838541666666666,0.0004762139763906011,1938.0,0.4406604747162023,0.011351909184726523,0.19195046439628483,0.9075188132447368
large_long,rotatable_xlink,r0010,0.0,initial,2.123199090909091,1.8178967296290833,0.13433695586571096,0.13433695586571096,1.0,0.3333333333333333,0.0,0.004383680555555556,0.01384177948269305,440.0,0.3863636363636363,0.2,0.3545454545454544,0.9216198185392397
large_long,rotatable_xlink,r0010,0.05,initial,2.526209958506224,1.8594220680771625,0.08372696855775803,0.08372696855775803,1.0,0.3464052287581699,0.047108920038867276,0.004644097222222222,0.07035182571015115,482.0,0.3900414937759336,0.18257261410788383,0.3278008298755187,0.9314429520327655
large_long,rotatable_xlink,r0010,0.1,initial,2.625560902255639,2.2400076838899903,0.020545925643544516,0.020545925643544516,1.0,0.40350877192982454,0.11104356203027702,0.005208333333333333,0.04178075964464808,532.0,0.37969924812030076,0.16541353383458648,0.3270676691729325,0.9403985284283669
large_long,rotatable_xlink,r0010,0.15000000000000002,initial,2.649485512367491,2.110106625945051,0.014145475951024,0.014145475951024,1.0,0.367816091954023,0.1359746818275112,0.0056640625,0.0070772094075974845,566.0,0.37809187279151935,0.15901060070671383,0.33568904593639587,0.9308398134336145
large_long,rotatable_xlink,r0010,0.2,initial,2.710433757961783,2.1975444274444054,0.04944566973738299,0.04944566973738299,1.0,0.38071065989847713,0.11236626227604789,0.006184895833333333,0.03217760739996408,628.0,0.3853503184713377,0.15605095541401273,0.33757961783439494,0.9336441392485295
large_long,rotatable_xlink,r0010,0.25,initial,2.946159530791789,2.3031722703448354,0.07420306111401824,0.07420306111401824,1.0,0.37735849056603776,0.1797262889157575,0.006705729166666666,0.017438881653441724,682.0,0.40762463343108496,0.13782991202346043,0.3431085043988269,0.9458026944130116
large_long,rotatable_xlink,r0010,0.30000000000000004,initial,3.1556521246458926,2.3021777173650557,0.05054034994049883,0.05054034994049883,1.0,0.4144144144144144,0.18676965610928464,0.007009548611111111,0.007730301034728419,706.0,0.4164305949008498,0.1359773371104816,0.3342776203966007,0.9483867824188933
large_long,rotatable_xlink,r0010,0.35000000000000003,initial,3.249401630434782,2.349554076553206,0.034493433771139115,0.034493433771139115,1.0,0.4334763948497854,0.1673517986242971,0.0072048611111111115,0.00045987892339397857,736.0,0.42391304347826075,0.12771739130434784,0.3369565217391304,0.9452121233432889
large_long,rotatable_xlink,r0010,0.4,initial,3.3626127272727273,2.299418443824692,0.06011163302277437,0.06011163302277437,1.0,0.4426229508196721,0.147014506787636,0.0076605902777777775,0.02685170449910094,770.0,0.42857142857142855,0.12467532467532469,0.32987012987012987,0.9454012025509786
large_long,rotatable_xlink,r0010,0.45,initial,3.610071428571428,2.1884438495586003,0.05904682492371016,0.05904682492371016,1.0,0.4609375,0.1983273915456301,0.007942708333333333,0.00010503015130665834,812.0,0.43950617283950616,0.11604938271604937,0.32839506172839494,0.943352145790673
large_long,rotatable_xlink,r0010,0.5,initial,3.7168936768149883,2.298788262916852,0.04857682072829136,0.04857682072829136,1.0,0.463768115942029,0.1963210135189754,0.008333333333333333,0.011761987139909058,854.0,0.4426229508196721,0.11241217798594846,0.3185011709601874,0.9490513770589952
large_long,rotatable_xlink,r0010,0.55,initial,3.9015323529411763,2.117871926719146,0.045607068356922374,0.045607068356922374,1.0,0.48771929824561405,0.1361028516537235,0.008745659722222222,0.00172815533396653,884.0,0.45701357466063347,0.11085972850678731,0.3099547511312217,0.9446387802864963
large_long,rotatable_xlink,r0010,0.6000000000000001,initial,3.9905360869565225,2.309157194920651,0.028507473951923767,0.028507473951923767,1.0,0.503448275862069,0.12645436084793096,0.009071180555555556,0.024312567948873154,920.0,0.45434782608695656,0.10434782608695652,0.308695652173913,0.9363397621955553
large_long,rotatable_xlink,r0010,0.65,initial,4.072577196652719,2.263747334412385,0.02824628435782106,0.02824628435782106,1.0,0.5313531353135313,0.19441301673623237,0.009288194444444444,0.006152986699610692,956.0,0.46025104602510475,0.09832635983263598,0.30125523012552313,0.9415893204168019
large_long,rotatable_xlink,r0010,0.7000000000000001,initial,4.160013793103449,2.3460751151183152,0.042239471900565505,0.042239471900565505,1.0,0.5290322580645161,0.18335834220155373,0.00959201388888889,0.02229689991434447,986.0,0.4645030425963489,0.09736308316430022,0.29817444219066935,0.9423637552468006
large_long,rotatable_xlink,r0010,0.75,initial,4.326014028056112,2.3975287338984517,0.04156838626141468,0.04156838626141468,1.0,0.5365079365079365,0.16895629586405603,0.009852430555555555,0.004352301594079473,998.0,0.4618473895582329,0.09036144578313253,0.2911646586345381,0.9424842172295702
large_long,rotatable_xlink,r0010,0.8,initial,4.409424110671937,2.372188924682792,0.030865998535285193,0.030865998535285193,1.0,0.554858934169279,0.16089924266141592,0.010004340277777777,0.0011651236878185884,1012.0,0.47233201581027684,0.08695652173913043,0.2845849802371543,0.9413100648690663
large_long,rotatable_xlink,r0010,0.8500000000000001,initial,4.511210019267823,2.404519476025363,0.03848467424364873,0.03848467424364873,1.0,0.5548780487804879,0.1998133529043437,0.010221354166666667,0.00885144882141923,1038.0,0.4719535783365571,0.08704061895551256,0.29013539651837517,0.9378330139557811
large_long,rotatable_xlink,r0010,0.9,initial,4.640332156133829,2.4252976176113075,0.037126506917609735,0.037126506917609735,1.0,0.5705882352941176,0.1661820591051732,0.010199652777777778,0.0035132578927706457,1076.0,0.4776951672862454,0.08364312267657992,0.2788104089219331,0.9360255344568297
large_long,rotatable_xlink,r0010,0.9500000000000001,initial,4.7339690607734815,2.3834399286687393,0.02758767861904528,0.02758767861904528,1.0,0.597667638483965,0.2325417603493555,0.010308159722222222,0.02480820259722405,1086.0,0.48428835489833644,0.08133086876155268,0.28280961182994463,0.9304703571053924
large_long,rotatable_xlink,r0010,1.0,initial,4.805858227848101,2.5741468331946518,0.023963055691539854,0.023963055691539854,1.0,0.6228571428571429,0.18173353407306309,0.010633680555555556,0.06356896817530415,1106.0,0.4891304347826086,0.08152173913043478,0.282608695652174,0.9239546240762267
large_long,rotatable_xlink,r0010,1.05,pulse_01,5.2838768352365415,2.5378640482938795,0.029530159559771896,0.029530159559771896,1.0,0.6666666666666666,0.18697109383230814,0.011697048611111111,0.039925211047883824,1226.0,0.535073409461664,0.06851549755301793,0.2528548123980424,0.9183281094392127
large_long,rotatable_xlink,r0010,1.1,pulse_01,5.372467313915857,2.418088415150228,0.01071472100896346,0.01071472100896346,1.0,0.6389548693586699,0.16655030089015765,0.011783854166666666,0.023490470112620548,1236.0,0.5355987055016181,0.06796116504854369,0.24595469255663432,0.9181920007555786
large_long,rotatable_xlink,r0010,1.15,pulse_01,5.348165161290322,2.396921227618156,0.007212742675365795,0.007212742675365795,1.0,0.6889952153110048,0.1356576026264816,0.011631944444444445,0.013077933571909636,1240.0,0.535598705501618,0.07119741100323623,0.24757281553398056,0.9193776458074917
large_long,rotatable_xlink,r0010,1.2,pulse_01,5.415743769968052,2.496556016581686,0.01462742807323473,0.01462742807323473,1.0,0.6872037914691943,0.15005302278136445,0.01189236111111111,0.019469834405760222,1252.0,0.5367412140575081,0.06869009584664536,0.2444089456869009,0.9192671668717068
large_long,rotatable_xlink,r0010,1.25,pulse_01,5.435929729729731,2.5137402340527175,0.002095416397082476,-0.002095416397082476,1.0,0.6886792452830188,0.12822040406973087,0.01213107638888889,0.0023965799511003936,1258.0,0.534181240063593,0.06677265500794913,0.23688394276629565,0.916380215844786
large_long,rotatable_xlink,r0010,1.3,pulse_01,5.403171271585557,2.4821765368750834,0.005591600755685396,-0.005591600755685396,1.0,0.6728971962616822,0.13816030027659362,0.0123046875,0.004972728402620197,1274.0,0.5368916797488226,0.06750392464678177,0.2323390894819466,0.9246458275260446
large_long,rotatable_xlink,r0010,1.35,pulse_01,5.402380125195618,2.4839038636369963,5.479542893501351e-08,-5.479542893501351e-08,1.0,0.647887323943662,0.1568704827619783,0.01213107638888889,0.013101700108600308,1278.0,0.5352112676056338,0.06729264475743349,0.23161189358372458,0.9237113499476405
large_long,rotatable_xlink,r0010,1.4,pulse_01,5.4031709428129835,2.5607867375266853,0.003634654989091768,0.003634654989091768,1.0,0.6566125290023201,0.1343491807682781,0.012391493055555555,0.022137697818014408,1294.0,0.5332302936630603,0.06491499227202473,0.231839258114374,0.9240754722145603
large_long,rotatable_xlink,r0010,1.45,pulse_01,5.424188055130169,2.616730050545083,0.0067472187510276465,0.0067472187510276465,1.0,0.6581986143187067,0.14938708123601432,0.012543402777777778,0.007860141792661443,1306.0,0.5298621745788668,0.06278713629402757,0.23430321592649306,0.9235896576727775
large_long,rotatable_xlink,r0010,1.5,pulse_01,5.443654255319149,2.607947588282654,0.008173152427800071,0.008173152427800071,1.0,0.6272727272727273,0.13764602245853033,0.012565104166666667,0.0041199461951391125,1316.0,0.5243161094224925,0.06686930091185408,0.229483282674772,0.9211038936917666
large_long,rotatable_xlink,r0010,1.55,pulse_01,5.473226969696969,2.6414497277159175,0.009594972598323537,0.009594972598323537,1.0,0.6598639455782312,0.15100982227052873,0.012738715277777778,0.006498807240066536,1320.0,0.5272727272727271,0.06515151515151515,0.22727272727272724,0.9228545449222663
large_long,rotatable_xlink,r0010,1.6,pulse_01,5.501224090909091,2.646940431723053,0.003392643604721949,0.003392643604721949,1.0,0.5238095238095238,0.12842645544660522,0.012586805555555556,0.009118739536505846,1320.0,0.5257575757575756,0.06363636363636364,0.2303030303030303,0.9209935342934275
large_long,rotatable_xlink,r0010,1.65,pulse_01,5.493582831325301,2.6961621649349525,0.004694535573122494,0.004694535573122494,1.0,0.5374149659863946,0.14647759163028595,0.0126953125,0.006625155991650737,1328.0,0.5248868778280544,0.06485671191553545,0.22926093514328807,0.9198333190007717
large_long,rotatable_xlink,r0010,1.7000000000000002,pulse_01,5.5293913043478256,2.6866913676729576,0.014048450418214268,0.014048450418214268,1.0,0.5510204081632653,0.1417347722298686,0.012955729166666667,0.0036442652516045873,1334.0,0.5307346326836583,0.06146926536731634,0.22638680659670168,0.918542725398076
large_long,rotatable_xlink,r0010,1.75,pulse_01,5.577873533834587,2.674296573425325,0.009643265195760383,0.009643265195760383,1.0,0.564625850340136,0.10504618604723515,0.012803819444444444,0.018636697115950767,1330.0,0.5293233082706766,0.05864661654135338,0.2255639097744361,0.9215755198578938
large_long,rotatable_xlink,r0010,1.8,pulse_01,5.587250895522388,2.798511550368662,0.011647697107351659,-0.011647697107351659,1.0,0.5634743875278396,0.1277457719873011,0.012934027777777777,0.027537830984037726,1340.0,0.5328358208955224,0.05970149253731344,0.2253731343283582,0.9184666568750632
large_long,rotatable_xlink,r0010,1.85,pulse_01,5.507987351190477,2.8395235593295514,0.036152081799275315,-0.036152081799275315,1.0,0.5530474040632054,0.0981780137028135,0.012977430555555556,0.021573424929166363,1344.0,0.5178571428571429,0.05803571428571428,0.23214285714285712,0.9182780163937887
large_long,rotatable_xlink,r0010,1.9,pulse_01,5.370338404726736,2.9279520999436603,0.04402531833566773,-0.04402531833566773,1.0,0.5720720720720721,0.09750291453086135,0.012955729166666667,0.020430792793598423,1354.0,0.5140324963072377,0.06646971935007386,0.24076809453471198,0.9211327064270184
large_long,rotatable_xlink,r0010,1.9500000000000002,pulse_01,5.24383544117647,2.962108316091142,0.03313116828656559,-0.03313116828656559,1.0,0.6124721603563474,0.12697359602368877,0.012999131944444445,0.003908908086639536,1360.0,0.5029411764705882,0.06911764705882353,0.24117647058823524,0.9229475515894343
large_long,rotatable_xlink,r0010,2.0,pulse_01,5.171551395007342,2.9514055484634976,0.024094682056375955,-0.024094682056375955,1.0,0.6502242152466368,0.12419425143346893,0.013172743055555556,0.0035675892092147756,1362.0,0.5007342143906021,0.07342143906020558,0.24669603524229067,0.9312054876613276
large_long,rotatable_xlink,r0010,2.05,pulse_02,5.644223289473683,2.837856766918658,0.02737473724660718,-0.02737473724660718,1.0,0.7039848197343453,0.11960886227849081,0.014539930555555556,0.006888571869718696,1520.0,0.5473684210526317,0.07105263157894738,0.22631578947368425,0.9285074658317121
large_long,rotatable_xlink,r0010,2.1,pulse_02,5.562099077733861,2.8171910513095018,0.023525407524417712,-0.023525407524417712,1.0,0.6994219653179191,0.09215450945485036,0.014344618055555555,0.0022103797519363866,1518.0,0.5388669301712781,0.07509881422924901,0.22793148880105402,0.9260760824382176
large_long,rotatable_xlink,r0010,2.15,pulse_02,5.503070844327176,2.851119045430276,0.02191668908950506,-0.02191668908950506,1.0,0.664783427495292,0.09943792946974295,0.014518229166666667,0.016064640110468414,1516.0,0.532981530343008,0.08179419525065962,0.2269129287598944,0.9278320663135416
large_long,rotatable_xlink,r0010,2.2,pulse_02,5.430598943196831,2.9135788919723122,0.015976842661231377,-0.015976842661231377,1.0,0.6685499058380414,0.09665182531581963,0.014561631944444445,0.008701809047537997,1514.0,0.5336856010568034,0.09247027741083225,0.22853368560105683,0.926842880031306
large_long,rotatable_xlink,r0010,2.25,pulse_02,5.407209788359788,2.903329899715504,0.005270706868345965,-0.005270706868345965,1.0,0.6660412757973734,0.0873001993758376,0.014713541666666666,0.009930457463913633,1512.0,0.5357142857142858,0.09391534391534395,0.2288359788359789,0.9334975184840116
large_long,rotatable_xlink,r0010,2.3,pulse_02,5.398974701986755,2.8539961471888304,0.0191674371328124,-0.0191674371328124,1.0,0.6628787878787878,0.0655291772561436,0.0142578125,0.00800154284231184,1510.0,0.5337748344370861,0.09271523178807949,0.233112582781457,0.9294234979716673
large_long,rotatable_xlink,r0010,2.35,pulse_02,5.292205165562914,2.855320642661633,0.022037726269315588,-0.022037726269315588,1.0,0.6475095785440613,0.0627956694414906,0.014605034722222222,0.011382858013204341,1510.0,0.5271523178807948,0.09403973509933775,0.23841059602649003,0.9299680352737382
large_long,rotatable_xlink,r0010,2.4,pulse_02,5.266748344370861,2.7856989991096044,0.01773324503311254,-0.01773324503311254,1.0,0.6121673003802282,0.05025105669424358,0.014539930555555556,0.01897798777373934,1510.0,0.5298013245033112,0.09271523178807949,0.23973509933774836,0.9332251405789778
large_long,rotatable_xlink,r0010,2.45,pulse_02,5.185805695364238,2.741452716019197,0.023753172337672268,-0.023753172337672268,1.0,0.6332046332046332,0.08475835160708248,0.014583333333333334,0.01017378291463015,1510.0,0.5218543046357615,0.09271523178807947,0.23973509933774836,0.9332077929981746
large_long,rotatable_xlink,r0010,2.5,pulse_02,5.124229310344828,2.7246563016218235,0.03411080775964548,-0.03411080775964548,1.0,0.5883495145631068,0.11322362345970716,0.014322916666666666,0.010702113753041864,1508.0,0.5192563081009295,0.09428950863213811,0.24302788844621506,0.9338656651441627
large_long,rotatable_xlink,r0010,2.55,pulse_02,4.9811408488063655,2.677240033500946,0.05535700989146871,-0.05535700989146871,1.0,0.5836575875486382,0.07161479846192821,0.014279513888888888,0.023196127551107226,1508.0,0.5086321381142097,0.09561752988047809,0.24302788844621506,0.9361326884892797
large_long,rotatable_xlink,r0010,2.6,pulse_02,4.7920872509960155,2.58547953631518,0.049475602460635315,-0.049475602460635315,1.0,0.5658914728682171,0.10010828619536155,0.014040798611111112,0.026131821747047868,1506.0,0.49800796812748993,0.09827357237715803,0.24966799468791492,0.9387494118011319
large_long,rotatable_xlink,r0010,2.65,pulse_02,4.684287234042554,2.5204491030186587,0.02931740087522246,-0.02931740087522246,1.0,0.5733855185909981,0.12396004942754721,0.014388020833333333,0.01653181530418979,1504.0,0.4867021276595745,0.09840425531914891,0.25132978723404253,0.9422645195033099
large_long,rotatable_xlink,r0010,2.7,pulse_02,4.616182845744681,2.4862886444900414,0.01648093900709228,-0.01648093900709228,1.0,0.5849802371541502,0.1176930255483067,0.014409722222222223,0.014687415976359697,1504.0,0.4840425531914894,0.09973404255319149,0.2553191489361702,0.9446738606605649
large_long,rotatable_xlink,r0010,2.75,pulse_02,4.5854016,2.4323246071605005,0.008008340957446958,-0.008008340957446958,1.0,0.5841584158415841,0.10859010007974286,0.014171006944444444,0.005253649005453627,1500.0,0.4819759679572765,0.09479305740987987,0.25500667556742324,0.9462849131191335
large_long,rotatable_xlink,r0010,2.8,pulse_02,4.568132799999999,2.4547667504573196,0.00400757515638972,0.00400757515638972,1.0,0.596039603960396,0.10893980597890807,0.014344618055555555,0.003030708026938944,1500.0,0.48533333333333334,0.09599999999999999,0.25600000000000006,0.9440484970590663
large_long,rotatable_xlink,r0010,2.85,pulse_02,4.609447050938338,2.414140358998867,0.016646168637992915,0.016646168637992915,1.0,0.5976095617529881,0.14993881424278516,0.014214409722222222,0.00848929529906147,1492.0,0.487935656836461,0.09115281501340486,0.25201072386058987,0.9446420101243256
large_long,rotatable_xlink,r0010,2.9,pulse_02,4.6680098118279565,2.403830978662951,0.012091709545270243,0.012091709545270243,1.0,0.610337972166998,0.11632657082966538,0.0142578125,0.007290469905998946,1488.0,0.4879032258064517,0.08870967741935483,0.2513440860215053,0.9418442409082093
large_long,rotatable_xlink,r0010,2.95,pulse_02,4.68199730820996,2.4578831784348605,0.002429432438723141,0.002429432438723141,1.0,0.6032064128256514,0.10512287572482037,0.014539930555555556,0.008177741281354104,1486.0,0.48990578734858686,0.08882907133243609,0.25033647375504714,0.9443864090764028
large_long,rotatable_xlink,r0010,3.0,pulse_02,4.682586406460295,2.4528974263510754,0.00019636608344519857,0.00019636608344519857,1.0,0.608,0.15243602953194246,0.014192708333333333,0.0016619173612616815,1486.0,0.48721399730821,0.08882907133243609,0.24764468371467027,0.9444865075632458
large_long,rotatable_xlink,r0010,3.05,pulse_03,5.100246220570013,2.4012272569338338,4.7501032631439934e-05,-4.7501032631439934e-05,1.0,0.6485507246376812,0.09304546575794675,0.015386284722222223,0.004964955848545394,1614.0,0.5297766749379653,0.08188585607940449,0.22828784119106707,0.9394468577566684
large_long,rotatable_xlink,r0010,3.1,pulse_03,5.100103717472119,2.3863323893881976,0.005060350401892085,0.005060350401892085,1.0,0.6252252252252253,0.10190110868163754,0.015342881944444444,0.00023838093862334672,1614.0,0.5272952853598015,0.08064516129032259,0.22828784119106707,0.9369949211007831
large_long,rotatable_xlink,r0010,3.15,pulse_03,5.130608322981366,2.402657542565574,0.0016957941858241436,0.0016957941858241436,1.0,0.6304347826086957,0.08288354093065754,0.015125868055555556,0.006416860663627825,1610.0,0.529192546583851,0.07701863354037267,0.22732919254658382,0.9362325253136915
large_long,rotatable_xlink,r0010,3.2,pulse_03,5.110278482587064,2.4248335533699645,0.00033335930360456345,0.00033335930360456345,1.0,0.6453382084095064,0.08370101417844221,0.015104166666666667,0.0029327545040516156,1608.0,0.5211442786069651,0.07711442786069651,0.22761194029850743,0.9349249622787006
large_long,rotatable_xlink,r0010,3.25,pulse_03,5.132608478802993,2.385061015541264,0.0021524848223556012,0.0021524848223556012,1.0,0.6672694394213382,0.06669065503699476,0.015364583333333333,0.007286107270872681,1604.0,0.5249376558603491,0.07481296758104738,0.2256857855361596,0.9371612821964639
large_long,rotatable_xlink,r0010,3.3,pulse_03,5.123193391521197,2.3811169097447284,0.00380195344970898,-0.00380195344970898,1.0,0.6594202898550725,0.08473364384490405,0.015473090277777778,0.004665035068191603,1604.0,0.5224438902743141,0.07481296758104737,0.22443890274314215,0.9372088768208151
large_long,rotatable_xlink,r0010,3.35,pulse_03,5.109796758104739,2.3570708051321145,0.0012083722464672302,0.0012083722464672302,1.0,0.6483516483516484,0.09590977502032554,0.015516493055555556,0.0030622809246818594,1604.0,0.5174563591022443,0.07356608478802992,0.22319201995012466,0.9365201588010348
large_long,rotatable_xlink,r0010,3.4,pulse_03,5.130443625000001,2.3627432241966373,0.0011312486492101037,0.0011312486492101037,1.0,0.6494464944649446,0.12002233188267322,0.015494791666666667,0.006289393114185489,1600.0,0.5175,0.07625,0.22124999999999995,0.9367646383338031
large_long,rotatable_xlink,r0010,3.45,pulse_03,5.11658425,2.3948071638172275,0.001074813595118999,-0.001074813595118999,1.0,0.6623376623376623,0.08461426005356262,0.015407986111111112,0.00318126166119533,1600.0,0.5162499999999998,0.07625,0.22374999999999998,0.9382116720582692
large_long,rotatable_xlink,r0010,3.5,pulse_03,5.123994743429287,2.3436556542294653,0.006051664264828875,0.006051664264828875,1.0,0.6512059369202227,0.0793073390645374,0.01545138888888889,0.006586418745798757,1598.0,0.5156445556946183,0.07384230287859825,0.22403003754693368,0.9365214423153496
large_long,rotatable_xlink,r0010,3.55,pulse_03,5.152894235588973,2.355288651342435,0.01275156704989285,0.01275156704989285,1.0,0.6685288640595903,0.09884277031365461,0.01506076388888889,0.0035362844420162944,1596.0,0.5175438596491228,0.07644110275689225,0.22431077694235593,0.9322889211274191
large_long,rotatable_xlink,r0010,3.6,pulse_03,5.200504145728644,2.3224379475773675,0.0037126908561185465,-0.0037126908561185465,1.0,0.6771799628942486,0.13195136000696525,0.015321180555555555,0.00957015572308273,1592.0,0.5175879396984926,0.06909547738693468,0.22236180904522618,0.9323917938278616
large_long,rotatable_xlink,r0010,3.65,pulse_03,5.130618090452262,2.2978677170039385,0.014811068313264434,-0.014811068313264434,1.0,0.6691729323308271,0.09201810976756017,0.015516493055555556,0.0029091856178871853,1592.0,0.5125628140703518,0.07035175879396983,0.22236180904522615,0.9330153086617988
large_long,rotatable_xlink,r0010,3.7,pulse_03,5.111637735849057,2.3398930612846907,0.007025999962027019,-0.007025999962027019,1.0,0.6716981132075471,0.10699400293539656,0.015277777777777777,0.005910350374028169,1590.0,0.5132075471698113,0.0729559748427673,0.22138364779874214,0.933889607193169
large_long,rotatable_xlink,r0010,3.75,pulse_03,5.0884620906801,2.2624056147597695,0.009601980775179117,-0.009601980775179117,1.0,0.6692015209125475,0.09256012293052307,0.015321180555555555,0.007189779860544772,1588.0,0.510718789407314,0.07313997477931902,0.22068095838587637,0.933586536541384
large_long,rotatable_xlink,r0010,3.8,pulse_03,5.0540258511979825,2.296754382121422,0.001591156527491459,-0.001591156527491459,1.0,0.68,0.07873153836630849,0.015256076388888888,0.014864047248939269,1586.0,0.5056746532156369,0.07061790668348046,0.21815889029003785,0.9350242578307146
large_long,rotatable_xlink,r0010,3.85,pulse_03,5.078915151515151,2.351589898253405,0.00975955222649653,0.00975955222649653,1.0,0.6870229007633588,0.062236352571902645,0.015277777777777777,0.010590278264127543,1584.0,0.5088383838383839,0.07196969696969698,0.21843434343434343,0.9330829839588313
large_long,rotatable_xlink,r0010,3.9,pulse_03,5.112583164556962,2.3602960517061873,0.011040072040199078,0.011040072040199078,1.0,0.6961538461538461,0.07989261842607398,0.0150390625,0.0008689111909222872,1580.0,0.5088607594936709,0.06962025316455697,0.21772151898734177,0.9315394112456854
large_long,rotatable_xlink,r0010,3.95,pulse_03,5.145155583756345,2.356803365398939,0.004250561095652472,0.004250561095652472,1.0,0.6917148362235067,0.0745842227682593,0.015082465277777778,0.02170425433092456,1576.0,0.5082592121982212,0.06607369758576875,0.2198221092757306,0.9282946751780253
large_long,rotatable_xlink,r0010,4.0,pulse_03,5.1380865311308765,2.23007052572064,0.002356350875156288,-0.002356350875156288,1.0,0.6840077071290944,0.10108486350592392,0.014908854166666667,0.04224427989276632,1574.0,0.5108005082592122,0.06988564167725542,0.21601016518424396,0.9287651551170164
large_long,rotatable_xlink,r0010,4.05,pulse_04,5.4424781472684085,2.1562219363293478,0.003456371545451198,0.003456371545451198,1.0,0.7298245614035088,0.08084394000462973,0.016059027777777776,0.007820628217178438,1684.0,0.5391923990498814,0.06650831353919238,0.20190023752969116,0.921429195666166
large_long,rotatable_xlink,r0010,4.1,pulse_04,5.452847261904762,2.1327600516778125,0.004252033063529097,0.004252033063529097,1.0,0.7192982456140351,0.0812436317202243,0.0158203125,0.00799185515982955,1680.0,0.5392857142857141,0.06666666666666668,0.2,0.9241828815859965
large_long,rotatable_xlink,r0010,4.15,pulse_04,5.467990345649583,2.1082708053703705,0.0035674036348827265,-0.0035674036348827265,1.0,0.708185053380783,0.10243652004211663,0.01599392361111111,0.0011573032468055189,1678.0,0.537544696066746,0.06793802145411204,0.20023837902264593,0.9267068310644541
large_long,rotatable_xlink,r0010,4.2,pulse_04,5.431442840095466,2.1258162321969793,0.01688456834812054,-0.01688456834812054,1.0,0.6928571428571428,0.08978376822986792,0.01597222222222222,0.012078420491766625,1676.0,0.5369928400954653,0.07279236276849642,0.2016706443914081,0.9276062879639555
large_long,rotatable_xlink,r0010,4.25,pulse_04,5.36668293556086,2.1807413283209702,0.013920680438053465,-0.013920680438053465,1.0,0.6884955752212389,0.07684636786519174,0.01597222222222222,0.010902091033611505,1676.0,0.5322195704057279,0.0739856801909308,0.2052505966587112,0.9313476072475869
large_long,rotatable_xlink,r0010,4.3,pulse_04,5.347918757467145,2.1912287783986484,0.014442058356121112,-0.014442058356121112,1.0,0.696969696969697,0.10517275716323034,0.016124131944444446,0.011429211928251082,1674.0,0.5352449223416966,0.07287933094384708,0.2054958183990442,0.9292120851365651
large_long,rotatable_xlink,r0010,4.35,pulse_04,5.280030585424133,2.2493165998904767,0.023680777759675475,-0.023680777759675475,1.0,0.7087033747779752,0.08855966977453265,0.015950520833333332,0.014962098853563624,1674.0,0.5268817204301075,0.07526881720430108,0.20788530465949817,0.9289494605279003
large_long,rotatable_xlink,r0010,4.4,pulse_04,5.205834090909092,2.28100137152003,0.01006734777052909,-0.01006734777052909,1.0,0.696969696969697,0.10502137287202996,0.015863715277777777,0.006251752727719273,1672.0,0.519760479041916,0.0778443113772455,0.20958083832335322,0.932518341866795
large_long,rotatable_xlink,r0010,4.45,pulse_04,5.219626498800959,2.2868271162567924,0.0024850544763358093,0.0024850544763358093,1.0,0.7066189624329159,0.08886244921660894,0.015863715277777777,0.0006638668201241297,1668.0,0.5179856115107914,0.07553956834532374,0.20623501199040764,0.9331444150969541
large_long,rotatable_xlink,r0010,4.5,pulse_04,5.220744417767107,2.284984572440775,0.008690999697226568,0.008690999697226568,1.0,0.7091561938958707,0.042385302229923934,0.01577690972222222,0.0005464417536478194,1666.0,0.5186074429771907,0.07442977190876351,0.20888355342136852,0.9330568981537192
large_long,rotatable_xlink,r0010,4.55,pulse_04,5.271772496984318,2.2835484657349054,0.008136666198445516,0.008136666198445516,1.0,0.6751824817518248,0.06119790121701162,0.016059027777777776,0.003036107491724153,1658.0,0.5186972255729795,0.06996381182147164,0.2074788902291918,0.9328992030882561
large_long,rotatable_xlink,r0010,4.6,pulse_04,5.26956441495778,2.26676792749043,0.005512303980699536,-0.005512303980699536,1.0,0.6605839416058394,0.047736748584848644,0.015885416666666666,0.005484829025692435,1658.0,0.5162846803377563,0.06996381182147166,0.20868516284680338,0.9339853172401203
large_long,rotatable_xlink,r0010,4.65,pulse_04,5.238698673100121,2.250639491580751,0.007192340168878116,-0.007192340168878116,1.0,0.662431941923775,0.07560166851486422,0.015842013888888888,0.003542044566349508,1658.0,0.5186972255729795,0.07237635705669482,0.20868516284680338,0.93464502260362
large_long,rotatable_xlink,r0010,4.7,pulse_04,5.226410373944511,2.288020194888527,0.01103798335887681,-0.01103798335887681,1.0,0.6347197106690777,0.07220025490722548,0.015473090277777778,0.007955755367621423,1658.0,0.5144927536231884,0.07004830917874397,0.21014492753623193,0.9310976004720221
large_long,rotatable_xlink,r0010,4.75,pulse_04,5.17247077294686,2.2983740237864794,0.017104526897354127,-0.017104526897354127,1.0,0.6423357664233577,0.08852760535358467,0.0158203125,0.01038394485887569,1656.0,0.5114873035066505,0.07376058041112453,0.21281741233373636,0.9364500702553277
large_long,rotatable_xlink,r0010,4.8,pulse_04,5.123783212560387,2.225716525735273,0.02494250891315068,-0.02494250891315068,1.0,0.6588021778584392,0.06341981705110417,0.015733506944444444,0.01398647998675521,1656.0,0.5132850241545894,0.07971014492753624,0.22222222222222227,0.938486007012129
large_long,rotatable_xlink,r0010,4.85,pulse_04,5.022815719467956,2.214455143865948,0.046646819183280876,-0.046646819183280876,1.0,0.635036496350365,0.11159121461562944,0.01597222222222222,0.0030572398420785074,1654.0,0.5151148730350663,0.08585247883917776,0.23579201934703753,0.937574948743931
large_long,rotatable_xlink,r0010,4.9,pulse_04,4.843902297460701,2.244059964787744,0.07733358960829569,-0.07733358960829569,1.0,0.6163873370577281,0.07452821288921777,0.01521267361111111,0.020795066216493147,1654.0,0.5012106537530265,0.09079903147699758,0.2421307506053269,0.9421307108576457
large_long,rotatable_xlink,r0010,4.95,pulse_04,4.558814181818182,2.339225541164907,0.08672801181795291,-0.08672801181795291,1.0,0.5803402646502835,0.10156313123585736,0.015473090277777778,0.03334149417932893,1650.0,0.4787878787878789,0.09090909090909093,0.2545454545454546,0.9452296752801189
large_long,rotatable_xlink,r0010,5.0,pulse_04,4.323534226552984,2.4441089298637175,0.07842665175506595,-0.07842665175506595,1.0,0.55078125,0.08768720027855867,0.015190972222222222,0.03496112956627018,1642.0,0.45919610231425095,0.08891595615103534,0.2728380024360536,0.9422958840944236
large_long,rotatable_xlink,r0010,5.05,pulse_05,4.551430498866214,2.5317782367952937,0.07016115113722303,-0.07016115113722303,1.0,0.5929203539823009,0.08876875249221342,0.016688368055555555,0.030892362153600434,1764.0,0.48639455782312935,0.08276643990929705,0.26643990929705214,0.9422988005155837
large_long,rotatable_xlink,r0010,5.1,pulse_05,4.340947045454545,2.624455323256095,0.06257719779888686,-0.06257719779888686,1.0,0.5898366606170599,0.11426015624506346,0.01644965277777778,0.024419221832841842,1760.0,0.47159090909090906,0.07954545454545453,0.2761363636363636,0.9419602946563912
large_long,rotatable_xlink,r0010,5.15,pulse_05,4.175967312072893,2.6782935677923447,0.03692917653863548,-0.03692917653863548,1.0,0.5605214152700186,0.11244251676281486,0.01623263888888889,0.03260939474580112,1756.0,0.45785876993166286,0.08428246013667426,0.2847380410022779,0.9393079974089925
large_long,rotatable_xlink,r0010,5.2,pulse_05,4.119371986222732,2.8201116917309017,0.008259701781734,-0.008259701781734,1.0,0.5728155339805825,0.12303618527509352,0.016644965277777778,0.0018397628064661387,1742.0,0.4500574052812859,0.0746268656716418,0.28702640642939153,0.9394338838246906
large_long,rotatable_xlink,r0010,5.25,pulse_05,4.126409101382489,2.667254990953548,0.007017328727653223,-0.007017328727653223,1.0,0.5859375,0.14058094836178353,0.016493055555555556,0.040465074062123595,1736.0,0.4504608294930875,0.07258064516129034,0.282258064516129,0.9417049446636105
large_long,rotatable_xlink,r0010,5.3,pulse_05,4.077268013856813,2.57732124735816,0.010713021150755045,-0.010713021150755045,1.0,0.5984405458089669,0.10704642635343314,0.01640625,0.018403935378403274,1732.0,0.44919168591224024,0.07390300230946881,0.28868360277136257,0.9385609596740337
large_long,rotatable_xlink,r0010,5.35,pulse_05,4.062130974477959,2.5568313786831283,0.004577769751329175,-0.004577769751329175,1.0,0.5952380952380952,0.08753024106782928,0.016362847222222223,0.010563328583411247,1724.0,0.44315545243619486,0.07076566125290024,0.2853828306264501,0.9388585234703304
large_long,rotatable_xlink,r0010,5.4,pulse_05,4.049801395348838,2.5139412758576927,0.0073887864440009094,-0.0073887864440009094,1.0,0.6016096579476862,0.11902064555686945,0.016276041666666668,0.005502427577359266,1720.0,0.4372093023255815,0.0686046511627907,0.28023255813953485,0.9378468209372274
large_long,rotatable_xlink,r0010,5.45,pulse_05,4.017798255813953,2.5238168132189727,0.014241027131783065,-0.014241027131783065,1.0,0.6,0.1283666682366145,0.0166015625,0.0018378245838909606,1720.0,0.43720930232558136,0.07093023255813954,0.2802325581395349,0.9388846105286159
large_long,rotatable_xlink,r0010,5.5,pulse_05,3.9643552325581393,2.5249682233610384,0.012485356910260093,-0.012485356910260093,1.0,0.5776892430278885,0.054667392668652844,0.016297743055555557,0.007856937879984574,1720.0,0.436046511627907,0.0755813953488372,0.2813953488372093,0.9405102193388953
large_long,rotatable_xlink,r0010,5.55,pulse_05,3.9428861143523926,2.57095844049888,0.015031635332898604,-0.015031635332898604,1.0,0.5757575757575758,0.07731822947143475,0.016297743055555557,1.7958338711358362e-05,1714.0,0.43290548424737463,0.07584597432905484,0.2928821470245041,0.944138390426982
large_long,rotatable_xlink,r0010,5.6,pulse_05,3.8741654205607476,2.5250759733933066,0.018020577997061544,-0.018020577997061544,1.0,0.5357142857142857,0.05682428739628675,0.01597222222222222,0.02876088519757077,1712.0,0.433411214953271,0.08294392523364487,0.30257009345794383,0.9449987405755109
large_long,rotatable_xlink,r0010,5.65,pulse_05,3.8347626463700233,2.3983931293134555,0.01622322226737098,-0.01622322226737098,1.0,0.4689922480620155,0.07818949348822245,0.01623263888888889,0.04299516995896687,1708.0,0.43091334894613587,0.08665105386416863,0.30562060889929743,0.9449149671799114
large_long,rotatable_xlink,r0010,5.7,pulse_05,3.7768260869565218,2.2671049536395054,0.006035106942173647,-0.006035106942173647,1.0,0.4765625,0.08246394865493016,0.01625434027777778,0.018583797151578246,1702.0,0.4289071680376028,0.0881316098707403,0.309048178613396,0.9452601304273115
large_long,rotatable_xlink,r0010,5.75,pulse_05,3.7985520047169814,2.286890346403986,0.00442516360023304,0.00442516360023304,1.0,0.47470817120622566,0.10806469403276502,0.01623263888888889,0.004827218484950713,1696.0,0.4304245283018869,0.0884433962264151,0.3066037735849056,0.944117945309031
large_long,rotatable_xlink,r0010,5.8,pulse_05,3.80337706855792,2.2960682645492096,0.00017961657083838864,0.00017961657083838864,1.0,0.47265625,0.10611081399740485,0.016037326388888887,0.013341449050700227,1692.0,0.42671394799054374,0.08747044917257682,0.30969267139479906,0.945918532488166
large_long,rotatable_xlink,r0010,5.85,pulse_05,3.7996297041420117,2.2068416520997847,0.009134063682677182,0.009134063682677182,1.0,0.45596868884540115,0.08395622061007443,0.016102430555555554,0.022596271509555194,1690.0,0.42366863905325447,0.08994082840236686,0.30532544378698223,0.9486274067985784
large_long,rotatable_xlink,r0010,5.9,pulse_05,3.858181450653983,2.1604906354918785,0.010769244780463335,0.010769244780463335,1.0,0.47326732673267324,0.1282086049532049,0.015928819444444443,0.004298475534104895,1682.0,0.42687277051129613,0.08561236623067778,0.3020214030915577,0.947701445871046
large_long,rotatable_xlink,r0010,5.95,pulse_05,3.8642451728247917,2.232632505304414,0.001423133054038998,-0.001423133054038998,1.0,0.4656188605108055,0.08236352891497464,0.01579861111111111,0.0035887436315439705,1678.0,0.4290822407628128,0.08462455303933251,0.3015494636471989,0.9481766768026694
large_long,rotatable_xlink,r0010,6.0,pulse_05,3.849642652329749,2.1820230972811423,0.004867506831680875,-0.004867506831680875,1.0,0.48616600790513836,0.09512572521020507,0.015755208333333333,0.016869802674423912,1674.0,0.4301075268817203,0.08363201911589009,0.3046594982078853,0.9453603819752546
large_long,rotatable_xlink,r0010,6.05,pulse_06,4.234317303370787,2.195086622673986,0.0017319101123597729,-0.0017319101123597729,1.0,0.5368043087971275,0.09386141697758273,0.01677517361111111,0.0009548164485417843,1780.0,0.463963963963964,0.07882882882882883,0.28490990990990983,0.9435550133119421
large_long,rotatable_xlink,r0010,6.1,pulse_06,4.229121573033708,2.1979510720196114,0.00012060161284891772,-0.00012060161284891772,1.0,0.5376344086021505,0.1033940625109158,0.016861979166666666,0.0020835341348846015,1780.0,0.46292134831460674,0.07865168539325842,0.28314606741573034,0.9454505956950896
large_long,rotatable_xlink,r0010,6.15,pulse_06,4.2335936936936935,2.1825854178646784,0.000811477371682597,-0.000811477371682597,1.0,0.5365418894830659,0.09676732306209038,0.016883680555555555,0.0039887060136584536,1776.0,0.46509009009009006,0.07882882882882881,0.286036036036036,0.9467554822980124
large_long,rotatable_xlink,r0010,6.2,pulse_06,4.224252708803612,2.1740188359376607,0.004860157385892627,0.004860157385892627,1.0,0.5384615384615384,0.0626549934355691,0.01644965277777778,0.007872015808859212,1772.0,0.46726862302483074,0.07900677200902936,0.28668171557562083,0.9452072481864434
large_long,rotatable_xlink,r0010,6.25,pulse_06,4.262754638009049,2.135353323011523,0.010461075365686856,0.010461075365686856,1.0,0.5403949730700179,0.028592505780564166,0.016297743055555557,0.006828516347529678,1768.0,0.4649321266968324,0.07692307692307691,0.2828054298642534,0.9421799165585338
large_long,rotatable_xlink,r0010,6.3,pulse_06,4.287019160997733,2.1330477378524826,0.0071792213231229125,0.0071792213231229125,1.0,0.5479204339963833,0.051926691047865785,0.0166015625,0.002524786461306864,1764.0,0.4671201814058956,0.07482993197278912,0.28458049886621317,0.9429087569930695
large_long,rotatable_xlink,r0010,6.35,pulse_06,4.305829965947787,2.1505020417793643,0.00261909178225439,0.00261909178225439,1.0,0.5543478260869565,0.03151137098209969,0.016796875,0.0058931919548254426,1762.0,0.4687854710556187,0.07491486946651535,0.27582292849035195,0.9424430044047327
large_long,rotatable_xlink,r0010,6.4,pulse_06,4.30273371169126,2.1684068895814352,0.005738077049704564,0.005738077049704564,1.0,0.5535390199637024,0.07200941636637673,0.01662326388888889,0.01539547425779042,1762.0,0.46992054483541434,0.07604994324631101,0.27695800227014755,0.9415890123931238
large_long,rotatable_xlink,r0010,6.45,pulse_06,4.340258428246014,2.242874887326107,0.013383720039293964,0.013383720039293964,1.0,0.49097472924187724,0.052154817869768264,0.01675347222222222,0.026458957071578675,1756.0,0.46013667425968113,0.07289293849658314,0.2767653758542141,0.9425862509727343
large_long,rotatable_xlink,r0010,6.5,pulse_06,4.383036031927023,2.3271606320109073,0.0001617231462122485,0.0001617231462122485,1.0,0.51183970856102,0.07324458952550103,0.016710069444444444,0.02625857256173081,1754.0,0.4595210946408209,0.07297605473204107,0.27594070695553014,0.9408690793820211
large_long,rotatable_xlink,r0010,6.55,pulse_06,4.341228767123288,2.4004263226964917,0.012385105244893039,-0.012385105244893039,1.0,0.47101449275362317,0.10151054705898141,0.016493055555555556,0.011964064047067588,1752.0,0.4623287671232877,0.0730593607305936,0.28196347031963465,0.9448345707191463
large_long,rotatable_xlink,r0010,6.6,pulse_06,4.308725400457665,2.398945016293313,0.030732221890578486,-0.030732221890578486,1.0,0.4746376811594203,0.07661330600091422,0.016493055555555556,0.012404452242640307,1748.0,0.4610983981693364,0.07437070938215104,0.2837528604118993,0.941593658156866
large_long,rotatable_xlink,r0010,6.65,pulse_06,4.156835435779817,2.32599960924065,0.05156654227811234,-0.05156654227811234,1.0,0.4485294117647059,0.10136998475044512,0.016059027777777776,0.03192108698615045,1744.0,0.44954128440366975,0.07912844036697246,0.29701834862385323,0.9422982513316107
large_long,rotatable_xlink,r0010,6.7,pulse_06,3.999326146788991,2.20741849437641,0.04976400010796408,-0.04976400010796408,1.0,0.4157303370786517,0.11568744045178937,0.016493055555555556,0.04099190859367341,1744.0,0.43348623853211016,0.08371559633027523,0.2924311926605504,0.9455784424651988
large_long,rotatable_xlink,r0010,6.75,pulse_06,3.8582514351320323,2.0800481576786094,0.04067138803161326,-0.04067138803161326,1.0,0.4090909090909091,0.08510368594101866,0.016558159722222222,0.045975407761954745,1742.0,0.4202066590126292,0.08151549942594719,0.29276693455797936,0.9455398054488832
large_long,rotatable_xlink,r0010,6.8,pulse_06,3.7552978185993116,1.9315660478046817,0.025674607004764056,-0.025674607004764056,1.0,0.44294003868471954,0.07166231332244823,0.01644965277777778,0.022321695516811808,1742.0,0.42135476463834676,0.08266360505166476,0.30080367393800234,0.9460943975733581
large_long,rotatable_xlink,r0010,6.85,pulse_06,3.704203793103448,1.9461179845777385,0.003999252408640963,-0.003999252408640963,1.0,0.44015444015444016,0.08941743618267242,0.0162109375,0.024082616106330185,1740.0,0.4183908045977012,0.0850574712643678,0.3091954022988505,0.9451159062582173
large_long,rotatable_xlink,r0010,6.9,pulse_06,3.7313023041474658,2.076061744442663,0.0006871639758155487,-0.0006871639758155487,1.0,0.42314990512333966,0.12083325058678455,0.016167534722222224,0.027052884787147253,1736.0,0.4216589861751153,0.08179723502304148,0.3052995391705069,0.941592494916416
large_long,rotatable_xlink,r0010,6.95,pulse_06,3.7000808092485546,2.108435293300622,0.009493790830455465,-0.009493790830455465,1.0,0.4220532319391635,0.08737311707983143,0.016276041666666668,0.0005354315766499251,1730.0,0.4196531791907515,0.08092485549132947,0.3098265895953757,0.9442964884265957
large_long,rotatable_xlink,r0010,7.0,pulse_06,3.674339559164733,2.0728491549827632,0.008580416694607221,-0.008580416694607221,1.0,0.40384615384615385,0.15640407516671487,0.016319444444444445,0.011862046105952947,1724.0,0.4083526682134571,0.08004640371229697,0.3143851508120649,0.9472001713649962
large_long,rotatable_xlink,r0010,7.05,pulse_07,4.146925403659849,2.4584196538149468,0.008845622203473921,0.008845622203473921,1.0,0.46987951807228917,0.10360598190149453,0.017274305555555557,0.0010285630066223146,1858.0,0.45102260495156077,0.07319698600645855,0.2895586652314316,0.9412048821181752
large_long,rotatable_xlink,r0010,7.1,pulse_07,4.173462270270271,2.45533396479508,0.008973953127836628,0.008973953127836628,1.0,0.48700173310225303,0.09936427433998724,0.017513020833333334,0.002878764080699906,1850.0,0.44972972972972974,0.07027027027027027,0.28756756756756763,0.94172241395645
large_long,rotatable_xlink,r0010,7.15,pulse_07,4.200769122426869,2.4411470693307473,0.011181496395418211,0.011181496395418211,1.0,0.49825783972125437,0.08522593866144011,0.01740451388888889,0.018741272235763162,1846.0,0.4496208017334779,0.06608884073672806,0.2860238353196099,0.9428647300355261
large_long,rotatable_xlink,r0010,7.2,pulse_07,4.24055124864278,2.567781598209659,0.005178823798420347,0.005178823798420347,1.0,0.5026269702276708,0.11773744662840803,0.017144097222222224,0.024344296439878937,1842.0,0.4495114006514659,0.06623235613463628,0.2823018458197612,0.9426370439144878
large_long,rotatable_xlink,r0010,7.25,pulse_07,4.231842065217391,2.587212847970021,0.0028975994114778616,-0.0028975994114778616,1.0,0.5140845070422535,0.0927163687501577,0.0171875,0.00507154052534838,1840.0,0.45,0.06413043478260869,0.2858695652173913,0.9401023245974519
large_long,rotatable_xlink,r0010,7.3,pulse_07,4.223165652173913,2.598210841361749,0.000624565217391293,0.000624565217391293,1.0,0.47703180212014135,0.09741928260183463,0.017100694444444446,0.007041591840991179,1840.0,0.45108695652173914,0.06413043478260869,0.2847826086956521,0.940022022049981
large_long,rotatable_xlink,r0010,7.35,pulse_07,4.235589456521739,2.629462399015968,0.004401298651983983,-0.004401298651983983,1.0,0.48853615520282184,0.08886227183790307,0.017643229166666666,0.008793679140008651,1840.0,0.4531590413943355,0.06318082788671024,0.2843137254901961,0.9416576352132707
large_long,rotatable_xlink,r0010,7.4,pulse_07,4.196757860262009,2.650972916201801,0.010770804616796395,-0.010770804616796395,1.0,0.5044883303411131,0.08821302414906754,0.01723090277777778,0.0017918405652105711,1832.0,0.44104803493449796,0.06550218340611355,0.28602620087336245,0.9403787601635302
large_long,rotatable_xlink,r0010,7.45,pulse_07,4.17096462882096,2.6187113556247046,0.00311908973727378,0.00311908973727378,1.0,0.49818181818181817,0.08433135409103779,0.01720920138888889,0.005095403668733844,1832.0,0.44104803493449785,0.06222707423580787,0.2893013100436681,0.9396844312657079
large_long,rotatable_xlink,r0010,7.5,pulse_07,4.215472398685652,2.681545338214204,0.0016795009334678035,-0.0016795009334678035,1.0,0.5045537340619308,0.060112692696589094,0.01720920138888889,0.025633685984078818,1826.0,0.4403066812705368,0.05585980284775467,0.2858707557502739,0.9395506011353137
large_long,rotatable_xlink,r0010,7.55,pulse_07,4.1608876232201535,2.7725134715291775,0.007181352161894268,-0.007181352161894268,1.0,0.506398537477148,0.1020464780332435,0.017144097222222224,0.032899224187792044,1826.0,0.4375,0.06359649122807018,0.28728070175438597,0.9418683718963702
large_long,rotatable_xlink,r0010,7.6,pulse_07,4.172384285714286,2.8789406833409563,0.006471170726156513,0.006471170726156513,1.0,0.5166051660516605,0.10691452990269988,0.017144097222222224,0.024121423270329068,1820.0,0.43956043956043966,0.056043956043956046,0.2868131868131868,0.9375596968634655
large_long,rotatable_xlink,r0010,7.65,pulse_07,4.199714647577093,2.917242011151152,0.009464105035819514,0.009464105035819514,1.0,0.49814126394052044,0.06844628661227434,0.01697048611111111,0.011870566483788666,1816.0,0.4361233480176212,0.05506607929515419,0.28303964757709255,0.9391809501371837
large_long,rotatable_xlink,r0010,7.7,pulse_07,4.229168915929203,2.9501640822436883,0.004657935363143739,-0.004657935363143739,1.0,0.5335820895522388,0.094408767434874,0.01723090277777778,0.011682247039462043,1808.0,0.43694690265486713,0.053097345132743355,0.28097345132743357,0.9385240748860312
large_long,rotatable_xlink,r0010,7.75,pulse_07,4.17176703539823,2.987335493387924,0.006225861450137001,-0.006225861450137001,1.0,0.5075187969924813,0.07338289516583088,0.016883680555555555,0.002878206730538402,1808.0,0.4347345132743364,0.058628318584070784,0.2820796460176991,0.9385235062860029
large_long,rotatable_xlink,r0010,7.8,pulse_07,4.191813747228381,2.9674333226269187,0.00043598738118655334,-0.00043598738118655334,1.0,0.4691588785046729,0.10531841288795074,0.016644965277777778,0.042463355846598404,1804.0,0.43458980044345896,0.05432372505543237,0.2838137472283814,0.9367854830401529
large_long,rotatable_xlink,r0010,7.85,pulse_07,4.169151111111111,2.7325553583083337,0.005393948601838024,-0.005393948601838024,1.0,0.4446529080675422,0.13017676363592204,0.017035590277777776,0.053638044134237006,1800.0,0.43318485523385286,0.05345211581291759,0.29175946547884185,0.9353885060127847
large_long,rotatable_xlink,r0010,7.9,pulse_07,4.159450055617353,2.6456050578214967,0.00029920151777599696,-0.00029920151777599696,1.0,0.4377358490566038,0.09213647722289768,0.016710069444444444,0.006594741339050951,1798.0,0.4282536151279198,0.05116796440489433,0.29032258064516125,0.9347881901860884
large_long,rotatable_xlink,r0010,7.95,pulse_07,4.167355902004455,2.692986910274028,0.004295893740474603,0.004295893740474603,1.0,0.44150943396226416,0.1049533229000066,0.016796875,0.00859775978080705,1796.0,0.4276169265033408,0.052338530066815145,0.2906458797327394,0.934117736266842
large_long,rotatable_xlink,r0010,8.0,pulse_07,4.185225418060201,2.697191616506339,0.0059565053519152755,0.0059565053519152755,1.0,0.4524714828897338,0.0670546967901822,0.016905381944444443,0.0014015687441036502,1794.0,0.4269788182831662,0.05128205128205128,0.29208472686733555,0.9335355311610433
small_long,nomotor_xlink,r0011,0.0,initial,-1.9954117647058822,-0.26033286866819283,0.2797309056956115,0.2797309056956115,1.0,-0.6,0.0,0.00030381944444444445,0.191428471615289,34.0,0.058823529411764705,0.47058823529411764,0.7058823529411764,0.5464823939931511
small_long,nomotor_xlink,r0011,0.05,initial,-1.1562190476190477,0.3139525461776742,0.14320473856209148,0.14320473856209148,1.0,-0.2,0.468980479700775,0.00034722222222222224,0.09381047765983334,42.0,0.09523809523809523,0.3333333333333333,0.6190476190476191,0.6137652729416043
small_long,nomotor_xlink,r0011,0.1,initial,-1.1361833333333333,0.3025299972908072,0.09702240537240538,0.09702240537240538,1.0,-0.2,0.0704019909913733,0.0004557291666666667,0.03885185734347631,48.0,0.08333333333333334,0.29166666666666663,0.625,0.6593393299467377
small_long,nomotor_xlink,r0011,0.15000000000000002,initial,-0.5740846153846154,0.5470636902385321,0.15466452991452992,0.15466452991452992,1.0,-0.1111111111111111,0.3740483844068357,0.0005425347222222222,0.05620479382798824,52.0,0.15384615384615383,0.23076923076923075,0.5769230769230769,0.71917831016962
small_long,nomotor_xlink,r0011,0.2,initial,-0.20819615384615384,0.6397587602587367,0.1322326923076923,0.1322326923076923,1.0,0.0,0.3532209253794271,0.00047743055555555554,0.023931601638431093,52.0,0.15384615384615385,0.19230769230769232,0.5,0.6948429884865768
small_long,nomotor_xlink,r0011,0.25,initial,0.21931153846153845,0.6906533000691186,0.14187062334217507,0.14187062334217507,1.0,0.0,0.1837091498401676,0.0004557291666666667,0.008982599560555951,52.0,0.19230769230769232,0.15384615384615385,0.46153846153846156,0.7070106493280984
small_long,nomotor_xlink,r0011,0.30000000000000004,initial,0.6430275862068966,0.585863162895401,0.09613242035742035,0.09613242035742035,1.0,-0.2857142857142857,0.18588815621282548,0.0006076388888888889,0.0033749796653063844,58.0,0.20689655172413796,0.10344827586206898,0.41379310344827597,0.7357066346839402
small_long,nomotor_xlink,r0011,0.35000000000000003,initial,0.7961060606060606,0.6704034220772803,0.15433892081736908,0.15433892081736908,1.0,-0.17647058823529413,0.25814392349307663,0.0006727430555555556,0.007875053266379828,66.0,0.24242424242424243,0.09090909090909091,0.39393939393939403,0.7655418546441192
small_long,nomotor_xlink,r0011,0.4,initial,1.569061111111111,0.6331134824936799,0.13200293726741097,0.13200293726741097,1.0,0.0,0.07319522183689914,0.0006727430555555556,0.01200616506652565,72.0,0.33333333333333326,0.02777777777777778,0.36111111111111105,0.7826256017086579
small_long,nomotor_xlink,r0011,0.45,initial,1.5881236842105264,0.5983664316781264,0.01942314814814816,0.01942314814814816,1.0,0.047619047619047616,0.25283625257660275,0.0007378472222222222,0.011354454275209388,76.0,0.3421052631578947,0.05263157894736842,0.36842105263157887,0.7801635775876775
small_long,nomotor_xlink,r0011,0.5,initial,1.6856,0.5649867568424236,0.07456549707602345,0.07456549707602345,1.0,0.09090909090909091,0.19560648026562955,0.0008029513888888889,0.0010630507285922148,78.0,0.3589743589743589,0.05128205128205128,0.3333333333333333,0.7518632836217605
small_long,nomotor_xlink,r0011,0.55,initial,2.035516666666667,0.6047447360496797,0.07049814814814807,0.07049814814814807,1.0,0.15384615384615385,0.07187387342903215,0.0008680555555555555,0.0050436725419765556,84.0,0.40476190476190477,0.047619047619047616,0.35714285714285715,0.7851633108926988
small_long,nomotor_xlink,r0011,0.6000000000000001,initial,2.1085888888888884,0.5347247215905643,0.06785980725623575,0.06785980725623575,1.0,0.15384615384615385,0.14773726081966002,0.0008029513888888889,0.0020737727140564544,90.0,0.4,0.02222222222222222,0.33333333333333337,0.7402947721041455
small_long,nomotor_xlink,r0011,0.65,initial,2.4426755102040816,0.592302099765341,0.06795250544662317,0.06795250544662317,1.0,0.21428571428571427,0.13481555617592314,0.0009765625,0.008922542064284611,98.0,0.44897959183673464,0.020408163265306124,0.26530612244897955,0.783977177467574
small_long,nomotor_xlink,r0011,0.7000000000000001,initial,2.5163039215686274,0.5882599739762719,0.02748432854623332,0.02748432854623332,1.0,0.2903225806451613,0.16533487825276136,0.0010416666666666667,0.0043962665927130455,102.0,0.47058823529411775,0.019607843137254905,0.2549019607843138,0.8328893787570859
small_long,nomotor_xlink,r0011,0.75,initial,2.6075814814814815,0.5659245002090627,0.022492376708259137,0.022492376708259137,1.0,0.2727272727272727,0.12596348059988885,0.0010416666666666667,0.0037490411989642793,108.0,0.4814814814814814,0.037037037037037035,0.2592592592592592,0.81214718613245
small_long,nomotor_xlink,r0011,0.8,initial,2.651258181818182,0.5657657267824863,0.021248026895943628,0.021248026895943628,1.0,0.35294117647058826,0.10035090012187847,0.0011067708333333333,0.0047046714234168325,110.0,0.509090909090909,0.03636363636363636,0.27272727272727276,0.8008632955009354
small_long,nomotor_xlink,r0011,0.8500000000000001,initial,2.7350696428571433,0.5941525287495637,0.01526954279638478,0.01526954279638478,1.0,0.40540540540540543,0.2592534738973406,0.0011067708333333333,0.003920242758648107,112.0,0.4999999999999999,0.03571428571428571,0.25,0.7879242154731363
small_long,nomotor_xlink,r0011,0.9,initial,2.742875438596491,0.5422442702305976,0.010880337301587181,0.010880337301587181,1.0,0.40540540540540543,0.20390688866322826,0.0010633680555555555,0.0003247465612428539,114.0,0.5087719298245614,0.017543859649122806,0.2631578947368421,0.7887058306105951
small_long,nomotor_xlink,r0011,0.9500000000000001,initial,2.8003516666666664,0.5922040493821066,0.00487048245614045,0.00487048245614045,1.0,0.25,0.20670015724020863,0.0012152777777777778,0.0047770694572946875,120.0,0.5333333333333332,0.03333333333333333,0.24999999999999994,0.8169556978831037
small_long,nomotor_xlink,r0011,1.0,initial,2.7720983333333336,0.5709066869743658,0.0094177777777776,-0.0094177777777776,1.0,0.25,0.15241273032775224,0.001171875,0.007099120802580276,120.0,0.5254237288135594,0.03389830508474576,0.2542372881355932,0.8118400676612134
small_long,nomotor_xlink,r0011,1.05,pulse_01,3.236647058823529,0.71629930117436,0.013227036730185215,0.013227036730185215,1.0,0.375,0.24878094252501662,0.001388888888888889,0.016859298092923154,136.0,0.5735294117647058,0.029411764705882353,0.22058823529411767,0.7957205020223823
small_long,nomotor_xlink,r0011,1.1,pulse_01,3.276328169014085,0.6657214068955906,0.007043777233115482,0.007043777233115482,1.0,0.46938775510204084,0.134873079934244,0.0014539930555555556,0.007454781876498469,142.0,0.6056338028169014,0.028169014084507043,0.21126760563380284,0.7879935735921471
small_long,nomotor_xlink,r0011,1.15,pulse_01,3.278909722222222,0.6715706099153692,0.008914224083238128,0.008914224083238128,1.0,0.5,0.11948880140567539,0.0014105902777777778,0.0029218795239491966,144.0,0.611111111111111,0.02777777777777778,0.22222222222222218,0.7795848671317653
small_long,nomotor_xlink,r0011,1.2,pulse_01,3.3298135135135136,0.6481901297518954,0.013387490740740674,0.013387490740740674,1.0,0.5185185185185185,0.1954990702399279,0.001540798611111111,0.002322297289581906,148.0,0.6216216216216215,0.040540540540540536,0.2297297297297297,0.8071079471505543
small_long,nomotor_xlink,r0011,1.25,pulse_01,3.359234666666666,0.6855043936528606,0.015419238975817873,0.015419238975817873,1.0,0.5185185185185185,0.20483130261310192,0.0014973958333333334,0.008731748279516985,150.0,0.6133333333333333,0.04,0.19999999999999998,0.8264929799691199
small_long,nomotor_xlink,r0011,1.3,pulse_01,3.422328947368421,0.7005806194289973,0.022517218002813033,0.022517218002813033,1.0,0.5087719298245614,0.04440464034998209,0.0014322916666666666,0.010060503588445643,152.0,0.6133333333333334,0.04,0.21333333333333332,0.8218536127650995
small_long,nomotor_xlink,r0011,1.35,pulse_01,3.4943379746835443,0.7458674151835345,0.005139479236064837,0.005139479236064837,1.0,0.5254237288135594,0.04188906775618659,0.001540798611111111,0.014444315529207089,158.0,0.6282051282051282,0.05128205128205128,0.20512820512820512,0.843081093620715
small_long,nomotor_xlink,r0011,1.4,pulse_01,3.45316582278481,0.7872465126042398,0.01818544303797472,-0.01818544303797472,1.0,0.5357142857142857,0.03570417898122782,0.001584201388888889,0.006657398652824165,158.0,0.6075949367088606,0.050632911392405056,0.20253164556962022,0.8296418202015876
small_long,nomotor_xlink,r0011,1.45,pulse_01,3.385225316455696,0.7858118071004795,0.004543686513517701,-0.004543686513517701,1.0,0.5254237288135594,0.07137567450413246,0.0016059027777777777,0.0028527706927969354,158.0,0.6075949367088607,0.0632911392405063,0.2151898734177215,0.8364693910277156
small_long,nomotor_xlink,r0011,1.5,pulse_01,3.4259037037037037,0.7701298884474582,0.028690760510396096,0.028690760510396096,1.0,0.5254237288135594,0.048610066273240986,0.0016710069444444444,0.0017939794776224243,162.0,0.617283950617284,0.04938271604938272,0.2098765432098766,0.8461417262691016
small_long,nomotor_xlink,r0011,1.55,pulse_01,3.5573698795180726,0.796575683966214,0.020870612874779537,0.020870612874779537,1.0,0.5409836065573771,0.11581974797798504,0.001736111111111111,0.007877649320176741,166.0,0.6385542168674699,0.04819277108433735,0.2048192771084337,0.8379751565131319
small_long,nomotor_xlink,r0011,1.6,pulse_01,3.551127380952381,0.7228639925263978,0.01739678253242845,0.01739678253242845,1.0,0.5483870967741935,0.136421978147424,0.0016059027777777777,0.017867466428787504,168.0,0.6309523809523809,0.047619047619047616,0.20238095238095238,0.8176072632835584
small_long,nomotor_xlink,r0011,1.65,pulse_01,3.6617505747126433,0.689370885393489,0.025255284992785027,0.025255284992785027,1.0,0.5692307692307692,0.10643035579456088,0.0016927083333333334,0.009884098808266387,174.0,0.627906976744186,0.046511627906976744,0.19767441860465115,0.8157289379746057
small_long,nomotor_xlink,r0011,1.7000000000000002,pulse_01,3.702659090909091,0.6635593996767994,0.0008923306339253904,-0.0008923306339253904,1.0,0.6,0.14691494418390222,0.0017144097222222222,0.013382428996330575,176.0,0.6321839080459772,0.04597701149425288,0.18390804597701152,0.8410567888697348
small_long,nomotor_xlink,r0011,1.75,pulse_01,3.656396590909091,0.6090763114155056,0.017561363636363698,-0.017561363636363698,1.0,0.5757575757575758,0.06657115979804991,0.0016927083333333334,0.006969643513840977,176.0,0.6477272727272726,0.03409090909090909,0.19318181818181818,0.8297885549957006
small_long,nomotor_xlink,r0011,1.8,pulse_01,3.597290909090909,0.6217415385937536,0.00868982744107738,0.00868982744107738,1.0,0.5757575757575758,0.10691681711236571,0.001736111111111111,0.0023811917518641126,176.0,0.6477272727272726,0.05681818181818181,0.19318181818181812,0.8261935642925238
small_long,nomotor_xlink,r0011,1.85,pulse_01,3.7085355555555553,0.5947891609043209,0.007976057276057288,0.007976057276057288,1.0,0.5882352941176471,0.06290757711553892,0.0018229166666666667,0.0002513120014568937,180.0,0.6333333333333334,0.05555555555555556,0.18888888888888894,0.8248733168739002
small_long,nomotor_xlink,r0011,1.9,pulse_01,3.6451472527472526,0.623249410602495,0.013541090761090594,-0.013541090761090594,1.0,0.5942028985507246,0.10142882169040932,0.0018663194444444445,8.37461737807077e-06,182.0,0.6263736263736265,0.05494505494505495,0.19780219780219785,0.8205023024422118
small_long,nomotor_xlink,r0011,1.9500000000000002,pulse_01,3.6272890109890117,0.5947389132000525,0.013252747252747277,-0.013252747252747277,1.0,0.5942028985507246,0.09857419571788839,0.0017795138888888889,0.000909108397464257,182.0,0.6263736263736264,0.05494505494505495,0.19780219780219785,0.8235139610792989
small_long,nomotor_xlink,r0011,2.0,pulse_01,3.565630769230769,0.6177947602177094,0.020552747252747583,-0.020552747252747583,1.0,0.5942028985507246,0.050665709321829795,0.0016927083333333334,0.0076852823392189835,182.0,0.6263736263736265,0.05494505494505495,0.19780219780219785,0.8269904356054479
small_long,nomotor_xlink,r0011,2.05,pulse_02,3.8689459183673462,0.2941146881800363,0.006796938775510093,-0.006796938775510093,1.0,0.6578947368421053,0.12013739193651803,0.0018663194444444445,0.014962587666345062,196.0,0.663265306122449,0.04081632653061225,0.17346938775510198,0.8298172656354224
small_long,nomotor_xlink,r0011,2.1,pulse_02,3.848555102040816,0.33900245117907146,0.009363824602005874,0.009363824602005874,1.0,0.6578947368421053,0.05028312830847075,0.0018663194444444445,0.0004549399604440914,196.0,0.663265306122449,0.04081632653061225,0.18367346938775508,0.8228548107417635
small_long,nomotor_xlink,r0011,2.15,pulse_02,3.9251288659793815,0.29138504841737173,0.016023634195946473,0.016023634195946473,1.0,0.68,0.041897051260202225,0.0018880208333333333,0.0032736033928795205,194.0,0.6597938144329897,0.030927835051546393,0.16494845360824742,0.8211417991737782
small_long,nomotor_xlink,r0011,2.2,pulse_02,3.944696907216495,0.31936083082179434,0.015344841781214313,0.015344841781214313,1.0,0.68,0.05918186775286381,0.0018880208333333333,0.0044603288511189205,194.0,0.6597938144329897,0.030927835051546393,0.16494845360824745,0.8315887816015907
small_long,nomotor_xlink,r0011,2.25,pulse_02,4.017197916666667,0.2646230753106582,0.010435237686139779,0.010435237686139779,1.0,0.5789473684210527,0.11848355385646711,0.0018663194444444445,0.012577056673518855,192.0,0.6666666666666666,0.020833333333333336,0.15625000000000003,0.8160197319277877
small_long,nomotor_xlink,r0011,2.3,pulse_02,4.0073083333333335,0.2438984907806812,0.0058276041666668705,-0.0058276041666668705,1.0,0.5789473684210527,0.048970212185758075,0.0019097222222222222,0.010595281696433529,192.0,0.6562500000000001,0.010416666666666668,0.16666666666666669,0.8001433254364012
small_long,nomotor_xlink,r0011,2.35,pulse_02,3.982232291666666,0.20105138513205703,0.006965798611111129,-0.006965798611111129,1.0,0.5733333333333334,0.0385149630045186,0.0018229166666666667,0.011179113695677109,192.0,0.65625,0.010416666666666668,0.16666666666666669,0.8132029720213552
small_long,nomotor_xlink,r0011,2.4,pulse_02,3.9655135416666667,0.17682380860661856,0.01423159722222215,-0.01423159722222215,1.0,0.5675675675675675,0.023177130482806577,0.0018880208333333333,0.0020836741613297536,192.0,0.65625,0.020833333333333336,0.16666666666666669,0.8233226916930639
small_long,nomotor_xlink,r0011,2.45,pulse_02,3.8968427083333332,0.21355343010003555,0.00953819444444437,-0.00953819444444437,1.0,0.5789473684210527,0.043186744863817676,0.0019314236111111112,0.010224541332503995,192.0,0.6666666666666667,0.03125,0.16666666666666669,0.8060265194878868
small_long,nomotor_xlink,r0011,2.5,pulse_02,3.9082843750000005,0.23817105660164253,0.0106154513888889,-0.0106154513888889,1.0,0.5844155844155844,0.08634952127171783,0.0019314236111111112,0.005545870455727668,192.0,0.6666666666666667,0.03125,0.16666666666666669,0.7982608184834855
small_long,nomotor_xlink,r0011,2.55,pulse_02,3.83315,0.24682865283440156,0.0072923611111111635,-0.0072923611111111635,1.0,0.6216216216216216,0.07092267327431688,0.0018880208333333333,0.006060729623726266,192.0,0.6562500000000002,0.03125,0.16666666666666669,0.8093219276324656
small_long,nomotor_xlink,r0011,2.6,pulse_02,3.8645302083333335,0.20180667885928494,0.00010920138888888727,0.00010920138888888727,1.0,0.5945945945945946,0.04070037077318038,0.0018663194444444445,0.01057593802709055,192.0,0.65625,0.03125,0.16666666666666669,0.8215576494950629
small_long,nomotor_xlink,r0011,2.65,pulse_02,3.833805208333333,0.18337302467185826,0.0010644389619882677,0.0010644389619882677,1.0,0.6111111111111112,0.05393940211628855,0.0018880208333333333,0.0011910954364389114,192.0,0.6562500000000001,0.04166666666666667,0.16666666666666669,0.8300091102278113
small_long,nomotor_xlink,r0011,2.7,pulse_02,3.870916842105263,0.2089532514779184,0.005229307383040875,0.005229307383040875,1.0,0.5555555555555556,0.029519296679032622,0.001953125,0.004748593685745002,190.0,0.663157894736842,0.021052631578947368,0.15789473684210525,0.8433692450622086
small_long,nomotor_xlink,r0011,2.75,pulse_02,3.8651810526315784,0.21186458678632827,0.01133508771929829,-0.01133508771929829,1.0,0.5428571428571428,0.052005784634406686,0.0019314236111111112,0.0028842399471055388,190.0,0.6631578947368418,0.021052631578947368,0.16842105263157894,0.8415438061404704
small_long,nomotor_xlink,r0011,2.8,pulse_02,3.8029063157894734,0.19164781179528517,0.012841578947368296,-0.012841578947368296,1.0,0.5555555555555556,0.0646712376210784,0.001953125,0.009830988903987764,190.0,0.6526315789473685,0.031578947368421054,0.16842105263157894,0.8212073784785143
small_long,nomotor_xlink,r0011,2.85,pulse_02,3.7881315789473686,0.1528786533624017,0.012927543859649152,-0.012927543859649152,1.0,0.5555555555555556,0.10269616805891782,0.0018880208333333333,0.000262946449527147,190.0,0.6421052631578947,0.021052631578947368,0.16842105263157892,0.8121414510283785
small_long,nomotor_xlink,r0011,2.9,pulse_02,3.7253410526315784,0.1900701330981223,0.002279731243001182,-0.002279731243001182,1.0,0.5555555555555556,0.09853540874380164,0.0017578125,0.010223703640768689,190.0,0.631578947368421,0.031578947368421054,0.16842105263157894,0.8297744634272505
small_long,nomotor_xlink,r0011,2.95,pulse_02,3.7744531914893615,0.21422087520701383,0.007751313923105648,0.007751313923105648,1.0,0.5588235294117647,0.036750773455803076,0.0019097222222222222,0.006299437110706736,188.0,0.6344086021505375,0.021505376344086023,0.16129032258064516,0.818747110394723
small_long,nomotor_xlink,r0011,3.0,pulse_02,3.7718489361702123,0.15227351043388188,0.0008680851063830689,-0.0008680851063830689,1.0,0.5714285714285714,0.10841926128471822,0.0018012152777777779,0.020649121591043984,188.0,0.6382978723404255,0.02127659574468085,0.15957446808510642,0.8256591443876977
small_long,nomotor_xlink,r0011,3.05,pulse_03,3.8841137254901956,0.14740689201095708,0.00226699346405231,0.00226699346405231,1.0,0.6103896103896104,0.10527033272253208,0.001953125,0.006696111635394584,204.0,0.6666666666666666,0.0196078431372549,0.14705882352941177,0.8304874138812132
small_long,nomotor_xlink,r0011,3.1,pulse_03,3.8909147058823526,0.12731855710477333,0.0036442810457514665,-0.0036442810457514665,1.0,0.6103896103896104,0.05452743735597198,0.0020616319444444445,0.006389903743508754,204.0,0.6764705882352942,0.009803921568627453,0.14705882352941183,0.8153467522699758
small_long,nomotor_xlink,r0011,3.15,pulse_03,3.862248039215687,0.10906746954990455,0.004403921568627345,-0.004403921568627345,1.0,0.6052631578947368,0.11127930875509329,0.0019314236111111112,0.0034579896334670603,204.0,0.6666666666666666,0.00980392156862745,0.1470588235294118,0.8247347851273201
small_long,nomotor_xlink,r0011,3.2,pulse_03,3.8644911764705885,0.1480664949055757,0.007009150326797349,-0.007009150326797349,1.0,0.6,0.123561201976998,0.001953125,0.005180279006358107,204.0,0.6568627450980392,0.00980392156862745,0.14705882352941177,0.8331243662757876
small_long,nomotor_xlink,r0011,3.25,pulse_03,3.8201931372549027,0.1401491435880532,0.0104689542483661,-0.0104689542483661,1.0,0.6,0.08864376489164986,0.0018880208333333333,0.0025701734043125785,204.0,0.676470588235294,0.0196078431372549,0.14705882352941174,0.8342950309453735
small_long,nomotor_xlink,r0011,3.3,pulse_03,3.801677450980392,0.16348753533145116,0.009918800556526127,0.009918800556526127,1.0,0.6,0.11946887097750941,0.0019097222222222222,0.010303739011240843,204.0,0.6568627450980392,0.019607843137254905,0.1470588235294118,0.834270199182765
small_long,nomotor_xlink,r0011,3.35,pulse_03,3.8797059405940595,0.20197157765549825,0.004335441338251404,0.004335441338251404,1.0,0.5733333333333334,0.0738944397588084,0.002018229166666667,0.001201101451938802,202.0,0.6633663366336634,0.009900990099009901,0.1386138613861386,0.8269470448736527
small_long,nomotor_xlink,r0011,3.4,pulse_03,3.8276900990099003,0.17069414404308397,0.01384653465346545,-0.01384653465346545,1.0,0.5844155844155844,0.06469512662649304,0.0019097222222222222,0.0007745633675350175,202.0,0.6633663366336635,0.009900990099009901,0.13861386138613863,0.8057953539205547
small_long,nomotor_xlink,r0011,3.45,pulse_03,3.796626732673267,0.20661895786070836,0.00928151815181518,-0.00928151815181518,1.0,0.5844155844155844,0.11540382847466088,0.001974826388888889,0.009568317416719577,202.0,0.6633663366336635,0.009900990099009901,0.13861386138613863,0.8283512363503174
small_long,nomotor_xlink,r0011,3.5,pulse_03,3.7720009900990092,0.22810404854340144,0.005621947194719423,-0.005621947194719423,1.0,0.5641025641025641,0.14623769684726914,0.0018880208333333333,0.0041242713715332335,202.0,0.6534653465346535,0.009900990099009901,0.1386138613861386,0.8218647620275006
small_long,nomotor_xlink,r0011,3.55,pulse_03,3.7628950495049502,0.18187332963150896,0.0011371287128712677,-0.0011371287128712677,1.0,0.5641025641025641,0.05778269847939299,0.001974826388888889,0.0028065466033758237,202.0,0.6534653465346534,0.009900990099009901,0.13861386138613863,0.8257898670864083
small_long,nomotor_xlink,r0011,3.6,pulse_03,3.7651782178217816,0.2112647689231465,0.001227279492655257,-0.001227279492655257,1.0,0.5584415584415584,0.052626223450932,0.0019097222222222222,0.0003578758782475007,202.0,0.6633663366336634,0.009900990099009901,0.1386138613861386,0.8241384033841238
small_long,nomotor_xlink,r0011,3.65,pulse_03,3.7555313725490187,0.18402058490099396,0.002697840225198922,-0.002697840225198922,1.0,0.5897435897435898,0.11301382311243283,0.0018880208333333333,0.002733090851787338,204.0,0.6568627450980393,0.009803921568627453,0.13725490196078433,0.8208729932531673
small_long,nomotor_xlink,r0011,3.7,pulse_03,3.748991176470588,0.19486622381242247,0.0020866013071894804,-0.0020866013071894804,1.0,0.5897435897435898,0.16188875346646536,0.001974826388888889,0.0030706149964820537,204.0,0.6568627450980392,0.0196078431372549,0.13725490196078433,0.8116625453005086
small_long,nomotor_xlink,r0011,3.75,pulse_03,3.743011764705882,0.20244427487988628,0.0070614379084967815,-0.0070614379084967815,1.0,0.5584415584415584,0.13712230483528412,0.0020399305555555557,0.0045891765584920585,204.0,0.6470588235294118,0.009803921568627453,0.13725490196078433,0.8346448288107684
small_long,nomotor_xlink,r0011,3.8,pulse_03,3.7066225490196074,0.16733116446147012,0.0038089869281046074,0.0038089869281046074,1.0,0.5897435897435898,0.13786306188556308,0.0019314236111111112,0.00899608031109179,204.0,0.6372549019607845,0.019607843137254905,0.13725490196078433,0.8207832706706137
small_long,nomotor_xlink,r0011,3.85,pulse_03,3.7658656862745095,0.14846779301333554,0.003066339869281102,0.003066339869281102,1.0,0.6,0.12281128189600102,0.001953125,0.0017838106203465949,204.0,0.6470588235294117,0.0196078431372549,0.13725490196078433,0.8176817100639513
small_long,nomotor_xlink,r0011,3.9,pulse_03,3.725020588235294,0.15662830073939055,0.007008660130719028,0.007008660130719028,1.0,0.589041095890411,0.20519871551770963,0.0019965277777777776,0.008282304105281468,204.0,0.6470588235294118,0.019607843137254905,0.13725490196078433,0.8190721349575115
small_long,nomotor_xlink,r0011,3.95,pulse_03,3.8079176470588236,0.19816161764502435,0.017111131734247238,0.017111131734247238,1.0,0.6266666666666667,0.1532111486878305,0.001974826388888889,0.013407461871847192,204.0,0.6568627450980392,0.00980392156862745,0.12745098039215685,0.8159705743508491
small_long,nomotor_xlink,r0011,4.0,pulse_03,3.8276873786407775,0.2370730719704737,0.006589910527317944,0.006589910527317944,1.0,0.6578947368421053,0.192266213188031,0.0020616319444444445,0.012970484775149782,206.0,0.6601941747572814,0.019417475728155338,0.1262135922330097,0.8180745688152642
small_long,nomotor_xlink,r0011,4.05,pulse_04,3.8078935185185183,0.27582293369249966,0.01219032248759655,0.01219032248759655,1.0,0.6578947368421053,0.17135437529802927,0.0022135416666666666,0.01876542132095413,216.0,0.6666666666666665,0.018518518518518517,0.12037037037037035,0.8225315804609679
small_long,nomotor_xlink,r0011,4.1,pulse_04,3.844464485981308,0.21952666972963727,0.004604507038190893,0.004604507038190893,1.0,0.5789473684210527,0.1793557218963299,0.002126736111111111,0.00538358689104416,214.0,0.6542056074766356,0.0,0.12149532710280375,0.8159123047570751
small_long,nomotor_xlink,r0011,4.15,pulse_04,3.8355205607476637,0.2435214123462347,0.010014485981308349,-0.010014485981308349,1.0,0.6103896103896104,0.17807975564949963,0.0020399305555555557,0.004657080168011252,214.0,0.6635514018691591,0.009345794392523366,0.11214953271028039,0.8192260561957285
small_long,nomotor_xlink,r0011,4.2,pulse_04,3.784377570093458,0.24746915073770478,0.010609190031152535,-0.010609190031152535,1.0,0.5584415584415584,0.1999504792828616,0.002105034722222222,0.011723787588596555,214.0,0.6542056074766357,0.009345794392523366,0.12149532710280375,0.8255542376028218
small_long,nomotor_xlink,r0011,4.25,pulse_04,3.7718654205607485,0.31386413787781403,0.0003372274143302138,-0.0003372274143302138,1.0,0.5844155844155844,0.18076916663041878,0.0021484375,0.01990041619010571,214.0,0.6542056074766357,0.0,0.12149532710280375,0.8206754690795421
small_long,nomotor_xlink,r0011,4.3,pulse_04,3.7823542056074766,0.36687164787833904,0.0001414330218066547,0.0001414330218066547,1.0,0.5945945945945946,0.13831533841732283,0.0021484375,0.016091858470654058,214.0,0.6542056074766357,0.009345794392523366,0.12149532710280375,0.8167907175244118
small_long,nomotor_xlink,r0011,4.35,pulse_04,3.7727140186915884,0.4104152887017384,0.0016605919003116476,0.0016605919003116476,1.0,0.6,0.1406482253383323,0.0020833333333333333,0.001670317392053024,214.0,0.6635514018691588,0.009345794392523364,0.1308411214953271,0.815373417969928
small_long,nomotor_xlink,r0011,4.4,pulse_04,3.7923177570093465,0.3768935522306572,0.002020249221183823,0.002020249221183823,1.0,0.6216216216216216,0.16262733284030903,0.002105034722222222,0.00044495886326550066,214.0,0.6542056074766356,0.009345794392523366,0.13084112149532712,0.817214085124898
small_long,nomotor_xlink,r0011,4.45,pulse_04,3.7848355140186913,0.4077455355221454,0.0014065420560746371,0.0014065420560746371,1.0,0.6216216216216216,0.2270037997413334,0.0020833333333333333,0.001918592571381365,214.0,0.6542056074766355,0.009345794392523364,0.1308411214953271,0.8418249769655708
small_long,nomotor_xlink,r0011,4.5,pulse_04,3.8007570093457943,0.38840510765894537,0.0017688473520249826,0.0017688473520249826,1.0,0.6,0.1932369852886488,0.002105034722222222,0.00968773711563257,214.0,0.663551401869159,0.009345794392523366,0.12149532710280375,0.8302720764967556
small_long,nomotor_xlink,r0011,4.55,pulse_04,3.7954485981308412,0.34961911282834995,0.011084680832304775,0.011084680832304775,1.0,0.6266666666666667,0.21077501892451028,0.002018229166666667,0.012347370979231784,214.0,0.6728971962616823,0.009345794392523366,0.13084112149532712,0.8212143558666892
small_long,nomotor_xlink,r0011,4.6,pulse_04,3.867265094339623,0.31432088178355466,0.0075426864750484475,0.0075426864750484475,1.0,0.5945945945945946,0.2508256250350202,0.0019965277777777776,0.008666563944921934,212.0,0.6698113207547172,0.0,0.12264150943396226,0.8237677993991174
small_long,nomotor_xlink,r0011,4.65,pulse_04,3.840704716981132,0.29761972915881835,0.006759276729559745,-0.006759276729559745,1.0,0.5733333333333334,0.23088620156785125,0.0020833333333333333,0.005082396084995416,212.0,0.6792452830188679,0.0,0.12264150943396226,0.827445315883224
small_long,nomotor_xlink,r0011,4.7,pulse_04,3.8267094339622645,0.28382650527358216,0.006334591194968449,-0.006334591194968449,1.0,0.6,0.20891530443849188,0.0020616319444444445,0.007005685802825808,212.0,0.6698113207547172,0.0,0.11320754716981132,0.8292512173451351
small_long,nomotor_xlink,r0011,4.75,pulse_04,3.802697169811321,0.2555856143418635,0.0007963836477987337,-0.0007963836477987337,1.0,0.5555555555555556,0.22301485507571694,0.0021484375,0.01685105127183073,212.0,0.6509433962264153,0.0,0.12264150943396226,0.8299244132370269
small_long,nomotor_xlink,r0011,4.8,pulse_04,3.821931132075472,0.18272019764259778,0.004396226415094444,-0.004396226415094444,1.0,0.6164383561643836,0.21071383100141516,0.0019965277777777776,0.008236414994578112,212.0,0.6603773584905662,0.0,0.12264150943396226,0.8459349574053977
small_long,nomotor_xlink,r0011,4.85,pulse_04,3.7763198113207546,0.20616712437439483,0.003978773584905726,-0.003978773584905726,1.0,0.5945945945945946,0.19295334983747695,0.0020833333333333333,0.0036988915738441395,212.0,0.660377358490566,0.009433962264150945,0.12264150943396226,0.8439040054754084
small_long,nomotor_xlink,r0011,4.9,pulse_04,3.7980584905660377,0.20491354708566262,0.012552515723270577,0.012552515723270577,1.0,0.5733333333333334,0.2765058077034814,0.002018229166666667,0.004867158113329916,212.0,0.6320754716981132,0.009433962264150945,0.12264150943396226,0.829678493163416
small_long,nomotor_xlink,r0011,4.95,pulse_04,3.851634905660378,0.17696417569441533,0.008275628930817533,0.008275628930817533,1.0,0.5733333333333334,0.23888263734647697,0.002018229166666667,0.002277440257250088,212.0,0.6415094339622642,0.0,0.11320754716981132,0.8432829400610562
small_long,nomotor_xlink,r0011,5.0,pulse_04,3.847712264150943,0.1912489055421621,0.0013075471698117032,-0.0013075471698117032,1.0,0.5844155844155844,0.248583496573269,0.001974826388888889,0.004761576615915586,212.0,0.6603773584905661,0.009433962264150945,0.12264150943396226,0.8255978419170873
small_long,nomotor_xlink,r0011,5.05,pulse_05,3.87819649122807,0.09229288835643693,0.011455263157894654,0.011455263157894654,1.0,0.6144578313253012,0.276693540758639,0.0022135416666666666,0.008786016942738376,228.0,0.6725663716814159,0.0,0.11504424778761062,0.8378858164485651
small_long,nomotor_xlink,r0011,5.1,pulse_05,3.912562280701754,0.11865093918465205,0.003036111111111165,0.003036111111111165,1.0,0.5853658536585366,0.209251221942656,0.0021484375,0.001599282999350538,228.0,0.6754385964912281,0.0,0.12280701754385963,0.8157358006880543
small_long,nomotor_xlink,r0011,5.15,pulse_05,3.896413157894737,0.10188858635254015,0.013155994152046713,-0.013155994152046713,1.0,0.6,0.17461409685315096,0.0024305555555555556,0.00037159621822576566,228.0,0.6754385964912281,0.0,0.12280701754385963,0.8319027045901486
small_long,nomotor_xlink,r0011,5.2,pulse_05,3.833626315789474,0.12088051649400665,0.00818026315789481,-0.00818026315789481,1.0,0.5897435897435898,0.2629242178832889,0.0023003472222222223,0.0012044721446812605,228.0,0.6842105263157896,0.0,0.11403508771929824,0.8436213661188942
small_long,nomotor_xlink,r0011,5.25,pulse_05,3.8473315789473683,0.10911541922062772,0.0011969298245613953,0.0011969298245613953,1.0,0.575,0.23096059856983003,0.0022569444444444442,0.006407330898110466,228.0,0.6842105263157896,0.0,0.12280701754385966,0.8258429388982645
small_long,nomotor_xlink,r0011,5.3,pulse_05,3.8408078947368423,0.15932450188266944,0.0011432748538011683,0.0011432748538011683,1.0,0.5802469135802469,0.2538401241434525,0.002191840277777778,0.019931428222097876,228.0,0.6842105263157896,0.0,0.11403508771929828,0.8349422899719963
small_long,nomotor_xlink,r0011,5.35,pulse_05,3.8541912280701753,0.22870398855321497,0.006046198830409392,0.006046198830409392,1.0,0.575,0.23449741213204228,0.0022786458333333335,0.0023491782494504954,228.0,0.6842105263157894,0.0,0.11403508771929824,0.8260395664670837
small_long,nomotor_xlink,r0011,5.4,pulse_05,3.8770850877192986,0.14522943238596647,0.001763304093567249,0.001763304093567249,1.0,0.5802469135802469,0.2463939159118844,0.0022352430555555554,0.019215522600588758,228.0,0.6929824561403508,0.0,0.11403508771929824,0.8128443706766116
small_long,nomotor_xlink,r0011,5.45,pulse_05,3.864771052631579,0.11341085294968242,0.002933625730994279,-0.002933625730994279,1.0,0.569620253164557,0.22260919736069054,0.0022569444444444442,0.0017551807116399643,228.0,0.6929824561403507,0.0,0.11403508771929824,0.8146883638784249
small_long,nomotor_xlink,r0011,5.5,pulse_05,3.859483333333333,0.15576051665580626,0.003855994152046849,-0.003855994152046849,1.0,0.6049382716049383,0.19646918566809737,0.0022135416666666666,0.014935421560116674,228.0,0.6842105263157895,0.0,0.12280701754385963,0.8219525442756065
small_long,nomotor_xlink,r0011,5.55,pulse_05,3.8416350877192977,0.20302338231038247,0.002469298245614112,0.002469298245614112,1.0,0.6216216216216216,0.09310577492497885,0.0022352430555555554,0.009355690650605361,228.0,0.6842105263157894,0.0,0.12280701754385966,0.828527924277982
small_long,nomotor_xlink,r0011,5.6,pulse_05,3.8742991228070176,0.21189466055943842,0.004231871345029337,0.004231871345029337,1.0,0.6153846153846154,0.10890131207493568,0.002322048611111111,0.003816364859268002,228.0,0.6754385964912281,0.0,0.11403508771929824,0.833768915684822
small_long,nomotor_xlink,r0011,5.65,pulse_05,3.8670263157894738,0.22592157146599048,0.0067027777777778725,-0.0067027777777778725,1.0,0.6103896103896104,0.1337222191494332,0.002191840277777778,0.009293568599568305,228.0,0.6754385964912281,0.0,0.10526315789473685,0.8299425909736974
small_long,nomotor_xlink,r0011,5.7,pulse_05,3.8340824561403504,0.1561332489620286,0.01314239766081878,-0.01314239766081878,1.0,0.6103896103896104,0.1782327211513128,0.0023003472222222223,0.012865963408115064,228.0,0.6666666666666667,0.0,0.11403508771929824,0.8250019467203603
small_long,nomotor_xlink,r0011,5.75,pulse_05,3.788171929824561,0.1487257910173001,0.023935818713450185,-0.023935818713450185,1.0,0.5897435897435898,0.15500372961461478,0.002322048611111111,0.005758823579454418,228.0,0.6578947368421054,0.0,0.11403508771929827,0.8235552450688786
small_long,nomotor_xlink,r0011,5.8,pulse_05,3.6904675438596493,0.12158030748530209,0.026497368421052547,-0.026497368421052547,1.0,0.5945945945945946,0.1684962414082664,0.0022786458333333335,0.0029650312158274413,228.0,0.6578947368421051,0.008771929824561403,0.12280701754385963,0.8361729589828476
small_long,nomotor_xlink,r0011,5.85,pulse_05,3.629187719298246,0.16651597831226475,0.001154030171298522,-0.001154030171298522,1.0,0.6052631578947368,0.23107877687053222,0.0023003472222222223,0.006030401595583257,228.0,0.6491228070175439,0.017543859649122806,0.12280701754385966,0.8445302355670238
small_long,nomotor_xlink,r0011,5.9,pulse_05,3.683543362831858,0.15776271705880163,0.006636855043212764,0.006636855043212764,1.0,0.6266666666666667,0.15198679096361045,0.0023003472222222223,0.008973582103466113,226.0,0.6548672566371682,0.008849557522123894,0.11504424778761062,0.8426855605733194
small_long,nomotor_xlink,r0011,5.95,pulse_05,3.6690088495575224,0.22035747093306143,0.005213308575642728,0.005213308575642728,1.0,0.5675675675675675,0.1665684467546248,0.002105034722222222,0.006892760027521848,226.0,0.6486486486486485,0.00900900900900901,0.11711711711711711,0.8324619831288175
small_long,nomotor_xlink,r0011,6.0,pulse_05,3.7148232142857145,0.19911927722393272,0.015271454909397372,0.015271454909397372,1.0,0.5675675675675675,0.1991944345292346,0.002191840277777778,0.0070793979030429055,224.0,0.6339285714285714,0.0,0.10714285714285714,0.8309545075250236
small_long,nomotor_xlink,r0011,6.05,pulse_06,3.713335652173913,0.20002891940233342,0.00846318840579722,0.00846318840579722,1.0,0.5897435897435898,0.18974056603487327,0.0020399305555555557,0.023831372450328625,230.0,0.6695652173913043,0.0,0.10434782608695652,0.8377691505535846
small_long,nomotor_xlink,r0011,6.1,pulse_06,3.7387252173913046,0.12853480205134754,0.010343623188405907,0.010343623188405907,1.0,0.5949367088607594,0.25325450811273664,0.002018229166666667,0.01384136365042548,230.0,0.6782608695652175,0.0,0.10434782608695652,0.832897267369207
small_long,nomotor_xlink,r0011,6.15,pulse_06,3.7753973913043484,0.11698073749978054,0.003294492753623146,0.003294492753623146,1.0,0.6,0.19795240584858298,0.0023654513888888887,5.353872458757625e-05,230.0,0.6782608695652175,0.0,0.10434782608695652,0.8212316977167604
small_long,nomotor_xlink,r0011,6.2,pulse_06,3.7584921739130435,0.12821356970382208,0.0004905797101449524,-0.0004905797101449524,1.0,0.6049382716049383,0.19447888303512384,0.0023003472222222223,0.012138158661942873,230.0,0.6695652173913044,0.0,0.11304347826086955,0.8425785068455839
small_long,nomotor_xlink,r0011,6.25,pulse_06,3.7724539130434787,0.18980968947143778,0.0023876811594203406,-0.0023876811594203406,1.0,0.6097560975609756,0.19891310923811964,0.0022352430555555554,0.006127882468701477,230.0,0.6695652173913045,0.0,0.11304347826086954,0.8328839884830672
small_long,nomotor_xlink,r0011,6.3,pulse_06,3.7441660869565214,0.16498086451603095,0.0036102898550725016,0.0036102898550725016,1.0,0.6,0.22442002212702108,0.0022569444444444442,0.0008866812852084081,230.0,0.6695652173913045,0.0,0.11304347826086954,0.829667170706928
small_long,nomotor_xlink,r0011,6.35,pulse_06,3.7941156521739137,0.19512977718268823,0.0021553623188404667,0.0021553623188404667,1.0,0.625,0.1299053125121387,0.0023003472222222223,0.0011798373685419177,230.0,0.6608695652173913,0.0,0.10434782608695652,0.825456073654914
small_long,nomotor_xlink,r0011,6.4,pulse_06,3.757098260869564,0.17205988872728245,0.0003201449275363662,-0.0003201449275363662,1.0,0.5949367088607594,0.21473705591560013,0.0022786458333333335,0.01297289168503544,230.0,0.6782608695652175,0.0,0.1043478260869565,0.8276700934097535
small_long,nomotor_xlink,r0011,6.45,pulse_06,3.7921947826086955,0.11729242707247559,0.0007668115942028505,-0.0007668115942028505,1.0,0.5844155844155844,0.23836566744301407,0.002191840277777778,0.009868048667358034,230.0,0.6842105263157897,0.0,0.11403508771929828,0.8339975782094078
small_long,nomotor_xlink,r0011,6.5,pulse_06,3.752497391304347,0.11285159672313425,0.01398246376811585,-0.01398246376811585,1.0,0.6153846153846154,0.1956427460736864,0.0022352430555555554,0.0038241904438153598,230.0,0.6695652173913044,0.0,0.11304347826086954,0.8400762562865342
small_long,nomotor_xlink,r0011,6.55,pulse_06,3.7083000000000004,0.14023756973536775,0.003496926010678895,0.003496926010678895,1.0,0.6153846153846154,0.22297921194971787,0.0023003472222222223,0.017059091499519077,230.0,0.6608695652173915,0.0,0.11304347826086958,0.8310377795621814
small_long,nomotor_xlink,r0011,6.6,pulse_06,3.7734789473684205,0.2152061457202487,0.006987719298245561,0.006987719298245561,1.0,0.620253164556962,0.1589002369569007,0.0023003472222222223,0.024797579735854666,228.0,0.6754385964912282,0.0,0.10526315789473684,0.8318446443828293
small_long,nomotor_xlink,r0011,6.65,pulse_06,3.7502263157894737,0.28902304815049573,0.004391374269005747,-0.004391374269005747,1.0,0.6153846153846154,0.22137508016399018,0.0022786458333333335,0.0223682293335004,228.0,0.6754385964912281,0.0,0.10526315789473684,0.8204671874886168
small_long,nomotor_xlink,r0011,6.7,pulse_06,3.747130701754386,0.3494155217212511,0.00415087719298235,-0.00415087719298235,1.0,0.6052631578947368,0.24965507275873325,0.002322048611111111,0.0032636576547713423,228.0,0.6754385964912281,0.0,0.10526315789473684,0.8234388956002391
small_long,nomotor_xlink,r0011,6.75,pulse_06,3.7253210526315796,0.3086049940791238,0.008048099415204643,-0.008048099415204643,1.0,0.6103896103896104,0.18085298829352958,0.0022569444444444442,0.002973658197938258,228.0,0.6666666666666666,0.0,0.10526315789473684,0.8097737448766403
small_long,nomotor_xlink,r0011,6.8,pulse_06,3.698842105263158,0.3315735725336216,0.010579824561403642,-0.010579824561403642,1.0,0.6052631578947368,0.15225468979012982,0.0022569444444444442,0.007633401753918921,228.0,0.6403508771929824,0.0,0.10526315789473686,0.8155071381634688
small_long,nomotor_xlink,r0011,6.85,pulse_06,3.661842105263158,0.3544054046026373,0.009977485380116965,-0.009977485380116965,1.0,0.5844155844155844,0.1731342942525046,0.0022569444444444442,0.003636865005726788,228.0,0.6491228070175438,0.0,0.10526315789473684,0.814800676934371
small_long,nomotor_xlink,r0011,6.9,pulse_06,3.6389771929824564,0.3533947625679823,0.006309941520467858,-0.006309941520467858,1.0,0.5897435897435898,0.21242542395311076,0.0022569444444444442,0.006293847409116334,228.0,0.6491228070175439,0.0,0.10526315789473684,0.8365760311833919
small_long,nomotor_xlink,r0011,6.95,pulse_06,3.6239824561403506,0.3166423201479393,0.0008181286549706623,0.0008181286549706623,1.0,0.5584415584415584,0.21797974635627815,0.0023003472222222223,0.0012180929814115393,228.0,0.6403508771929826,0.0,0.10526315789473684,0.8181979041933991
small_long,nomotor_xlink,r0011,7.0,pulse_06,3.6438859649122803,0.36070332045645154,0.006634502923976567,0.006634502923976567,1.0,0.5128205128205128,0.1598137740390598,0.0022352430555555554,0.01468700010283741,228.0,0.6403508771929824,0.0,0.10526315789473684,0.805624855119152
small_long,nomotor_xlink,r0011,7.05,pulse_07,3.724111666666667,0.45617469780361114,0.011107500000000195,-0.011107500000000195,1.0,0.5476190476190477,0.16284715664923033,0.002170138888888889,0.007281172316891478,240.0,0.6638655462184873,0.0,0.10084033613445378,0.8127989517587387
small_long,nomotor_xlink,r0011,7.1,pulse_07,3.6907891666666663,0.4343311808529367,0.0013002777777777474,0.0013002777777777474,1.0,0.5308641975308642,0.18988116842351974,0.0022569444444444442,0.0018402875812856545,240.0,0.6583333333333334,0.0,0.1,0.8049230386776408
small_long,nomotor_xlink,r0011,7.15,pulse_07,3.7319133333333334,0.46721642329132507,0.006534444444444547,0.006534444444444547,1.0,0.5555555555555556,0.17902960599666187,0.002322048611111111,0.004635634954063818,240.0,0.6583333333333334,0.0,0.1,0.7969495757239377
small_long,nomotor_xlink,r0011,7.2,pulse_07,3.7299958333333336,0.4621449905773196,0.004177916666666744,0.004177916666666744,1.0,0.569620253164557,0.18209475393575536,0.0024522569444444444,0.003694484288210944,240.0,0.6583333333333333,0.0,0.1,0.8041819254855817
small_long,nomotor_xlink,r0011,7.25,pulse_07,3.756980833333334,0.4450495175620594,0.005803611111111051,0.005803611111111051,1.0,0.5609756097560976,0.1882201365913367,0.002387152777777778,0.013353275302575962,240.0,0.6583333333333333,0.0,0.09999999999999999,0.8262556041902763
small_long,nomotor_xlink,r0011,7.3,pulse_07,3.7648175,0.5422646423927754,0.0011565277777778604,-0.0011565277777778604,1.0,0.5308641975308642,0.21398255914576667,0.0025390625,0.012909350300880112,240.0,0.6583333333333334,0.0,0.1,0.8288578805072037
small_long,nomotor_xlink,r0011,7.35,pulse_07,3.7500416666666667,0.5225056193673401,0.00405680555555558,-0.00405680555555558,1.0,0.5714285714285714,0.1441175222606623,0.002322048611111111,0.007280733320568833,240.0,0.65,0.0,0.1,0.826782160163976
small_long,nomotor_xlink,r0011,7.4,pulse_07,3.7404766666666664,0.4985802424693624,0.006775416666666627,0.006775416666666627,1.0,0.5529411764705883,0.2108148401726571,0.0022786458333333335,0.005521333919154492,240.0,0.65,0.0,0.1,0.8286159271198724
small_long,nomotor_xlink,r0011,7.45,pulse_07,3.7906941666666665,0.48937761585241313,0.007095138888889056,0.007095138888889056,1.0,0.5402298850574713,0.14424270170129486,0.0024088541666666668,0.014125833542183386,240.0,0.6583333333333334,0.0,0.10833333333333332,0.8278287653393197
small_long,nomotor_xlink,r0011,7.5,pulse_07,3.783047500000001,0.4138252412162621,0.007214305555555578,-0.007214305555555578,1.0,0.5529411764705883,0.15973468296175217,0.00234375,0.021605760668461777,240.0,0.65,0.0,0.10833333333333332,0.822691368292176
small_long,nomotor_xlink,r0011,7.55,pulse_07,3.747408333333333,0.35974305184164246,0.01410819444444448,-0.01410819444444448,1.0,0.5476190476190477,0.13960583278314745,0.0024522569444444444,0.0112179812563968,240.0,0.6583333333333333,0.0,0.10833333333333332,0.8297766812811812
small_long,nomotor_xlink,r0011,7.6,pulse_07,3.698398333333334,0.3465173536778813,0.009874583333333279,-0.009874583333333279,1.0,0.5238095238095238,0.16351509612071516,0.0023003472222222223,0.004419729419611172,240.0,0.6583333333333334,0.0,0.1,0.8359034340784696
small_long,nomotor_xlink,r0011,7.65,pulse_07,3.6881608333333333,0.33322467532397543,0.0011686111111111803,-0.0011686111111111803,1.0,0.55,0.16264518806011513,0.00234375,0.004784945873817864,240.0,0.6583333333333333,0.0,0.1,0.8382424324085469
small_long,nomotor_xlink,r0011,7.7,pulse_07,3.691386666666667,0.3178076784349741,0.0008629166666667132,-0.0008629166666667132,1.0,0.5555555555555556,0.18332368393971393,0.0024739583333333332,0.006587542261506337,240.0,0.6583333333333333,0.0,0.1,0.8400189499392444
small_long,nomotor_xlink,r0011,7.75,pulse_07,3.682983333333333,0.2936994217549374,0.0001888888888888681,0.0001888888888888681,1.0,0.5384615384615384,0.16558651698137414,0.0024305555555555556,0.0014469117591283942,240.0,0.6500000000000001,0.0,0.10000000000000002,0.8289470879028925
small_long,nomotor_xlink,r0011,7.8,pulse_07,3.69252,0.30912620788020373,0.001287499999999886,-0.001287499999999886,1.0,0.5555555555555556,0.2396495448745147,0.0023654513888888887,0.003518453722293711,240.0,0.65,0.0,0.10833333333333332,0.8388370887797182
small_long,nomotor_xlink,r0011,7.85,pulse_07,3.6752583333333337,0.27258869942117514,0.010477500000000065,-0.010477500000000065,1.0,0.5365853658536586,0.17858461707845757,0.0023654513888888887,0.015350960964085697,240.0,0.65,0.0,0.11666666666666667,0.8476646514993835
small_long,nomotor_xlink,r0011,7.9,pulse_07,3.6296549999999996,0.21702044209568955,0.0024327777777778023,-0.0024327777777778023,1.0,0.5609756097560976,0.1665043058025786,0.002387152777777778,0.009990015673471858,240.0,0.6333333333333333,0.0,0.10833333333333332,0.8392411143684527
small_long,nomotor_xlink,r0011,7.95,pulse_07,3.660661666666667,0.212648605380344,0.0025661111111111947,0.0025661111111111947,1.0,0.5294117647058824,0.22830361540993047,0.002322048611111111,0.009890276068554535,240.0,0.6333333333333334,0.0,0.11666666666666667,0.8272202359514461
small_long,nomotor_xlink,r0011,8.0,pulse_07,3.645051666666667,0.15767878568436233,0.005203333333333375,-0.005203333333333375,1.0,0.5421686746987951,0.20900612430841548,0.0023654513888888887,0.018323273231993887,240.0,0.6166666666666667,0.0,0.11666666666666665,0.8294064882898813
small_long,nomotor_xlink,r0012,0.0,initial,0.41761000000000015,0.8510244027197749,0.21348777777777792,0.21348777777777792,1.0,-0.1111111111111111,0.0,0.0001953125,0.02000639947811726,20.0,0.4,0.4,0.5,0.49382530899269683
small_long,nomotor_xlink,r0012,0.05,initial,1.0580733333333339,0.9110436011541266,0.08894833333333328,0.08894833333333328,1.0,0.0,0.2076948547553237,0.00026041666666666666,0.005654964918181941,30.0,0.4666666666666666,0.4,0.4666666666666667,0.5045767758801315
small_long,nomotor_xlink,r0012,0.1,initial,0.9512999999999998,0.8170946132106832,0.014296349206349257,-0.014296349206349257,1.0,0.0,0.5588844669102022,0.00030381944444444445,0.0012379645309860132,36.0,0.44444444444444436,0.33333333333333337,0.5,0.6068705006644552
small_long,nomotor_xlink,r0012,0.15000000000000002,initial,0.9722952380952383,0.9184713883400427,8.055555555554668e-05,-8.055555555554668e-05,1.0,0.0,0.4110540474643251,0.0004123263888888889,0.00026015538424593404,42.0,0.42857142857142866,0.28571428571428575,0.523809523809524,0.6495808043728853
small_long,nomotor_xlink,r0012,0.2,initial,0.9508166666666665,0.8155336809052076,0.03995793650793644,0.03995793650793644,1.0,0.05263157894736842,0.30512259469163705,0.0004557291666666667,0.022687065084012654,48.0,0.4166666666666667,0.25,0.5416666666666667,0.6543640051009972
small_long,nomotor_xlink,r0012,0.25,initial,1.212042857142857,0.7823489978359668,0.1333698028673835,0.1333698028673835,1.0,0.14285714285714285,0.33378218247185776,0.0005208333333333333,0.006162879552870167,56.0,0.42857142857142855,0.25,0.5357142857142857,0.6813356396035295
small_long,nomotor_xlink,r0012,0.30000000000000004,initial,1.7510354838709676,0.7785564035879866,0.05767164502164509,0.05767164502164509,1.0,0.2,0.5601854099976464,0.0006293402777777778,0.003693169302193026,62.0,0.4838709677419355,0.22580645161290325,0.4838709677419355,0.6777495324222644
small_long,nomotor_xlink,r0012,0.35000000000000003,initial,1.5580727272727275,0.8045080136491249,0.013086469534050127,-0.013086469534050127,1.0,0.1111111111111111,0.45026326345196094,0.0007161458333333333,0.008516724802005124,66.0,0.4545454545454546,0.18181818181818182,0.48484848484848486,0.7271952871435658
small_long,nomotor_xlink,r0012,0.4,initial,1.6725166666666669,0.8296567524000173,0.04901329545454547,0.04901329545454547,1.0,0.18518518518518517,0.4714614659353109,0.0006727430555555556,0.006789052337467534,72.0,0.44444444444444436,0.19444444444444448,0.44444444444444436,0.7353699432171136
small_long,nomotor_xlink,r0012,0.45,initial,1.8521525000000003,0.7637736996243197,0.06983055555555558,0.06983055555555558,1.0,0.21428571428571427,0.35158853810407287,0.00078125,0.013266238564119015,80.0,0.425,0.15,0.4,0.7597454186828825
small_long,nomotor_xlink,r0012,0.5,initial,2.0915000000000004,0.7500593210153033,0.042767606589147356,0.042767606589147356,1.0,0.26666666666666666,0.2922092004804488,0.0008246527777777778,0.005412825188913062,84.0,0.4523809523809524,0.14285714285714285,0.380952380952381,0.7418154179880948
small_long,nomotor_xlink,r0012,0.55,initial,2.1087581395348844,0.7312967484908414,0.035495185185185164,0.035495185185185164,1.0,0.1875,0.2530318697988535,0.0008680555555555555,0.0029385064272693198,86.0,0.44186046511627913,0.13953488372093023,0.37209302325581395,0.7451895595904047
small_long,nomotor_xlink,r0012,0.6000000000000001,initial,2.3044711111111114,0.7324282824516873,0.07827470724063985,0.07827470724063985,1.0,0.23529411764705882,0.2073367795555373,0.0008463541666666667,0.0032228518830879995,90.0,0.4666666666666667,0.13333333333333333,0.3555555555555555,0.7241601358318314
small_long,nomotor_xlink,r0012,0.65,initial,2.5784063829787236,0.7506338597893694,0.10281731481481475,0.10281731481481475,1.0,0.2777777777777778,0.2287955709913584,0.0008680555555555555,0.004391754738828894,94.0,0.48936170212765956,0.12765957446808512,0.34042553191489355,0.7120832321022181
small_long,nomotor_xlink,r0012,0.7000000000000001,initial,2.921375,0.7587788108846607,0.06880267766681143,0.06880267766681143,1.0,0.35135135135135137,0.17644935722757038,0.0008680555555555555,0.010693867795297907,96.0,0.5319148936170213,0.10638297872340426,0.3191489361702128,0.7514918461536085
small_long,nomotor_xlink,r0012,0.75,initial,2.991222448979592,0.8147970665611568,0.04977303459119509,0.04977303459119509,1.0,0.3333333333333333,0.21787501652761343,0.0009765625,0.004787452356495969,98.0,0.5510204081632653,0.10204081632653061,0.3061224489795918,0.7387830086276362
small_long,nomotor_xlink,r0012,0.8,initial,3.2200132075471704,0.7875035250236365,0.04443959183673463,0.04443959183673463,1.0,0.3953488372093023,0.16017211910495455,0.0010416666666666667,0.006210192429849122,106.0,0.5660377358490567,0.09433962264150944,0.2830188679245283,0.7533482824922677
small_long,nomotor_xlink,r0012,0.8500000000000001,initial,3.25786,0.7775359119820621,0.049799584456424,0.049799584456424,1.0,0.4090909090909091,0.15941340118660968,0.0010850694444444445,0.007314743579578416,110.0,0.5636363636363635,0.09090909090909091,0.27272727272727265,0.752389151309203
small_long,nomotor_xlink,r0012,0.9,initial,3.5188107142857143,0.743615063546166,0.07557142076502747,0.07557142076502747,1.0,0.5,0.16827472843911265,0.0011284722222222221,0.004743543747725491,112.0,0.607142857142857,0.07142857142857142,0.25,0.7414183043932748
small_long,nomotor_xlink,r0012,0.9500000000000001,initial,3.711288524590165,0.805997174468415,0.0345116022638563,0.0345116022638563,1.0,0.5510204081632653,0.07962438319822834,0.0012152777777777778,0.011793963256620096,122.0,0.6229508196721311,0.06557377049180327,0.22950819672131148,0.7234278506482466
small_long,nomotor_xlink,r0012,1.0,initial,3.725880327868852,0.8143788430858866,0.004863934426229122,0.004863934426229122,1.0,0.49019607843137253,0.08181642045880308,0.0012369791666666666,0.002793889539157194,122.0,0.6166666666666667,0.06666666666666667,0.23333333333333334,0.7191576650264824
small_long,nomotor_xlink,r0012,1.05,pulse_01,3.8054859375000003,0.7984565757155259,0.028309232954545276,0.028309232954545276,1.0,0.4909090909090909,0.06747234237897437,0.0011501736111111111,0.00933690878558587,128.0,0.640625,0.0625,0.21875,0.7587194063459598
small_long,nomotor_xlink,r0012,1.1,pulse_01,3.890413636363636,0.7704458493587683,0.038393252840909074,0.038393252840909074,1.0,0.5087719298245614,0.07843518235413535,0.0013020833333333333,0.012838094170218695,132.0,0.6515151515151516,0.06060606060606061,0.2121212121212121,0.7326950662724715
small_long,nomotor_xlink,r0012,1.15,pulse_01,4.035845454545455,0.875485140736838,0.028225423351158668,0.028225423351158668,1.0,0.543859649122807,0.09171640009418289,0.0014105902777777778,0.015537331471410898,132.0,0.6666666666666667,0.045454545454545456,0.2121212121212121,0.7360539133860188
small_long,nomotor_xlink,r0012,1.2,pulse_01,4.059766176470588,0.8636698381872336,0.006524066754501383,0.006524066754501383,1.0,0.559322033898305,0.08595432629482543,0.0013671875,0.0006545808126261488,136.0,0.6764705882352942,0.044117647058823525,0.1911764705882353,0.7304967759774208
small_long,nomotor_xlink,r0012,1.25,pulse_01,4.074989855072463,0.8794126256125949,0.019996840958605766,0.019996840958605766,1.0,0.5666666666666667,0.08975570790659514,0.001345486111111111,0.0012037036561489318,138.0,0.6811594202898552,0.04347826086956522,0.2028985507246377,0.7311997448929528
small_long,nomotor_xlink,r0012,1.3,pulse_01,4.179747222222223,0.8708920601241272,0.010840348228663643,0.010840348228663643,1.0,0.5873015873015873,0.13055602951466064,0.0015190972222222222,0.004221418889745328,144.0,0.6944444444444444,0.04166666666666667,0.19444444444444442,0.7398773214056712
small_long,nomotor_xlink,r0012,1.35,pulse_01,4.140031944444445,0.854084112274123,0.00465147767630647,-0.00465147767630647,1.0,0.5873015873015873,0.15642924320649712,0.001345486111111111,0.002657923157608044,144.0,0.6944444444444444,0.04166666666666667,0.19444444444444442,0.7201833637092258
small_long,nomotor_xlink,r0012,1.4,pulse_01,4.151838356164384,0.8868395990697755,0.0002836398898897012,0.0002836398898897012,1.0,0.59375,0.17719410123350182,0.0014539930555555556,0.006190949939712864,146.0,0.6986301369863014,0.0410958904109589,0.19178082191780824,0.7144478674166607
small_long,nomotor_xlink,r0012,1.45,pulse_01,4.141733783783783,0.8912298119124001,0.007434771072442429,-0.007434771072442429,1.0,0.6,0.1223284482088681,0.0014756944444444444,0.005724132301315206,148.0,0.7027027027027026,0.040540540540540536,0.18918918918918917,0.7163868999010488
small_long,nomotor_xlink,r0012,1.5,pulse_01,4.107229729729729,0.9211843928776667,0.023992813813813907,0.023992813813813907,1.0,0.6,0.16097057342608292,0.001540798611111111,0.007443691778867723,148.0,0.7027027027027026,0.040540540540540536,0.18918918918918917,0.7206002891698255
small_long,nomotor_xlink,r0012,1.55,pulse_01,4.2856906666666665,0.9358919625856065,0.042709788634788616,0.042709788634788616,1.0,0.6,0.1882062536785833,0.001388888888888889,0.007139151838313633,150.0,0.6956521739130437,0.028985507246376812,0.18840579710144928,0.741035521626593
small_long,nomotor_xlink,r0012,1.6,pulse_01,4.363488461538461,0.9640193039075485,0.00851906610407882,0.00851906610407882,1.0,0.6231884057971014,0.2258084557538264,0.0015625,0.003785237049803177,156.0,0.7307692307692307,0.02564102564102564,0.16666666666666666,0.7330354254442794
small_long,nomotor_xlink,r0012,1.65,pulse_01,4.3368050632911395,0.9586033848844255,0.009577964743589925,0.009577964743589925,1.0,0.6285714285714286,0.21518169824453567,0.0016493055555555556,0.003823266298368766,158.0,0.7341772151898734,0.02531645569620253,0.16455696202531647,0.7472202351048903
small_long,nomotor_xlink,r0012,1.7000000000000002,pulse_01,4.420956250000001,0.9869589016977611,0.012902448299213424,0.012902448299213424,1.0,0.6571428571428571,0.1972599794151097,0.0015190972222222222,0.0009381521936365766,160.0,0.7341772151898733,0.02531645569620253,0.17721518987341775,0.7361560984448807
small_long,nomotor_xlink,r0012,1.75,pulse_01,4.41421975308642,0.964232298046245,0.008202996399177062,-0.008202996399177062,1.0,0.6438356164383562,0.2968599478701113,0.0016493055555555556,9.691246506378833e-05,162.0,0.7407407407407407,0.02469135802469136,0.17283950617283955,0.7368730568959256
small_long,nomotor_xlink,r0012,1.8,pulse_01,4.371738271604938,0.9863774269073784,0.005501851851851924,-0.005501851851851924,1.0,0.6666666666666666,0.27061306056120316,0.0016276041666666667,0.006617117927081344,162.0,0.7407407407407408,0.02469135802469136,0.17283950617283952,0.7252350996030436
small_long,nomotor_xlink,r0012,1.85,pulse_01,4.3812086419753085,1.003935005608733,0.0041773662551440145,-0.0041773662551440145,1.0,0.6388888888888888,0.23935525407916144,0.0016493055555555556,0.005398300430166536,162.0,0.7407407407407408,0.03703703703703704,0.17283950617283955,0.7301125821278813
small_long,nomotor_xlink,r0012,1.9,pulse_01,4.346674074074074,0.9539876243263792,0.026575018004115325,0.026575018004115325,1.0,0.6164383561643836,0.23182504911970575,0.001584201388888889,0.013047967368843782,162.0,0.7341772151898731,0.025316455696202528,0.17721518987341772,0.7252719286581956
small_long,nomotor_xlink,r0012,1.9500000000000002,pulse_01,4.54065875,0.9256472013956704,0.033269945987654204,0.033269945987654204,1.0,0.6338028169014085,0.23482874766487669,0.001584201388888889,0.004174476015961252,160.0,0.7625,0.0125,0.15,0.7388200920674354
small_long,nomotor_xlink,r0012,2.0,pulse_01,4.546293749999999,0.9289407682306117,0.0018783333333329821,0.0018783333333329821,1.0,0.6285714285714286,0.21463072662960447,0.0016059027777777777,0.0010978556116471028,160.0,0.7625,0.0,0.15,0.6782134720959482
small_long,nomotor_xlink,r0012,2.05,pulse_02,4.510647058823529,1.126586269075274,0.01987539899680879,0.01987539899680879,1.0,0.6438356164383562,0.23994191426981684,0.0017795138888888889,0.0141273237154839,170.0,0.7647058823529411,0.0,0.1411764705882353,0.7146446407442918
small_long,nomotor_xlink,r0012,2.1,pulse_02,4.570273255813955,1.1689682402217256,0.005138325445120717,0.005138325445120717,1.0,0.6388888888888888,0.2674359408483903,0.001584201388888889,0.016150958805682625,172.0,0.7738095238095237,0.0,0.14285714285714285,0.7098147104345264
small_long,nomotor_xlink,r0012,2.15,pulse_02,4.541477011494253,1.2234920219093697,0.012046500490065318,-0.012046500490065318,1.0,0.6486486486486487,0.25311935015426756,0.0017144097222222222,0.009064403382335532,174.0,0.7701149425287358,0.01149425287356322,0.13793103448275865,0.7336789371161443
small_long,nomotor_xlink,r0012,2.2,pulse_02,4.497994252873563,1.2233546605157388,0.010182567049808503,-0.010182567049808503,1.0,0.6266666666666667,0.19323113165109296,0.0017578125,0.001821801976090794,174.0,0.7558139534883722,0.0,0.1511627906976744,0.769196805719408
small_long,nomotor_xlink,r0012,2.25,pulse_02,4.480381609195402,1.212561210052825,0.0032405194183211528,-0.0032405194183211528,1.0,0.6486486486486487,0.21431060663731957,0.0016927083333333334,0.0018197856867485651,174.0,0.7558139534883722,0.011627906976744186,0.13953488372093023,0.7302617123979496
small_long,nomotor_xlink,r0012,2.3,pulse_02,4.478551136363636,1.2342733746362302,0.003944662138627653,-0.003944662138627653,1.0,0.6486486486486487,0.21742491270357156,0.0016710069444444444,0.004528396151515494,176.0,0.7727272727272727,0.0,0.14772727272727268,0.7420893745426279
small_long,nomotor_xlink,r0012,2.35,pulse_02,4.456713636363636,1.2397315869619179,0.005804493423243369,-0.005804493423243369,1.0,0.6266666666666667,0.21549512501723525,0.0016493055555555556,0.0028276956918124783,176.0,0.7499999999999998,0.0,0.1477272727272727,0.7374723457607337
small_long,nomotor_xlink,r0012,2.4,pulse_02,4.443724175824176,1.251239548787105,0.0001398185148184794,-0.0001398185148184794,1.0,0.6363636363636364,0.20811078034855568,0.0018229166666666667,0.00363748617067187,182.0,0.7582417582417584,0.0,0.14285714285714285,0.7508793854817534
small_long,nomotor_xlink,r0012,2.45,pulse_02,4.455874725274725,1.261556503985949,0.005390535913362064,0.005390535913362064,1.0,0.6410256410256411,0.19626368040667963,0.0018663194444444445,0.013723105101336045,182.0,0.7582417582417582,0.010989010989010988,0.14285714285714288,0.7718510991066891
small_long,nomotor_xlink,r0012,2.5,pulse_02,4.4760673913043485,1.3335781793951214,0.0003851907150821769,0.0003851907150821769,1.0,0.65,0.15302389273458342,0.0018880208333333333,0.011528896369345731,184.0,0.7608695652173915,0.010869565217391306,0.14130434782608697,0.7803396540058354
small_long,nomotor_xlink,r0012,2.55,pulse_02,4.458185869565218,1.3307298822020235,0.0009771739130434536,0.0009771739130434536,1.0,0.6455696202531646,0.17548861950403183,0.0018663194444444445,0.0010176028557673522,184.0,0.7608695652173914,0.010869565217391306,0.14130434782608697,0.7592007264851223
small_long,nomotor_xlink,r0012,2.6,pulse_02,4.481930434782609,1.3396837965297255,0.011062611482720067,0.011062611482720067,1.0,0.6842105263157895,0.19233792852716683,0.0018446180555555555,0.0031557947067315886,184.0,0.7717391304347828,0.010869565217391306,0.13043478260869568,0.7432726438349824
small_long,nomotor_xlink,r0012,2.65,pulse_02,4.524561538461539,1.311795113961634,0.00153375537505962,0.00153375537505962,1.0,0.6486486486486487,0.176727696487891,0.0018446180555555555,0.0024981905408682317,182.0,0.7802197802197803,0.0,0.12087912087912092,0.7599015321795834
small_long,nomotor_xlink,r0012,2.7,pulse_02,4.491132967032967,1.3546729397749349,0.0051785714285713285,-0.0051785714285713285,1.0,0.6486486486486487,0.18768646946880146,0.001953125,0.006161609689881997,182.0,0.7692307692307693,0.0,0.1208791208791209,0.7594516561414865
small_long,nomotor_xlink,r0012,2.75,pulse_02,4.493490109890111,1.348764772100926,0.00621739926739906,-0.00621739926739906,1.0,0.6486486486486487,0.1041670788596347,0.0018880208333333333,0.005807974867163483,182.0,0.7692307692307692,0.0,0.1208791208791209,0.748159052813984
small_long,nomotor_xlink,r0012,2.8,pulse_02,4.453828571428573,1.319825090571954,0.009022710622710614,-0.009022710622710614,1.0,0.6438356164383562,0.15726356510630843,0.0018446180555555555,0.007785277065527563,182.0,0.7582417582417583,0.0,0.1208791208791209,0.7757002147261233
small_long,nomotor_xlink,r0012,2.85,pulse_02,4.439353846153847,1.3020531097077606,0.000951282051282328,-0.000951282051282328,1.0,0.6388888888888888,0.13545825568284295,0.0017578125,0.003604215622888115,182.0,0.7582417582417582,0.0,0.1318681318681319,0.7710244330823258
small_long,nomotor_xlink,r0012,2.9,pulse_02,4.448120879120879,1.2981997968346253,0.000426373626373433,0.000426373626373433,1.0,0.6438356164383562,0.19664510929169235,0.0018229166666666667,0.0021921951728320157,182.0,0.7802197802197803,0.010989010989010988,0.1318681318681319,0.7638978941485882
small_long,nomotor_xlink,r0012,2.95,pulse_02,4.441912087912088,1.3152062807447527,0.007822161172161094,-0.007822161172161094,1.0,0.6388888888888888,0.23668532326812036,0.0018229166666666667,0.003805111529704456,182.0,0.7692307692307692,0.010989010989010986,0.13186813186813187,0.7621936394390493
small_long,nomotor_xlink,r0012,3.0,pulse_02,4.401187912087912,1.321030466012852,0.013574725274725216,-0.013574725274725216,1.0,0.6438356164383562,0.1520586881825414,0.0017144097222222222,0.0019413950893664527,182.0,0.7472527472527473,0.010989010989010988,0.1318681318681319,0.755275952469743
small_long,nomotor_xlink,r0012,3.05,pulse_03,4.4081946808510635,1.3625408847836011,0.015459574468085139,-0.015459574468085139,1.0,0.6533333333333333,0.16196612063439028,0.0018229166666666667,0.0025662684870611705,188.0,0.7446808510638298,0.010638297872340425,0.11702127659574468,0.7652089254560109
small_long,nomotor_xlink,r0012,3.1,pulse_03,4.361815957446808,1.3548420793224176,0.012489184397163141,-0.012489184397163141,1.0,0.6533333333333333,0.13754168299850575,0.001974826388888889,0.0007141167128444925,188.0,0.7446808510638299,0.010638297872340425,0.12765957446808512,0.7830249056581593
small_long,nomotor_xlink,r0012,3.15,pulse_03,4.333259574468085,1.3582561845065342,0.007645567375886397,-0.007645567375886397,1.0,0.6533333333333333,0.10236593463865275,0.0017795138888888889,0.004765285927802195,188.0,0.7446808510638298,0.02127659574468085,0.12765957446808512,0.7915854934725561
small_long,nomotor_xlink,r0012,3.2,pulse_03,4.31594255319149,1.3834337948892308,0.0024425531914893384,-0.0024425531914893384,1.0,0.6533333333333333,0.13474890146008384,0.0019097222222222222,0.0060170163978333635,188.0,0.7659574468085106,0.010638297872340425,0.13829787234042554,0.7787368143098592
small_long,nomotor_xlink,r0012,3.25,pulse_03,4.318604255319149,1.3943582828935344,0.0030875886524823017,-0.0030875886524823017,1.0,0.6438356164383562,0.08854556187196208,0.0019097222222222222,0.0010214544648006567,188.0,0.7419354838709677,0.01075268817204301,0.1290322580645161,0.7727907516017566
small_long,nomotor_xlink,r0012,3.3,pulse_03,4.297417021276596,1.3773050681004269,0.005481728056127455,0.005481728056127455,1.0,0.6756756756756757,0.09391019798365997,0.0018880208333333333,0.001013224853648816,188.0,0.7446808510638298,0.010638297872340425,0.12765957446808512,0.7903693657643707
small_long,nomotor_xlink,r0012,3.35,pulse_03,4.351494623655913,1.3882789337716415,0.005382109357126463,0.005382109357126463,1.0,0.6571428571428571,0.14119653435147994,0.0019314236111111112,0.007015522312991185,186.0,0.7526881720430106,0.0,0.1182795698924731,0.7660538318273948
small_long,nomotor_xlink,r0012,3.4,pulse_03,4.329709677419355,1.419398201978374,0.00894014336917559,-0.00894014336917559,1.0,0.6571428571428571,0.06423747720401593,0.0018663194444444445,0.008094404540829029,186.0,0.7608695652173915,0.0,0.11956521739130437,0.7790944586205665
small_long,nomotor_xlink,r0012,3.45,pulse_03,4.29785376344086,1.4368453610166156,0.009213440860215064,-0.009213440860215064,1.0,0.6811594202898551,0.10201739170818125,0.0019097222222222222,0.00472683344247804,186.0,0.7634408602150535,0.0,0.1182795698924731,0.7712335867633021
small_long,nomotor_xlink,r0012,3.5,pulse_03,4.274429032258064,1.4477592026332422,0.007050179211469369,-0.007050179211469369,1.0,0.6619718309859155,0.1979786755067484,0.0019314236111111112,0.0019792580635212462,186.0,0.7634408602150535,0.01075268817204301,0.1182795698924731,0.7774052474570572
small_long,nomotor_xlink,r0012,3.55,pulse_03,4.255552688172044,1.4487209093977431,0.00023494623655902677,-0.00023494623655902677,1.0,0.6619718309859155,0.08011372905758965,0.0018229166666666667,0.005017575196144541,186.0,0.7419354838709677,0.01075268817204301,0.12903225806451613,0.8030225070280556
small_long,nomotor_xlink,r0012,3.6,pulse_03,4.27301935483871,1.4778646538101095,0.0006795698924733825,-0.0006795698924733825,1.0,0.6571428571428571,0.07953903192608847,0.0019097222222222222,0.0002305723964718768,186.0,0.7419354838709676,0.0,0.12903225806451613,0.7920275058337071
small_long,nomotor_xlink,r0012,3.65,pulse_03,4.251475268817203,1.4501043437765744,0.002025627240143398,-0.002025627240143398,1.0,0.6666666666666666,0.16603787779996979,0.0018446180555555555,0.010781038695067857,186.0,0.7419354838709676,0.01075268817204301,0.12903225806451613,0.7936072384237226
small_long,nomotor_xlink,r0012,3.7,pulse_03,4.26086559139785,1.4131784216397023,0.004117562724014127,-0.004117562724014127,1.0,0.6712328767123288,0.16148645221316485,0.001953125,0.0019234901862826836,186.0,0.7419354838709676,0.01075268817204301,0.1290322580645161,0.7910238470326855
small_long,nomotor_xlink,r0012,3.75,pulse_03,4.2267698924731185,1.4385634026588783,0.009383452158329439,0.009383452158329439,1.0,0.6901408450704225,0.16271274204617714,0.0019097222222222222,0.008873201986457765,186.0,0.7311827956989247,0.01075268817204301,0.1290322580645161,0.7882149100924605
small_long,nomotor_xlink,r0012,3.8,pulse_03,4.317166304347826,1.466417633558449,0.016089800529842584,0.016089800529842584,1.0,0.6764705882352942,0.12444899846135371,0.0018229166666666667,0.004705336925335257,184.0,0.7500000000000002,0.0,0.10869565217391305,0.7889507553568061
small_long,nomotor_xlink,r0012,3.85,pulse_03,4.323308695652174,1.4667954242108898,0.009009420289855186,-0.009009420289855186,1.0,0.6764705882352942,0.10926042487799999,0.0019314236111111112,0.0018682166805696527,184.0,0.7500000000000002,0.0,0.11956521739130437,0.7735149959307691
small_long,nomotor_xlink,r0012,3.9,pulse_03,4.263109782608695,1.4776269336418668,0.0054695652173914295,-0.0054695652173914295,1.0,0.6764705882352942,0.1831540996710889,0.0018880208333333333,0.0009120466095067966,184.0,0.7282608695652175,0.02173913043478261,0.10869565217391305,0.7835225289391275
small_long,nomotor_xlink,r0012,3.95,pulse_03,4.290491304347825,1.461323144553849,0.0226732779901259,0.0226732779901259,1.0,0.6764705882352942,0.17306093302188244,0.0018880208333333333,0.0009369157922970809,184.0,0.7282608695652175,0.03260869565217391,0.10869565217391305,0.7905367266936695
small_long,nomotor_xlink,r0012,4.0,pulse_03,4.399149450549451,1.4720054388880843,0.03621938206720839,0.03621938206720839,1.0,0.7058823529411765,0.12531410447828062,0.0019314236111111112,0.003560764778078429,182.0,0.7472527472527473,0.010989010989010988,0.09890109890109891,0.7827163592273507
small_long,nomotor_xlink,r0012,4.05,pulse_04,4.464319791666667,1.6132583042029016,0.007121875000000166,-0.007121875000000166,1.0,0.7222222222222222,0.19553632118049788,0.0018012152777777779,0.005052520197568855,192.0,0.7604166666666666,0.020833333333333336,0.10416666666666666,0.7819241912829253
small_long,nomotor_xlink,r0012,4.1,pulse_04,4.4429541666666665,1.6284158647956082,0.00340798611111115,-0.00340798611111115,1.0,0.7183098591549296,0.18023920007204944,0.0018229166666666667,0.0009009935795506463,192.0,0.7578947368421052,0.021052631578947368,0.10526315789473684,0.7935574146541182
small_long,nomotor_xlink,r0012,4.15,pulse_04,4.443871875,1.6186642656802055,0.0024225694444444854,0.0024225694444444854,1.0,0.7222222222222222,0.17506774298571912,0.001974826388888889,0.0002148852128177984,192.0,0.7604166666666667,0.010416666666666668,0.10416666666666666,0.7724142430749743
small_long,nomotor_xlink,r0012,4.2,pulse_04,4.4574895833333334,1.6271265535187014,0.008155208333333311,-0.008155208333333311,1.0,0.7222222222222222,0.2021551011726156,0.001953125,0.005276160212279686,192.0,0.7684210526315788,0.010526315789473684,0.10526315789473684,0.7619110373979876
small_long,nomotor_xlink,r0012,4.25,pulse_04,4.394940625,1.6503212269538836,0.005553124999999899,-0.005553124999999899,1.0,0.6986301369863014,0.2272500638444925,0.002018229166666667,0.007462930873246158,192.0,0.7500000000000001,0.010416666666666668,0.10416666666666666,0.7750734960080232
small_long,nomotor_xlink,r0012,4.3,pulse_04,4.424170833333334,1.6719041387581783,0.02630042214912291,0.02630042214912291,1.0,0.7222222222222222,0.17848135931362052,0.001974826388888889,0.0011781139947704504,192.0,0.7604166666666666,0.020833333333333336,0.10416666666666666,0.7775586379009428
small_long,nomotor_xlink,r0012,4.35,pulse_04,4.552743157894738,1.643252542985261,0.010439597953216287,0.010439597953216287,1.0,0.7464788732394366,0.19981858962440202,0.0019097222222222222,0.00707108002514197,190.0,0.7684210526315789,0.010526315789473684,0.09473684210526315,0.7544294226432595
small_long,nomotor_xlink,r0012,4.4,pulse_04,4.486808421052632,1.6294776586073265,0.02110543859649135,-0.02110543859649135,1.0,0.7222222222222222,0.22895387435513417,0.001953125,0.005568223254906246,190.0,0.7578947368421052,0.010526315789473684,0.09473684210526315,0.7614167637270185
small_long,nomotor_xlink,r0012,4.45,pulse_04,4.42611052631579,1.6098432034558234,0.018210526315789455,-0.018210526315789455,1.0,0.7222222222222222,0.19955885528880693,0.001974826388888889,0.006342815162149888,190.0,0.7473684210526316,0.010526315789473684,0.09473684210526315,0.7546240669541989
small_long,nomotor_xlink,r0012,4.5,pulse_04,4.377545263157895,1.5914207676344272,0.003085614035087817,-0.003085614035087817,1.0,0.726027397260274,0.15190284993991846,0.0019314236111111112,0.011451016702264857,190.0,0.7368421052631579,0.010526315789473684,0.09473684210526315,0.7885948213862488
small_long,nomotor_xlink,r0012,4.55,pulse_04,4.407596842105263,1.5411371032422343,0.004297192982456011,0.004297192982456011,1.0,0.7222222222222222,0.2177034727340421,0.0019097222222222222,0.011744411575932793,190.0,0.7368421052631579,0.010526315789473684,0.09473684210526315,0.7700804572607717
small_long,nomotor_xlink,r0012,4.6,pulse_04,4.403328421052631,1.5209542981788304,0.00655280701754372,-0.00655280701754372,1.0,0.7222222222222222,0.19833431861324347,0.002018229166666667,3.559696520009462e-05,190.0,0.7368421052631579,0.010526315789473684,0.09473684210526315,0.7835937861714594
small_long,nomotor_xlink,r0012,4.65,pulse_04,4.36828,1.5413506850334349,0.001708282941395763,-0.001708282941395763,1.0,0.7183098591549296,0.17226282104982793,0.002018229166666667,0.010012109426519164,190.0,0.726315789473684,0.010526315789473684,0.09473684210526315,0.7778464497620013
small_long,nomotor_xlink,r0012,4.7,pulse_04,4.3930787234042565,1.5810269547379454,0.010737198581560303,0.010737198581560303,1.0,0.7101449275362319,0.15706865860084004,0.0019314236111111112,0.008120626167429331,188.0,0.7340425531914894,0.0,0.08510638297872342,0.7779121602978605
small_long,nomotor_xlink,r0012,4.75,pulse_04,4.432703191489362,1.5900744420380108,0.003633156028368667,0.003633156028368667,1.0,0.7101449275362319,0.17822087218897628,0.0019097222222222222,0.0030305247371010813,188.0,0.7127659574468084,0.010638297872340425,0.08510638297872342,0.7679951716816182
small_long,nomotor_xlink,r0012,4.8,pulse_04,4.4148776595744685,1.599210103160552,0.014737943262411513,-0.014737943262411513,1.0,0.7101449275362319,0.18964975773490234,0.0019097222222222222,0.0007377479087065467,188.0,0.7096774193548386,0.0,0.08602150537634409,0.7702181749191067
small_long,nomotor_xlink,r0012,4.85,pulse_04,4.344275531914893,1.5856479545857716,0.004498705483108267,0.004498705483108267,1.0,0.7101449275362319,0.13761780296035447,0.0017795138888888889,0.0029285107341243677,188.0,0.7340425531914893,0.010638297872340425,0.08510638297872342,0.7792844319851918
small_long,nomotor_xlink,r0012,4.9,pulse_04,4.441869892473118,1.616781167565298,0.01037486654465051,0.01037486654465051,1.0,0.7101449275362319,0.17362807217588605,0.0018012152777777779,0.0036449215183334363,186.0,0.7419354838709677,0.01075268817204301,0.07526881720430108,0.7796606783598493
small_long,nomotor_xlink,r0012,4.95,pulse_04,4.406524731182796,1.6075174836957722,0.005272222222222123,-0.005272222222222123,1.0,0.7058823529411765,0.08596817923020576,0.0018012152777777779,0.006796009800065857,186.0,0.7311827956989247,0.01075268817204301,0.07526881720430108,0.7876768858482635
small_long,nomotor_xlink,r0012,5.0,pulse_04,4.410236559139785,1.576005108764903,0.0012372759856630704,0.0012372759856630704,1.0,0.6857142857142857,0.10524028440474308,0.0019314236111111112,0.010504124976956408,186.0,0.7311827956989247,0.01075268817204301,0.07526881720430108,0.7790406688305509
small_long,nomotor_xlink,r0012,5.05,pulse_05,4.38665,1.4825129193486064,0.0057023333333331054,-0.0057023333333331054,1.0,0.75,0.15893021044024877,0.001953125,0.008392426114442797,200.0,0.74,0.01,0.07,0.7709452596371881
small_long,nomotor_xlink,r0012,5.1,pulse_05,4.369543000000001,1.457335641005278,0.011655303030302969,0.011655303030302969,1.0,0.7464788732394366,0.18817080502076658,0.0018446180555555555,0.0012458021742714671,200.0,0.73,0.01,0.06999999999999999,0.7816692978403534
small_long,nomotor_xlink,r0012,5.15,pulse_05,4.456581818181818,1.4899877323942352,0.02050596464646448,0.02050596464646448,1.0,0.7222222222222222,0.14939387811235297,0.001953125,0.0012800602933307204,198.0,0.7474747474747474,0.0,0.07070707070707069,0.770996774738951
small_long,nomotor_xlink,r0012,5.2,pulse_05,4.492578787878788,1.4650160027652623,0.015290235690235576,0.015290235690235576,1.0,0.7333333333333333,0.07341121160030897,0.0019314236111111112,0.0006574552177327128,198.0,0.7474747474747475,0.0,0.0707070707070707,0.7876606903370758
small_long,nomotor_xlink,r0012,5.25,pulse_05,4.548323232323232,1.486043001087839,0.0058656565656565185,0.0058656565656565185,1.0,0.7368421052631579,0.1126239646804354,0.0019314236111111112,0.0006537762988402251,198.0,0.7575757575757576,0.0,0.0707070707070707,0.7850475762395523
small_long,nomotor_xlink,r0012,5.3,pulse_05,4.527772727272727,1.4689386605583037,0.01050942760942745,-0.01050942760942745,1.0,0.7368421052631579,0.14679514793395118,0.001953125,0.0028140730480537743,198.0,0.7373737373737377,0.0,0.0707070707070707,0.757567475560585
small_long,nomotor_xlink,r0012,5.35,pulse_05,4.485266666666667,1.5029274393761616,0.009698821548821623,-0.009698821548821623,1.0,0.7368421052631579,0.17998119204188195,0.001953125,0.004407032775544735,198.0,0.7373737373737375,0.0,0.0707070707070707,0.7553450833783911
small_long,nomotor_xlink,r0012,5.4,pulse_05,4.469579797979797,1.495380857211572,0.0005478114478115378,0.0005478114478115378,1.0,0.7368421052631579,0.10450055882955722,0.001974826388888889,0.009555350805966182,198.0,0.7171717171717173,0.0101010101010101,0.0707070707070707,0.7923146446094488
small_long,nomotor_xlink,r0012,5.45,pulse_05,4.488553535353536,1.4455953345403645,0.004700841750841771,0.004700841750841771,1.0,0.7333333333333333,0.19782995894281274,0.0018229166666666667,0.008731016929155752,198.0,0.7171717171717172,0.0101010101010101,0.0808080808080808,0.8051224180165634
small_long,nomotor_xlink,r0012,5.5,pulse_05,4.497784848484848,1.4429947556366376,0.00633333333333308,0.00633333333333308,1.0,0.6842105263157895,0.10942301879941371,0.0019965277777777776,0.0012283528322574178,198.0,0.7373737373737372,0.0,0.0707070707070707,0.7907225232119324
small_long,nomotor_xlink,r0012,5.55,pulse_05,4.526553535353535,1.43822521754682,0.008271885521885588,0.008271885521885588,1.0,0.6883116883116883,0.17417509640974907,0.0018446180555555555,0.005577879586601535,198.0,0.7474747474747476,0.0,0.0808080808080808,0.7812216662791799
small_long,nomotor_xlink,r0012,5.6,pulse_05,4.5474161616161615,1.4095274781170284,0.0016579124579122844,-0.0016579124579122844,1.0,0.7105263157894737,0.1999789805353583,0.0019965277777777776,0.0045541584381882565,198.0,0.7373737373737375,0.0,0.0808080808080808,0.7884329181781753
small_long,nomotor_xlink,r0012,5.65,pulse_05,4.516606060606061,1.4109002669176904,0.018603198653198632,-0.018603198653198632,1.0,0.7105263157894737,0.15987406134751872,0.001953125,0.0073439053081753025,198.0,0.7373737373737375,0.0101010101010101,0.0808080808080808,0.7800524156595802
small_long,nomotor_xlink,r0012,5.7,pulse_05,4.43579696969697,1.4535909099660802,0.02323905723905743,-0.02323905723905743,1.0,0.7066666666666667,0.13781355925011368,0.0018446180555555555,0.00010244561173785212,198.0,0.7171717171717171,0.0101010101010101,0.0808080808080808,0.7685132545862154
small_long,nomotor_xlink,r0012,5.75,pulse_05,4.377171717171716,1.4102855932472633,0.0047587542087542305,-0.0047587542087542305,1.0,0.6883116883116883,0.12757688933342434,0.001974826388888889,0.007523180436958025,198.0,0.7272727272727274,0.0101010101010101,0.0808080808080808,0.7563847400532031
small_long,nomotor_xlink,r0012,5.8,pulse_05,4.407244444444444,1.408451827344332,0.016012026729884,0.016012026729884,1.0,0.7333333333333333,0.05744861232416709,0.0019314236111111112,0.006073310863539978,198.0,0.7575757575757576,0.0101010101010101,0.0808080808080808,0.7950204639148168
small_long,nomotor_xlink,r0012,5.85,pulse_05,4.47324387755102,1.3738457280660235,0.0067087490551775986,0.0067087490551775986,1.0,0.7105263157894737,0.05746956677412838,0.002018229166666667,0.008429934757566518,196.0,0.7653061224489796,0.0,0.07142857142857144,0.7663441669522361
small_long,nomotor_xlink,r0012,5.9,pulse_05,4.44749693877551,1.4590314358897312,0.011077394978610045,0.011077394978610045,1.0,0.7837837837837838,0.1356688972464919,0.0018446180555555555,0.0004803456962532149,196.0,0.7653061224489797,0.010204081632653062,0.07142857142857144,0.7809936013964313
small_long,nomotor_xlink,r0012,5.95,pulse_05,4.539708247422681,1.3709636538885042,0.02386030401851465,0.02386030401851465,1.0,0.7297297297297297,0.11521185415262995,0.0018446180555555555,0.016851828437399297,194.0,0.7628865979381443,0.0,0.06185567010309277,0.790232172455883
small_long,nomotor_xlink,r0012,6.0,pulse_05,4.590658762886598,1.3579204652653354,0.01698350515463905,0.01698350515463905,1.0,0.7297297297297297,0.20507831866774406,0.001736111111111111,0.0043477295410562595,194.0,0.752577319587629,0.0,0.061855670103092786,0.7652702913379488
small_long,nomotor_xlink,r0012,6.05,pulse_06,4.568623232323232,1.4104589083445374,0.012564983164983149,0.012564983164983149,1.0,0.7368421052631579,0.18951716571988222,0.0020616319444444445,0.004720216153610031,198.0,0.7575757575757577,0.0,0.06060606060606061,0.7632424225329651
small_long,nomotor_xlink,r0012,6.1,pulse_06,4.606318181818182,1.3962982598837073,0.026287794612794773,0.026287794612794773,1.0,0.76,0.16560344646223882,0.0020833333333333333,0.0036587035026387125,198.0,0.7474747474747476,0.0,0.06060606060606061,0.7938767975354805
small_long,nomotor_xlink,r0012,6.15,pulse_06,4.726350000000001,1.388506687328705,0.01009918058132353,0.01009918058132353,1.0,0.7567567567567568,0.14531347665659444,0.001953125,0.005570580526602013,196.0,0.7653061224489797,0.0,0.05102040816326531,0.7676399232232698
small_long,nomotor_xlink,r0012,6.2,pulse_06,4.666913265306123,1.3628747767240952,0.022464795918367326,-0.022464795918367326,1.0,0.76,0.15341963002660575,0.0019097222222222222,0.0031244760876385502,196.0,0.7395833333333333,0.0,0.07291666666666667,0.7776761026558574
small_long,nomotor_xlink,r0012,6.25,pulse_06,4.591561224489797,1.4072535438545364,0.01817329931972811,-0.01817329931972811,1.0,0.7866666666666666,0.1446648432367186,0.002018229166666667,0.0008896971134593571,196.0,0.7244897959183673,0.0,0.061224489795918366,0.7529463255676098
small_long,nomotor_xlink,r0012,6.3,pulse_06,4.557873469387754,1.357536594043339,0.00637908163265329,-0.00637908163265329,1.0,0.7777777777777778,0.11548867734228083,0.001953125,0.003496036269999281,196.0,0.7244897959183672,0.0,0.06122448979591836,0.7724764456746338
small_long,nomotor_xlink,r0012,6.35,pulse_06,4.553286734693877,1.3862773262345407,0.0049736394557822194,-0.0049736394557822194,1.0,0.7808219178082192,0.058666965611303794,0.0019314236111111112,0.0022880359062127376,196.0,0.7244897959183674,0.0,0.07142857142857144,0.7768808006353696
small_long,nomotor_xlink,r0012,6.4,pulse_06,4.528031632653061,1.3438083786060626,0.013105819131776553,0.013105819131776553,1.0,0.76,0.12266479897683466,0.0018012152777777779,0.0007980618459478469,196.0,0.7244897959183673,0.01020408163265306,0.07142857142857142,0.7626724844399257
small_long,nomotor_xlink,r0012,6.45,pulse_06,4.6319216494845366,1.3910656973102278,0.023569985623115148,0.023569985623115148,1.0,0.7058823529411765,0.16106818083520125,0.0019097222222222222,0.0030399749297706316,194.0,0.7319587628865979,0.0,0.05154639175257732,0.7574499049645155
small_long,nomotor_xlink,r0012,6.5,pulse_06,4.669451546391752,1.3620482281846864,0.007551374570446671,0.007551374570446671,1.0,0.6764705882352942,0.1873084979252822,0.0017578125,0.0033748575810894263,194.0,0.7422680412371135,0.0,0.051546391752577324,0.7623106747964588
small_long,nomotor_xlink,r0012,6.55,pulse_06,4.677229896907217,1.3708165518236912,0.004968728522336689,-0.004968728522336689,1.0,0.6764705882352942,0.08001467021179594,0.0018880208333333333,0.0006370078394219251,194.0,0.7422680412371135,0.0,0.04123711340206186,0.7533257886484723
small_long,nomotor_xlink,r0012,6.6,pulse_06,4.639639175257732,1.3582261811481549,0.0038719931271478103,-0.0038719931271478103,1.0,0.6666666666666666,0.09070609177100315,0.0019314236111111112,0.0026593354734906574,194.0,0.7319587628865982,0.0,0.04123711340206186,0.762067847955858
small_long,nomotor_xlink,r0012,6.65,pulse_06,4.65399793814433,1.3867725646646352,0.0034549828178695265,0.0034549828178695265,1.0,0.6666666666666666,0.1066058311291341,0.0019097222222222222,0.0024467464102960377,194.0,0.7422680412371134,0.0,0.04123711340206186,0.7658602588362358
small_long,nomotor_xlink,r0012,6.7,pulse_06,4.660369072164949,1.3435457026863786,0.003921649484536142,0.003921649484536142,1.0,0.6666666666666666,0.11225779287119031,0.0018229166666666667,0.012627492880316208,194.0,0.7525773195876289,0.0,0.041237113402061855,0.7821036720800949
small_long,nomotor_xlink,r0012,6.75,pulse_06,4.677527835051547,1.311007607382738,0.0059206185567008225,0.0059206185567008225,1.0,0.6764705882352942,0.09188487301447104,0.001974826388888889,0.004155246042414573,194.0,0.752577319587629,0.0,0.04123711340206186,0.756179520152934
small_long,nomotor_xlink,r0012,6.8,pulse_06,4.695892783505154,1.368477178940866,0.0007441580756014273,-0.0007441580756014273,1.0,0.6470588235294118,0.1422518365688419,0.0018446180555555555,0.02591636516767215,194.0,0.752577319587629,0.0,0.04123711340206186,0.7524864955251678
small_long,nomotor_xlink,r0012,6.85,pulse_06,4.673062886597938,1.4665057983887708,0.0031800687285222415,-0.0031800687285222415,1.0,0.6470588235294118,0.10785496412617793,0.0018880208333333333,0.003157227882327492,194.0,0.7525773195876289,0.0,0.051546391752577324,0.757917416784133
small_long,nomotor_xlink,r0012,6.9,pulse_06,4.67681237113402,1.387420546234831,0.0035632302405499416,-0.0035632302405499416,1.0,0.6,0.06411940012443794,0.0019965277777777776,0.014559135853513686,194.0,0.7422680412371132,0.0,0.04123711340206186,0.7568377233587918
small_long,nomotor_xlink,r0012,6.95,pulse_06,4.651683505154638,1.3791509832676887,0.008846219931271401,-0.008846219931271401,1.0,0.6056338028169014,0.1714099806190305,0.001974826388888889,0.0001127906013580852,194.0,0.7422680412371134,0.0,0.04123711340206186,0.7541490934974515
small_long,nomotor_xlink,r0012,7.0,pulse_06,4.623735051546392,1.3880972898429795,0.009316151202748793,-0.009316151202748793,1.0,0.6521739130434783,0.0738393668968567,0.0018663194444444445,0.00298210219176361,194.0,0.7422680412371134,0.0,0.051546391752577324,0.7571224729656473
small_long,nomotor_xlink,r0012,7.05,pulse_07,4.640011,1.40301408187267,0.01459366666666669,-0.01459366666666669,1.0,0.6338028169014085,0.14137849185155657,0.001974826388888889,0.014539707080862163,200.0,0.7300000000000001,0.0,0.05,0.7841604233737879
small_long,nomotor_xlink,r0012,7.1,pulse_07,4.59623,1.4466332031152564,0.010740333333333426,-0.010740333333333426,1.0,0.6285714285714286,0.14972587208161112,0.0019965277777777776,0.01436919359024121,200.0,0.72,0.0,0.04,0.7546560651011068
small_long,nomotor_xlink,r0012,7.15,pulse_07,4.575569,1.4892292434141172,0.010743333333333252,-0.010743333333333252,1.0,0.5774647887323944,0.12871855607349672,0.0019097222222222222,0.0006648964780764007,200.0,0.7200000000000001,0.0,0.04,0.7738982912919085
small_long,nomotor_xlink,r0012,7.2,pulse_07,4.531770000000001,1.442643824246798,0.007232999999999971,-0.007232999999999971,1.0,0.6056338028169014,0.16740198388410446,0.0018880208333333333,0.014540282002445762,200.0,0.72,0.0,0.04,0.7671548852929323
small_long,nomotor_xlink,r0012,7.25,pulse_07,4.532171,1.4019875513994426,0.005184999999999847,0.005184999999999847,1.0,0.5833333333333334,0.14256726148834303,0.0018663194444444445,0.0011665451521554553,200.0,0.72,0.0,0.05,0.7725718360562431
small_long,nomotor_xlink,r0012,7.3,pulse_07,4.56288,1.4496430951597308,0.008591000000000015,-0.008591000000000015,1.0,0.6056338028169014,0.17950320314047943,0.001974826388888889,0.004838739958625937,200.0,0.71,0.0,0.05,0.7589587376982494
small_long,nomotor_xlink,r0012,7.35,pulse_07,4.480625,1.4310199911511983,0.014604000000000136,-0.014604000000000136,1.0,0.5714285714285714,0.16223474933548657,0.0020616319444444445,0.007400694384151918,200.0,0.7200000000000001,0.0,0.05,0.7773116280585801
small_long,nomotor_xlink,r0012,7.4,pulse_07,4.475255999999999,1.4052389288548193,0.003694166666666702,0.003694166666666702,1.0,0.5555555555555556,0.1672566274914259,0.0019965277777777776,0.0025831596509602317,200.0,0.71,0.0,0.04,0.7667338235140421
small_long,nomotor_xlink,r0012,7.45,pulse_07,4.50279,1.4155210332454369,0.004646000000000298,0.004646000000000298,1.0,0.6388888888888888,0.18345272223869757,0.002018229166666667,0.0029269498062194734,200.0,0.7100000000000001,0.0,0.04,0.7793176617639718
small_long,nomotor_xlink,r0012,7.5,pulse_07,4.503132000000001,1.3876772300175024,0.003996833333333338,-0.003996833333333338,1.0,0.5675675675675675,0.11797319041840747,0.0020399305555555557,0.007485711212289729,200.0,0.7100000000000002,0.0,0.05,0.7686480790636677
small_long,nomotor_xlink,r0012,7.55,pulse_07,4.478809,1.4604353005191753,0.0013168333333331006,0.0013168333333331006,1.0,0.5945945945945946,0.19371120832884092,0.002018229166666667,0.009695528274635415,200.0,0.7000000000000002,0.0,0.05,0.7664864982749188
small_long,nomotor_xlink,r0012,7.6,pulse_07,4.511032999999999,1.445850399665315,0.0016088333333333555,0.0016088333333333555,1.0,0.5945945945945946,0.16093393279061335,0.002126736111111111,0.004588350557724256,200.0,0.7,0.0,0.05,0.7746914176125619
small_long,nomotor_xlink,r0012,7.65,pulse_07,4.488462,1.4329051971728297,0.009768833333333227,-0.009768833333333227,1.0,0.6619718309859155,0.19897861859376736,0.0018880208333333333,0.0013019139064984382,200.0,0.7200000000000001,0.0,0.05,0.7686693281941811
small_long,nomotor_xlink,r0012,7.7,pulse_07,4.45242,1.4536618831043056,0.01734149999999997,-0.01734149999999997,1.0,0.6388888888888888,0.1890455333634351,0.0020616319444444445,0.008112349825751966,200.0,0.7000000000000001,0.0,0.06000000000000001,0.7581119375609439
small_long,nomotor_xlink,r0012,7.75,pulse_07,4.384413,1.4815792961273415,0.013223499999999907,-0.013223499999999907,1.0,0.6164383561643836,0.10233221282443614,0.0019097222222222222,0.005495006391102082,200.0,0.7000000000000001,0.0,0.06999999999999999,0.7757419268511391
small_long,nomotor_xlink,r0012,7.8,pulse_07,4.373079000000001,1.486631921450918,0.0035133333333332573,-0.0035133333333332573,1.0,0.5466666666666666,0.19491250761223747,0.0020833333333333333,0.0012259122375401683,200.0,0.6900000000000001,0.0,0.06999999999999999,0.7736853273151677
small_long,nomotor_xlink,r0012,7.85,pulse_07,4.363333000000001,1.4742238227021005,0.005092999999999866,0.005092999999999866,1.0,0.5675675675675675,0.1584451746088669,0.001953125,0.002209187046434876,200.0,0.69,0.0,0.08,0.7729948185152896
small_long,nomotor_xlink,r0012,7.9,pulse_07,4.403637,1.4733767991723088,0.005282499999999857,0.005282499999999857,1.0,0.6,0.16369059969998645,0.001953125,0.00247045831946476,200.0,0.6899999999999998,0.0,0.08,0.7888999542545635
small_long,nomotor_xlink,r0012,7.95,pulse_07,4.395028,1.459401072785312,0.009760666666666603,-0.009760666666666603,1.0,0.5277777777777778,0.14058449966929876,0.001974826388888889,0.003323750892257967,200.0,0.6900000000000001,0.0,0.08,0.7635658913063375
small_long,nomotor_xlink,r0012,8.0,pulse_07,4.345073,1.453434293818761,0.016651666666666582,-0.016651666666666582,1.0,0.5277777777777778,0.2501809578282216,0.0019314236111111112,0.001988926322183652,200.0,0.7,0.0,0.07999999999999999,0.7897162503858866
small_long,nomotor_xlink,r0013,0.0,initial,-1.0912684210526316,2.764910687573872,0.14059331983805667,0.14059331983805667,1.0,-0.17647058823529413,0.0,0.0004123263888888889,0.052633107103026454,38.0,0.15789473684210525,0.3684210526315789,0.631578947368421,0.6386344699047146
small_long,nomotor_xlink,r0013,0.05,initial,-0.6694884615384615,2.9228100088829514,0.05039473684210525,0.05039473684210525,1.0,-0.13043478260869565,0.2849041334816369,0.0004557291666666667,0.02548930706694345,52.0,0.23076923076923075,0.3846153846153846,0.6153846153846153,0.670507666803533
small_long,nomotor_xlink,r0013,0.1,initial,-0.7889,2.6119748451722113,0.022714222756410236,0.022714222756410236,1.0,-0.16666666666666666,0.5192916988841362,0.0005642361111111111,0.03930945102024971,58.0,0.20689655172413796,0.34482758620689663,0.6206896551724139,0.6838358650248435
small_long,nomotor_xlink,r0013,0.15000000000000002,initial,-0.5332031250000001,2.686953302761453,0.17274358974358975,0.17274358974358975,1.0,-0.1111111111111111,0.17256546444268128,0.0006076388888888889,0.025680941494889014,64.0,0.25,0.3125,0.59375,0.7216943836627567
small_long,nomotor_xlink,r0013,0.2,initial,0.24756153846153842,2.4578891962028773,0.202063699127907,0.202063699127907,1.0,-0.14285714285714285,0.3806888881234729,0.00078125,0.03563771996344641,78.0,0.30769230769230765,0.23076923076923075,0.5128205128205128,0.768086831410456
small_long,nomotor_xlink,r0013,0.25,initial,0.6791790697674419,2.4731269829807747,0.08859050116550116,0.08859050116550116,1.0,-0.034482758620689655,0.19802357752482885,0.0008029513888888889,0.0049439666883803746,86.0,0.32558139534883723,0.18604651162790697,0.46511627906976755,0.7939129660289903
small_long,nomotor_xlink,r0013,0.30000000000000004,initial,0.7791045454545453,2.428225396072595,0.039810155038759676,0.039810155038759676,1.0,0.0,0.3721972105376841,0.0008897569444444444,0.0010126541616097089,88.0,0.31818181818181807,0.1590909090909091,0.43181818181818177,0.7934332004381333
small_long,nomotor_xlink,r0013,0.35000000000000003,initial,0.91804,2.479202907950433,0.06258080270793039,0.06258080270793039,1.0,0.0967741935483871,0.41682199449903845,0.0009114583333333333,0.003927478476891825,90.0,0.3333333333333333,0.15555555555555553,0.4222222222222222,0.8027737333184968
small_long,nomotor_xlink,r0013,0.4,initial,1.1545893617021277,2.451790266933946,0.029248194444444448,0.029248194444444448,1.0,0.0625,0.2558084327873439,0.0009548611111111111,0.008856986380888276,94.0,0.36170212765957455,0.14893617021276595,0.4042553191489362,0.7911189888984407
small_long,nomotor_xlink,r0013,0.45,initial,1.0935291666666667,2.4260609896651033,0.07660882433169669,0.07660882433169669,1.0,0.125,0.3955997282645627,0.0009331597222222223,0.020571574580642515,96.0,0.33333333333333337,0.14583333333333334,0.39583333333333337,0.8372913697539929
small_long,nomotor_xlink,r0013,0.5,initial,1.6142423076923078,2.328360819450091,0.13452162698412704,0.13452162698412704,1.0,-0.02857142857142857,0.3265033649581525,0.0009765625,0.04386968285683546,104.0,0.40384615384615385,0.11538461538461538,0.3461538461538461,0.8240946501934012
small_long,nomotor_xlink,r0013,0.55,initial,1.9006589285714288,2.1628428925240906,0.041738270355375584,0.041738270355375584,1.0,0.07692307692307693,0.3256429540833458,0.0011501736111111111,0.03419176864953699,112.0,0.44642857142857134,0.10714285714285714,0.32142857142857134,0.8543307617815425
small_long,nomotor_xlink,r0013,0.6000000000000001,initial,1.8646719298245613,2.123210207552869,0.02523368139628727,0.02523368139628727,1.0,0.14285714285714285,0.31066689723112156,0.0011284722222222221,0.010996673579644659,114.0,0.4385964912280701,0.10526315789473684,0.3157894736842105,0.8463023150859182
small_long,nomotor_xlink,r0013,0.65,initial,2.0520610169491524,2.0968628510462226,0.04282380404563324,0.04282380404563324,1.0,0.16279069767441862,0.3734571729048056,0.0012152777777777778,0.018924597780691554,118.0,0.4576271186440678,0.10169491525423728,0.30508474576271183,0.8480599097607545
small_long,nomotor_xlink,r0013,0.7000000000000001,initial,2.1216147540983608,2.0096626208687196,0.01146687968880237,0.01146687968880237,1.0,0.3181818181818182,0.2870933300878407,0.0012152777777777778,0.024698550709015794,122.0,0.4754098360655739,0.09836065573770492,0.29508196721311475,0.8583708597238559
small_long,nomotor_xlink,r0013,0.75,initial,2.1208622950819667,1.9486715467921278,0.00534135818790767,0.00534135818790767,1.0,0.18181818181818182,0.30771403610041564,0.0012803819444444444,0.02183246952937734,122.0,0.4754098360655739,0.09836065573770492,0.29508196721311475,0.8233385534308568
small_long,nomotor_xlink,r0013,0.8,initial,2.153662903225807,1.8786678036924556,0.026288054986338905,0.026288054986338905,1.0,0.2,0.3921974215316173,0.0011067708333333333,0.024811916803571272,124.0,0.4677419354838709,0.0967741935483871,0.29032258064516125,0.8308265559123762
small_long,nomotor_xlink,r0013,0.8500000000000001,initial,2.278590625,1.7998000459707002,0.04742259693711307,0.04742259693711307,1.0,0.23404255319148937,0.37512619733919766,0.0013237847222222223,0.004340739781431346,128.0,0.484375,0.109375,0.28125,0.8408865672155664
small_long,nomotor_xlink,r0013,0.9,initial,2.4381984848484852,1.8526233650038675,0.01818565340909095,0.01818565340909095,1.0,0.2653061224489796,0.34907771492063694,0.0013237847222222223,0.007784477702884225,132.0,0.5000000000000001,0.09090909090909091,0.2727272727272728,0.8233629589716046
small_long,nomotor_xlink,r0013,0.9500000000000001,initial,2.387704545454546,1.8465069121880056,0.0025298469772350916,-0.0025298469772350916,1.0,0.21739130434782608,0.27385916557657314,0.001345486111111111,0.0008915935130724048,132.0,0.48484848484848486,0.09090909090909091,0.2727272727272728,0.8416006834783506
small_long,nomotor_xlink,r0013,1.0,initial,2.4230194029850747,1.847273803925433,0.01177161917684296,0.01177161917684296,1.0,0.25,0.3008590084025153,0.001388888888888889,0.0002556305791424999,134.0,0.5074626865671641,0.08955223880597014,0.26865671641791045,0.8503057546576553
small_long,nomotor_xlink,r0013,1.05,pulse_01,2.5581549295774653,1.8135830103752517,0.0089659494001042,0.0089659494001042,1.0,0.3076923076923077,0.21011093970736772,0.001388888888888889,0.00019044450117466916,142.0,0.5352112676056338,0.09859154929577466,0.2535211267605634,0.831774753484499
small_long,nomotor_xlink,r0013,1.1,pulse_01,2.585052777777778,1.8141543438787757,0.030930484710062062,0.030930484710062062,1.0,0.29411764705882354,0.2937911602876167,0.0014539930555555556,0.0024093619755618523,144.0,0.5416666666666665,0.08333333333333333,0.24999999999999994,0.8358476789978946
small_long,nomotor_xlink,r0013,1.15,pulse_01,2.7437378378378376,1.7991268385218806,0.02843675925925922,0.02843675925925922,1.0,0.35714285714285715,0.24025834734223675,0.0014973958333333334,0.00570912087967701,148.0,0.554054054054054,0.09459459459459459,0.2432432432432432,0.8308822529723279
small_long,nomotor_xlink,r0013,1.2,pulse_01,2.755673333333333,1.7798996186007137,0.004498239148239176,0.004498239148239176,1.0,0.34545454545454546,0.25388543056002266,0.0014756944444444444,0.010295404272127237,150.0,0.5599999999999999,0.07999999999999999,0.24,0.8391473472443025
small_long,nomotor_xlink,r0013,1.25,pulse_01,2.7707272727272727,1.7373544128891172,0.015646111111111177,0.015646111111111177,1.0,0.3684210526315789,0.21552206561890447,0.0015190972222222222,0.010019012079577191,154.0,0.5714285714285714,0.09090909090909091,0.23376623376623376,0.8340650389757287
small_long,nomotor_xlink,r0013,1.3,pulse_01,2.8495500000000002,1.7197855461232505,0.022473232323232322,0.022473232323232322,1.0,0.38181818181818183,0.24213594448521605,0.0015190972222222222,0.0025469892376619083,152.0,0.5657894736842106,0.06578947368421052,0.2236842105263158,0.8430723553569373
small_long,nomotor_xlink,r0013,1.35,pulse_01,2.9055666666666666,1.7526363483150886,0.02666396103896096,0.02666396103896096,1.0,0.4074074074074074,0.20012701898829424,0.0014756944444444444,0.00023387899142068846,150.0,0.5733333333333335,0.06666666666666668,0.21333333333333332,0.8365213287698786
small_long,nomotor_xlink,r0013,1.4,pulse_01,3.009533766233766,1.7183822721747264,0.029232264957264942,0.029232264957264942,1.0,0.43859649122807015,0.1536541905788697,0.0014105902777777778,0.009770373434503746,154.0,0.5844155844155844,0.051948051948051945,0.20779220779220778,0.8201886059635668
small_long,nomotor_xlink,r0013,1.45,pulse_01,3.0809602564102563,1.6940141077080662,0.016054709847115028,0.016054709847115028,1.0,0.4482758620689655,0.10176164232009281,0.0015190972222222222,0.01615887509134843,156.0,0.5769230769230771,0.05128205128205129,0.21794871794871798,0.8291800420675427
small_long,nomotor_xlink,r0013,1.5,pulse_01,3.105862025316456,1.6214290216266358,0.012726171256726815,0.012726171256726815,1.0,0.4576271186440678,0.19273212204275486,0.0016059027777777777,0.01277150685983719,158.0,0.5949367088607594,0.05063291139240506,0.2151898734177215,0.812642069355989
small_long,nomotor_xlink,r0013,1.55,pulse_01,3.157317283950617,1.617385066549043,0.01047502830091577,0.01047502830091577,1.0,0.4838709677419355,0.10574275585898188,0.0014756944444444444,0.007726169139253725,162.0,0.5925925925925927,0.04938271604938271,0.2098765432098765,0.8407114422934764
small_long,nomotor_xlink,r0013,1.6,pulse_01,3.168712195121951,1.5750720067911135,0.008078243839555688,0.008078243839555688,1.0,0.5,0.1145216463641508,0.001584201388888889,0.002365011192473528,164.0,0.5853658536585367,0.07317073170731707,0.20731707317073172,0.8165156494098308
small_long,nomotor_xlink,r0013,1.65,pulse_01,3.2057867469879513,1.6031949993942018,0.027228690371241093,0.027228690371241093,1.0,0.49206349206349204,0.17892969026469097,0.0016276041666666667,0.007440702278643981,166.0,0.6024096385542169,0.07228915662650602,0.2048192771084337,0.8196173133290092
small_long,nomotor_xlink,r0013,1.7000000000000002,pulse_01,3.3320843373493974,1.6197162204629774,0.0579306641198943,0.0579306641198943,1.0,0.5,0.1551576987436624,0.0016710069444444444,0.0050132017295230575,166.0,0.6024096385542169,0.04819277108433735,0.19277108433734938,0.825371905921673
small_long,nomotor_xlink,r0013,1.75,pulse_01,3.553370731707317,1.5731157890170635,0.050502015203671924,0.050502015203671924,1.0,0.5555555555555556,0.13242314646730688,0.0016059027777777777,0.010172050510750466,164.0,0.6341463414634149,0.024390243902439025,0.1707317073170732,0.8021544019751667
small_long,nomotor_xlink,r0013,1.8,pulse_01,3.635096428571429,1.5586839173984746,0.01635507412721182,0.01635507412721182,1.0,0.5757575757575758,0.1652463927198735,0.001584201388888889,0.005210478736946023,168.0,0.6428571428571429,0.03571428571428572,0.1785714285714286,0.7929810143530167
small_long,nomotor_xlink,r0013,1.85,pulse_01,3.651501176470588,1.5418529165953874,0.010371953781512566,-0.010371953781512566,1.0,0.6060606060606061,0.13812949418177872,0.0016927083333333334,0.0011648662475806832,170.0,0.6352941176470589,0.03529411764705882,0.1647058823529412,0.8121025831282956
small_long,nomotor_xlink,r0013,1.9,pulse_01,3.5728647058823535,1.5516947199129905,0.016634692202462126,-0.016634692202462126,1.0,0.6119402985074627,0.1349458369991671,0.001584201388888889,0.006787147710927847,170.0,0.6352941176470589,0.047058823529411764,0.18823529411764708,0.8183273742656174
small_long,nomotor_xlink,r0013,1.9500000000000002,pulse_01,3.5516930232558153,1.5011300303298203,0.0041532261741906345,-0.0041532261741906345,1.0,0.6176470588235294,0.20515582345427902,0.001736111111111111,0.009606406244493937,172.0,0.6395348837209303,0.046511627906976744,0.18604651162790697,0.805751562879133
small_long,nomotor_xlink,r0013,2.0,pulse_01,3.5479453488372097,1.4940562824460268,0.0012492248062018578,-0.0012492248062018578,1.0,0.6060606060606061,0.1637632692547553,0.0017795138888888889,0.002357915961264482,172.0,0.6395348837209304,0.058139534883720936,0.18604651162790697,0.8034883721289605
small_long,nomotor_xlink,r0013,2.05,pulse_02,3.5621886363636364,1.5223455279856362,0.018526893939393958,-0.018526893939393958,1.0,0.6,0.2059292741385129,0.0018229166666666667,0.010034055278518824,176.0,0.659090909090909,0.05681818181818181,0.19318181818181815,0.8176466761100589
small_long,nomotor_xlink,r0013,2.1,pulse_02,3.5066079545454545,1.5524476938211926,0.00976609848484844,-0.00976609848484844,1.0,0.6176470588235294,0.17190413463031948,0.0017795138888888889,0.0026725184427904467,176.0,0.659090909090909,0.05681818181818181,0.19318181818181818,0.8098014573602422
small_long,nomotor_xlink,r0013,2.15,pulse_02,3.5035920454545457,1.5063104173288935,0.048336517379679256,0.048336517379679256,1.0,0.6231884057971014,0.2243193480118335,0.0018663194444444445,0.0036249280415022365,176.0,0.6477272727272727,0.05681818181818181,0.2045454545454545,0.8230455209442066
small_long,nomotor_xlink,r0013,2.2,pulse_02,3.79662705882353,1.5306981255721792,0.04918720811051669,0.04918720811051669,1.0,0.5588235294117647,0.10241441133366071,0.0017578125,0.005436410708641796,170.0,0.6705882352941176,0.023529411764705882,0.17647058823529413,0.780616126903154
small_long,nomotor_xlink,r0013,2.25,pulse_02,3.798715294117646,1.5389288815807443,0.01224826797385603,0.01224826797385603,1.0,0.5652173913043478,0.1265447157607263,0.0017144097222222222,0.000541711709347914,170.0,0.6705882352941177,0.023529411764705882,0.17647058823529413,0.8007030507906724
small_long,nomotor_xlink,r0013,2.3,pulse_02,3.870116666666666,1.5339483958282667,0.018190704948646347,0.018190704948646347,1.0,0.5882352941176471,0.15648822507483282,0.0017144097222222222,0.0018189139782616899,168.0,0.6785714285714287,0.011904761904761906,0.1666666666666667,0.7963882242366895
small_long,nomotor_xlink,r0013,2.35,pulse_02,3.907859523809524,1.5498423654503144,0.008417460317460415,0.008417460317460415,1.0,0.582089552238806,0.09961304640285813,0.001736111111111111,0.0006734045732045649,168.0,0.6785714285714286,0.011904761904761904,0.16666666666666669,0.7909336704149904
small_long,nomotor_xlink,r0013,2.4,pulse_02,3.9206214285714287,1.5299079683890393,0.001749801587301573,-0.001749801587301573,1.0,0.582089552238806,0.11097811526540956,0.001736111111111111,0.0028027196608788607,168.0,0.6785714285714285,0.011904761904761904,0.16666666666666669,0.7883708025033371
small_long,nomotor_xlink,r0013,2.45,pulse_02,3.8973607142857145,1.5330260474850412,0.006588888888889051,-0.006588888888889051,1.0,0.5882352941176471,0.11509641370910154,0.0016927083333333334,0.00642903871121725,168.0,0.6785714285714285,0.011904761904761904,0.16666666666666669,0.7919356043783047
small_long,nomotor_xlink,r0013,2.5,pulse_02,3.8810880952380944,1.5684822006563428,0.017073611111111164,-0.017073611111111164,1.0,0.5757575757575758,0.0428541052078679,0.0017144097222222222,0.01274811785134585,168.0,0.6785714285714286,0.011904761904761904,0.16666666666666669,0.807231859041241
small_long,nomotor_xlink,r0013,2.55,pulse_02,3.7949190476190475,1.6095147545931163,0.024793849206349156,-0.024793849206349156,1.0,0.5757575757575758,0.06640445380788908,0.0016493055555555556,0.007428305230130272,168.0,0.6666666666666666,0.023809523809523808,0.16666666666666669,0.808841436130631
small_long,nomotor_xlink,r0013,2.6,pulse_02,3.7323249999999994,1.6130520320371244,0.016668055555555544,-0.016668055555555544,1.0,0.6060606060606061,0.123584970925793,0.0016710069444444444,3.0051401925801358e-05,168.0,0.6666666666666665,0.011904761904761904,0.16666666666666669,0.8206435288870992
small_long,nomotor_xlink,r0013,2.65,pulse_02,3.6949107142857143,1.6096950630046711,0.0005819444444443711,0.0005819444444443711,1.0,0.6417910447761194,0.09458228993602553,0.0017144097222222222,0.0006291088851413754,168.0,0.6666666666666666,0.011904761904761904,0.16666666666666669,0.8127350560039908
small_long,nomotor_xlink,r0013,2.7,pulse_02,3.7358166666666657,1.6168266853479727,0.011168606442577259,0.011168606442577259,1.0,0.6666666666666666,0.03608646213333179,0.0016493055555555556,0.0015031142741634973,168.0,0.6666666666666666,0.011904761904761906,0.1666666666666667,0.8063138882032277
small_long,nomotor_xlink,r0013,2.75,pulse_02,3.761922352941178,1.6006763773596902,0.005146045751634058,0.005146045751634058,1.0,0.696969696969697,0.10110789920971637,0.0017795138888888889,0.004158019560434563,170.0,0.6705882352941176,0.011764705882352941,0.1647058823529412,0.809785508003804
small_long,nomotor_xlink,r0013,2.8,pulse_02,3.76669294117647,1.5918785679853653,0.004746862745097946,0.004746862745097946,1.0,0.6716417910447762,0.14575092380279553,0.0017795138888888889,0.003955644406154701,170.0,0.6705882352941176,0.011764705882352941,0.1647058823529412,0.805877791990974
small_long,nomotor_xlink,r0013,2.85,pulse_02,3.7904035294117655,1.576942510922762,0.016963725490196275,0.016963725490196275,1.0,0.6716417910447762,0.10917418963584682,0.0017144097222222222,0.004038883552384169,170.0,0.6705882352941177,0.011764705882352941,0.1647058823529412,0.813507380731799
small_long,nomotor_xlink,r0013,2.9,pulse_02,3.8684752941176477,1.5676452666710603,0.016499803921568617,0.016499803921568617,1.0,0.7014925373134329,0.10152353706428988,0.0017144097222222222,0.003527819255086125,170.0,0.6823529411764705,0.011764705882352941,0.17647058823529413,0.8178778187120133
small_long,nomotor_xlink,r0013,2.95,pulse_02,3.889402352941177,1.5557755953922452,0.003714117647058831,-0.003714117647058831,1.0,0.6666666666666666,0.12889586627722205,0.0017578125,0.0015849773980619968,170.0,0.6785714285714285,0.011904761904761904,0.17857142857142858,0.7962488116728477
small_long,nomotor_xlink,r0013,3.0,pulse_02,3.8461905882352947,1.5581354022826883,0.014403921568627501,-0.014403921568627501,1.0,0.6666666666666666,0.13873616118859125,0.0017795138888888889,0.000786602296814376,170.0,0.6823529411764705,0.011764705882352941,0.17647058823529413,0.7977076122988309
small_long,nomotor_xlink,r0013,3.05,pulse_03,4.00916976744186,1.5920549322999942,0.004601550387596613,-0.004601550387596613,1.0,0.5362318840579711,0.14154975866893146,0.0017795138888888889,0.0001491118022208434,172.0,0.6976744186046513,0.0,0.16279069767441862,0.80293732517974
small_long,nomotor_xlink,r0013,3.1,pulse_03,3.9953651162790704,1.5925022677066567,0.007031007751938064,-0.007031007751938064,1.0,0.5142857142857142,0.17188123116789175,0.0017795138888888889,0.0006908206966574163,172.0,0.6941176470588237,0.0,0.16470588235294123,0.8051513577548207
small_long,nomotor_xlink,r0013,3.15,pulse_03,3.966983720930232,1.5879100081200497,0.0018333333333335016,-0.0018333333333335016,1.0,0.5277777777777778,0.1290875695086696,0.0017578125,0.000776697819630893,172.0,0.6976744186046513,0.0,0.16279069767441862,0.8007539115750285
small_long,nomotor_xlink,r0013,3.2,pulse_03,3.9843651162790694,1.5878420807888713,0.0017569767441859934,0.0017569767441859934,1.0,0.5277777777777778,0.14331911758435426,0.0018229166666666667,0.0032282263093531918,172.0,0.6976744186046513,0.0,0.16279069767441862,0.7999292054628234
small_long,nomotor_xlink,r0013,3.25,pulse_03,3.977525581395348,1.6072793659761688,0.005787790697674359,0.005787790697674359,1.0,0.5211267605633803,0.1835224435328395,0.0018012152777777779,0.001523698446841378,172.0,0.6976744186046513,0.0,0.16279069767441862,0.8043257879273886
small_long,nomotor_xlink,r0013,3.3,pulse_03,4.019091860465116,1.5969842714699196,0.0029023255813955076,0.0029023255813955076,1.0,0.5,0.0779271911204517,0.0017795138888888889,0.005494647808846416,172.0,0.6976744186046513,0.0,0.16279069767441862,0.8107813085608199
small_long,nomotor_xlink,r0013,3.35,pulse_03,3.994939534883721,1.5743114791230903,0.01203003875968974,-0.01203003875968974,1.0,0.5,0.18677766350974503,0.0018229166666666667,0.006702607827954843,172.0,0.6976744186046512,0.0,0.16279069767441862,0.7953489406818515
small_long,nomotor_xlink,r0013,3.4,pulse_03,3.946911627906977,1.5567686245021906,0.008606976744186015,-0.008606976744186015,1.0,0.5211267605633803,0.1873790297465589,0.0016710069444444444,0.002060899224397746,172.0,0.6976744186046513,0.0,0.1744186046511628,0.7849117141218813
small_long,nomotor_xlink,r0013,3.45,pulse_03,3.943297674418605,1.5619460837767039,0.006240697674418631,-0.006240697674418631,1.0,0.5,0.10940448972249257,0.0017578125,0.00017436352258822416,172.0,0.6976744186046511,0.0,0.1627906976744186,0.7893507615278114
small_long,nomotor_xlink,r0013,3.5,pulse_03,3.9094674418604654,1.5557224433666612,0.017256782945736626,-0.017256782945736626,1.0,0.5211267605633803,0.21177887231771303,0.001736111111111111,0.0007153375206501907,172.0,0.6976744186046511,0.0,0.17441860465116277,0.8001553527205952
small_long,nomotor_xlink,r0013,3.55,pulse_03,3.839756976744185,1.566238108900605,0.00952906976744187,-0.00952906976744187,1.0,0.4794520547945205,0.1796093984844256,0.0016927083333333334,0.0029259285893763476,172.0,0.6860465116279071,0.0,0.1744186046511628,0.8141567929105503
small_long,nomotor_xlink,r0013,3.6,pulse_03,3.852293023255814,1.5732780149029193,0.0001645348837208497,-0.0001645348837208497,1.0,0.5,0.17958070232705015,0.0017795138888888889,0.0010137711508432234,172.0,0.6976744186046513,0.0,0.1744186046511628,0.8045094702437954
small_long,nomotor_xlink,r0013,3.65,pulse_03,3.83876976744186,1.5723207358056643,0.004955232558139455,-0.004955232558139455,1.0,0.5211267605633803,0.20942414489294017,0.001736111111111111,0.0006222423833892599,172.0,0.6860465116279071,0.011627906976744186,0.1744186046511628,0.8221844586080371
small_long,nomotor_xlink,r0013,3.7,pulse_03,3.8225616279069774,1.5770114692032549,0.005598255813953272,-0.005598255813953272,1.0,0.5211267605633803,0.20623033112216532,0.0018229166666666667,0.0034064659654253018,172.0,0.686046511627907,0.023255813953488372,0.1744186046511628,0.8192238507963333
small_long,nomotor_xlink,r0013,3.75,pulse_03,3.8051802325581403,1.5927595315982161,0.010276937984496174,-0.010276937984496174,1.0,0.5211267605633803,0.23607917093606912,0.0018012152777777779,0.004181676392151575,172.0,0.6860465116279071,0.023255813953488372,0.1744186046511628,0.8190401684799264
small_long,nomotor_xlink,r0013,3.8,pulse_03,3.7609000000000004,1.6021015275561643,0.014036046511628042,-0.014036046511628042,1.0,0.5211267605633803,0.20100412398579207,0.0016927083333333334,0.001136866786974074,172.0,0.6860465116279072,0.023255813953488372,0.1744186046511628,0.7982800968681358
small_long,nomotor_xlink,r0013,3.85,pulse_03,3.720963953488372,1.5995807323200606,0.005279215686274208,0.005279215686274208,1.0,0.5211267605633803,0.12681376507548475,0.001736111111111111,0.005386167128234624,172.0,0.6744186046511628,0.023255813953488372,0.1744186046511628,0.8095290162243657
small_long,nomotor_xlink,r0013,3.9,pulse_03,3.7925752941176456,1.5697845247867566,0.019338745847176025,0.019338745847176025,1.0,0.5652173913043478,0.12655188858768637,0.0017795138888888889,0.006153895829356215,170.0,0.6941176470588235,0.011764705882352941,0.1647058823529412,0.8094138214341338
small_long,nomotor_xlink,r0013,3.95,pulse_03,3.836996428571428,1.5626573573439233,0.0035235620915035812,0.0035235620915035812,1.0,0.49295774647887325,0.1323482221128053,0.0016493055555555556,0.006667126431241344,168.0,0.7023809523809524,0.0,0.1547619047619048,0.7865598465522533
small_long,nomotor_xlink,r0013,4.0,pulse_03,3.813716666666667,1.5297817661993085,0.00775992063492037,-0.00775992063492037,1.0,0.4647887323943662,0.26124453741029435,0.0016927083333333334,0.010958530381538267,168.0,0.7023809523809523,0.0,0.15476190476190477,0.7931690700579093
small_long,nomotor_xlink,r0013,4.05,pulse_04,3.906697752808989,1.6308142278508966,0.004920973782771565,0.004920973782771565,1.0,0.5263157894736842,0.21133743608786554,0.0018229166666666667,0.004241285136073951,178.0,0.7078651685393259,0.0,0.15730337078651688,0.7983301913736686
small_long,nomotor_xlink,r0013,4.1,pulse_04,3.9214606741573035,1.6180903724426747,0.0013035580524344652,0.0013035580524344652,1.0,0.5263157894736842,0.15793676262532907,0.0018446180555555555,0.001009224129629412,178.0,0.7191011235955055,0.0,0.15730337078651688,0.8001881467350147
small_long,nomotor_xlink,r0013,4.15,pulse_04,3.9145191011235956,1.62475888307312,0.005528277153558007,-0.005528277153558007,1.0,0.5064935064935064,0.23385013311557512,0.0018663194444444445,0.0025443439162798898,178.0,0.7078651685393259,0.0,0.15730337078651688,0.810083784621883
small_long,nomotor_xlink,r0013,4.2,pulse_04,3.8882910112359554,1.633356435940354,0.0013102996254680626,-0.0013102996254680626,1.0,0.5064935064935064,0.19941132658993693,0.0018880208333333333,0.00042422797719558297,178.0,0.707865168539326,0.0,0.1573033707865169,0.8030948691581027
small_long,nomotor_xlink,r0013,4.25,pulse_04,3.906657303370787,1.6273042509362936,0.009507303370786572,-0.009507303370786572,1.0,0.5263157894736842,0.18371398960244792,0.0017578125,0.0025368653276919653,178.0,0.7078651685393258,0.0,0.15730337078651688,0.7936524575083993
small_long,nomotor_xlink,r0013,4.3,pulse_04,3.831247191011236,1.6181352439742023,0.02097247191011246,-0.02097247191011246,1.0,0.5064935064935064,0.11975014573762673,0.0018663194444444445,0.0011900337363845621,178.0,0.7078651685393258,0.0,0.16853932584269665,0.7939502279206877
small_long,nomotor_xlink,r0013,4.35,pulse_04,3.7808224719101124,1.634444453354601,0.010521722846441964,-0.010521722846441964,1.0,0.5064935064935064,0.19729333927968676,0.0018229166666666667,0.0005615584144093022,178.0,0.6853932584269663,0.0,0.16853932584269665,0.8016329288909066
small_long,nomotor_xlink,r0013,4.4,pulse_04,3.768116853932584,1.6147658934877465,0.0025507490636704024,0.0025507490636704024,1.0,0.5064935064935064,0.14947853369159061,0.0017578125,0.0042256123346708545,178.0,0.6853932584269663,0.0,0.16853932584269665,0.7916170113694014
small_long,nomotor_xlink,r0013,4.45,pulse_04,3.796126966292135,1.6090907793465759,0.0033054307116104167,0.0033054307116104167,1.0,0.5064935064935064,0.18994622294290323,0.0018663194444444445,0.002171501962794179,178.0,0.6853932584269662,0.0,0.15730337078651688,0.7949989949824293
small_long,nomotor_xlink,r0013,4.5,pulse_04,3.7879494382022467,1.6277949052645115,0.003727902621722882,0.003727902621722882,1.0,0.5064935064935064,0.15723259506697093,0.0017144097222222222,0.004892887263955019,178.0,0.6853932584269663,0.0,0.16853932584269665,0.7967366707091388
small_long,nomotor_xlink,r0013,4.55,pulse_04,3.818494382022472,1.638448102930306,0.00981104868913866,0.00981104868913866,1.0,0.5064935064935064,0.20947531503428077,0.0018663194444444445,0.00275776933157057,178.0,0.6853932584269663,0.0,0.15730337078651688,0.8027970987458143
small_long,nomotor_xlink,r0013,4.6,pulse_04,3.8468157303370787,1.6112482892750881,0.0027217228464420096,0.0027217228464420096,1.0,0.5064935064935064,0.19013658923745588,0.0019097222222222222,0.006602087261023848,178.0,0.6966292134831461,0.0,0.16853932584269665,0.8057038211689023
small_long,nomotor_xlink,r0013,4.65,pulse_04,3.834824719101124,1.5988355793641629,0.002534456928839024,0.002534456928839024,1.0,0.5064935064935064,0.16395945869558146,0.0018880208333333333,0.007195834585375501,178.0,0.6853932584269664,0.0,0.16853932584269665,0.8002912682583474
small_long,nomotor_xlink,r0013,4.7,pulse_04,3.862022471910113,1.5680732817628351,0.0014301498127341123,-0.0014301498127341123,1.0,0.5064935064935064,0.11453056797188658,0.0017795138888888889,0.006981185223608651,178.0,0.6853932584269662,0.0,0.16853932584269665,0.8027970987458143
small_long,nomotor_xlink,r0013,4.75,pulse_04,3.8262438202247195,1.556948468022511,0.004598314606741649,-0.004598314606741649,1.0,0.5064935064935064,0.1454587486994731,0.001736111111111111,0.0036551981503244826,178.0,0.6853932584269663,0.0,0.16853932584269665,0.8156327947712423
small_long,nomotor_xlink,r0013,4.8,pulse_04,3.834432584269663,1.5461420928608882,0.007845692883894953,0.007845692883894953,1.0,0.49333333333333335,0.26594497980927806,0.0018663194444444445,3.999639051521786e-05,178.0,0.6853932584269664,0.0,0.16853932584269665,0.8256028019124295
small_long,nomotor_xlink,r0013,4.85,pulse_04,3.8733179775280893,1.5571884463656023,0.003267041198501852,0.003267041198501852,1.0,0.52,0.23523765106402414,0.0018012152777777779,0.0010485653372101316,178.0,0.6853932584269664,0.0,0.15730337078651688,0.826411990212034
small_long,nomotor_xlink,r0013,4.9,pulse_04,3.854034831460674,1.552433484884149,0.014938576779026214,-0.014938576779026214,1.0,0.5135135135135135,0.2765153928666762,0.0018880208333333333,0.0012237285138985514,178.0,0.6853932584269663,0.0,0.15730337078651688,0.8196577766689199
small_long,nomotor_xlink,r0013,4.95,pulse_04,3.783686516853932,1.549846075282211,0.015487827715355618,-0.015487827715355618,1.0,0.5135135135135135,0.2461491572955272,0.0018446180555555555,0.0007825542584864639,178.0,0.6741573033707865,0.011235955056179775,0.16853932584269665,0.8050844049167826
small_long,nomotor_xlink,r0013,5.0,pulse_04,3.7611078651685403,1.5571288104350678,0.007526217228463879,-0.007526217228463879,1.0,0.5135135135135135,0.16654505259137825,0.0017578125,0.002427578384285608,178.0,0.6741573033707865,0.011235955056179775,0.16853932584269665,0.8211607504749632
small_long,nomotor_xlink,r0013,5.05,pulse_05,3.8837072916666666,1.6997242222553592,0.021072306286549807,0.021072306286549807,1.0,0.5609756097560976,0.19698390095378754,0.0019314236111111112,0.0066212715184506,192.0,0.6979166666666667,0.010416666666666668,0.15625000000000003,0.8049852785282057
small_long,nomotor_xlink,r0013,5.1,pulse_05,3.946924210526316,1.6798604077000074,0.009884398757309917,0.009884398757309917,1.0,0.569620253164557,0.18381722645070112,0.0018446180555555555,0.005731950298307087,190.0,0.7052631578947369,0.0,0.14736842105263154,0.8106752352456726
small_long,nomotor_xlink,r0013,5.15,pulse_05,3.943013684210526,1.6653325204655167,0.0048677192982455875,-0.0048677192982455875,1.0,0.575,0.19334810148735093,0.002018229166666667,0.0008705144065613846,190.0,0.7052631578947367,0.0,0.14736842105263154,0.8112555304713427
small_long,nomotor_xlink,r0013,5.2,pulse_05,3.9177178947368425,1.6850834941393757,0.009894350503919439,0.009894350503919439,1.0,0.569620253164557,0.1897713491079249,0.001953125,8.719224597775188e-05,190.0,0.702127659574468,0.010638297872340425,0.1702127659574468,0.8142099598053345
small_long,nomotor_xlink,r0013,5.25,pulse_05,4.002379787234043,1.6648093669896502,0.016925386338185817,0.016925386338185817,1.0,0.569620253164557,0.1606580613089708,0.0019314236111111112,0.0023435969255054534,188.0,0.7127659574468086,0.0,0.14893617021276598,0.8027138955905466
small_long,nomotor_xlink,r0013,5.3,pulse_05,4.019270212765957,1.671021912586343,0.004147163120567399,0.004147163120567399,1.0,0.5641025641025641,0.1973190236126222,0.0018446180555555555,0.005729750743700708,188.0,0.7127659574468084,0.0,0.1595744680851064,0.8044883406323629
small_long,nomotor_xlink,r0013,5.35,pulse_05,4.027262765957447,1.6991878714518545,0.0014551418439716635,0.0014551418439716635,1.0,0.5641025641025641,0.19209260163744574,0.001953125,0.0046818771040625,188.0,0.7127659574468085,0.0,0.13829787234042554,0.7995868356008211
small_long,nomotor_xlink,r0013,5.4,pulse_05,4.028001063829787,1.699113175210718,0.006256205673758952,-0.006256205673758952,1.0,0.5844155844155844,0.1960755590773231,0.001974826388888889,0.00019311517108204038,188.0,0.7127659574468087,0.0,0.14893617021276598,0.7919604439340389
small_long,nomotor_xlink,r0013,5.45,pulse_05,3.9897255319148934,1.6980291804253622,0.007268262411347666,-0.007268262411347666,1.0,0.5641025641025641,0.18443342840026633,0.0019965277777777776,0.00045985319995200946,188.0,0.7127659574468084,0.0,0.14893617021276598,0.7892564201796173
small_long,nomotor_xlink,r0013,5.5,pulse_05,3.9843914893617014,1.70187229441043,0.004799999999999989,-0.004799999999999989,1.0,0.5584415584415584,0.18860455514024083,0.0018880208333333333,0.0005179489992949149,188.0,0.7127659574468084,0.0,0.13829787234042554,0.8129785150038411
small_long,nomotor_xlink,r0013,5.55,pulse_05,3.9609255319148935,1.7011368744211317,0.01021950354609924,-0.01021950354609924,1.0,0.5641025641025641,0.2759424724679452,0.0019314236111111112,0.0013099968044699335,188.0,0.7127659574468085,0.0,0.14893617021276598,0.8031204085911462
small_long,nomotor_xlink,r0013,5.6,pulse_05,3.923074468085106,1.7097322752372497,0.009080496453900707,-0.009080496453900707,1.0,0.5641025641025641,0.17674262053260117,0.0019314236111111112,0.0036289876395050693,188.0,0.7127659574468085,0.0,0.14893617021276598,0.80806076452649
small_long,nomotor_xlink,r0013,5.65,pulse_05,3.9064425531914893,1.7229108002581621,0.006379255319148995,-0.006379255319148995,1.0,0.5641025641025641,0.22954769050587853,0.0019097222222222222,0.0026859518466666823,188.0,0.7127659574468085,0.0,0.1595744680851064,0.8000594223982251
small_long,nomotor_xlink,r0013,5.7,pulse_05,3.884798936170212,1.7258479863172498,0.005593439716311914,-0.005593439716311914,1.0,0.569620253164557,0.13695928163179155,0.0018446180555555555,0.000692198395836748,188.0,0.7127659574468084,0.0,0.1595744680851064,0.81490569273119
small_long,nomotor_xlink,r0013,5.75,pulse_05,3.8728819148936178,1.7270639906331826,0.002429964539006827,-0.002429964539006827,1.0,0.5641025641025641,0.20418702316711898,0.0018446180555555555,0.0059450093765338234,188.0,0.7127659574468084,0.0,0.1595744680851064,0.8203664434488641
small_long,nomotor_xlink,r0013,5.8,pulse_05,3.870219148936171,1.6901779300580468,0.0017851063829787221,-0.0017851063829787221,1.0,0.5584415584415584,0.12051068149382907,0.0019314236111111112,0.008195612365020014,188.0,0.702127659574468,0.0,0.17021276595744683,0.8095425783494375
small_long,nomotor_xlink,r0013,5.85,pulse_05,3.8621712765957454,1.6778903164430625,0.006201241134751623,0.006201241134751623,1.0,0.5443037974683544,0.2107071658564556,0.001974826388888889,0.010464428626900965,188.0,0.7021276595744681,0.0,0.1702127659574468,0.8158552059721126
small_long,nomotor_xlink,r0013,5.9,pulse_05,3.9074265957446808,1.627391358296641,0.0005125886524823079,0.0005125886524823079,1.0,0.5443037974683544,0.03744961701122526,0.001953125,0.008062261300155674,188.0,0.7021276595744681,0.0,0.1702127659574468,0.8107421828229189
small_long,nomotor_xlink,r0013,5.95,pulse_05,3.8652468085106393,1.6295167486421285,0.0012193262411347068,0.0012193262411347068,1.0,0.5641025641025641,0.14736345338439547,0.001953125,0.0006216008352656344,188.0,0.7021276595744679,0.0,0.1702127659574468,0.7951046034156705
small_long,nomotor_xlink,r0013,6.0,pulse_05,3.914742553191489,1.6236617532850472,0.016498581560283238,0.016498581560283238,1.0,0.5324675324675324,0.13827603105641922,0.0018446180555555555,0.0019516651190270757,188.0,0.7127659574468086,0.0,0.1595744680851064,0.8022250633473332
small_long,nomotor_xlink,r0013,6.05,pulse_06,3.9454744897959175,1.6999829672074962,0.021465986394557657,-0.021465986394557657,1.0,0.5555555555555556,0.08830678819785572,0.0018880208333333333,0.010524827209549873,196.0,0.7244897959183673,0.0,0.1530612244897959,0.7986449298192944
small_long,nomotor_xlink,r0013,6.1,pulse_06,3.8810765306122446,1.7315574488361458,0.019280442176870638,-0.019280442176870638,1.0,0.55,0.21007126858932415,0.002018229166666667,0.0002895495250667309,196.0,0.7142857142857143,0.0,0.16326530612244897,0.8142276022871522
small_long,nomotor_xlink,r0013,6.15,pulse_06,3.8297918367346937,1.7017202643578966,0.012806802721088436,-0.012806802721088436,1.0,0.5555555555555556,0.21990504890144885,0.001953125,0.007668241649096741,196.0,0.7244897959183674,0.0,0.15306122448979592,0.794697482180128
small_long,nomotor_xlink,r0013,6.2,pulse_06,3.804235714285714,1.6855479989415654,0.015134013605442162,-0.015134013605442162,1.0,0.5384615384615384,0.11199124084273314,0.002018229166666667,0.00030559206346806683,196.0,0.7244897959183672,0.0,0.15306122448979587,0.8219654694789927
small_long,nomotor_xlink,r0013,6.25,pulse_06,3.7389877551020407,1.703553816738705,0.013845068027210786,-0.013845068027210786,1.0,0.5384615384615384,0.06823343699729537,0.0020399305555555557,0.00047895335195210126,196.0,0.7142857142857141,0.0,0.16326530612244897,0.8256625043028867
small_long,nomotor_xlink,r0013,6.3,pulse_06,3.7211653061224492,1.688421719053278,0.0028250000000000774,0.0028250000000000774,1.0,0.5068493150684932,0.08813581592986967,0.0020399305555555557,0.000467767172651512,196.0,0.714285714285714,0.0,0.16326530612244897,0.8194610362521568
small_long,nomotor_xlink,r0013,6.35,pulse_06,3.755937755102041,1.706360419774614,0.0016137755102039926,0.0016137755102039926,1.0,0.55,0.18594023884722857,0.001953125,0.0020764207968906323,196.0,0.7142857142857141,0.0,0.16326530612244894,0.8163421148807599
small_long,nomotor_xlink,r0013,6.4,pulse_06,3.730847959183673,1.6759631942719342,0.009887006452065306,0.009887006452065306,1.0,0.5443037974683544,0.20852003629736224,0.0020399305555555557,0.0076283211356859,196.0,0.7142857142857143,0.0,0.16326530612244894,0.8003625308992617
small_long,nomotor_xlink,r0013,6.45,pulse_06,3.815259793814433,1.6605904929604987,0.018549738761483987,0.018549738761483987,1.0,0.569620253164557,0.22963651322652257,0.0019314236111111112,0.0034545589184579915,194.0,0.7216494845360824,0.0,0.15463917525773202,0.8060701076870859
small_long,nomotor_xlink,r0013,6.5,pulse_06,3.842146391752577,1.6552358407611862,0.003719587628865965,0.003719587628865965,1.0,0.575,0.3140948461281209,0.0019314236111111112,0.0012807914905069717,194.0,0.7216494845360825,0.0,0.15463917525773196,0.7976796636651278
small_long,nomotor_xlink,r0013,6.55,pulse_06,3.837577319587629,1.6529057440174568,0.005921821305841994,0.005921821305841994,1.0,0.5584415584415584,0.22257450665109704,0.0020399305555555557,0.0017091276196691263,194.0,0.7216494845360825,0.0,0.154639175257732,0.7885434627332273
small_long,nomotor_xlink,r0013,6.6,pulse_06,3.877677319587629,1.665490606479201,0.005773367697594622,0.005773367697594622,1.0,0.5526315789473685,0.18406714961033627,0.0019314236111111112,0.0004975234224464664,194.0,0.7216494845360825,0.0,0.15463917525773196,0.792819391907936
small_long,nomotor_xlink,r0013,6.65,pulse_06,3.8722175257731966,1.6558908845521356,0.0014864261168385056,-0.0014864261168385056,1.0,0.575,0.24519892850624794,0.0020616319444444445,0.0014289830401919372,194.0,0.7216494845360826,0.0,0.15463917525773194,0.7994368782928405
small_long,nomotor_xlink,r0013,6.7,pulse_06,3.868758762886598,1.6740645047203526,0.0024797250859107667,-0.0024797250859107667,1.0,0.5584415584415584,0.2344853427858994,0.0019314236111111112,0.0017846838367986024,194.0,0.7216494845360824,0.0,0.15463917525773196,0.8039975570744047
small_long,nomotor_xlink,r0013,6.75,pulse_06,3.857339175257732,1.6665989875729272,0.003438659793814377,0.003438659793814377,1.0,0.5342465753424658,0.1453087341681251,0.0019965277777777776,0.0025994698878806974,194.0,0.7319587628865977,0.0,0.14432989690721648,0.8091004544812527
small_long,nomotor_xlink,r0013,6.8,pulse_06,3.8893907216494843,1.6584676853930684,0.0004247422680413078,0.0004247422680413078,1.0,0.5342465753424658,0.2744038527582982,0.001953125,0.006541059274490483,194.0,0.7216494845360824,0.0,0.1443298969072165,0.8025775847517773
small_long,nomotor_xlink,r0013,6.85,pulse_06,3.85988762886598,1.6273526319259843,0.004237800687285187,-0.004237800687285187,1.0,0.5277777777777778,0.1524096264830422,0.0020399305555555557,0.00021744915333018108,194.0,0.7216494845360824,0.0,0.15463917525773194,0.8066645498131141
small_long,nomotor_xlink,r0013,6.9,pulse_06,3.863963917525773,1.6571629904730873,0.006984192439862517,0.006984192439862517,1.0,0.5466666666666666,0.22877461121279022,0.001974826388888889,0.003936027723127548,194.0,0.7216494845360825,0.0,0.1443298969072165,0.8054335416038587
small_long,nomotor_xlink,r0013,6.95,pulse_06,3.901792783505155,1.6509687982647496,0.005720274914089218,0.005720274914089218,1.0,0.5405405405405406,0.22198218877129366,0.0019097222222222222,0.003860252510915448,194.0,0.7216494845360826,0.0,0.1443298969072165,0.8014673049483229
small_long,nomotor_xlink,r0013,7.0,pulse_06,3.8982855670103085,1.6340014754075947,0.0011690721649488072,-0.0011690721649488072,1.0,0.5405405405405406,0.23450558466412813,0.0019314236111111112,0.005655774285718322,194.0,0.7319587628865981,0.0,0.1443298969072165,0.8156494359611005
small_long,nomotor_xlink,r0013,7.05,pulse_07,3.864251020408163,1.671618091971333,0.026212244897959074,-0.026212244897959074,1.0,0.5405405405405406,0.2181651514304529,0.0019314236111111112,0.0003360212331771084,196.0,0.7244897959183672,0.0,0.15306122448979592,0.8074750229990004
small_long,nomotor_xlink,r0013,7.1,pulse_07,3.785614285714286,1.6706100282718017,0.008279251700680149,-0.008279251700680149,1.0,0.5466666666666666,0.1955562770699878,0.001974826388888889,0.002933481695314303,196.0,0.7244897959183672,0.0,0.1530612244897959,0.8172642923278827
small_long,nomotor_xlink,r0013,7.15,pulse_07,3.814575510204082,1.6540172017994472,0.0036338435374149527,-0.0036338435374149527,1.0,0.5405405405405406,0.22272588738971325,0.0019965277777777776,0.0017411207703873128,196.0,0.7244897959183672,0.0,0.14285714285714282,0.8027318852764163
small_long,nomotor_xlink,r0013,7.2,pulse_07,3.763811224489796,1.6810567528941256,0.0001761904761903299,0.0001761904761903299,1.0,0.5405405405405406,0.20744538891531406,0.002018229166666667,0.006226910844167599,196.0,0.7244897959183673,0.0,0.1530612244897959,0.8111042519474808
small_long,nomotor_xlink,r0013,7.25,pulse_07,3.815632653061224,1.6913786668644528,0.006462074829931996,0.006462074829931996,1.0,0.5342465753424658,0.1590220013618514,0.0019314236111111112,0.0031712882751856832,196.0,0.7142857142857141,0.0,0.1530612244897959,0.8204134879714936
small_long,nomotor_xlink,r0013,7.3,pulse_07,3.802583673469388,1.6620290232430115,0.0018802721088434875,-0.0018802721088434875,1.0,0.5466666666666666,0.22603041283199193,0.0018446180555555555,0.0024047022434279994,196.0,0.6836734693877551,0.0,0.15306122448979584,0.8113071366725756
small_long,nomotor_xlink,r0013,7.35,pulse_07,3.804351020408163,1.6769504534038848,0.005062244897959219,-0.005062244897959219,1.0,0.5405405405405406,0.22966592378041512,0.001953125,0.0022030164884094816,196.0,0.704081632653061,0.0,0.15306122448979587,0.8263489608405626
small_long,nomotor_xlink,r0013,7.4,pulse_07,3.7722102040816328,1.6752471221734684,0.004563435374149642,-0.004563435374149642,1.0,0.5277777777777778,0.1572467445238668,0.0019314236111111112,0.003792670362353645,196.0,0.683673469387755,0.0,0.15306122448979587,0.819892651006286
small_long,nomotor_xlink,r0013,7.45,pulse_07,3.7769704081632653,1.654194431229763,0.004831122448979504,0.004831122448979504,1.0,0.5342465753424658,0.2296599742388361,0.0019097222222222222,0.0005670934860115828,196.0,0.7040816326530611,0.0,0.15306122448979587,0.8007638713811766
small_long,nomotor_xlink,r0013,7.5,pulse_07,3.80119693877551,1.6718445612573989,0.009706972789115698,0.009706972789115698,1.0,0.5405405405405406,0.22816608853699205,0.0019965277777777776,0.0007901339789340156,196.0,0.693877551020408,0.0,0.1530612244897959,0.8203615309130415
small_long,nomotor_xlink,r0013,7.55,pulse_07,3.8352122448979595,1.658935235103367,0.001915816326530706,0.001915816326530706,1.0,0.5277777777777778,0.17834445826161352,0.001974826388888889,0.001790896844702942,196.0,0.6938775510204078,0.0,0.15306122448979587,0.8267761466264174
small_long,nomotor_xlink,r0013,7.6,pulse_07,3.812691836734694,1.6825899423256165,0.00479761904761918,-0.00479761904761918,1.0,0.5277777777777778,0.26162611073444736,0.0018880208333333333,0.0040021887943792285,196.0,0.693877551020408,0.0,0.15306122448979587,0.8307955626586989
small_long,nomotor_xlink,r0013,7.65,pulse_07,3.8064265306122445,1.6829483678696424,0.008394387755101965,-0.008394387755101965,1.0,0.5211267605633803,0.17665625010767735,0.0019314236111111112,0.0032646887653873247,196.0,0.693877551020408,0.0,0.15306122448979587,0.8174410652984648
small_long,nomotor_xlink,r0013,7.7,pulse_07,3.7623255102040822,1.6630018097332926,0.0013413265306122153,-0.0013413265306122153,1.0,0.5211267605633803,0.10577568608319313,0.001974826388888889,0.003373341885973861,196.0,0.704081632653061,0.0,0.1632653061224489,0.815243164463055
small_long,nomotor_xlink,r0013,7.75,pulse_07,3.798378571428571,1.6627083165537992,0.006747789115645997,0.006747789115645997,1.0,0.5211267605633803,0.1756650703648102,0.0020399305555555557,0.002621850718928583,196.0,0.714285714285714,0.0,0.15306122448979587,0.8185130135010945
small_long,nomotor_xlink,r0013,7.8,pulse_07,3.802812244897958,1.647270705419721,0.005706122448979538,-0.005706122448979538,1.0,0.5211267605633803,0.22582897109134029,0.001953125,0.003824558068824054,196.0,0.704081632653061,0.0,0.16326530612244894,0.8209499073030897
small_long,nomotor_xlink,r0013,7.85,pulse_07,3.764141836734694,1.639760968140855,0.008496598639455621,-0.008496598639455621,1.0,0.4864864864864865,0.22825684840092206,0.001953125,0.0007150608698405966,196.0,0.7040816326530611,0.0,0.16326530612244894,0.8292130404284128
small_long,nomotor_xlink,r0013,7.9,pulse_07,3.7518326530612245,1.6429803402006775,0.0013914965986395373,0.0013914965986395373,1.0,0.5135135135135135,0.18413384193488916,0.0020399305555555557,0.00205925082601377,196.0,0.6938775510204078,0.0,0.16326530612244894,0.8300043015435558
small_long,nomotor_xlink,r0013,7.95,pulse_07,3.772490816326531,1.6521164730969375,0.00017670068027220154,0.00017670068027220154,1.0,0.5466666666666666,0.23979298940089097,0.0020616319444444445,0.0018969759406227693,196.0,0.6938775510204078,0.0,0.16326530612244897,0.8293066916077658
small_long,nomotor_xlink,r0013,8.0,pulse_07,3.7528928571428577,1.6543621958444141,0.0065326530612244875,-0.0065326530612244875,1.0,0.5068493150684932,0.2540142732659103,0.001974826388888889,0.0007485742491588621,196.0,0.6836734693877549,0.0,0.1632653061224489,0.8364606113778325
small_long,nomotor_xlink,r0014,0.0,initial,0.8639642857142856,-0.7573415552832128,0.07449190476190486,0.07449190476190486,1.0,0.25,0.0,0.00030381944444444445,0.014899290052928041,28.0,0.07142857142857142,0.0,0.21428571428571427,0.5344545908737318
small_long,nomotor_xlink,r0014,0.05,initial,1.0874400000000002,-0.8020394254419969,0.14469052028218696,0.14469052028218696,1.0,0.42857142857142855,0.1092968313864706,0.000390625,0.020876698697967544,40.0,0.05,0.0,0.2,0.5451563657388326
small_long,nomotor_xlink,r0014,0.1,initial,1.7321074074074074,-0.6320813630954075,0.16368111111111106,0.16368111111111106,1.0,0.1111111111111111,0.25664103217652606,0.00047743055555555554,0.024102104962907416,54.0,0.22222222222222218,0.0,0.14814814814814814,0.6495450842186761
small_long,nomotor_xlink,r0014,0.15000000000000002,initial,2.0695266666666665,-0.6574267956645524,0.05236644219977552,0.05236644219977552,1.0,0.3333333333333333,0.22042565291903843,0.0005859375,0.0218156934940311,60.0,0.3,0.0,0.13333333333333333,0.6522110607572617
small_long,nomotor_xlink,r0014,0.2,initial,2.0463060606060606,-0.5011872021312209,0.025526507936507976,0.025526507936507976,1.0,0.2857142857142857,0.19439639291633154,0.0006727430555555556,0.007863566080191378,66.0,0.3030303030303031,0.0,0.12121212121212122,0.7271952871435658
small_long,nomotor_xlink,r0014,0.25,initial,2.2226857142857144,-0.6102453991834041,0.0607924109516215,0.0607924109516215,1.0,0.3333333333333333,0.06128515012813257,0.0006727430555555556,0.029786224422529428,70.0,0.3142857142857143,0.0,0.11428571428571428,0.6723537315921203
small_long,nomotor_xlink,r0014,0.30000000000000004,initial,2.4110605263157896,-0.6799045486663975,0.04466947496947493,0.04466947496947493,1.0,0.4444444444444444,0.11766918499492504,0.00078125,0.010391023830653231,76.0,0.36842105263157887,0.0,0.13157894736842105,0.7041347132737346
small_long,nomotor_xlink,r0014,0.35000000000000003,initial,2.490702564102564,-0.5478992561994848,0.05413792815371754,0.05413792815371754,1.0,-0.09090909090909091,0.07865907547065429,0.0008029513888888889,0.042150899765999554,78.0,0.3589743589743589,0.0,0.1282051282051282,0.7214044852054979
small_long,nomotor_xlink,r0014,0.4,initial,2.735888095238095,-0.4269991500704002,0.06012476644802223,0.06012476644802223,1.0,0.18181818181818182,0.1440627795636339,0.0008463541666666667,0.031663004849935554,84.0,0.42857142857142855,0.0,0.11904761904761904,0.7088429293258083
small_long,nomotor_xlink,r0014,0.45,initial,2.8514511627906973,-0.35792122709987145,0.00924772056109265,0.00924772056109265,1.0,0.1111111111111111,0.1984520276645287,0.0008680555555555555,0.00026628637558903656,86.0,0.4418604651162791,0.0,0.11627906976744187,0.702849757218466
small_long,nomotor_xlink,r0014,0.5,initial,2.7913744186046507,-0.4285968683239344,0.0007331483439041442,-0.0007331483439041442,1.0,0.07142857142857142,0.24583298830023725,0.00078125,0.026881033145507483,86.0,0.4651162790697675,0.0,0.11627906976744187,0.7175641377710038
small_long,nomotor_xlink,r0014,0.55,initial,2.8470522727272725,-0.19663502822682655,0.03497057562262921,0.03497057562262921,1.0,0.23076923076923078,0.13176166513082635,0.0008246527777777778,0.006458980647377581,88.0,0.43181818181818177,0.0,0.11363636363636362,0.7161057592701519
small_long,nomotor_xlink,r0014,0.6000000000000001,initial,3.001197872340426,-0.3898429844396689,0.04431203617810753,0.04431203617810753,1.0,0.38461538461538464,0.16822410226299706,0.0008680555555555555,0.042799357029453644,94.0,0.446808510638298,0.0,0.10638297872340426,0.7498419825518208
small_long,nomotor_xlink,r0014,0.65,initial,3.1129244897959176,-0.4534311704035484,0.08126825584449689,0.08126825584449689,1.0,0.3103448275862069,0.18100012752012182,0.0009982638888888888,0.06817223391052547,98.0,0.4693877551020408,0.0,0.10204081632653061,0.7117810165104321
small_long,nomotor_xlink,r0014,0.7000000000000001,initial,3.4888074074074074,0.019190419023483937,0.11030185057073678,0.11030185057073678,1.0,0.5,0.15327670550582878,0.0010416666666666667,0.06339737372653396,108.0,0.537037037037037,0.0,0.09259259259259259,0.7135735186229324
small_long,nomotor_xlink,r0014,0.75,initial,3.7747355932203384,-0.07304692804434465,0.06917510951812034,0.06917510951812034,1.0,0.48717948717948717,0.19263683623133143,0.0011067708333333333,0.0035689846224715026,118.0,0.5762711864406779,0.0,0.0847457627118644,0.7098568595179048
small_long,nomotor_xlink,r0014,0.8,initial,3.9038580645161294,-0.0022234887113450792,0.02627891628145873,0.02627891628145873,1.0,0.5609756097560976,0.11288430906731009,0.001171875,0.08069504774014004,124.0,0.5806451612903225,0.0,0.08064516129032258,0.7207099371119287
small_long,nomotor_xlink,r0014,0.8500000000000001,initial,3.9324090909090907,-0.5572172144851849,0.001655384490061973,-0.001655384490061973,1.0,0.6363636363636364,0.16532535966042938,0.0012586805555555556,0.09503206904602901,132.0,0.606060606060606,0.0,0.07575757575757576,0.7484406566449177
small_long,nomotor_xlink,r0014,0.9,initial,3.8939257575757575,-0.5724159029875191,0.004950768882858429,-0.004950768882858429,1.0,0.5217391304347826,0.19901117644204633,0.0013020833333333333,0.014855062685346651,132.0,0.5757575757575757,0.0,0.07575757575757576,0.7330248487760372
small_long,nomotor_xlink,r0014,0.9500000000000001,initial,3.90270447761194,-0.468086838373105,0.012394754689754706,0.012394754689754706,1.0,0.5,0.17794493668695455,0.0012803819444444444,0.013516766846731068,134.0,0.5820895522388059,0.0,0.07462686567164178,0.7475461837344839
small_long,nomotor_xlink,r0014,1.0,initial,3.9682942857142858,-0.6535165040679055,0.021863269367448535,0.021863269367448535,1.0,0.52,0.1810876982580399,0.001345486111111111,0.0618098885649335,140.0,0.5797101449275363,0.0,0.07246376811594203,0.7411685334465438
small_long,nomotor_xlink,r0014,1.05,pulse_01,3.975101369863014,-0.7810904616297104,0.016500432267884186,0.016500432267884186,1.0,0.5294117647058824,0.20991359269634793,0.001345486111111111,0.05548607112500492,146.0,0.6027397260273973,0.0,0.0821917808219178,0.7407223577500398
small_long,nomotor_xlink,r0014,1.1,pulse_01,4.0246026666666666,-0.9475486750047252,0.007344508531602918,0.007344508531602918,1.0,0.5471698113207547,0.1681533827144642,0.0014756944444444444,0.10593810932993321,150.0,0.6133333333333333,0.0,0.09333333333333332,0.7703303872001489
small_long,nomotor_xlink,r0014,1.15,pulse_01,4.0191684210526315,-1.4167191176093097,0.0010632307692310938,0.0010632307692310938,1.0,0.5,0.17172296138581897,0.001540798611111111,0.055755463692284735,152.0,0.618421052631579,0.0,0.10526315789473684,0.7649214909994219
small_long,nomotor_xlink,r0014,1.2,pulse_01,4.030982051282053,-1.2820814571584336,0.010677001799370181,-0.010677001799370181,1.0,0.5,0.1669896577642324,0.0014756944444444444,0.01705877109998281,156.0,0.6282051282051283,0.0,0.10256410256410257,0.7601974916606365
small_long,nomotor_xlink,r0014,1.25,pulse_01,3.9551064102564104,-1.3143664910094128,0.017207478632478956,-0.017207478632478956,1.0,0.4909090909090909,0.09253663967559929,0.001584201388888889,0.002895869883840015,156.0,0.6282051282051282,0.0,0.10256410256410257,0.7835711370680654
small_long,nomotor_xlink,r0014,1.3,pulse_01,3.9277371794871794,-1.2994566764614737,0.008687566266363689,-0.008687566266363689,1.0,0.47368421052631576,0.09103803857806914,0.0014756944444444444,0.04000067055285598,156.0,0.6282051282051281,0.0,0.10256410256410256,0.7467014831641559
small_long,nomotor_xlink,r0014,1.35,pulse_01,3.9029810126582283,-1.5543705143265487,0.0032244284188034378,0.0032244284188034378,1.0,0.4915254237288136,0.15706015662318723,0.0016059027777777777,0.08115901745452318,158.0,0.6329113924050632,0.012658227848101266,0.12658227848101267,0.7726483251161493
small_long,nomotor_xlink,r0014,1.4,pulse_01,3.94708375,-1.7864107811886127,0.0003198312236287008,0.0003198312236287008,1.0,0.5172413793103449,0.1514081361396219,0.0016276041666666667,0.04832635826764775,160.0,0.6375,0.0125,0.125,0.7693182191625411
small_long,nomotor_xlink,r0014,1.45,pulse_01,3.9049000000000005,-1.8443286639324352,0.0016143549196786882,0.0016143549196786882,1.0,0.5254237288135594,0.14236627004886673,0.0016059027777777777,0.07186330773987319,162.0,0.6419753086419753,0.012345679012345675,0.13580246913580243,0.7751278230585223
small_long,nomotor_xlink,r0014,1.5,pulse_01,3.956769879518072,-2.217590627627852,0.02625121951219504,0.02625121951219504,1.0,0.5081967213114754,0.04332157978756582,0.0016276041666666667,0.0215452742130412,166.0,0.6506024096385544,0.012048192771084338,0.13253012048192772,0.7786244529508022
small_long,nomotor_xlink,r0014,1.55,pulse_01,4.062407317073171,-1.715057018654188,0.023584385159686565,0.023584385159686565,1.0,0.5,0.055160675597695816,0.0015625,0.025650316724299033,164.0,0.6707317073170732,0.0,0.13414634146341464,0.7534304950357551
small_long,nomotor_xlink,r0014,1.6,pulse_01,4.0982761904761915,-2.371492527973646,0.00714270205643223,0.00714270205643223,1.0,0.5161290322580645,0.11316109859177656,0.0015625,0.18205100203657934,168.0,0.6341463414634148,0.0,0.13414634146341464,0.7721104908246269
small_long,nomotor_xlink,r0014,1.65,pulse_01,4.105263529411764,-2.807363030873664,0.0030952473237354874,0.0030952473237354874,1.0,0.53125,0.12552185942851046,0.0016493055555555556,0.05217851693407997,170.0,0.6588235294117648,0.0,0.1411764705882353,0.7499420339719866
small_long,nomotor_xlink,r0014,1.7000000000000002,pulse_01,4.116847674418604,-2.0584214263691663,0.006606906064751339,-0.006606906064751339,1.0,0.53125,0.1166576249669519,0.0015625,0.08958715143538254,172.0,0.6395348837209303,0.0,0.13953488372093023,0.7481760882605781
small_long,nomotor_xlink,r0014,1.75,pulse_01,4.065622093023256,-2.269840122261369,0.009145788873688923,-0.009145788873688923,1.0,0.5555555555555556,0.012230116383194352,0.0016276041666666667,0.08181414800298996,172.0,0.6352941176470589,0.011764705882352941,0.1411764705882353,0.7645177417463935
small_long,nomotor_xlink,r0014,1.8,pulse_01,4.061972941176471,-1.5675365383512265,0.007202505699954435,-0.007202505699954435,1.0,0.5555555555555556,0.02613417677207983,0.0016710069444444444,0.13144804754523734,170.0,0.630952380952381,0.011904761904761904,0.14285714285714285,0.7661193657795559
small_long,nomotor_xlink,r0014,1.85,pulse_01,4.0224070588235294,-1.4811518369899448,0.011772156862745206,-0.011772156862745206,1.0,0.5409836065573771,0.09197280980812268,0.001540798611111111,0.06203391563738329,170.0,0.6352941176470589,0.011764705882352941,0.12941176470588237,0.7710841141364183
small_long,nomotor_xlink,r0014,1.9,pulse_01,3.9913399999999997,-1.1953330445269268,0.007781568627450793,-0.007781568627450793,1.0,0.5409836065573771,0.08287824022819562,0.0016059027777777777,0.09235321871262532,170.0,0.6235294117647059,0.011764705882352941,0.1411764705882353,0.7767084108903238
small_long,nomotor_xlink,r0014,1.9500000000000002,pulse_01,3.9757176470588247,-0.9270325247141928,0.012468627450980355,-0.012468627450980355,1.0,0.5409836065573771,0.15537125657042578,0.0016276041666666667,0.009186429565605817,170.0,0.6235294117647059,0.011764705882352941,0.1411764705882353,0.7915907954624105
small_long,nomotor_xlink,r0014,2.0,pulse_01,3.9165282352941175,-1.1402144671332919,0.01972980392156905,-0.01972980392156905,1.0,0.5333333333333333,0.1467763368010292,0.0016493055555555556,0.07106064747303302,170.0,0.611764705882353,0.011764705882352941,0.1411764705882353,0.7816011670681835
small_long,nomotor_xlink,r0014,2.05,pulse_02,3.8983011627906974,-1.4113187378304362,0.029472868217054266,0.029472868217054266,1.0,0.5081967213114754,0.11042052192028112,0.0016710069444444444,0.021485480292264974,172.0,0.627906976744186,0.011627906976744186,0.12790697674418605,0.7819166077209103
small_long,nomotor_xlink,r0014,2.1,pulse_02,3.98671976744186,-1.475775178707231,0.01830910852713193,0.01830910852713193,1.0,0.43333333333333335,0.11695533139747755,0.0016059027777777777,0.036769934335111255,172.0,0.6279069767441862,0.0,0.11627906976744187,0.768568795239555
small_long,nomotor_xlink,r0014,2.15,pulse_02,4.008155813953489,-1.6319383438411037,0.00357887596899209,0.00357887596899209,1.0,0.3870967741935484,0.163145694200239,0.0015190972222222222,0.032115551123275764,172.0,0.616279069767442,0.0,0.11627906976744187,0.7542139187411545
small_long,nomotor_xlink,r0014,2.2,pulse_02,4.008193023255813,-1.6684684854468856,0.0024978682170542963,-0.0024978682170542963,1.0,0.3770491803278688,0.15029764096266976,0.0016927083333333334,0.028418589896865038,172.0,0.6279069767441862,0.0,0.11627906976744187,0.7694448476536455
small_long,nomotor_xlink,r0014,2.25,pulse_02,3.993168604651163,-1.802449883222294,0.012099999999999778,-0.012099999999999778,1.0,0.3770491803278688,0.12360405314054902,0.0017144097222222222,0.02999660828904327,172.0,0.6162790697674418,0.0,0.11627906976744187,0.7590095692967945
small_long,nomotor_xlink,r0014,2.3,pulse_02,3.935593023255814,-1.488488835712626,0.01659709302325581,-0.01659709302325581,1.0,0.3870967741935484,0.08033042851658391,0.0016710069444444444,0.04568487125989459,172.0,0.6117647058823529,0.0,0.11764705882352941,0.756570280917265
small_long,nomotor_xlink,r0014,2.35,pulse_02,3.8935860465116283,-1.5283406556629264,0.00283081395348835,0.00283081395348835,1.0,0.4827586206896552,0.14732969942211283,0.0016493055555555556,0.014867376868127816,172.0,0.6162790697674418,0.0,0.11627906976744187,0.7796264753304242
small_long,nomotor_xlink,r0014,2.4,pulse_02,3.952577906976744,-1.3992845745038591,0.0004063953488372037,0.0004063953488372037,1.0,0.5087719298245614,0.10736545782190565,0.0016927083333333334,0.022590496837006608,172.0,0.6279069767441862,0.0,0.11627906976744187,0.770833310401294
small_long,nomotor_xlink,r0014,2.45,pulse_02,3.8960244186046515,-1.3927976746408868,0.0014294595919093211,-0.0014294595919093211,1.0,0.5714285714285714,0.10948238913816483,0.0016493055555555556,0.030711134281747987,172.0,0.6395348837209304,0.011627906976744186,0.11627906976744187,0.7751282210439324
small_long,nomotor_xlink,r0014,2.5,pulse_02,3.9440011494252882,-1.2150177688133712,0.0024064666310255798,0.0024064666310255798,1.0,0.5714285714285714,0.146347476541405,0.001736111111111111,0.032046978159723426,174.0,0.6436781609195403,0.01149425287356322,0.1149425287356322,0.7684545076079473
small_long,nomotor_xlink,r0014,2.55,pulse_02,3.910463218390805,-1.2005158056825462,0.009395977011494269,-0.009395977011494269,1.0,0.5862068965517241,0.19236352764514508,0.001736111111111111,0.011783173916055656,174.0,0.6551724137931035,0.02298850574712644,0.12643678160919541,0.7564325753257757
small_long,nomotor_xlink,r0014,2.6,pulse_02,3.8876252873563226,-1.2857168123097051,0.0013474093379665468,0.0013474093379665468,1.0,0.5789473684210527,0.19180456610232585,0.0017144097222222222,0.007930016825507721,174.0,0.6352941176470588,0.023529411764705882,0.12941176470588237,0.7517261639993957
small_long,nomotor_xlink,r0014,2.65,pulse_02,3.9185476744186043,-1.1529357047295,0.0048308629599927615,0.0048308629599927615,1.0,0.6363636363636364,0.19915594817106463,0.0016059027777777777,0.029721163837426217,172.0,0.6511627906976745,0.011627906976744186,0.11627906976744187,0.7773708415292055
small_long,nomotor_xlink,r0014,2.7,pulse_02,3.916610465116279,-1.1073898292851478,7.306201550383307e-05,7.306201550383307e-05,1.0,0.6363636363636364,0.18348077205686783,0.0016276041666666667,0.0058837697466402146,172.0,0.6511627906976745,0.011627906976744186,0.11627906976744187,0.7738116748630683
small_long,nomotor_xlink,r0014,2.75,pulse_02,3.9189860465116273,-1.1176330862496586,0.0019416666666666564,0.0019416666666666564,1.0,0.6071428571428571,0.1684611620578985,0.0016276041666666667,0.016782107659119066,172.0,0.6395348837209303,0.011627906976744186,0.11627906976744187,0.7797804023916888
small_long,nomotor_xlink,r0014,2.8,pulse_02,3.928260465116279,-1.0066971833304335,0.00022344961240309638,-0.00022344961240309638,1.0,0.6071428571428571,0.2330420582248277,0.0016493055555555556,0.007398695672841645,172.0,0.6395348837209304,0.011627906976744186,0.11627906976744187,0.7750462105494523
small_long,nomotor_xlink,r0014,2.85,pulse_02,3.9176453488372087,-1.0732409122126088,0.013818157774737752,0.013818157774737752,1.0,0.6071428571428571,0.14466805032862526,0.0016493055555555556,0.0059233289408086405,172.0,0.6395348837209304,0.011627906976744186,0.11627906976744187,0.7734791124492446
small_long,nomotor_xlink,r0014,2.9,pulse_02,4.011169411764706,-1.0422371569752853,0.020017539899680914,0.020017539899680914,1.0,0.5789473684210527,0.235198523420714,0.0016927083333333334,0.0011341043819292906,170.0,0.6470588235294118,0.0,0.10588235294117647,0.7640140263732547
small_long,nomotor_xlink,r0014,2.95,pulse_02,4.037750588235294,-1.0800455385041845,0.0038149019607843413,-0.0038149019607843413,1.0,0.5357142857142857,0.21338829897160105,0.0016059027777777777,0.0018574731093307095,170.0,0.6470588235294118,0.0,0.10588235294117647,0.741201158011558
small_long,nomotor_xlink,r0014,3.0,pulse_02,3.9882799999999996,-1.0533819956312696,0.016490196078431534,-0.016490196078431534,1.0,0.4827586206896552,0.20945224874793772,0.0016927083333333334,0.008887847624304982,170.0,0.6470588235294118,0.0,0.10588235294117647,0.7517261639993957
small_long,nomotor_xlink,r0014,3.05,pulse_03,4.0260651685393265,-0.7780142842212258,0.004850561797753154,-0.004850561797753154,1.0,0.5081967213114754,0.23009908644466334,0.0016710069444444444,0.0165854680022605,178.0,0.6629213483146067,0.0,0.10112359550561797,0.7583479433118017
small_long,nomotor_xlink,r0014,3.1,pulse_03,4.011513483146067,-0.8277706882280073,0.0046837078651684,0.0046837078651684,1.0,0.5333333333333333,0.2796196110272351,0.0018229166666666667,0.0014642165018866615,178.0,0.6629213483146067,0.0,0.10112359550561797,0.768759875927457
small_long,nomotor_xlink,r0014,3.15,pulse_03,4.054167415730337,-0.7867995832325457,0.0021372659176030298,0.0021372659176030298,1.0,0.5,0.20816790922642656,0.0017795138888888889,0.016162691470209434,178.0,0.6629213483146067,0.0,0.10112359550561797,0.7496840851593379
small_long,nomotor_xlink,r0014,3.2,pulse_03,4.024337078651685,-0.9247468370492639,0.007508801498127345,-0.007508801498127345,1.0,0.4375,0.292740860912834,0.0017144097222222222,0.03887585057187928,178.0,0.6629213483146066,0.0,0.10112359550561797,0.7394622179861804
small_long,nomotor_xlink,r0014,3.25,pulse_03,4.009114606741573,-1.0200546866638214,0.0028011235955056613,0.0028011235955056613,1.0,0.5666666666666667,0.21648325548449954,0.0016276041666666667,0.007822481936080724,178.0,0.6629213483146066,0.0,0.10112359550561797,0.7752496547737545
small_long,nomotor_xlink,r0014,3.3,pulse_03,4.041143820224719,-0.8778119454327795,0.0007035580524344572,0.0007035580524344572,1.0,0.5666666666666667,0.19544758820660418,0.0017144097222222222,0.026289439956947085,178.0,0.6629213483146066,0.0,0.10112359550561797,0.7463936008233973
small_long,nomotor_xlink,r0014,3.35,pulse_03,4.01333595505618,-0.8623180469221389,0.01055599250936338,-0.01055599250936338,1.0,0.5932203389830508,0.2532391104830609,0.001736111111111111,0.004204346543246196,178.0,0.6629213483146067,0.011235955056179775,0.10112359550561797,0.7536802866994663
small_long,nomotor_xlink,r0014,3.4,pulse_03,3.977807865168539,-0.8525858661733023,0.012156554307116041,-0.012156554307116041,1.0,0.5409836065573771,0.22408295401800649,0.0018012152777777779,0.003718213157390645,178.0,0.6629213483146067,0.0,0.11235955056179776,0.7566904521294353
small_long,nomotor_xlink,r0014,3.45,pulse_03,3.9403966292134833,-0.840008767977795,0.006744569288389475,-0.006744569288389475,1.0,0.6065573770491803,0.2608232388170631,0.0017795138888888889,0.019629520105940823,178.0,0.6629213483146067,0.011235955056179775,0.11235955056179776,0.7545414857306225
small_long,nomotor_xlink,r0014,3.5,pulse_03,3.937340449438202,-0.7348087455376574,0.009819311797752675,0.009819311797752675,1.0,0.5483870967741935,0.17616903248986057,0.0017578125,0.01775035818733243,178.0,0.6629213483146068,0.011235955056179775,0.10112359550561797,0.7599693142191305
small_long,nomotor_xlink,r0014,3.55,pulse_03,3.9993124999999994,-0.7335066188538004,0.0034142811542390294,0.0034142811542390294,1.0,0.5238095238095238,0.16091988349015002,0.0017578125,0.01346487391939479,176.0,0.6704545454545453,0.011363636363636364,0.10227272727272727,0.7670620841877944
small_long,nomotor_xlink,r0014,3.6,pulse_03,3.9578261363636362,-0.8155979890540261,0.005851893939393893,-0.005851893939393893,1.0,0.6065573770491803,0.1532439902351101,0.0018012152777777779,0.0026464340566626867,176.0,0.6704545454545455,0.011363636363636364,0.11363636363636362,0.7780284679414073
small_long,nomotor_xlink,r0014,3.65,pulse_03,3.964201136363636,-0.7493852231937765,0.0011282196969696716,-0.0011282196969696716,1.0,0.49206349206349204,0.20026350148516614,0.0016493055555555556,0.020034739744674363,176.0,0.6704545454545453,0.0,0.11363636363636362,0.7720189139272062
small_long,nomotor_xlink,r0014,3.7,pulse_03,3.951056818181818,-0.69538955058598,0.01181382575757565,-0.01181382575757565,1.0,0.5333333333333333,0.18261166808141416,0.0017578125,0.014611201824738851,176.0,0.6704545454545455,0.0,0.11363636363636365,0.7528037678237538
small_long,nomotor_xlink,r0014,3.75,pulse_03,3.893318181818182,-0.6617180122453434,0.0025186912225704607,0.0025186912225704607,1.0,0.559322033898305,0.19092930029129024,0.0016927083333333334,0.015763396555774745,176.0,0.6477272727272727,0.011363636363636364,0.11363636363636362,0.763066578218943
small_long,nomotor_xlink,r0014,3.8,pulse_03,3.966168965517241,-0.7899699299206284,0.0064937129919887164,0.0064937129919887164,1.0,0.5333333333333333,0.23792985901557054,0.0016493055555555556,0.02126263299045526,174.0,0.6551724137931035,0.0,0.10344827586206898,0.7624939339911895
small_long,nomotor_xlink,r0014,3.85,pulse_03,3.9322804597701144,-0.789293810188075,0.008538314176245029,-0.008538314176245029,1.0,0.5,0.23078304082665127,0.001584201388888889,0.007607248801462722,174.0,0.6551724137931035,0.0,0.1149425287356322,0.7694034168111568
small_long,nomotor_xlink,r0014,3.9,pulse_03,3.914939080459771,-0.7443264371118521,0.007833333333333284,-0.007833333333333284,1.0,0.5714285714285714,0.2078465041900837,0.0016710069444444444,0.018630762905468185,174.0,0.6436781609195404,0.01149425287356322,0.1149425287356322,0.7587834684734228
small_long,nomotor_xlink,r0014,3.95,pulse_03,3.8852804597701147,-0.6775092327552659,0.009609770114942537,-0.009609770114942537,1.0,0.5925925925925926,0.24707760028181025,0.001540798611111111,0.01741803764488588,174.0,0.6436781609195403,0.01149425287356322,0.11494252873563218,0.7432892422306232
small_long,nomotor_xlink,r0014,4.0,pulse_03,3.8572804597701156,-0.6398182112425368,0.009333333333333046,-0.009333333333333046,1.0,0.5714285714285714,0.1906395239773425,0.0016493055555555556,0.012563673837576358,174.0,0.6436781609195403,0.01149425287356322,0.10344827586206898,0.7304662188832589
small_long,nomotor_xlink,r0014,4.05,pulse_04,3.887077777777778,-0.6343468023902665,0.004099916770703427,0.004099916770703427,1.0,0.6296296296296297,0.20256523698117768,0.0017795138888888889,0.003205306098695774,180.0,0.6444444444444445,0.01111111111111111,0.0888888888888889,0.7627121375216472
small_long,nomotor_xlink,r0014,4.1,pulse_04,3.899377528089888,-0.6247308840941792,0.00508703703703713,0.00508703703703713,1.0,0.6071428571428571,0.18918497872261347,0.0017144097222222222,0.007643149609474542,178.0,0.6516853932584269,0.02247191011235955,0.08988764044943823,0.756769698225225
small_long,nomotor_xlink,r0014,4.15,pulse_04,3.9176000000000006,-0.5884879047334193,0.0004634831460674782,-0.0004634831460674782,1.0,0.6296296296296297,0.12210779820679502,0.0017578125,0.006560557060541446,178.0,0.6516853932584269,0.02247191011235955,0.08988764044943823,0.7585092564852856
small_long,nomotor_xlink,r0014,4.2,pulse_04,3.8965966292134833,-0.5853675417309305,0.005860112359550677,-0.005860112359550677,1.0,0.5925925925925926,0.24329788309395556,0.0017795138888888889,0.011133559150759606,178.0,0.6516853932584269,0.02247191011235955,0.08988764044943823,0.7765520986151313
small_long,nomotor_xlink,r0014,4.25,pulse_04,3.8824393258426966,-0.6552892596379769,0.012085955056179746,-0.012085955056179746,1.0,0.6226415094339622,0.2360199907269324,0.0018012152777777779,0.0005995135191877073,178.0,0.6404494382022473,0.02247191011235955,0.08988764044943823,0.7508246729817155
small_long,nomotor_xlink,r0014,4.3,pulse_04,3.824080898876405,-0.5889646228460568,0.006960674157303319,-0.006960674157303319,1.0,0.5925925925925926,0.17962356118888867,0.0016927083333333334,0.006268938934949527,178.0,0.6292134831460674,0.02247191011235955,0.08988764044943823,0.7954645024894276
small_long,nomotor_xlink,r0014,4.35,pulse_04,3.8406752808988767,-0.6176756260282797,0.003217415730337144,-0.003217415730337144,1.0,0.5789473684210527,0.24702400210313266,0.0017578125,0.002889421728930086,178.0,0.6292134831460674,0.02247191011235955,0.101123595505618,0.7907916454656293
small_long,nomotor_xlink,r0014,4.4,pulse_04,3.804776404494382,-0.5716280924724763,0.008235767790262175,-0.008235767790262175,1.0,0.6071428571428571,0.18783490040843817,0.0017578125,0.020286390903571604,178.0,0.6292134831460674,0.02247191011235955,0.08988764044943823,0.7506603655001118
small_long,nomotor_xlink,r0014,4.45,pulse_04,3.7912606741573036,-0.4959572806068501,0.02512864522794785,0.02512864522794785,1.0,0.5636363636363636,0.21835996228652724,0.0017144097222222222,0.031021686407085126,178.0,0.6404494382022471,0.02247191011235955,0.11235955056179776,0.7683941364549725
small_long,nomotor_xlink,r0014,4.5,pulse_04,3.955548275862069,-0.3854979740299655,0.01702801024581328,0.01702801024581328,1.0,0.4915254237288136,0.21323718112273762,0.0016710069444444444,0.017025349998978673,174.0,0.6551724137931036,0.0,0.09195402298850576,0.7671396077814809
small_long,nomotor_xlink,r0014,4.55,pulse_04,3.8934287356321833,-0.3938051806129781,0.015093103448275969,-0.015093103448275969,1.0,0.4915254237288136,0.27525271577648,0.001584201388888889,0.013495776353374003,174.0,0.6551724137931036,0.02298850574712644,0.09195402298850575,0.7702947224351111
small_long,nomotor_xlink,r0014,4.6,pulse_04,3.864989655172413,-0.4664726321502095,0.006779118773946251,-0.006779118773946251,1.0,0.47368421052631576,0.202408168770457,0.0016493055555555556,0.004967606132971332,174.0,0.6551724137931034,0.02298850574712644,0.09195402298850575,0.7860603177977233
small_long,nomotor_xlink,r0014,4.65,pulse_04,3.8527540229885058,-0.4236108174108061,0.00902279693486611,0.00902279693486611,1.0,0.4827586206896552,0.29661064417325317,0.0018012152777777779,0.008991711280364348,174.0,0.6551724137931034,0.02298850574712644,0.09195402298850576,0.7638793011345123
small_long,nomotor_xlink,r0014,4.7,pulse_04,3.91912643678161,-0.41252236446802343,0.015961685823754717,0.015961685823754717,1.0,0.4827586206896552,0.22356587271763081,0.001736111111111111,0.0018192453216615556,174.0,0.6551724137931036,0.0,0.09195402298850576,0.7860309045570081
small_long,nomotor_xlink,r0014,4.75,pulse_04,3.948524137931034,-0.4345262893407754,0.00022758620689648326,-0.00022758620689648326,1.0,0.5087719298245614,0.256867164097507,0.001736111111111111,0.012416840162673701,174.0,0.6551724137931036,0.0,0.10344827586206898,0.7830942442569786
small_long,nomotor_xlink,r0014,4.8,pulse_04,3.917760919540231,-0.48702340544406564,0.006827011494252726,-0.006827011494252726,1.0,0.5087719298245614,0.24188110378425776,0.0016927083333333334,0.021874779856626763,174.0,0.6551724137931036,0.0,0.10344827586206898,0.7818664285484838
small_long,nomotor_xlink,r0014,4.85,pulse_04,3.9075620689655177,-0.30327761020101485,0.002107662835249361,-0.002107662835249361,1.0,0.4827586206896552,0.21756899690502035,0.0016927083333333334,0.02863912681368025,174.0,0.6551724137931035,0.0,0.10344827586206898,0.7781120603821466
small_long,nomotor_xlink,r0014,4.9,pulse_04,3.905114942528735,-0.31518864456198414,0.0019185823754790388,-0.0019185823754790388,1.0,0.5,0.24147084647410536,0.001584201388888889,0.01352682465909763,174.0,0.6551724137931035,0.0,0.10344827586206898,0.7908480669095403
small_long,nomotor_xlink,r0014,4.95,pulse_04,3.8960505747126435,-0.38443855815560063,0.002779310344827479,-0.002779310344827479,1.0,0.5,0.26183992106802345,0.001736111111111111,0.012282669781719177,174.0,0.6551724137931035,0.0,0.10344827586206898,0.7922891791201395
small_long,nomotor_xlink,r0014,5.0,pulse_04,3.88843908045977,-0.3888846632522992,0.0025371647509578508,-0.0025371647509578508,1.0,0.5087719298245614,0.25491982230124116,0.0016927083333333334,0.0014820350322328573,174.0,0.6551724137931035,0.0,0.10344827586206898,0.7620255999470236
small_long,nomotor_xlink,r0014,5.05,pulse_05,3.914786516853932,-0.1067496530883312,0.0064842696629217045,0.0064842696629217045,1.0,0.5272727272727272,0.26507462925143416,0.0017578125,0.031486510325504584,178.0,0.6741573033707865,0.0,0.0898876404494382,0.7763088205719784
small_long,nomotor_xlink,r0014,5.1,pulse_05,3.934239325842697,-0.20120918406484495,0.00109307116104862,-0.00109307116104862,1.0,0.5357142857142857,0.25775059323607485,0.001736111111111111,0.00277115387903921,178.0,0.6741573033707864,0.0,0.0898876404494382,0.7701578456768162
small_long,nomotor_xlink,r0014,5.15,pulse_05,3.9082280898876403,-0.12337657636256646,0.001335018726591623,0.001335018726591623,1.0,0.5357142857142857,0.2732458300664196,0.001736111111111111,0.011256611292454116,178.0,0.6629213483146066,0.0,0.08988764044943823,0.7770895499975818
small_long,nomotor_xlink,r0014,5.2,pulse_05,3.942249438202247,-0.13366951631012025,0.002495131086142447,0.002495131086142447,1.0,0.5172413793103449,0.26459527592270754,0.0016927083333333334,0.0060072762291152005,178.0,0.6629213483146068,0.0,0.08988764044943823,0.7758124027283749
small_long,nomotor_xlink,r0014,5.25,pulse_05,3.923198876404495,-0.08733291898787526,0.011759752723867978,0.011759752723867978,1.0,0.5357142857142857,0.20278843063182414,0.0018229166666666667,0.04083886662723454,178.0,0.6629213483146067,0.0,0.08988764044943821,0.7694640601703778
small_long,nomotor_xlink,r0014,5.3,pulse_05,4.012807954545455,0.11136368345328697,0.009187876659856986,0.009187876659856986,1.0,0.288135593220339,0.21263716571588512,0.0016927083333333334,0.031028717366859093,176.0,0.6704545454545455,0.0,0.07954545454545454,0.7559645287308355
small_long,nomotor_xlink,r0014,5.35,pulse_05,3.978326136363637,0.0988393852132793,0.012769128787878836,-0.012769128787878836,1.0,0.2631578947368421,0.1859105561027729,0.0016927083333333334,0.0057088536319301305,176.0,0.6704545454545454,0.0,0.07954545454545454,0.7635135255738027
small_long,nomotor_xlink,r0014,5.4,pulse_05,3.9361931818181817,0.07711056166170618,0.011443560606060554,-0.011443560606060554,1.0,0.27586206896551724,0.2028472364706291,0.0017578125,0.006181545103024791,176.0,0.6477272727272727,0.0,0.10227272727272727,0.772900091078161
small_long,nomotor_xlink,r0014,5.45,pulse_05,3.9096647727272735,0.13592865583142805,0.0024195075757575957,-0.0024195075757575957,1.0,0.2631578947368421,0.2632758307198205,0.0016927083333333334,0.002284214016715728,176.0,0.6477272727272727,0.0,0.09090909090909091,0.7804327264805495
small_long,nomotor_xlink,r0014,5.5,pulse_05,3.921676136363636,0.09081584576200055,0.0027831439393937916,0.0027831439393937916,1.0,0.27586206896551724,0.30573263719213134,0.0017795138888888889,0.005022772539882615,176.0,0.6477272727272727,0.0,0.10227272727272727,0.7942855953187916
small_long,nomotor_xlink,r0014,5.55,pulse_05,3.9263636363636363,0.10579202059213236,0.002142803030303083,0.002142803030303083,1.0,0.288135593220339,0.2730430147368681,0.0017578125,0.0005264544228195597,176.0,0.6477272727272727,0.0,0.09090909090909093,0.7821022166040889
small_long,nomotor_xlink,r0014,5.6,pulse_05,3.9345329545454546,0.0876571192250832,0.0034361742424242614,-0.0034361742424242614,1.0,0.23333333333333334,0.19839932322029147,0.0016493055555555556,0.002927078900825742,176.0,0.659090909090909,0.0,0.09090909090909091,0.7799808468655658
small_long,nomotor_xlink,r0014,5.65,pulse_05,3.9057465909090907,0.12335449399708681,0.004296022727272734,-0.004296022727272734,1.0,0.288135593220339,0.20060447772583556,0.0016927083333333334,0.004541733271270858,176.0,0.6436781609195404,0.0,0.10344827586206898,0.7823476263302511
small_long,nomotor_xlink,r0014,5.7,pulse_05,3.908756818181818,0.060406719597458046,0.002453219696969692,-0.002453219696969692,1.0,0.3,0.2869972723874103,0.0016710069444444444,0.014070591262068772,176.0,0.6363636363636361,0.0,0.09090909090909091,0.7858139214958084
small_long,nomotor_xlink,r0014,5.75,pulse_05,3.8910272727272726,0.03893094642467418,0.011169318181818136,-0.011169318181818136,1.0,0.3,0.24510716611714847,0.001584201388888889,0.005848108537444822,176.0,0.6477272727272726,0.0,0.09090909090909091,0.7998976624016664
small_long,nomotor_xlink,r0014,5.8,pulse_05,3.8417409090909094,0.09549537082212697,0.009093371212121134,-0.009093371212121134,1.0,0.288135593220339,0.23230243434430534,0.0017578125,0.008480045127586391,176.0,0.625,0.0,0.09090909090909091,0.8021357463287323
small_long,nomotor_xlink,r0014,5.85,pulse_05,3.8364670454545458,0.08981121719019253,0.0020931818181818183,-0.0020931818181818183,1.0,0.288135593220339,0.18053393948595117,0.0018012152777777779,0.0009421307491658629,176.0,0.625,0.0,0.09090909090909091,0.7807868096570391
small_long,nomotor_xlink,r0014,5.9,pulse_05,3.8291818181818185,0.0898425863271318,0.0002844696969697136,-0.0002844696969697136,1.0,0.3103448275862069,0.1310714110563543,0.0017795138888888889,0.004510768008890105,176.0,0.625,0.0,0.09090909090909091,0.7755801900999628
small_long,nomotor_xlink,r0014,5.95,pulse_05,3.8347602272727275,0.11687582524353315,0.01244053030303031,-0.01244053030303031,1.0,0.2982456140350877,0.1995527115567308,0.0016927083333333334,0.0068973186204003105,176.0,0.6022727272727273,0.0,0.11363636363636365,0.7974097886569362
small_long,nomotor_xlink,r0014,6.0,pulse_05,3.7545386363636366,0.04845867460472993,0.02674053030303029,-0.02674053030303029,1.0,0.2982456140350877,0.19128545371104155,0.0017795138888888889,0.022805716879601073,176.0,0.5795454545454544,0.0,0.125,0.802811086431074
small_long,nomotor_xlink,r0014,6.05,pulse_06,3.7810651685393264,-0.09640546729735196,0.01942097378277167,-0.01942097378277167,1.0,0.27586206896551724,0.14851475674735842,0.0016710069444444444,0.006618215603555379,178.0,0.6067415730337077,0.0,0.12359550561797754,0.8040977258395264
small_long,nomotor_xlink,r0014,6.1,pulse_06,3.7228022471910114,-0.11626011410801809,0.006600749063670512,-0.006600749063670512,1.0,0.288135593220339,0.20371864271534657,0.0018012152777777779,0.012022579203637494,178.0,0.5730337078651686,0.0,0.13483146067415733,0.7893009529294194
small_long,nomotor_xlink,r0014,6.15,pulse_06,3.7414606741573033,-0.16854094251917692,0.0018835205992508985,0.0018835205992508985,1.0,0.27586206896551724,0.17143567639668086,0.001736111111111111,0.0028754497443131202,178.0,0.5842696629213483,0.0,0.12359550561797752,0.7821222654181542
small_long,nomotor_xlink,r0014,6.2,pulse_06,3.7341033707865168,-0.09900741564213937,0.004041573033707853,-0.004041573033707853,1.0,0.2631578947368421,0.1540170010311104,0.0018012152777777779,0.003645567008590316,178.0,0.5955056179775282,0.0,0.14606741573033705,0.7771076101351007
small_long,nomotor_xlink,r0014,6.25,pulse_06,3.717211235955056,-0.19041434457071882,0.01151910112359548,-0.01151910112359548,1.0,0.3,0.17968555696590974,0.0017795138888888889,0.008757253537347536,178.0,0.5730337078651685,0.0,0.14606741573033707,0.7878637663888777
small_long,nomotor_xlink,r0014,6.3,pulse_06,3.664988764044944,-0.1515509368662246,0.01379063670411984,-0.01379063670411984,1.0,0.2459016393442623,0.20631129298709924,0.0016927083333333334,0.005622666855407035,178.0,0.5842696629213482,0.0,0.15730337078651685,0.788933690104283
small_long,nomotor_xlink,r0014,6.35,pulse_06,3.634467415730337,-0.1566783434382766,0.01645992509363296,-0.01645992509363296,1.0,0.3220338983050847,0.16405277363720702,0.0018012152777777779,0.0011882139694822703,178.0,0.550561797752809,0.0,0.15730337078651685,0.792385166130159
small_long,nomotor_xlink,r0014,6.4,pulse_06,3.566229213483146,-0.1586802206831182,0.015199812734082366,-0.015199812734082366,1.0,0.3103448275862069,0.17972950524820197,0.0018229166666666667,0.0028063905158041275,178.0,0.5280898876404494,0.0,0.16853932584269665,0.7887561993266313
small_long,nomotor_xlink,r0014,6.45,pulse_06,3.543268539325843,-0.13984000034345184,0.00021629213483143062,-0.00021629213483143062,1.0,0.26666666666666666,0.1992166627927757,0.0018012152777777779,0.009180921550386675,178.0,0.5280898876404494,0.0,0.15730337078651685,0.7952459781729289
small_long,nomotor_xlink,r0014,6.5,pulse_06,3.5649314606741576,-0.21376574998543826,0.007466292134831483,0.007466292134831483,1.0,0.3220338983050847,0.152741810734402,0.0018446180555555555,0.010506442250391343,178.0,0.5393258426966292,0.0,0.15730337078651685,0.8108060290023226
small_long,nomotor_xlink,r0014,6.55,pulse_06,3.588066292134832,-0.2028786538457999,0.0052777153558050864,0.0052777153558050864,1.0,0.3448275862068966,0.14973961673587538,0.0017578125,0.008929446307446043,178.0,0.5505617977528091,0.0,0.15730337078651685,0.7830630341150924
small_long,nomotor_xlink,r0014,6.6,pulse_06,3.596597752808988,-0.160189072140762,0.006698689138576815,-0.006698689138576815,1.0,0.3448275862068966,0.16947169568899148,0.0016710069444444444,0.0014913635970509136,178.0,0.550561797752809,0.0,0.15730337078651688,0.7838189076060166
small_long,nomotor_xlink,r0014,6.65,pulse_06,3.547874157303371,-0.1939304722634944,0.011985955056179609,-0.011985955056179609,1.0,0.3559322033898305,0.24649045641144227,0.0016710069444444444,0.011062775595918867,178.0,0.550561797752809,0.0,0.15730337078651685,0.7790380522174147
small_long,nomotor_xlink,r0014,6.7,pulse_06,3.5246820224719104,-0.2265657257162752,0.01129943820224725,-0.01129943820224725,1.0,0.3559322033898305,0.260543417408367,0.0017795138888888889,0.0003288563281368534,178.0,0.550561797752809,0.0,0.16853932584269665,0.810083784621883
small_long,nomotor_xlink,r0014,6.75,pulse_06,3.4800775280898875,-0.1919573342946733,0.013529962546816524,-0.013529962546816524,1.0,0.3559322033898305,0.16404418187237735,0.0017578125,0.011870332474982495,178.0,0.5393258426966291,0.0,0.17977528089887646,0.7977233497863949
small_long,nomotor_xlink,r0014,6.8,pulse_06,3.4435022471910113,-0.15534373086638023,0.005002434456928902,-0.005002434456928902,1.0,0.3559322033898305,0.14073662586975244,0.0017144097222222222,0.008153921226919594,178.0,0.5393258426966292,0.0,0.1797752808988764,0.7922076753525074
small_long,nomotor_xlink,r0014,6.85,pulse_06,3.450062921348314,-0.14303380693315573,0.007926217228464502,-0.007926217228464502,1.0,0.3448275862068966,0.22856383630431923,0.0017144097222222222,0.0014342169297817304,178.0,0.5393258426966293,0.0,0.16853932584269662,0.8067810471046449
small_long,nomotor_xlink,r0014,6.9,pulse_06,3.3959449438202243,-0.14673842928768985,0.011352996254681594,-0.011352996254681594,1.0,0.3103448275862069,0.20684118149588376,0.0017795138888888889,0.00040131483605405455,178.0,0.5280898876404494,0.0,0.1797752808988764,0.8003656375126662
small_long,nomotor_xlink,r0014,6.95,pulse_06,3.3819449438202245,-0.14544169594948006,0.0037898876404494817,0.0037898876404494817,1.0,0.3333333333333333,0.21357721590177806,0.0017144097222222222,0.0009827720642444405,178.0,0.5168539325842696,0.0,0.1797752808988764,0.7851605682385757
small_long,nomotor_xlink,r0014,7.0,pulse_06,3.418684269662921,-0.1408417969022232,0.01224644194756556,0.01224644194756556,1.0,0.3333333333333333,0.22304309748062578,0.0017144097222222222,0.001533299682418952,178.0,0.5393258426966291,0.0,0.1797752808988764,0.7886818300723125
small_long,nomotor_xlink,r0014,7.05,pulse_07,3.4582989473684207,0.23328301038931457,0.012284561403508457,-0.012284561403508457,1.0,0.3770491803278688,0.20762898136284053,0.0016927083333333334,0.01239204996387915,190.0,0.5473684210526317,0.0,0.16842105263157897,0.7956142378280087
small_long,nomotor_xlink,r0014,7.1,pulse_07,3.4214452631578953,0.270459160280952,0.011054035087719368,-0.011054035087719368,1.0,0.3770491803278688,0.2245916131878697,0.0018012152777777779,0.009086185489146909,190.0,0.5473684210526315,0.0,0.17894736842105266,0.7999698743987756
small_long,nomotor_xlink,r0014,7.15,pulse_07,3.3919747368421045,0.287800123324196,0.01366754385964919,-0.01366754385964919,1.0,0.3870967741935484,0.2508144447374135,0.0018446180555555555,0.007929783112930402,190.0,0.5368421052631579,0.0,0.18947368421052632,0.7945666052676035
small_long,nomotor_xlink,r0014,7.2,pulse_07,3.33944,0.3180378589585344,0.011791929824561231,-0.011791929824561231,1.0,0.3770491803278688,0.2168263038772445,0.0018663194444444445,0.010120966627100098,190.0,0.5368421052631578,0.0,0.1894736842105263,0.8042243335540954
small_long,nomotor_xlink,r0014,7.25,pulse_07,3.321223157894737,0.22707432356159543,0.0016468421052631133,-0.0016468421052631133,1.0,0.3770491803278688,0.2393573078115656,0.0018880208333333333,0.020844252333654213,190.0,0.5157894736842106,0.010526315789473684,0.1894736842105263,0.803875697445379
small_long,nomotor_xlink,r0014,7.3,pulse_07,3.3295589473684215,0.19297234495660914,0.0012207017543860073,0.0012207017543860073,1.0,0.3870967741935484,0.22728839373722845,0.0019097222222222222,0.009725001252456756,190.0,0.5157894736842106,0.02105263157894737,0.18947368421052632,0.7973548486402173
small_long,nomotor_xlink,r0014,7.35,pulse_07,3.328547368421053,0.1687243160468549,0.0044671929824561625,0.0044671929824561625,1.0,0.3870967741935484,0.1767334206081889,0.0018663194444444445,0.020134011923680258,190.0,0.5157894736842105,0.010526315789473684,0.17894736842105266,0.8012267985703313
small_long,nomotor_xlink,r0014,7.4,pulse_07,3.3563621052631585,0.0721682734145276,0.004055964912280589,0.004055964912280589,1.0,0.3870967741935484,0.16487455245391525,0.0018229166666666667,0.008700865717884693,190.0,0.5157894736842105,0.021052631578947368,0.17894736842105266,0.8065719010634064
small_long,nomotor_xlink,r0014,7.45,pulse_07,3.3528831578947367,0.22092951035416306,0.004785964912280487,0.004785964912280487,1.0,0.3770491803278688,0.25586332260925154,0.0019314236111111112,0.026351144527462244,190.0,0.5157894736842105,0.031578947368421054,0.17894736842105266,0.8048312902511978
small_long,nomotor_xlink,r0014,7.5,pulse_07,3.3850778947368414,0.23027514057930107,0.003146842105263022,0.003146842105263022,1.0,0.4098360655737705,0.2691198699006713,0.0018446180555555555,0.0016915741210664266,190.0,0.5157894736842105,0.031578947368421054,0.18947368421052632,0.8052022938657173
small_long,nomotor_xlink,r0014,7.55,pulse_07,3.371764210526315,0.23107895508056162,0.009086842105263079,-0.009086842105263079,1.0,0.4098360655737705,0.2292043223334914,0.001736111111111111,0.0019784899681725746,190.0,0.5052631578947369,0.031578947368421054,0.1894736842105263,0.785722320095442
small_long,nomotor_xlink,r0014,7.6,pulse_07,3.330556842105263,0.21840420077026562,0.004387017543859469,-0.004387017543859469,1.0,0.41935483870967744,0.3137920579357548,0.0018880208333333333,0.0013455386438891391,190.0,0.5157894736842105,0.031578947368421054,0.1789473684210526,0.7720477877419205
small_long,nomotor_xlink,r0014,7.65,pulse_07,3.345442105263158,0.22300572321722678,0.0033010526315788713,0.0033010526315788713,1.0,0.41935483870967744,0.28110772835465375,0.0018012152777777779,0.0047399491061038785,190.0,0.5052631578947369,0.031578947368421054,0.1894736842105263,0.7895529612539125
small_long,nomotor_xlink,r0014,7.7,pulse_07,3.350363157894736,0.2468438954068889,0.01980929451287805,0.01980929451287805,1.0,0.3870967741935484,0.2646303117227907,0.0018229166666666667,0.009889253733680464,190.0,0.5052631578947369,0.031578947368421054,0.1894736842105263,0.793959648570501
small_long,nomotor_xlink,r0014,7.75,pulse_07,3.4642978723404263,0.28234124561930957,0.01563699141470713,0.01563699141470713,1.0,0.41935483870967744,0.1803914955899323,0.0018446180555555555,0.014314246463702876,188.0,0.5212765957446809,0.02127659574468085,0.1702127659574468,0.8052156360973354
small_long,nomotor_xlink,r0014,7.8,pulse_07,3.444185106382979,0.33272937418910614,0.009385815602837022,-0.009385815602837022,1.0,0.41379310344827586,0.22380832478692195,0.0018446180555555555,0.005421464777096226,188.0,0.5319148936170213,0.02127659574468085,0.1702127659574468,0.7969369798435093
small_long,nomotor_xlink,r0014,7.85,pulse_07,3.407982978723404,0.3148700342818869,0.007350354609929092,-0.007350354609929092,1.0,0.43333333333333335,0.27234295529310387,0.0018012152777777779,0.004686097607571919,188.0,0.5106382978723404,0.02127659574468085,0.17021276595744678,0.7956620667032043
small_long,nomotor_xlink,r0014,7.9,pulse_07,3.4000829787234044,0.30461278854367463,0.004380496453900706,-0.004380496453900706,1.0,0.4426229508196721,0.33222389924042284,0.0018663194444444445,0.007706984078466428,188.0,0.5212765957446809,0.02127659574468085,0.18085106382978727,0.805872518119389
small_long,nomotor_xlink,r0014,7.95,pulse_07,3.3817,0.26862812981108836,0.0053723404255319185,-0.0053723404255319185,1.0,0.41379310344827586,0.37583689807904397,0.0018012152777777779,0.008156488557065605,188.0,0.5106382978723405,0.02127659574468085,0.18085106382978727,0.8083696411911682
small_long,nomotor_xlink,r0014,8.0,pulse_07,3.367848936170213,0.255673857201281,0.00461702127659569,-0.00461702127659569,1.0,0.41379310344827586,0.2955855918774341,0.0019314236111111112,0.004318090869935787,188.0,0.5,0.02127659574468085,0.18085106382978725,0.8015681813252798
small_long,nomotor_xlink,r0015,0.0,initial,-1.023405263157895,-0.5502770599796939,0.18907159565580622,0.18907159565580622,1.0,-0.2,0.0,0.0004123263888888889,0.10145067342171717,38.0,0.05263157894736842,0.2631578947368421,0.7368421052631577,0.6552849531615338
small_long,nomotor_xlink,r0015,0.05,initial,-0.4561904761904762,-0.24592503971454238,0.23842495126705657,0.23842495126705657,1.0,-0.07692307692307693,0.43676115269435006,0.000390625,0.12287021795602014,42.0,0.14285714285714288,0.23809523809523814,0.6190476190476192,0.6797102502661772
small_long,nomotor_xlink,r0015,0.1,initial,0.40714444444444453,0.1869442477564269,0.18926388888888887,0.18926388888888887,1.0,-0.17647058823529413,0.27213308863864016,0.0005642361111111111,0.07128511806454085,54.0,0.22222222222222218,0.11111111111111112,0.5185185185185184,0.6891186154015082
small_long,nomotor_xlink,r0015,0.15000000000000002,initial,0.679392857142857,0.1817856686727027,0.04709437830687827,0.04709437830687827,1.0,-0.2631578947368421,0.35231466185632565,0.0006076388888888889,0.006613519525995916,56.0,0.25,0.07142857142857142,0.5357142857142856,0.7265298084434673
small_long,nomotor_xlink,r0015,0.2,initial,0.6897107142857142,0.2266253649124024,0.03880764208909371,0.03880764208909371,1.0,-0.1111111111111111,0.6451453263236879,0.0005425347222222222,0.009272625917026872,56.0,0.25,0.07142857142857142,0.4999999999999999,0.7152312662334829
small_long,nomotor_xlink,r0015,0.25,initial,0.9122387096774193,0.23742142417486395,0.0806376082251082,0.0806376082251082,1.0,0.1,0.5464841527029548,0.0006293402777777778,0.0008718301295394018,62.0,0.29032258064516125,0.06451612903225806,0.4516129032258065,0.712216801516989
small_long,nomotor_xlink,r0015,0.30000000000000004,initial,1.1735363636363634,0.221394384135166,0.11505364939719781,0.11505364939719781,1.0,-0.2,0.5179717223366367,0.0007161458333333333,0.05355749245386219,66.0,0.3030303030303031,0.030303030303030304,0.4242424242424243,0.7404003470883336
small_long,nomotor_xlink,r0015,0.35000000000000003,initial,1.6025606060606061,-0.08392353054830919,0.1436486402486403,0.1436486402486403,1.0,-0.4,0.20804290073871634,0.0006076388888888889,0.05456735527201126,66.0,0.3333333333333333,0.0,0.393939393939394,0.7271952871435657
small_long,nomotor_xlink,r0015,0.4,initial,2.035428205128205,-0.10600974749690155,0.13578679821470518,0.13578679821470518,1.0,-0.21739130434782608,0.23352319155358675,0.0007378472222222222,0.021906352267373034,78.0,0.43589743589743585,0.0,0.3333333333333333,0.7650250930438465
small_long,nomotor_xlink,r0015,0.45,initial,2.4172813953488372,0.047514583055929024,0.09474789173789173,0.09474789173789173,1.0,-0.037037037037037035,0.36678247946306053,0.0008463541666666667,0.006081961939375766,86.0,0.4883720930232559,0.0,0.3023255813953488,0.7617072794286176
small_long,nomotor_xlink,r0015,0.5,initial,2.6039155555555555,-0.14250151913315615,0.07054789244186055,0.07054789244186055,1.0,0.0967741935483871,0.42847690489539736,0.0009331597222222223,0.03528614367877286,90.0,0.5111111111111112,0.0,0.2888888888888889,0.7702762196940514
small_long,nomotor_xlink,r0015,0.55,initial,2.8405687500000005,-0.16420227901670814,0.03490659108087679,0.03490659108087679,1.0,0.15151515151515152,0.3392088039906726,0.0008897569444444444,0.011316172696774396,96.0,0.5416666666666667,0.0,0.27083333333333337,0.7664078820166764
small_long,nomotor_xlink,r0015,0.6000000000000001,initial,2.8133551020408163,-0.07460448295250977,0.025836907679738525,0.025836907679738525,1.0,0.125,0.35602344024316473,0.0010416666666666667,0.001622644112271911,98.0,0.5306122448979591,0.0,0.26530612244897955,0.7735014516010157
small_long,nomotor_xlink,r0015,0.65,initial,2.9955901960784317,-0.1739381436903396,0.07390778602350039,0.07390778602350039,1.0,0.2,0.31808151849031313,0.0009331597222222223,0.5058032550168776,102.0,0.568627450980392,0.0,0.2549019607843137,0.7475661443055195
small_long,nomotor_xlink,r0015,0.7000000000000001,initial,3.2568018181818186,2.960215047148756,0.05845397316821469,0.05845397316821469,1.0,0.24324324324324326,0.28176694359563514,0.0010633680555555555,0.8791000982598437,110.0,0.5999999999999999,0.0,0.23636363636363633,0.7537990347507308
small_long,nomotor_xlink,r0015,0.75,initial,3.34631403508772,-1.182522861310863,0.030901674370826804,0.030901674370826804,1.0,0.3,0.2103399425740836,0.0010199652777777778,0.6507833741040828,114.0,0.5964912280701755,0.0,0.22807017543859653,0.7491202432391794
small_long,nomotor_xlink,r0015,0.8,initial,3.4422118644067794,0.5817299845936666,0.02380076816334616,0.02380076816334616,1.0,0.3170731707317073,0.2305160634984026,0.0011501736111111111,0.2767729860565232,118.0,0.6271186440677965,0.0,0.22033898305084745,0.7363992193515799
small_long,nomotor_xlink,r0015,0.8500000000000001,initial,3.489118644067797,0.4781150550282761,0.04905013900098654,0.04905013900098654,1.0,0.3333333333333333,0.291199064824292,0.0011501736111111111,0.05620492986626694,118.0,0.6271186440677965,0.0,0.22033898305084745,0.7753524852360621
small_long,nomotor_xlink,r0015,0.9,initial,3.7365126984126986,0.2445004053960648,0.06718704417051868,0.06718704417051868,1.0,0.37777777777777777,0.203999609981364,0.001193576388888889,0.0010898957300836305,126.0,0.6507936507936507,0.0,0.20634920634920628,0.7506224046090917
small_long,nomotor_xlink,r0015,0.9500000000000001,initial,3.892240909090909,0.4846544294087776,0.02032212602212602,0.02032212602212602,1.0,0.4166666666666667,0.2036351425361433,0.0013237847222222223,0.113606217355067,132.0,0.6666666666666667,0.0,0.196969696969697,0.7540073415611286
small_long,nomotor_xlink,r0015,1.0,initial,3.8584454545454547,0.9261377095264668,0.011265151515151395,-0.011265151515151395,1.0,0.4166666666666667,0.22223327424868908,0.0012369791666666666,0.14716109337256297,132.0,0.6666666666666667,0.0,0.19696969696969702,0.775090120158862
small_long,nomotor_xlink,r0015,1.05,pulse_01,3.922950704225351,1.4628893558374763,0.012718283776735007,0.012718283776735007,1.0,0.4716981132075472,0.2570135098717503,0.001345486111111111,0.8587750654173659,142.0,0.6619718309859154,0.0,0.1830985915492958,0.7620354462000523
small_long,nomotor_xlink,r0015,1.1,pulse_01,3.961105555555556,-2.243970755090012,0.0149324168756834,0.0149324168756834,1.0,0.48148148148148145,0.22154939021168782,0.0014539930555555556,0.08636688311621206,144.0,0.6805555555555555,0.0,0.19444444444444442,0.7790034198121298
small_long,nomotor_xlink,r0015,1.15,pulse_01,4.0125452054794515,1.9810906545347486,2.213343480450547e-05,2.213343480450547e-05,1.0,0.4909090909090909,0.21397100539581798,0.0013671875,0.6610913956232557,146.0,0.6712328767123288,0.0,0.19178082191780826,0.7800266610496362
small_long,nomotor_xlink,r0015,1.2,pulse_01,3.961238356164383,0.07266617835003998,0.011571498210539266,-0.011571498210539266,1.0,0.4909090909090909,0.1602502200421537,0.0014756944444444444,0.04782681578497968,146.0,0.6575342465753424,0.0273972602739726,0.19178082191780826,0.7549961080958316
small_long,nomotor_xlink,r0015,1.25,pulse_01,3.943116216216216,1.6941297598248706,0.006549410712081889,-0.006549410712081889,1.0,0.5,0.19117567244227052,0.0014756944444444444,0.19173599450890622,148.0,0.6621621621621621,0.02702702702702702,0.18918918918918914,0.7876146307986521
small_long,nomotor_xlink,r0015,1.3,pulse_01,3.921941891891892,1.2230821454034773,0.003977147147147031,-0.003977147147147031,1.0,0.5,0.2004215097756541,0.0014322916666666666,0.2363896856245851,148.0,0.6486486486486485,0.02702702702702702,0.18918918918918914,0.7726592583122627
small_long,nomotor_xlink,r0015,1.35,pulse_01,3.9192533333333337,0.27579164607736,0.004796795795795801,0.004796795795795801,1.0,0.5087719298245614,0.170859568797113,0.0014973958333333334,0.15948161346481446,150.0,0.64,0.026666666666666665,0.18666666666666665,0.7797609881916978
small_long,nomotor_xlink,r0015,1.4,pulse_01,3.9507226666666666,0.2661924646145906,0.0014446666666666867,0.0014446666666666867,1.0,0.5087719298245614,0.21443483403981528,0.0013671875,0.07418909519165494,150.0,0.6533333333333333,0.026666666666666665,0.18666666666666665,0.7674054948211201
small_long,nomotor_xlink,r0015,1.45,pulse_01,3.927921333333334,-0.1693429250725696,0.010813777777777775,-0.010813777777777775,1.0,0.5172413793103449,0.14505107252746668,0.0014756944444444444,0.1453379614366729,150.0,0.6399999999999999,0.026666666666666665,0.18666666666666665,0.7822159426590016
small_long,nomotor_xlink,r0015,1.5,pulse_01,3.88584,-0.6058353040054469,0.004812327485380259,-0.004812327485380259,1.0,0.5254237288135594,0.12753696514380408,0.001540798611111111,0.09968101697104952,150.0,0.6216216216216215,0.02702702702702702,0.18918918918918914,0.786303924670917
small_long,nomotor_xlink,r0015,1.55,pulse_01,3.8990473684210523,-0.7674290268988667,0.0006597807017545421,0.0006597807017545421,1.0,0.5172413793103449,0.1816760384003881,0.001540798611111111,0.00779208430240456,152.0,0.631578947368421,0.02631578947368421,0.18421052631578944,0.7739327202015882
small_long,nomotor_xlink,r0015,1.6,pulse_01,3.889798684210527,-0.6525878098198743,0.004732353611300792,-0.004732353611300792,1.0,0.5333333333333333,0.10264471108842478,0.0014322916666666666,0.0065542350655466985,152.0,0.6315789473684211,0.05263157894736842,0.18421052631578944,0.7730869340192313
small_long,nomotor_xlink,r0015,1.65,pulse_01,3.8706532467532475,-0.7281036165055865,0.0075601760082021725,0.0075601760082021725,1.0,0.5409836065573771,0.14093555471317062,0.001388888888888889,0.03717631392558849,154.0,0.6363636363636362,0.051948051948051945,0.18181818181818185,0.7623832806354062
small_long,nomotor_xlink,r0015,1.7000000000000002,pulse_01,3.9351597402597402,-0.8756456933734053,0.015369480519480469,0.015369480519480469,1.0,0.559322033898305,0.16235734399587892,0.0015190972222222222,0.04171782095990575,154.0,0.6363636363636364,0.03896103896103896,0.16883116883116883,0.7780630443029727
small_long,nomotor_xlink,r0015,1.75,pulse_01,3.9628701298701303,-0.978410542265021,0.01660758714969246,0.01660758714969246,1.0,0.5666666666666667,0.21009355151131165,0.0015190972222222222,0.017549885475206545,154.0,0.6363636363636362,0.03896103896103896,0.16883116883116883,0.7834396849905311
small_long,nomotor_xlink,r0015,1.8,pulse_01,4.034805263157895,-0.770346380522166,0.005069013442697538,0.005069013442697538,1.0,0.5932203389830508,0.12354704449516501,0.0013671875,0.024038340165262517,152.0,0.631578947368421,0.039473684210526314,0.15789473684210525,0.763485478529606
small_long,nomotor_xlink,r0015,1.85,pulse_01,3.9932842105263155,-0.8341805012734459,0.014180043859649253,-0.014180043859649253,1.0,0.5932203389830508,0.18465462157342086,0.0014973958333333334,0.01213636711455309,152.0,0.644736842105263,0.039473684210526314,0.15789473684210525,0.7687164621627768
small_long,nomotor_xlink,r0015,1.9,pulse_01,3.9497249999999995,-0.8431645832094845,0.006462938596491163,-0.006462938596491163,1.0,0.5932203389830508,0.17703439159445683,0.001540798611111111,0.053044915770368795,152.0,0.631578947368421,0.039473684210526314,0.15789473684210525,0.7862127316019527
small_long,nomotor_xlink,r0015,1.9500000000000002,pulse_01,3.9545065789473686,-0.5159110066512331,0.002601096491227972,-0.002601096491227972,1.0,0.5862068965517241,0.19866338653174517,0.0015625,0.010650464095868154,152.0,0.631578947368421,0.039473684210526314,0.15789473684210525,0.7820501107877479
small_long,nomotor_xlink,r0015,2.0,pulse_01,3.9341184210526317,-0.9070673677846934,0.006796052631578971,-0.006796052631578971,1.0,0.5862068965517241,0.18392966437763456,0.001584201388888889,0.13038545371115343,152.0,0.618421052631579,0.039473684210526314,0.15789473684210525,0.779061887929421
small_long,nomotor_xlink,r0015,2.05,pulse_02,3.9051987179487186,-0.5825124075821912,0.010985470085470647,-0.010985470085470647,1.0,0.6,0.21158062244167813,0.0016059027777777777,0.03593481875619955,156.0,0.641025641025641,0.05128205128205128,0.15384615384615383,0.7793651135136773
small_long,nomotor_xlink,r0015,2.1,pulse_02,3.8722423076923067,-0.4747079513135926,0.0020290015540014306,0.0020290015540014306,1.0,0.6,0.2122143078105308,0.0014756944444444444,0.014695264350801282,156.0,0.6282051282051283,0.05128205128205129,0.15384615384615385,0.7775000452559784
small_long,nomotor_xlink,r0015,2.15,pulse_02,3.9173727272727272,-0.6706839936869989,0.006841217116217324,0.006841217116217324,1.0,0.6271186440677966,0.16881411432031984,0.0013671875,0.03577188045933955,154.0,0.6363636363636364,0.03896103896103896,0.14285714285714285,0.8001091705463259
small_long,nomotor_xlink,r0015,2.2,pulse_02,3.9132896103896107,-0.6893392340696299,0.008730303030303125,-0.008730303030303125,1.0,0.6271186440677966,0.1341622797118116,0.0014322916666666666,0.015587455949669185,154.0,0.6363636363636364,0.03896103896103896,0.14285714285714285,0.7872872255113251
small_long,nomotor_xlink,r0015,2.25,pulse_02,3.8649909090909085,-0.764208729385014,0.008452828092959516,0.008452828092959516,1.0,0.6271186440677966,0.17258130819943387,0.0014756944444444444,0.039226439242622944,154.0,0.6493506493506493,0.051948051948051945,0.14285714285714288,0.7710723292088303
small_long,nomotor_xlink,r0015,2.3,pulse_02,3.9640065789473677,-0.9246978695253676,0.019174322169059232,0.019174322169059232,1.0,0.6551724137931034,0.11064826338738186,0.001540798611111111,0.013519605575676885,152.0,0.6578947368421052,0.039473684210526314,0.13157894736842105,0.7856081233011364
small_long,nomotor_xlink,r0015,2.35,pulse_02,3.980036842105264,-0.8453263628390754,0.005517105263158036,0.005517105263158036,1.0,0.6551724137931034,0.11134416708411181,0.0014539930555555556,0.005425346856598383,152.0,0.6447368421052632,0.039473684210526314,0.13157894736842105,0.7866284336864525
small_long,nomotor_xlink,r0015,2.4,pulse_02,3.997109210526316,-0.9572499506649579,0.021659868421052646,0.021659868421052646,1.0,0.6610169491525424,0.18738932760802307,0.0014756944444444444,0.012441230765174763,152.0,0.6447368421052632,0.039473684210526314,0.13157894736842105,0.7764370954903699
small_long,nomotor_xlink,r0015,2.45,pulse_02,4.10999605263158,-0.919973747430124,0.00785285087719297,0.00785285087719297,1.0,0.6491228070175439,0.12666979577132423,0.0014973958333333334,0.013323569272290947,152.0,0.6578947368421053,0.02631578947368421,0.11842105263157894,0.7813584121759528
small_long,nomotor_xlink,r0015,2.5,pulse_02,4.044226315789474,-0.8773085350312122,0.013451535087719643,-0.013451535087719643,1.0,0.6491228070175439,0.09005148236599031,0.0014539930555555556,0.01103568643575483,152.0,0.6578947368421053,0.02631578947368421,0.13157894736842105,0.7819630204767692
small_long,nomotor_xlink,r0015,2.55,pulse_02,4.029286842105262,-0.853759628815595,0.017481359649122785,-0.017481359649122785,1.0,0.6428571428571429,0.15000509406546642,0.0014539930555555556,0.00791627693561934,152.0,0.6578947368421052,0.02631578947368421,0.13157894736842105,0.7881995889008968
small_long,nomotor_xlink,r0015,2.6,pulse_02,3.939338157894737,-0.9248061966449282,0.01808464912280683,-0.01808464912280683,1.0,0.6206896551724138,0.19505997167122893,0.0014539930555555556,0.003155677561254344,152.0,0.6710526315789473,0.039473684210526314,0.13157894736842105,0.794953675314862
small_long,nomotor_xlink,r0015,2.65,pulse_02,3.920778947368421,-0.872693694183121,0.0065625292397661905,0.0065625292397661905,1.0,0.6206896551724138,0.1796441267418966,0.0014322916666666666,0.007224574203890814,152.0,0.6533333333333333,0.04,0.13333333333333333,0.8076071415392799
small_long,nomotor_xlink,r0015,2.7,pulse_02,3.978713333333334,-0.8814587514215834,0.011614770033191002,0.011614770033191002,1.0,0.6140350877192983,0.1021360751082512,0.0014973958333333334,0.0045015852201313504,150.0,0.6666666666666666,0.026666666666666665,0.12,0.7837535662916614
small_long,nomotor_xlink,r0015,2.75,pulse_02,3.990467567567567,-0.8997032055039091,0.00487474474474503,-0.00487474474474503,1.0,0.5862068965517241,0.17915813522746912,0.0015190972222222222,0.005641772665181122,148.0,0.6756756756756755,0.01351351351351351,0.1216216216216216,0.8007429157781666
small_long,nomotor_xlink,r0015,2.8,pulse_02,3.949464864864864,-0.9153093874126701,0.009959971615451183,0.009959971615451183,1.0,0.5862068965517241,0.20503462791493537,0.0014539930555555556,0.013440431402645947,148.0,0.6621621621621621,0.02702702702702702,0.10810810810810809,0.794372019015361
small_long,nomotor_xlink,r0015,2.85,pulse_02,4.050227397260274,-0.9803457939197848,0.022769782796495146,0.022769782796495146,1.0,0.6140350877192983,0.1671588161277157,0.0014973958333333334,0.002388343839056025,146.0,0.6849315068493149,0.0136986301369863,0.1095890410958904,0.7821511429478288
small_long,nomotor_xlink,r0015,2.9,pulse_02,4.086083561643835,-0.900979324378334,0.006133333333333398,0.006133333333333398,1.0,0.6140350877192983,0.08532583012312374,0.0014973958333333334,0.021740568679156875,146.0,0.6849315068493153,0.0136986301369863,0.0958904109589041,0.8016950981646749
small_long,nomotor_xlink,r0015,2.95,pulse_02,4.087027397260274,-0.8499023818448436,0.0109735730593609,0.0109735730593609,1.0,0.6140350877192983,0.12638254516264813,0.0014322916666666666,0.021615446901920837,146.0,0.6849315068493151,0.0136986301369863,0.1095890410958904,0.7862684375049325
small_long,nomotor_xlink,r0015,3.0,pulse_02,4.151925,-0.7712866429668089,0.021632534246575297,0.021632534246575297,1.0,0.6140350877192983,0.1444787786477643,0.0013671875,0.026205246292678213,144.0,0.6944444444444444,0.0,0.09722222222222221,0.7771255798745081
small_long,nomotor_xlink,r0015,3.05,pulse_03,4.1429746666666665,-0.7596083805695439,0.011135999999999887,0.011135999999999887,1.0,0.6271186440677966,0.23301699014905067,0.0014973958333333334,0.0014075326345725687,150.0,0.7066666666666668,0.0,0.09333333333333332,0.7933606703134602
small_long,nomotor_xlink,r0015,3.1,pulse_03,4.176382666666666,-0.7553857826658262,0.011335978978979089,0.011335978978979089,1.0,0.6206896551724138,0.06736579112648386,0.0014105902777777778,0.0007156814241022399,150.0,0.7066666666666667,0.0,0.07999999999999999,0.7705410095896288
small_long,nomotor_xlink,r0015,3.15,pulse_03,4.210990540540541,-0.7553142920249305,0.0056970330330331125,0.0056970330330331125,1.0,0.6428571428571429,0.10801622090816108,0.0014973958333333334,0.0030340802668987386,148.0,0.7027027027027025,0.0,0.09459459459459459,0.7905790487503705
small_long,nomotor_xlink,r0015,3.2,pulse_03,4.210564864864865,-0.7735902642672187,0.00487072072072096,-0.00487072072072096,1.0,0.6491228070175439,0.1712583609123531,0.0014539930555555556,0.0003673650547421081,148.0,0.7027027027027025,0.0,0.09459459459459459,0.7969440801227586
small_long,nomotor_xlink,r0015,3.25,pulse_03,4.181766216216215,-0.7531101016964779,0.009744594594594572,-0.009744594594594572,1.0,0.6491228070175439,0.022965197690661243,0.0014322916666666666,0.005805805473884411,148.0,0.7027027027027025,0.0,0.09459459459459459,0.7715620208225139
small_long,nomotor_xlink,r0015,3.3,pulse_03,4.152097297297297,-0.7387554314239122,0.010031306306306073,-0.010031306306306073,1.0,0.6428571428571429,0.13105061908887913,0.0014756944444444444,0.009664255729586438,148.0,0.7027027027027025,0.0,0.09459459459459457,0.8080318089574113
small_long,nomotor_xlink,r0015,3.35,pulse_03,4.121578378378379,-0.6951245673189592,0.014613288288288265,-0.014613288288288265,1.0,0.6363636363636364,0.16139073673615195,0.0014973958333333334,0.0026044104724648096,148.0,0.7027027027027025,0.01351351351351351,0.10810810810810809,0.7962543230607266
small_long,nomotor_xlink,r0015,3.4,pulse_03,4.064417567567568,-0.7231289685891233,0.010476434653831893,0.010476434653831893,1.0,0.6491228070175439,0.2589299616723842,0.0014973958333333334,0.014103339218230407,148.0,0.689189189189189,0.01351351351351351,0.10810810810810809,0.7954199053570369
small_long,nomotor_xlink,r0015,3.45,pulse_03,4.18443698630137,-0.6105045320095768,0.008301638282117718,0.008301638282117718,1.0,0.6491228070175439,0.17842058616495746,0.0014539930555555556,0.02453159264604445,146.0,0.6986301369863014,0.0,0.09589041095890412,0.8021838568259116
small_long,nomotor_xlink,r0015,3.5,pulse_03,4.114227397260274,-0.5759394127128566,0.013190410958904053,-0.013190410958904053,1.0,0.6785714285714286,0.15602285361001592,0.0014973958333333334,0.008147987297828693,146.0,0.6849315068493153,0.0136986301369863,0.09589041095890412,0.790818517793844
small_long,nomotor_xlink,r0015,3.55,pulse_03,4.105294520547946,-0.5616166082226046,0.0018296803652967004,0.0018296803652967004,1.0,0.6842105263157895,0.1957433283535308,0.0014539930555555556,0.007593930590259053,146.0,0.6849315068493154,0.0,0.09589041095890412,0.7886940358956518
small_long,nomotor_xlink,r0015,3.6,pulse_03,4.125205479452054,-0.5303758291713023,0.0029079908675798314,0.0029079908675798314,1.0,0.6428571428571429,0.19139049081849577,0.0014322916666666666,0.008199707819996774,146.0,0.7123287671232876,0.0,0.0958904109589041,0.784576741338548
small_long,nomotor_xlink,r0015,3.65,pulse_03,4.122742465753425,-0.512418361302624,0.01739862379502795,0.01739862379502795,1.0,0.6428571428571429,0.1759472645585087,0.0014105902777777778,0.0008325890194526379,146.0,0.7123287671232876,0.0,0.0958904109589041,0.7955092946388075
small_long,nomotor_xlink,r0015,3.7,pulse_03,4.229597222222222,-0.5253802950545865,0.013142922374429192,0.013142922374429192,1.0,0.6727272727272727,0.2269583018603261,0.001345486111111111,0.010020898601541603,144.0,0.7183098591549295,0.0,0.08450704225352113,0.7666776561880567
small_long,nomotor_xlink,r0015,3.75,pulse_03,4.2016,-0.45229296969337435,0.006435879629629622,-0.006435879629629622,1.0,0.6727272727272727,0.15384887406496286,0.0014539930555555556,0.017807732273302606,144.0,0.7083333333333333,0.0,0.08333333333333333,0.8045090889955238
small_long,nomotor_xlink,r0015,3.8,pulse_03,4.190981944444444,-0.41853390141477087,0.005070601851851819,-0.005070601851851819,1.0,0.6727272727272727,0.12814032438147407,0.001388888888888889,0.0007855412070543096,144.0,0.6944444444444445,0.0,0.08333333333333333,0.7856939366043435
small_long,nomotor_xlink,r0015,3.85,pulse_03,4.171176388888889,-0.4570062169357002,0.0024530092592591757,0.0024530092592591757,1.0,0.6727272727272727,0.07776168824086395,0.0014322916666666666,0.004716321113630091,144.0,0.7083333333333334,0.0,0.08333333333333333,0.7864947822463537
small_long,nomotor_xlink,r0015,3.9,pulse_03,4.205699999999999,-0.3902359747329903,0.0043812499999999295,-0.0043812499999999295,1.0,0.6727272727272727,0.2101407447780537,0.0014756944444444444,0.0006419225864065792,144.0,0.7083333333333333,0.0,0.08333333333333333,0.75761547950124
small_long,nomotor_xlink,r0015,3.95,pulse_03,4.1448888888888895,-0.4608577524541397,0.01455555555555558,-0.01455555555555558,1.0,0.6727272727272727,0.07639922455193307,0.0014973958333333334,0.019937351588440195,144.0,0.6944444444444444,0.0,0.08333333333333334,0.7902504621215971
small_long,nomotor_xlink,r0015,4.0,pulse_03,4.118366666666666,-0.5098600842636315,0.008840740740741223,-0.008840740740741223,1.0,0.6727272727272727,0.06043180653854402,0.0014322916666666666,0.016334110603163938,144.0,0.6944444444444444,0.0,0.08333333333333333,0.7841981429802453
small_long,nomotor_xlink,r0015,4.05,pulse_04,4.149151351351352,-0.41385867040301083,0.008445045045044767,0.008445045045044767,1.0,0.6842105263157895,0.20332685436452838,0.001540798611111111,0.015329234815904333,148.0,0.7027027027027025,0.0,0.08108108108108107,0.7877040749018195
small_long,nomotor_xlink,r0015,4.1,pulse_04,4.174486486486487,-0.36787096595529784,0.010036261261261595,-0.010036261261261595,1.0,0.6491228070175439,0.1614266404218242,0.0015190972222222222,0.0024501301452766098,148.0,0.7027027027027025,0.0,0.08108108108108106,0.7929718687844586
small_long,nomotor_xlink,r0015,4.15,pulse_04,4.088933783783783,-0.3991578895313512,0.0337934684684685,-0.0337934684684685,1.0,0.6491228070175439,0.17602315072813624,0.001540798611111111,0.012228824563422327,148.0,0.689189189189189,0.0,0.10810810810810809,0.7935928178501619
small_long,nomotor_xlink,r0015,4.2,pulse_04,3.9717256756756756,-0.4412439133358318,0.022711486486486354,-0.022711486486486354,1.0,0.6785714285714286,0.15027361498598615,0.0014105902777777778,0.00045227748318399374,148.0,0.6756756756756755,0.01351351351351351,0.1216216216216216,0.7692586448915931
small_long,nomotor_xlink,r0015,4.25,pulse_04,3.9526648648648646,-0.40187155443045514,0.008229504504504437,-0.008229504504504437,1.0,0.6363636363636364,0.2196616908338521,0.0014322916666666666,0.0014384036577899662,148.0,0.6666666666666667,0.01388888888888889,0.125,0.799676414824669
small_long,nomotor_xlink,r0015,4.3,pulse_04,3.922348648648649,-0.4498743352825716,0.007716129828458633,0.007716129828458633,1.0,0.6727272727272727,0.17573368088741625,0.0014105902777777778,0.0023112950478302863,148.0,0.6756756756756755,0.01351351351351351,0.1216216216216216,0.7818153319534771
small_long,nomotor_xlink,r0015,4.35,pulse_04,3.9989616438356164,-0.3880037841434734,0.012409700111069824,0.012409700111069824,1.0,0.660377358490566,0.17284337302564823,0.0015190972222222222,0.029448261463751818,146.0,0.6849315068493149,0.0,0.1095890410958904,0.8062451784535867
small_long,nomotor_xlink,r0015,4.4,pulse_04,3.996806849315068,-0.2731847665000607,6.210045662088011e-05,-6.210045662088011e-05,1.0,0.6785714285714286,0.27968361581570106,0.001388888888888889,0.01179110251597292,146.0,0.6849315068493149,0.0,0.1095890410958904,0.799213526844527
small_long,nomotor_xlink,r0015,4.45,pulse_04,3.998589041095891,-0.3172571690476359,0.00042739726027403907,0.00042739726027403907,1.0,0.660377358490566,0.21484441961906095,0.0014539930555555556,0.0034696312964999456,146.0,0.6849315068493153,0.0,0.1095890410958904,0.8152696427215577
small_long,nomotor_xlink,r0015,4.5,pulse_04,3.999371232876712,-0.29400255427906036,0.000650684931506588,0.000650684931506588,1.0,0.6666666666666666,0.15753017412163503,0.0014322916666666666,0.006760622853077112,146.0,0.7123287671232876,0.0,0.1095890410958904,0.8038195800628674
small_long,nomotor_xlink,r0015,4.55,pulse_04,4.002493150684931,-0.3578209061660986,0.000636757990867635,-0.000636757990867635,1.0,0.6226415094339622,0.17574211607273488,0.001388888888888889,0.012971338562062599,146.0,0.7123287671232876,0.0,0.1095890410958904,0.7921471788000415
small_long,nomotor_xlink,r0015,4.6,pulse_04,3.9955506849315063,-0.37183058565143595,0.0036118721461186145,-0.0036118721461186145,1.0,0.660377358490566,0.1991748932806019,0.001388888888888889,0.0114122618419391,146.0,0.6986301369863012,0.0,0.1095890410958904,0.7893991874227924
small_long,nomotor_xlink,r0015,4.65,pulse_04,3.980821917808219,-0.42629447721773317,0.0016182648401827187,0.0016182648401827187,1.0,0.660377358490566,0.1747616867148022,0.0014539930555555556,0.0020764220807067044,146.0,0.7123287671232876,0.0,0.1095890410958904,0.7770275803710575
small_long,nomotor_xlink,r0015,4.7,pulse_04,4.005260273972603,-0.3842891181356762,0.0029757990867578985,-0.0029757990867578985,1.0,0.660377358490566,0.21173560754282622,0.0014973958333333334,0.0011808048750676186,146.0,0.7123287671232877,0.0,0.1095890410958904,0.7620277597048912
small_long,nomotor_xlink,r0015,4.75,pulse_04,3.9629671232876715,-0.41920964796732746,0.005407762557077644,-0.005407762557077644,1.0,0.6296296296296297,0.1944300731891283,0.0014105902777777778,0.0068310347768243225,146.0,0.6986301369863013,0.0,0.1095890410958904,0.7753358842046729
small_long,nomotor_xlink,r0015,4.8,pulse_04,3.972813698630137,-0.4252753267966221,0.009626255707762654,-0.009626255707762654,1.0,0.5925925925925926,0.15108191924506667,0.0014973958333333334,0.009026722765385825,146.0,0.6986301369863013,0.0,0.1095890410958904,0.7847584377690262
small_long,nomotor_xlink,r0015,4.85,pulse_04,3.9052095890410956,-0.4733699845596424,0.012318036529680368,-0.012318036529680368,1.0,0.6153846153846154,0.2757643861062916,0.0014105902777777778,0.014755659888008374,146.0,0.6986301369863012,0.0,0.12328767123287672,0.7926706338967039
small_long,nomotor_xlink,r0015,4.9,pulse_04,3.8989054794520546,-0.5138092861246724,0.006125342465753396,-0.006125342465753396,1.0,0.5272727272727272,0.27669755886062264,0.001388888888888889,0.0028953508725855595,146.0,0.6986301369863013,0.0,0.12328767123287672,0.7793625093969222
small_long,nomotor_xlink,r0015,4.95,pulse_04,3.8684575342465752,-0.45599787932412905,0.0008851598173514515,-0.0008851598173514515,1.0,0.5555555555555556,0.16648080679160374,0.001388888888888889,0.009887872250058901,146.0,0.6986301369863013,0.0,0.12328767123287672,0.7810889019987325
small_long,nomotor_xlink,r0015,5.0,pulse_04,3.893594520547946,-0.45448205262431896,0.008378995433790207,0.008378995433790207,1.0,0.5714285714285714,0.26316438576387946,0.0014756944444444444,0.0005052755666033656,146.0,0.6986301369863014,0.0,0.12328767123287672,0.7794531787617768
small_long,nomotor_xlink,r0015,5.05,pulse_05,3.864941025641025,-0.6043358767573727,0.00010085470085504274,0.00010085470085504274,1.0,0.5789473684210527,0.23404045554080113,0.001540798611111111,0.006300280619073284,156.0,0.7051282051282053,0.0,0.11538461538461538,0.7946653567041062
small_long,nomotor_xlink,r0015,5.1,pulse_05,3.86524358974359,-0.5854350349001528,0.005161324786324695,-0.005161324786324695,1.0,0.5357142857142857,0.34017607335280375,0.0016493055555555556,0.009796274933335939,156.0,0.7051282051282052,0.0,0.11538461538461538,0.7918529601858092
small_long,nomotor_xlink,r0015,5.15,pulse_05,3.8339730769230767,-0.6631135263573883,0.011670726495726461,-0.011670726495726461,1.0,0.543859649122807,0.3477445497766149,0.0014539930555555556,0.016022542850599786,156.0,0.7051282051282053,0.0,0.11538461538461538,0.7986363864251983
small_long,nomotor_xlink,r0015,5.2,pulse_05,3.795219230769231,-0.6815702920037515,0.015633333333333315,-0.015633333333333315,1.0,0.5172413793103449,0.396399948437207,0.001584201388888889,0.0024561112273353927,156.0,0.7051282051282054,0.0,0.11538461538461539,0.796196225887411
small_long,nomotor_xlink,r0015,5.25,pulse_05,3.7401730769230768,-0.6483768589933759,0.0071162393162393185,-0.0071162393162393185,1.0,0.5087719298245614,0.3896952925627116,0.0014973958333333334,0.004654300297302534,156.0,0.6923076923076927,0.0,0.12820512820512822,0.8015804604895438
small_long,nomotor_xlink,r0015,5.3,pulse_05,3.7525217948717953,-0.6536444902199363,0.001426495726495854,0.001426495726495854,1.0,0.5172413793103449,0.3417668911525329,0.0016059027777777777,0.001604835283963435,156.0,0.6794871794871796,0.0,0.12820512820512822,0.8015804604895438
small_long,nomotor_xlink,r0015,5.35,pulse_05,3.748732051282052,-0.6387478472895953,0.01612286324786331,-0.01612286324786331,1.0,0.5087719298245614,0.3326030560120448,0.0016059027777777777,0.0006946473581322943,156.0,0.6666666666666667,0.0,0.1282051282051282,0.802522224148976
small_long,nomotor_xlink,r0015,5.4,pulse_05,3.6557846153846154,-0.6578123743687301,0.011680769230769513,-0.011680769230769513,1.0,0.5,0.2638535170387856,0.0016059027777777777,0.017136489898011642,156.0,0.666666666666667,0.0,0.12820512820512822,0.8053021483623233
small_long,nomotor_xlink,r0015,5.45,pulse_05,3.678647435897435,-0.7415667866776652,0.011870512820512769,0.011870512820512769,1.0,0.47368421052631576,0.26879504906844587,0.0015625,0.012141555302898602,156.0,0.666666666666667,0.0,0.12820512820512822,0.8025746090701081
small_long,nomotor_xlink,r0015,5.5,pulse_05,3.727007692307692,-0.7306617061861217,0.008419658119658354,0.008419658119658354,1.0,0.5,0.37946736142374016,0.001540798611111111,0.0005858509100478323,156.0,0.6794871794871795,0.0,0.1282051282051282,0.8033138512011944
small_long,nomotor_xlink,r0015,5.55,pulse_05,3.729165384615385,-0.7450818921379522,0.005749572649572728,-0.005749572649572728,1.0,0.5,0.28045117374010037,0.0015190972222222222,0.01743651341869303,156.0,0.6666666666666669,0.0,0.1282051282051282,0.8114256250955422
small_long,nomotor_xlink,r0015,5.6,pulse_05,3.6925102564102557,-0.8352807866982799,0.015452350427350492,-0.015452350427350492,1.0,0.47368421052631576,0.37475143747697237,0.0015625,0.012589283561045939,156.0,0.6363636363636365,0.0,0.12987012987012986,0.778950911493978
small_long,nomotor_xlink,r0015,5.65,pulse_05,3.636451282051282,-0.8206175935042278,0.012053205128204958,-0.012053205128204958,1.0,0.47368421052631576,0.37794949712394743,0.001584201388888889,0.0032671450236194297,156.0,0.6410256410256412,0.0,0.14102564102564102,0.8005863119089793
small_long,nomotor_xlink,r0015,5.7,pulse_05,3.620191025641026,-0.8548836568399965,0.009348931623931763,-0.009348931623931763,1.0,0.43859649122807015,0.3943306047141754,0.001540798611111111,0.00532144540183066,156.0,0.6315789473684212,0.0,0.14473684210526314,0.8106376116580533
small_long,nomotor_xlink,r0015,5.75,pulse_05,3.5803576923076914,-0.8525462659152118,0.008616880341880387,-0.008616880341880387,1.0,0.43859649122807015,0.33740292850601555,0.0015190972222222222,0.006502324228114864,156.0,0.6282051282051283,0.0,0.141025641025641,0.8029796521268001
small_long,nomotor_xlink,r0015,5.8,pulse_05,3.5684897435897436,-0.8938976022086856,0.00818611111111093,-0.00818611111111093,1.0,0.47368421052631576,0.32192444515586666,0.0014973958333333334,0.008371957798769647,156.0,0.6025641025641028,0.0,0.14102564102564102,0.8017829820178898
small_long,nomotor_xlink,r0015,5.85,pulse_05,3.531241025641026,-0.9027780127078296,0.0038047397047396756,0.0038047397047396756,1.0,0.4482758620689655,0.3033677319094133,0.001584201388888889,9.396913439354189e-05,156.0,0.6282051282051284,0.0,0.15384615384615385,0.8222649382821053
small_long,nomotor_xlink,r0015,5.9,pulse_05,3.5913181818181816,-0.8944614170150469,0.007989266289266292,0.007989266289266292,1.0,0.3684210526315789,0.3479523239458981,0.0014105902777777778,0.003419821367521614,154.0,0.6363636363636362,0.0,0.14285714285714285,0.8232901071661065
small_long,nomotor_xlink,r0015,5.95,pulse_05,3.5791766233766236,-0.9232969409129593,0.001348701298701312,-0.001348701298701312,1.0,0.35714285714285715,0.31280702380156755,0.0015625,0.00457704282902377,154.0,0.605263157894737,0.0,0.14473684210526314,0.8274421824854341
small_long,nomotor_xlink,r0015,6.0,pulse_05,3.5832259740259738,-0.8669991600409043,0.0013497835497833972,0.0013497835497833972,1.0,0.39285714285714285,0.3363151512168284,0.0015625,0.018765926957351686,154.0,0.5974025974025975,0.0,0.14285714285714285,0.8135753002023582
small_long,nomotor_xlink,r0015,6.05,pulse_06,3.6618812500000004,-0.7451272140840262,0.020781666666666847,-0.020781666666666847,1.0,0.41379310344827586,0.27999076084022845,0.0015625,0.00022477294186059224,160.0,0.6375,0.0,0.1375,0.8084171246191082
small_long,nomotor_xlink,r0015,6.1,pulse_06,3.59953625,-0.7458015329096079,0.01993708333333344,-0.01993708333333344,1.0,0.3898305084745763,0.31035425770062103,0.0016493055555555556,9.995652659435435e-05,160.0,0.625,0.0,0.1375,0.8086145831092456
small_long,nomotor_xlink,r0015,6.15,pulse_06,3.54225875,-0.74452747492446,0.009620625000000013,-0.009620625000000013,1.0,0.3793103448275862,0.3630707957340356,0.0016276041666666667,0.003325984022244118,160.0,0.6375,0.0,0.15,0.809712263582693
small_long,nomotor_xlink,r0015,6.2,pulse_06,3.5418125,-0.7657574370430726,0.005210833333333313,-0.005210833333333313,1.0,0.3898305084745763,0.32082784987888247,0.0015625,0.003850736457238472,160.0,0.6375,0.0,0.15,0.8189854549760073
small_long,nomotor_xlink,r0015,6.25,pulse_06,3.51099375,-0.7676318936678909,0.007258750000000018,-0.007258750000000018,1.0,0.4,0.307089051278372,0.001584201388888889,0.005335007472788404,160.0,0.65,0.0,0.1625,0.8195598328617827
small_long,nomotor_xlink,r0015,6.3,pulse_06,3.4982599999999997,-0.7977674818798031,0.004724583333333365,-0.004724583333333365,1.0,0.3559322033898305,0.31800118920571585,0.0016059027777777777,0.027622174849344944,160.0,0.65,0.0,0.1625,0.7839694249003317
small_long,nomotor_xlink,r0015,6.35,pulse_06,3.4826462499999997,-0.9333649427639605,0.006283124999999945,-0.006283124999999945,1.0,0.423728813559322,0.38079346505413136,0.001584201388888889,0.012963030950227253,160.0,0.6375,0.0,0.1625,0.8204780524297293
small_long,nomotor_xlink,r0015,6.4,pulse_06,3.46056125,-0.8755456675811666,0.003922708333333302,-0.003922708333333302,1.0,0.423728813559322,0.29452304939927326,0.0016493055555555556,0.008104606976584624,160.0,0.6375,0.0,0.175,0.8073650939576282
small_long,nomotor_xlink,r0015,6.45,pulse_06,3.45911,-0.8847373009044528,0.006998750000000016,-0.006998750000000016,1.0,0.37037037037037035,0.34173242841094637,0.001540798611111111,0.006011568533222804,160.0,0.6375,0.0,0.175,0.7942575609716636
small_long,nomotor_xlink,r0015,6.5,pulse_06,3.41856875,-0.9116150787805034,0.0055522916666666715,-0.0055522916666666715,1.0,0.38181818181818183,0.3710112296283487,0.001584201388888889,0.006971524684053376,160.0,0.6375,0.0,0.175,0.7952585163350399
small_long,nomotor_xlink,r0015,6.55,pulse_06,3.42579625,-0.8429081528001325,0.008970416666666722,-0.008970416666666722,1.0,0.39285714285714285,0.31345572499915264,0.0015190972222222222,0.016170739062591217,160.0,0.6375,0.0,0.175,0.7933710019010429
small_long,nomotor_xlink,r0015,6.6,pulse_06,3.3647462499999996,-0.8145906444049561,0.01606750000000005,-0.01606750000000005,1.0,0.40350877192982454,0.4140048774379467,0.0015625,0.010766832504490786,160.0,0.6125,0.0,0.175,0.8224939524711233
small_long,nomotor_xlink,r0015,6.65,pulse_06,3.3293912499999996,-0.7783071577731878,0.010599791666666617,-0.010599791666666617,1.0,0.3333333333333333,0.4180174189494199,0.001540798611111111,0.0072010369106125975,160.0,0.6125,0.0,0.175,0.8001823009745848
small_long,nomotor_xlink,r0015,6.7,pulse_06,3.3011475,-0.7713844229412805,0.015537083333333257,-0.015537083333333257,1.0,0.32142857142857145,0.3370056310882517,0.0016710069444444444,0.0021341020980070735,160.0,0.625,0.0,0.1875,0.8172953990321477
small_long,nomotor_xlink,r0015,6.75,pulse_06,3.23616875,-0.7655025451851454,0.016630416666666648,-0.016630416666666648,1.0,0.3090909090909091,0.37856381718599186,0.0015625,0.004187025644558122,160.0,0.6125,0.0,0.175,0.8101071805629677
small_long,nomotor_xlink,r0015,6.8,pulse_06,3.201365,-0.7462622690739318,0.0010664583333333717,-0.0010664583333333717,1.0,0.2982456140350877,0.3190712555860138,0.0015190972222222222,0.0056679782706424335,160.0,0.6125,0.0,0.2,0.8170979405420103
small_long,nomotor_xlink,r0015,6.85,pulse_06,3.22977,-0.7314946755612908,0.004947083333333306,0.004947083333333306,1.0,0.2857142857142857,0.3970757619629331,0.001584201388888889,0.008733393320361715,160.0,0.6125,0.0,0.1875,0.7995899255041726
small_long,nomotor_xlink,r0015,6.9,pulse_06,3.2310475,-0.6938619091517615,0.001507916666666646,-0.001507916666666646,1.0,0.2962962962962963,0.32774317733764413,0.001540798611111111,0.0028489563000337523,160.0,0.6125,0.0,0.175,0.7988180891282597
small_long,nomotor_xlink,r0015,6.95,pulse_06,3.2207225,-0.7144009377610883,0.0013049999999999635,0.0013049999999999635,1.0,0.2857142857142857,0.2777728579177811,0.001584201388888889,0.006522998759893224,160.0,0.6125,0.0,0.175,0.7853792865586241
small_long,nomotor_xlink,r0015,7.0,pulse_06,3.2388774999999996,-0.7329999017111208,0.006051666666666566,0.006051666666666566,1.0,0.2982456140350877,0.3724048897938174,0.0014973958333333334,0.006199654650010859,160.0,0.6125,0.0,0.1875,0.7930908076154759
small_long,nomotor_xlink,r0015,7.05,pulse_07,3.2742662650602417,-0.7158632656094854,0.0014385542168677823,-0.0014385542168677823,1.0,0.3103448275862069,0.2784983039947016,0.0016710069444444444,0.0025230668934267766,166.0,0.6144578313253013,0.0,0.18072289156626506,0.8158497567395854
small_long,nomotor_xlink,r0015,7.1,pulse_07,3.2699506024096383,-0.7082940649292051,0.0029371485943774367,0.0029371485943774367,1.0,0.3333333333333333,0.24495569981826412,0.0017144097222222222,0.0017726878801746688,166.0,0.6144578313253013,0.0,0.18072289156626506,0.7975359133742265
small_long,nomotor_xlink,r0015,7.15,pulse_07,3.2918891566265063,-0.7052271383284374,0.003302409638554401,0.003302409638554401,1.0,0.3103448275862069,0.4255614715794031,0.0015625,0.0030510692678915228,166.0,0.6265060240963857,0.0,0.1686746987951807,0.8000991430705251
small_long,nomotor_xlink,r0015,7.2,pulse_07,3.2897650602409647,-0.7266004805365542,0.003319879518072222,0.003319879518072222,1.0,0.288135593220339,0.28091595653356394,0.0017578125,0.010251456266248718,166.0,0.6144578313253012,0.0,0.1807228915662651,0.8189666036751857
small_long,nomotor_xlink,r0015,7.25,pulse_07,3.3118084337349396,-0.7667358759259297,0.0026329317269075947,0.0026329317269075947,1.0,0.3559322033898305,0.3349046169982697,0.0016493055555555556,0.011851881251998727,166.0,0.6144578313253012,0.0,0.1807228915662651,0.8168637621964336
small_long,nomotor_xlink,r0015,7.3,pulse_07,3.3055626506024103,-0.7977117680485466,0.01112911646586349,-0.01112911646586349,1.0,0.3,0.3733701496117068,0.0016710069444444444,0.003707150347077507,166.0,0.6144578313253012,0.0,0.20481927710843376,0.789992545902844
small_long,nomotor_xlink,r0015,7.35,pulse_07,3.2450337349397587,-0.7889787780083948,0.014858032128514184,-0.014858032128514184,1.0,0.3,0.3422213508941327,0.0016493055555555556,0.0011036384414204365,166.0,0.6144578313253012,0.0,0.20481927710843376,0.816119823520855
small_long,nomotor_xlink,r0015,7.4,pulse_07,3.216414457831325,-0.8043335986970692,0.008217269076305081,-0.008217269076305081,1.0,0.3333333333333333,0.37715009312966363,0.0016493055555555556,0.0027432120353051612,166.0,0.6144578313253011,0.0,0.2048192771084337,0.8244868750128086
small_long,nomotor_xlink,r0015,7.45,pulse_07,3.195730120481928,-0.8054380502202257,0.0007086345381526193,-0.0007086345381526193,1.0,0.3333333333333333,0.3397231344014221,0.0016493055555555556,0.009669285260702432,166.0,0.6024096385542169,0.0,0.21686746987951805,0.814681175372689
small_long,nomotor_xlink,r0015,7.5,pulse_07,3.2121626506024095,-0.7463178871328546,0.009568674698795002,0.009568674698795002,1.0,0.3220338983050847,0.36462219709168087,0.001540798611111111,0.012744756430924986,166.0,0.6144578313253012,0.0,0.20481927710843367,0.8197410584927654
small_long,nomotor_xlink,r0015,7.55,pulse_07,3.253142168674698,-0.7289695116346758,0.0074371485943775335,0.0074371485943775335,1.0,0.3103448275862069,0.2951550549085255,0.0016059027777777777,0.0025982391928224082,166.0,0.6144578313253011,0.0,0.20481927710843367,0.8294230129691287
small_long,nomotor_xlink,r0015,7.6,pulse_07,3.2567855421686747,-0.7307284519759202,0.009096385542168775,0.009096385542168775,1.0,0.3333333333333333,0.24959011116406105,0.0016059027777777777,0.001852005608648973,166.0,0.6024096385542169,0.0,0.21686746987951802,0.8268105540698387
small_long,nomotor_xlink,r0015,7.65,pulse_07,3.307720481927711,-0.717857477982782,0.00485040160642547,0.00485040160642547,1.0,0.3220338983050847,0.28200996848965737,0.001584201388888889,0.01290956628124638,166.0,0.6385542168674699,0.0,0.21686746987951805,0.8228086762253742
small_long,nomotor_xlink,r0015,7.7,pulse_07,3.2858879518072275,-0.6532710542884419,0.007508032128514142,-0.007508032128514142,1.0,0.3220338983050847,0.3085075867231961,0.0016276041666666667,0.011731546329849648,166.0,0.6265060240963854,0.0,0.21686746987951802,0.8315563705898819
small_long,nomotor_xlink,r0015,7.75,pulse_07,3.262672289156626,-0.6474682000036841,0.006619678714859208,-0.006619678714859208,1.0,0.3220338983050847,0.270231341433268,0.0016710069444444444,0.00011624800240946549,166.0,0.6144578313253014,0.0,0.21686746987951805,0.8288028194573064
small_long,nomotor_xlink,r0015,7.8,pulse_07,3.2461698795180722,-0.6525735662739851,0.00852309236947768,-0.00852309236947768,1.0,0.3448275862068966,0.3470565681767953,0.001540798611111111,0.0057725583227006645,166.0,0.6144578313253011,0.0,0.21686746987951802,0.8120382003313977
small_long,nomotor_xlink,r0015,7.85,pulse_07,3.21153373493976,-0.6821035499398881,0.02200502008032131,-0.02200502008032131,1.0,0.32142857142857145,0.25386260684945605,0.0015625,0.0005402121998502688,166.0,0.6144578313253012,0.0,0.19277108433734938,0.8087310319595206
small_long,nomotor_xlink,r0015,7.9,pulse_07,3.1141397590361444,-0.6493322930748835,0.017574297188755066,-0.017574297188755066,1.0,0.3559322033898305,0.3462472801982429,0.0016276041666666667,0.002263609738089256,166.0,0.6024096385542168,0.0,0.2168674698795181,0.8119276242401134
small_long,nomotor_xlink,r0015,7.95,pulse_07,3.1060879518072295,-0.6956852083684236,0.007526907630522069,-0.007526907630522069,1.0,0.36666666666666664,0.43534427830443384,0.0017578125,0.007032895859353072,166.0,0.6024096385542167,0.0,0.21686746987951805,0.8137469152608332
small_long,nomotor_xlink,r0015,8.0,pulse_07,3.068978313253012,-0.6915296682310019,0.012369879518072521,-0.012369879518072521,1.0,0.3,0.38283438973682327,0.0016493055555555556,0.0013851800458072328,166.0,0.5903614457831325,0.0,0.2168674698795181,0.8189971198171868
small_long,rotatable_xlink,r0016,0.0,initial,-0.2273071428571427,1.4313062878143432,0.095281746031746,0.095281746031746,1.0,-0.23076923076923078,0.0,0.00030381944444444445,0.053273821297980195,28.0,0.35714285714285715,0.35714285714285715,0.5714285714285714,0.5796487597136696
small_long,rotatable_xlink,r0016,0.05,initial,0.05853809523809525,1.2714848239204026,0.08961438492063489,0.08961438492063489,1.0,-0.2631578947368421,0.49953500094666614,0.0004123263888888889,0.023092962878078493,42.0,0.3333333333333333,0.23809523809523808,0.6190476190476191,0.6137652729416043
small_long,rotatable_xlink,r0016,0.1,initial,0.31037916666666665,1.5698640650828142,0.040709126984126966,0.040709126984126966,1.0,-0.23809523809523808,0.32462763485136453,0.00047743055555555554,0.0720341552672854,48.0,0.3333333333333333,0.25,0.5833333333333334,0.672520962525053
small_long,rotatable_xlink,r0016,0.15000000000000002,initial,0.30279285714285703,1.703689755524115,0.11575295138888886,0.11575295138888886,1.0,-0.25,0.383862441163099,0.0005859375,0.055209730731075934,56.0,0.32142857142857145,0.21428571428571427,0.607142857142857,0.692634181813514
small_long,rotatable_xlink,r0016,0.2,initial,1.0048968749999998,1.9011224494692698,0.17187063492063495,0.17187063492063495,1.0,-0.07692307692307693,0.4458932147782737,0.0006293402777777778,0.028100459678693495,64.0,0.375,0.1875,0.53125,0.7216943836627566
small_long,rotatable_xlink,r0016,0.25,initial,1.3340166666666669,1.872292513596276,0.0535312225877194,0.0535312225877194,1.0,0.0,0.43019979853199314,0.0007378472222222222,0.016705144031280872,72.0,0.38888888888888884,0.16666666666666666,0.4999999999999999,0.73205305998662
small_long,rotatable_xlink,r0016,0.30000000000000004,initial,1.3260842105263162,1.8008915852815846,0.019785298102981092,-0.019785298102981092,1.0,0.0,0.35742642561636484,0.0008029513888888889,0.00036699547584617687,76.0,0.36842105263157887,0.15789473684210525,0.4473684210526316,0.7635130943308585
small_long,rotatable_xlink,r0016,0.35000000000000003,initial,1.2153048780487803,1.874494486451353,0.03988411306042875,0.03988411306042875,1.0,0.0,0.2946860808260629,0.00078125,0.10848740354197228,82.0,0.34146341463414637,0.14634146341463417,0.4878048780487806,0.7505437048930675
small_long,rotatable_xlink,r0016,0.4,initial,1.5653888888888887,2.4518160065334182,0.057707030129124925,0.057707030129124925,1.0,0.0625,0.3576060739491599,0.0008897569444444444,0.12532474868615104,90.0,0.37777777777777777,0.13333333333333336,0.4666666666666668,0.7552854958990984
small_long,rotatable_xlink,r0016,0.45,initial,1.5615470588235298,2.6264429785682593,0.012330153738644323,0.012330153738644323,1.0,0.14285714285714285,0.39906840430052787,0.0010850694444444445,0.021482309058730237,102.0,0.3921568627450981,0.13725490196078433,0.3921568627450981,0.7883369246515625
small_long,rotatable_xlink,r0016,0.5,initial,1.6393698113207547,2.5807098608857997,0.027062156862745008,0.027062156862745008,1.0,0.2,0.3134961858600178,0.0010199652777777778,0.006939021029324903,106.0,0.3962264150943396,0.15094339622641512,0.3773584905660377,0.8134616289383245
small_long,rotatable_xlink,r0016,0.55,initial,1.72392,2.6680771047442087,0.0001322412807318596,-0.0001322412807318596,1.0,0.24324324324324326,0.22420405889793452,0.0011284722222222221,0.031650225347833016,110.0,0.41818181818181815,0.16363636363636364,0.3636363636363636,0.8022731789424631
small_long,rotatable_xlink,r0016,0.6000000000000001,initial,1.6385763636363635,2.7706112129727978,0.009616198830409354,-0.009616198830409354,1.0,0.21052631578947367,0.3689040421677977,0.0010416666666666667,0.006369147034166837,110.0,0.40740740740740733,0.16666666666666666,0.3703703703703703,0.8202169449875857
small_long,rotatable_xlink,r0016,0.65,initial,1.6662228070175438,2.6298622225392077,0.04897512583461742,0.04897512583461742,1.0,0.23076923076923078,0.3160621164670596,0.0011284722222222221,0.012734327703995,114.0,0.42105263157894746,0.15789473684210525,0.35087719298245623,0.8393917401532237
small_long,rotatable_xlink,r0016,0.7000000000000001,initial,1.932427118644068,2.6942052467488278,0.07494975074297779,0.07494975074297779,1.0,0.2857142857142857,0.265263703881202,0.001193576388888889,0.025989198987408663,118.0,0.4576271186440678,0.13559322033898305,0.3220338983050847,0.7990921666432997
small_long,rotatable_xlink,r0016,0.75,initial,2.1159213114754105,2.7857974164636596,0.09127620939265528,0.09127620939265528,1.0,0.28888888888888886,0.22113297361047368,0.0012586805555555556,0.0645631878917925,122.0,0.4754098360655739,0.13114754098360656,0.3114754098360657,0.8265672646699027
small_long,rotatable_xlink,r0016,0.8,initial,2.4800843749999997,3.0815843740995827,0.05876535356006829,0.05876535356006829,1.0,0.43478260869565216,0.16844349572402842,0.001345486111111111,0.045013260538764976,128.0,0.515625,0.109375,0.28125,0.8149593875486625
small_long,rotatable_xlink,r0016,0.8500000000000001,initial,2.4685134328358203,3.0558769796962495,0.015548437500000048,0.015548437500000048,1.0,0.46938775510204084,0.04459055262422046,0.001345486111111111,0.007024733779999274,134.0,0.5373134328358209,0.1044776119402985,0.2835820895522388,0.8255394934832995
small_long,rotatable_xlink,r0016,0.9,initial,2.573375,3.039435971419587,0.018608475479744275,0.018608475479744275,1.0,0.38461538461538464,0.052681952059994465,0.0013671875,0.010507092269167387,136.0,0.5294117647058822,0.08823529411764705,0.2647058823529411,0.8291348426015248
small_long,rotatable_xlink,r0016,0.9500000000000001,initial,2.580164285714286,3.118919533311254,0.017020833333333263,0.017020833333333263,1.0,0.39622641509433965,0.2519849966432414,0.0014105902777777778,0.011083098891213025,140.0,0.5428571428571427,0.07142857142857142,0.25714285714285706,0.8372682705382971
small_long,rotatable_xlink,r0016,1.0,initial,2.6754999999999995,2.972937378072309,0.03177857142857121,0.03177857142857121,1.0,0.4444444444444444,0.260181062769772,0.001388888888888889,0.04866071841298162,144.0,0.5555555555555556,0.08333333333333333,0.26388888888888884,0.8224466480972046
small_long,rotatable_xlink,r0016,1.05,pulse_01,2.8081445945945944,2.942123443613417,0.012692591275486128,0.012692591275486128,1.0,0.4909090909090909,0.2949885995023878,0.0014756944444444444,0.020712195085085632,148.0,0.5675675675675674,0.08108108108108106,0.2567567567567567,0.8328481357304431
small_long,rotatable_xlink,r0016,1.1,pulse_01,2.846222368421053,2.8799868583581603,0.024487653037653063,0.024487653037653063,1.0,0.5,0.25530714420687667,0.001540798611111111,0.0064315391560540265,152.0,0.5789473684210527,0.09210526315789472,0.25000000000000006,0.8129136992721876
small_long,rotatable_xlink,r0016,1.15,pulse_01,2.955070512820513,2.903534208677093,0.04034605825461083,0.04034605825461083,1.0,0.5862068965517241,0.17507186845231143,0.0015190972222222222,0.0011798728029728995,156.0,0.6025641025641025,0.10256410256410256,0.23076923076923075,0.7979820015201937
small_long,rotatable_xlink,r0016,1.2,pulse_01,3.088298717948718,2.872907621540323,0.050645940170940186,-0.050645940170940186,1.0,0.5666666666666667,0.15197257861276073,0.001540798611111111,0.010459852320093313,156.0,0.6025641025641024,0.07692307692307691,0.23076923076923075,0.813159015807193
small_long,rotatable_xlink,r0016,1.25,pulse_01,2.6511948717948717,2.840775094756533,0.14512561965811965,-0.14512561965811965,1.0,0.6140350877192983,0.11029435950183447,0.0015190972222222222,0.0045371897150909835,156.0,0.5897435897435896,0.11538461538461538,0.2692307692307692,0.8307109112508475
small_long,rotatable_xlink,r0016,1.3,pulse_01,2.217545,2.9001307598308688,0.10834852029914528,-0.10834852029914528,1.0,0.5,0.16568192069311424,0.0015625,0.0048502013862956606,160.0,0.5875,0.175,0.3125,0.8239865499248455
small_long,rotatable_xlink,r0016,1.35,pulse_01,2.00110375,2.811673886438759,0.035270624999999965,-0.035270624999999965,1.0,0.46875,0.18039212380432426,0.0015190972222222222,0.018739457112622704,160.0,0.5949367088607593,0.17721518987341772,0.30379746835443017,0.8146051981986224
small_long,rotatable_xlink,r0016,1.4,pulse_01,2.00592125,2.7876940171551325,0.011988058127571977,0.011988058127571977,1.0,0.46875,0.19572557805089255,0.0016927083333333334,0.0043494931646801405,160.0,0.5875,0.1875,0.3125,0.8103557143512089
small_long,rotatable_xlink,r0016,1.45,pulse_01,2.073032098765432,2.7855769274506783,0.0162837011316872,0.0162837011316872,1.0,0.47692307692307695,0.19758638886973326,0.0016276041666666667,0.05228958702715647,162.0,0.5925925925925928,0.18518518518518523,0.3086419753086421,0.8159670096002635
small_long,rotatable_xlink,r0016,1.5,pulse_01,2.1036234567901233,3.1014315393180714,0.019813552644785792,0.019813552644785792,1.0,0.47692307692307695,0.1641833656014365,0.0015625,0.049467379609848594,162.0,0.5802469135802469,0.19753086419753085,0.30864197530864207,0.8235096357548781
small_long,rotatable_xlink,r0016,1.55,pulse_01,2.1919134146341466,3.08238120510977,0.03110472507313215,0.03110472507313215,1.0,0.5151515151515151,0.27968541635108685,0.001540798611111111,0.011225069080207595,164.0,0.5853658536585368,0.18292682926829273,0.3048780487804879,0.7893665649156888
small_long,rotatable_xlink,r0016,1.6,pulse_01,2.290251807228916,3.034081124836826,0.02874168579626975,0.02874168579626975,1.0,0.5223880597014925,0.19236648244569893,0.0016059027777777777,0.010185947810437948,166.0,0.5903614457831325,0.180722891566265,0.3012048192771084,0.82685978327283
small_long,rotatable_xlink,r0016,1.65,pulse_01,2.364363529411765,3.021265518247142,0.01738391448145508,0.01738391448145508,1.0,0.5362318840579711,0.1843699668787628,0.0017144097222222222,0.0023689119853997167,170.0,0.6,0.17647058823529413,0.29411764705882354,0.8360674249135138
small_long,rotatable_xlink,r0016,1.7000000000000002,pulse_01,2.3945552941176467,3.048294596749224,0.0013180392156861103,0.0013180392156861103,1.0,0.5294117647058824,0.2187634286287173,0.0016276041666666667,0.0027324677155817025,170.0,0.6000000000000001,0.18823529411764708,0.29411764705882354,0.8356047029461297
small_long,rotatable_xlink,r0016,1.75,pulse_01,2.3722717647058817,3.0376603245406324,0.006063285453716223,-0.006063285453716223,1.0,0.5072463768115942,0.19166066219311098,0.0017144097222222222,0.006173382129929979,170.0,0.588235294117647,0.18823529411764708,0.29411764705882354,0.8385703433228406
small_long,rotatable_xlink,r0016,1.8,pulse_01,2.3581755813953493,3.011254303969644,0.004676928104575244,0.004676928104575244,1.0,0.5072463768115942,0.1856335386437934,0.0016276041666666667,0.023724050482399523,172.0,0.558139534883721,0.18604651162790697,0.2906976744186047,0.8177878761434719
small_long,rotatable_xlink,r0016,1.85,pulse_01,2.400333333333333,2.8953160216462352,0.005603878196560534,0.005603878196560534,1.0,0.5072463768115942,0.20418573728265324,0.0016276041666666667,0.009819876991640589,174.0,0.5632183908045978,0.1839080459770115,0.29885057471264376,0.8284757214014677
small_long,rotatable_xlink,r0016,1.9,pulse_01,2.3917988505747125,2.9523350420198007,0.00023793103448281153,-0.00023793103448281153,1.0,0.49295774647887325,0.28217214203448737,0.0016493055555555556,0.007918491786429746,174.0,0.5529411764705883,0.18823529411764708,0.29411764705882354,0.832609264454288
small_long,rotatable_xlink,r0016,1.9500000000000002,pulse_01,2.3989057471264363,2.9428269723648137,0.028081342364532007,0.028081342364532007,1.0,0.49295774647887325,0.22563396022988824,0.0016276041666666667,0.00757604325679669,174.0,0.5632183908045978,0.18390804597701152,0.29885057471264376,0.8315077913713889
small_long,rotatable_xlink,r0016,2.0,pulse_01,2.5602869047619046,2.997791301560581,0.053793719211822744,0.053793719211822744,1.0,0.5522388059701493,0.25800861917812934,0.0016710069444444444,0.0183214430652557,168.0,0.5731707317073171,0.17073170731707316,0.2926829268292684,0.8367514969547313
small_long,rotatable_xlink,r0016,2.05,pulse_02,2.663065517241379,2.9043913434319037,0.02277509578544068,-0.02277509578544068,1.0,0.5142857142857142,0.2769903068871282,0.0016927083333333334,0.16001704383623894,174.0,0.5862068965517244,0.14942528735632185,0.28735632183908055,0.8365926861048569
small_long,rotatable_xlink,r0016,2.1,pulse_02,2.594740229885057,2.424340211923187,0.16718213166144194,-0.16718213166144194,1.0,0.5714285714285714,0.24596869619442163,0.0016710069444444444,0.10986212238859538,174.0,0.5747126436781611,0.14942528735632185,0.28735632183908055,0.8507747937956188
small_long,rotatable_xlink,r0016,2.15,pulse_02,1.6599727272727274,2.2452186091003314,0.3284983716475095,-0.3284983716475095,1.0,0.4647887323943662,0.21055904480161178,0.0016493055555555556,0.04234663397519478,176.0,0.534090909090909,0.18181818181818174,0.3295454545454545,0.8475840007932783
small_long,rotatable_xlink,r0016,2.2,pulse_02,0.62375,2.1702604080720183,0.1693719696969697,-0.1693719696969697,1.0,0.23333333333333334,0.17729737159419756,0.0016493055555555556,0.010739108116839313,176.0,0.3678160919540231,0.18390804597701155,0.4137931034482761,0.8895363324133215
small_long,rotatable_xlink,r0016,2.25,pulse_02,0.6437409090909092,2.3096532578013673,0.004496647509578529,0.004496647509578529,1.0,0.2542372881355932,0.17143808725907034,0.0017578125,0.028015424973824105,176.0,0.31818181818181823,0.2045454545454545,0.38636363636363635,0.8763439264186932
small_long,rotatable_xlink,r0016,2.3,pulse_02,0.6507298850574712,2.338352957914963,0.01215969174503658,-0.01215969174503658,1.0,0.27586206896551724,0.14919460224570733,0.0017144097222222222,0.013863019965212628,174.0,0.3448275862068967,0.21839080459770116,0.40229885057471276,0.8486455899999971
small_long,rotatable_xlink,r0016,2.35,pulse_02,0.5707827586206897,2.2264751380100916,0.06409992466313659,-0.06409992466313659,1.0,0.23333333333333334,0.1342051649689592,0.0016493055555555556,0.06454685492518719,174.0,0.3448275862068967,0.24137931034482768,0.4252873563218393,0.8668271521769835
small_long,rotatable_xlink,r0016,2.4,pulse_02,0.2661303370786517,1.9510718283638397,0.1948589241895906,-0.1948589241895906,1.0,0.1864406779661017,0.0997235829411834,0.001736111111111111,0.12091441631029894,178.0,0.32584269662921345,0.2584269662921348,0.4494382022471909,0.8743184005396081
small_long,rotatable_xlink,r0016,2.45,pulse_02,-0.5983707865168539,1.500988640148298,0.24537480255658684,-0.24537480255658684,1.0,-0.11864406779661017,0.04576207586720313,0.0015625,0.13658376411298054,178.0,0.1910112359550562,0.33707865168539325,0.5955056179775279,0.8740949993816387
small_long,rotatable_xlink,r0016,2.5,pulse_02,-1.2061184782608694,1.1315692436859566,0.11959304095686844,-0.11959304095686844,1.0,-0.4,0.13280477565280233,0.001736111111111111,0.10507663292821384,184.0,0.16304347826086957,0.41304347826086957,0.6739130434782609,0.8732597250112317
small_long,rotatable_xlink,r0016,2.55,pulse_02,-1.3159290322580646,0.8705288425790149,0.07160265505688013,-0.07160265505688013,1.0,-0.36666666666666664,0.05837133636689882,0.0018229166666666667,0.08955641603346876,186.0,0.16129032258064516,0.4086021505376345,0.7204301075268815,0.8476949110221212
small_long,rotatable_xlink,r0016,2.6,pulse_02,-1.6357344086021501,0.594230747485144,0.09599731182795694,-0.09599731182795694,1.0,-0.4492753623188406,0.1621389655640603,0.0017578125,0.05151465611704159,186.0,0.16129032258064513,0.5053763440860215,0.7311827956989245,0.8580699026871715
small_long,rotatable_xlink,r0016,2.65,pulse_02,-1.8919129032258062,0.5614409058767653,0.07768566308243734,-0.07768566308243734,1.0,-0.47058823529411764,0.1632968033577081,0.0018446180555555555,0.011746487687433712,186.0,0.16129032258064516,0.5161290322580645,0.7526881720430106,0.8414842624487827
small_long,rotatable_xlink,r0016,2.7,pulse_02,-2.101848387096774,0.5237518213605418,0.033489605734767114,-0.033489605734767114,1.0,-0.5362318840579711,0.1457470556620421,0.0017578125,0.010162155899934078,186.0,0.16129032258064516,0.5376344086021505,0.7741935483870966,0.8368697665934821
small_long,rotatable_xlink,r0016,2.75,pulse_02,-2.092850537634409,0.5004679704771609,0.016301837409901987,0.016301837409901987,1.0,-0.5522388059701493,0.20709360141207325,0.0018012152777777779,0.004510190791457712,186.0,0.16129032258064516,0.5268817204301075,0.7741935483870965,0.8449132089183058
small_long,rotatable_xlink,r0016,2.8,pulse_02,-2.004037362637362,0.4966906766117955,0.014026371657016812,0.014026371657016812,1.0,-0.5384615384615384,0.16153353435296694,0.0018446180555555555,0.0031062869239219157,182.0,0.16483516483516483,0.5164835164835164,0.747252747252747,0.8296875175420404
small_long,rotatable_xlink,r0016,2.85,pulse_02,-2.008692307692308,0.48183024893362936,0.005598901098901192,-0.005598901098901192,1.0,-0.53125,0.15720590340318788,0.0018012152777777779,0.0009386524686700315,182.0,0.16483516483516486,0.5274725274725276,0.7472527472527472,0.8442270517589964
small_long,rotatable_xlink,r0016,2.9,pulse_02,-2.0376307692307694,0.4910587617997753,0.002336996336996281,-0.002336996336996281,1.0,-0.5238095238095238,0.16874025116463448,0.0017578125,0.001856954708085612,182.0,0.16483516483516486,0.5164835164835164,0.747252747252747,0.8370325477181877
small_long,rotatable_xlink,r0016,2.95,pulse_02,-2.0227142857142857,0.49297197718214303,0.002141391941391957,0.002141391941391957,1.0,-0.5454545454545454,0.18895896754090744,0.0016493055555555556,0.0003761389606842802,182.0,0.16483516483516483,0.5164835164835164,0.747252747252747,0.832703945837269
small_long,rotatable_xlink,r0016,3.0,pulse_02,-2.0247824175824176,0.48880192803566963,0.0006893772893773095,-0.0006893772893773095,1.0,-0.5223880597014925,0.19164204053582443,0.0017795138888888889,0.0013900163821577993,182.0,0.16483516483516486,0.5164835164835164,0.747252747252747,0.8483820637584756
small_long,rotatable_xlink,r0016,3.05,pulse_03,-1.864461290322581,0.5059749800279011,0.0052462365591396205,-0.0052462365591396205,1.0,-0.4857142857142857,0.21406675520219196,0.0017795138888888889,0.005917037060990005,186.0,0.1720430107526881,0.5053763440860214,0.7311827956989244,0.8676110923169097
small_long,rotatable_xlink,r0016,3.1,pulse_03,-1.8801999999999999,0.5237260912108711,0.004690468676951998,0.004690468676951998,1.0,-0.47058823529411764,0.20592633792604378,0.0018012152777777779,0.004237992670046449,186.0,0.18279569892473113,0.4946236559139784,0.7311827956989244,0.8585200554507602
small_long,rotatable_xlink,r0016,3.15,pulse_03,-1.836318478260869,0.5314029360481798,0.02230274725274724,0.02230274725274724,1.0,-0.42857142857142855,0.18341295110729994,0.0018663194444444445,0.0006140369777162813,184.0,0.18478260869565222,0.48913043478260876,0.7282608695652175,0.8574086153454518
small_long,rotatable_xlink,r0016,3.2,pulse_03,-1.7463835164835164,0.5274103130771688,0.021649966157031224,0.021649966157031224,1.0,-0.4492753623188406,0.1312675346654457,0.0018229166666666667,0.003968927099587072,182.0,0.18681318681318687,0.4835164835164834,0.725274725274725,0.8409690684752571
small_long,rotatable_xlink,r0016,3.25,pulse_03,-1.7064186813186817,0.5075893734506574,0.005134845339845355,0.005134845339845355,1.0,-0.42028985507246375,0.21190414254786563,0.0018012152777777779,0.001665832150291054,182.0,0.18681318681318684,0.4945054945054945,0.7252747252747251,0.8547013766984138
small_long,rotatable_xlink,r0016,3.3,pulse_03,-1.7155744444444443,0.5174153201754225,0.014412637362637351,-0.014412637362637351,1.0,-0.4492753623188406,0.17761980547852144,0.0018663194444444445,0.004594499091385383,180.0,0.1777777777777778,0.47777777777777775,0.7222222222222221,0.8621107100827983
small_long,rotatable_xlink,r0016,3.35,pulse_03,-1.7928945054945058,0.48002237890234506,0.017903343508343512,-0.017903343508343512,1.0,-0.4492753623188406,0.1448261880950759,0.0017144097222222222,0.0014153957261490713,182.0,0.18681318681318687,0.48351648351648346,0.7252747252747251,0.8441992183547538
small_long,rotatable_xlink,r0016,3.4,pulse_03,-1.8229945054945054,0.508922945818528,0.00729120879120874,-0.00729120879120874,1.0,-0.4857142857142857,0.18946872745227517,0.0017578125,0.0010549521930359647,182.0,0.18681318681318682,0.47252747252747246,0.7252747252747251,0.8442719531199666
small_long,rotatable_xlink,r0016,3.45,pulse_03,-1.8366417582417582,0.47369266574412927,0.011548903089663906,0.011548903089663906,1.0,-0.4722222222222222,0.20651010660326397,0.0018446180555555555,0.007032470383816658,182.0,0.17582417582417584,0.4835164835164834,0.7252747252747249,0.8579593599821532
small_long,rotatable_xlink,r0016,3.5,pulse_03,-1.753701086956522,0.4667281235156281,0.019399633699633673,0.019399633699633673,1.0,-0.4084507042253521,0.18799336659886798,0.0018663194444444445,0.0031340207945990775,184.0,0.18478260869565222,0.46739130434782616,0.7173913043478263,0.8633314841050532
small_long,rotatable_xlink,r0016,3.55,pulse_03,-1.7202439560439562,0.4548885409765348,0.00149267200191124,0.00149267200191124,1.0,-0.4520547945205479,0.1672174738648173,0.0017795138888888889,0.000859739829871827,182.0,0.19780219780219782,0.48351648351648346,0.703296703296703,0.8414012813019347
small_long,rotatable_xlink,r0016,3.6,pulse_03,-1.7447450549450545,0.47188656249485905,0.006441196975068027,0.006441196975068027,1.0,-0.4246575342465753,0.2228771337338996,0.0017578125,0.0007412764621724429,182.0,0.18681318681318687,0.4945054945054945,0.7032967032967032,0.8280888876068696
small_long,rotatable_xlink,r0016,3.65,pulse_03,-1.681596774193548,0.45933619974956946,0.01103277797471336,0.01103277797471336,1.0,-0.4246575342465753,0.2137017285069639,0.0018012152777777779,0.004597837403012922,186.0,0.2043010752688172,0.4731182795698925,0.6881720430107525,0.8608076690506827
small_long,rotatable_xlink,r0016,3.7,pulse_03,-1.6785483870967743,0.4442995380767815,0.012842192862045243,0.012842192862045243,1.0,-0.42105263157894735,0.2509452641154501,0.0019314236111111112,0.001210516716851499,186.0,0.19354838709677416,0.4946236559139784,0.6989247311827955,0.8653674144572918
small_long,rotatable_xlink,r0016,3.75,pulse_03,-1.6045436170212766,0.45207309944846047,0.011884482955845358,0.011884482955845358,1.0,-0.4025974025974026,0.22014769201779644,0.0018663194444444445,0.0006059755820983503,188.0,0.2021276595744681,0.4680851063829786,0.6808510638297872,0.8600135207220136
small_long,rotatable_xlink,r0016,3.8,pulse_03,-1.6072414893617022,0.4479353915693716,0.004335515117581086,0.004335515117581086,1.0,-0.3611111111111111,0.14497855035818402,0.0017795138888888889,0.00370473244392829,188.0,0.19148936170212766,0.4787234042553192,0.6808510638297874,0.8545527700043395
small_long,rotatable_xlink,r0016,3.85,pulse_03,-1.57853052631579,0.4743014941120302,0.0024597219111609134,0.0024597219111609134,1.0,-0.3698630136986301,0.19436848688136685,0.0018446180555555555,0.0037389341314696123,190.0,0.2,0.4842105263157895,0.6842105263157896,0.8653799866728494
small_long,rotatable_xlink,r0016,3.9,pulse_03,-1.5924831578947367,0.4703689963581893,0.001600350877193124,0.001600350877193124,1.0,-0.4025974025974026,0.1772881393552801,0.0018446180555555555,0.0007133324153805742,190.0,0.23157894736842097,0.4842105263157893,0.6842105263157895,0.8360590842850278
small_long,rotatable_xlink,r0016,3.95,pulse_03,-1.5689284210526313,0.47858148860431365,0.003087894736842123,-0.003087894736842123,1.0,-0.3783783783783784,0.1613336023886671,0.0017578125,0.0005349167285579881,190.0,0.22105263157894733,0.48421052631578954,0.6842105263157897,0.8455656875984663
small_long,rotatable_xlink,r0016,4.0,pulse_03,-1.6110105263157894,0.4735784967295372,0.014027368421052714,-0.014027368421052714,1.0,-0.41025641025641024,0.1569240654419544,0.0018229166666666667,0.00166766395825881,190.0,0.23157894736842097,0.4947368421052631,0.6842105263157895,0.8553896967187579
small_long,rotatable_xlink,r0016,4.05,pulse_04,-1.2234589999999999,0.4594705061053302,0.006891383838383651,0.006891383838383651,1.0,-0.3253012048192771,0.19256778233149188,0.001953125,0.002516982121559097,200.0,0.27,0.4700000000000001,0.6499999999999998,0.8672143138316143
small_long,rotatable_xlink,r0016,4.1,pulse_04,-1.202784848484849,0.4519195597406529,0.005042493265993227,0.005042493265993227,1.0,-0.21518987341772153,0.2227585036860411,0.001953125,0.003263704657144123,198.0,0.27272727272727276,0.4545454545454547,0.6464646464646469,0.8451805415879056
small_long,rotatable_xlink,r0016,4.15,pulse_04,-1.1932040404040405,0.43988827816246545,0.001059595959596038,0.001059595959596038,1.0,-0.2987012987012987,0.18730136940520759,0.0019965277777777776,0.0014947982758216904,198.0,0.2727272727272728,0.4646464646464647,0.6464646464646469,0.8630395558050465
small_long,rotatable_xlink,r0016,4.2,pulse_04,-1.1964272727272727,0.44295077008572276,0.006544107744107704,-0.006544107744107704,1.0,-0.325,0.18248722711481793,0.0018663194444444445,0.0009042277616012617,198.0,0.26262626262626265,0.4646464646464647,0.6565656565656568,0.8570344432625943
small_long,rotatable_xlink,r0016,4.25,pulse_04,-1.2324686868686867,0.445313644732073,0.014851683501683458,-0.014851683501683458,1.0,-0.3076923076923077,0.18478393964068957,0.001974826388888889,0.005462351595135769,198.0,0.2626262626262627,0.4646464646464648,0.6464646464646469,0.8768314331752247
small_long,rotatable_xlink,r0016,4.3,pulse_04,-1.2855373737373734,0.47572487965653737,0.00011885521885527754,-0.00011885521885527754,1.0,-0.2926829268292683,0.19114546992549417,0.001974826388888889,0.0020989969551922136,198.0,0.26262626262626265,0.46464646464646464,0.6464646464646465,0.8455923716282953
small_long,rotatable_xlink,r0016,4.35,pulse_04,-1.2331818181818184,0.4579076264632263,0.010191603105888772,0.010191603105888772,1.0,-0.25,0.1447125811826303,0.0019965277777777776,0.002916199934225492,198.0,0.2626262626262627,0.4646464646464648,0.6464646464646469,0.8726930548886129
small_long,rotatable_xlink,r0016,4.4,pulse_04,-1.2243877551020408,0.4582276800511844,0.0074826221397649535,-0.0074826221397649535,1.0,-0.2631578947368421,0.13844137386661415,0.0019097222222222222,0.002302194994896589,196.0,0.2653061224489795,0.4591836734693876,0.6428571428571426,0.8421256600969663
small_long,rotatable_xlink,r0016,4.45,pulse_04,-1.278077551020408,0.44409445649384677,0.006710631881618616,-0.006710631881618616,1.0,-0.30864197530864196,0.15724972612823795,0.0018663194444444445,0.0013801923005388368,196.0,0.26530612244897955,0.45918367346938777,0.6428571428571428,0.8705489838402629
small_long,rotatable_xlink,r0016,4.5,pulse_04,-1.2646515463917525,0.4499465262479514,0.008025296304088658,0.008025296304088658,1.0,-0.2894736842105263,0.1557474053818134,0.0018229166666666667,0.00798055030682789,194.0,0.2680412371134021,0.45360824742268047,0.649484536082474,0.8641348945413976
small_long,rotatable_xlink,r0016,4.55,pulse_04,-1.2299257731958761,0.4919777583348141,0.004519860113159117,-0.004519860113159117,1.0,-0.2987012987012987,0.18241719722878574,0.001974826388888889,0.007777556501322937,194.0,0.2708333333333333,0.44791666666666663,0.6354166666666666,0.8423449555744451
small_long,rotatable_xlink,r0016,4.6,pulse_04,-1.2917707070707072,0.496611865255889,0.005445024195245137,-0.005445024195245137,1.0,-0.35,0.14117101704119003,0.0018880208333333333,0.0005754442059808426,198.0,0.26262626262626265,0.44444444444444464,0.6565656565656569,0.8700799407910893
small_long,rotatable_xlink,r0016,4.65,pulse_04,-1.262595918367347,0.49543042357069916,0.005475389953961389,0.005475389953961389,1.0,-0.325,0.1777869161219214,0.0018663194444444445,0.002832685945383199,196.0,0.23711340206185566,0.4639175257731959,0.6494845360824743,0.8378429139310377
small_long,rotatable_xlink,r0016,4.7,pulse_04,-1.2589183673469388,0.4796157495835898,0.0007571428571429006,0.0007571428571429006,1.0,-0.31645569620253167,0.21040354517928805,0.0019097222222222222,0.0013557914893716865,196.0,0.2551020408163265,0.4591836734693877,0.6326530612244896,0.8747295904767379
small_long,rotatable_xlink,r0016,4.75,pulse_04,-1.2580530612244896,0.48729567463446904,0.014143095588751006,0.014143095588751006,1.0,-0.3076923076923077,0.17141198387962642,0.001974826388888889,0.0021783198421815586,196.0,0.24489795918367346,0.44897959183673475,0.6326530612244897,0.8773693690038283
small_long,rotatable_xlink,r0016,4.8,pulse_04,-1.1740597938144328,0.46654583053050047,0.01831245178483761,0.01831245178483761,1.0,-0.2727272727272727,0.15072919734988877,0.0019314236111111112,0.010053010576479579,194.0,0.2577319587628867,0.4329896907216496,0.6391752577319587,0.8619039661934577
small_long,rotatable_xlink,r0016,4.85,pulse_04,-1.148178350515464,0.4269776111755916,0.004371134020618543,0.004371134020618543,1.0,-0.2894736842105263,0.0957473704724399,0.001953125,0.006418054191012055,194.0,0.2474226804123712,0.43298969072164945,0.6391752577319586,0.876343566224664
small_long,rotatable_xlink,r0016,4.9,pulse_04,-1.1478329896907216,0.42803750538442814,0.0063077319587628855,-0.0063077319587628855,1.0,-0.2894736842105263,0.2353599715412935,0.0018880208333333333,0.002884595770423002,194.0,0.24742268041237114,0.43298969072164956,0.6391752577319588,0.8761807138616642
small_long,rotatable_xlink,r0016,4.95,pulse_04,-1.1860247422680412,0.4442851857981296,0.0004360824742268103,0.0004360824742268103,1.0,-0.31645569620253167,0.13254713366148826,0.001974826388888889,0.00041872608470138367,194.0,0.2474226804123712,0.4329896907216496,0.6494845360824743,0.8702522862582169
small_long,rotatable_xlink,r0016,5.0,pulse_04,-1.1452164948453607,0.42552514887621984,0.013602749140893508,0.013602749140893508,1.0,-0.3333333333333333,0.1254844574742064,0.0019314236111111112,0.006253345640636583,194.0,0.24742268041237114,0.443298969072165,0.649484536082474,0.8866015845391045
small_long,rotatable_xlink,r0016,5.05,pulse_05,-0.7560803921568627,0.4893644600297067,0.02061503267973856,-0.02061503267973856,1.0,-0.15,0.14415066495652953,0.002018229166666667,0.004401086856281784,204.0,0.29411764705882365,0.3921568627450981,0.6078431372549018,0.8858108375317122
small_long,rotatable_xlink,r0016,5.1,pulse_05,-0.8179254901960784,0.502567720598552,0.0019369281045751678,-0.0019369281045751678,1.0,-0.16455696202531644,0.1461940292099248,0.0019965277777777776,0.001566563095711071,204.0,0.2843137254901961,0.4019607843137255,0.6078431372549018,0.8815786713128
small_long,rotatable_xlink,r0016,5.15,pulse_05,-0.7677019607843137,0.4987638386039731,0.009343464052287568,0.009343464052287568,1.0,-0.16883116883116883,0.0715350507913208,0.0020399305555555557,0.0007309896513368422,204.0,0.28431372549019623,0.3921568627450981,0.6078431372549018,0.8780666773040421
small_long,rotatable_xlink,r0016,5.2,pulse_05,-0.761864705882353,0.498181782690531,0.002185620915032697,-0.002185620915032697,1.0,-0.225,0.1318577769859619,0.0019965277777777776,0.0017369271037891802,204.0,0.2843137254901962,0.40196078431372567,0.6078431372549019,0.8939448546821134
small_long,rotatable_xlink,r0016,5.25,pulse_05,-0.7808156862745099,0.5091854012267082,0.019310450980392174,0.019310450980392174,1.0,-0.18421052631578946,0.11772326103312945,0.0019965277777777776,0.005260672082948124,204.0,0.2843137254901961,0.4117647058823531,0.607843137254902,0.8592623852027022
small_long,rotatable_xlink,r0016,5.3,pulse_05,-0.646002,0.5297458151882197,0.02243678104575168,0.02243678104575168,1.0,-0.1780821917808219,0.21864504995729903,0.001953125,0.0031263223675674725,200.0,0.29000000000000015,0.4000000000000001,0.5999999999999999,0.8610859572246159
small_long,rotatable_xlink,r0016,5.35,pulse_05,-0.6461949999999999,0.527943335432113,0.0036806666666666654,0.0036806666666666654,1.0,-0.1506849315068493,0.1511235611924317,0.0019097222222222222,0.008265567577995911,200.0,0.2900000000000001,0.4000000000000001,0.5999999999999999,0.8709545145126573
small_long,rotatable_xlink,r0016,5.4,pulse_05,-0.623918,0.48015240972024426,0.01807997474747471,0.01807997474747471,1.0,-0.1506849315068493,0.1273160332308966,0.0019965277777777776,0.01563778419016071,200.0,0.2900000000000001,0.38000000000000006,0.5999999999999999,0.8702199388583002
small_long,rotatable_xlink,r0016,5.45,pulse_05,-0.5377151515151516,0.4341166302911488,0.016127747474747472,0.016127747474747472,1.0,-0.21052631578947367,0.11334577139425711,0.0020399305555555557,0.006948346524145037,198.0,0.30303030303030315,0.34343434343434354,0.5959595959595962,0.8722289111425316
small_long,rotatable_xlink,r0016,5.5,pulse_05,-0.5271515151515151,0.43846233057537404,0.005562794612794593,-0.005562794612794593,1.0,-0.24050632911392406,0.14275001553919617,0.0019314236111111112,0.00581078342439927,198.0,0.3030303030303031,0.35353535353535365,0.5959595959595962,0.8845882295314661
small_long,rotatable_xlink,r0016,5.55,pulse_05,-0.5710919191919192,0.4689813308375444,0.006303313749742329,0.006303313749742329,1.0,-0.13157894736842105,0.17855151700996047,0.001953125,0.003279917227132556,198.0,0.3030303030303031,0.35353535353535365,0.5858585858585861,0.8895723493739112
small_long,rotatable_xlink,r0016,5.6,pulse_05,-0.4893316326530612,0.4581418339381694,0.011721612382326663,0.011721612382326663,1.0,-0.10810810810810811,0.161704156248937,0.0018446180555555555,0.0013640178480068266,196.0,0.3061224489795918,0.3469387755102041,0.5816326530612245,0.8751984703834936
small_long,rotatable_xlink,r0016,5.65,pulse_05,-0.5007622448979592,0.46079722374950344,0.007962925170068033,-0.007962925170068033,1.0,-0.10810810810810811,0.07413270924537835,0.002018229166666667,0.0001880082671563236,196.0,0.2959183673469387,0.346938775510204,0.5918367346938773,0.8925159977492823
small_long,rotatable_xlink,r0016,5.7,pulse_05,-0.5371091836734694,0.45701378433523143,0.005865306122448973,-0.005865306122448973,1.0,-0.1232876712328767,0.06433575385734204,0.0019097222222222222,0.004746293768354328,196.0,0.29591836734693877,0.35714285714285704,0.5918367346938773,0.8961713384522755
small_long,rotatable_xlink,r0016,5.75,pulse_05,-0.535954081632653,0.43231946113937747,0.0063894094001236594,0.0063894094001236594,1.0,-0.18421052631578946,0.10483251361292753,0.0019097222222222222,0.011188427014287414,196.0,0.2959183673469387,0.346938775510204,0.5918367346938773,0.884680050409814
small_long,rotatable_xlink,r0016,5.8,pulse_05,-0.4987727272727274,0.38988322224950694,0.0142908163265306,0.0142908163265306,1.0,-0.13513513513513514,0.06377617143188498,0.001953125,0.005132743066583095,198.0,0.30303030303030315,0.3434343434343435,0.585858585858586,0.892767896665624
small_long,rotatable_xlink,r0016,5.85,pulse_05,-0.4502091836734694,0.4015230027398789,0.0021361008039579763,0.0021361008039579763,1.0,-0.1232876712328767,0.06191627662701,0.001953125,0.002956285316540667,196.0,0.32653061224489793,0.336734693877551,0.5816326530612245,0.8928800730785709
small_long,rotatable_xlink,r0016,5.9,pulse_05,-0.48595612244897957,0.40762093414875095,0.009879421768707486,-0.009879421768707486,1.0,-0.1232876712328767,0.14564640046420724,0.0019965277777777776,2.5568804924269717e-05,196.0,0.3061224489795918,0.3469387755102041,0.5816326530612244,0.8951557762763724
small_long,rotatable_xlink,r0016,5.95,pulse_05,-0.5094857142857143,0.4013695899103333,0.008630487762115197,0.008630487762115197,1.0,-0.14666666666666667,0.1653549334469892,0.0018880208333333333,0.0035036591852945866,196.0,0.29591836734693877,0.3469387755102041,0.5816326530612245,0.8653528150278846
small_long,rotatable_xlink,r0016,6.0,pulse_05,-0.4341731958762884,0.42864288926051847,0.025104172803141978,0.025104172803141978,1.0,-0.16883116883116883,0.04347731842301527,0.0019097222222222222,0.009091099783395062,194.0,0.31958762886597947,0.3298969072164949,0.5773195876288658,0.872487689233898
small_long,rotatable_xlink,r0016,6.05,pulse_06,-0.3449202020202019,0.4385822558607896,0.0036215488215488776,-0.0036215488215488776,1.0,-0.1282051282051282,0.1269897158193906,0.0018446180555555555,0.007451700434425372,198.0,0.3232323232323233,0.33333333333333337,0.565656565656566,0.8816559906013972
small_long,rotatable_xlink,r0016,6.1,pulse_06,-0.35578484848484854,0.41622715455751347,0.008904040404040414,-0.008904040404040414,1.0,-0.1282051282051282,0.08038907567017588,0.0019097222222222222,0.002167561086960146,198.0,0.31313131313131326,0.34343434343434354,0.565656565656566,0.8784604433096844
small_long,rotatable_xlink,r0016,6.15,pulse_06,-0.3983444444444444,0.4255768893390287,0.011364646464646438,-0.011364646464646438,1.0,-0.13924050632911392,0.16407875508276568,0.001974826388888889,0.002734042510442828,198.0,0.32323232323232337,0.34343434343434354,0.565656565656566,0.8895723493739112
small_long,rotatable_xlink,r0016,6.2,pulse_06,-0.42397272727272717,0.43263140962017044,0.0019380471380471276,0.0019380471380471276,1.0,-0.08108108108108109,0.19224088866747768,0.0020399305555555557,0.004673066254612908,198.0,0.3131313131313132,0.33333333333333337,0.565656565656566,0.8857943688880091
small_long,rotatable_xlink,r0016,6.25,pulse_06,-0.3867161616161616,0.39753849181135126,0.02072402597402595,0.02072402597402595,1.0,-0.05555555555555555,0.13286881079175292,0.0020399305555555557,0.0008981198771157902,198.0,0.31313131313131326,0.3333333333333334,0.565656565656566,0.8915617573090808
small_long,rotatable_xlink,r0016,6.3,pulse_06,-0.29962857142857147,0.4272426903574757,0.01127786367072082,0.01127786367072082,1.0,-0.10810810810810811,0.10037726832922025,0.0019097222222222222,0.005042533644183324,196.0,0.3265306122448978,0.3265306122448979,0.5612244897959181,0.8911363602440908
small_long,rotatable_xlink,r0016,6.35,pulse_06,-0.3190489795918367,0.4277936936764512,0.004754421768707486,-0.004754421768707486,1.0,-0.1794871794871795,0.13179021814311456,0.001953125,0.0018789860865800385,196.0,0.31632653061224486,0.33673469387755095,0.5714285714285712,0.8851072361956686
small_long,rotatable_xlink,r0016,6.4,pulse_06,-0.3281551020408164,0.43851660687695593,0.00519956869345677,-0.00519956869345677,1.0,-0.16049382716049382,0.1411050241213146,0.0018880208333333333,0.0016103422217074077,196.0,0.3163265306122449,0.3469387755102041,0.5612244897959182,0.8757868467735421
small_long,rotatable_xlink,r0016,6.45,pulse_06,-0.3502463917525773,0.43745574700669565,0.008629148951247168,0.008629148951247168,1.0,-0.15384615384615385,0.2171950062961959,0.0019097222222222222,0.0035183263357480656,194.0,0.30927835051546404,0.34020618556701043,0.5567010309278351,0.8963437651761189
small_long,rotatable_xlink,r0016,6.5,pulse_06,-0.2763802083333334,0.4596265648914443,0.007614155569873983,0.007614155569873983,1.0,-0.14666666666666667,0.13737490804570793,0.001953125,0.00013188247912145531,192.0,0.3020833333333333,0.33333333333333337,0.5520833333333335,0.8858503209432218
small_long,rotatable_xlink,r0016,6.55,pulse_06,-0.3045614583333334,0.4382470418814244,0.010433333333333322,-0.010433333333333322,1.0,-0.1388888888888889,0.12177883091210133,0.0019965277777777776,0.0016459101005488197,192.0,0.29166666666666663,0.3333333333333333,0.5520833333333333,0.8656417865860224
small_long,rotatable_xlink,r0016,6.6,pulse_06,-0.3389802083333333,0.46950202549473724,0.0027138888888888677,-0.0027138888888888677,1.0,-0.16883116883116883,0.07940245774329761,0.0019097222222222222,0.002011353966948968,192.0,0.29166666666666663,0.33333333333333337,0.5416666666666667,0.8720680541333988
small_long,rotatable_xlink,r0016,6.65,pulse_06,-0.32084479166666663,0.4503151656831182,0.0034928819444444426,0.0034928819444444426,1.0,-0.15384615384615385,0.1527511618959261,0.0018446180555555555,0.009163090806312077,192.0,0.3020833333333333,0.35416666666666663,0.5520833333333335,0.858285787323576
small_long,rotatable_xlink,r0016,6.7,pulse_06,-0.31802291666666666,0.4145234806568648,0.0009126378150057327,-0.0009126378150057327,1.0,-0.06493506493506493,0.07914583781920916,0.0018229166666666667,0.006245826681293226,192.0,0.3020833333333333,0.34375000000000006,0.5416666666666667,0.8652701263540404
small_long,rotatable_xlink,r0016,6.75,pulse_06,-0.326320618556701,0.41284020559535883,0.004280716638029795,-0.004280716638029795,1.0,-0.06666666666666667,0.14617943682473683,0.0019314236111111112,0.00335224376562925,194.0,0.2886597938144331,0.31958762886597947,0.5360824742268042,0.8885898872373882
small_long,rotatable_xlink,r0016,6.8,pulse_06,-0.3437072164948454,0.3944100180630893,0.0026646048109965625,-0.0026646048109965625,1.0,-0.11688311688311688,0.15567735272834785,0.0019097222222222222,0.003725293968027297,194.0,0.29896907216494845,0.3195876288659794,0.5360824742268041,0.8590058853841772
small_long,rotatable_xlink,r0016,6.85,pulse_06,-0.3423082474226804,0.39048844178719505,0.0037752577319587663,-0.0037752577319587663,1.0,-0.16216216216216217,0.11928644105729619,0.001953125,0.004668115083809053,194.0,0.30927835051546404,0.3505154639175258,0.5360824742268041,0.8690212780489613
small_long,rotatable_xlink,r0016,6.9,pulse_06,-0.366358762886598,0.36640132756023497,0.01620287713023354,-0.01620287713023354,1.0,-0.17333333333333334,0.13963181721270762,0.001953125,0.0052486928415503105,194.0,0.29896907216494856,0.36082474226804123,0.5360824742268042,0.8625405322766848
small_long,rotatable_xlink,r0016,6.95,pulse_06,-0.43952551020408165,0.4219805988364969,0.007698709586927551,-0.007698709586927551,1.0,-0.16216216216216217,0.1609977420538048,0.001953125,0.012405254831882309,196.0,0.3061224489795918,0.37755102040816335,0.5408163265306122,0.8648839351211292
small_long,rotatable_xlink,r0016,7.0,pulse_06,-0.4125510204081633,0.4408328565515288,0.00899149659863944,0.00899149659863944,1.0,-0.16216216216216217,0.09224139139927301,0.001953125,0.006284085905010635,196.0,0.2959183673469387,0.3571428571428572,0.5408163265306122,0.8842528646239596
small_long,rotatable_xlink,r0016,7.05,pulse_07,-0.26400000000000007,0.4091771559234156,0.00294233333333338,0.00294233333333338,1.0,-0.13924050632911392,0.10404580652979832,0.001953125,0.0058230272989412595,202.0,0.31683168316831695,0.3465346534653465,0.5247524752475249,0.8610781191021867
small_long,rotatable_xlink,r0016,7.1,pulse_07,-0.2551729999999999,0.42664623782023936,0.00790600000000001,0.00790600000000001,1.0,-0.11688311688311688,0.22192931809419877,0.001974826388888889,0.00021486235832004116,200.0,0.3400000000000001,0.36,0.5199999999999998,0.8541413044862942
small_long,rotatable_xlink,r0016,7.15,pulse_07,-0.216564,0.41046633007333583,0.011039333333333318,0.011039333333333318,1.0,-0.11688311688311688,0.15340318809333126,0.0020616319444444445,0.005601692611300456,200.0,0.33000000000000007,0.33,0.5199999999999998,0.8814195528924774
small_long,rotatable_xlink,r0016,7.2,pulse_07,-0.18893700000000002,0.3930360821524366,0.0037899999999999926,0.0037899999999999926,1.0,-0.10526315789473684,0.1315129224794508,0.0018880208333333333,0.004108876125830043,200.0,0.3300000000000001,0.30000000000000004,0.5299999999999999,0.8800675081373897
small_long,rotatable_xlink,r0016,7.25,pulse_07,-0.19382400000000005,0.38581307331835557,0.0019969999999999988,0.0019969999999999988,1.0,-0.10526315789473684,0.16187227985580382,0.0018880208333333333,0.0012629545072105064,200.0,0.3200000000000001,0.3,0.53,0.8546008067949147
small_long,rotatable_xlink,r0016,7.3,pulse_07,-0.17695500000000003,0.3854583551091736,0.005538333333333349,0.005538333333333349,1.0,-0.09333333333333334,0.09085407187037976,0.0019965277777777776,0.0026527268033266216,200.0,0.32,0.3000000000000001,0.52,0.8785166363517092
small_long,rotatable_xlink,r0016,7.35,pulse_07,-0.16059399999999996,0.4017294341383153,0.008271500000000001,-0.008271500000000001,1.0,-0.09333333333333334,0.07553724648071768,0.001953125,0.006006546387997617,200.0,0.3200000000000002,0.3000000000000001,0.5200000000000001,0.860049846053748
small_long,rotatable_xlink,r0016,7.4,pulse_07,-0.22658400000000004,0.4214976334371593,0.01943716666666666,-0.01943716666666666,1.0,-0.13513513513513514,0.18423256462914417,0.001974826388888889,0.00560874525032377,200.0,0.3000000000000001,0.3000000000000001,0.5399999999999998,0.8982327629188405
small_long,rotatable_xlink,r0016,7.45,pulse_07,-0.27721699999999994,0.4353819056402579,0.04088933333333332,-0.04088933333333332,1.0,-0.1232876712328767,0.07226451025463138,0.0018663194444444445,0.025429383424735368,200.0,0.3000000000000001,0.3,0.5499999999999998,0.8955286734086652
small_long,rotatable_xlink,r0016,7.5,pulse_07,-0.47191999999999995,0.5740739339855715,0.07870033333333333,-0.07870033333333333,1.0,-0.16216216216216217,0.11071573294879117,0.0018880208333333333,0.06517823840555491,200.0,0.27,0.33000000000000007,0.5499999999999998,0.8749344024627761
small_long,rotatable_xlink,r0016,7.55,pulse_07,-0.749419,0.8264513360735873,0.1244485,-0.1244485,1.0,-0.2463768115942029,0.17376968370514756,0.001953125,0.09115549214151925,200.0,0.22999999999999998,0.3499999999999999,0.5899999999999999,0.8875887697379587
small_long,rotatable_xlink,r0016,7.6,pulse_07,-1.2186109999999999,1.121006886834687,0.11705716666666667,-0.11705716666666667,1.0,-0.3235294117647059,0.11021207434229333,0.0018663194444444445,0.10337558834552713,200.0,0.19,0.3600000000000001,0.67,0.8594323769530177
small_long,rotatable_xlink,r0016,7.65,pulse_07,-1.451762,1.44670486614675,0.06026899999999998,-0.06026899999999998,1.0,-0.42857142857142855,0.15726535666422828,0.0018880208333333333,0.052242068213268454,200.0,0.17000000000000004,0.39,0.7,0.8573048963050898
small_long,rotatable_xlink,r0016,7.7,pulse_07,-1.5802249999999998,1.4344592961142977,0.014703639730639742,-0.014703639730639742,1.0,-0.4594594594594595,0.12505499878432003,0.0020399305555555557,0.010888449015648746,200.0,0.17,0.41,0.72,0.8818381949626148
small_long,rotatable_xlink,r0016,7.75,pulse_07,-1.5399838383838385,1.3813741720528576,0.011371683673469338,0.011371683673469338,1.0,-0.4444444444444444,0.1139805805090425,0.0019097222222222222,0.015597228426096713,198.0,0.1717171717171717,0.40404040404040414,0.7171717171717173,0.8871600706608249
small_long,rotatable_xlink,r0016,7.8,pulse_07,-1.5119948979591837,1.3408759255577174,0.022063462859891397,0.022063462859891397,1.0,-0.42028985507246375,0.09138283604282353,0.0018880208333333333,0.007764337739359584,196.0,0.16326530612244894,0.39795918367346933,0.7142857142857142,0.8635042976159375
small_long,rotatable_xlink,r0016,7.85,pulse_07,-1.40760306122449,1.3347881456167001,0.02485187074829931,0.02485187074829931,1.0,-0.4117647058823529,0.10401851858361309,0.001953125,0.00760933154988223,196.0,0.16326530612244897,0.38775510204081637,0.6836734693877551,0.8686746211243763
small_long,rotatable_xlink,r0016,7.9,pulse_07,-1.3628836734693879,1.3865319148570108,0.015619557823129257,0.015619557823129257,1.0,-0.391304347826087,0.22437925817050836,0.0019097222222222222,0.006325284731540075,196.0,0.1530612244897959,0.40816326530612235,0.6938775510204078,0.8551994703697138
small_long,rotatable_xlink,r0016,7.95,pulse_07,-1.3138857142857145,1.3727398540059406,0.032906802721088445,0.032906802721088445,1.0,-0.38028169014084506,0.10930099701062974,0.0019097222222222222,0.007307190987179468,196.0,0.17346938775510204,0.38775510204081637,0.693877551020408,0.8424897354262548
small_long,rotatable_xlink,r0016,8.0,pulse_07,-1.1654428571428572,1.342688768933934,0.04948095238095244,0.04948095238095244,1.0,-0.3150684931506849,0.09455781359450562,0.001974826388888889,0.010017028357335533,196.0,0.19387755102040813,0.3469387755102041,0.6836734693877549,0.8836227941130104
small_long,rotatable_xlink,r0017,0.0,initial,-4.0026142857142855,2.2018877167069935,0.7427380952380952,0.7427380952380952,1.0,-0.7142857142857143,0.0,0.00015190972222222222,0.1830253475044795,14.0,0.0,0.8571428571428571,0.8571428571428571,0.3536779155139806
small_long,rotatable_xlink,r0017,0.05,initial,-1.7744,2.750963759220432,0.6185657142857143,0.6185657142857143,1.0,-0.5555555555555556,0.30831439759000207,0.00023871527777777777,0.1940302051691923,22.0,0.18181818181818182,0.5454545454545454,0.6363636363636364,0.4500764472350634
small_long,rotatable_xlink,r0017,0.1,initial,-0.29121999999999987,-2.917116359457439,0.4002111111111111,0.4002111111111111,1.0,-0.16666666666666666,0.208536295613373,0.00026041666666666666,0.09043457578705594,30.0,0.3333333333333333,0.4,0.4666666666666667,0.5758091320092292
small_long,rotatable_xlink,r0017,0.15000000000000002,initial,0.6268666666666667,-2.9896140932368187,0.16793349206349203,0.16793349206349203,1.0,0.125,0.32545898746687796,0.000390625,0.01717012753867701,36.0,0.38888888888888884,0.2777777777777778,0.38888888888888884,0.6420215208732957
small_long,rotatable_xlink,r0017,0.2,initial,0.7163809523809523,-3.020137124689501,0.0038315656565656906,-0.0038315656565656906,1.0,0.17647058823529413,0.4011864499673834,0.0004123263888888889,0.018039906737123818,42.0,0.38095238095238093,0.23809523809523808,0.42857142857142855,0.6495808043728852
small_long,rotatable_xlink,r0017,0.25,initial,0.6038772727272725,-3.0978535336595616,0.06091850793650792,0.06091850793650792,1.0,0.17647058823529413,0.131821081661448,0.0004557291666666667,0.0025251358280117633,44.0,0.36363636363636365,0.22727272727272724,0.4545454545454545,0.6910111064472714
small_long,rotatable_xlink,r0017,0.30000000000000004,initial,1.0818919999999999,-3.0049863097214304,0.15975781086729368,0.15975781086729368,1.0,0.058823529411764705,0.19427264091124852,0.00047743055555555554,0.007390788185243154,50.0,0.4,0.2,0.44000000000000006,0.6712914361058291
small_long,rotatable_xlink,r0017,0.35000000000000003,initial,1.5624241379310346,-3.0535088045481027,0.15781951515151516,0.15781951515151516,1.0,0.2631578947368421,0.16378410979413244,0.0005425347222222222,0.01954047743996405,58.0,0.4482758620689656,0.17241379310344826,0.4137931034482758,0.6947448023310354
small_long,rotatable_xlink,r0017,0.4,initial,2.028809090909091,-3.1222291743612147,0.07965904007455722,0.07965904007455722,1.0,0.36363636363636365,0.07838170056334855,0.0005208333333333333,0.0069353576475694,66.0,0.484848484848485,0.18181818181818182,0.36363636363636365,0.7404003470883336
small_long,rotatable_xlink,r0017,0.45,initial,2.040378378378378,-3.095120950433519,0.06781427432216902,0.06781427432216902,1.0,0.391304347826087,0.2130970597590636,0.0007161458333333333,0.011652170658310146,74.0,0.4594594594594594,0.16216216216216212,0.32432432432432423,0.7812779616005234
small_long,rotatable_xlink,r0017,0.5,initial,2.435694736842105,-3.052316150411354,0.054406855636123984,0.054406855636123984,1.0,0.5,0.07407320267537056,0.0007378472222222222,0.009404291053172642,76.0,0.47368421052631576,0.13157894736842105,0.28947368421052627,0.771838335959268
small_long,rotatable_xlink,r0017,0.55,initial,2.366819512195122,-3.0386952041144832,0.010005868838763496,-0.010005868838763496,1.0,0.5,0.06685312601282735,0.0008463541666666667,0.009604620694030341,82.0,0.4390243902439025,0.12195121951219512,0.2682926829268293,0.7876180707302577
small_long,rotatable_xlink,r0017,0.6000000000000001,initial,2.375659523809524,-3.109943874575536,0.04434054641709214,0.04434054641709214,1.0,0.52,0.10305372073828362,0.0008463541666666667,0.010622346967346171,84.0,0.4523809523809524,0.11904761904761904,0.2619047619047619,0.7644125024080636
small_long,rotatable_xlink,r0017,0.65,initial,2.6328627906976747,-3.1024292859185603,0.04550558324104825,0.04550558324104825,1.0,0.6153846153846154,0.1590286074114309,0.00078125,0.009962654399107521,86.0,0.4883720930232559,0.09302325581395349,0.2558139534883721,0.7451895595904046
small_long,rotatable_xlink,r0017,0.7000000000000001,initial,2.6486930232558135,-3.0501679481808908,0.03970656386922807,0.03970656386922807,1.0,0.6153846153846154,0.23656720440203272,0.0008029513888888889,0.0014151205748101543,86.0,0.4883720930232559,0.09302325581395349,0.23255813953488375,0.7690644697048865
small_long,rotatable_xlink,r0017,0.75,initial,2.871102173913043,-3.0939385624696993,0.07873560723514224,0.07873560723514224,1.0,0.6428571428571429,0.18458743588750648,0.0009331597222222223,0.0005102449885846146,92.0,0.5000000000000001,0.08695652173913045,0.2173913043478261,0.779117271673775
small_long,rotatable_xlink,r0017,0.8,initial,3.121106666666667,-3.047106478249383,0.085688999383287,0.085688999383287,1.0,0.7037037037037037,0.1660842491182805,0.0009114583333333333,0.0009836311617745046,90.0,0.5111111111111111,0.06666666666666667,0.2,0.7552854958990984
small_long,rotatable_xlink,r0017,0.8500000000000001,initial,3.385236170212765,-3.0880367754990523,0.09187180555555548,0.09187180555555548,1.0,0.5,0.19875078562517517,0.0009114583333333333,0.004449280769411275,94.0,0.574468085106383,0.0425531914893617,0.1702127659574468,0.7709258496295323
small_long,rotatable_xlink,r0017,0.9,initial,3.6723375,-3.0738021628658507,0.01531401447990525,-0.01531401447990525,1.0,0.5,0.24340090338681028,0.0009548611111111111,0.004859091707000236,96.0,0.6041666666666667,0.020833333333333336,0.14583333333333334,0.7664078820166764
small_long,rotatable_xlink,r0017,0.9500000000000001,initial,3.2933520833333336,-3.058882225257051,0.14463073979591834,-0.14463073979591834,1.0,0.3142857142857143,0.27329086999648955,0.0009331597222222223,0.01752196752915765,96.0,0.5625000000000001,0.020833333333333336,0.20833333333333334,0.7795895145949916
small_long,rotatable_xlink,r0017,1.0,initial,2.8045530612244898,-2.968670357690905,0.1629330073696146,-0.1629330073696146,1.0,0.16129032258064516,0.2946150746302635,0.0009331597222222223,0.03007062252204869,98.0,0.4693877551020408,0.020408163265306124,0.22448979591836732,0.7719189293707295
small_long,rotatable_xlink,r0017,1.05,pulse_01,2.583194444444444,3.0819784745097616,0.1263395061728394,-0.1263395061728394,1.0,0.21052631578947367,0.35809949685260445,0.0010416666666666667,0.08011947305673643,108.0,0.5185185185185184,0.11111111111111112,0.27777777777777773,0.7935038818386826
small_long,rotatable_xlink,r0017,1.1,pulse_01,2.204175925925926,2.8416200553395523,0.08920115740740735,-0.08920115740740735,1.0,0.35,0.33065264302732206,0.0009548611111111111,0.06053754567666888,108.0,0.4999999999999999,0.20370370370370366,0.2962962962962962,0.7865019171728939
small_long,rotatable_xlink,r0017,1.15,pulse_01,2.0479875,2.7187532004497483,0.040162069525666,-0.040162069525666,1.0,0.3488372093023256,0.3373121004411231,0.0010416666666666667,0.025228036994434655,112.0,0.5178571428571428,0.23214285714285712,0.3035714285714285,0.7865395085216359
small_long,rotatable_xlink,r0017,1.2,pulse_01,1.96320350877193,2.6902518333729444,0.019090445402298872,-0.019090445402298872,1.0,0.3181818181818182,0.38171148675985483,0.0011067708333333333,0.0067332613044344125,114.0,0.5087719298245614,0.22807017543859653,0.3157894736842106,0.7998061527818079
small_long,rotatable_xlink,r0017,1.25,pulse_01,1.9334448275862068,2.759152768276355,0.05676265376083892,-0.05676265376083892,1.0,0.2653061224489796,0.3577065778179452,0.0011067708333333333,0.004178434952153569,116.0,0.5172413793103449,0.24137931034482757,0.32758620689655177,0.7745030770188923
small_long,rotatable_xlink,r0017,1.3,pulse_01,1.6226275862068964,2.715322443085866,0.0607605786090006,-0.0607605786090006,1.0,0.21568627450980393,0.31574981899716187,0.0011501736111111111,0.006228542513430302,116.0,0.5172413793103449,0.32758620689655177,0.34482758620689663,0.7690486083657964
small_long,rotatable_xlink,r0017,1.35,pulse_01,1.5688813559322032,2.721781513195773,0.023056819923371646,-0.023056819923371646,1.0,0.23076923076923078,0.3700147419602171,0.0011501736111111111,0.002701833055203847,118.0,0.5084745762711863,0.3220338983050847,0.3389830508474576,0.7698782810748089
small_long,rotatable_xlink,r0017,1.4,pulse_01,1.4842866666666665,2.731533441417089,0.012088969158099427,-0.012088969158099427,1.0,0.20754716981132076,0.3527635227967442,0.0012369791666666666,0.0014828398042895745,120.0,0.5166666666666666,0.3333333333333333,0.35,0.7952704293866282
small_long,rotatable_xlink,r0017,1.45,pulse_01,1.4963475409836067,2.7128844743700355,0.0021988359788360037,-0.0021988359788360037,1.0,0.20754716981132076,0.33646016947015833,0.001171875,0.0018460982972163809,122.0,0.5245901639344263,0.3278688524590165,0.3442622950819673,0.7828610690871932
small_long,rotatable_xlink,r0017,1.5,pulse_01,1.4710936507936505,2.7204568516337906,0.01723943391393438,-0.01723943391393438,1.0,0.2,0.3019019878694207,0.001193576388888889,0.0007017321823887812,126.0,0.5079365079365079,0.3015873015873015,0.3492063492063492,0.7776904955542328
small_long,rotatable_xlink,r0017,1.55,pulse_01,1.3929109375000004,2.708674081275703,0.012449967439967366,-0.012449967439967366,1.0,0.16363636363636364,0.36664039404307164,0.0012586805555555556,0.00464147366003953,128.0,0.5,0.296875,0.359375,0.8062847816974891
small_long,rotatable_xlink,r0017,1.6,pulse_01,1.3963938461538463,2.7483056935940278,0.02487006763059696,0.02487006763059696,1.0,0.2,0.25714895223797984,0.0012369791666666666,0.004801836907081543,130.0,0.5076923076923077,0.29230769230769227,0.3538461538461538,0.8136137421514397
small_long,rotatable_xlink,r0017,1.65,pulse_01,1.5421313432835821,2.6798630598332136,0.011273574660633464,0.011273574660633464,1.0,0.22807017543859648,0.24431510853045804,0.0013237847222222223,0.0008693924048179813,134.0,0.5223880597014925,0.2835820895522388,0.34328358208955223,0.8003463611509011
small_long,rotatable_xlink,r0017,1.7000000000000002,pulse_01,1.464035294117647,2.7535220480229357,0.013687821919812734,-0.013687821919812734,1.0,0.20689655172413793,0.267183868997273,0.001388888888888889,0.012509651775817051,136.0,0.4999999999999999,0.2941176470588235,0.35294117647058815,0.8221108545840089
small_long,rotatable_xlink,r0017,1.75,pulse_01,1.4600044117647057,2.754920970488116,0.00961295822676896,0.00961295822676896,1.0,0.20689655172413793,0.29662298242674584,0.0012803819444444444,0.00047770180906366494,136.0,0.49999999999999983,0.2794117647058823,0.3529411764705881,0.8302751895027604
small_long,rotatable_xlink,r0017,1.8,pulse_01,1.5217130434782609,2.7563882588773176,0.029499968931234483,0.029499968931234483,1.0,0.23333333333333334,0.29361062342445704,0.0014322916666666666,0.015208109591428562,138.0,0.5072463768115942,0.28985507246376824,0.34782608695652195,0.8045583957635766
small_long,rotatable_xlink,r0017,1.85,pulse_01,1.6370042253521127,2.6636723129395445,0.010886558481322731,0.010886558481322731,1.0,0.2459016393442623,0.28433297552562176,0.0014105902777777778,0.007195220295477848,142.0,0.5211267605633803,0.2816901408450704,0.3380281690140844,0.7923200717090901
small_long,rotatable_xlink,r0017,1.9,pulse_01,1.5870323943661973,2.7132169371044506,0.010316901408450726,-0.010316901408450726,1.0,0.2459016393442623,0.2740212027453917,0.0014539930555555556,0.010875947249756898,142.0,0.5211267605633803,0.2535211267605634,0.3380281690140844,0.8073691610321388
small_long,rotatable_xlink,r0017,1.9500000000000002,pulse_01,1.5751028169014083,2.728927996438086,0.01663090230883013,0.01663090230883013,1.0,0.2459016393442623,0.270052446436934,0.001388888888888889,0.002530174438722721,142.0,0.5352112676056338,0.2676056338028169,0.35211267605633795,0.8020437231173136
small_long,rotatable_xlink,r0017,2.0,pulse_01,1.686817808219178,2.6980358904721142,0.03723833043925658,0.03723833043925658,1.0,0.2698412698412698,0.1725053996337785,0.0014756944444444444,0.010297368655323899,146.0,0.5205479452054794,0.24657534246575347,0.3424657534246576,0.8081532674858751
small_long,rotatable_xlink,r0017,2.05,pulse_02,1.8302089743589744,2.7195583449609346,0.04494332889332905,0.04494332889332905,1.0,0.3333333333333333,0.3060174987112626,0.0014105902777777778,0.0076249080855295874,156.0,0.5512820512820514,0.2435897435897436,0.32051282051282054,0.8194525417638083
small_long,rotatable_xlink,r0017,2.1,pulse_02,1.9650389610389616,2.696683620704346,0.00503898046398051,0.00503898046398051,1.0,0.34328358208955223,0.2462972035704658,0.0014973958333333334,0.008631947537614426,154.0,0.5714285714285713,0.23376623376623376,0.3116883116883116,0.8207853622085284
small_long,rotatable_xlink,r0017,2.15,pulse_02,1.8604428571428575,2.667766659735248,0.021735497835497997,-0.021735497835497997,1.0,0.3333333333333333,0.2920845834923129,0.0014756944444444444,0.0070253032777019735,154.0,0.5714285714285714,0.24675324675324678,0.3116883116883117,0.8160800451599362
small_long,rotatable_xlink,r0017,2.2,pulse_02,1.8346259740259736,2.654531801038134,0.00469675324675319,0.00469675324675319,1.0,0.3333333333333333,0.3329744057105705,0.0014105902777777778,0.0048569575480879035,154.0,0.5584415584415583,0.24675324675324672,0.31168831168831157,0.8248408577673761
small_long,rotatable_xlink,r0017,2.25,pulse_02,1.8886233766233766,2.6969084050237755,0.004892207792207855,0.004892207792207855,1.0,0.3333333333333333,0.2801400572296107,0.0015190972222222222,0.010596338444895936,154.0,0.5714285714285714,0.24675324675324678,0.3116883116883117,0.8011965525466832
small_long,rotatable_xlink,r0017,2.3,pulse_02,1.8639792207792207,2.7181098317075096,0.011247272172272171,-0.011247272172272171,1.0,0.3333333333333333,0.20513209136056068,0.0015190972222222222,0.0249754318909395,154.0,0.5454545454545455,0.24675324675324672,0.3116883116883116,0.8135222349575751
small_long,rotatable_xlink,r0017,2.35,pulse_02,1.8211397435897436,2.8467609963694125,0.03793115218115217,-0.03793115218115217,1.0,0.34328358208955223,0.23257749494570087,0.0015190972222222222,0.02497561021965315,156.0,0.5641025641025642,0.24358974358974356,0.3461538461538461,0.802777130598454
small_long,rotatable_xlink,r0017,2.4,pulse_02,1.6363923076923077,2.8679634930254285,0.03249145299145303,-0.03249145299145303,1.0,0.3230769230769231,0.22614067635213153,0.0015625,0.0015499480731155184,156.0,0.5384615384615385,0.2435897435897436,0.34615384615384615,0.8268575458320195
small_long,rotatable_xlink,r0017,2.45,pulse_02,1.6261910256410255,2.8560606848081056,0.00383141025641028,0.00383141025641028,1.0,0.3125,0.20226700551133167,0.0014756944444444444,0.007449368242846847,156.0,0.5256410256410258,0.2435897435897436,0.34615384615384615,0.8309134327791934
small_long,rotatable_xlink,r0017,2.5,pulse_02,1.6593807692307694,2.8232672835683474,0.007141666666666713,0.007141666666666713,1.0,0.2903225806451613,0.2731981015200176,0.0015625,0.0042340822405454075,156.0,0.5128205128205129,0.25641025641025644,0.34615384615384615,0.8198715980642844
small_long,rotatable_xlink,r0017,2.55,pulse_02,1.6690410256410257,2.830656191364833,0.011205982905982848,0.011205982905982848,1.0,0.2698412698412698,0.18004936252664708,0.0015625,0.00160579448964282,156.0,0.5128205128205129,0.24358974358974356,0.3461538461538461,0.8271124522814974
small_long,rotatable_xlink,r0017,2.6,pulse_02,1.7266166666666665,2.8136325166304905,0.030122435897435944,0.030122435897435944,1.0,0.30158730158730157,0.23944767376998613,0.0015625,0.008379657678419417,156.0,0.5128205128205129,0.2435897435897436,0.34615384615384615,0.8398168337257597
small_long,rotatable_xlink,r0017,2.65,pulse_02,1.8497756410256414,2.7803782452943167,0.008744444444444444,0.008744444444444444,1.0,0.30158730158730157,0.13741184446456892,0.001584201388888889,0.005381161204394802,156.0,0.5256410256410257,0.2564102564102564,0.3461538461538461,0.8319075813597577
small_long,rotatable_xlink,r0017,2.7,pulse_02,1.7790833333333331,2.8459194838568593,0.015233974358974445,-0.015233974358974445,1.0,0.28125,0.1695738023494315,0.001540798611111111,0.00602058657655317,156.0,0.5256410256410258,0.2435897435897436,0.34615384615384615,0.8283884150153243
small_long,rotatable_xlink,r0017,2.75,pulse_02,1.7583717948717947,2.8165017647536357,0.0013243589743590078,-0.0013243589743590078,1.0,0.28125,0.18088021809043375,0.0014973958333333334,0.006957985350566354,156.0,0.512820512820513,0.2435897435897436,0.34615384615384615,0.8494594768034122
small_long,rotatable_xlink,r0017,2.8,pulse_02,1.771137179487179,2.804171571753461,0.012705341880341892,-0.012705341880341892,1.0,0.28125,0.221714614133066,0.001584201388888889,0.010456170130349385,156.0,0.5256410256410258,0.2435897435897436,0.34615384615384615,0.8390252066735412
small_long,rotatable_xlink,r0017,2.85,pulse_02,1.6821397435897434,2.879238785535732,0.02400299145299138,-0.02400299145299138,1.0,0.28125,0.1732662014523194,0.0015190972222222222,0.02169634459112557,156.0,0.5128205128205129,0.2435897435897436,0.358974358974359,0.8264525027753276
small_long,rotatable_xlink,r0017,2.9,pulse_02,1.6271192307692308,2.9343496393002146,0.008093332792383409,-0.008093332792383409,1.0,0.25,0.21896684173862524,0.0014105902777777778,0.013207349656736275,156.0,0.5128205128205128,0.24358974358974356,0.3589743589743589,0.8370892944335445
small_long,rotatable_xlink,r0017,2.95,pulse_02,1.633579746835443,2.9584828834761496,0.049530913461538484,-0.049530913461538484,1.0,0.25806451612903225,0.1378771621985509,0.0015190972222222222,0.03252125618112656,158.0,0.49367088607594933,0.24050632911392406,0.3670886075949366,0.8204512046034339
small_long,rotatable_xlink,r0017,3.0,pulse_02,1.32993375,2.7392221022134553,0.10121533227848101,-0.10121533227848101,1.0,0.21311475409836064,0.13893594736307768,0.0014973958333333334,0.07308692708756477,160.0,0.4625,0.2375,0.375,0.8163261041660974
small_long,rotatable_xlink,r0017,3.05,pulse_03,0.9387463414634147,2.640630351311377,0.15020081300813012,-0.15020081300813012,1.0,0.11864406779661017,0.02017319545594822,0.0016710069444444444,0.009591740090923414,164.0,0.39024390243902446,0.2439024390243903,0.42682926829268303,0.8811566555399354
small_long,rotatable_xlink,r0017,3.1,pulse_03,0.4881439024390244,2.611855131038607,0.07973719512195122,-0.07973719512195122,1.0,0.01639344262295082,0.12920610641277558,0.0014973958333333334,0.005678757288653413,164.0,0.36585365853658536,0.2682926829268293,0.5121951219512197,0.855096037443924
small_long,rotatable_xlink,r0017,3.15,pulse_03,0.46032317073170737,2.6747028950432976,0.0021556910569105747,-0.0021556910569105747,1.0,0.0,0.16568617248152295,0.001584201388888889,0.010716301767269861,164.0,0.36585365853658547,0.2682926829268294,0.5243902439024393,0.8363163825368013
small_long,rotatable_xlink,r0017,3.2,pulse_03,0.47520975609756094,2.676152941642226,0.006326016260162594,0.006326016260162594,1.0,0.01639344262295082,0.24449966745942242,0.001584201388888889,0.0005256204003800669,164.0,0.35365853658536595,0.26829268292682934,0.5243902439024393,0.8628121150507427
small_long,rotatable_xlink,r0017,3.25,pulse_03,0.49827926829268293,2.677856617445578,0.008472448057813895,0.008472448057813895,1.0,0.017543859649122806,0.20383530192083346,0.001540798611111111,0.0008691583393986383,164.0,0.3536585365853659,0.2682926829268294,0.5243902439024393,0.8510453562111125
small_long,rotatable_xlink,r0017,3.3,pulse_03,0.5260444444444443,2.681367891678618,0.0008529233162702099,-0.0008529233162702099,1.0,0.0847457627118644,0.17944246170571126,0.001540798611111111,0.005393659901904879,162.0,0.3580246913580248,0.25925925925925936,0.46913580246913594,0.8569014047426161
small_long,rotatable_xlink,r0017,3.35,pulse_03,0.49316172839506167,2.7102185768570073,0.01811601031411164,0.01811601031411164,1.0,0.05263157894736842,0.2196738225120466,0.0016493055555555556,0.007160444765629048,162.0,0.35802469135802484,0.25925925925925936,0.4814814814814815,0.874388292177653
small_long,rotatable_xlink,r0017,3.4,pulse_03,0.6347405063291142,2.724330560272392,0.033273678178882125,0.033273678178882125,1.0,0.14285714285714285,0.17213995113641306,0.001540798611111111,0.0013611312975519614,158.0,0.37974683544303783,0.240506329113924,0.45569620253164533,0.8475014664246102
small_long,rotatable_xlink,r0017,3.45,pulse_03,0.6928037974683544,2.718385364642319,0.014824050632911367,0.014824050632911367,1.0,0.14285714285714285,0.19982332170653733,0.001584201388888889,0.007485856341401161,158.0,0.39240506329113917,0.2151898734177215,0.4430379746835441,0.8351578579000348
small_long,rotatable_xlink,r0017,3.5,pulse_03,0.7236848101265824,2.679415422223985,0.006180590717299576,0.006180590717299576,1.0,0.16363636363636364,0.10726449419561862,0.0014973958333333334,0.0013068083603134568,158.0,0.3797468354430379,0.22784810126582275,0.4430379746835441,0.8667425929983417
small_long,rotatable_xlink,r0017,3.55,pulse_03,0.7298873417721519,2.7105445144804383,0.01719419831223627,0.01719419831223627,1.0,0.14285714285714285,0.16806887554017189,0.001584201388888889,0.00871961730866544,158.0,0.3670886075949366,0.2151898734177215,0.44303797468354417,0.8174282224186802
small_long,rotatable_xlink,r0017,3.6,pulse_03,0.82685,2.731733126075978,0.01492134047387215,0.01492134047387215,1.0,0.18518518518518517,0.15028237424732446,0.0015190972222222222,0.004438979263174196,156.0,0.3717948717948718,0.20512820512820515,0.4230769230769231,0.8355584252502397
small_long,rotatable_xlink,r0017,3.65,pulse_03,0.8194153846153848,2.7371783900594835,0.0026826923076923026,-0.0026826923076923026,1.0,0.2,0.16506915756826956,0.0016059027777777777,0.001021284129940847,156.0,0.3717948717948718,0.23076923076923078,0.43589743589743596,0.84461196280402
small_long,rotatable_xlink,r0017,3.7,pulse_03,0.8107538461538462,2.7256054212963328,0.006403846153846186,-0.006403846153846186,1.0,0.25925925925925924,0.13038576796263565,0.0016276041666666667,0.0023810531599689857,156.0,0.3846153846153846,0.23076923076923075,0.43589743589743596,0.8398168337257595
small_long,rotatable_xlink,r0017,3.75,pulse_03,0.7809923076923077,2.7514647090192974,0.0047497863247863426,-0.0047497863247863426,1.0,0.21428571428571427,0.09918119356165586,0.0015190972222222222,0.0046004283206264596,156.0,0.37179487179487175,0.23076923076923075,0.43589743589743585,0.8423418514896287
small_long,rotatable_xlink,r0017,3.8,pulse_03,0.7822551282051281,2.7532079912200915,0.00164380341880338,-0.00164380341880338,1.0,0.25925925925925924,0.041900693530948066,0.0016493055555555556,0.005515007059923767,156.0,0.3717948717948718,0.23076923076923078,0.435897435897436,0.8550462329338909
small_long,rotatable_xlink,r0017,3.85,pulse_03,0.7711294871794874,2.78455475137884,0.007499145299145342,0.007499145299145342,1.0,0.19298245614035087,0.1010537169276797,0.001540798611111111,0.008852659150977734,156.0,0.3717948717948718,0.23076923076923078,0.435897435897436,0.8602987899899752
small_long,rotatable_xlink,r0017,3.9,pulse_03,0.8272500000000002,2.806323946125958,0.009202564102564037,0.009202564102564037,1.0,0.23636363636363636,0.11898153218178761,0.0015190972222222222,0.002146597632040207,156.0,0.3846153846153846,0.23076923076923075,0.43589743589743585,0.85757125069776
small_long,rotatable_xlink,r0017,3.95,pulse_03,0.8263448717948716,2.7974343371710813,0.0038168803418803057,0.0038168803418803057,1.0,0.23636363636363636,0.14953129436091206,0.0014539930555555556,0.00020140751367470067,156.0,0.3717948717948718,0.23076923076923078,0.43589743589743596,0.8413477029090644
small_long,rotatable_xlink,r0017,4.0,pulse_03,0.850151282051282,2.807532391208006,0.007935470085470131,0.007935470085470131,1.0,0.24528301886792453,0.10723590836644727,0.001540798611111111,0.0033660180123082917,156.0,0.3717948717948718,0.23076923076923078,0.43589743589743596,0.8390252066735412
small_long,rotatable_xlink,r0017,4.05,pulse_04,1.0764500000000004,2.8017182607268887,0.006778861788617752,0.006778861788617752,1.0,0.288135593220339,0.1405329743049076,0.0015625,0.0037928163651021287,164.0,0.4146341463414635,0.21951219512195128,0.4024390243902441,0.8724949244052629
small_long,rotatable_xlink,r0017,4.1,pulse_04,1.0967865853658536,2.813096709822195,0.0058123983739836555,0.0058123983739836555,1.0,0.288135593220339,0.09119891056845786,0.0015190972222222222,5.612457820366087e-05,164.0,0.4146341463414636,0.20731707317073175,0.4024390243902441,0.8748967705708945
small_long,rotatable_xlink,r0017,4.15,pulse_04,1.1113243902439023,2.8020550081961106,0.005021138211382096,0.005021138211382096,1.0,0.3114754098360656,0.07846221893355847,0.0016710069444444444,0.0013597160313367034,164.0,0.426829268292683,0.20731707317073172,0.3902439024390245,0.8616738190934864
small_long,rotatable_xlink,r0017,4.2,pulse_04,1.1269134146341462,2.804938413634175,0.00630264227642278,0.00630264227642278,1.0,0.3220338983050847,0.13108931923339875,0.0017144097222222222,0.0039494103992054885,164.0,0.42682926829268314,0.20731707317073175,0.39024390243902457,0.8604102688851112
small_long,rotatable_xlink,r0017,4.25,pulse_04,1.149140243902439,2.8257514705913436,0.004751219512195148,0.004751219512195148,1.0,0.3103448275862069,0.11441988435590177,0.001584201388888889,0.0031823114777030557,164.0,0.4375,0.1875,0.375,0.8714404272067802
small_long,rotatable_xlink,r0017,4.3,pulse_04,1.155420731707317,2.824032282500393,0.001485365853658549,0.001485365853658549,1.0,0.3103448275862069,0.04001113774228238,0.0016059027777777777,0.001754697263970965,164.0,0.42682926829268314,0.20731707317073175,0.39024390243902457,0.8647788467984443
small_long,rotatable_xlink,r0017,4.35,pulse_04,1.1580524390243903,2.8362796541751694,0.0003353658536585276,-0.0003353658536585276,1.0,0.3448275862068966,0.11354099982025787,0.0016059027777777777,0.004806951091155772,164.0,0.4146341463414635,0.20731707317073175,0.39024390243902446,0.8495891635733348
small_long,rotatable_xlink,r0017,4.4,pulse_04,1.153408536585366,2.852873989047328,0.0053412601626016505,0.0053412601626016505,1.0,0.3103448275862069,0.11347212434158113,0.0016927083333333334,0.006085949651463289,164.0,0.41463414634146345,0.20731707317073172,0.3902439024390245,0.8647788467984441
small_long,rotatable_xlink,r0017,4.45,pulse_04,1.1901000000000002,2.872795352083949,0.018050840610257968,0.018050840610257968,1.0,0.3,0.16655761147789358,0.0016710069444444444,0.006915739061718791,164.0,0.4146341463414635,0.20731707317073175,0.39024390243902457,0.8647788467984443
small_long,rotatable_xlink,r0017,4.5,pulse_04,1.2617135802469137,2.8943684234176406,0.017219753086419726,0.017219753086419726,1.0,0.3333333333333333,0.10690738308623182,0.0014973958333333334,0.006854879605011484,162.0,0.4320987654320989,0.1975308641975309,0.38271604938271625,0.850759257974093
small_long,rotatable_xlink,r0017,4.55,pulse_04,1.2934185185185185,2.913924629714018,0.005690123456790097,0.005690123456790097,1.0,0.3333333333333333,0.1473692659867119,0.0015625,0.0030968664152729954,162.0,0.432098765432099,0.1851851851851852,0.38271604938271614,0.8572914462046157
small_long,rotatable_xlink,r0017,4.6,pulse_04,1.2958543209876543,2.9129496219092785,0.00808580999698886,-0.00808580999698886,1.0,0.3220338983050847,0.1542130730364726,0.0016493055555555556,0.009421885707640243,162.0,0.44444444444444453,0.19753086419753088,0.38271604938271614,0.8431429408809061
small_long,rotatable_xlink,r0017,4.65,pulse_04,1.2449036585365854,2.9704559439598595,0.01183100471745461,-0.01183100471745461,1.0,0.3220338983050847,0.08627013926120276,0.0016927083333333334,0.011829840960485708,164.0,0.42682926829268314,0.1707317073170732,0.39024390243902457,0.8679337040625276
small_long,rotatable_xlink,r0017,4.7,pulse_04,1.2248682926829266,2.983928667672193,0.0010441693603682929,0.0010441693603682929,1.0,0.3103448275862069,0.03941596459298465,0.0016710069444444444,0.0030567688230869936,164.0,0.42682926829268314,0.1829268292682927,0.39024390243902446,0.8394712398008846
small_long,rotatable_xlink,r0017,4.75,pulse_04,1.2511686746987951,2.9521153310213375,0.011035806641199,0.011035806641199,1.0,0.3220338983050847,0.02157328624624054,0.0016276041666666667,0.007234414339943873,166.0,0.4216867469879518,0.19277108433734938,0.38554216867469887,0.8337389574136266
small_long,rotatable_xlink,r0017,4.8,pulse_04,1.2910831325301206,2.9405221816325295,0.0032771084337349654,0.0032771084337349654,1.0,0.41379310344827586,0.07447057381990371,0.0016710069444444444,0.010400477035911257,166.0,0.4216867469879519,0.1686746987951807,0.38554216867469887,0.8429910398144447
small_long,rotatable_xlink,r0017,4.85,pulse_04,1.270831325301205,2.88971246880587,0.004571485943775063,0.004571485943775063,1.0,0.3793103448275862,0.07319090535014722,0.0016493055555555556,0.01001490736497875,166.0,0.43373493975903626,0.16867469879518068,0.38554216867469887,0.8545494542027634
small_long,rotatable_xlink,r0017,4.9,pulse_04,1.318512048192771,2.880432737442657,0.004690763052208872,0.004690763052208872,1.0,0.3559322033898305,0.09068756244109992,0.0016927083333333334,0.002399075162844729,166.0,0.4337349397590362,0.1686746987951807,0.38554216867469887,0.831175727717328
small_long,rotatable_xlink,r0017,4.95,pulse_04,1.2989759036144581,2.8753180178288016,0.008339658634538191,0.008339658634538191,1.0,0.3793103448275862,0.08188899841231082,0.0016276041666666667,0.002003476837838821,166.0,0.4337349397590361,0.180722891566265,0.3855421686746988,0.8437349784900232
small_long,rotatable_xlink,r0017,5.0,pulse_04,1.3685500000000002,2.89245359846969,0.02319136546184734,0.02319136546184734,1.0,0.3898305084745763,0.04300747477511776,0.0016059027777777777,0.0057118602136294605,164.0,0.4512195121951222,0.1829268292682927,0.3780487804878051,0.8676912320739997
small_long,rotatable_xlink,r0017,5.05,pulse_05,1.5608818181818185,2.8264079692291393,0.012403787878788005,-0.012403787878788005,1.0,0.4603174603174603,0.05791411942068614,0.0017578125,0.009981161065765706,176.0,0.4772727272727272,0.1477272727272727,0.3522727272727272,0.8570120661266979
small_long,rotatable_xlink,r0017,5.1,pulse_05,1.5236704545454545,2.796464486031842,0.0018329545454544387,0.0018329545454544387,1.0,0.4461538461538462,0.0646466135376856,0.0017578125,0.0005032405555826328,176.0,0.47727272727272707,0.15909090909090906,0.35227272727272724,0.8498220847203442
small_long,rotatable_xlink,r0017,5.15,pulse_05,1.5718795454545451,2.8233885258956435,0.006731818181818228,0.006731818181818228,1.0,0.4461538461538462,0.09105537294394084,0.0017144097222222222,0.013260778348318366,176.0,0.4772727272727272,0.1477272727272727,0.3522727272727272,0.8432873406574533
small_long,rotatable_xlink,r0017,5.2,pulse_05,1.5640613636363638,2.8760291561217524,0.014374481887844034,0.014374481887844034,1.0,0.49206349206349204,0.1421540360696478,0.0017578125,0.020522604832808284,176.0,0.47727272727272724,0.1477272727272727,0.3636363636363637,0.886247721377269
small_long,rotatable_xlink,r0017,5.25,pulse_05,1.6581264367816093,2.946524154892493,0.017008738244514137,0.017008738244514137,1.0,0.47540983606557374,0.07914790202015966,0.0017578125,0.015475513167639768,174.0,0.48275862068965536,0.13793103448275862,0.35632183908045983,0.8795187007310838
small_long,rotatable_xlink,r0017,5.3,pulse_05,1.6661137931034486,2.968882235127591,0.005312835249042173,-0.005312835249042173,1.0,0.5254237288135594,0.09990738357040091,0.0017144097222222222,0.00018924024459887612,174.0,0.48275862068965525,0.14942528735632185,0.35632183908045983,0.8545926772564297
small_long,rotatable_xlink,r0017,5.35,pulse_05,1.6262494252873563,2.9453887134249,0.007294061302682064,-0.007294061302682064,1.0,0.5,0.04899131230490172,0.0018229166666666667,0.003072496817767408,174.0,0.48275862068965536,0.16091954022988506,0.35632183908045983,0.8573376840678727
small_long,rotatable_xlink,r0017,5.4,pulse_05,1.6223494252873563,2.9504472542209865,0.002621072796934946,0.002621072796934946,1.0,0.5081967213114754,0.04450338599201333,0.0016493055555555556,0.00047824670503016087,174.0,0.5058823529411763,0.12941176470588237,0.3411764705882353,0.8695213149365573
small_long,rotatable_xlink,r0017,5.45,pulse_05,1.641975862068966,2.948258193655081,0.020979940746680897,0.020979940746680897,1.0,0.5333333333333333,0.1292473380026352,0.0016927083333333334,0.0025136798028048504,174.0,0.48275862068965525,0.16091954022988503,0.3563218390804597,0.8303294225889564
small_long,rotatable_xlink,r0017,5.5,pulse_05,1.7482290697674416,2.9655293330378156,0.023029410585404936,0.023029410585404936,1.0,0.5254237288135594,0.1065329879403709,0.0016493055555555556,0.0017919132647633933,172.0,0.48837209302325596,0.1511627906976744,0.33720930232558144,0.8511983431750865
small_long,rotatable_xlink,r0017,5.55,pulse_05,1.7801523255813956,2.9590096732436613,0.004079651162790632,-0.004079651162790632,1.0,0.5517241379310345,0.05442361720106724,0.001736111111111111,0.010601970044774886,172.0,0.48837209302325596,0.1511627906976744,0.33720930232558144,0.8384709842246304
small_long,rotatable_xlink,r0017,5.6,pulse_05,1.7237511627906978,3.029141153306465,0.010178682170542594,-0.010178682170542594,1.0,0.5517241379310345,0.14014908010687727,0.0016710069444444444,0.011005759331397321,172.0,0.44186046511627924,0.13953488372093023,0.33720930232558144,0.8692882080773546
small_long,rotatable_xlink,r0017,5.65,pulse_05,1.71908023255814,3.025044229232045,0.005797674418604719,0.005797674418604719,1.0,0.5517241379310345,0.11479727618190724,0.0016710069444444444,0.005986194814020962,172.0,0.44186046511627924,0.1511627906976744,0.33720930232558144,0.8559622902724653
small_long,rotatable_xlink,r0017,5.7,pulse_05,1.7585372093023262,2.993223984422339,0.005611434108527121,0.005611434108527121,1.0,0.543859649122807,0.012278443257004362,0.0017144097222222222,0.004643445198662111,172.0,0.45348837209302345,0.13953488372093023,0.33720930232558155,0.8808107865965691
small_long,rotatable_xlink,r0017,5.75,pulse_05,1.7527488372093027,2.9971835580400725,0.0018315891472868346,-0.0018315891472868346,1.0,0.5666666666666667,0.08916890647619255,0.0016927083333333334,0.005209062187119251,172.0,0.4534883720930233,0.12790697674418605,0.33720930232558144,0.8594572030941929
small_long,rotatable_xlink,r0017,5.8,pulse_05,1.7475476744186051,3.0244783575450547,0.004397674418604687,-0.004397674418604687,1.0,0.5666666666666667,0.06927410473452525,0.0017578125,0.0040369826897900625,172.0,0.44186046511627913,0.13953488372093023,0.33720930232558144,0.839188971551061
small_long,rotatable_xlink,r0017,5.85,pulse_05,1.7263627906976746,3.021405454178813,0.004220981466630969,0.004220981466630969,1.0,0.5666666666666667,0.0886503842001829,0.0016927083333333334,0.004555451790064187,172.0,0.45348837209302334,0.13953488372093023,0.33720930232558144,0.8531853647771682
small_long,rotatable_xlink,r0017,5.9,pulse_05,1.772873563218391,2.9971456468046695,0.02477499999999999,0.02477499999999999,1.0,0.5666666666666667,0.11867820071561916,0.0017144097222222222,0.0036776286096711353,174.0,0.4482758620689656,0.13793103448275865,0.3333333333333335,0.8420826997277431
small_long,rotatable_xlink,r0017,5.95,pulse_05,1.8750127906976746,3.0434712258368397,0.01694607279693487,0.01694607279693487,1.0,0.5932203389830508,0.1265154418340585,0.001540798611111111,0.003025294923089413,172.0,0.45348837209302334,0.11627906976744187,0.32558139534883723,0.8580687403465443
small_long,rotatable_xlink,r0017,6.0,pulse_05,1.8745500000000002,2.978993877266133,0.00015426356589146964,-0.00015426356589146964,1.0,0.5932203389830508,0.1379225104238679,0.0015625,0.02149244952356888,172.0,0.4534883720930233,0.12790697674418605,0.3255813953488373,0.842452690151169
small_long,rotatable_xlink,r0017,6.05,pulse_06,1.9989829545454547,2.960218335520459,0.009362500000000015,0.009362500000000015,1.0,0.6,0.02924341318928552,0.0016493055555555556,0.008582850253739208,176.0,0.4772727272727272,0.125,0.3181818181818181,0.8475087864337966
small_long,rotatable_xlink,r0017,6.1,pulse_06,2.0270704545454548,2.9344697847592416,0.010404734848484845,0.010404734848484845,1.0,0.6,0.12801251405388653,0.001736111111111111,0.011068661761502415,176.0,0.46590909090909083,0.12499999999999997,0.31818181818181807,0.8291333176522376
small_long,rotatable_xlink,r0017,6.15,pulse_06,2.061411363636364,2.8938063649514447,0.009033522727272722,0.009033522727272722,1.0,0.5666666666666667,0.08279619860359888,0.0016710069444444444,7.56611633896398e-05,176.0,0.4545454545454545,0.10227272727272727,0.30681818181818177,0.8538928050486772
small_long,rotatable_xlink,r0017,6.2,pulse_06,2.081271590909091,2.9340158177789037,0.002456818181818162,0.002456818181818162,1.0,0.559322033898305,0.04383703025241789,0.0018012152777777779,0.004376832368857775,176.0,0.4545454545454544,0.10227272727272727,0.3181818181818181,0.8474044930749716
small_long,rotatable_xlink,r0017,6.25,pulse_06,2.0761522727272728,2.9200673591645914,0.0077982954545454675,0.0077982954545454675,1.0,0.5789473684210527,0.20919389475746478,0.0017795138888888889,0.008934179690480937,176.0,0.4545454545454544,0.10227272727272727,0.2954545454545454,0.8505237541529923
small_long,rotatable_xlink,r0017,6.3,pulse_06,2.128061363636364,2.880410739636018,0.0028166666666666895,0.0028166666666666895,1.0,0.5333333333333333,0.060316137520874856,0.0018012152777777779,0.004462939959852956,176.0,0.47727272727272724,0.10227272727272727,0.31818181818181823,0.8337889932246761
small_long,rotatable_xlink,r0017,6.35,pulse_06,2.093052272727273,2.8932897194054736,0.010879924242424307,-0.010879924242424307,1.0,0.5932203389830508,0.09481288747398044,0.0016927083333333334,0.01417758943039941,176.0,0.46590909090909083,0.09090909090909091,0.2954545454545454,0.8702849119809588
small_long,rotatable_xlink,r0017,6.4,pulse_06,2.062781818181818,2.9654762762184146,0.006238636363636418,-0.006238636363636418,1.0,0.5932203389830508,0.08934058291587979,0.0017144097222222222,0.004635270900669619,176.0,0.4886363636363636,0.10227272727272727,0.30681818181818177,0.8419016516110458
small_long,rotatable_xlink,r0017,6.45,pulse_06,2.0556204545454544,2.9211013448094914,0.0027776515151515615,0.0027776515151515615,1.0,0.6271186440677966,0.1551447058797574,0.0017578125,0.012452343380866537,176.0,0.47727272727272735,0.09090909090909091,0.30681818181818177,0.8552497118247883
small_long,rotatable_xlink,r0017,6.5,pulse_06,2.0794477272727274,3.040190336503614,0.0009333333333333785,-0.0009333333333333785,1.0,0.6,0.07768535178808811,0.0017144097222222222,0.023833609303088643,176.0,0.47727272727272724,0.09090909090909091,0.29545454545454547,0.8288370957453881
small_long,rotatable_xlink,r0017,6.55,pulse_06,2.050020454545454,3.064103000628023,0.02185353970741895,0.02185353970741895,1.0,0.6333333333333333,0.07809746909017938,0.0016493055555555556,0.012423130936911534,176.0,0.46590909090909083,0.10227272727272727,0.29545454545454547,0.8561308889757431
small_long,rotatable_xlink,r0017,6.6,pulse_06,2.210568965517241,2.9656515508821446,0.03042740486257937,0.03042740486257937,1.0,0.6271186440677966,0.06703859488283731,0.001736111111111111,0.02777198763078322,174.0,0.47126436781609204,0.08045977011494254,0.27586206896551724,0.8400474275148406
small_long,rotatable_xlink,r0017,6.65,pulse_06,2.2325848837209303,2.897471074843324,0.00116013766372632,-0.00116013766372632,1.0,0.6491228070175439,0.05536617507534964,0.0016276041666666667,0.019238356249366245,172.0,0.4767441860465116,0.0697674418604651,0.2790697674418605,0.8426838843727885
small_long,rotatable_xlink,r0017,6.7,pulse_06,2.203608139534883,2.850221413385947,0.009139341085271369,0.009139341085271369,1.0,0.6296296296296297,0.07550957118519157,0.0017795138888888889,0.014026767884956381,172.0,0.45348837209302345,0.06976744186046512,0.2674418604651163,0.849809880427438
small_long,rotatable_xlink,r0017,6.75,pulse_06,2.2874209302325585,2.8133104675335856,0.011718023255814133,0.011718023255814133,1.0,0.6296296296296297,0.018589515710016612,0.0016059027777777777,0.010647847251911369,172.0,0.48837209302325596,0.06976744186046512,0.2674418604651163,0.8585555334513554
small_long,rotatable_xlink,r0017,6.8,pulse_06,2.273916279069768,2.786334329874479,0.016174354765161752,0.016174354765161752,1.0,0.5862068965517241,0.05171622355627619,0.0016710069444444444,0.005510632374083076,172.0,0.46511627906976755,0.08139534883720931,0.2790697674418606,0.8596408854105998
small_long,rotatable_xlink,r0017,6.85,pulse_06,2.384467058823529,2.780246673289087,0.02710944368445034,0.02710944368445034,1.0,0.5636363636363636,0.08399110116668053,0.0017578125,0.00410100018151871,170.0,0.47058823529411764,0.0588235294117647,0.24705882352941178,0.8356527738149329
small_long,rotatable_xlink,r0017,6.9,pulse_06,2.43657294117647,2.810940330963591,0.039314017327861515,0.039314017327861515,1.0,0.5789473684210527,0.04801434055521797,0.0016276041666666667,0.04764371926033643,170.0,0.47058823529411764,0.058823529411764705,0.23529411764705882,0.8537215465035891
small_long,rotatable_xlink,r0017,6.95,pulse_06,2.620351162790698,3.0661089888511057,0.03484036251709995,0.03484036251709995,1.0,0.6551724137931034,0.11039134654165585,0.0017578125,0.08469535721783084,172.0,0.5000000000000002,0.046511627906976744,0.20930232558139536,0.817301083038661
small_long,rotatable_xlink,r0017,7.0,pulse_06,2.6456151162790698,-2.96407283290901,0.008421317829457209,0.008421317829457209,1.0,0.6333333333333333,0.14474679969028015,0.0016710069444444444,0.0843344951398235,172.0,0.5232558139534885,0.06976744186046512,0.22093023255813957,0.8185058634699027
small_long,rotatable_xlink,r0017,7.05,pulse_07,2.7416362637362632,-2.7381881632109706,0.001527838827838875,0.001527838827838875,1.0,0.6363636363636364,0.10182694808364892,0.0018446180555555555,0.001519261705317761,182.0,0.5384615384615385,0.0879120879120879,0.2087912087912088,0.8107466466789529
small_long,rotatable_xlink,r0017,7.1,pulse_07,2.74621978021978,-2.742745948326924,0.0027203296703296833,0.0027203296703296833,1.0,0.625,0.11029658491969521,0.0019097222222222222,0.004251166895248515,182.0,0.5274725274725276,0.0879120879120879,0.20879120879120885,0.8505463646989349
small_long,rotatable_xlink,r0017,7.15,pulse_07,2.7579582417582413,-2.7636951645824617,0.0044725274725274655,-0.0044725274725274655,1.0,0.6875,0.14878633206909816,0.0018446180555555555,0.00015265336198207655,182.0,0.5164835164835165,0.07692307692307693,0.2087912087912088,0.8515720819351437
small_long,rotatable_xlink,r0017,7.2,pulse_07,2.719384615384615,-2.7418300281550314,0.026933441188441282,0.026933441188441282,1.0,0.7096774193548387,0.05008766542141613,0.0017144097222222222,0.024003692996039588,182.0,0.5384615384615385,0.08791208791208792,0.2087912087912088,0.845684981821883
small_long,rotatable_xlink,r0017,7.25,pulse_07,2.919558888888889,-2.619673006606224,0.030277749287749362,0.030277749287749362,1.0,0.6615384615384615,0.050836444044405446,0.0018012152777777779,0.028411562819753582,180.0,0.5555555555555556,0.06666666666666667,0.2,0.8164143838113057
small_long,rotatable_xlink,r0017,7.3,pulse_07,2.9010511111111112,-2.57136065123651,0.018488687057844382,0.018488687057844382,1.0,0.6666666666666666,0.26444248088334427,0.0018229166666666667,0.02379261798781296,180.0,0.5555555555555556,0.08888888888888888,0.18888888888888888,0.8209665999265788
small_long,rotatable_xlink,r0017,7.35,pulse_07,3.0304910112359553,-2.4769172986793464,0.022058709945901016,0.022058709945901016,1.0,0.5081967213114754,0.2396650646028124,0.0017144097222222222,0.006616569956680844,178.0,0.5617977528089888,0.06741573033707865,0.19101123595505617,0.8079452169595525
small_long,rotatable_xlink,r0017,7.4,pulse_07,3.0334033707865173,-2.531661231496425,0.003912359550561832,-0.003912359550561832,1.0,0.5081967213114754,0.1644740759922477,0.0017144097222222222,0.0162818099761403,178.0,0.5617977528089887,0.06741573033707865,0.19101123595505617,0.8430208081031695
small_long,rotatable_xlink,r0017,7.45,pulse_07,3.0070168539325843,-2.574608158536188,0.00034026217228462957,0.00034026217228462957,1.0,0.47540983606557374,0.16248595651313613,0.0017578125,0.026996684260113923,178.0,0.5617977528089888,0.05617977528089888,0.19101123595505617,0.8285790167483654
small_long,rotatable_xlink,r0017,7.5,pulse_07,3.035444943820225,-2.3696811259357413,0.005757677902621827,0.005757677902621827,1.0,0.5161290322580645,0.1171579909818933,0.0018229166666666667,0.03286247617277338,178.0,0.5730337078651685,0.06741573033707865,0.19101123595505617,0.8340536576434059
small_long,rotatable_xlink,r0017,7.55,pulse_07,3.0415629213483153,-2.377433301499548,0.001934456928838942,0.001934456928838942,1.0,0.5238095238095238,0.19273225105220212,0.0017578125,0.012625771397482962,178.0,0.5730337078651686,0.07865168539325842,0.19101123595505615,0.8012369137967564
small_long,rotatable_xlink,r0017,7.6,pulse_07,3.0470516853932588,-2.2939264975508435,0.0016488764044944038,-0.0016488764044944038,1.0,0.5161290322580645,0.08148366725007769,0.001736111111111111,0.016396155077610237,178.0,0.5730337078651685,0.06741573033707865,0.17977528089887643,0.8251734511028075
small_long,rotatable_xlink,r0017,7.65,pulse_07,3.031669662921349,-2.2790563710338865,0.010152247191011302,-0.010152247191011302,1.0,0.5,0.12887509565336222,0.0017795138888888889,0.012553536712025378,178.0,0.5730337078651685,0.06741573033707866,0.17977528089887646,0.8627833316078922
small_long,rotatable_xlink,r0017,7.7,pulse_07,2.986138202247191,-2.369247717822996,0.019923595505618064,-0.019923595505618064,1.0,0.4915254237288136,0.22110049250894048,0.0017795138888888889,0.01086346729082536,178.0,0.5730337078651686,0.07865168539325842,0.19101123595505617,0.8529908152443565
small_long,rotatable_xlink,r0017,7.75,pulse_07,2.9121280898876405,-2.3442371747788386,0.01719962546816478,-0.01719962546816478,1.0,0.5161290322580645,0.14734365965544147,0.0018229166666666667,0.018513738433899363,178.0,0.550561797752809,0.07865168539325842,0.17977528089887643,0.8363819973532214
small_long,rotatable_xlink,r0017,7.8,pulse_07,2.8829404494382023,-2.2581652872195996,0.01004400749063672,-0.01004400749063672,1.0,0.4838709677419355,0.07015459249636681,0.0018012152777777779,0.011035168217416791,178.0,0.5617977528089888,0.07865168539325842,0.17977528089887643,0.8404069792508989
small_long,rotatable_xlink,r0017,7.85,pulse_07,2.85186404494382,-2.278026165474338,0.0033711610486891383,-0.0033711610486891383,1.0,0.5238095238095238,0.22445948271130128,0.001736111111111111,0.009481758316861303,178.0,0.5505617977528089,0.07865168539325842,0.1910112359550562,0.8348169355626925
small_long,rotatable_xlink,r0017,7.9,pulse_07,2.8627134831460674,-2.201274737318432,0.005501498127340835,-0.005501498127340835,1.0,0.5238095238095238,0.12711901148948496,0.0018012152777777779,0.024425953221003088,178.0,0.550561797752809,0.07865168539325842,0.1910112359550562,0.8232123742181285
small_long,rotatable_xlink,r0017,7.95,pulse_07,2.818855056179775,-2.1314704461483194,0.009517041198501866,-0.009517041198501866,1.0,0.5238095238095238,0.26915960125387606,0.0017578125,0.02167717036458705,178.0,0.5505617977528089,0.07865168539325844,0.19101123595505626,0.8248928388018233
small_long,rotatable_xlink,r0017,8.0,pulse_07,2.8056112359550562,-2.0712117151309095,0.0044146067415729755,-0.0044146067415729755,1.0,0.5238095238095238,0.09259649486104483,0.001736111111111111,0.020086243672469955,178.0,0.5505617977528092,0.07865168539325844,0.202247191011236,0.810158153876202
small_long,rotatable_xlink,r0018,0.0,initial,1.531005,-0.15058078975072736,0.11133015151515162,0.11133015151515162,1.0,0.0,0.0,0.000390625,0.06365417612763609,40.0,0.4,0.15,0.25,0.6302165510236123
small_long,rotatable_xlink,r0018,0.05,initial,1.8649954545454548,0.04038173863218092,0.11347059523809529,0.11347059523809529,1.0,0.2857142857142857,0.15875562880101313,0.0003689236111111111,0.04081839224030415,44.0,0.4545454545454545,0.13636363636363635,0.22727272727272724,0.647871218009149
small_long,rotatable_xlink,r0018,0.1,initial,2.2118285714285717,0.0943295636910975,0.10852147829647833,0.10852147829647833,1.0,0.18181818181818182,0.09873901481128051,0.0006293402777777778,0.0004724569943955516,70.0,0.45714285714285713,0.08571428571428573,0.2571428571428572,0.7412527504132274
small_long,rotatable_xlink,r0018,0.15000000000000002,initial,2.5161243243243248,0.03754699666580761,0.02283253968253966,0.02283253968253966,1.0,0.2,0.17819438788941516,0.0006076388888888889,0.018240264583757146,74.0,0.4864864864864864,0.08108108108108107,0.2702702702702703,0.7352994830682101
small_long,rotatable_xlink,r0018,0.2,initial,2.3488238095238096,-0.015112023811445377,0.0165699631449631,-0.0165699631449631,1.0,0.2,0.2528184416126781,0.0008029513888888889,0.015031928410633671,84.0,0.47619047619047616,0.09523809523809523,0.2857142857142857,0.7776309494193758
small_long,rotatable_xlink,r0018,0.25,initial,2.416704545454546,-0.052644573797994414,0.04893561507936502,0.04893561507936502,1.0,0.2413793103448276,0.1663045957417776,0.0007595486111111111,0.008411520492575939,88.0,0.4772727272727272,0.09090909090909091,0.24999999999999994,0.7601971069585867
small_long,rotatable_xlink,r0018,0.30000000000000004,initial,2.6424374999999998,-0.06558114676690101,0.04772957575757575,0.04772957575757575,1.0,0.25,0.1505318794617069,0.0009114583333333333,0.0013319446993513954,96.0,0.4791666666666667,0.08333333333333334,0.25,0.7688955444395468
small_long,rotatable_xlink,r0018,0.35000000000000003,initial,2.7030820000000007,-0.06063624199410279,0.007896501572326983,-0.007896501572326983,1.0,0.25,0.3735694715575743,0.0008897569444444444,0.010922930961423633,100.0,0.5000000000000001,0.08,0.24,0.7804044297305615
small_long,rotatable_xlink,r0018,0.4,initial,2.595058490566038,-4.3560998359216515e-05,0.014707022988505644,0.014707022988505644,1.0,0.2222222222222222,0.13363539528133087,0.0009331597222222223,0.010549506798151658,106.0,0.49056603773584906,0.07547169811320756,0.2641509433962264,0.8000604600129821
small_long,rotatable_xlink,r0018,0.45,initial,2.7913241379310345,0.0026607987948071643,0.01756497379454928,0.01756497379454928,1.0,0.3157894736842105,0.29270524367015394,0.0011284722222222221,0.008368801083595497,116.0,0.5000000000000001,0.06896551724137931,0.2241379310344828,0.7799575456719883
small_long,rotatable_xlink,r0018,0.5,initial,2.7004483333333336,-0.0502563674999322,0.009932984737139735,-0.009932984737139735,1.0,0.3333333333333333,0.1830664102219898,0.001171875,0.0032326321763138668,120.0,0.4999999999999999,0.06666666666666667,0.21666666666666665,0.8084005217587478
small_long,rotatable_xlink,r0018,0.55,initial,2.731726229508196,-0.016734994263076036,0.07173513888888894,-0.07173513888888894,1.0,0.42105263157894735,0.17055820971900887,0.001193576388888889,0.031465777982395415,122.0,0.4754098360655738,0.06557377049180328,0.21311475409836067,0.7993649778062659
small_long,rotatable_xlink,r0018,0.6000000000000001,initial,2.2700375,0.1385383003944403,0.19480263029116704,-0.19480263029116704,1.0,0.23809523809523808,0.16947919164636474,0.0012152777777777778,0.03425094642893009,128.0,0.4375,0.0625,0.25,0.8100162753317943
small_long,rotatable_xlink,r0018,0.65,initial,1.562910447761194,0.1887706843105045,0.20071570273631836,-0.20071570273631836,1.0,-0.06976744186046512,0.20319427310831237,0.0012152777777777778,0.009695558030123286,134.0,0.3582089552238806,0.11940298507462685,0.34328358208955223,0.7683142939949378
small_long,rotatable_xlink,r0018,0.7000000000000001,initial,1.0657432835820897,0.19671164857518,0.08301236931285598,-0.08301236931285598,1.0,-0.20930232558139536,0.2733421233118443,0.0012803819444444444,0.009479816524666035,134.0,0.26865671641791045,0.14925373134328357,0.4029850746268656,0.8047778614152472
small_long,rotatable_xlink,r0018,0.75,initial,1.064836231884058,0.24564958345850071,0.03866451986642133,-0.03866451986642133,1.0,-0.19148936170212766,0.25450354865172264,0.0013237847222222223,0.007860097480223644,138.0,0.318840579710145,0.14492753623188406,0.42028985507246386,0.8146231098770861
small_long,rotatable_xlink,r0018,0.8,initial,0.8337561643835617,0.14955106369383814,0.07773959127892195,-0.07773959127892195,1.0,-0.24,0.2785969033173257,0.0014105902777777778,0.011456056437647721,146.0,0.2876712328767123,0.136986301369863,0.5068493150684932,0.836580990414641
small_long,rotatable_xlink,r0018,0.8500000000000001,initial,0.5983986842105263,0.1769132448326144,0.10082987355110645,-0.10082987355110645,1.0,-0.2222222222222222,0.22897482031803,0.0014973958333333334,0.015444733340753173,152.0,0.28947368421052627,0.17105263157894735,0.5263157894736843,0.8321556481287672
small_long,rotatable_xlink,r0018,0.9,initial,0.22877692307692302,0.24221946373835718,0.14477173192126658,-0.14477173192126658,1.0,-0.25925925925925924,0.23863352481276154,0.0014105902777777778,0.021242178114476835,156.0,0.25641025641025644,0.21794871794871798,0.5384615384615385,0.827851694412584
small_long,rotatable_xlink,r0018,0.9500000000000001,initial,-0.27023170731707313,0.3043663135194754,0.18255459006014563,-0.18255459006014563,1.0,-0.2549019607843137,0.23675491018960249,0.0014322916666666666,0.01124821770391135,164.0,0.21951219512195125,0.24390243902439024,0.5609756097560976,0.8486435100454808
small_long,rotatable_xlink,r0018,1.0,initial,-0.8665506172839507,0.17473015751488907,0.19877296998895919,-0.19877296998895919,1.0,-0.3333333333333333,0.3235705192916106,0.0016927083333333334,0.04321205200152878,162.0,0.17283950617283952,0.3086419753086421,0.6172839506172842,0.8079919206720655
small_long,rotatable_xlink,r0018,1.05,pulse_01,-0.7088068965517241,0.20472754438212926,0.029725962018990432,-0.029725962018990432,1.0,-0.2549019607843137,0.2663661497246076,0.0017578125,0.01834707428556277,174.0,0.21839080459770116,0.3218390804597702,0.6091954022988508,0.8450562433559593
small_long,rotatable_xlink,r0018,1.1,pulse_01,-0.7979847826086954,0.14968632152544095,0.0408481337288345,-0.0408481337288345,1.0,-0.2857142857142857,0.3486043807013209,0.0018229166666666667,0.012993851370973308,184.0,0.2065217391304348,0.35869565217391314,0.6304347826086958,0.8792270070735321
small_long,rotatable_xlink,r0018,1.15,pulse_01,-0.9538956989247311,0.2826906526079691,0.03636077995948265,-0.03636077995948265,1.0,-0.3,0.3037747240164509,0.0018446180555555555,0.011996856487982101,186.0,0.2258064516129032,0.3655913978494624,0.6236559139784944,0.8812179388493644
small_long,rotatable_xlink,r0018,1.2,pulse_01,-1.0161494623655913,0.07770518259754834,0.005123844557630652,0.005123844557630652,1.0,-0.2413793103448276,0.2883161800659886,0.001736111111111111,0.06615053535046726,186.0,0.2258064516129032,0.35483870967741926,0.6236559139784943,0.8702229376550155
small_long,rotatable_xlink,r0018,1.25,pulse_01,-0.9231526315789472,-0.11421255949483451,0.05541752207811399,0.05541752207811399,1.0,-0.23333333333333334,0.2544191951915961,0.0019097222222222222,0.040770856825030115,190.0,0.23157894736842105,0.35789473684210515,0.6105263157894738,0.8626998574959386
small_long,rotatable_xlink,r0018,1.3,pulse_01,-0.6836443298969074,0.322330323547729,0.030839699764876088,0.030839699764876088,1.0,-0.2727272727272727,0.280067130136525,0.0019314236111111112,0.11694823719935428,194.0,0.2474226804123711,0.3711340206185568,0.6082474226804124,0.838411244306694
small_long,rotatable_xlink,r0018,1.35,pulse_01,-0.7381144329896907,0.5874768637012912,0.03834480328213763,0.03834480328213763,1.0,-0.21311475409836064,0.26451144566159185,0.0017578125,0.05478793306031357,194.0,0.24742268041237114,0.3608247422680413,0.6185567010309276,0.8568170809934362
small_long,rotatable_xlink,r0018,1.4,pulse_01,-0.4535755102040816,0.6510579219096104,0.10594169121256748,0.10594169121256748,1.0,-0.20634920634920634,0.18238787371839704,0.0018663194444444445,0.019096348665300616,196.0,0.25510204081632654,0.31632653061224486,0.5918367346938774,0.8757868467735419
small_long,rotatable_xlink,r0018,1.45,pulse_01,-0.10246428571428574,0.7020549556930948,0.06291086682095517,0.06291086682095517,1.0,-0.1746031746031746,0.2052853271131312,0.0020399305555555557,0.010410613749420391,196.0,0.2653061224489796,0.2857142857142857,0.5612244897959183,0.8693305369392653
small_long,rotatable_xlink,r0018,1.5,pulse_01,-0.07611030927835054,0.7135216044061328,0.04743797123015874,0.04743797123015874,1.0,-0.13333333333333333,0.16604741706926054,0.0019097222222222222,0.004779452735654777,194.0,0.2680412371134021,0.288659793814433,0.5670103092783505,0.8741502872061818
small_long,rotatable_xlink,r0018,1.55,pulse_01,0.1821635416666667,0.7307316721070235,0.09023244737972508,0.09023244737972508,1.0,-0.10344827586206896,0.17450405563370402,0.0019097222222222222,0.005334148493910729,192.0,0.27083333333333337,0.26041666666666663,0.5625000000000001,0.8839369090040875
small_long,rotatable_xlink,r0018,1.6,pulse_01,0.465284375,0.6815167134426684,0.07177875680126,0.07177875680126,1.0,0.058823529411764705,0.16783001342388681,0.0018446180555555555,0.008252417354456717,192.0,0.27083333333333337,0.17708333333333331,0.5416666666666667,0.8595296185350111
small_long,rotatable_xlink,r0018,1.65,pulse_01,0.6128360824742267,0.6812171679802832,0.0002070715206185699,0.0002070715206185699,1.0,0.21739130434782608,0.20117133484436456,0.0018663194444444445,0.00825641027328002,194.0,0.2680412371134021,0.1546391752577319,0.5463917525773195,0.862946010289341
small_long,rotatable_xlink,r0018,1.7000000000000002,pulse_01,0.4665268041237114,0.6319782518029883,0.009039904621642466,0.009039904621642466,1.0,0.11538461538461539,0.2846357422332497,0.0018880208333333333,0.009055444044352434,194.0,0.2680412371134021,0.1958762886597938,0.5463917525773194,0.8741502872061817
small_long,rotatable_xlink,r0018,1.75,pulse_01,0.6670755102040815,0.6268845037141686,0.09372257346237463,0.09372257346237463,1.0,0.05660377358490566,0.15766438754725787,0.0019965277777777776,0.003805513072927813,196.0,0.2755102040816326,0.18367346938775508,0.5102040816326531,0.8691693463350714
small_long,rotatable_xlink,r0018,1.8,pulse_01,1.0288622448979592,0.6091451733654214,0.061199829931972816,0.061199829931972816,1.0,0.16,0.16358843249292745,0.0020399305555555557,0.010271820373337534,196.0,0.2857142857142857,0.13265306122448978,0.5102040816326531,0.838631509998167
small_long,rotatable_xlink,r0018,1.85,pulse_01,1.0342744897959184,0.5652535814741434,0.004145068027210892,-0.004145068027210892,1.0,0.11538461538461539,0.13193203676040718,0.0019097222222222222,0.010440331207013246,196.0,0.28571428571428575,0.13265306122448978,0.4999999999999999,0.8450878198324439
small_long,rotatable_xlink,r0018,1.9,pulse_01,1.0039918367346938,0.5465031861233419,0.009865136054421741,0.009865136054421741,1.0,0.16,0.16995590093601426,0.0018446180555555555,0.0006933153884042623,196.0,0.2857142857142857,0.14285714285714288,0.4999999999999999,0.8699606074502143
small_long,rotatable_xlink,r0018,1.9500000000000002,pulse_01,1.0934653061224489,0.5610936891437178,0.03717619047619051,0.03717619047619051,1.0,0.20833333333333334,0.11674672696517488,0.0019097222222222222,0.010821110894864205,196.0,0.2857142857142857,0.09183673469387756,0.4999999999999999,0.8460775367044072
small_long,rotatable_xlink,r0018,2.0,pulse_01,1.227048979591837,0.6114298514925272,0.04452789115646268,0.04452789115646268,1.0,0.3333333333333333,0.26361500007873273,0.0018012152777777779,0.016778720782936445,196.0,0.29591836734693877,0.07142857142857144,0.47959183673469397,0.8369294912845883
small_long,rotatable_xlink,r0018,2.05,pulse_02,1.5942509615384615,0.6168823397205766,0.007579487179487199,0.007579487179487199,1.0,0.5217391304347826,0.0985103708999694,0.002105034722222222,0.012315099512143601,208.0,0.3269230769230769,0.0673076923076923,0.3942307692307693,0.8680600835541632
small_long,rotatable_xlink,r0018,2.1,pulse_02,1.616989423076923,0.5799370411841458,0.03154771556058319,0.03154771556058319,1.0,0.48936170212765956,0.23495511451397225,0.0020833333333333333,0.006029136456174792,208.0,0.3269230769230769,0.0673076923076923,0.3846153846153846,0.8755958481549215
small_long,rotatable_xlink,r0018,2.15,pulse_02,1.7835372549019606,0.6530571584576254,0.021055030794369028,0.021055030794369028,1.0,0.5102040816326531,0.15931183336491653,0.001974826388888889,0.01620695551889667,204.0,0.35294117647058826,0.049019607843137254,0.36274509803921573,0.8718234970333809
small_long,rotatable_xlink,r0018,2.2,pulse_02,1.7433196078431372,0.6771787742975258,0.0017845499255807844,0.0017845499255807844,1.0,0.5416666666666666,0.11321120858841814,0.0020399305555555557,0.016401345299410564,204.0,0.34313725490196073,0.049019607843137254,0.35294117647058826,0.8545797265243581
small_long,rotatable_xlink,r0018,2.25,pulse_02,1.7942445544554453,0.7514652302540887,0.01800506535947714,0.01800506535947714,1.0,0.13333333333333333,0.10904121022081673,0.0019965277777777776,0.01601322645411457,202.0,0.3663366336633664,0.039603960396039604,0.3366336633663366,0.8452603707001192
small_long,rotatable_xlink,r0018,2.3,pulse_02,1.85135,0.7732581330222132,0.017510211797878816,0.017510211797878816,1.0,0.2,0.16850089845988564,0.0020616319444444445,0.014925508758353245,204.0,0.3921568627450981,0.058823529411764705,0.32352941176470595,0.8534296383341365
small_long,rotatable_xlink,r0018,2.35,pulse_02,1.8993058252427182,0.6619121777039693,0.01311901294498389,0.01311901294498389,1.0,0.21212121212121213,0.13832464053197682,0.001974826388888889,0.0236267235575624,206.0,0.3883495145631067,0.058252427184466014,0.3203883495145631,0.8513006864312883
small_long,rotatable_xlink,r0018,2.4,pulse_02,1.9300640776699034,0.6314977916768388,0.002267156771222245,-0.002267156771222245,1.0,0.21212121212121213,0.11841529012657209,0.0020616319444444445,0.020244621240315137,206.0,0.39805825242718434,0.058252427184466014,0.3203883495145631,0.8627939593864917
small_long,rotatable_xlink,r0018,2.45,pulse_02,1.8857028846153847,0.5404444502620784,0.005795775765496725,-0.005795775765496725,1.0,0.22388059701492538,0.1935065457695906,0.002018229166666667,0.019991188301665686,208.0,0.40384615384615385,0.05769230769230769,0.3365384615384615,0.8533454696318885
small_long,rotatable_xlink,r0018,2.5,pulse_02,1.895289423076923,0.5115506618668447,0.0019331730769230893,-0.0019331730769230893,1.0,0.23076923076923078,0.19483122703700878,0.001974826388888889,0.003155523123522926,208.0,0.40384615384615385,0.05769230769230769,0.3365384615384616,0.8591849872288176
small_long,rotatable_xlink,r0018,2.55,pulse_02,1.8741038461538462,0.559377589003216,0.011349519230769248,0.011349519230769248,1.0,0.22388059701492538,0.08346358653392516,0.002191840277777778,0.008552186797770164,208.0,0.40384615384615385,0.05769230769230769,0.3269230769230769,0.8671520710396422
small_long,rotatable_xlink,r0018,2.6,pulse_02,1.9633865384615385,0.5628637826534657,0.013694070512820492,0.013694070512820492,1.0,0.2727272727272727,0.11100137151280619,0.0020399305555555557,0.0004886051082745683,208.0,0.4038461538461539,0.057692307692307696,0.31730769230769246,0.848346148179045
small_long,rotatable_xlink,r0018,2.65,pulse_02,1.9562682692307691,0.5564459583535686,0.0034225961538461767,-0.0034225961538461767,1.0,0.19402985074626866,0.12352190862809563,0.002105034722222222,0.012499940502108675,208.0,0.4038461538461539,0.057692307692307696,0.3173076923076924,0.8686145151524781
small_long,rotatable_xlink,r0018,2.7,pulse_02,1.9428509615384615,0.48786413964081365,0.002988621794871804,0.002988621794871804,1.0,0.2,0.14846207745331674,0.0020399305555555557,0.003166572654903351,208.0,0.40384615384615385,0.05769230769230769,0.3365384615384615,0.8463248479385959
small_long,rotatable_xlink,r0018,2.75,pulse_02,1.9742,0.5374465224241485,0.006091025641025667,0.006091025641025667,1.0,0.19402985074626866,0.053550792852895955,0.002126736111111111,0.005879489102683368,208.0,0.40384615384615385,0.0673076923076923,0.326923076923077,0.8601707380371986
small_long,rotatable_xlink,r0018,2.8,pulse_02,1.9793971153846155,0.45258720502471345,0.001216025641025668,0.001216025641025668,1.0,0.21875,0.09169299187299042,0.002018229166666667,0.017854330062774537,208.0,0.40384615384615374,0.05769230769230769,0.3365384615384615,0.8461134873236491
small_long,rotatable_xlink,r0018,2.85,pulse_02,1.981496153846154,0.43032054204750125,0.011416025641025654,-0.011416025641025654,1.0,0.21875,0.08656069505505758,0.002105034722222222,0.0038770232056033935,208.0,0.40384615384615385,0.05769230769230769,0.3461538461538461,0.8511968835523168
small_long,rotatable_xlink,r0018,2.9,pulse_02,1.9109009615384616,0.4293250657910931,0.0079461227284043,-0.0079461227284043,1.0,0.21875,0.11955433384318817,0.002018229166666667,0.0020915164681032292,208.0,0.3942307692307692,0.057692307692307696,0.3461538461538462,0.8621281442796619
small_long,rotatable_xlink,r0018,2.95,pulse_02,1.9338194174757282,0.4428696408561206,0.01988088549522371,0.01988088549522371,1.0,0.25,0.11764103905328681,0.0019965277777777776,0.005710065464175795,206.0,0.39805825242718434,0.058252427184466014,0.33009708737864074,0.8881183967099918
small_long,rotatable_xlink,r0018,3.0,pulse_02,2.030186274509804,0.46358545857614786,0.03212228567802522,0.03212228567802522,1.0,0.1875,0.09325413602610376,0.001953125,0.00690527257334241,204.0,0.411764705882353,0.03921568627450981,0.30392156862745107,0.8517337299157621
small_long,rotatable_xlink,r0018,3.05,pulse_03,2.089425714285714,0.5640924397226847,0.010014285714285531,-0.010014285714285531,1.0,0.22388059701492538,0.082775579372056,0.0020399305555555557,0.029947759244483303,210.0,0.41904761904761906,0.047619047619047616,0.29523809523809524,0.8876456269132703
small_long,rotatable_xlink,r0018,3.1,pulse_03,2.0593828571428574,0.47424916198923484,0.0022039682539682173,-0.0022039682539682173,1.0,0.21212121212121213,0.10098235404141903,0.0020833333333333333,0.030463458108484432,210.0,0.4095238095238095,0.05714285714285714,0.3142857142857143,0.8725567816829476
small_long,rotatable_xlink,r0018,3.15,pulse_03,2.0762019047619047,0.38131169107177815,0.007430317460317489,-0.007430317460317489,1.0,0.24242424242424243,0.17944084392276505,0.002105034722222222,0.01098670785005429,210.0,0.40952380952380957,0.05714285714285714,0.29523809523809524,0.8637703437882328
small_long,rotatable_xlink,r0018,3.2,pulse_03,2.0148009523809525,0.4083289148889091,0.013663333333333397,-0.013663333333333397,1.0,0.24242424242424243,0.10793521744244146,0.0020833333333333333,0.004277387160675068,210.0,0.4,0.05714285714285714,0.30476190476190473,0.8628813888501852
small_long,rotatable_xlink,r0018,3.25,pulse_03,1.9942219047619043,0.40697601403582856,0.008661428571428598,-0.008661428571428598,1.0,0.24242424242424243,0.10909239291990527,0.001974826388888889,0.005385361548274912,210.0,0.4,0.05714285714285714,0.3047619047619048,0.8609078437628178
small_long,rotatable_xlink,r0018,3.3,pulse_03,1.9628323809523809,0.3760167455992596,0.006227460317460391,0.006227460317460391,1.0,0.19402985074626866,0.15165783950289569,0.002105034722222222,0.0030281955563151997,210.0,0.3904761904761906,0.05714285714285715,0.3238095238095239,0.8377910595918682
small_long,rotatable_xlink,r0018,3.35,pulse_03,2.0315866666666667,0.38880684069793736,0.01256396825396829,0.01256396825396829,1.0,0.23076923076923078,0.16202009510805696,0.0020399305555555557,0.0032956089773552113,210.0,0.39047619047619053,0.05714285714285714,0.3047619047619048,0.8654567121932091
small_long,rotatable_xlink,r0018,3.4,pulse_03,2.0382161904761906,0.35624309173512836,1.555555555558345e-05,-1.555555555558345e-05,1.0,0.23076923076923078,0.18032967737287575,0.0020616319444444445,0.0072026965325857435,210.0,0.4,0.05714285714285714,0.30476190476190484,0.8670315505471122
small_long,rotatable_xlink,r0018,3.45,pulse_03,2.031493333333333,0.4320230198934518,0.002527619047619112,-0.002527619047619112,1.0,0.25,0.10245565355058707,0.002105034722222222,0.014915240091438927,210.0,0.38095238095238093,0.05714285714285714,0.3142857142857142,0.8497798011526668
small_long,rotatable_xlink,r0018,3.5,pulse_03,2.023050476190476,0.4457345322837619,0.0017906349206349148,-0.0017906349206349148,1.0,0.17647058823529413,0.11552370027364378,0.0021484375,0.003383453469202019,210.0,0.3904761904761904,0.05714285714285714,0.3047619047619048,0.8893120067382926
small_long,rotatable_xlink,r0018,3.55,pulse_03,2.0207495238095237,0.4117222990782397,0.006474444444444449,0.006474444444444449,1.0,0.16417910447761194,0.09135618445103445,0.0019965277777777776,0.006743531085892744,210.0,0.39047619047619053,0.05714285714285714,0.30476190476190473,0.8486667063287461
small_long,rotatable_xlink,r0018,3.6,pulse_03,2.0618971428571427,0.40527334576840546,0.009830476190476242,0.009830476190476242,1.0,0.21212121212121213,0.09744990627786158,0.002170138888888889,0.006943817811187229,210.0,0.39999999999999997,0.05714285714285714,0.30476190476190473,0.837503882909477
small_long,rotatable_xlink,r0018,3.65,pulse_03,2.079732380952381,0.37005939221111633,0.002232698412698427,0.002232698412698427,1.0,0.21875,0.13671884420283595,0.0020833333333333333,0.00040939982013885046,210.0,0.4095238095238097,0.05714285714285715,0.29523809523809524,0.8522046799317767
small_long,rotatable_xlink,r0018,3.7,pulse_03,2.075293333333333,0.40281694684757235,0.006629058302808281,0.006629058302808281,1.0,0.20634920634920634,0.07023956546190757,0.0020833333333333333,0.0077353604975130275,210.0,0.3999999999999999,0.05714285714285714,0.30476190476190473,0.8668948184286354
small_long,rotatable_xlink,r0018,3.75,pulse_03,2.119506730769231,0.4164715551961945,0.0013766132478632749,-0.0013766132478632749,1.0,0.25,0.040285107439287204,0.001974826388888889,0.014895600842794177,208.0,0.4230769230769231,0.05769230769230769,0.28846153846153844,0.8729564733965964
small_long,rotatable_xlink,r0018,3.8,pulse_03,2.0670336538461536,0.4921905519043374,0.006424358974359039,-0.006424358974359039,1.0,0.23809523809523808,0.03159617216066799,0.002105034722222222,0.012750596499231928,208.0,0.41346153846153844,0.05769230769230769,0.2596153846153846,0.8669119316666846
small_long,rotatable_xlink,r0018,3.85,pulse_03,2.0809605769230766,0.49297513419158606,0.003607051282051262,-0.003607051282051262,1.0,0.21311475409836064,0.04550554142911768,0.0020833333333333333,0.005730990454267698,208.0,0.4134615384615385,0.06730769230769232,0.27884615384615385,0.8755958481549218
small_long,rotatable_xlink,r0018,3.9,pulse_03,2.045391346153846,0.4578046091787312,0.006519711538461499,-0.006519711538461499,1.0,0.22580645161290322,0.12062605158251155,0.001953125,0.020117111112213686,208.0,0.3942307692307693,0.06730769230769232,0.2884615384615385,0.8611318835384429
small_long,rotatable_xlink,r0018,3.95,pulse_03,2.0418423076923076,0.37227246751830395,0.0031671474358974105,-0.0031671474358974105,1.0,0.25806451612903225,0.07128153085616273,0.0018663194444444445,0.0176012023642781,208.0,0.4038461538461539,0.0673076923076923,0.28846153846153844,0.8733983025395007
small_long,rotatable_xlink,r0018,4.0,pulse_03,2.0263884615384615,0.35219739499306263,0.0051512820512820134,-0.0051512820512820134,1.0,0.25806451612903225,0.09699127988698648,0.0020399305555555557,0.006691690841747107,208.0,0.3942307692307692,0.0673076923076923,0.28846153846153844,0.8321115326279128
small_long,rotatable_xlink,r0018,4.05,pulse_04,2.130207476635514,0.4418277923635428,0.0036152647975078445,0.0036152647975078445,1.0,0.26153846153846155,0.15950463973115175,0.002126736111111111,0.026685382843338528,214.0,0.4112149532710281,0.06542056074766354,0.27102803738317754,0.8873998010763553
small_long,rotatable_xlink,r0018,4.1,pulse_04,2.1410532710280377,0.3617716438335272,0.00383785046728972,0.00383785046728972,1.0,0.23076923076923078,0.11142575769174903,0.0020616319444444445,0.031403199565268825,214.0,0.42990654205607487,0.06542056074766356,0.2710280373831776,0.8719301424330511
small_long,rotatable_xlink,r0018,4.15,pulse_04,2.1532345794392524,0.25340859497192986,0.0002727414330218429,-0.0002727414330218429,1.0,0.2537313432835821,0.07428583024860333,0.0021484375,0.021522275596270356,214.0,0.42990654205607476,0.06542056074766356,0.26168224299065423,0.8804665738664008
small_long,rotatable_xlink,r0018,4.2,pulse_04,2.1394168224299066,0.2326379902559051,0.006517601246105897,-0.006517601246105897,1.0,0.2835820895522388,0.04938631776938348,0.002126736111111111,0.0021894735335245413,214.0,0.42990654205607487,0.06542056074766356,0.26168224299065423,0.8741620638591777
small_long,rotatable_xlink,r0018,4.25,pulse_04,2.114128971962617,0.2402717537707826,0.012871962616822405,-0.012871962616822405,1.0,0.31343283582089554,0.07806052267850178,0.002105034722222222,0.006176342474364003,214.0,0.4299065420560747,0.07476635514018691,0.2616822429906542,0.8686400623942675
small_long,rotatable_xlink,r0018,4.3,pulse_04,2.062185046728972,0.2696960451020891,0.008396261682242981,-0.008396261682242981,1.0,0.3235294117647059,0.06755468777498458,0.0021484375,0.0199539879318503,214.0,0.4205607476635514,0.08411214953271029,0.2616822429906542,0.8699418427620905
small_long,rotatable_xlink,r0018,4.35,pulse_04,2.063751401869159,0.3599956813618844,0.0031099688473520772,-0.0031099688473520772,1.0,0.31343283582089554,0.03881545316661666,0.002126736111111111,0.03816640299956556,214.0,0.4299065420560749,0.08411214953271029,0.28971962616822433,0.871353068507135
small_long,rotatable_xlink,r0018,4.4,pulse_04,2.0435252336448597,0.49869446309948245,0.004510436137071657,-0.004510436137071657,1.0,0.31343283582089554,0.14048348920973697,0.002170138888888889,0.009933159466464087,214.0,0.4205607476635514,0.08411214953271029,0.2897196261682244,0.8664081409681411
small_long,rotatable_xlink,r0018,4.45,pulse_04,2.0366887850467292,0.41959463816066894,0.006068535825545229,0.006068535825545229,1.0,0.31343283582089554,0.06640571721299618,0.002105034722222222,0.02611505974451761,214.0,0.42990654205607476,0.08411214953271028,0.2990654205607477,0.8681011756071203
small_long,rotatable_xlink,r0018,4.5,pulse_04,2.079936448598131,0.3420041046323768,0.00199984423676014,0.00199984423676014,1.0,0.3235294117647059,0.08635126617702062,0.002105034722222222,0.010577372952126305,214.0,0.4299065420560747,0.08411214953271028,0.28037383177570097,0.8736231770720305
small_long,rotatable_xlink,r0018,4.55,pulse_04,2.04868785046729,0.3561304004479111,0.00377757009345799,-0.00377757009345799,1.0,0.3235294117647059,0.07031610105630277,0.002105034722222222,0.0068021442189129255,214.0,0.4150943396226416,0.0849056603773585,0.2830188679245283,0.8707500380495015
small_long,rotatable_xlink,r0018,4.6,pulse_04,2.057271028037383,0.38281696994585435,0.0017872274143302391,-0.0017872274143302391,1.0,0.3235294117647059,0.13101771268215223,0.0021484375,3.8201115672237274e-05,214.0,0.4205607476635514,0.08411214953271028,0.28037383177570085,0.8567898795222643
small_long,rotatable_xlink,r0018,4.65,pulse_04,2.0379644859813086,0.35635960714194453,0.005135514018691574,-0.005135514018691574,1.0,0.30303030303030304,0.01846413688896777,0.002170138888888889,0.013539750787989488,214.0,0.4112149532710281,0.08411214953271029,0.26168224299065423,0.862483184903035
small_long,rotatable_xlink,r0018,4.7,pulse_04,2.0264579439252337,0.3015784652179174,0.003838940809968827,-0.003838940809968827,1.0,0.3230769230769231,0.07500832321832412,0.002191840277777778,0.020600929734150317,214.0,0.42056074766355156,0.08411214953271029,0.2710280373831776,0.8694887299522949
small_long,rotatable_xlink,r0018,4.75,pulse_04,2.0149308411214957,0.23275402873704262,0.009529906542056099,-0.009529906542056099,1.0,0.3235294117647059,0.06561802683003294,0.0020616319444444445,0.02592119538069007,214.0,0.42056074766355156,0.08411214953271029,0.2710280373831776,0.8490359566312277
small_long,rotatable_xlink,r0018,4.8,pulse_04,1.9692785046728971,0.45710563750205785,0.0008489478633985451,0.0008489478633985451,1.0,0.3235294117647059,0.1113434195349088,0.002105034722222222,0.060577473182860574,214.0,0.4205607476635514,0.08411214953271028,0.2897196261682243,0.8699036556233213
small_long,rotatable_xlink,r0018,4.85,pulse_04,2.020024528301887,0.5962188678342061,0.025352471443406095,0.025352471443406095,1.0,0.3230769230769231,0.09039716599843559,0.0020616319444444445,0.010759035206870457,212.0,0.4245283018867926,0.07547169811320756,0.28301886792452835,0.8585380462193316
small_long,rotatable_xlink,r0018,4.9,pulse_04,2.1213933333333337,0.3925514262608351,0.011842102425875986,0.011842102425875986,1.0,0.4098360655737705,0.03889229849112675,0.002126736111111111,0.07778742439705043,210.0,0.42857142857142855,0.06666666666666667,0.2666666666666667,0.8436034674100944
small_long,rotatable_xlink,r0018,4.95,pulse_04,2.091077142857143,0.12949432145190357,0.006189047619047668,-0.006189047619047668,1.0,0.3870967741935484,0.019441780737069512,0.0019965277777777776,0.03754873041633713,210.0,0.42857142857142855,0.06666666666666667,0.2666666666666666,0.8411438078218665
small_long,rotatable_xlink,r0018,5.0,pulse_04,2.0842590476190477,0.16725904376281234,0.002272698412698393,-0.002272698412698393,1.0,0.42857142857142855,0.06391232100066412,0.0020616319444444445,0.012588240770302924,210.0,0.42857142857142866,0.06666666666666667,0.23809523809523805,0.8437191311648905
small_long,rotatable_xlink,r0018,5.05,pulse_05,2.2557736363636365,-0.22839072736512922,0.0009636363636364997,-0.0009636363636364997,1.0,0.4411764705882353,0.1442819714691815,0.0022135416666666666,0.010508097103845279,220.0,0.44036697247706413,0.07339449541284404,0.22935779816513757,0.8507882501001822
small_long,rotatable_xlink,r0018,5.1,pulse_05,2.252882727272727,-0.25991501867666505,0.0014706060606061537,-0.0014706060606061537,1.0,0.4411764705882353,0.09933066396880971,0.0022352430555555554,0.02071218339995733,220.0,0.4545454545454544,0.06363636363636364,0.23636363636363633,0.8649977996273683
small_long,rotatable_xlink,r0018,5.15,pulse_05,2.2469499999999996,-0.10411762696538523,0.0008334848484848519,-0.0008334848484848519,1.0,0.4411764705882353,0.04022643614752641,0.0022569444444444442,0.037345966619781616,220.0,0.44545454545454544,0.06363636363636363,0.23636363636363633,0.8579565114191661
small_long,rotatable_xlink,r0018,5.2,pulse_05,2.247881818181818,-0.03583921895797534,0.0014445454545453835,-0.0014445454545453835,1.0,0.5151515151515151,0.06384312814385605,0.002126736111111111,0.003161891482612677,220.0,0.4545454545454545,0.06363636363636363,0.23636363636363633,0.8473573147438953
small_long,rotatable_xlink,r0018,5.25,pulse_05,2.2382827272727273,-0.1230889758610613,0.00914984848484838,-0.00914984848484838,1.0,0.4925373134328358,0.059638122452973744,0.0022352430555555554,0.02263226348381296,220.0,0.4545454545454544,0.07272727272727274,0.23636363636363633,0.8375041512688359
small_long,rotatable_xlink,r0018,5.3,pulse_05,2.1929827272727276,0.09995436194490243,0.0032138879621907237,0.0032138879621907237,1.0,0.4626865671641791,0.05171487423413097,0.0022135416666666666,0.0422959525294558,220.0,0.4545454545454544,0.07272727272727272,0.22727272727272724,0.842982013197091
small_long,rotatable_xlink,r0018,5.35,pulse_05,2.2575660550458716,0.13068673931567354,0.019311675084175084,0.019311675084175084,1.0,0.5223880597014925,0.12024528256616832,0.002170138888888889,0.028796109681708027,218.0,0.44954128440366964,0.06422018348623852,0.22935779816513752,0.831179032460147
small_long,rotatable_xlink,r0018,5.4,pulse_05,2.308852777777778,0.2727310200351506,0.01752494761581147,0.01752494761581147,1.0,0.59375,0.02290424187202843,0.0022135416666666666,0.012836763595078288,216.0,0.4537037037037036,0.05555555555555556,0.23148148148148145,0.8258862972456124
small_long,rotatable_xlink,r0018,5.45,pulse_05,2.3627157407407404,0.20770732088614327,0.00028101851851839815,0.00028101851851839815,1.0,0.6190476190476191,0.17235332832822736,0.002105034722222222,0.02612546917374675,216.0,0.4537037037037036,0.055555555555555546,0.22222222222222218,0.8511295533248355
small_long,rotatable_xlink,r0018,5.5,pulse_05,2.3105388888888885,0.11597820499267009,0.011185339506172731,-0.011185339506172731,1.0,0.6129032258064516,0.08660717330617866,0.002105034722222222,0.000806301521732856,216.0,0.44444444444444436,0.05555555555555556,0.23148148148148145,0.8315607015113516
small_long,rotatable_xlink,r0018,5.55,pulse_05,2.295603703703704,0.20286951175574613,0.004849999999999873,-0.004849999999999873,1.0,0.5238095238095238,0.06295655465218453,0.0021484375,0.077289606125179,216.0,0.44444444444444436,0.05555555555555556,0.2407407407407407,0.8419879814017331
small_long,rotatable_xlink,r0018,5.6,pulse_05,2.2814388888888892,0.5797158417437441,0.00951199953847929,0.00951199953847929,1.0,0.48484848484848486,0.04000500371168945,0.0021484375,0.11577849280329855,216.0,0.4537037037037036,0.05555555555555556,0.22222222222222218,0.8449172330858032
small_long,rotatable_xlink,r0018,5.65,pulse_05,2.35267570093458,0.8975404685755375,0.03651222921034236,0.03651222921034236,1.0,0.5076923076923077,0.0915070051046254,0.002126736111111111,0.11975972784081917,214.0,0.45794392523364497,0.056074766355140186,0.21495327102803735,0.8480676284341548
small_long,rotatable_xlink,r0018,5.7,pulse_05,2.5005122641509434,1.2982742087886592,0.023625119026626635,0.023625119026626635,1.0,0.53125,0.083728046043674,0.002018229166666667,0.09086668626512029,212.0,0.46226415094339635,0.03773584905660378,0.21698113207547168,0.8634430408523103
small_long,rotatable_xlink,r0018,5.75,pulse_05,2.4944264150943396,1.4427405861662592,0.008891924228810947,0.008891924228810947,1.0,0.5238095238095238,0.0579528822836021,0.002018229166666667,0.02982532702064533,212.0,0.46226415094339623,0.03773584905660378,0.20754716981132076,0.8321494011041831
small_long,rotatable_xlink,r0018,5.8,pulse_05,2.553863809523809,1.1193222466647872,0.0046618628331835206,-0.0046618628331835206,1.0,0.5238095238095238,0.10231040828200126,0.0020616319444444445,0.19742583749865558,210.0,0.4666666666666666,0.047619047619047616,0.20952380952380958,0.8204866832391444
small_long,rotatable_xlink,r0018,5.85,pulse_05,2.4664552380952385,0.25818556117432584,0.009864285714285584,-0.009864285714285584,1.0,0.5555555555555556,0.09952911378900361,0.002018229166666667,0.2635115267300174,210.0,0.4666666666666666,0.047619047619047616,0.20952380952380953,0.8571563887993551
small_long,rotatable_xlink,r0018,5.9,pulse_05,2.4946780952380956,-0.46174691371531695,0.004989206349206225,0.004989206349206225,1.0,0.5483870967741935,0.06383355118347318,0.0020833333333333333,0.11965227839833299,210.0,0.4666666666666667,0.04761904761904762,0.2095238095238096,0.849566319792235
small_long,rotatable_xlink,r0018,5.95,pulse_05,2.496390476190476,0.9760992315643238,0.005082857142857167,-0.005082857142857167,1.0,0.5555555555555556,0.09119473596325384,0.0021484375,0.1678254263096913,210.0,0.4666666666666666,0.047619047619047616,0.20952380952380958,0.8444050145807458
small_long,rotatable_xlink,r0018,6.0,pulse_05,2.4641809523809526,0.5452056441428308,0.010736507936507747,-0.010736507936507747,1.0,0.5483870967741935,0.08841593112534438,0.0020399305555555557,0.14363119580716432,210.0,0.4571428571428572,0.04761904761904762,0.23809523809523814,0.8560191716917576
small_long,rotatable_xlink,r0018,6.05,pulse_06,2.5444214953271036,-2.590395877726683,0.0009180685358252857,0.0009180685358252857,1.0,0.5625,0.06150332403636707,0.0020616319444444445,0.03185775810671313,214.0,0.46728971962616817,0.04672897196261682,0.205607476635514,0.8487065608987102
small_long,rotatable_xlink,r0018,6.1,pulse_06,2.5471757009345795,-2.6859691520468223,0.004968224299065627,-0.004968224299065627,1.0,0.5625,0.09786669510971396,0.0020616319444444445,0.4295509497642267,214.0,0.4672897196261682,0.04672897196261682,0.21495327102803735,0.8505090409149111
small_long,rotatable_xlink,r0018,6.15,pulse_06,2.51461214953271,-0.013090179141322924,0.010078971962616867,-0.010078971962616867,1.0,0.5873015873015873,0.07701541917733656,0.002126736111111111,0.6945865624020624,214.0,0.46728971962616833,0.04672897196261683,0.21495327102803738,0.8562746641349872
small_long,rotatable_xlink,r0018,6.2,pulse_06,2.4867018691588783,1.4815502223655523,0.00944127725856688,-0.00944127725856688,1.0,0.5384615384615384,0.11597646658130477,0.002105034722222222,0.1399422102073441,214.0,0.4672897196261682,0.04672897196261683,0.21495327102803738,0.8522020755538907
small_long,rotatable_xlink,r0018,6.25,pulse_06,2.4579644859813086,-0.8527434403853875,0.011853426791277247,-0.011853426791277247,1.0,0.5625,0.1071356768644532,0.0021484375,0.0048734825466931015,214.0,0.46728971962616817,0.04672897196261683,0.20560747663551404,0.8522919059694748
small_long,rotatable_xlink,r0018,6.3,pulse_06,2.4155813084112148,1.4523093270853937,0.003077570093457919,-0.003077570093457919,1.0,0.5625,0.058184714294156344,0.0020399305555555557,0.39089826754344864,214.0,0.45794392523364497,0.04672897196261682,0.205607476635514,0.8563986252511078
small_long,rotatable_xlink,r0018,6.35,pulse_06,2.439499065420561,1.4926461648753042,0.002190498442367591,0.002190498442367591,1.0,0.5806451612903226,0.12355714651498559,0.0022135416666666666,0.3875506253484596,214.0,0.45794392523364497,0.056074766355140186,0.205607476635514,0.8687876949102581
small_long,rotatable_xlink,r0018,6.4,pulse_06,2.4287242990654203,-2.505572228003435,0.0050447040498443245,-0.0050447040498443245,1.0,0.5806451612903226,0.00759517054997913,0.0021484375,0.35799552153872055,214.0,0.457943925233645,0.06542056074766356,0.21495327102803738,0.8573287663094116
small_long,rotatable_xlink,r0018,6.45,pulse_06,2.409230841121495,-2.6425660130719586,0.008363862928348972,-0.008363862928348972,1.0,0.5806451612903226,0.04571648429550452,0.002170138888888889,0.5131454265758918,214.0,0.45794392523364486,0.06542056074766354,0.205607476635514,0.8554880991544414
small_long,rotatable_xlink,r0018,6.5,pulse_06,2.3785411214953265,0.6987405197208004,0.00624221183800618,-0.00624221183800618,1.0,0.5806451612903226,0.06934550369060072,0.002126736111111111,0.4686273156962646,214.0,0.457943925233645,0.07476635514018692,0.20560747663551404,0.8670946602712788
small_long,rotatable_xlink,r0018,6.55,pulse_06,2.371777570093458,0.8288553999300401,0.0002906542056075878,0.0002906542056075878,1.0,0.5555555555555556,0.11399749938803205,0.0022352430555555554,0.174920200322319,214.0,0.44859813084112155,0.07476635514018692,0.22429906542056077,0.8631562480681266
small_long,rotatable_xlink,r0018,6.6,pulse_06,2.380285046728972,1.7482617216547145,0.013695562217128124,0.013695562217128124,1.0,0.5692307692307692,0.19796415394789024,0.002191840277777778,0.43129774971444057,214.0,0.45794392523364486,0.06542056074766354,0.2616822429906542,0.8442045309076879
small_long,rotatable_xlink,r0018,6.65,pulse_06,2.4539509433962268,-2.8665434089629027,0.008998561394227908,0.008998561394227908,1.0,0.53125,0.06520819750122639,0.001953125,0.4860202665890187,212.0,0.45714285714285713,0.06666666666666667,0.24761904761904763,0.8580801245465208
small_long,rotatable_xlink,r0018,6.7,pulse_06,2.4342764150943395,-1.6188019859907594,0.009319968553459216,-0.009319968553459216,1.0,0.5873015873015873,0.044108534814144194,0.002126736111111111,0.628516978552518,212.0,0.4716981132075473,0.0660377358490566,0.24528301886792453,0.8497959518533569
small_long,rotatable_xlink,r0018,6.75,pulse_06,2.3980311320754715,0.9045584623522049,0.0008327044025156679,0.0008327044025156679,1.0,0.5555555555555556,0.07510033910049009,0.0021484375,0.3849319713935813,212.0,0.46226415094339623,0.0660377358490566,0.25471698113207547,0.8643860515327763
small_long,rotatable_xlink,r0018,6.8,pulse_06,2.4392726415094335,0.6907898423707288,0.002205345911949689,0.002205345911949689,1.0,0.6,0.03791061014600179,0.0021484375,0.26608359881376425,212.0,0.4716981132075473,0.06603773584905662,0.2641509433962264,0.8518760091514556
small_long,rotatable_xlink,r0018,6.85,pulse_06,2.4112632075471696,-0.6919431305303803,0.007017452830188582,-0.007017452830188582,1.0,0.6,0.07191175465994917,0.0020399305555555557,0.20924565180283805,212.0,0.4716981132075473,0.06603773584905662,0.25471698113207547,0.8468499786643826
small_long,rotatable_xlink,r0018,6.9,pulse_06,2.397167924528302,-0.5646840684462998,0.0022167669961066228,0.0022167669961066228,1.0,0.5625,0.09378899583055328,0.0020399305555555557,0.0005072997421836275,212.0,0.45283018867924535,0.07547169811320756,0.24528301886792453,0.8798911724711805
small_long,rotatable_xlink,r0018,6.95,pulse_06,2.4245638095238093,-0.6888993320772788,0.003701377657981434,0.003701377657981434,1.0,0.59375,0.03636602016475311,0.002170138888888889,0.06673615621379432,210.0,0.45714285714285713,0.07619047619047618,0.24761904761904757,0.8710449801255624
small_long,rotatable_xlink,r0018,7.0,pulse_06,2.4193761904761906,-0.9651010057290662,0.0017292063492062582,-0.0017292063492062582,1.0,0.6451612903225806,0.012407454494734276,0.002126736111111111,0.09206722455059572,210.0,0.4666666666666668,0.06666666666666667,0.21904761904761902,0.8663845816440977
small_long,rotatable_xlink,r0018,7.05,pulse_07,2.4849083333333333,-0.4658238527853856,0.0067734567901235705,0.0067734567901235705,1.0,0.65625,0.043895072898509704,0.002170138888888889,0.030198265277419922,216.0,0.4814814814814814,0.06481481481481481,0.22222222222222218,0.8747476658997966
small_long,rotatable_xlink,r0018,7.1,pulse_07,2.505228703703704,-0.3752290569531258,0.0053299195223259765,0.0053299195223259765,1.0,0.65625,0.07618267898538002,0.0021484375,0.06251125201947347,216.0,0.47222222222222215,0.06481481481481481,0.22222222222222218,0.8672690710351072
small_long,rotatable_xlink,r0018,7.15,pulse_07,2.516887850467289,-0.8408913649022264,0.0030019138686972666,0.0030019138686972666,1.0,0.6875,0.04133273035282651,0.002191840277777778,0.05172017066130602,214.0,0.4766355140186917,0.05607476635514019,0.21495327102803738,0.8635991456160982
small_long,rotatable_xlink,r0018,7.2,pulse_07,2.5232401869158876,-0.6855500809209619,0.002477570093457837,-0.002477570093457837,1.0,0.6307692307692307,0.07857411056980368,0.0022352430555555554,0.030664764430225273,214.0,0.4672897196261682,0.056074766355140186,0.205607476635514,0.8546198166347768
small_long,rotatable_xlink,r0018,7.25,pulse_07,2.502022429906542,-0.6569027783208747,0.012880062305295814,-0.012880062305295814,1.0,0.6119402985074627,0.11217018908241508,0.002126736111111111,0.0018289382194066432,214.0,0.4672897196261682,0.056074766355140186,0.19626168224299065,0.8421780440979583
small_long,rotatable_xlink,r0018,7.3,pulse_07,2.4459598130841127,-0.6965237102374018,0.014207632398753889,-0.014207632398753889,1.0,0.5806451612903226,0.1015441574972317,0.002191840277777778,0.017534722143506393,214.0,0.4579439252336449,0.05607476635514019,0.23364485981308417,0.8737326224492521
small_long,rotatable_xlink,r0018,7.35,pulse_07,2.416776635514019,-0.5516944454598364,0.013510156938811413,0.013510156938811413,1.0,0.5737704918032787,0.12280403728186075,0.002170138888888889,0.22929507225627085,214.0,0.45794392523364486,0.056074766355140186,0.21495327102803735,0.8582011052673088
small_long,rotatable_xlink,r0018,7.4,pulse_07,2.527020754716981,-2.072294143775027,0.02103046640804096,0.02103046640804096,1.0,0.5081967213114754,0.03553901615600003,0.0020616319444444445,0.2372171861541783,212.0,0.45283018867924535,0.04716981132075472,0.18867924528301885,0.8371304209296647
small_long,rotatable_xlink,r0018,7.45,pulse_07,2.5429594339622645,-1.9749975623849063,0.002878773584905625,0.002878773584905625,1.0,0.47540983606557374,0.10864575885101764,0.002126736111111111,0.11650951443522113,212.0,0.45283018867924535,0.04716981132075472,0.1792452830188679,0.8278788086272055
small_long,rotatable_xlink,r0018,7.5,pulse_07,2.544293396226415,-2.7713512303863537,0.0015481132075470712,0.0015481132075470712,1.0,0.41935483870967744,0.07506851567965588,0.002018229166666667,0.1069494156917119,212.0,0.45283018867924535,0.05660377358490566,0.18867924528301885,0.8497479160823351
small_long,rotatable_xlink,r0018,7.55,pulse_07,2.552248113207547,-2.6166940565351777,0.003927515723270473,0.003927515723270473,1.0,0.4098360655737705,0.05718480655448367,0.002105034722222222,0.08296132196610895,212.0,0.4716981132075473,0.05660377358490566,0.1792452830188679,0.856833134261974
small_long,rotatable_xlink,r0018,7.6,pulse_07,2.5678584905660378,-2.2735832985897,3.1289308176048657e-05,3.1289308176048657e-05,1.0,0.4098360655737705,0.064249565502499,0.002170138888888889,0.14094227500142265,212.0,0.4716981132075473,0.05660377358490566,0.1792452830188679,0.8547394938811308
small_long,rotatable_xlink,r0018,7.65,pulse_07,2.5524358490566033,-1.7710404065266419,0.007538207547169791,-0.007538207547169791,1.0,0.42857142857142855,0.07935265962734726,0.002105034722222222,0.30694571644842705,212.0,0.4716981132075472,0.05660377358490566,0.18867924528301885,0.8476439640692732
small_long,rotatable_xlink,r0018,7.7,pulse_07,2.522629245283019,-0.4319089998991377,0.0019655660377357886,-0.0019655660377357886,1.0,0.4603174603174603,0.07192342779683705,0.0021484375,0.1483014536018618,212.0,0.46226415094339635,0.05660377358490566,0.1981132075471698,0.8571414964453433
small_long,rotatable_xlink,r0018,7.75,pulse_07,2.5406424528301885,-0.881231684915471,0.0034550314465408385,-0.0034550314465408385,1.0,0.5081967213114754,0.059784449824700214,0.002170138888888889,0.05630508855789443,212.0,0.45283018867924535,0.05660377358490566,0.1792452830188679,0.8521499186465477
small_long,rotatable_xlink,r0018,7.8,pulse_07,2.501899056603774,-0.7697395312465043,0.004998899371069158,-0.004998899371069158,1.0,0.5483870967741935,0.08651697700029096,0.002170138888888889,0.052067871035571034,212.0,0.46226415094339635,0.05660377358490567,0.1792452830188679,0.8616756867851945
small_long,rotatable_xlink,r0018,7.85,pulse_07,2.5106490566037736,-1.1936389111288972,0.0007267295597482478,0.0007267295597482478,1.0,0.5483870967741935,0.08274977773595865,0.0020616319444444445,0.02601799042049759,212.0,0.45714285714285713,0.05714285714285714,0.1904761904761905,0.8426408171500878
small_long,rotatable_xlink,r0018,7.9,pulse_07,2.5062594339622635,-0.9258474737694898,0.003599056603773576,-0.003599056603773576,1.0,0.5,0.07239551036468798,0.0020833333333333333,0.06059021628978384,212.0,0.45283018867924546,0.04716981132075472,0.18867924528301885,0.8586629304388483
small_long,rotatable_xlink,r0018,7.95,pulse_07,2.489054716981132,-0.8300976133901942,0.010661792452830129,-0.010661792452830129,1.0,0.5172413793103449,0.08931810369801091,0.002018229166666667,0.03812421712979306,212.0,0.4433962264150944,0.05660377358490566,0.18867924528301885,0.8491029559530199
small_long,rotatable_xlink,r0018,8.0,pulse_07,2.4422886792452827,-0.6971021709907315,0.01558867924528314,-0.01558867924528314,1.0,0.5172413793103449,0.17826555292222396,0.0020833333333333333,0.044331814133154235,212.0,0.46226415094339623,0.05660377358490566,0.1981132075471698,0.8683094880904938
small_long,rotatable_xlink,r0019,0.0,initial,0.4613823529411763,-2.9874557614409345,0.13026042780748676,0.13026042780748676,1.0,0.0,0.0,0.0003689236111111111,0.0027616897708990784,34.0,0.29411764705882354,0.29411764705882354,0.47058823529411764,0.646553200210539
small_long,rotatable_xlink,r0019,0.05,initial,0.8521636363636366,-2.9791706921282373,0.05798627450980392,0.05798627450980392,1.0,0.14285714285714285,0.30951120113199787,0.0004557291666666667,0.00627670798653801,44.0,0.2727272727272727,0.22727272727272724,0.40909090909090906,0.6424435909047048
small_long,rotatable_xlink,r0019,0.1,initial,0.8092999999999998,-3.0251160093601626,0.0547998877665544,0.0547998877665544,1.0,0.2,0.12319298278171881,0.0005208333333333333,0.013504239627297743,50.0,0.27999999999999997,0.2,0.36,0.6966001706561942
small_long,rotatable_xlink,r0019,0.15000000000000002,initial,1.180962962962963,-3.0601961298920237,0.16574545454545456,0.16574545454545456,1.0,0.25,0.415315990827529,0.0004991319444444444,0.04080680245084404,54.0,0.3333333333333333,0.18518518518518517,0.33333333333333326,0.6935411263754997
small_long,rotatable_xlink,r0019,0.2,initial,1.803772727272727,3.0132284831143594,0.11834097676107484,0.11834097676107484,1.0,0.42857142857142855,0.20969843349586073,0.0006944444444444445,0.023726230136440634,66.0,0.4242424242424243,0.15151515151515152,0.27272727272727276,0.7367819290187041
small_long,rotatable_xlink,r0019,0.25,initial,1.891008823529412,3.0806317964689187,0.12186746212121218,0.12186746212121218,1.0,0.45454545454545453,0.19667316700948997,0.0006727430555555556,0.014215075774458574,68.0,0.411764705882353,0.14705882352941177,0.2647058823529412,0.7174786607616787
small_long,rotatable_xlink,r0019,0.30000000000000004,initial,2.5349775,2.927938028467608,0.11143860877684397,0.11143860877684397,1.0,0.5555555555555556,0.207737989730619,0.0008680555555555555,0.04122796249396451,80.0,0.525,0.125,0.225,0.7883961419633946
small_long,rotatable_xlink,r0019,0.35000000000000003,initial,2.559640476190476,2.8332640215051317,0.010928032945736485,-0.010928032945736485,1.0,0.5555555555555556,0.1481323130418927,0.00078125,0.026353654041161818,84.0,0.5,0.11904761904761904,0.21428571428571427,0.7672555451770582
small_long,rotatable_xlink,r0019,0.4,initial,2.469409302325581,2.769816104220637,0.021541973304473272,-0.021541973304473272,1.0,0.5862068965517241,0.08423234990282426,0.0008680555555555555,0.008723738716408747,86.0,0.5116279069767442,0.11627906976744187,0.20930232558139536,0.7690644697048865
small_long,rotatable_xlink,r0019,0.45,initial,2.4303886363636362,2.780921589206679,0.04932548664944022,0.04932548664944022,1.0,0.6129032258064516,0.05501415332338664,0.0008246527777777778,0.008675587496625411,88.0,0.5000000000000001,0.11363636363636362,0.20454545454545453,0.7988608275425775
small_long,rotatable_xlink,r0019,0.5,initial,2.7653622222222225,2.8218696292003895,0.10124589393939402,0.10124589393939402,1.0,0.625,0.18712647412946803,0.0008463541666666667,0.024289751161750733,90.0,0.5333333333333334,0.08888888888888888,0.22222222222222224,0.7763761080244027
small_long,rotatable_xlink,r0019,0.55,initial,3.0378640000000003,2.635183082236175,0.07660341168091171,0.07660341168091171,1.0,0.6571428571428571,0.1201582983295295,0.0009548611111111111,0.024101369543199747,100.0,0.5800000000000001,0.08,0.18,0.7915079252200635
small_long,rotatable_xlink,r0019,0.6000000000000001,initial,3.2249826923076927,2.677261411941191,0.04252729629629622,0.04252729629629622,1.0,0.7222222222222222,0.16755054969041902,0.0009548611111111111,0.005696552356549829,104.0,0.576923076923077,0.07692307692307693,0.15384615384615385,0.7852953638938789
small_long,rotatable_xlink,r0019,0.65,initial,3.2930277777777777,2.669362396375474,0.026937972334682907,0.026937972334682907,1.0,0.7,0.018138829934214815,0.0010850694444444445,0.0008799578640785732,108.0,0.5925925925925924,0.07407407407407407,0.18518518518518517,0.7828546692917495
small_long,rotatable_xlink,r0019,0.7000000000000001,initial,3.38661052631579,2.6719816647567196,0.040049239417989435,0.040049239417989435,1.0,0.7142857142857143,0.026695846063004805,0.0010416666666666667,0.005837039996545057,114.0,0.6140350877192982,0.07017543859649122,0.17543859649122806,0.8122668888001088
small_long,rotatable_xlink,r0019,0.75,initial,3.5333232142857143,2.704384636354744,0.048041465953018024,0.048041465953018024,1.0,0.7619047619047619,0.06464824470030676,0.0009548611111111111,0.008177366313522505,112.0,0.6428571428571428,0.05357142857142857,0.125,0.7957057686548744
small_long,rotatable_xlink,r0019,0.8,initial,3.6748593220338983,2.6229174668755846,0.06888180803571431,0.06888180803571431,1.0,0.7777777777777778,0.1293968234180953,0.001171875,0.017552868599467548,118.0,0.6610169491525424,0.05084745762711864,0.15254237288135591,0.7983826038125583
small_long,rotatable_xlink,r0019,0.8500000000000001,initial,3.9466140625,2.599067424757939,0.03641395914819645,0.03641395914819645,1.0,0.7959183673469388,0.20058961014183163,0.0012369791666666666,0.00928326895460955,128.0,0.6875,0.046875,0.140625,0.801094846367949
small_long,rotatable_xlink,r0019,0.9,initial,3.893343076923077,2.5672178531479273,0.0024501815025252207,0.0024501815025252207,1.0,0.8367346938775511,0.07142815359317754,0.001171875,5.147424360677869e-05,130.0,0.676923076923077,0.04615384615384615,0.13846153846153844,0.7803362312025827
small_long,rotatable_xlink,r0019,0.9500000000000001,initial,3.9613151515151515,2.598758579296298,0.015893318025258212,0.015893318025258212,1.0,0.84,0.11431428784253182,0.0013020833333333333,0.007975399389926974,132.0,0.6818181818181819,0.06060606060606061,0.13636363636363638,0.7759637699501459
small_long,rotatable_xlink,r0019,1.0,initial,3.9887029850746263,2.615070249487489,0.009129277853158277,0.009129277853158277,1.0,0.8431372549019608,0.15905803257608572,0.0012586805555555556,0.005437223397063651,134.0,0.6818181818181819,0.06060606060606061,0.13636363636363638,0.7781745178742587
small_long,rotatable_xlink,r0019,1.05,pulse_01,4.1429689189189185,2.7045688909203434,0.051689915915916394,0.051689915915916394,1.0,0.8596491228070176,0.20342476452029196,0.001388888888888889,0.0011681215812711088,148.0,0.7027027027027025,0.05405405405405404,0.1216216216216216,0.7597845349258291
small_long,rotatable_xlink,r0019,1.1,pulse_01,4.298038666666668,2.70106452617653,0.053379966504966646,0.053379966504966646,1.0,0.8305084745762712,0.14893711717267105,0.0013237847222222223,0.011794855438728602,150.0,0.72,0.04,0.10666666666666666,0.7724806805776359
small_long,rotatable_xlink,r0019,1.15,pulse_01,4.463248717948718,2.6337997582879717,0.025127099859352835,0.025127099859352835,1.0,0.8387096774193549,0.1026781659824998,0.0015190972222222222,0.021012371377324257,156.0,0.7307692307692308,0.03846153846153847,0.10256410256410257,0.7706317617905075
small_long,rotatable_xlink,r0019,1.2,pulse_01,4.448801265822785,2.5749902979125845,0.006211284215081807,-0.006211284215081807,1.0,0.8387096774193549,0.049845257003950365,0.0015190972222222222,0.006491288320772097,158.0,0.7307692307692306,0.038461538461538464,0.10256410256410256,0.755179928437848
small_long,rotatable_xlink,r0019,1.25,pulse_01,4.4259810126582275,2.594852028363339,0.004652502637130833,-0.004652502637130833,1.0,0.8095238095238095,0.06660235850508768,0.0014322916666666666,0.0013917526060523617,158.0,0.721518987341772,0.03797468354430379,0.10126582278481011,0.7279470472680438
small_long,rotatable_xlink,r0019,1.3,pulse_01,4.42088625,2.5833408135488987,0.006230991821638702,-0.006230991821638702,1.0,0.8412698412698413,0.07334112348120259,0.0014756944444444444,0.002524472661652233,160.0,0.725,0.0375,0.1,0.7513642118463251
small_long,rotatable_xlink,r0019,1.35,pulse_01,4.388595061728395,2.6099988643332526,0.0008149422690763389,0.0008149422690763389,1.0,0.8095238095238095,0.1272525337375688,0.001540798611111111,0.0023293127983517645,162.0,0.7283950617283951,0.037037037037037035,0.11111111111111109,0.7501379248954417
small_long,rotatable_xlink,r0019,1.4,pulse_01,4.425775903614458,2.569364936758788,0.01067331300510673,0.01067331300510673,1.0,0.8153846153846154,0.08277690362110825,0.0016276041666666667,0.010770655993853925,166.0,0.7195121951219512,0.036585365853658534,0.1097560975609756,0.7519244728388517
small_long,rotatable_xlink,r0019,1.45,pulse_01,4.452634939759036,2.545374928370129,0.013403434668908107,0.013403434668908107,1.0,0.8181818181818182,0.08847651974658356,0.0014756944444444444,0.010531072116184278,166.0,0.7195121951219512,0.036585365853658534,0.09756097560975609,0.7362498456366866
small_long,rotatable_xlink,r0019,1.5,pulse_01,4.506196511627906,2.6325513694558937,0.02374868651074887,0.02374868651074887,1.0,0.8529411764705882,0.1086842839967424,0.0016710069444444444,0.011862773578538746,172.0,0.7325581395348839,0.03488372093023256,0.10465116279069768,0.7407043186198582
small_long,rotatable_xlink,r0019,1.55,pulse_01,4.595127058823529,2.6165515698413615,0.010604895120839212,0.010604895120839212,1.0,0.8823529411764706,0.12884510320557138,0.0014973958333333334,0.0002939660547204663,170.0,0.7529411764705882,0.023529411764705882,0.09411764705882354,0.7351622101590713
small_long,rotatable_xlink,r0019,1.6,pulse_01,4.569825882352942,2.630787573127571,0.007569069190894802,-0.007569069190894802,1.0,0.8823529411764706,0.08719269486010114,0.0016493055555555556,0.002407238695873337,170.0,0.7529411764705882,0.023529411764705882,0.10588235294117647,0.7481225852699025
small_long,rotatable_xlink,r0019,1.65,pulse_01,4.54971264367816,2.6309950020166015,0.012767333784088416,0.012767333784088416,1.0,0.8857142857142857,0.08950443514748431,0.0016710069444444444,0.001110333135589429,174.0,0.7471264367816092,0.022988505747126436,0.10344827586206895,0.730248319854381
small_long,rotatable_xlink,r0019,1.7000000000000002,pulse_01,4.646429885057472,2.6241255743140344,0.006878544061302764,0.006878544061302764,1.0,0.8857142857142857,0.11128285607932502,0.0016927083333333334,0.006036900718046893,174.0,0.7586206896551725,0.01149425287356322,0.08045977011494253,0.7517108226431349
small_long,rotatable_xlink,r0019,1.75,pulse_01,4.590983908045977,2.59477359770832,0.007113314176245389,-0.007113314176245389,1.0,0.8857142857142857,0.07377058375897694,0.001584201388888889,0.008213606521562852,174.0,0.7586206896551725,0.01149425287356322,0.10344827586206898,0.7370056448896501
small_long,rotatable_xlink,r0019,1.8,pulse_01,4.60375,2.5748439351846573,0.003003872314779018,-0.003003872314779018,1.0,0.8840579710144928,0.11958794947210086,0.0016059027777777777,3.5401860074335545e-05,176.0,0.7586206896551724,0.01149425287356322,0.09195402298850575,0.7642004663467489
small_long,rotatable_xlink,r0019,1.85,pulse_01,4.572960674157303,2.594986008868766,0.010366481481481523,-0.010366481481481523,1.0,0.8873239436619719,0.12148193620776317,0.0016276041666666667,0.0026241114379289185,178.0,0.7640449438202248,0.011235955056179775,0.08988764044943823,0.7513082406262326
small_long,rotatable_xlink,r0019,1.9,pulse_01,4.541551111111111,2.5905886038122308,0.006470918220356244,-0.006470918220356244,1.0,0.8904109589041096,0.09461563300951963,0.0016276041666666667,0.0030837417157219735,180.0,0.7666666666666668,0.01111111111111111,0.1,0.7559482526677411
small_long,rotatable_xlink,r0019,1.9500000000000002,pulse_01,4.534135164835165,2.5764835585744343,0.018058518518518696,0.018058518518518696,1.0,0.8933333333333333,0.0666935521494683,0.001736111111111111,0.014515640801266624,182.0,0.7802197802197803,0.010989010989010988,0.09890109890109891,0.7613415120842799
small_long,rotatable_xlink,r0019,2.0,pulse_01,4.649902222222223,2.503494759004631,0.03858901912901924,0.03858901912901924,1.0,0.6438356164383562,0.09397300244599427,0.0016276041666666667,0.024329599856601103,180.0,0.7752808988764046,0.0,0.101123595505618,0.7723297490546186
small_long,rotatable_xlink,r0019,2.05,pulse_02,4.564390322580645,2.5399532232938316,0.007586738351254378,-0.007586738351254378,1.0,0.6578947368421053,0.114922499007057,0.0016276041666666667,0.0048317208544286965,186.0,0.7634408602150538,0.0,0.08602150537634409,0.7686656771655006
small_long,rotatable_xlink,r0019,2.1,pulse_02,4.541630107526882,2.5544483858571176,0.015540860215053817,-0.015540860215053817,1.0,0.7066666666666667,0.1479274063758986,0.0018229166666666667,0.00488232438410785,186.0,0.7634408602150539,0.0,0.0860215053763441,0.7668164632859932
small_long,rotatable_xlink,r0019,2.15,pulse_02,4.471145161290322,2.5692471695984787,0.007624193548387244,-0.007624193548387244,1.0,0.6666666666666666,0.10258498809607891,0.0016276041666666667,0.003086722642636097,186.0,0.7634408602150536,0.0,0.0860215053763441,0.7679103146291193
small_long,rotatable_xlink,r0019,2.2,pulse_02,4.495884946236559,2.5729687217129342,0.008234849004804534,0.008234849004804534,1.0,0.6533333333333333,0.12043863291377972,0.0017144097222222222,0.001403073783541246,186.0,0.7741935483870966,0.0,0.08602150537634409,0.7792773098639983
small_long,rotatable_xlink,r0019,2.25,pulse_02,4.52055425531915,2.560828726897231,0.0009035727903607219,0.0009035727903607219,1.0,0.6363636363636364,0.14366706871082316,0.0016927083333333334,0.004239732719236944,188.0,0.7765957446808509,0.0,0.08510638297872342,0.7655134624745746
small_long,rotatable_xlink,r0019,2.3,pulse_02,4.501306382978723,2.5475303253975126,0.0010485013064574684,0.0010485013064574684,1.0,0.6363636363636364,0.10910812515445986,0.001736111111111111,0.0006193906085165679,188.0,0.7659574468085106,0.0,0.08510638297872342,0.7911401295681546
small_long,rotatable_xlink,r0019,2.35,pulse_02,4.526845263157894,2.5571123832461318,0.010037883538633737,0.010037883538633737,1.0,0.6363636363636364,0.14072495770009422,0.0017795138888888889,0.008423977969172824,190.0,0.7578947368421052,0.0,0.08421052631578947,0.7864786381290899
small_long,rotatable_xlink,r0019,2.4,pulse_02,4.561533684210525,2.5980741932125495,0.008008245614035273,0.008008245614035273,1.0,0.6623376623376623,0.14603655317071193,0.0015625,0.007541487844762458,190.0,0.7684210526315789,0.0,0.08421052631578947,0.762120329009138
small_long,rotatable_xlink,r0019,2.45,pulse_02,4.574894736842106,2.6023613103147065,0.003471228070175414,-0.003471228070175414,1.0,0.68,0.1433532255784966,0.0016710069444444444,0.0024589076024337984,190.0,0.7684210526315789,0.0,0.08421052631578947,0.7809207728868239
small_long,rotatable_xlink,r0019,2.5,pulse_02,4.540706315789473,2.5833207475979467,0.006158245614035292,-0.006158245614035292,1.0,0.7066666666666667,0.11850740492026532,0.001736111111111111,0.015414276887517175,190.0,0.7578947368421052,0.0,0.09473684210526315,0.7541353029225797
small_long,rotatable_xlink,r0019,2.55,pulse_02,4.537945263157894,2.5098756489896035,0.00581245614035053,-0.00581245614035053,1.0,0.631578947368421,0.10307172249819971,0.0016493055555555556,0.010398180194158538,190.0,0.7526881720430108,0.0,0.0967741935483871,0.7658174715698199
small_long,rotatable_xlink,r0019,2.6,pulse_02,4.50583157894737,2.5209316664329955,0.014738421052631493,-0.014738421052631493,1.0,0.6,0.13422619201867161,0.001736111111111111,0.001726130856532393,190.0,0.7578947368421052,0.0,0.08421052631578947,0.768277015227254
small_long,rotatable_xlink,r0019,2.65,pulse_02,4.449514736842105,2.499518863850409,0.015499013157894925,-0.015499013157894925,1.0,0.5897435897435898,0.14217055054701513,0.001736111111111111,0.007307339774348979,190.0,0.7473684210526316,0.0,0.08421052631578947,0.7636899944043347
small_long,rotatable_xlink,r0019,2.7,pulse_02,4.4128375,2.5647757050790894,0.01541269919590634,-0.01541269919590634,1.0,0.5949367088607594,0.08364805103918128,0.0016493055555555556,0.012462581300266859,192.0,0.7500000000000001,0.0,0.08333333333333333,0.775188440232987
small_long,rotatable_xlink,r0019,2.75,pulse_02,4.357038541666667,2.5742943516520103,0.0012018201754385356,0.0012018201754385356,1.0,0.5949367088607594,0.16253799955593512,0.0017144097222222222,0.003679676620675846,192.0,0.7395833333333333,0.010416666666666668,0.10416666666666667,0.7797747635758676
small_long,rotatable_xlink,r0019,2.8,pulse_02,4.420048421052631,2.5426976453550343,0.0006628746345027636,0.0006628746345027636,1.0,0.5733333333333334,0.14440236566210884,0.0017578125,0.008091846204043204,190.0,0.7368421052631577,0.0,0.10526315789473684,0.7725779562979646
small_long,rotatable_xlink,r0019,2.85,pulse_02,4.361015789473684,2.525743274427751,0.004460526315789526,-0.004460526315789526,1.0,0.5675675675675675,0.09519463402446843,0.001736111111111111,0.006677099256526005,190.0,0.736842105263158,0.0,0.10526315789473684,0.7787708122659571
small_long,rotatable_xlink,r0019,2.9,pulse_02,4.393285263157894,2.5026350498158783,0.00856368421052626,0.00856368421052626,1.0,0.5733333333333334,0.13504458133838665,0.0018229166666666667,0.0031587494412222603,190.0,0.7368421052631579,0.0,0.09473684210526315,0.7595413772476746
small_long,rotatable_xlink,r0019,2.95,pulse_02,4.412397894736841,2.5067907777804175,0.0005214035087718708,-0.0005214035087718708,1.0,0.5675675675675675,0.13494066804761568,0.0016927083333333334,0.0015911975261101812,190.0,0.7368421052631579,0.0,0.08421052631578947,0.7805380845495982
small_long,rotatable_xlink,r0019,3.0,pulse_02,4.390156842105263,2.493087864659217,0.007413684210526128,-0.007413684210526128,1.0,0.5733333333333334,0.08685446881277897,0.0016927083333333334,0.00456763770706677,190.0,0.7368421052631579,0.0,0.12631578947368421,0.7785348591833743
small_long,rotatable_xlink,r0019,3.05,pulse_03,4.429225510204082,2.455313927368051,0.006901360544217343,0.006901360544217343,1.0,0.5789473684210527,0.13088657534759857,0.001953125,0.006293258161282604,196.0,0.7448979591836734,0.0,0.10204081632653061,0.7690706985998409
small_long,rotatable_xlink,r0019,3.1,pulse_03,4.449929591836734,2.474193701851899,0.002339285714285951,-0.002339285714285951,1.0,0.5789473684210527,0.07904268961803976,0.0018663194444444445,0.001293309325288335,196.0,0.7346938775510203,0.0,0.09183673469387756,0.78705999059748
small_long,rotatable_xlink,r0019,3.15,pulse_03,4.415189795918367,2.463073783319781,0.005037755102040779,-0.005037755102040779,1.0,0.6164383561643836,0.08904287515541807,0.0018880208333333333,0.007662684046525629,196.0,0.7346938775510204,0.0,0.09183673469387756,0.7901530666649371
small_long,rotatable_xlink,r0019,3.2,pulse_03,4.41970306122449,2.428217597572745,0.002081972789115335,-0.002081972789115335,1.0,0.6164383561643836,0.06761290085444778,0.0018012152777777779,0.0051742380850624175,196.0,0.7448979591836734,0.0,0.10204081632653061,0.7829357699877314
small_long,rotatable_xlink,r0019,3.25,pulse_03,4.402697959183675,2.4320283548094066,0.011512244897959137,-0.011512244897959137,1.0,0.5616438356164384,0.09877614152321411,0.0018229166666666667,0.00032884011504252797,196.0,0.7346938775510202,0.0,0.10204081632653059,0.796744455348895
small_long,rotatable_xlink,r0019,3.3,pulse_03,4.350629591836735,2.42624455688249,0.010054421768707744,-0.010054421768707744,1.0,0.6111111111111112,0.07211635947045586,0.0018446180555555555,0.003637230648159573,196.0,0.7244897959183674,0.0,0.10204081632653061,0.7927814253433404
small_long,rotatable_xlink,r0019,3.35,pulse_03,4.342371428571428,2.410204970920449,0.002163775510204117,0.002163775510204117,1.0,0.6056338028169014,0.08979724782464628,0.0019097222222222222,0.002157790972281267,196.0,0.7244897959183674,0.0,0.11224489795918369,0.769164349779194
small_long,rotatable_xlink,r0019,3.4,pulse_03,4.3636122448979595,2.4391913027161776,0.006312244897959118,-0.006312244897959118,1.0,0.6111111111111112,0.10587442930634386,0.0017578125,0.0028586572219936692,196.0,0.7244897959183674,0.0,0.10204081632653061,0.7804988761857359
small_long,rotatable_xlink,r0019,3.45,pulse_03,4.304497959183673,2.427356914252411,0.010968877551020384,-0.010968877551020384,1.0,0.5616438356164384,0.10786806593622993,0.0019097222222222222,0.006706557594822045,196.0,0.7244897959183673,0.0,0.11224489795918365,0.7773755258460646
small_long,rotatable_xlink,r0019,3.5,pulse_03,4.297798979591837,2.47943064828511,0.0026549319727891727,-0.0026549319727891727,1.0,0.6,0.11532303144241715,0.0017795138888888889,0.005900189586024822,196.0,0.7244897959183674,0.0,0.11224489795918369,0.7832061941376668
small_long,rotatable_xlink,r0019,3.55,pulse_03,4.288568367346938,2.46275805176856,0.005020238095238216,-0.005020238095238216,1.0,0.5882352941176471,0.115383603512733,0.0019314236111111112,0.006559852438306295,196.0,0.7244897959183675,0.0,0.11224489795918366,0.7872211812016737
small_long,rotatable_xlink,r0019,3.6,pulse_03,4.267677551020408,2.440071533655272,0.01182874149659859,-0.01182874149659859,1.0,0.5942028985507246,0.08426651333740794,0.0018229166666666667,0.00010197091013723163,196.0,0.7244897959183674,0.0,0.1326530612244898,0.7828490168672168
small_long,rotatable_xlink,r0019,3.65,pulse_03,4.217595918367347,2.4621462263077367,0.004831462585034085,-0.004831462585034085,1.0,0.5882352941176471,0.1193898022313243,0.0018446180555555555,0.0008522066278779938,196.0,0.7216494845360826,0.0,0.13402061855670103,0.7676901837992608
small_long,rotatable_xlink,r0019,3.7,pulse_03,4.238688775510203,2.434958293888004,0.002055782312925173,0.002055782312925173,1.0,0.5942028985507246,0.08537656239017691,0.0018663194444444445,0.0020610806500375536,196.0,0.7244897959183672,0.0,0.13265306122448978,0.7918965130488441
small_long,rotatable_xlink,r0019,3.75,pulse_03,4.229930612244898,2.4497797424075114,0.011180612244897858,-0.011180612244897858,1.0,0.6,0.08165628413436749,0.0018880208333333333,0.0034441685740648578,196.0,0.7244897959183672,0.0,0.11224489795918365,0.7888148568300737
small_long,rotatable_xlink,r0019,3.8,pulse_03,4.171605102040816,2.4556233053323933,0.011130612244897975,-0.011130612244897975,1.0,0.582089552238806,0.10408073044066676,0.0018012152777777779,0.0015109152163840605,196.0,0.7244897959183672,0.0,0.11224489795918365,0.7629784640948525
small_long,rotatable_xlink,r0019,3.85,pulse_03,4.16314693877551,2.4588452337058158,0.004686564625850338,0.004686564625850338,1.0,0.582089552238806,0.13478935013983812,0.0017578125,0.00027649173043268566,196.0,0.7244897959183674,0.0,0.11224489795918366,0.7765469995782951
small_long,rotatable_xlink,r0019,3.9,pulse_03,4.199724489795918,2.4572822557149894,0.002140306122448976,-0.002140306122448976,1.0,0.582089552238806,0.10074008286555854,0.0017578125,0.004830503459434032,196.0,0.7187500000000001,0.0,0.125,0.7899972220169206
small_long,rotatable_xlink,r0019,3.95,pulse_03,4.150305102040816,2.48782825446242,0.0046505102040814705,-0.0046505102040814705,1.0,0.6,0.0968117918991189,0.0018446180555555555,0.005086477285983178,196.0,0.7244897959183673,0.0,0.12244897959183672,0.7916722119880842
small_long,rotatable_xlink,r0019,4.0,pulse_03,4.1718214285714295,2.4878011194308884,0.007172108843537768,0.007172108843537768,1.0,0.6,0.026652693686301902,0.0018446180555555555,9.045010510503696e-06,196.0,0.7244897959183672,0.0,0.12244897959183672,0.8020645496128407
small_long,rotatable_xlink,r0019,4.05,pulse_04,4.161345544554456,2.389486972405639,0.012427392739274032,0.012427392739274032,1.0,0.6216216216216216,0.09608400715763783,0.001974826388888889,0.00029361704806637096,202.0,0.7326732673267327,0.0,0.12871287128712872,0.782782471559436
small_long,rotatable_xlink,r0019,4.1,pulse_04,4.198627722772278,2.390367823549838,0.008858910891089108,0.008858910891089108,1.0,0.6,0.0623786505122816,0.0018880208333333333,0.0043743826148728475,202.0,0.7227722772277229,0.0,0.12871287128712872,0.8000044114381683
small_long,rotatable_xlink,r0019,4.15,pulse_04,4.21449900990099,2.363240676716402,0.003008580858085826,0.003008580858085826,1.0,0.6164383561643836,0.07533015657823455,0.001953125,0.00374406936801841,202.0,0.7227722772277229,0.009900990099009901,0.1287128712871287,0.7932345066228268
small_long,rotatable_xlink,r0019,4.2,pulse_04,4.216679207920793,2.3679034073417276,0.002839438943894379,-0.002839438943894379,1.0,0.6266666666666667,0.059740907908197104,0.0018880208333333333,0.0035142195267101606,202.0,0.7227722772277227,0.009900990099009901,0.1287128712871287,0.7666408369831778
small_long,rotatable_xlink,r0019,4.25,pulse_04,4.197462376237624,2.3843259938766628,0.008090924092409265,-0.008090924092409265,1.0,0.6164383561643836,0.040032232747783475,0.0018663194444444445,0.0026730113566561333,202.0,0.7326732673267328,0.009900990099009901,0.12871287128712872,0.7880505322064592
small_long,rotatable_xlink,r0019,4.3,pulse_04,4.168133663366337,2.3839414754816644,0.005944389438943857,-0.005944389438943857,1.0,0.6164383561643836,0.019659719342051043,0.0019097222222222222,0.002201624075163666,202.0,0.7326732673267327,0.009900990099009901,0.1386138613861386,0.8000952808993229
small_long,rotatable_xlink,r0019,4.35,pulse_04,4.161796039603961,2.3711162494256808,0.008466501650165123,-0.008466501650165123,1.0,0.6216216216216216,0.012382289454718424,0.001953125,0.0003497092441691792,202.0,0.7326732673267327,0.009900990099009901,0.1386138613861386,0.7825537522611611
small_long,rotatable_xlink,r0019,4.4,pulse_04,4.117334653465346,2.3860397309466794,0.0006236600660063374,0.0006236600660063374,1.0,0.6266666666666667,0.02137282194220483,0.0018446180555555555,0.0007833363136321067,202.0,0.7326732673267329,0.009900990099009901,0.1386138613861386,0.7865554712686399
small_long,rotatable_xlink,r0019,4.45,pulse_04,4.165537999999999,2.366416231543888,0.010283224422442375,0.010283224422442375,1.0,0.6176470588235294,0.04915444304573575,0.0018446180555555555,0.00020515323014258513,200.0,0.7300000000000001,0.0,0.12999999999999998,0.7842010224907093
small_long,rotatable_xlink,r0019,4.5,pulse_04,4.179034000000001,2.384808811565824,0.0016806666666665155,-0.0016806666666665155,1.0,0.6060606060606061,0.004290842642274722,0.0018663194444444445,0.0020889777204945816,200.0,0.74,0.0,0.13,0.7740309296861575
small_long,rotatable_xlink,r0019,4.55,pulse_04,4.155454,2.3789500978668556,0.010619666666666768,-0.010619666666666768,1.0,0.6176470588235294,0.017940734407412704,0.0019097222222222222,0.001839954380502255,200.0,0.73,0.0,0.13,0.8031460535539094
small_long,rotatable_xlink,r0019,4.6,pulse_04,4.115316,2.3737690852828104,0.015330499999999988,-0.015330499999999988,1.0,0.6285714285714286,0.004591637000430746,0.001953125,0.0026328748237067026,200.0,0.73,0.0,0.13,0.7882614971448811
small_long,rotatable_xlink,r0019,4.65,pulse_04,4.063471,2.3631528489246154,0.004633166666666651,-0.004633166666666651,1.0,0.6338028169014085,0.006108084049066722,0.0018229166666666667,0.0023739001510876268,200.0,0.7199999999999999,0.0,0.13,0.8054018322071772
small_long,rotatable_xlink,r0019,4.7,pulse_04,4.087517,2.3595256843762846,0.014260666666666774,0.014260666666666774,1.0,0.6388888888888888,0.09821542979755257,0.001953125,0.001020506293165635,200.0,0.7299999999999999,0.0,0.13,0.7961717320288179
small_long,rotatable_xlink,r0019,4.75,pulse_04,4.1490350000000005,2.3570298111656216,0.009665333333333415,0.009665333333333415,1.0,0.6438356164383562,0.03952317234427824,0.0018880208333333333,0.002619121574779134,200.0,0.7300000000000001,0.01,0.13,0.7905535345261615
small_long,rotatable_xlink,r0019,4.8,pulse_04,4.1455090000000006,2.3752404138249594,0.0078000000000001775,-0.0078000000000001775,1.0,0.6438356164383562,0.021361055814372833,0.0018446180555555555,0.008709848028881565,200.0,0.7200000000000001,0.01,0.13,0.8001360881383146
small_long,rotatable_xlink,r0019,4.85,pulse_04,4.102234999999999,2.409288899338911,0.007934333333333488,-0.007934333333333488,1.0,0.6338028169014085,0.03829436574210184,0.0018446180555555555,0.008932037539764792,200.0,0.7300000000000001,0.01,0.13,0.8000851702210314
small_long,rotatable_xlink,r0019,4.9,pulse_04,4.097903,2.428832639063548,0.013190294612794862,0.013190294612794862,1.0,0.6388888888888888,0.027584861881171836,0.0018663194444444445,0.007452268975546368,200.0,0.73,0.01,0.13000000000000003,0.8083156790780969
small_long,rotatable_xlink,r0019,4.95,pulse_04,4.181376767676769,2.364575285485633,0.008754887205387233,0.008754887205387233,1.0,0.6285714285714286,0.04783229353438445,0.0018880208333333333,0.013000755296977825,198.0,0.7373737373737376,0.0,0.12121212121212122,0.8018085812767425
small_long,rotatable_xlink,r0019,5.0,pulse_04,4.150432323232323,2.3508281072816812,0.010314814814815184,-0.010314814814815184,1.0,0.6338028169014085,0.03254723341190368,0.0018663194444444445,0.004582392734650516,198.0,0.7171717171717173,0.0,0.12121212121212122,0.7885991371007537
small_long,rotatable_xlink,r0019,5.05,pulse_05,4.104234653465347,2.2734319003580383,0.008258085808580931,0.008258085808580931,1.0,0.5942028985507246,0.04876930859778987,0.0018880208333333333,0.0039030830489587367,202.0,0.7128712871287128,0.0,0.11881188118811878,0.8090522550248941
small_long,rotatable_xlink,r0019,5.1,pulse_05,4.1290089108910895,2.261722651211162,0.010042244224422495,-0.010042244224422495,1.0,0.6056338028169014,0.0242523462960468,0.0019314236111111112,0.00109102024662322,202.0,0.7128712871287128,0.0,0.11881188118811883,0.7979022923698329
small_long,rotatable_xlink,r0019,5.15,pulse_05,4.043981188118812,2.2799780218377776,0.007520792079207972,-0.007520792079207972,1.0,0.5942028985507246,0.013676630139812577,0.0017795138888888889,0.000741108110553057,202.0,0.7128712871287131,0.0,0.1188118811881188,0.783640840794134
small_long,rotatable_xlink,r0019,5.2,pulse_05,4.083884158415842,2.2661692998744805,0.010335478547854956,0.010335478547854956,1.0,0.6111111111111112,0.033270681126327556,0.0018446180555555555,0.0010389669693026498,202.0,0.7128712871287128,0.0,0.1188118811881188,0.8215157982316652
small_long,rotatable_xlink,r0019,5.25,pulse_05,4.105994059405941,2.2737442200219617,0.005889933993399469,0.005889933993399469,1.0,0.5942028985507246,0.04610470904224024,0.0018663194444444445,0.0041443491143554985,202.0,0.712871287128713,0.0,0.1188118811881188,0.8055011913834663
small_long,rotatable_xlink,r0019,5.3,pulse_05,4.119223762376238,2.2910353945606134,0.003095544554455524,-0.003095544554455524,1.0,0.6,0.0037811159735291833,0.0018663194444444445,0.006196719368781449,202.0,0.722772277227723,0.0,0.1188118811881188,0.7988221560292794
small_long,rotatable_xlink,r0019,5.35,pulse_05,4.087420792079208,2.3109245362346504,0.004912706270627343,-0.004912706270627343,1.0,0.5942028985507246,0.016366646272948638,0.0019314236111111112,0.006892934863481785,202.0,0.7227722772277229,0.0,0.1188118811881188,0.8150948572121591
small_long,rotatable_xlink,r0019,5.4,pulse_05,4.089747524752474,2.332393003741504,0.0010193069306930387,0.0010193069306930387,1.0,0.5942028985507246,0.03449291550265516,0.0019314236111111112,0.004653135991459593,202.0,0.6831683168316832,0.0,0.11881188118811883,0.8037118778440613
small_long,rotatable_xlink,r0019,5.45,pulse_05,4.0935366336633665,2.338843352183408,0.0001650165016499431,-0.0001650165016499431,1.0,0.5942028985507246,0.03709367434012214,0.0018880208333333333,0.0002492986241491302,202.0,0.702970297029703,0.0,0.1188118811881188,0.8270125781769634
small_long,rotatable_xlink,r0019,5.5,pulse_05,4.088757425742575,2.333888795486399,0.0031722772277227307,-0.0031722772277227307,1.0,0.5942028985507246,0.020468417690910456,0.0019097222222222222,0.0017862285072625845,202.0,0.6930693069306931,0.0,0.11881188118811883,0.8179285763233325
small_long,rotatable_xlink,r0019,5.55,pulse_05,4.07450297029703,2.3281259811398325,0.00487970297029694,0.00487970297029694,1.0,0.6,0.021900133930249047,0.001974826388888889,0.002131881534961503,202.0,0.6831683168316831,0.0,0.1188118811881188,0.8118608965144232
small_long,rotatable_xlink,r0019,5.6,pulse_05,4.118035643564356,2.32109750627663,0.004649009900990079,0.004649009900990079,1.0,0.6216216216216216,0.08058017092031579,0.0019097222222222222,0.003698324057339238,202.0,0.6930693069306932,0.0,0.11881188118811883,0.8007360114810061
small_long,rotatable_xlink,r0019,5.65,pulse_05,4.102397029702971,2.305936036795797,0.004740924092409227,0.004740924092409227,1.0,0.6438356164383562,0.06905955074498311,0.0019314236111111112,0.003692109947451764,202.0,0.6930693069306931,0.0,0.11881188118811883,0.8113512325393611
small_long,rotatable_xlink,r0019,5.7,pulse_05,4.146481188118812,2.2989448465919193,0.010047359735973593,0.010047359735973593,1.0,0.6052631578947368,0.10509037489272643,0.0018663194444444445,0.001295861646794405,202.0,0.693069306930693,0.0,0.11881188118811883,0.7863653059885101
small_long,rotatable_xlink,r0019,5.75,pulse_05,4.162681188118812,2.3137112066765635,0.0007810231023100597,-0.0007810231023100597,1.0,0.5844155844155844,0.09164188759347044,0.0018880208333333333,0.00042134250448662886,202.0,0.693069306930693,0.0,0.1188118811881188,0.7801663010367799
small_long,rotatable_xlink,r0019,5.8,pulse_05,4.141795049504951,2.301472901618839,0.008696369636963594,-0.008696369636963594,1.0,0.5789473684210527,0.03000814203470658,0.0018446180555555555,0.004205834886055193,202.0,0.693069306930693,0.0,0.11881188118811883,0.7877630628353726
small_long,rotatable_xlink,r0019,5.85,pulse_05,4.110502970297031,2.2884761973602323,0.00730940594059426,-0.00730940594059426,1.0,0.5833333333333334,0.020384507116263946,0.0018663194444444445,0.0018432172403145912,202.0,0.6732673267326734,0.0,0.1188118811881188,0.788086690473364
small_long,rotatable_xlink,r0019,5.9,pulse_05,4.097938613861386,2.2904135981769516,0.006973432343234294,-0.006973432343234294,1.0,0.5945945945945946,0.03727254626872876,0.0018229166666666667,0.0029774994693330856,202.0,0.6732673267326733,0.0,0.11881188118811883,0.7933909093872921
small_long,rotatable_xlink,r0019,5.95,pulse_05,4.068662376237625,2.306341194176231,0.007225412541254232,-0.007225412541254232,1.0,0.5492957746478874,0.06193484183285097,0.0018663194444444445,0.0006693985492825701,202.0,0.6732673267326733,0.0,0.1188118811881188,0.8082844967151515
small_long,rotatable_xlink,r0019,6.0,pulse_05,4.05458613861386,2.294429989472647,0.0046920792079214735,-0.0046920792079214735,1.0,0.5675675675675675,0.04222812517450666,0.0018663194444444445,0.0039704015678612885,202.0,0.6732673267326734,0.0,0.1188118811881188,0.8030458111045341
small_long,rotatable_xlink,r0019,6.05,pulse_06,4.003501923076923,2.254086574904681,0.00615865384615392,-0.00615865384615392,1.0,0.589041095890411,0.06448548876057476,0.002018229166666667,0.00431928589161279,208.0,0.6730769230769231,0.0,0.1346153846153846,0.8228870288372353
small_long,rotatable_xlink,r0019,6.1,pulse_06,3.9850259615384616,2.267044432579519,0.003087660256410274,-0.003087660256410274,1.0,0.5616438356164384,0.044967682322162125,0.001974826388888889,0.0015207975550558899,208.0,0.653846153846154,0.0,0.11538461538461538,0.8166620682814775
small_long,rotatable_xlink,r0019,6.15,pulse_06,3.9849759615384617,2.263211360235016,0.002616185897435915,-0.002616185897435915,1.0,0.589041095890411,0.006924121033240233,0.0018663194444444445,0.002869113783715349,208.0,0.6538461538461539,0.0,0.11538461538461538,0.7921705945348175
small_long,rotatable_xlink,r0019,6.2,pulse_06,3.969328846153846,2.2842591152818112,0.0051855769230770106,-0.0051855769230770106,1.0,0.5675675675675675,0.055817585935171506,0.001974826388888889,0.0016695403420214177,208.0,0.6923076923076923,0.0,0.11538461538461538,0.795485437715099
small_long,rotatable_xlink,r0019,6.25,pulse_06,3.9538624999999996,2.2531941181828876,0.014208333333333304,-0.014208333333333304,1.0,0.5616438356164384,0.08563244735170833,0.0018880208333333333,0.008876548588207264,208.0,0.6923076923076923,0.0,0.11538461538461538,0.8191387908822805
small_long,rotatable_xlink,r0019,6.3,pulse_06,3.8840788461538462,2.2309998237525677,0.048086057692307595,-0.048086057692307595,1.0,0.5555555555555556,0.05266674351045161,0.0019097222222222222,0.03607467239492945,208.0,0.6442307692307693,0.0,0.11538461538461538,0.8190751479627192
small_long,rotatable_xlink,r0019,6.35,pulse_06,3.665346153846154,2.036746083813311,0.052925641025641124,-0.052925641025641124,1.0,0.5492957746478874,0.07126723027877852,0.0019097222222222222,0.055261953850257596,208.0,0.6634615384615385,0.0,0.11538461538461538,0.7995236136666984
small_long,rotatable_xlink,r0019,6.4,pulse_06,3.5665249999999995,1.899428100651022,0.014628205128205174,-0.014628205128205174,1.0,0.5151515151515151,0.0920283379533341,0.002126736111111111,0.04460709856755766,208.0,0.6538461538461539,0.0,0.13461538461538464,0.8248798013980979
small_long,rotatable_xlink,r0019,6.45,pulse_06,3.577576923076923,1.769103492407965,0.001758974358974245,-0.001758974358974245,1.0,0.5428571428571428,0.08907468652251763,0.002018229166666667,0.01900596859585646,208.0,0.625,0.0,0.1346153846153846,0.8066037048286785
small_long,rotatable_xlink,r0019,6.5,pulse_06,3.555971153846154,1.7853922890758833,0.0050456730769231255,-0.0050456730769231255,1.0,0.5277777777777778,0.061049714555102934,0.0019314236111111112,0.005492094363784024,208.0,0.6249999999999999,0.0,0.1346153846153846,0.8126875352494394
small_long,rotatable_xlink,r0019,6.55,pulse_06,3.5473028846153842,1.802056058590669,0.0006612179487180588,-0.0006612179487180588,1.0,0.5142857142857142,0.044224988394500245,0.001974826388888889,0.01418514739246631,208.0,0.6346153846153847,0.0,0.13461538461538464,0.8240459417359766
small_long,rotatable_xlink,r0019,6.6,pulse_06,3.5520038461538457,1.8705031734306812,0.002197756410256435,0.002197756410256435,1.0,0.5,0.07706723176138255,0.0019965277777777776,0.019615475260736297,208.0,0.6249999999999998,0.0,0.1346153846153846,0.8242656492526713
small_long,rotatable_xlink,r0019,6.65,pulse_06,3.560489423076923,1.9197489101550869,0.006964262820512879,0.006964262820512879,1.0,0.5211267605633803,0.028880107525575325,0.0019314236111111112,0.0044903474899490314,208.0,0.625,0.0,0.1346153846153846,0.8214350946572376
small_long,rotatable_xlink,r0019,6.7,pulse_06,3.593789423076923,1.8974452583703754,0.008162500000000147,0.008162500000000147,1.0,0.5277777777777778,0.09538322242432223,0.0019097222222222222,0.009090401807801704,208.0,0.6249999999999999,0.0,0.14423076923076922,0.8068480176525101
small_long,rotatable_xlink,r0019,6.75,pulse_06,3.6094644230769237,1.974291321001897,0.0030477564102563783,0.0030477564102563783,1.0,0.5068493150684932,0.0589716282018196,0.0019314236111111112,0.014115741142387636,208.0,0.6442307692307693,0.0,0.14423076923076922,0.7957360870208947
small_long,rotatable_xlink,r0019,6.8,pulse_06,3.612075961538461,1.9821397052247012,0.0022995192307691723,0.0022995192307691723,1.0,0.52,0.076853478146784,0.001974826388888889,0.004055303240594925,208.0,0.6442307692307693,0.0,0.14423076923076922,0.8035436844050667
small_long,rotatable_xlink,r0019,6.85,pulse_06,3.6232615384615388,1.9986231404454666,0.0071557692307694,0.0071557692307694,1.0,0.5135135135135135,0.12552446835404577,0.0019097222222222222,0.007873730430438042,208.0,0.6346153846153846,0.0,0.14423076923076922,0.8020110972787642
small_long,rotatable_xlink,r0019,6.9,pulse_06,3.6550105769230776,2.0293820878073294,0.012238141025640989,0.012238141025640989,1.0,0.52,0.07527771857749313,0.0019965277777777776,0.010845189090973243,208.0,0.6442307692307693,0.0,0.14423076923076922,0.8088648933636607
small_long,rotatable_xlink,r0019,6.95,pulse_06,3.6966903846153847,2.063694274991306,0.0023748397435895776,0.0023748397435895776,1.0,0.52,0.05886221985068014,0.0020399305555555557,0.0142903100454815,208.0,0.6442307692307693,0.0,0.14423076923076925,0.8058229781532803
small_long,rotatable_xlink,r0019,7.0,pulse_06,3.669259615384615,2.1151239480802184,0.009143589743589864,-0.009143589743589864,1.0,0.52,0.10000683166094632,0.002018229166666667,0.017143224362970777,208.0,0.6249999999999999,0.0,0.14423076923076922,0.8005704449578845
small_long,rotatable_xlink,r0019,7.05,pulse_07,3.719403703703704,2.0040138085810453,0.006402777777777906,-0.006402777777777906,1.0,0.5641025641025641,0.17552540485892373,0.002018229166666667,0.004382795284821217,216.0,0.6296296296296295,0.0,0.12037037037037035,0.8003872938343062
small_long,rotatable_xlink,r0019,7.1,pulse_07,3.7001953703703703,2.017162194435509,0.004348456790123523,-0.004348456790123523,1.0,0.569620253164557,0.09054714334049248,0.0020616319444444445,0.009560942378059933,216.0,0.6388888888888887,0.0,0.1296296296296296,0.8075968098227374
small_long,rotatable_xlink,r0019,7.15,pulse_07,3.693312962962963,1.9466481543126857,0.008055864197530793,-0.008055864197530793,1.0,0.569620253164557,0.10616356830916737,0.002105034722222222,0.007642538020863565,216.0,0.6574074074074072,0.0,0.1296296296296296,0.786298384728871
small_long,rotatable_xlink,r0019,7.2,pulse_07,3.6518601851851855,1.9713069663103275,0.005357253086419729,-0.005357253086419729,1.0,0.55,0.08623522240894416,0.0020833333333333333,0.012043072180297135,216.0,0.6203703703703702,0.0,0.1296296296296296,0.8026598350956943
small_long,rotatable_xlink,r0019,7.25,pulse_07,3.6611694444444445,2.0189065873944685,0.004507253086419786,-0.004507253086419786,1.0,0.5897435897435898,0.11759883548991104,0.002105034722222222,0.012160888474147757,216.0,0.6388888888888887,0.0,0.1296296296296296,0.8070823460696859
small_long,rotatable_xlink,r0019,7.3,pulse_07,3.624816666666667,2.044272297155214,0.0008796296296297671,-0.0008796296296297671,1.0,0.525,0.12720365731177513,0.002105034722222222,0.0052784336079065115,216.0,0.6296296296296295,0.0,0.12037037037037038,0.8141314569551812
small_long,rotatable_xlink,r0019,7.35,pulse_07,3.655891666666666,1.9872359857470294,0.014187564901349944,0.014187564901349944,1.0,0.5789473684210527,0.18560293547842655,0.002126736111111111,0.011795148135188893,216.0,0.6296296296296295,0.0,0.12037037037037035,0.8087833984614732
small_long,rotatable_xlink,r0019,7.4,pulse_07,3.7099420560747665,1.9735014083440807,0.006910423156801793,0.006910423156801793,1.0,0.5584415584415584,0.14633358206722527,0.002105034722222222,0.014231216495153687,214.0,0.6355140186915886,0.0,0.11214953271028037,0.826464763699488
small_long,rotatable_xlink,r0019,7.45,pulse_07,3.6973542056074766,2.0726232847179515,0.0018951713395639243,0.0018951713395639243,1.0,0.5342465753424658,0.14512284221242147,0.0019965277777777776,0.01620678018917369,214.0,0.6261682242990656,0.0,0.13084112149532712,0.824085209757371
small_long,rotatable_xlink,r0019,7.5,pulse_07,3.72131308411215,2.070742089479123,0.004348286604361373,0.004348286604361373,1.0,0.5405405405405406,0.11403993499023168,0.0020616319444444445,0.008047878622648478,214.0,0.6261682242990655,0.0,0.11214953271028039,0.8054112450526347
small_long,rotatable_xlink,r0019,7.55,pulse_07,3.723443925233645,2.1209105564538424,0.003021806853582628,-0.003021806853582628,1.0,0.5135135135135135,0.0749242773370169,0.0019965277777777776,0.016724250643760524,214.0,0.635514018691589,0.0,0.11214953271028039,0.8249059054384531
small_long,rotatable_xlink,r0019,7.6,pulse_07,3.7031822429906542,2.171087593341686,0.011212616822429947,-0.011212616822429947,1.0,0.5135135135135135,0.07377330146096264,0.0020616319444444445,0.015916568438493355,214.0,0.635514018691589,0.0,0.11214953271028037,0.8269458483862288
small_long,rotatable_xlink,r0019,7.65,pulse_07,3.656168224299065,2.2164099670848025,0.0011400311526479356,0.0011400311526479356,1.0,0.5068493150684932,0.033992425370080064,0.0020616319444444445,0.015761259143228273,214.0,0.6261682242990656,0.0,0.12149532710280375,0.8127739136725148
small_long,rotatable_xlink,r0019,7.7,pulse_07,3.710022429906542,2.2656551482010556,0.009744392523364453,0.009744392523364453,1.0,0.52,0.11607322543888088,0.0019965277777777776,0.010380274435032458,214.0,0.6168224299065421,0.0,0.13084112149532712,0.7966889939645253
small_long,rotatable_xlink,r0019,7.75,pulse_07,3.714634579439252,2.2786916136949973,0.008846573208722766,-0.008846573208722766,1.0,0.52,0.08013756116208166,0.0019314236111111112,0.002811921594951287,214.0,0.6168224299065422,0.0,0.14018691588785048,0.8058406864625604
small_long,rotatable_xlink,r0019,7.8,pulse_07,3.6569429906542052,2.2825266777707633,0.021601090342679097,-0.021601090342679097,1.0,0.5068493150684932,0.0888761216800433,0.0020833333333333333,0.006843693365305918,214.0,0.6168224299065421,0.009345794392523366,0.14018691588785048,0.8127739136725148
small_long,rotatable_xlink,r0019,7.85,pulse_07,3.5850280373831773,2.319753773886833,0.011176635514018596,-0.011176635514018596,1.0,0.5068493150684932,0.12975510779932145,0.001974826388888889,0.0055707743937061975,214.0,0.5981308411214953,0.009345794392523364,0.14953271028037382,0.8079621029106123
small_long,rotatable_xlink,r0019,7.9,pulse_07,3.5898831775700937,2.249102031408526,0.00575696232292966,0.00575696232292966,1.0,0.5068493150684932,0.1295119253510602,0.0020833333333333333,0.014926980347965838,214.0,0.5981308411214956,0.009345794392523366,0.14018691588785048,0.8310525676678618
small_long,rotatable_xlink,r0019,7.95,pulse_07,3.6195698113207553,2.2301918917990378,0.002424344618820943,0.002424344618820943,1.0,0.43283582089552236,0.11863101493558019,0.0019965277777777776,0.004629300022847301,212.0,0.6037735849056605,0.0,0.1320754716981132,0.8269596926617027
small_long,rotatable_xlink,r0019,8.0,pulse_07,3.6044292452830193,2.2213262312714424,0.0050468553459119825,-0.0050468553459119825,1.0,0.43283582089552236,0.11057977224674782,0.001974826388888889,0.0029552201758651364,212.0,0.6037735849056605,0.0,0.15094339622641512,0.8139857995546411
small_long,rotatable_xlink,r0020,0.0,initial,0.7538454545454546,0.05949893348665247,0.4817098484848484,0.4817098484848484,1.0,-0.3333333333333333,0.0,0.00023871527777777777,0.29980303493506816,22.0,0.2727272727272727,0.0,0.5454545454545454,0.5472114783201966
small_long,rotatable_xlink,r0020,0.05,initial,2.198975,0.9589080382918569,0.3838097853535353,0.3838097853535353,1.0,-0.09090909090909091,0.4453580456606582,0.00028211805555555553,0.17309901943022363,32.0,0.4375,0.0,0.3125,0.6129459148916563
small_long,rotatable_xlink,r0020,0.1,initial,3.0567041666666666,1.0980930500679942,0.13061314102564112,0.13061314102564112,1.0,0.125,0.18268410938858473,0.0004557291666666667,0.04836867051393071,48.0,0.5217391304347827,0.0,0.2173913043478261,0.6330066975704083
small_long,rotatable_xlink,r0020,0.15000000000000002,initial,2.9826538461538465,1.2491200613754412,0.023296431992337146,0.023296431992337146,1.0,0.17647058823529413,0.18686778502942533,0.0005642361111111111,0.026056698320315357,52.0,0.5384615384615385,0.0,0.1923076923076923,0.7070106493280983
small_long,rotatable_xlink,r0020,0.2,initial,3.1964827586206894,1.2544332399898863,0.07033321314102554,0.07033321314102554,1.0,0.2631578947368421,0.10213358668278184,0.0005859375,0.025405167085489233,58.0,0.5517241379310347,0.0,0.1724137931034483,0.73570663468394
small_long,rotatable_xlink,r0020,0.25,initial,3.404653125,1.4015510638883766,0.0777416123019572,0.0777416123019572,1.0,0.391304347826087,0.19084762069077285,0.0006510416666666666,0.018917702708977708,64.0,0.625,0.0,0.15625,0.7179628900284513
small_long,rotatable_xlink,r0020,0.30000000000000004,initial,3.6629324324324326,1.3679394562437526,0.06782813770325206,0.06782813770325206,1.0,0.48148148148148145,0.1403209976656503,0.0006944444444444445,0.019459693084884228,74.0,0.6486486486486485,0.0,0.13513513513513511,0.7609502275449316
small_long,rotatable_xlink,r0020,0.35000000000000003,initial,3.811621951219512,1.518309222397682,0.0649866235801017,0.0649866235801017,1.0,0.5625,0.054602221424261424,0.0007378472222222222,0.06408896220612988,82.0,0.6585365853658536,0.0,0.12195121951219512,0.7384092198137904
small_long,rotatable_xlink,r0020,0.4,initial,4.052852173913043,1.7524732294805319,0.0641136747967479,0.0641136747967479,1.0,0.6111111111111112,0.09941116348466751,0.0008246527777777778,0.061876707229773155,92.0,0.673913043478261,0.0,0.13043478260869568,0.7107757691577672
small_long,rotatable_xlink,r0020,0.45,initial,4.196304,1.889569465776321,0.026712137681159504,0.026712137681159504,1.0,0.6410256410256411,0.20770498538400525,0.0009765625,0.02495183869789726,100.0,0.7200000000000001,0.0,0.12,0.7348285492702399
small_long,rotatable_xlink,r0020,0.5,initial,4.213125,1.9021842616679154,0.005376493827160693,0.005376493827160693,1.0,0.6410256410256411,0.08401797848225105,0.0010416666666666667,0.0063466752360155825,104.0,0.6923076923076923,0.0,0.1346153846153846,0.7264495811687085
small_long,rotatable_xlink,r0020,0.55,initial,4.228562962962964,1.9276495171924144,0.010642032163742746,0.010642032163742746,1.0,0.6585365853658537,0.18398233423140908,0.0009982638888888888,0.03604290114681996,108.0,0.7037037037037035,0.0,0.11111111111111109,0.7605641171168379
small_long,rotatable_xlink,r0020,0.6000000000000001,initial,4.276977192982456,2.118441668548835,0.017438093743460687,0.017438093743460687,1.0,0.6818181818181818,0.23740288181468153,0.0011284722222222221,0.0740583660125731,114.0,0.7368421052631579,0.0,0.10526315789473684,0.7768710486672114
small_long,rotatable_xlink,r0020,0.65,initial,4.333191525423728,2.371999713267853,0.024829078947368338,0.024829078947368338,1.0,0.6744186046511628,0.23717525325145414,0.001193576388888889,0.06075884655174124,118.0,0.7457627118644068,0.0,0.10169491525423728,0.732724065306816
small_long,rotatable_xlink,r0020,0.7000000000000001,initial,4.425951666666666,2.4829947478592826,0.022127073805040236,0.022127073805040236,1.0,0.6888888888888889,0.11296484473809015,0.0012152777777777778,0.040550544987461835,120.0,0.7500000000000001,0.0,0.09999999999999999,0.7398560323515088
small_long,rotatable_xlink,r0020,0.75,initial,4.465953968253969,2.615302983192624,0.017593440170940333,0.017593440170940333,1.0,0.7021276595744681,0.05365896621806247,0.0013020833333333333,0.04376415169782518,126.0,0.7460317460317459,0.0,0.09523809523809523,0.7357682187961744
small_long,rotatable_xlink,r0020,0.8,initial,4.531512307692308,2.7455796580462337,0.02562115234982872,0.02562115234982872,1.0,0.7142857142857143,0.008677708465332584,0.0012803819444444444,0.04580603881245519,130.0,0.7538461538461538,0.0,0.09230769230769231,0.7545649053888469
small_long,rotatable_xlink,r0020,0.8500000000000001,initial,4.619680882352942,2.890139216067355,0.0041880453363060495,0.0041880453363060495,1.0,0.7307692307692307,0.09256055826535754,0.001345486111111111,0.01548072090549287,136.0,0.7647058823529411,0.0,0.08823529411764706,0.7511481463889563
small_long,rotatable_xlink,r0020,0.9,initial,4.556640579710145,2.838463983479191,0.02294473039215698,-0.02294473039215698,1.0,0.7358490566037735,0.1252886532614481,0.0014105902777777778,0.0840463128921302,138.0,0.7536231884057972,0.0,0.08695652173913043,0.7437410366554339
small_long,rotatable_xlink,r0020,0.9500000000000001,initial,4.4820125,-2.88876821375945,0.025384772544283358,-0.025384772544283358,1.0,0.75,0.24619392542658144,0.001345486111111111,0.10241735846816469,144.0,0.7605633802816901,0.014084507042253521,0.08450704225352114,0.7308868913482217
small_long,rotatable_xlink,r0020,1.0,initial,4.404331944444444,-2.830217172891407,0.025893518518518437,-0.025893518518518437,1.0,0.75,0.3072524034791829,0.0014105902777777778,0.019517013622680917,144.0,0.7638888888888888,0.01388888888888889,0.08333333333333333,0.7528595529778743
small_long,rotatable_xlink,r0020,1.05,pulse_01,4.4575024999999995,-2.7682223494463796,0.009686158536585646,0.009686158536585646,1.0,0.7586206896551724,0.24886732524886657,0.0016059027777777777,0.03884639726459908,160.0,0.775,0.0125,0.0875,0.7669847124501659
small_long,rotatable_xlink,r0020,1.1,pulse_01,4.486560975609756,-2.6516831576525823,0.007769115853658359,-0.007769115853658359,1.0,0.7704918032786885,0.25430421379171236,0.0016276041666666667,0.03404555033473433,164.0,0.7682926829268295,0.012195121951219513,0.07317073170731708,0.7688128206902668
small_long,rotatable_xlink,r0020,1.15,pulse_01,4.410887804878049,-2.5639490474379736,0.008820194541231174,0.008820194541231174,1.0,0.7666666666666667,0.2860560787755414,0.0015190972222222222,0.017724417334135618,164.0,0.780487804878049,0.012195121951219513,0.08536585365853659,0.7720122143562694
small_long,rotatable_xlink,r0020,1.2,pulse_01,4.5394821428571435,-2.5453366536477686,0.04502301291248193,0.04502301291248193,1.0,0.7704918032786885,0.2574785689123999,0.0016276041666666667,0.01998143770965492,168.0,0.7619047619047621,0.011904761904761906,0.08333333333333336,0.7419733208383913
small_long,rotatable_xlink,r0020,1.25,pulse_01,4.681025882352941,-2.683837673695903,0.020857821151716454,0.020857821151716454,1.0,0.8064516129032258,0.28484088666511737,0.0017144097222222222,0.013357249669234164,170.0,0.764705882352941,0.0,0.07058823529411765,0.7466905290656116
small_long,rotatable_xlink,r0020,1.3,pulse_01,4.664629069767442,-2.6254801516631736,0.011697530779753773,-0.011697530779753773,1.0,0.8125,0.21909059148552412,0.001584201388888889,0.02246079803260237,172.0,0.7674418604651164,0.011627906976744186,0.06976744186046512,0.7731284897556276
small_long,rotatable_xlink,r0020,1.35,pulse_01,4.610840697674418,-2.549072885500289,0.002119664842681187,0.002119664842681187,1.0,0.8095238095238095,0.2506217062900407,0.001736111111111111,0.002795649907286313,172.0,0.7674418604651165,0.03488372093023256,0.06976744186046512,0.7492241280157265
small_long,rotatable_xlink,r0020,1.4,pulse_01,4.677347058823529,-2.6422540511068915,0.0038026288189696444,0.0038026288189696444,1.0,0.8387096774193549,0.30574961392821454,0.0016710069444444444,0.0015425829820262897,170.0,0.7738095238095237,0.023809523809523808,0.05952380952380952,0.7741857415129607
small_long,rotatable_xlink,r0020,1.45,pulse_01,4.633656470588236,-2.539817387608131,0.002363463292293755,-0.002363463292293755,1.0,0.8387096774193549,0.3516007298878566,0.0016276041666666667,0.02507885859511383,170.0,0.7529411764705881,0.023529411764705882,0.058823529411764705,0.7674103122772268
small_long,rotatable_xlink,r0020,1.5,pulse_01,4.663166279069767,-2.4917808995362085,0.013661764705882096,0.013661764705882096,1.0,0.8412698412698413,0.2697003580644772,0.001584201388888889,0.04451800993688848,172.0,0.7558139534883721,0.023255813953488372,0.058139534883720936,0.7844673859584353
small_long,rotatable_xlink,r0020,1.55,pulse_01,4.715627058823529,-2.806925447229462,0.010236627906976992,0.010236627906976992,1.0,0.8666666666666667,0.36399685089562633,0.001736111111111111,0.06543943954213287,170.0,0.7529411764705883,0.011764705882352943,0.04705882352941177,0.7439107319737358
small_long,rotatable_xlink,r0020,1.6,pulse_01,4.724586046511629,-2.8844175367890057,0.007823651115618743,0.007823651115618743,1.0,0.8688524590163934,0.32556549165740045,0.0018012152777777779,0.041366707169085894,172.0,0.7558139534883722,0.011627906976744186,0.046511627906976744,0.7627039728818804
small_long,rotatable_xlink,r0020,1.65,pulse_01,4.762568965517241,-2.5587252042149466,0.018858333333332904,0.018858333333332904,1.0,0.873015873015873,0.31263500997986765,0.0017144097222222222,0.042301736929411936,174.0,0.7701149425287356,0.011494252873563218,0.04597701149425287,0.7741545827345127
small_long,rotatable_xlink,r0020,1.7000000000000002,pulse_01,4.837736046511626,-2.630607115212534,0.0033946360153257102,-0.0033946360153257102,1.0,0.7419354838709677,0.3323644263615993,0.0016493055555555556,0.03586780145292079,172.0,0.7790697674418605,0.0,0.03488372093023256,0.7496228924770788
small_long,rotatable_xlink,r0020,1.75,pulse_01,4.742201149425287,-2.7739320129324714,0.03017995411209092,-0.03017995411209092,1.0,0.746031746031746,0.32803916683908846,0.0016276041666666667,0.022576875143756798,174.0,0.7701149425287357,0.0,0.034482758620689655,0.7731235783661008
small_long,rotatable_xlink,r0020,1.8,pulse_01,4.656656321839081,-2.766068366075075,0.014998467432950116,-0.014998467432950116,1.0,0.7419354838709677,0.30218444760951635,0.0017795138888888889,0.008064880782018427,174.0,0.7586206896551726,0.0,0.034482758620689655,0.7925937948292621
small_long,rotatable_xlink,r0020,1.85,pulse_01,4.652210344827586,-2.725542728240361,0.002607088122605313,-0.002607088122605313,1.0,0.7419354838709677,0.33717509518161576,0.0016710069444444444,0.042880553647803264,174.0,0.7586206896551726,0.0,0.034482758620689655,0.768077879196795
small_long,rotatable_xlink,r0020,1.9,pulse_01,4.641013793103449,-2.5087850441882553,0.01889980842911883,-0.01889980842911883,1.0,0.7377049180327869,0.3621263427629844,0.0017578125,0.10464857478965017,174.0,0.7586206896551725,0.0,0.034482758620689655,0.7825291973556647
small_long,rotatable_xlink,r0020,1.9500000000000002,pulse_01,4.538811494252873,-2.0976512795024598,0.013190421455938553,-0.013190421455938553,1.0,0.7419354838709677,0.3851446968131499,0.0017144097222222222,0.07989252417552588,174.0,0.7356321839080462,0.0,0.04597701149425288,0.7893675902360517
small_long,rotatable_xlink,r0020,2.0,pulse_01,4.561871264367817,-2.0294298991351,0.007686590038314733,0.007686590038314733,1.0,0.7377049180327869,0.34568908254774594,0.0017144097222222222,0.022740460122453232,174.0,0.7209302325581395,0.0,0.046511627906976744,0.7819035944049648
small_long,rotatable_xlink,r0020,2.05,pulse_02,4.667106451612903,-1.9502911499875402,0.0003333333333331486,-0.0003333333333331486,1.0,0.7647058823529411,0.3399912540949753,0.0019314236111111112,0.008255078582298644,186.0,0.7419354838709677,0.0,0.032258064516129024,0.7838689571918653
small_long,rotatable_xlink,r0020,2.1,pulse_02,4.666106451612904,-1.975056385734436,0.007698592999313488,-0.007698592999313488,1.0,0.7647058823529411,0.37150085887566353,0.0018446180555555555,0.020014910313982576,186.0,0.7173913043478263,0.0,0.04347826086956522,0.7785352200409457
small_long,rotatable_xlink,r0020,2.15,pulse_02,4.620914893617022,-1.8302016881036447,0.016648238389384673,-0.016648238389384673,1.0,0.7681159420289855,0.30971018255546323,0.0017795138888888889,0.029008341398547393,188.0,0.723404255319149,0.0,0.05319148936170213,0.7867969418702434
small_long,rotatable_xlink,r0020,2.2,pulse_02,4.566217021276596,-1.8010063373431517,0.014907446808510786,-0.014907446808510786,1.0,0.7681159420289855,0.3517327484269806,0.001953125,0.010028097630474556,188.0,0.7127659574468084,0.0,0.05319148936170213,0.7850812822605463
small_long,rotatable_xlink,r0020,2.25,pulse_02,4.531470212765957,-1.7700331023207974,0.012263652482269608,-0.012263652482269608,1.0,0.7681159420289855,0.40875147402850953,0.0019097222222222222,0.01590279953589339,188.0,0.7127659574468085,0.0,0.05319148936170213,0.7756804455519478
small_long,rotatable_xlink,r0020,2.3,pulse_02,4.492635106382978,-1.7055895401277914,0.008104158268010439,-0.008104158268010439,1.0,0.7681159420289855,0.3834234378964565,0.0019314236111111112,0.01773840877986684,188.0,0.7127659574468086,0.010638297872340425,0.06382978723404256,0.7918511795873179
small_long,rotatable_xlink,r0020,2.35,pulse_02,4.482845263157895,-1.6636026496415963,0.002290850325059305,0.002290850325059305,1.0,0.7464788732394366,0.4143884527051911,0.0018880208333333333,0.0019076313835401093,190.0,0.7157894736842104,0.010526315789473684,0.07368421052631578,0.7893413974457187
small_long,rotatable_xlink,r0020,2.4,pulse_02,4.506380208333334,-1.6941437518265507,0.00725026864035098,0.00725026864035098,1.0,0.7464788732394366,0.32180560452501344,0.0019097222222222222,0.00822343090863483,192.0,0.7083333333333333,0.010416666666666668,0.07291666666666667,0.7941576646171983
small_long,rotatable_xlink,r0020,2.45,pulse_02,4.526346875000001,-1.6142620641897873,0.009808680555555505,-0.009808680555555505,1.0,0.7464788732394366,0.3020852616312417,0.0019314236111111112,0.008191834419918035,192.0,0.7083333333333334,0.010416666666666668,0.08333333333333334,0.7686949714547133
small_long,rotatable_xlink,r0020,2.5,pulse_02,4.447528125000001,-1.6449927453070425,0.0012267361111109782,0.0012267361111109782,1.0,0.7183098591549296,0.3267691425676816,0.0019314236111111112,0.006078453651412537,192.0,0.6979166666666667,0.010416666666666668,0.09375000000000001,0.7787599063639582
small_long,rotatable_xlink,r0020,2.55,pulse_02,4.5337072916666665,-1.6507327860982626,0.0101409722222221,0.0101409722222221,1.0,0.7142857142857143,0.34172772196269025,0.0019314236111111112,0.007252072467880326,192.0,0.7083333333333333,0.0,0.07291666666666667,0.7819219427546009
small_long,rotatable_xlink,r0020,2.6,pulse_02,4.508373958333333,-1.6885051801143245,0.005989062500000013,-0.005989062500000013,1.0,0.6944444444444444,0.3982198862745963,0.001974826388888889,0.02279685467422769,192.0,0.7083333333333334,0.0,0.08333333333333333,0.7804134393173481
small_long,rotatable_xlink,r0020,2.65,pulse_02,4.4977729166666665,-1.5139516580528964,0.012929166666666733,-0.012929166666666733,1.0,0.6944444444444444,0.32782903864271906,0.0019097222222222222,0.03709339521102284,192.0,0.7083333333333333,0.0,0.07291666666666666,0.7919841016906932
small_long,rotatable_xlink,r0020,2.7,pulse_02,4.430798958333333,-1.4659448088481875,0.02014513888888884,-0.02014513888888884,1.0,0.6944444444444444,0.2601717208282061,0.0019314236111111112,0.014637135606753579,192.0,0.7083333333333333,0.010416666666666668,0.08333333333333333,0.7915054534525469
small_long,rotatable_xlink,r0020,2.75,pulse_02,4.376902083333333,-1.426128844412375,0.010399305555555424,-0.010399305555555424,1.0,0.6666666666666666,0.3734925572855883,0.0019314236111111112,0.01124371585615469,192.0,0.7083333333333334,0.010416666666666668,0.09375,0.7910026699949531
small_long,rotatable_xlink,r0020,2.8,pulse_02,4.368403125,-1.3984825137112593,0.011107465277777765,-0.011107465277777765,1.0,0.6666666666666666,0.2992779464673803,0.0019097222222222222,0.016038054341749097,192.0,0.7083333333333333,0.0,0.10416666666666666,0.7853081599046962
small_long,rotatable_xlink,r0020,2.85,pulse_02,4.310257291666667,-1.3299005183618804,0.009552951388888934,-0.009552951388888934,1.0,0.6857142857142857,0.3351698618957603,0.0018880208333333333,0.01898252454532497,192.0,0.6874999999999998,0.010416666666666666,0.09374999999999999,0.7757360349673248
small_long,rotatable_xlink,r0020,2.9,pulse_02,4.311085416666667,-1.2845873664393095,0.003546006944444476,-0.003546006944444476,1.0,0.6901408450704225,0.3328765179153436,0.001953125,0.0015597147094076336,192.0,0.6979166666666666,0.010416666666666666,0.09374999999999997,0.7873333530900679
small_long,rotatable_xlink,r0020,2.95,pulse_02,4.28898125,-1.3205422301054346,0.011761284722222301,-0.011761284722222301,1.0,0.6857142857142857,0.3063171925892651,0.0018012152777777779,0.0035101887280840627,192.0,0.6842105263157894,0.010526315789473684,0.09473684210526315,0.8176679902160001
small_long,rotatable_xlink,r0020,3.0,pulse_02,4.240517708333333,-1.3056484988078139,0.016154513888889,-0.016154513888889,1.0,0.6619718309859155,0.3020610778013842,0.001953125,0.004964577099206909,192.0,0.6979166666666666,0.010416666666666668,0.09375,0.8045180160506341
small_long,rotatable_xlink,r0020,3.05,pulse_03,4.304627722772277,-1.532347168134435,0.0094580858085808,-0.0094580858085808,1.0,0.68,0.24735150720817686,0.002018229166666667,0.0317024945319615,202.0,0.712871287128713,0.009900990099009901,0.09900990099009901,0.8053808568214087
small_long,rotatable_xlink,r0020,3.1,pulse_03,4.276253465346534,-1.4372396845385504,0.012693729372937371,-0.012693729372937371,1.0,0.68,0.31909038880796836,0.0018880208333333333,0.018394393285367478,202.0,0.7029702970297029,0.009900990099009901,0.0891089108910891,0.8152874182435293
small_long,rotatable_xlink,r0020,3.15,pulse_03,4.2284653465346524,-1.42198080842223,0.011230363036303537,-0.011230363036303537,1.0,0.68,0.2829645687137579,0.0020399305555555557,0.006522598487427533,202.0,0.6831683168316832,0.009900990099009901,0.10891089108910892,0.776574303364667
small_long,rotatable_xlink,r0020,3.2,pulse_03,4.208871287128713,-1.3981040936139852,0.010068608910891305,0.010068608910891305,1.0,0.6842105263157895,0.25506722318642877,0.0019314236111111112,0.0012648917764313354,202.0,0.693069306930693,0.0099009900990099,0.1089108910891089,0.8182522039613239
small_long,rotatable_xlink,r0020,3.25,pulse_03,4.288877,-1.414391457763642,0.01844878547854778,0.01844878547854778,1.0,0.6216216216216216,0.31639198484879844,0.0020399305555555557,0.004448609863561326,200.0,0.696969696969697,0.0,0.11111111111111112,0.8155292172072713
small_long,rotatable_xlink,r0020,3.3,pulse_03,4.319564,-1.4247957527953532,0.0013528333333332476,0.0013528333333332476,1.0,0.6486486486486487,0.32697901707402444,0.002018229166666667,0.015895041651820357,200.0,0.71,0.0,0.1,0.8032631601075363
small_long,rotatable_xlink,r0020,3.35,pulse_03,4.296994,-1.31902120785272,0.005129499999999935,-0.005129499999999935,1.0,0.6266666666666667,0.31371470282633923,0.001953125,0.008645991699833858,200.0,0.72,0.0,0.09999999999999999,0.8019884954405055
small_long,rotatable_xlink,r0020,3.4,pulse_03,4.288787,-1.37291980259635,0.0004434999999999671,-0.0004434999999999671,1.0,0.631578947368421,0.3370499782728201,0.001974826388888889,0.003599419599208953,200.0,0.7100000000000002,0.0,0.1,0.8070145522402924
small_long,rotatable_xlink,r0020,3.45,pulse_03,4.294333,-1.3406177254479736,0.00832449999999992,0.00832449999999992,1.0,0.6533333333333333,0.1890901043607675,0.0018880208333333333,0.028139995517026912,200.0,0.7100000000000001,0.0,0.1,0.7928136535683384
small_long,rotatable_xlink,r0020,3.5,pulse_03,4.338734,-1.2040798294941886,0.008664666666666765,-0.008664666666666765,1.0,0.6533333333333333,0.2826470730384211,0.001974826388888889,0.029041681189418373,200.0,0.71,0.0,0.1,0.7681839502457803
small_long,rotatable_xlink,r0020,3.55,pulse_03,4.242344999999999,-1.1663676383114634,0.022836499999999926,-0.022836499999999926,1.0,0.6533333333333333,0.26248160172380264,0.001974826388888889,0.0018517693994033468,200.0,0.69,0.01,0.09999999999999999,0.8010303060394641
small_long,rotatable_xlink,r0020,3.6,pulse_03,4.201715,-1.1929692130977685,0.01185149999999983,-0.01185149999999983,1.0,0.6578947368421053,0.18472184910638187,0.001974826388888889,0.0002218493569178618,200.0,0.6900000000000002,0.01,0.11000000000000001,0.7949520645464178
small_long,rotatable_xlink,r0020,3.65,pulse_03,4.171236,-1.1676987344529706,0.0044455976430977096,-0.0044455976430977096,1.0,0.6533333333333333,0.2677100960890242,0.0019965277777777776,0.01039777810831403,200.0,0.7099999999999996,0.009999999999999998,0.09999999999999998,0.8003349151689073
small_long,rotatable_xlink,r0020,3.7,pulse_03,4.175041414141414,-1.1305825444478843,0.0011460202020202221,0.0011460202020202221,1.0,0.4864864864864865,0.25323434741463197,0.0019965277777777776,0.0025698448452609046,198.0,0.696969696969697,0.0,0.10101010101010102,0.7946969548510503
small_long,rotatable_xlink,r0020,3.75,pulse_03,4.178112121212122,-1.1522796653814051,0.002163804713804692,-0.002163804713804692,1.0,0.49333333333333335,0.1887013455709967,0.0020399305555555557,0.01136497034177697,198.0,0.693877551020408,0.0,0.11224489795918369,0.8012238005298095
small_long,rotatable_xlink,r0020,3.8,pulse_03,4.162058585858586,-1.1987723664985461,0.0021121212121212687,-0.0021121212121212687,1.0,0.5277777777777778,0.2653034836179296,0.0018880208333333333,0.0038582602979062943,198.0,0.7171717171717173,0.0,0.10101010101010102,0.7720552033292042
small_long,rotatable_xlink,r0020,3.85,pulse_03,4.165439393939394,-1.1291301035939674,0.0015523569023569255,0.0015523569023569255,1.0,0.5342465753424658,0.2608113089862386,0.001953125,0.005650603466289317,198.0,0.6969696969696971,0.0,0.10101010101010102,0.7814615707916627
small_long,rotatable_xlink,r0020,3.9,pulse_03,4.171372727272727,-1.1648687457008102,0.000943771043770969,0.000943771043770969,1.0,0.5342465753424658,0.2612335292160574,0.002018229166666667,0.003788793957596348,198.0,0.7070707070707072,0.0,0.101010101010101,0.7989321588175748
small_long,rotatable_xlink,r0020,3.95,pulse_03,4.17110202020202,-1.1518628673395455,0.004576430976431123,-0.004576430976431123,1.0,0.5342465753424658,0.2929553665916048,0.001953125,0.0029877936154020603,198.0,0.7070707070707071,0.0,0.10101010101010102,0.7753272199475577
small_long,rotatable_xlink,r0020,4.0,pulse_03,4.1439141414141405,-1.1469419840083979,0.009062626262626475,-0.009062626262626475,1.0,0.5135135135135135,0.1968253154901937,0.0019965277777777776,0.0016402944437158655,198.0,0.6969696969696972,0.0,0.10101010101010102,0.795186590953413
small_long,rotatable_xlink,r0020,4.05,pulse_04,4.13720297029703,-1.1556795597568499,0.019555115511551275,-0.019555115511551275,1.0,0.5135135135135135,0.27992881681804316,0.001974826388888889,0.015463697704009164,202.0,0.6969696969696972,0.0,0.10101010101010102,0.7983263217742246
small_long,rotatable_xlink,r0020,4.1,pulse_04,4.078537623762376,-1.2020706528688774,0.013381353135313448,-0.013381353135313448,1.0,0.5135135135135135,0.26885180217084204,0.002018229166666667,0.004462234136574539,202.0,0.6633663366336633,0.0,0.10891089108910892,0.8014490585964993
small_long,rotatable_xlink,r0020,4.15,pulse_04,4.056914851485149,-1.1289061549374027,0.01254537953795376,-0.01254537953795376,1.0,0.49333333333333335,0.2685960335748441,0.002105034722222222,0.02390691031191916,202.0,0.6633663366336634,0.0,0.1188118811881188,0.7797003576752044
small_long,rotatable_xlink,r0020,4.2,pulse_04,4.003265346534653,-1.0586291909973624,6.699669967010398e-05,-6.699669967010398e-05,1.0,0.4864864864864865,0.2701106809028081,0.0020833333333333333,0.017275864124959368,202.0,0.6732673267326733,0.0,0.1287128712871287,0.7967812728494933
small_long,rotatable_xlink,r0020,4.25,pulse_04,4.056512871287128,-1.0252509701876464,0.0021528052805281916,0.0021528052805281916,1.0,0.4794520547945205,0.24220771213527253,0.0020833333333333333,0.018768204693017137,202.0,0.6831683168316832,0.0,0.1188118811881188,0.7758954971138571
small_long,rotatable_xlink,r0020,4.3,pulse_04,4.016182178217822,-0.9460199628392596,0.007329207920792058,-0.007329207920792058,1.0,0.45714285714285713,0.2633539650773136,0.0020616319444444445,0.01879640434920023,202.0,0.67,0.0,0.13000000000000003,0.8176119678927999
small_long,rotatable_xlink,r0020,4.35,pulse_04,4.012537623762376,-0.912472544092445,0.0021904290429041553,0.0021904290429041553,1.0,0.4647887323943662,0.2807792410430513,0.0020833333333333333,0.002301339293960166,202.0,0.6831683168316833,0.0,0.11881188118811883,0.8033586166334645
small_long,rotatable_xlink,r0020,4.4,pulse_04,4.029324752475247,-0.9322119270754986,0.0008366336633662819,-0.0008366336633662819,1.0,0.4864864864864865,0.20106103079687454,0.0020616319444444445,0.0011215065974090055,202.0,0.6930693069306928,0.0,0.1188118811881188,0.8100672855602566
small_long,rotatable_xlink,r0020,4.45,pulse_04,4.007517821782178,-0.9192015836768991,0.012027227722772205,-0.012027227722772205,1.0,0.4722222222222222,0.26090306523800993,0.002018229166666667,0.0018349103553574146,202.0,0.6930693069306932,0.0,0.1287128712871287,0.7959638956150454
small_long,rotatable_xlink,r0020,4.5,pulse_04,3.957161386138614,-0.9212024649433541,0.017974257425742584,-0.017974257425742584,1.0,0.43661971830985913,0.22482690123402774,0.001974826388888889,0.004874767607013553,202.0,0.6831683168316832,0.0,0.1188118811881188,0.797250481142889
small_long,rotatable_xlink,r0020,4.55,pulse_04,3.899672277227723,-0.9484501893189804,0.014611881188118922,-0.014611881188118922,1.0,0.4444444444444444,0.2584999932621533,0.001974826388888889,0.0009305166383540101,202.0,0.6831683168316832,0.0,0.1386138613861386,0.7942265967515858
small_long,rotatable_xlink,r0020,4.6,pulse_04,3.8694900990099006,-0.9267855647734782,0.00803300330033004,-0.00803300330033004,1.0,0.43661971830985913,0.19703906400522758,0.0020399305555555557,0.010013914632611717,202.0,0.6831683168316833,0.0,0.1386138613861386,0.7878536737603276
small_long,rotatable_xlink,r0020,4.65,pulse_04,3.8514742574257426,-0.8883667015233101,0.010180363036303541,-0.010180363036303541,1.0,0.42857142857142855,0.28252203160326955,0.001974826388888889,0.01059332745723838,202.0,0.6732673267326732,0.0,0.1287128712871287,0.8144835016668815
small_long,rotatable_xlink,r0020,4.7,pulse_04,3.8084079207920793,-0.8632256000300479,0.008265346534653458,-0.008265346534653458,1.0,0.4492753623188406,0.271730150028841,0.0019965277777777776,0.002404831037558693,202.0,0.6435643564356437,0.0,0.13861386138613863,0.8208453440128792
small_long,rotatable_xlink,r0020,4.75,pulse_04,3.801882178217822,-0.8739377152979579,0.001291089108910996,-0.001291089108910996,1.0,0.42857142857142855,0.2064927661686659,0.0021484375,0.007181079844972811,202.0,0.6435643564356436,0.0,0.12871287128712872,0.8236834506033114
small_long,rotatable_xlink,r0020,4.8,pulse_04,3.8006613861386134,-0.9063120790998848,0.008756435643564394,-0.008756435643564394,1.0,0.42857142857142855,0.20901050080480066,0.002018229166666667,0.006921041639211052,202.0,0.6534653465346534,0.0,0.1386138613861386,0.8146399044313469
small_long,rotatable_xlink,r0020,4.85,pulse_04,3.7493435643564355,-0.9154639651332243,0.01694504950495035,-0.01694504950495035,1.0,0.4492753623188406,0.2848403675477563,0.0019965277777777776,0.001018699547706392,202.0,0.6435643564356436,0.0,0.13861386138613863,0.8140690045677356
small_long,rotatable_xlink,r0020,4.9,pulse_04,3.6989910891089113,-0.9124242763861231,0.007866006600659873,-0.007866006600659873,1.0,0.42028985507246375,0.16681750134676115,0.001974826388888889,0.008294123119883387,202.0,0.6336633663366337,0.0,0.1485148514851485,0.8170699485524352
small_long,rotatable_xlink,r0020,4.95,pulse_04,3.702147524752476,-0.8656992264139239,0.0023280528052804783,-0.0023280528052804783,1.0,0.4411764705882353,0.23418257810083873,0.002105034722222222,0.00952454403130539,202.0,0.6336633663366338,0.0,0.15841584158415842,0.8041263749432075
small_long,rotatable_xlink,r0020,5.0,pulse_04,3.6850227722772284,-0.8552770121982908,0.005708250825082602,-0.005708250825082602,1.0,0.4411764705882353,0.2341523914176052,0.0020399305555555557,0.0034740714052110544,202.0,0.6336633663366338,0.0,0.15841584158415842,0.8229156922935688
small_long,rotatable_xlink,r0020,5.05,pulse_05,3.723790384615384,-0.8031044842924301,0.0034477564102563343,-0.0034477564102563343,1.0,0.43661971830985913,0.28709898576280085,0.0019314236111111112,2.291154547710376e-05,208.0,0.6442307692307692,0.0,0.15384615384615383,0.8155031553827363
small_long,rotatable_xlink,r0020,5.1,pulse_05,3.713447115384615,-0.8031732189288614,0.00047115384615392664,0.00047115384615392664,1.0,0.45714285714285713,0.2619747764637188,0.002105034722222222,0.00227680617192901,208.0,0.625,0.0,0.14423076923076922,0.8216857439630335
small_long,rotatable_xlink,r0020,5.15,pulse_05,3.7266173076923077,-0.8167653213240041,0.008284134615384575,-0.008284134615384575,1.0,0.45714285714285713,0.22616926773915522,0.0020616319444444445,0.006672225983595866,208.0,0.6346153846153846,0.0,0.15384615384615383,0.8325428518379789
small_long,rotatable_xlink,r0020,5.2,pulse_05,3.6637423076923077,-0.8432065748304366,0.012028525641025597,-0.012028525641025597,1.0,0.4647887323943662,0.20766856575632403,0.0020616319444444445,0.0012457835251717952,208.0,0.596153846153846,0.0,0.15384615384615383,0.8269252047888348
small_long,rotatable_xlink,r0020,5.25,pulse_05,3.654446153846154,-0.8242400224750349,0.01642580128205129,-0.01642580128205129,1.0,0.42857142857142855,0.2426314654916479,0.002170138888888889,0.00043215551970071653,208.0,0.625,0.0,0.15384615384615385,0.8429791504356965
small_long,rotatable_xlink,r0020,5.3,pulse_05,3.5651875,-0.8457995079486409,0.014629807692307706,-0.014629807692307706,1.0,0.42028985507246375,0.2959017752792374,0.0019965277777777776,0.001968828792382138,208.0,0.6057692307692306,0.0,0.15384615384615383,0.8345990162399785
small_long,rotatable_xlink,r0020,5.35,pulse_05,3.566667307692308,-0.8124270497207421,0.003116987179487163,-0.003116987179487163,1.0,0.42028985507246375,0.23624831235614857,0.0020399305555555557,0.008933209390496225,208.0,0.5961538461538461,0.0,0.15384615384615383,0.8449368077565841
small_long,rotatable_xlink,r0020,5.4,pulse_05,3.546485576923077,-0.7922002516056635,0.010652724358974464,-0.010652724358974464,1.0,0.42028985507246375,0.26001818346180133,0.002105034722222222,0.00240839272940635,208.0,0.6057692307692308,0.0,0.15384615384615383,0.8504512721168935
small_long,rotatable_xlink,r0020,5.45,pulse_05,3.502750961538461,-0.797976693344304,0.015539262820512878,-0.015539262820512878,1.0,0.42028985507246375,0.20865968480178226,0.002126736111111111,0.010200800334329518,208.0,0.5961538461538461,0.0,0.16346153846153846,0.8535568302468354
small_long,rotatable_xlink,r0020,5.5,pulse_05,3.4532499999999997,-0.7309954495996864,0.013537980769230703,-0.013537980769230703,1.0,0.4117647058823529,0.1852611628139103,0.001953125,0.011588686617712082,208.0,0.6057692307692307,0.0,0.16346153846153846,0.811981212504865
small_long,rotatable_xlink,r0020,5.55,pulse_05,3.421523076923077,-0.7284445736380315,0.004744551282051275,-0.004744551282051275,1.0,0.391304347826087,0.22248132865978532,0.0019965277777777776,0.00023776077554490035,208.0,0.596153846153846,0.0,0.16346153846153846,0.8405618098370976
small_long,rotatable_xlink,r0020,5.6,pulse_05,3.424782692307692,-0.7324220142529558,0.0015174679487179876,-0.0015174679487179876,1.0,0.391304347826087,0.22420199069778893,0.0020399305555555557,0.00010637132721748784,208.0,0.5961538461538463,0.0,0.16346153846153846,0.8382346517395227
small_long,rotatable_xlink,r0020,5.65,pulse_05,3.412418269230769,-0.7278063456747266,0.0035729166666666292,-0.0035729166666666292,1.0,0.42028985507246375,0.24599582655134158,0.0020616319444444445,4.797507699227932e-05,208.0,0.5865384615384615,0.0,0.16346153846153846,0.847105574613994
small_long,rotatable_xlink,r0020,5.7,pulse_05,3.4033451923076923,-0.7321341637910022,0.0022533653846153654,-0.0022533653846153654,1.0,0.4117647058823529,0.2788241519080003,0.002126736111111111,0.0053960353063927284,208.0,0.5865384615384615,0.009615384615384614,0.17307692307692307,0.8481060088060873
small_long,rotatable_xlink,r0020,5.75,pulse_05,3.3988980769230768,-0.6954301338363702,0.01110929487179487,-0.01110929487179487,1.0,0.4117647058823529,0.2985977081309576,0.002105034722222222,0.006029588031833381,208.0,0.5865384615384615,0.009615384615384614,0.1634615384615385,0.8421347808407369
small_long,rotatable_xlink,r0020,5.8,pulse_05,3.336689423076923,-0.6959566356000019,0.00613980893701771,-0.00613980893701771,1.0,0.40298507462686567,0.2762392029770769,0.0020833333333333333,0.0007938593777020072,208.0,0.5865384615384615,0.01923076923076923,0.17307692307692307,0.8334901530433488
small_long,rotatable_xlink,r0020,5.85,pulse_05,3.3620592233009705,-0.6906669775701582,0.004800468322130917,0.004800468322130917,1.0,0.43283582089552236,0.2454038417582492,0.0020399305555555557,0.003934066871679613,206.0,0.58252427184466,0.009708737864077669,0.16504854368932037,0.8363498932042583
small_long,rotatable_xlink,r0020,5.9,pulse_05,3.3654922330097086,-0.6723522343699242,0.01294029284853108,0.01294029284853108,1.0,0.45714285714285713,0.23876957217586461,0.002105034722222222,0.012791840449385564,206.0,0.5728155339805824,0.009708737864077669,0.16504854368932037,0.8410804081524001
small_long,rotatable_xlink,r0020,5.95,pulse_05,3.439700980392157,-0.6139159348738448,0.008223026524525778,0.008223026524525778,1.0,0.45454545454545453,0.19909758050239593,0.0020399305555555557,0.010096993452844705,204.0,0.588235294117647,0.00980392156862745,0.15686274509803924,0.8445148134368805
small_long,rotatable_xlink,r0020,6.0,pulse_05,3.4148303921568632,-0.611770273652856,0.008290196078431252,-0.008290196078431252,1.0,0.4626865671641791,0.24253984004744122,0.0020616319444444445,0.0007152204069962679,204.0,0.5588235294117647,0.00980392156862745,0.15686274509803924,0.839677285354507
small_long,rotatable_xlink,r0020,6.05,pulse_06,3.431392307692307,-0.5501771284202939,0.0019769230769231725,0.0019769230769231725,1.0,0.45714285714285713,0.1368233966088735,0.002018229166666667,0.012100668734885503,208.0,0.5673076923076924,0.009615384615384616,0.15384615384615385,0.8492541606935659
small_long,rotatable_xlink,r0020,6.1,pulse_06,3.4373230769230765,-0.5864791346249504,0.007562499999999843,-0.007562499999999843,1.0,0.45714285714285713,0.2516808714774884,0.0020616319444444445,0.006410560820136413,208.0,0.5673076923076923,0.0,0.1538461538461538,0.8336027554987594
small_long,rotatable_xlink,r0020,6.15,pulse_06,3.386017307692308,-0.5886404933411123,0.009615705128205013,-0.009615705128205013,1.0,0.43661971830985913,0.2122697974041566,0.002191840277777778,0.006734653222468671,208.0,0.5769230769230769,0.0,0.1538461538461538,0.8252226213030415
small_long,rotatable_xlink,r0020,6.2,pulse_06,3.3796288461538464,-0.6268870539597624,0.007003205128205181,-0.007003205128205181,1.0,0.43661971830985913,0.2522454170583256,0.002126736111111111,0.011066858639253663,208.0,0.5673076923076922,0.009615384615384614,0.15384615384615385,0.8194776884147744
small_long,rotatable_xlink,r0020,6.25,pulse_06,3.343998076923077,-0.6550416451766343,0.016429166666666717,-0.016429166666666717,1.0,0.40540540540540543,0.26069348587333474,0.002105034722222222,0.00021253028742174163,208.0,0.5673076923076924,0.0,0.17307692307692313,0.8378321112874676
small_long,rotatable_xlink,r0020,6.3,pulse_06,3.281053846153846,-0.6281622356842929,0.01587339743589748,-0.01587339743589748,1.0,0.40540540540540543,0.1568198532139949,0.002018229166666667,0.009701226976264002,208.0,0.5576923076923077,0.009615384615384614,0.17307692307692304,0.8264451771213438
small_long,rotatable_xlink,r0020,6.35,pulse_06,3.248757692307692,-0.5968342833190503,0.00852083333333331,-0.00852083333333331,1.0,0.3888888888888889,0.22483724490561946,0.0020833333333333333,0.005811594579477682,208.0,0.5576923076923077,0.009615384615384614,0.17307692307692307,0.8351534478382933
small_long,rotatable_xlink,r0020,6.4,pulse_06,3.2299288461538462,-0.5932926682074268,0.0003277632561614248,0.0003277632561614248,1.0,0.4246575342465753,0.17890283357867354,0.002018229166666667,0.004929939923037548,208.0,0.5436893203883494,0.009708737864077669,0.17475728155339804,0.8261296149253703
small_long,rotatable_xlink,r0020,6.45,pulse_06,3.2507242718446605,-0.567254643780825,0.004918493278566046,0.004918493278566046,1.0,0.3424657534246575,0.19283622377903128,0.002170138888888889,0.002317212867587922,206.0,0.553398058252427,0.0,0.17475728155339804,0.8486893355162728
small_long,rotatable_xlink,r0020,6.5,pulse_06,3.2594398058252425,-0.5793893910018992,0.00886828478964404,0.00886828478964404,1.0,0.3424657534246575,0.18542792159442012,0.0021484375,0.0011047192037555258,206.0,0.5436893203883494,0.0,0.16504854368932037,0.8325255944550974
small_long,rotatable_xlink,r0020,6.55,pulse_06,3.3039339805825247,-0.5738829590033582,0.0034953074433655327,-0.0034953074433655327,1.0,0.3424657534246575,0.22442411509823373,0.002126736111111111,0.0056505914843251554,206.0,0.58252427184466,0.0,0.16504854368932037,0.835497325846241
small_long,rotatable_xlink,r0020,6.6,pulse_06,3.2384679611650493,-0.6132929399078502,0.01902993527508105,-0.01902993527508105,1.0,0.3424657534246575,0.1870787422089909,0.0020833333333333333,0.0004868060910039144,206.0,0.5631067961165048,0.0,0.1650485436893204,0.8364035420452218
small_long,rotatable_xlink,r0020,6.65,pulse_06,3.1897543689320385,-0.5768037955493817,0.008288187702265434,-0.008288187702265434,1.0,0.32432432432432434,0.18155265660306646,0.002105034722222222,0.007846660264012336,206.0,0.5339805825242717,0.0,0.16504854368932037,0.8150031204475016
small_long,rotatable_xlink,r0020,6.7,pulse_06,3.1887388349514567,-0.5662129783237762,0.00020889967637545878,0.00020889967637545878,1.0,0.3150684931506849,0.21294817557434123,0.0021484375,0.003009260935675828,206.0,0.5339805825242717,0.0,0.16504854368932037,0.8487890524928918
small_long,rotatable_xlink,r0020,6.75,pulse_06,3.191007766990291,-0.5587482299353267,0.002205501618122977,-0.002205501618122977,1.0,0.3333333333333333,0.2319563186013728,0.0020616319444444445,0.003037410067974644,206.0,0.5339805825242717,0.0,0.16504854368932037,0.8421754463335982
small_long,rotatable_xlink,r0020,6.8,pulse_06,3.175505825242719,-0.5479885179159283,0.003777669902912617,-0.003777669902912617,1.0,0.34285714285714286,0.1585895492619466,0.002018229166666667,0.0031534016461586822,206.0,0.5339805825242717,0.0,0.16504854368932037,0.8426461557573662
small_long,rotatable_xlink,r0020,6.85,pulse_06,3.1683417475728155,-0.5776686398122788,0.0037048543689321978,-0.0037048543689321978,1.0,0.3055555555555556,0.18821240017522678,0.0020833333333333333,0.0019036389750236953,206.0,0.5339805825242717,0.0,0.17475728155339804,0.845053858749329
small_long,rotatable_xlink,r0020,6.9,pulse_06,3.1532766990291257,-0.5594103517660705,0.0037794498381876394,0.0037794498381876394,1.0,0.3333333333333333,0.21421660692599148,0.0020616319444444445,0.003647481121960283,206.0,0.5339805825242717,0.0,0.17475728155339804,0.8337494077763431
small_long,rotatable_xlink,r0020,6.95,pulse_06,3.1910184466019413,-0.5557837530805171,0.0034495145631069,0.0034495145631069,1.0,0.32432432432432434,0.25655662211231095,0.002105034722222222,0.016387424308192778,206.0,0.519607843137255,0.0,0.17647058823529416,0.8424290480957748
small_long,rotatable_xlink,r0020,7.0,pulse_06,3.173973786407767,-0.4610858059169138,0.005681553398058092,-0.005681553398058092,1.0,0.2631578947368421,0.17751122463284966,0.0020616319444444445,0.031565982387867765,206.0,0.5339805825242717,0.0,0.17475728155339804,0.832768065278278
small_long,rotatable_xlink,r0020,7.05,pulse_07,3.2033819047619043,-0.5161270166118705,0.023553788156288242,0.023553788156288242,1.0,0.3150684931506849,0.19842269706058027,0.002105034722222222,0.011609012826819217,210.0,0.5333333333333333,0.009523809523809523,0.17142857142857143,0.8163543676913778
small_long,rotatable_xlink,r0020,7.1,pulse_07,3.274043269230769,-0.4812999781314129,0.009535387667887788,0.009535387667887788,1.0,0.2328767123287671,0.15587322031305353,0.002126736111111111,0.006938334180707588,208.0,0.5384615384615384,0.0,0.15384615384615383,0.8178387478485425
small_long,rotatable_xlink,r0020,7.15,pulse_07,3.260594230769231,-0.474497011527625,0.0007338141025640491,-0.0007338141025640491,1.0,0.2328767123287671,0.15028328638875973,0.0021484375,0.0029820207692370926,208.0,0.5384615384615384,0.0,0.16346153846153846,0.8224070011697443
small_long,rotatable_xlink,r0020,7.2,pulse_07,3.2696403846153848,-0.49919210274683545,0.0026921474358974073,-0.0026921474358974073,1.0,0.2222222222222222,0.20377392053348387,0.0020833333333333333,0.0029524955021328902,208.0,0.5339805825242717,0.0,0.16504854368932037,0.8166976431925154
small_long,rotatable_xlink,r0020,7.25,pulse_07,3.2444413461538466,-0.49221198454042236,0.0028519230769230575,-0.0028519230769230575,1.0,0.2112676056338028,0.18991033054894363,0.002105034722222222,0.0008571082349567716,208.0,0.5384615384615384,0.0,0.1923076923076923,0.8271163846259433
small_long,rotatable_xlink,r0020,7.3,pulse_07,3.2525288461538464,-0.5043347521565761,0.0026399038461538313,0.0026399038461538313,1.0,0.2222222222222222,0.1595403904154328,0.002126736111111111,0.0028638868651153504,208.0,0.5384615384615385,0.0,0.19230769230769226,0.8501516632752486
small_long,rotatable_xlink,r0020,7.35,pulse_07,3.2602807692307696,-0.47502866334973026,0.002955608974358981,-0.002955608974358981,1.0,0.2328767123287671,0.19696071904962123,0.001974826388888889,0.005494391328071076,208.0,0.5339805825242717,0.0,0.1844660194174757,0.8387081613250722
small_long,rotatable_xlink,r0020,7.4,pulse_07,3.2347951923076925,-0.4713684041881496,0.008103044871794918,-0.008103044871794918,1.0,0.2222222222222222,0.14844518750157684,0.0020833333333333333,0.0005904770097568587,208.0,0.5384615384615385,0.0,0.18269230769230765,0.8340052959508147
small_long,rotatable_xlink,r0020,7.45,pulse_07,3.2116625,-0.4785715254082714,0.007942467948717965,-0.007942467948717965,1.0,0.2328767123287671,0.16540525219909055,0.0021484375,0.001700065302995037,208.0,0.5384615384615385,0.0,0.1826923076923077,0.8315571010295983
small_long,rotatable_xlink,r0020,7.5,pulse_07,3.1871403846153847,-0.48156879600611985,0.010286698717948628,-0.010286698717948628,1.0,0.2328767123287671,0.16677835230063306,0.002126736111111111,5.866941252811545e-05,208.0,0.5384615384615384,0.0,0.1923076923076923,0.8393233341583141
small_long,rotatable_xlink,r0020,7.55,pulse_07,3.1499423076923083,-0.4789235418834401,0.0032108974358974565,-0.0032108974358974565,1.0,0.24324324324324326,0.10048364678808061,0.0020399305555555557,0.007630376736461923,208.0,0.5384615384615383,0.0,0.20192307692307687,0.8337546466450189
small_long,rotatable_xlink,r0020,7.6,pulse_07,3.167875,-0.4357865355873483,0.006696955128205007,0.006696955128205007,1.0,0.24324324324324326,0.134236596877413,0.0020616319444444445,0.010932871799302857,208.0,0.5384615384615385,0.0,0.21153846153846154,0.8351534478382933
small_long,rotatable_xlink,r0020,7.65,pulse_07,3.1901240384615384,-0.41332631108762297,0.009355608974358942,0.009355608974358942,1.0,0.2328767123287671,0.1338881603790283,0.002018229166666667,0.00674803973854531,208.0,0.5384615384615384,0.0,0.19230769230769226,0.8336027554987594
small_long,rotatable_xlink,r0020,7.7,pulse_07,3.2240086538461536,-0.39529829715607645,0.00027387820512821587,0.00027387820512821587,1.0,0.2328767123287671,0.20407643925413016,0.002170138888888889,0.0015447608465315454,208.0,0.5384615384615384,0.0,0.20192307692307693,0.8318608833221172
small_long,rotatable_xlink,r0020,7.75,pulse_07,3.1917673076923077,-0.42259487616681224,0.007014423076923053,-0.007014423076923053,1.0,0.2328767123287671,0.17452994887152362,0.0021484375,0.0034455720154671723,208.0,0.5384615384615383,0.0,0.2115384615384615,0.8280733566763133
small_long,rotatable_xlink,r0020,7.8,pulse_07,3.1819221153846153,-0.4159717292488795,0.0055387820512819985,-0.0055387820512819985,1.0,0.2222222222222222,0.13475224496466898,0.0019965277777777776,0.0009954170625814847,208.0,0.5339805825242717,0.0,0.20388349514563103,0.8257586224782212
small_long,rotatable_xlink,r0020,7.85,pulse_07,3.1585346153846157,-0.41662237379132333,0.00462083333333337,-0.00462083333333337,1.0,0.2222222222222222,0.17876942850786312,0.002126736111111111,0.00550011096066963,208.0,0.5384615384615385,0.0,0.20192307692307693,0.8478160708094424
small_long,rotatable_xlink,r0020,7.9,pulse_07,3.154197115384615,-0.44897239501289726,0.004623717948718002,-0.004623717948718002,1.0,0.2222222222222222,0.15327520858104712,0.0019965277777777776,0.0038754941031981884,208.0,0.5384615384615385,0.0,0.20192307692307693,0.8427285011299006
small_long,rotatable_xlink,r0020,7.95,pulse_07,3.1307923076923077,-0.43987533841051246,0.005211378205128255,-0.005211378205128255,1.0,0.2328767123287671,0.15165985254309702,0.002105034722222222,0.0019484128420425295,208.0,0.5384615384615385,0.0,0.20192307692307687,0.8406192037411779
small_long,rotatable_xlink,r0020,8.0,pulse_07,3.1229288461538456,-0.46066287206515244,0.002621153846154023,-0.002621153846154023,1.0,0.2328767123287671,0.10313384480069922,0.0020616319444444445,0.006929177884879993,208.0,0.5384615384615385,0.0,0.20192307692307696,0.8212588492822659
