xlink_regime,threshold_vz_abs,n_frame_values
1:4,0.009560635356359143,8000
1:8,0.009853449874497095,8000
1:16,0.009608760109627612,8000
