variant,variant_label,scenario,condition,time_min,phase_name,n_replicates,vz_abs_mean,vz_abs_sd,vz_abs_sem,vz_abs_n,speckle_length_proxy_um_mean,speckle_length_proxy_um_sd,speckle_length_proxy_um_sem,speckle_length_proxy_um_n,chewer_band_mass_fraction_mean,chewer_band_mass_fraction_sd,chewer_band_mass_fraction_sem,chewer_band_mass_fraction_n,bottom_half_mass_fraction_mean,bottom_half_mass_fraction_sd,bottom_half_mass_fraction_sem,bottom_half_mass_fraction_n,axial_spread_entropy_mean,axial_spread_entropy_sd,axial_spread_entropy_sem,axial_spread_entropy_n
baseline,Baseline chewing,large_long,nomotor_xlink,0.0,initial,5,0.0681541979357552,0.04143734467131781,0.018531343898431057,5,460.8,33.30465432938765,14.894294209528692,5,0.24681877770326813,0.03798585177711858,0.016987789351373666,5,0.4694922654733701,0.06970790395771562,0.031174322363695748,5,0.9256207167254221,0.008508886551613975,0.003805289748448524,5
baseline,Baseline chewing,large_long,nomotor_xlink,0.05,initial,5,0.07887786877423777,0.045251868734991,0.020237250920067458,5,516.8,41.19708727568006,18.423897524682445,5,0.2398982228280532,0.03785241945493727,0.01692811660281505,5,0.4610552826772875,0.0684926334575134,0.03063083687379528,5,0.9331824924807501,0.008742906753917869,0.003909946764540476,5
baseline,Baseline chewing,large_long,nomotor_xlink,0.1,initial,5,0.08806826232589073,0.036289263130681,0.016229051842715912,5,560.0,42.5205832509386,19.01578291840754,5,0.23077522782707516,0.03434338149812414,0.015358827121402827,5,0.4498124745233751,0.06859277481720315,0.030675621451320387,5,0.9377603534698722,0.008345655539353979,0.003732290620558633,5
baseline,Baseline chewing,large_long,nomotor_xlink,0.15000000000000002,initial,5,0.09010960076766947,0.021216168143975943,0.00948815883839915,5,614.8,33.30465432938766,14.894294209528695,5,0.20768487876182679,0.029874373110357486,0.013360225811990232,5,0.435949889162473,0.07155081772219588,0.03199849845450533,5,0.9419086924579181,0.008925285190670216,0.003991508880982155,5
baseline,Baseline chewing,large_long,nomotor_xlink,0.2,initial,5,0.08280419083395088,0.03611019243745151,0.01614896899414808,5,663.2,31.799371062962862,14.22111106770494,5,0.1993780290063384,0.029668136791424892,0.01326799412627771,5,0.42256097166875595,0.07022892985912323,0.03140733223041285,5,0.9442210366988093,0.008042294063259516,0.003596623244098254,5
baseline,Baseline chewing,large_long,nomotor_xlink,0.25,initial,5,0.08687346603761718,0.04247290446588583,0.018994460317515022,5,708.0,22.759613353482084,10.178408519999577,5,0.18896591426598877,0.028888296282260837,0.012919238848257936,5,0.4125548602807136,0.06837551249941383,0.030578458789015172,5,0.9457340243842246,0.0054303507456824945,0.002428526681802546,5
baseline,Baseline chewing,large_long,nomotor_xlink,0.30000000000000004,initial,5,0.07017117467287455,0.03612152109622136,0.016154035324368737,5,762.0,28.809720581775867,12.884098726725124,5,0.17651447800026004,0.022708542605274974,0.010155568987069003,5,0.4020599630775263,0.06485767771818991,0.029005235248129216,5,0.9504517193018993,0.0045697338437853015,0.0020436471027570676,5
baseline,Baseline chewing,large_long,nomotor_xlink,0.35000000000000003,initial,5,0.05244008106916005,0.014710189934333005,0.006578596931020353,5,794.4,30.737599125501003,13.746272221951665,5,0.17148677240946353,0.023597739106911295,0.010553229751671766,5,0.3966470649305324,0.06378715345602196,0.028526482243775145,5,0.9486763415328957,0.004537504126674534,0.002029233535086015,5
baseline,Baseline chewing,large_long,nomotor_xlink,0.4,initial,5,0.047142735664482974,0.0085960283315388,0.003844260737166971,5,832.8,32.112302938282085,14.361058456812994,5,0.16206672209131073,0.020690743612752117,0.009253181844626663,5,0.38968944970442554,0.06318270328119721,0.028256163907791194,5,0.9526850263308141,0.004927723745008915,0.0022037450536359546,5
baseline,Baseline chewing,large_long,nomotor_xlink,0.45,initial,5,0.0376325120785065,0.019972778379520655,0.008932098031229255,5,872.0,34.95711658589707,15.633297796690242,5,0.15518904739799913,0.02066182774895089,0.00924025027720913,5,0.38867685712509437,0.0610566644559895,0.027305370440597547,5,0.9546495481535185,0.004166341144320858,0.00186324440323114,5
baseline,Baseline chewing,large_long,nomotor_xlink,0.5,initial,5,0.05711958825784121,0.01587540296042821,0.007099696037943776,5,909.6,34.99714274051526,15.65119803721108,5,0.1497163736241419,0.01918008727153328,0.008577595790705377,5,0.38302851878353195,0.05793067025338023,0.02590738333373663,5,0.9531556137691659,0.0031849474559497186,0.0014243518032537176,5
baseline,Baseline chewing,large_long,nomotor_xlink,0.55,initial,5,0.05521131607276818,0.01568163606550525,0.007013040848176416,5,947.6,36.31528603770043,16.240689640529432,5,0.1432296252468094,0.02344464407310731,0.010484763571151098,5,0.37348438157386626,0.05601956363166451,0.025052710470055365,5,0.9518969123169837,0.003707867617411386,0.0016582088088204082,5
baseline,Baseline chewing,large_long,nomotor_xlink,0.6000000000000001,initial,5,0.03517760440134102,0.02100843846922348,0.009395259303661065,5,982.4,34.275355578024275,15.328405005087774,5,0.13729132029561447,0.022218004198888818,0.009936193542618231,5,0.367561560360675,0.04896674717249155,0.02189859506294734,5,0.9514809437867996,0.0033031271923478853,0.0014772033880835788,5
baseline,Baseline chewing,large_long,nomotor_xlink,0.65,initial,5,0.032165774363334336,0.011101368184222216,0.004964682780634856,5,1005.2,40.904767448306075,18.2931681236466,5,0.1350092383932881,0.01983529004725734,0.008870611379818484,5,0.3656935512476963,0.04648111238634529,0.020786985393135105,5,0.9517256481337878,0.00407674532564366,0.001823175935018748,5
baseline,Baseline chewing,large_long,nomotor_xlink,0.7000000000000001,initial,5,0.03452832245936321,0.013145009493200818,0.005878626958335418,5,1032.4,41.24075654010241,18.443427013437603,5,0.13063605242383428,0.017675153947705607,0.0079045691479687,5,0.35994762551342857,0.0458493707719848,0.020504461954350003,5,0.9520066433126988,0.0033705699983009674,0.0015073647278244628,5
baseline,Baseline chewing,large_long,nomotor_xlink,0.75,initial,5,0.0334739560789799,0.00840027406089609,0.0037567167659583725,5,1061.6,33.38862081608043,14.93184516394407,5,0.1276675845739809,0.01994293042083762,0.008918749618308281,5,0.3555181901813341,0.04543107610600826,0.02031739489280018,5,0.9517094195544826,0.0029291465709617268,0.0013099541697461665,5
baseline,Baseline chewing,large_long,nomotor_xlink,0.8,initial,5,0.028769608453168987,0.006906268354996408,0.0030885771025255236,5,1090.0,37.44329045369811,16.745148551147583,5,0.12499934751775994,0.019801113144445177,0.008855327004228804,5,0.35356879031496347,0.043757918212287326,0.019569135935310105,5,0.9504943430128285,0.0034775144580440663,0.0015551917441849745,5
baseline,Baseline chewing,large_long,nomotor_xlink,0.8500000000000001,initial,5,0.022165506209676968,0.008779722726032885,0.003926411367801859,5,1109.6,37.825917041097625,16.916264363032397,5,0.12390435754684512,0.01633220668690126,0.007303984874897568,5,0.35142513882031695,0.044975250752138235,0.020113543597375928,5,0.9498068914952288,0.003846212223454643,0.0017200783975070385,5
baseline,Baseline chewing,large_long,nomotor_xlink,0.9,initial,5,0.031941657389844405,0.014408500820422556,0.006443677457665264,5,1128.0,34.66987164671943,15.504837954651443,5,0.12142079829646044,0.01657795381719586,0.007413886332620412,5,0.34787128160574626,0.04284179856998081,0.019159434776166075,5,0.9502212893895946,0.004542056951373228,0.0020312696201891987,5
baseline,Baseline chewing,large_long,nomotor_xlink,0.9500000000000001,initial,5,0.03339502394931192,0.01194471740765988,0.005341840019110511,5,1148.8,35.40056496724311,15.831613941730643,5,0.1189792999839006,0.0173465236054344,0.0077576011910112114,5,0.3430157286188124,0.04336287475822455,0.01939246713183997,5,0.9496103090211496,0.005213684763528302,0.00233163070890084,5
baseline,Baseline chewing,large_long,nomotor_xlink,1.0,initial,5,0.02508972394925347,0.017896496471029644,0.008003556533661475,5,1166.8,38.3301447949261,17.141761869772896,5,0.1175212591205325,0.014450191171139467,0.006462321949307029,5,0.33958066831918604,0.04334836956403465,0.01938598021179288,5,0.9498052629158591,0.004510726141490772,0.00201725805605174,5
baseline,Baseline chewing,large_long,nomotor_xlink,1.05,pulse_01,5,0.018371273676376542,0.012844348687785313,0.005744167358519636,5,1304.0,35.185224171518364,15.735310610216755,5,0.10386752529803314,0.013404043324390106,0.005994470409337708,5,0.3027790697908891,0.03982246265034167,0.017809146703522082,5,0.9456579314678984,0.005854116328866048,0.002618040411907199,5
baseline,Baseline chewing,large_long,nomotor_xlink,1.1,pulse_01,5,0.015850887806277955,0.01066255482322788,0.004768439479711158,5,1316.4,33.952908564657605,15.184202316881843,5,0.10353549405625398,0.013209380216919128,0.005907414421134417,5,0.30247883634334904,0.039634005794940974,0.017724866235621722,5,0.9450194223274465,0.006719365115676658,0.003004991432858749,5
baseline,Baseline chewing,large_long,nomotor_xlink,1.15,pulse_01,5,0.012521094006084565,0.004083769122937995,0.0018263170726608104,5,1333.2,36.32079294288604,16.243152403397563,5,0.10134877595967262,0.01292851039669163,0.005781805618963051,5,0.2997689253438179,0.039976322236268735,0.01787795480214666,5,0.9441617181687084,0.005853120715651746,0.002617595160141904,5
baseline,Baseline chewing,large_long,nomotor_xlink,1.2,pulse_01,5,0.014453923837763108,0.0061369685457641765,0.0027445357688213453,5,1345.6,34.85398112124352,15.587174214718969,5,0.10135908298075424,0.013786566918056228,0.006165540161024699,5,0.2976568366318725,0.039536706991709046,0.017681352887990526,5,0.9439596086917745,0.007321079801570192,0.003274086421002324,5
baseline,Baseline chewing,large_long,nomotor_xlink,1.25,pulse_01,5,0.018674372429644003,0.0036821742362366764,0.0016467183794447154,5,1362.0,35.014282800023196,15.658863304850707,5,0.09904209765972014,0.013251980619346107,0.005926465900273532,5,0.2957315059916511,0.04083577850707462,0.018262315331188744,5,0.9441983533555023,0.0069796203580029855,0.0031213811155272188,5
baseline,Baseline chewing,large_long,nomotor_xlink,1.3,pulse_01,5,0.014590634518052679,0.005001887689173434,0.002236912177762227,5,1373.6,35.927705186944515,16.067358214715945,5,0.09813890882082715,0.012985164382313378,0.005807142051572356,5,0.2927957210733308,0.03975626710115922,0.017779543153966102,5,0.9426623424048561,0.007952489793953904,0.003556461553930845,5
baseline,Baseline chewing,large_long,nomotor_xlink,1.35,pulse_01,5,0.00904832222637945,0.0016787495428807137,0.0007507596190155948,5,1384.4,36.644235563045925,16.387800340497193,5,0.09709863854033554,0.013556792178795518,0.006062781773724852,5,0.28996651925497785,0.03984595227271526,0.01781965158200071,5,0.9431958535035754,0.00813214107739351,0.0036368040503340533,5
baseline,Baseline chewing,large_long,nomotor_xlink,1.4,pulse_01,5,0.007325608954503826,0.005638407953058179,0.002521572693582706,5,1392.0,42.7551166528639,19.12066944434739,5,0.09617831402677227,0.013172171453447554,0.005890774156238187,5,0.28971143306907116,0.040245259772321976,0.017998227324609928,5,0.9426722133214446,0.009934618142119045,0.00444289629925617,5
baseline,Baseline chewing,large_long,nomotor_xlink,1.45,pulse_01,5,0.005259375991403855,0.008391593417247876,0.003752834664101201,5,1405.2,48.28250200642051,21.592591322025246,5,0.09590972380812542,0.013633438975985577,0.006097059263479774,5,0.2886218275182674,0.03921596221735784,0.0175379114642151,5,0.9424578586732787,0.0104507477690395,0.004673716485455319,5
baseline,Baseline chewing,large_long,nomotor_xlink,1.5,pulse_01,5,0.005926755288091086,0.002545648627761507,0.0011384486757007575,5,1413.2,49.650780457108624,22.20450404760259,5,0.09558701643305058,0.01220765137423609,0.005459427663682124,5,0.28791425275995186,0.038043370330017555,0.01701351243022357,5,0.9439322289178221,0.009109278652446316,0.004073793258571529,5
baseline,Baseline chewing,large_long,nomotor_xlink,1.55,pulse_01,5,0.008873304750970456,0.005232539302082653,0.0023400627148792235,5,1421.2,49.81164522478654,22.2764449587451,5,0.09482301678527723,0.012116255975692845,0.005418554398887448,5,0.28651551609738607,0.04018787543545212,0.017972564268992977,5,0.9442609500381763,0.00927500617558431,0.004147908860067373,5
baseline,Baseline chewing,large_long,nomotor_xlink,1.6,pulse_01,5,0.008426486479222742,0.007121571573726927,0.0031848636290967127,5,1430.0,53.19774431308154,23.790754506740637,5,0.09481314828148239,0.012418436345842146,0.005553693568711425,5,0.28535784628628935,0.039383259646169,0.017612729148871638,5,0.9428627569855168,0.009328644328499785,0.004171896571288679,5
baseline,Baseline chewing,large_long,nomotor_xlink,1.65,pulse_01,5,0.009588792958908599,0.002728884797423622,0.0012203943819609922,5,1436.8,52.73708372672877,23.584740829612695,5,0.0942175292108107,0.013005218590267514,0.005816110566016429,5,0.28530128661907783,0.036272194595843806,0.016221418561881452,5,0.9431907523536068,0.007790791676493156,0.0034841479574356494,5
baseline,Baseline chewing,large_long,nomotor_xlink,1.7000000000000002,pulse_01,5,0.007743717176320784,0.004190899150423645,0.0018742270774386774,5,1444.8,47.94997393117122,21.443880245888334,5,0.09198047169035621,0.012296081557437987,0.005498974843862564,5,0.2845880167657858,0.03820403199224128,0.017085362509845645,5,0.9420621795528321,0.007764622086537286,0.003472444561018725,5
baseline,Baseline chewing,large_long,nomotor_xlink,1.75,pulse_01,5,0.006134060536984324,0.0042042059850720594,0.0018801780748065181,5,1448.4,47.56889740155851,21.273457640919585,5,0.09395348687727773,0.011494957099627412,0.005140701094642143,5,0.2839801527406379,0.038287472821754806,0.017122678383223885,5,0.9426068834171971,0.010159425183685039,0.004543433064608607,5
baseline,Baseline chewing,large_long,nomotor_xlink,1.8,pulse_01,5,0.0049696258921621585,0.005509775323743717,0.0024640464329283725,5,1453.2,48.92034341661963,21.87784267243916,5,0.09230888950325086,0.012529463471774504,0.005603346408897662,5,0.2843022252314452,0.0389384901313417,0.017413822174976952,5,0.9407774248042466,0.009469639082217578,0.004234951342045445,5
baseline,Baseline chewing,large_long,nomotor_xlink,1.85,pulse_01,5,0.006072094218410203,0.004450927520051787,0.0019905152995520706,5,1459.2,45.62017097732098,20.401960690090544,5,0.09191539756916525,0.011678801065061776,0.005222918615435015,5,0.2828765448893196,0.04005644610419007,0.017913787285205124,5,0.9421144406119992,0.008204842056692176,0.0036693169166825772,5
baseline,Baseline chewing,large_long,nomotor_xlink,1.9,pulse_01,5,0.006199241336488681,0.002627512653638241,0.0011750593810551933,5,1464.8,41.099878345318736,18.380424369420854,5,0.09286746466926514,0.012008921530659916,0.005370552975803279,5,0.28245455627146254,0.038943910226884454,0.017416246115392577,5,0.9423348521567221,0.008794383907937752,0.003932968047675813,5
baseline,Baseline chewing,large_long,nomotor_xlink,1.9500000000000002,pulse_01,5,0.004471313604278897,0.002457433896368068,0.0010989978484982348,5,1468.4,43.43731115066861,19.425756098540926,5,0.09184994477150035,0.01153963073507017,0.005160679751772553,5,0.28239177057079323,0.04022796140907674,0.01799049126138676,5,0.9424956079636235,0.00888324342428861,0.003972707231477467,5
baseline,Baseline chewing,large_long,nomotor_xlink,2.0,pulse_01,5,0.0035954758501652263,0.0020493481864490414,0.0009164963708931939,5,1472.4,42.78784874237077,19.135307679783985,5,0.09229777070512661,0.010823406953219634,0.004840374739108598,5,0.2819851447284675,0.04090061863435704,0.01829131271764339,5,0.9414881705162014,0.010382508763983136,0.004643199074650722,5
baseline,Baseline chewing,large_long,nomotor_xlink,2.05,pulse_02,5,0.004612357435330179,0.0033276785532089697,0.0014881830904486814,5,1596.8,44.64526850630423,19.965971050765347,5,0.08472651217184354,0.0110832053255335,0.004956560103296118,5,0.26009720803710107,0.03558158757977352,0.01591256971514716,5,0.9363445566711388,0.012193814596020904,0.005453239668346375,5
baseline,Baseline chewing,large_long,nomotor_xlink,2.1,pulse_02,5,0.004666080186703514,0.0031073542084051335,0.0013896510480327854,5,1596.4,44.707941129065645,19.993999099729894,5,0.08422611572444935,0.010249370731623294,0.004583657936501288,5,0.2608486095722687,0.035755889093878584,0.015990519721971175,5,0.9367365673098036,0.00983693554560821,0.004399211314052787,5
baseline,Baseline chewing,large_long,nomotor_xlink,2.15,pulse_02,5,0.0032306105744894496,0.0023375545681553448,0.001045386183102103,5,1595.6,45.26367196770496,20.24252948620799,5,0.0845290676534766,0.01001044485664069,0.0044768070368923435,5,0.2608386569042595,0.035541258532304006,0.01589453401682523,5,0.9363118205230408,0.010678971357002848,0.004775781176806308,5
baseline,Baseline chewing,large_long,nomotor_xlink,2.2,pulse_02,5,0.0028264044045804996,0.0018315947122938027,0.0008191140567836225,5,1594.8,44.036348622473234,19.693653800145874,5,0.08307117404339746,0.010018653507514349,0.004480478057163757,5,0.2611586965462508,0.03448124564226447,0.01542048184099435,5,0.9371029781971029,0.010337560551482678,0.004623097622927097,5
baseline,Baseline chewing,large_long,nomotor_xlink,2.25,pulse_02,5,0.002036315584533898,0.0013572257029932505,0.0006069697865405696,5,1594.4,44.528642467517464,19.9138143006306,5,0.0833869706425197,0.009762022724103606,0.0043657092817986675,5,0.26054942103149137,0.03388958022954324,0.015155881024438322,5,0.937384131182883,0.010506763288977003,0.004698767387530368,5
baseline,Baseline chewing,large_long,nomotor_xlink,2.3,pulse_02,5,0.0030087540065161455,0.002687351041855053,0.0012018199217985561,5,1593.6,44.57353474877217,19.933890739140715,5,0.08373833500369873,0.009596511965475328,0.0042916906203385894,5,0.2608716660062231,0.03435452198905586,0.015363809300408036,5,0.9366133697067918,0.011703733840887109,0.005234068891757656,5
baseline,Baseline chewing,large_long,nomotor_xlink,2.35,pulse_02,5,0.003927769191347222,0.0020445008128650373,0.00091432855952396,5,1592.0,43.634848458542855,19.514097468240745,5,0.08301562569711249,0.009121416264287457,0.004079221363603788,5,0.2586617388331442,0.03526725969417418,0.015771998011262382,5,0.9375016027493182,0.009728527324391596,0.004350729683660751,5
baseline,Baseline chewing,large_long,nomotor_xlink,2.4,pulse_02,5,0.0036318500871723876,0.0020747688718499562,0.0009278648470114104,5,1591.6,43.2527455775931,19.343215865000317,5,0.08351217331142022,0.009318916900915046,0.0041675463334235425,5,0.2586980059868928,0.03591647105758621,0.016062334159333305,5,0.9372873948625653,0.010730724195793,0.004798925749918982,5
baseline,Baseline chewing,large_long,nomotor_xlink,2.45,pulse_02,5,0.0043908507618882694,0.003067868048573415,0.0013719923005219563,5,1591.2,42.62862887778588,19.06410239166796,5,0.08427227546102996,0.008273442588277294,0.0036999960070659664,5,0.25793877657349207,0.03497428230909178,0.015640974541479506,5,0.9369228351729595,0.008840409291447374,0.003953551224919415,5
baseline,Baseline chewing,large_long,nomotor_xlink,2.5,pulse_02,5,0.0043171099277100385,0.0025261964146711335,0.0011297493815441801,5,1589.2,40.904767448306075,18.2931681236466,5,0.08234345101197159,0.008264355203448924,0.0036959320050231792,5,0.2579411767320555,0.03416931910723282,0.015280984053731003,5,0.9371915096037318,0.007724853612058544,0.0034546595585595386,5
baseline,Baseline chewing,large_long,nomotor_xlink,2.55,pulse_02,5,0.004010268449735103,0.0023012397188133756,0.001029145688757842,5,1589.2,40.904767448306075,18.2931681236466,5,0.08341384784520475,0.008417641480883583,0.0037644837122955375,5,0.2581376369199249,0.03293069068801687,0.014727052584885008,5,0.9377275318584039,0.00783467544356451,0.0035037733746917125,5
baseline,Baseline chewing,large_long,nomotor_xlink,2.6,pulse_02,5,0.0023678978436331966,0.0012165498029319622,0.0005440576114739681,5,1589.2,40.904767448306075,18.2931681236466,5,0.08419989073834988,0.007890997950271143,0.0035289615654235562,5,0.2581815144109526,0.033807523137748784,0.015119183977380653,5,0.9370598777163848,0.010429614258996748,0.004664265292443565,5
baseline,Baseline chewing,large_long,nomotor_xlink,2.65,pulse_02,5,0.0024814178583801782,0.0013857449915470443,0.0006197240001158125,5,1588.0,41.44876355212541,18.536450577173614,5,0.08406801000976372,0.007674873063104418,0.003432307577556702,5,0.2600799565170709,0.03506173584850515,0.015680084953279758,5,0.9379740932138751,0.008386297511232078,0.0037504662629304466,5
baseline,Baseline chewing,large_long,nomotor_xlink,2.7,pulse_02,5,0.002036983476517129,0.0009964623133682893,0.00044563149394163845,5,1587.2,42.41697773297857,18.969449122207003,5,0.08323589210625047,0.007498552825475467,0.003353454770127252,5,0.2593494442039933,0.03323444982368567,0.01486289780011341,5,0.9365855305700013,0.008710847113639016,0.0038956092575409347,5
baseline,Baseline chewing,large_long,nomotor_xlink,2.75,pulse_02,5,0.003043653467611781,0.002078906190529479,0.0009297151121738089,5,1587.2,42.41697773297857,18.969449122207003,5,0.08346986787602802,0.00871198346595876,0.0038961174497476026,5,0.2603056982927553,0.03462176837834927,0.015483325519048326,5,0.9378970434723233,0.009009265478367584,0.004029066007394415,5
baseline,Baseline chewing,large_long,nomotor_xlink,2.8,pulse_02,5,0.0025880549575641194,0.0022008061673811532,0.0009842304391130077,5,1586.4,43.3912433562349,19.405153954555473,5,0.08410597653705473,0.009697550088808229,0.004336876242756864,5,0.2613286507059233,0.033516614164454256,0.014989085529470406,5,0.9385857538234786,0.00822533342872936,0.003678480936848054,5
baseline,Baseline chewing,large_long,nomotor_xlink,2.85,pulse_02,5,0.0031057895645483077,0.001261621173861185,0.0005642141413213382,5,1585.2,43.32666615376724,19.37627415165258,5,0.08384934816549675,0.00939363059387454,0.004200959312685038,5,0.26131888873314874,0.03393540278604056,0.01517637349468449,5,0.9384155481137555,0.008932064130304753,0.003994540514949793,5
baseline,Baseline chewing,large_long,nomotor_xlink,2.9,pulse_02,5,0.0017577612318269743,0.00048575507006425067,0.0002172362714157675,5,1584.0,42.35563716909474,18.94201678808252,5,0.08346500154810564,0.01050446112153312,0.004697737826950347,5,0.26240980286523163,0.03433559492864221,0.015355344861668204,5,0.9392862500700252,0.008196328119904082,0.0036655093683997148,5
baseline,Baseline chewing,large_long,nomotor_xlink,2.95,pulse_02,5,0.0016171521059603696,0.0010442943710818452,0.0004670226404518793,5,1583.6,42.857904755132395,19.1666376811375,5,0.0839900335041525,0.009314967328030286,0.00416578003073306,5,0.2625567890972287,0.03549903719841513,0.015875652062289983,5,0.9380439841360302,0.009115826908626933,0.004076721727762317,5
baseline,Baseline chewing,large_long,nomotor_xlink,3.0,pulse_02,5,0.0035190399392664774,0.003190712724541309,0.0014269301097495856,5,1582.8,42.322570810384384,18.927229062913568,5,0.08326328511029597,0.009319323262779093,0.004167728063973837,5,0.2610670421929126,0.03565160773165304,0.015943883679026653,5,0.936660770304974,0.008305589345621273,0.0037143724740014324,5
baseline,Baseline chewing,large_long,nomotor_xlink,3.05,pulse_03,5,0.0039540543488971736,0.0027488629350124628,0.0012293288767034906,5,1699.6,39.27849284277593,17.565876010037186,5,0.0776201737686761,0.008662721586099147,0.0038740868673344977,5,0.2433260055524596,0.030998051502456922,0.013862750065906633,5,0.9332681813946604,0.008833849991324385,0.0039506178167274504,5
baseline,Baseline chewing,large_long,nomotor_xlink,3.1,pulse_03,5,0.002490533909903488,0.0016789493813563925,0.0007508489894988223,5,1699.6,39.27849284277593,17.565876010037186,5,0.07822004049339773,0.008584895505851902,0.0038392819861634594,5,0.24320655569598387,0.032114386060521534,0.014361990057399564,5,0.9328173748349226,0.008924521262799481,0.003991167242052381,5
baseline,Baseline chewing,large_long,nomotor_xlink,3.15,pulse_03,5,0.0033392104172529956,0.002464477798900582,0.0011021479774761516,5,1698.0,40.496913462633174,18.11077027627483,5,0.07741418776597826,0.007429128931543012,0.003322407460908111,5,0.24265855126781596,0.03222357736217186,0.014410821892007927,5,0.9340147899939983,0.008613235912548032,0.0038519562013399665,5
baseline,Baseline chewing,large_long,nomotor_xlink,3.2,pulse_03,5,0.0036898538498959963,0.002363807281416685,0.0010571267533913365,5,1696.4,39.88483421051164,17.837040113202637,5,0.07791233417799868,0.00783114447291164,0.0035021942766104374,5,0.24325846978086832,0.031214702451055107,0.013959639315597704,5,0.9334453795332058,0.007933582232945149,0.0035480058355899847,5
baseline,Baseline chewing,large_long,nomotor_xlink,3.25,pulse_03,5,0.004112483306031667,0.0028503994348855655,0.0012747373798862218,5,1696.0,40.47221268969612,18.099723754798024,5,0.07844096171508708,0.006883137602954098,0.003078232715738064,5,0.24299986364675386,0.032067705307338254,0.014341113789927824,5,0.9334836774448515,0.007698830680219206,0.0034430217496462176,5
baseline,Baseline chewing,large_long,nomotor_xlink,3.3,pulse_03,5,0.0033264512901599675,0.0022251476643152016,0.0009951162874767348,5,1694.8,39.46137351892354,17.647662734764623,5,0.07823576535547398,0.00812841146284682,0.003635136116002799,5,0.24237963214067718,0.0317216593021141,0.014186357311723132,5,0.9341439279471313,0.008443540214768844,0.0037760659781952617,5
baseline,Baseline chewing,large_long,nomotor_xlink,3.35,pulse_03,5,0.0011922191457179802,0.0007420985819577738,0.0003318765750527562,5,1694.4,39.02307009962183,17.451647486698782,5,0.07845736335940139,0.006937577279956377,0.0031025788794281097,5,0.24308071559742203,0.033045753313030855,0.014778510155125175,5,0.9352632998304238,0.007298626927767655,0.0032640451905797847,5
baseline,Baseline chewing,large_long,nomotor_xlink,3.4,pulse_03,5,0.0021735001056346326,0.0023185089055162943,0.001036868703834614,5,1693.6,39.1254392946584,17.49742838247952,5,0.07827543639597787,0.0075789166545715825,0.00338939456708547,5,0.24294869018182239,0.03225345468045956,0.014424183434943266,5,0.9341236979435227,0.006192740263213324,0.0027694776391089864,5
baseline,Baseline chewing,large_long,nomotor_xlink,3.45,pulse_03,5,0.004537908630119188,0.0024832571051801953,0.0011105463385584523,5,1693.2,38.64194612076364,17.28120366178236,5,0.07827158879231587,0.008075478017057245,0.0036114635593890413,5,0.24270481076864353,0.032642690741874564,0.014598255093466912,5,0.9349860354631622,0.007041274833606781,0.0031489538352406565,5
baseline,Baseline chewing,large_long,nomotor_xlink,3.5,pulse_03,5,0.002778770263262024,0.00157215057806162,0.0007030871126822743,5,1692.8,38.53829264510819,17.23484841824842,5,0.07830373586686916,0.007844590705869051,0.003508207614797251,5,0.24283752111579543,0.03141156662554347,0.014047679650895777,5,0.9354335242458303,0.007807366051700126,0.003491560243365124,5
baseline,Baseline chewing,large_long,nomotor_xlink,3.55,pulse_03,5,0.002253436435888349,0.0016312890048444987,0.0007295346211560565,5,1692.4,38.971784665319085,17.428711943227473,5,0.07902771072734373,0.007967694476438088,0.003563261294653032,5,0.24262609115179518,0.03243806572184523,0.014506744002530344,5,0.9348715002566784,0.008756669282833342,0.003916101554579937,5
baseline,Baseline chewing,large_long,nomotor_xlink,3.6,pulse_03,5,0.003022376035870167,0.002686653462753108,0.0012015079549402299,5,1692.0,38.52272056851645,17.227884373886425,5,0.07931859862703167,0.008690124127785831,0.0038863416565280374,5,0.2423291482750959,0.03145107509120493,0.014065348373876923,5,0.9360233887406941,0.0081965873944598,0.003665625319505999,5
baseline,Baseline chewing,large_long,nomotor_xlink,3.65,pulse_03,5,0.003527303460625072,0.002171434028998903,0.0009710948194995593,5,1691.2,39.0281949364815,17.453939383417143,5,0.07937847031682714,0.007437261618244313,0.0033260445089688746,5,0.24298850261103774,0.031792702040920814,0.014218128590379048,5,0.9349432141598261,0.007492555809828489,0.0033507728231974973,5
baseline,Baseline chewing,large_long,nomotor_xlink,3.7,pulse_03,5,0.002320825535839166,0.0022372305805864953,0.0010005199319065448,5,1689.6,38.58497116754138,17.255723688098392,5,0.07900463518039685,0.007518234337392087,0.003362256609836359,5,0.24324538815620836,0.03287993790503388,0.014704355250325554,5,0.9350265884679774,0.007455162600574124,0.0033340500716395704,5
baseline,Baseline chewing,large_long,nomotor_xlink,3.75,pulse_03,5,0.0022177435296429236,0.0017175000721247047,0.0007680893825263263,5,1689.2,39.002564018279614,17.442476888332113,5,0.0794632935198383,0.007149245090807528,0.0031972396021704578,5,0.24377608210746465,0.033970412715810916,0.01519203041125529,5,0.9345313042863046,0.008809657316500984,0.003939798523634915,5
baseline,Baseline chewing,large_long,nomotor_xlink,3.8,pulse_03,5,0.002541054680270912,0.0021092360348571276,0.0009432790309065306,5,1688.0,38.704004960727254,17.308957218735042,5,0.07998560157148232,0.006542784244781418,0.0029260220666891745,5,0.24312321205603665,0.034768819357753326,0.015549088716269402,5,0.9346365916608894,0.008660296218870666,0.003873002210135841,5
baseline,Baseline chewing,large_long,nomotor_xlink,3.85,pulse_03,5,0.0036702924905001196,0.002294281503074568,0.0010260338800790253,5,1686.8,37.64571688784795,16.835676404587968,5,0.07977687992018634,0.007057310147230869,0.0031561250455014542,5,0.2441727683566993,0.0356897071526866,0.01596092225809354,5,0.9345940999738052,0.007080234878147639,0.003166377296840612,5
baseline,Baseline chewing,large_long,nomotor_xlink,3.9,pulse_03,5,0.0021708508940293746,0.0025235122135479743,0.0011285489703088472,5,1686.4,38.27270567911289,17.116074316267735,5,0.07980457787149578,0.006536714433234944,0.002923307564443469,5,0.24376783106997282,0.0360368130771105,0.016116152746574488,5,0.9345179285512936,0.008226090472930499,0.0036788194973071974,5
baseline,Baseline chewing,large_long,nomotor_xlink,3.95,pulse_03,5,0.003589593562934261,0.0028011767963311653,0.0012527243467183138,5,1685.6,37.72002120890178,16.868906307167634,5,0.07985397941512352,0.006985021341285146,0.003123796508680069,5,0.24324882034007925,0.0363435133500337,0.01625331327836929,5,0.9344486488568406,0.0075459262706435055,0.0033746408188720708,5
baseline,Baseline chewing,large_long,nomotor_xlink,4.0,pulse_03,5,0.005123272511223931,0.004102415042142542,0.0018346557812296777,5,1684.4,36.698773821478014,16.412190591142913,5,0.07845350741171897,0.006642110355164171,0.0029704420536404716,5,0.2428673184821338,0.036177006971594955,0.016178849362194023,5,0.9345791147285084,0.00809041021947727,0.003618141443322034,5
baseline,Baseline chewing,large_long,nomotor_xlink,4.05,pulse_04,5,0.0021445444104606064,0.0012833469958177842,0.0005739302242737407,5,1797.6,31.349641146271516,14.019985734657507,5,0.0739433464999129,0.005416755910031431,0.002422446886470803,5,0.22716434771923621,0.03409891328750087,0.015249497613944556,5,0.9310923978490925,0.008131885626834272,0.003636689809370984,5
baseline,Baseline chewing,large_long,nomotor_xlink,4.1,pulse_04,5,0.002031498452192645,0.0010985836385805211,0.0004913015389670212,5,1796.8,31.32411211830273,14.008568806269967,5,0.074208529569027,0.005556406386595943,0.0024849004782085005,5,0.22822640567530383,0.03464780675127937,0.015494970233427363,5,0.9305609738768265,0.007288981890974864,0.003259731798996951,5
baseline,Baseline chewing,large_long,nomotor_xlink,4.15,pulse_04,5,0.002223543725663498,0.0015763648349085648,0.0007049717856391569,5,1795.6,30.835044997534865,13.789851340750559,5,0.07339877091035323,0.005598074479289834,0.0025035350157597614,5,0.22782713269200955,0.034537463301862074,0.015445623142673587,5,0.9311201857685104,0.008058267963755838,0.003603766989573373,5
baseline,Baseline chewing,large_long,nomotor_xlink,4.2,pulse_04,5,0.0014943184548410632,0.0013881469915070419,0.0006207982071543138,5,1795.6,30.835044997534865,13.789851340750559,5,0.07427083140821016,0.005604072253373939,0.00250621730187291,5,0.22820803517823177,0.033820360072096455,0.015124924828945471,5,0.9304936944961224,0.006906808980843229,0.0030888188777543004,5
baseline,Baseline chewing,large_long,nomotor_xlink,4.25,pulse_04,5,0.002124763766913832,0.0016273470401015914,0.0007277717209300469,5,1794.8,31.260198335903116,13.979985693841034,5,0.07314008299953152,0.004721532787995173,0.002111533654390262,5,0.22909755105772703,0.03334065163944261,0.014910392695986695,5,0.930272433967154,0.008311048745150948,0.003716813991694369,5
baseline,Baseline chewing,large_long,nomotor_xlink,4.3,pulse_04,5,0.0023092862556295833,0.002344288017867504,0.001048397473357996,5,1794.0,31.144823004794873,13.928388277184117,5,0.0734142524535688,0.005497659037852893,0.0024586278651510317,5,0.22885198085851174,0.032290413211818,0.01444071179263647,5,0.9302948070972199,0.007212110812876269,0.0032253540077705205,5
baseline,Baseline chewing,large_long,nomotor_xlink,4.35,pulse_04,5,0.002146037381888662,0.0014486084583888615,0.0006478373971477339,5,1793.2,31.610124960208555,14.136477637657832,5,0.0732585633197125,0.005078380499003536,0.0022711208022762417,5,0.22818136964037583,0.030765720106080124,0.01375884830678544,5,0.9301111008843416,0.00762549205246795,0.003410223718240546,5
baseline,Baseline chewing,large_long,nomotor_xlink,4.4,pulse_04,5,0.003130266088585939,0.0013661851685740686,0.0006109765813567253,5,1792.8,31.164081889251925,13.937001112147474,5,0.07345788039607944,0.0036568977170951173,0.0016354143764376954,5,0.22943452526199293,0.03262435280978312,0.014590054120922263,5,0.9300552221284129,0.008013077999927768,0.0035835574233693086,5
baseline,Baseline chewing,large_long,nomotor_xlink,4.45,pulse_04,5,0.0020507117757927835,0.0018996833020989848,0.0008495641998429198,5,1792.4,31.635423183513762,14.147791347061915,5,0.07321893258779569,0.004627290132389879,0.0020693870575275537,5,0.22987401310175945,0.03302425557108261,0.01476889607265337,5,0.9308650820269386,0.008362343173334313,0.003739753557351366,5
baseline,Baseline chewing,large_long,nomotor_xlink,4.5,pulse_04,5,0.003094564026836011,0.0025043935293485764,0.0011199988348068062,5,1792.4,31.635423183513762,14.147791347061915,5,0.07372055488973488,0.0053336399631358725,0.0023852763050162566,5,0.22957526898130257,0.033080972262384656,0.01479426054809542,5,0.9310900883053119,0.007605766395488925,0.003401402136259357,5
baseline,Baseline chewing,large_long,nomotor_xlink,4.55,pulse_04,5,0.002796312864947629,0.0016268258624535692,0.0007275386432001806,5,1791.6,30.639843341636066,13.70255450636851,5,0.07353234553498485,0.0052132561449308125,0.0023314390248367583,5,0.22858678695235576,0.033640702346482795,0.015044579451514443,5,0.9308936549148943,0.006964394692289385,0.003114571990819559,5
baseline,Baseline chewing,large_long,nomotor_xlink,4.6,pulse_04,5,0.0023139650882304076,0.0014825789237880303,0.0006630294511197031,5,1790.4,31.635423183513762,14.147791347061915,5,0.07361384451282288,0.006509968727029464,0.0029113465210071307,5,0.22876545583216384,0.033356697217054476,0.014917568496442372,5,0.9309016253131241,0.007570408368394649,0.003385589545832741,5
baseline,Baseline chewing,large_long,nomotor_xlink,4.65,pulse_04,5,0.001986296492499159,0.0014364066668446967,0.0006423805900797271,5,1790.0,32.12475680841802,14.366627996854376,5,0.07336127214331971,0.005969376184957987,0.002669586186566883,5,0.22872582460322896,0.03167753093587727,0.014166622506394819,5,0.9305447352556646,0.007491966368859499,0.0033505092171824203,5
baseline,Baseline chewing,large_long,nomotor_xlink,4.7,pulse_04,5,0.0011968062071753198,0.0011165515090347236,0.0004993370149163225,5,1789.2,33.12400941915094,14.813507349712964,5,0.07359557122422895,0.00622245468129548,0.002782766330857696,5,0.22849822538377923,0.0320564563359183,0.014336083096973429,5,0.930156687230413,0.008543275774985334,0.0038206690766788808,5
baseline,Baseline chewing,large_long,nomotor_xlink,4.75,pulse_04,5,0.0025664288597266587,0.001028736666929983,0.00046006502364040035,5,1788.4,33.087762088119526,14.797297050475128,5,0.07385478458404296,0.006911829851898918,0.0030910642795516567,5,0.22839621923468484,0.03358271606799093,0.015018647199420433,5,0.9301720338494011,0.00810537108514523,0.0036248321458491935,5
baseline,Baseline chewing,large_long,nomotor_xlink,4.8,pulse_04,5,0.0016871225910706222,0.0017648105493890203,0.0007892472711685198,5,1787.6,33.59761896325393,15.025311976794358,5,0.07387789383077084,0.008256065063060215,0.0036922245415327453,5,0.22823000785362874,0.03365843564381283,0.015052510023173477,5,0.9300757691734549,0.008369860683511105,0.003743115490106737,5
baseline,Baseline chewing,large_long,nomotor_xlink,4.85,pulse_04,5,0.0024296300126148774,0.0018209259523017253,0.0008143428422680394,5,1786.8,33.544000953970894,15.001333274079341,5,0.07461960498799276,0.00816803005185081,0.0036528540876399084,5,0.22884362357837226,0.03395923302830859,0.015187030703010808,5,0.9301354089340602,0.007572559896782597,0.0033865517385789357,5
baseline,Baseline chewing,large_long,nomotor_xlink,4.9,pulse_04,5,0.001838445455791889,0.0009736365441800564,0.0004354234996329167,5,1786.0,34.55430508634199,15.453155017665486,5,0.07394247880494537,0.007250332934714205,0.0032424474603053016,5,0.22839792265937237,0.03452911974938637,0.015441891792571685,5,0.9301769087959624,0.006992546455965641,0.0031271618422728823,5
baseline,Baseline chewing,large_long,nomotor_xlink,4.95,pulse_04,5,0.003931558124168167,0.0017854938669766062,0.0007984971319937316,5,1786.0,34.55430508634199,15.453155017665486,5,0.07488618839999227,0.006586412258481199,0.0029455331075603753,5,0.2283905681982997,0.034426126014010856,0.01539583159386043,5,0.9294490516896076,0.0086282301927181,0.0038586618472867566,5
baseline,Baseline chewing,large_long,nomotor_xlink,5.0,pulse_04,5,0.0049410753273836155,0.0017713515898452493,0.0007921725133892606,5,1785.6,34.536936748935915,15.445387661046258,5,0.07420367157048352,0.007013567402676945,0.0031365626954324576,5,0.22903881557202377,0.03529016285153304,0.015782240614613138,5,0.9301165816349821,0.00870843903083105,0.0038945323301701226,5
baseline,Baseline chewing,large_long,nomotor_xlink,5.05,pulse_05,5,0.006185468154329439,0.0024339231798114424,0.0010884835364141658,5,1904.0,43.243496620879306,19.339079605813716,5,0.06896330573911352,0.006749917631311786,0.003018654933227503,5,0.21317431074365717,0.029566582993108468,0.013222577886995945,5,0.9263073432108975,0.007677160811174926,0.003433330689596912,5
baseline,Baseline chewing,large_long,nomotor_xlink,5.1,pulse_05,5,0.0031726237530903907,0.002597485263094389,0.0011616307237665958,5,1903.6,42.927846440276966,19.19791655362633,5,0.06920980760137108,0.007055981118200384,0.0031555306856502073,5,0.21349460983379345,0.03013335694525971,0.013476046903973225,5,0.9262061165161004,0.006973178347373974,0.0031185001607915695,5
baseline,Baseline chewing,large_long,nomotor_xlink,5.15,pulse_05,5,0.002637002585400783,0.002050537873780632,0.0009170284152422753,5,1902.4,43.27585932133526,19.35355264544471,5,0.06900919997171674,0.006875695577964738,0.0030749045409847716,5,0.21355294842577538,0.029369097049932628,0.013134259488287578,5,0.9248951109047882,0.00706946113046305,0.0031615591304015775,5
baseline,Baseline chewing,large_long,nomotor_xlink,5.2,pulse_05,5,0.002125687030119187,0.0019917925656293004,0.0008907567147651653,5,1900.8,43.04880950734874,19.252012881774203,5,0.06766819179968134,0.005898590738466243,0.0026379299725322403,5,0.2135176538711351,0.03019167130582739,0.013502125878831978,5,0.9253615387173635,0.007723692516107696,0.0034541403006646395,5
baseline,Baseline chewing,large_long,nomotor_xlink,5.25,pulse_05,5,0.0031046949942280895,0.001560846271712255,0.0006980316731951418,5,1900.0,43.197222132910355,19.3183850256692,5,0.06767546866776224,0.006560025307789958,0.0029337325044674653,5,0.21355949003922206,0.029777924150840362,0.01331709252602235,5,0.9250789498375311,0.006612191933617206,0.00295706212876877,5
baseline,Baseline chewing,large_long,nomotor_xlink,5.3,pulse_05,5,0.0030917676840525486,0.0020954253812413425,0.0009371027188468108,5,1900.0,43.197222132910355,19.3183850256692,5,0.0684731735248928,0.006647132387394459,0.002972687974730895,5,0.2147038489975822,0.029390431453490302,0.013143800523610452,5,0.9256096759212464,0.006170530778042358,0.0027595452553914757,5
baseline,Baseline chewing,large_long,nomotor_xlink,5.35,pulse_05,5,0.0017891595939265297,0.0009967262791827063,0.00044574954304259294,5,1899.2,43.37280253799609,19.39690696992693,5,0.06848185282216657,0.00691261723003248,0.003091416405757785,5,0.21605101202947993,0.029831127978981894,0.013340886001299885,5,0.9265609564289597,0.006921097090498409,0.0030952087146460913,5
baseline,Baseline chewing,large_long,nomotor_xlink,5.4,pulse_05,5,0.0028306708492873275,0.0030413038673603385,0.0013601124375301442,5,1898.8,42.88589511715944,19.179155351578963,5,0.06854234376648353,0.007682817111901296,0.003435860264181981,5,0.21620005274727774,0.02810907488130536,0.012570760443846123,5,0.9248312857918949,0.005703196936260964,0.00255054720770961,5
baseline,Baseline chewing,large_long,nomotor_xlink,5.45,pulse_05,5,0.002966617393059886,0.0021281685045429883,0.0009517458887464384,5,1898.0,43.95452195167182,19.657059800488984,5,0.06832480549237922,0.007402065610254831,0.0033103043756886534,5,0.21625335760104494,0.029904520474670796,0.013373708123179635,5,0.9259831571823257,0.0069197131410636235,0.0030945897936433707,5
baseline,Baseline chewing,large_long,nomotor_xlink,5.5,pulse_05,5,0.0018801828290812082,0.0013221694937417725,0.0005912921731566172,5,1896.8,44.51067287741222,19.905778055629977,5,0.06749178898053199,0.008468482153727516,0.00378722035239571,5,0.2171399063216582,0.028903122190556043,0.012925869196013188,5,0.925675505153083,0.0067365872546170215,0.003012693407536469,5
baseline,Baseline chewing,large_long,nomotor_xlink,5.55,pulse_05,5,0.002251923189331932,0.0016666539360261948,0.0007453502991844314,5,1896.8,44.51067287741222,19.905778055629977,5,0.06796771903232032,0.008662959036243931,0.0038741930582674986,5,0.21597037492585675,0.029204459438133722,0.013060631309960463,5,0.9263387056043639,0.006831035729255934,0.0030549320494692236,5
baseline,Baseline chewing,large_long,nomotor_xlink,5.6,pulse_05,5,0.0030826141854765803,0.0023445848721752043,0.0010485302306402823,5,1896.4,45.13092066421867,20.18316129846858,5,0.0677419928162134,0.007068633516289739,0.0031611890100914446,5,0.21696810817391002,0.02917690439067849,0.013048308318113835,5,0.9257201608803667,0.007680817096926188,0.0034349658302939095,5
baseline,Baseline chewing,large_long,nomotor_xlink,5.65,pulse_05,5,0.002727149304153809,0.0024960907857743643,0.0011162857350004688,5,1894.4,44.93105830046739,20.093780132170252,5,0.0674255056890051,0.007606546147225457,0.003401750851837049,5,0.21772138629287463,0.02953315951982269,0.013207630455333717,5,0.926372682014328,0.006185396541602662,0.0027661934269631316,5
baseline,Baseline chewing,large_long,nomotor_xlink,5.7,pulse_05,5,0.0035798891400173893,0.0018865467423317699,0.0008436893517169235,5,1893.6,44.16786161905509,19.75246820020222,5,0.06847369981238077,0.007344714542515656,0.003284656198479255,5,0.21758845827943402,0.030116853261918885,0.01346866623240738,5,0.9262704811515254,0.006890944423960001,0.0030817240322295386,5
baseline,Baseline chewing,large_long,nomotor_xlink,5.75,pulse_05,5,0.0027628956401622184,0.0028516165501548366,0.0012752816903819305,5,1892.8,43.23424568556736,19.33494246177112,5,0.06786829978543019,0.00713699495791223,0.0031917611761929994,5,0.2165822359067356,0.02911300518972541,0.013019731726706035,5,0.9265434360535879,0.005581653526628106,0.0024961913424783756,5
baseline,Baseline chewing,large_long,nomotor_xlink,5.8,pulse_05,5,0.003715751848843614,0.001762233596843774,0.0007880948229553275,5,1892.0,43.266615305567875,19.34941859591652,5,0.06729140785142793,0.007142471945296817,0.003194210559413768,5,0.21742044525964443,0.029278970686462145,0.013093953753230607,5,0.9267096237959219,0.00670746575313039,0.0029996698761502747,5
baseline,Baseline chewing,large_long,nomotor_xlink,5.85,pulse_05,5,0.0027946800335220644,0.0021790815008037364,0.0009745148728618834,5,1892.0,43.266615305567875,19.34941859591652,5,0.06728361807672,0.007821891149214836,0.0034980560644496646,5,0.21779058606089227,0.030180408608274104,0.013497089047364142,5,0.9264227064938512,0.0058294084127190225,0.002606990695889777,5
baseline,Baseline chewing,large_long,nomotor_xlink,5.9,pulse_05,5,0.0022275071968556343,0.0012189820347650003,0.0005451453386171105,5,1891.6,42.83456548162943,19.156200040717884,5,0.06685966648050239,0.007534660430191766,0.0033696025818573195,5,0.21695603740743433,0.029294852555778444,0.01310105634111081,5,0.9264705918283198,0.007992249063487389,0.0035742424398133668,5
baseline,Baseline chewing,large_long,nomotor_xlink,5.95,pulse_05,5,0.002695066268265952,0.0015652272927340664,0.000699990925358267,5,1890.4,44.41621325597219,19.863534428696216,5,0.06627893165705137,0.007604812291500629,0.0034009754479842704,5,0.21778979923856417,0.029557752467754585,0.013218628756002281,5,0.9262943559630056,0.007981947390503674,0.003569635391598655,5
baseline,Baseline chewing,large_long,nomotor_xlink,6.0,pulse_05,5,0.005253201912576403,0.0032072630490771045,0.0014343316398919299,5,1889.6,43.64401448079679,19.51819663800936,5,0.06735178069961811,0.007356596885874163,0.003289970143975578,5,0.21743864868615712,0.029725219102563805,0.013293522111881591,5,0.9263275107433915,0.007477540692920564,0.003344057858778252,5
baseline,Baseline chewing,large_long,nomotor_xlink,6.05,pulse_06,5,0.002649903436816577,0.0023910110836382202,0.001069292663594099,5,2007.2,50.48960289010006,22.579636843846714,5,0.06259521842623154,0.007182076316897753,0.0032119221728349394,5,0.20432194853335806,0.025896103442175467,0.011581089529814128,5,0.9233029553111447,0.006486285898595793,0.0029007552381517,5
baseline,Baseline chewing,large_long,nomotor_xlink,6.1,pulse_06,5,0.001658846836303418,0.0014434489593490574,0.0006455299990311646,5,2006.8,50.943105519785504,22.78244938543703,5,0.06301923671640691,0.007603449013397074,0.0034003657714819133,5,0.20442596545400726,0.02607813251661047,0.011662495406677735,5,0.9227131674974014,0.006084089600829154,0.0027208875857307096,5
baseline,Baseline chewing,large_long,nomotor_xlink,6.15,pulse_06,5,0.0024714546692605013,0.0013576801760548833,0.0006071730330725202,5,2006.0,50.51732376126036,22.592033994308704,5,0.06243787188064961,0.007499401974472078,0.0033538345211031415,5,0.2048776272217824,0.02588455211947753,0.011575923621257603,5,0.9228427323637002,0.006468912455109157,0.0028929855980238265,5
baseline,Baseline chewing,large_long,nomotor_xlink,6.2,pulse_06,5,0.0013242227843462888,0.0007655422700045902,0.00034236091107595236,5,2005.2,50.78582479393241,22.712111306525422,5,0.06246711379005419,0.007828623991716193,0.0035010670831526315,5,0.20515747414729932,0.028003862159366934,0.012523707884175702,5,0.922742552047365,0.006277042861216962,0.0028071789070721813,5
baseline,Baseline chewing,large_long,nomotor_xlink,6.25,pulse_06,5,0.00168071618425835,0.00170739135917225,0.000763568628660982,5,2004.8,50.60829971457251,22.632719677493466,5,0.06211198580868529,0.008100608904512214,0.0036227024339258824,5,0.20468904033136098,0.027262530184527418,0.012192174146248638,5,0.9236007870417664,0.005873038760438267,0.0026265027805662134,5
baseline,Baseline chewing,large_long,nomotor_xlink,6.3,pulse_06,5,0.002825785567180953,0.0014379751767469252,0.0006430820490326799,5,2004.4,51.076413343146946,22.84206645643077,5,0.06229915122600692,0.008368936997418858,0.0037427024051283095,5,0.20510017803983166,0.026344236771282854,0.011781500847187607,5,0.9233786150108717,0.006244119714850477,0.002792455228410454,5
baseline,Baseline chewing,large_long,nomotor_xlink,6.35,pulse_06,5,0.004009777853667214,0.0025564780591588155,0.001143291744653168,5,2004.4,51.076413343146946,22.84206645643077,5,0.06272437057483322,0.007432049832982104,0.0033237137277427886,5,0.20659802039765837,0.02477226126955221,0.011078492031020796,5,0.9237355158527125,0.0054997210722231545,0.002459550034955801,5
baseline,Baseline chewing,large_long,nomotor_xlink,6.4,pulse_06,5,0.0045351049424013174,0.002368332072089231,0.0010591503012968907,5,2002.4,48.772943319016534,21.811923344813035,5,0.061967201506361994,0.007908429361005666,0.0035367571292927785,5,0.20586661246740884,0.024338331847366845,0.01088443289393206,5,0.9234792919315884,0.005339404774432188,0.002387854407003461,5
baseline,Baseline chewing,large_long,nomotor_xlink,6.45,pulse_06,5,0.0037965682110034926,0.002288336042754625,0.0010233749893924413,5,2001.6,48.361141425735596,21.627759939485177,5,0.06184258718766281,0.006642705208022506,0.002970708079926041,5,0.20626598791287706,0.0246487829912,0.01102327086619276,5,0.9235188067594514,0.005045836567230624,0.0022565667135363726,5
baseline,Baseline chewing,large_long,nomotor_xlink,6.5,pulse_06,5,0.0038303621479263876,0.0015717889793167303,0.000702925400807444,5,1999.2,47.88736785416379,21.415881957089695,5,0.0608995188392956,0.008068676593113694,0.003608421870132726,5,0.2056773392606553,0.02449560238098386,0.010954766414737123,5,0.9222722963917624,0.0053544436992821855,0.0023945800186580815,5
baseline,Baseline chewing,large_long,nomotor_xlink,6.55,pulse_06,5,0.003341547233534037,0.0020774620475993632,0.0009290692718216159,5,1999.2,47.88736785416379,21.415881957089695,5,0.0610986969713878,0.007577018569314643,0.0033885457175531486,5,0.20623270794963341,0.024237811381523314,0.010839478774980843,5,0.9223290293592654,0.00624674196981759,0.002793627936482614,5
baseline,Baseline chewing,large_long,nomotor_xlink,6.6,pulse_06,5,0.001986750572307165,0.001484146245747946,0.0006637303788087031,5,1998.4,47.736778274198606,21.348536249588633,5,0.060900298812399424,0.00803951494663189,0.0035953803853588998,5,0.2064976780557867,0.02437803010309125,0.010902186493609647,5,0.9227763564852249,0.005732109025786566,0.002563477087219771,5
baseline,Baseline chewing,large_long,nomotor_xlink,6.65,pulse_06,5,0.0024533888638893645,0.0017991370403890867,0.0008045985446295565,5,1997.6,47.31595925266653,21.160340261914502,5,0.06054240625568695,0.008284152183524206,0.003704785483662687,5,0.2062216269230092,0.024183061793451182,0.010814994014846964,5,0.9226366413818431,0.005489469420256657,0.002454965356820049,5
baseline,Baseline chewing,large_long,nomotor_xlink,6.7,pulse_06,5,0.0024342933618937282,0.0015407309200281235,0.0006890358144437353,5,1997.2,46.70331893987836,20.886359184884284,5,0.060616886747149455,0.008842249898162078,0.003954374369266199,5,0.20704804674099636,0.023556406800625453,0.010534745382367369,5,0.9224094291199819,0.005488219913925982,0.0024544065606013077,5
baseline,Baseline chewing,large_long,nomotor_xlink,6.75,pulse_06,5,0.002644914834013464,0.0025597151177312624,0.0011447394012561959,5,1996.4,47.04040816149451,21.037110067687525,5,0.06098485518785468,0.008254772036052054,0.0036916462822753474,5,0.2063485812049386,0.023643845238891088,0.010573849040729045,5,0.9222536891140718,0.005790985509687845,0.0025898074512756574,5
baseline,Baseline chewing,large_long,nomotor_xlink,6.8,pulse_06,5,0.0037690594262711785,0.0017881980502499725,0.0007997064795183047,5,1994.4,47.48473438906445,21.23581879749401,5,0.05984557667449782,0.007931600340649764,0.003547119506410672,5,0.20538026162301337,0.024310492504068453,0.010871982761119229,5,0.9225625772468578,0.005596509165032315,0.0025028349859425687,5
baseline,Baseline chewing,large_long,nomotor_xlink,6.85,pulse_06,5,0.0016172538795965548,0.000994805738133056,0.0004448906509744736,5,1992.8,48.11652522782584,21.518364250100426,5,0.05925700450408552,0.008160144137578075,0.003649327399564194,5,0.20540304864507092,0.02444929367009286,0.010934056529636589,5,0.9221412434752194,0.004914996870005471,0.002198053422106186,5
baseline,Baseline chewing,large_long,nomotor_xlink,6.9,pulse_06,5,0.003074524695101448,0.0020926779839642797,0.0009358740454322688,5,1990.8,46.7461228338779,20.905501668221216,5,0.058145412389138194,0.008110347397995704,0.0036270576206113873,5,0.20510785261951572,0.024909126557955567,0.0111397000487468,5,0.9219469489460803,0.004767170686807845,0.00213194354320934,5
baseline,Baseline chewing,large_long,nomotor_xlink,6.95,pulse_06,5,0.003765096263288766,0.0021272289208149023,0.0009513256941291277,5,1990.0,47.11687595755899,21.071307505705477,5,0.058177348887821126,0.007217629458157586,0.003227822020969067,5,0.20567542449360743,0.024820424139768777,0.011100031121379944,5,0.9221723454491599,0.005612599886245514,0.0025100309752305113,5
baseline,Baseline chewing,large_long,nomotor_xlink,7.0,pulse_06,5,0.005383953135929787,0.0029813394484819525,0.0013332955341614754,5,1988.4,46.69903639262806,20.88444397153058,5,0.057590107975500834,0.00793260210042278,0.0035475675070005897,5,0.20446327123225494,0.025709829844211014,0.01149778544432173,5,0.9212647564744076,0.0039864289069568275,0.00178278520468513,5
baseline,Baseline chewing,large_long,nomotor_xlink,7.05,pulse_07,5,0.003002327527561614,0.0021182694130130572,0.0009473188804311547,5,2105.6,61.194771018445685,27.367133572955716,5,0.05439582230466945,0.006925112240344376,0.003097004344245177,5,0.1932525687461344,0.023218223021436078,0.010383504998536325,5,0.9181223231667964,0.005487518219805039,0.00245409275345054,5
baseline,Baseline chewing,large_long,nomotor_xlink,7.1,pulse_07,5,0.0020942927565924608,0.0018182884323887454,0.000813163307504553,5,2104.8,61.556478131874954,27.52889391167033,5,0.055253987110443235,0.007778477380641237,0.0034786408369116622,5,0.19330205091933203,0.024515548005141222,0.010963686369031026,5,0.9182922211008728,0.004711615724365383,0.0021070986087075817,5
baseline,Baseline chewing,large_long,nomotor_xlink,7.15,pulse_07,5,0.0024071071862969084,0.0014954878129412024,0.0006688024818518036,5,2104.0,61.85466837676846,27.662248643232168,5,0.055043575537686296,0.007362492928164528,0.003292606934247472,5,0.19382552503442665,0.024082678550718342,0.010770101263936465,5,0.9183743052963063,0.004966455035677272,0.0022210662133941043,5
baseline,Baseline chewing,large_long,nomotor_xlink,7.2,pulse_07,5,0.0028196010733495904,0.0018918966451455868,0.0008460819009898659,5,2103.2,61.556478131874954,27.52889391167033,5,0.05469864865306432,0.007987394974626291,0.0035720716252809186,5,0.1933599487815652,0.023922573411429067,0.010698500068936887,5,0.9186770452164698,0.004389065168275986,0.001962849614788332,5
baseline,Baseline chewing,large_long,nomotor_xlink,7.25,pulse_07,5,0.002890979700655875,0.0017358760664768,0.0007763073770314137,5,2102.0,62.40192304729078,27.9069883720906,5,0.05430128170226149,0.007798745139833602,0.003487704854372807,5,0.19341072016696942,0.024112076982847237,0.01078324864247089,5,0.9181968558256068,0.005045706196125993,0.002256508409805921,5
baseline,Baseline chewing,large_long,nomotor_xlink,7.3,pulse_07,5,0.0031830471082680964,0.0026953673150052716,0.0012054049081365753,5,2100.0,62.48199740725323,27.942798714516766,5,0.053607017330753924,0.008589176113280066,0.003841196332002332,5,0.19206442233293378,0.02360921255526716,0.010558360833763776,5,0.9180242037934747,0.005896209793725401,0.0026368651816740018,5
baseline,Baseline chewing,large_long,nomotor_xlink,7.35,pulse_07,5,0.001934320638599078,0.0012054514700465637,0.0005390942861202336,5,2098.8,62.20289382335841,27.817979797246238,5,0.05348660173421253,0.008301736753029311,0.0037126495422163844,5,0.19218046205425635,0.02313051120267991,0.010344279080702538,5,0.9180894058302602,0.005684122541044862,0.00254201687884303,5
baseline,Baseline chewing,large_long,nomotor_xlink,7.4,pulse_07,5,0.0024993979017860525,0.001108495504151282,0.0004957342600070333,5,2098.0,62.48199740725323,27.942798714516766,5,0.053860350865996144,0.008631887327125401,0.003860297367514272,5,0.1922948413259884,0.023053018688095898,0.010309623374631089,5,0.9180485822274747,0.0053634249715399825,0.002398596565716655,5
baseline,Baseline chewing,large_long,nomotor_xlink,7.45,pulse_07,5,0.004829120366516578,0.0009479914419638878,0.00042395466126385995,5,2098.0,62.48199740725323,27.942798714516766,5,0.05444597115164003,0.009389152398909006,0.004198956603013152,5,0.19251328280167218,0.022983433644764104,0.010278503997209658,5,0.9184178026917845,0.004442159854774669,0.0019865942804393505,5
baseline,Baseline chewing,large_long,nomotor_xlink,7.5,pulse_07,5,0.0035684124421824968,0.0017592177410717285,0.0007867460912520017,5,2096.8,61.65387254666165,27.572450018088706,5,0.05351383470340931,0.009321753766414302,0.004168815018243415,5,0.19227081537052734,0.022307017768198222,0.009976001620997373,5,0.9180197646378867,0.005384394300046002,0.0024079743345130516,5
baseline,Baseline chewing,large_long,nomotor_xlink,7.55,pulse_07,5,0.0020461750123783,0.0017539867168322389,0.0007844067060937121,5,2095.6,61.74787445734468,27.614488950549127,5,0.05314576708688225,0.009049008431283215,0.0040468395962636,5,0.19249406594948726,0.022061231928980757,0.009866082852117956,5,0.9178786075168148,0.004848127761028157,0.002168148647452563,5
baseline,Baseline chewing,large_long,nomotor_xlink,7.6,pulse_07,5,0.0023108118950580033,0.001085140029203926,0.0004852893740812171,5,2095.2,62.235038362645845,27.83235527223666,5,0.05357365405044188,0.00867939409104876,0.003881543038219005,5,0.1922506151698352,0.02272493256637391,0.010162898800502163,5,0.9175469576776119,0.004699700450807702,0.0021017699363784855,5
baseline,Baseline chewing,large_long,nomotor_xlink,7.65,pulse_07,5,0.0038867105223559994,0.0015824728179361705,0.0007077033586901851,5,2094.8,62.73117247429702,28.05423319215836,5,0.05299936663418216,0.008256641539077415,0.003692482349445117,5,0.19189524123163376,0.022715674742562045,0.010158758575828753,5,0.9178049554168165,0.004507093117762713,0.0020156333184477783,5
baseline,Baseline chewing,large_long,nomotor_xlink,7.7,pulse_07,5,0.002906122739892236,0.0017954268926195314,0.0008029393161056975,5,2094.4,63.236065658767856,28.28002828852899,5,0.05336937603655435,0.009207853662584644,0.004117877343281935,5,0.19238047152835144,0.022984739919003596,0.010279088180809009,5,0.918402002962065,0.004778683266010031,0.002137092125147828,5
baseline,Baseline chewing,large_long,nomotor_xlink,7.75,pulse_07,5,0.0031113416076496907,0.001705709743626589,0.0007628165873265583,5,2093.6,63.551553875574115,28.421118908304784,5,0.053765768442332995,0.008995696648845562,0.004022997842357146,5,0.19209035234913682,0.022110974492292875,0.009888328402706153,5,0.9192088321629027,0.004336336352673897,0.001939268571576467,5
baseline,Baseline chewing,large_long,nomotor_xlink,7.8,pulse_07,5,0.00346457283782368,0.0019784823068341715,0.0008848041860723609,5,2092.8,63.19177161624763,28.26021939051429,5,0.05397950421405634,0.009290500870696796,0.004154838298379804,5,0.19159998891228291,0.022399986011084626,0.010017578283165915,5,0.9185877497075368,0.004361909171961948,0.001950705084037347,5
baseline,Baseline chewing,large_long,nomotor_xlink,7.85,pulse_07,5,0.0036178951063810414,0.001737707047483371,0.0007771262166306544,5,2092.8,63.19177161624763,28.26021939051429,5,0.054951849171922106,0.009900763442709197,0.004427756017408521,5,0.19221844565086507,0.02086628924928906,0.009331688239916678,5,0.9196526961780712,0.004488161420097562,0.002007166805866028,5
baseline,Baseline chewing,large_long,nomotor_xlink,7.9,pulse_07,5,0.0035542254945748774,0.0018922721911013647,0.0008462498502470248,5,2092.4,63.67731150103622,28.47735942814923,5,0.05440116008695388,0.009578284473157703,0.004283539037962277,5,0.19300726180914068,0.021791212639854885,0.009745326554973633,5,0.9198512622004582,0.004392646449848893,0.001964451212597049,5
baseline,Baseline chewing,large_long,nomotor_xlink,7.95,pulse_07,5,0.002144064295131306,0.001584628617921738,0.0007086674617529094,5,2091.2,64.00937431345506,28.625862432422885,5,0.0544168556652696,0.008192615121432456,0.0036638488650031333,5,0.19257035455291294,0.021239363236886785,0.009498531999297764,5,0.9199544493044385,0.005373099281475231,0.0024029230486467784,5
baseline,Baseline chewing,large_long,nomotor_xlink,8.0,pulse_07,5,0.00336491420664764,0.0020564634082244323,0.000919678394806146,5,2091.2,64.00937431345506,28.625862432422885,5,0.054778973484231885,0.00860160722603786,0.0038467556946348105,5,0.1924868816140021,0.022006908786280883,0.009841788804152289,5,0.920424027034346,0.004776206077900487,0.002135984292946629,5
baseline,Baseline chewing,large_long,rotatable_xlink,0.0,initial,5,0.11338281129272838,0.05847424841904569,0.02615047887963915,5,478.8,44.64526850630423,19.965971050765347,5,0.22454097822518876,0.02957160525318697,0.013224823909983188,5,0.4588831746726485,0.057894197189120124,0.02589107208352997,5,0.9307348762115459,0.011993871964039598,0.0053638226050042905,5
baseline,Baseline chewing,large_long,rotatable_xlink,0.05,initial,5,0.08174433489407239,0.022437721754365397,0.010034454220597374,5,540.0,38.13135192987524,17.052858997833763,5,0.2098769881793713,0.036505429150023076,0.016325724225450793,5,0.44750536373524746,0.06012975038029335,0.02689084186408595,5,0.9326293890020374,0.011649941085130183,0.00521001204004375,5
baseline,Baseline chewing,large_long,rotatable_xlink,0.1,initial,5,0.06013339113703927,0.021715302973884267,0.009711378720321712,5,594.4,43.11380289420083,19.281078807992046,5,0.20436394641826747,0.03893605696504475,0.01741273402992884,5,0.43700726510581694,0.04726774245380491,0.0211387770539321,5,0.9400555197732394,0.01206154810661425,0.005394088296054669,5
baseline,Baseline chewing,large_long,rotatable_xlink,0.15000000000000002,initial,5,0.0660722143846949,0.020056526253164494,0.008969551218916993,5,640.8,45.57630963559906,20.38234530175563,5,0.19231249652576335,0.035755588967988874,0.015990385501592933,5,0.4258109930098796,0.03914653420677125,0.017506862313972263,5,0.9439188465992323,0.011516396982592792,0.005150289301790189,5
baseline,Baseline chewing,large_long,rotatable_xlink,0.2,initial,5,0.053065732432388366,0.025110112096305322,0.01122958351399569,5,694.4,45.899891067408866,20.52705531731232,5,0.1859037853222224,0.03458074792831834,0.015464980616100967,5,0.41927447124920986,0.03628307411461168,0.016226284030586943,5,0.9455097246446353,0.011509436316764906,0.005147176397398226,5
baseline,Baseline chewing,large_long,rotatable_xlink,0.25,initial,5,0.041535150843610924,0.01716008704258256,0.007674224225405586,5,738.4,38.481164223552284,17.209299811439163,5,0.177719579877617,0.03624750421653401,0.01621037668857606,5,0.4122221922229031,0.04207265555485916,0.01881546356291984,5,0.9491258819177071,0.010561895063512433,0.004723423066646652,5
baseline,Baseline chewing,large_long,rotatable_xlink,0.30000000000000004,initial,5,0.02961352181170316,0.0218642185611496,0.009777975795528629,5,782.8,25.59687480924185,11.447270417003347,5,0.17475525203939785,0.04080781233512021,0.018249808478876643,5,0.4120338424780957,0.04316668961019526,0.019304730466406097,5,0.9501122639958399,0.008715082415015717,0.0038975033418976353,5
baseline,Baseline chewing,large_long,rotatable_xlink,0.35000000000000003,initial,5,0.03066658416571011,0.016341976437834083,0.007308354040339375,5,822.8,29.072323608545634,13.001538370516004,5,0.16790649538166083,0.03658962050959741,0.01636337574607606,5,0.41026338750088476,0.04138151959811022,0.018506378166722844,5,0.9499595260428781,0.010310325448436462,0.0046109177145699865,5
baseline,Baseline chewing,large_long,rotatable_xlink,0.4,initial,5,0.03971264140806669,0.024820589276629005,0.011100104972828958,5,859.2,35.457016230923884,15.856859714331836,5,0.16058297982762645,0.03815767794304205,0.01706463234883727,5,0.40735264601100374,0.04214993336775257,0.018850023251476278,5,0.9498931105654396,0.011454191868482422,0.0051224703290504055,5
baseline,Baseline chewing,large_long,rotatable_xlink,0.45,initial,5,0.04587308180014897,0.01738469989450844,0.007774674146510859,5,897.6,36.260170986910694,16.216041440499588,5,0.1561849382501556,0.038749063171942655,0.01732910786337948,5,0.4019475140052352,0.03950763815615027,0.017668352909523292,5,0.9502512460914879,0.012670374035195884,0.005666363528609262,5
baseline,Baseline chewing,large_long,rotatable_xlink,0.5,initial,5,0.033937719486029694,0.01414339420625873,0.006325118175554241,5,932.8,34.3394816501356,15.35708305636197,5,0.15142763032491907,0.03751562332294443,0.01677749679367606,5,0.39685151493071136,0.04135255828477145,0.01849342627365421,5,0.9531885809717842,0.01042637982086343,0.004662818807736542,5
baseline,Baseline chewing,large_long,rotatable_xlink,0.55,initial,5,0.0282706056129177,0.009597467202319982,0.004292117815242441,5,965.6,35.564026768632374,15.904716281656833,5,0.1471791560756578,0.036879866047430196,0.01649317749662808,5,0.39429851269477306,0.04163984616933169,0.018621905321451974,5,0.952537640980142,0.009541665977948817,0.004267162749058113,5
baseline,Baseline chewing,large_long,rotatable_xlink,0.6000000000000001,initial,5,0.025190343080077532,0.019232529006159082,0.008601048447401635,5,994.4,46.52741127550511,20.807690885823924,5,0.14614524709410293,0.0377286663346026,0.016872772524915845,5,0.38963393020225096,0.04261674502864257,0.0190587877727642,5,0.9515597908343182,0.010484902580892613,0.004688990981667774,5
baseline,Baseline chewing,large_long,rotatable_xlink,0.65,initial,5,0.012967258410588132,0.015231197039768024,0.0068115983919229735,5,1021.2,55.147076078428675,24.662522174343806,5,0.1443753069145663,0.03487516953395516,0.015596649960950679,5,0.38716723132887354,0.04312913615620827,0.019287936051225134,5,0.9538619207749933,0.011677089555412995,0.0052221532050512505,5
baseline,Baseline chewing,large_long,rotatable_xlink,0.7000000000000001,initial,5,0.019742426682549108,0.015493611559066565,0.006928953732609867,5,1044.4,54.02591970526739,24.161125801584657,5,0.14374542252009612,0.037353712357799274,0.016705088008802625,5,0.3873161455891724,0.042154150624489725,0.018851909266024848,5,0.9551363305599706,0.010612457584606385,0.00474603531350262,5
baseline,Baseline chewing,large_long,rotatable_xlink,0.75,initial,5,0.021690972806676253,0.014206683202966192,0.006353421875327369,5,1074.4,54.413233684463194,24.334337878808206,5,0.14324393521801032,0.03483794433201343,0.015580002344547107,5,0.3819869765856364,0.042670683314537,0.019082909707534155,5,0.9547255153798474,0.010754651455028187,0.00480962634555201,5
baseline,Baseline chewing,large_long,rotatable_xlink,0.8,initial,5,0.020535359112078717,0.006149447524636173,0.0027501165378308588,5,1100.4,51.27182462132589,22.92945703674642,5,0.14351047820017224,0.035391848637598665,0.015827715880610785,5,0.377591708676431,0.04397551371211047,0.019666447601150622,5,0.9563025159475114,0.011725183298970937,0.005243661381028851,5
baseline,Baseline chewing,large_long,rotatable_xlink,0.8500000000000001,initial,5,0.011967527167233549,0.009528525546828417,0.004261286169610339,5,1118.4,47.08290560277689,21.056115501202967,5,0.1427693224426952,0.03531552527559271,0.01579358303546746,5,0.3747658026334616,0.04799834935523437,0.02146551439321745,5,0.955958456021072,0.011887400051555962,0.005316206918202727,5
baseline,Baseline chewing,large_long,rotatable_xlink,0.9,initial,5,0.013484588465003052,0.009879187888910205,0.004418107136419172,5,1143.2,48.11652522782583,21.518364250100422,5,0.14192241436101397,0.037469173946431365,0.01675672400099692,5,0.37091357789693635,0.047682956752962496,0.021324466533561355,5,0.9534489465041638,0.011402904666535199,0.005099533995064455,5
baseline,Baseline chewing,large_long,rotatable_xlink,0.9500000000000001,initial,5,0.018497236039667804,0.00932703226417479,0.004171175634205721,5,1158.8,48.074941497624316,21.499767440602703,5,0.14454049738944014,0.040124395457772584,0.017944175159932657,5,0.3702071815016727,0.04667076063852592,0.020871798669873088,5,0.9529847335093156,0.011007676760198088,0.004922782702029515,5
baseline,Baseline chewing,large_long,rotatable_xlink,1.0,initial,5,0.011798701411990999,0.007069157241793122,0.003161423227256868,5,1174.4,48.690861565595654,21.77521526874074,5,0.1459343269299288,0.04035993832781512,0.01804951313373876,5,0.3715842085185888,0.04620817285901149,0.0206649231257621,5,0.9536693471587385,0.01218939848894921,0.00545126472522473,5
baseline,Baseline chewing,large_long,rotatable_xlink,1.05,pulse_01,5,0.01362404803569488,0.006321257852543937,0.0028269524523185166,5,1294.8,64.67766229541695,28.924729903665476,5,0.1333735677265391,0.031264150644721246,0.013981753220078117,5,0.34046578070601863,0.03801795956478945,0.017002148390541504,5,0.9552896806425478,0.007833631818977787,0.003503306651587932,5
baseline,Baseline chewing,large_long,rotatable_xlink,1.1,pulse_01,5,0.01676350314592486,0.008005224125962608,0.003580045064154746,5,1307.2,64.14982462953425,28.68867372326577,5,0.13392796580992802,0.030615301487350165,0.013691579055473076,5,0.33842010317388516,0.037781833019381525,0.016896549389176643,5,0.9545900775656537,0.009052502186413878,0.004048402051057381,5
baseline,Baseline chewing,large_long,rotatable_xlink,1.15,pulse_01,5,0.0177547853177124,0.01175066291380649,0.005255056211191413,5,1322.8,64.44532566447313,28.820825803574742,5,0.13503928105393165,0.027515226688914617,0.012305183458545909,5,0.3394546930995145,0.033695338674163,0.01506901356006122,5,0.9557352754213893,0.008070796423084387,0.003609369886915768,5
baseline,Baseline chewing,large_long,rotatable_xlink,1.2,pulse_01,5,0.0101019493828145,0.008094968824130322,0.003620180113299388,5,1337.2,64.19657311726226,28.709580282546796,5,0.1343283217965554,0.024090170140002223,0.01077345160451612,5,0.33670908003598415,0.03502134266170321,0.01566202057097636,5,0.9546742610968384,0.008930878792521958,0.0039940104157780675,5
baseline,Baseline chewing,large_long,rotatable_xlink,1.25,pulse_01,5,0.013988893619428743,0.014914059895979699,0.006669770349582809,5,1347.2,63.72754506490894,28.499824560863527,5,0.13598596004697364,0.022050481094098535,0.009861274932595651,5,0.335991192005536,0.03547068696067269,0.015862973450535906,5,0.9566934304761684,0.008125938038477767,0.0036340299669975176,5
baseline,Baseline chewing,large_long,rotatable_xlink,1.3,pulse_01,5,0.017742157509561495,0.02226679461902516,0.009958013281833357,5,1354.0,65.23802572120036,29.17533204609675,5,0.13821074565465472,0.020077987739893607,0.008979149087561894,5,0.34186319797669557,0.036701119473231146,0.016413239598497224,5,0.9575794891222087,0.009533950604191148,0.004263712329019319,5
baseline,Baseline chewing,large_long,rotatable_xlink,1.35,pulse_01,5,0.0205695845580983,0.0265229072401498,0.011861404709979258,5,1363.2,65.04767482393203,29.090204536922734,5,0.13800973051525794,0.016496555597970163,0.007377483942333195,5,0.34151197818099627,0.033697884598853686,0.015070152132196014,5,0.9577888030783017,0.007035830956952498,0.003146519259588636,5
baseline,Baseline chewing,large_long,rotatable_xlink,1.4,pulse_01,5,0.021552095202690427,0.021395099657625073,0.009568179443966427,5,1369.6,65.29012176432205,29.19863010485252,5,0.13906862808703865,0.017377450708351987,0.007771432211905383,5,0.34184522070588175,0.03298050418974553,0.014749329860097526,5,0.958265389483163,0.008890859812610919,0.003976113383883811,5
baseline,Baseline chewing,large_long,rotatable_xlink,1.45,pulse_01,5,0.022048582893235556,0.02301890177846575,0.010294365828808045,5,1380.4,61.34166610062038,27.432827050816325,5,0.14223346998441755,0.019256633571834037,0.008611828336885096,5,0.34612005173760785,0.033589858896328866,0.01502184156936348,5,0.9591475098032982,0.010752133085052979,0.004808500096260598,5
baseline,Baseline chewing,large_long,rotatable_xlink,1.5,pulse_01,5,0.026813408781968046,0.02521584441308364,0.011276868443542662,5,1385.6,57.34806012412277,25.646832163056704,5,0.14564093928850502,0.019785086977237083,0.00884815988436959,5,0.350196291139582,0.03329114205628322,0.01488825133729028,5,0.9584164050232656,0.009595780889699163,0.004291363673312148,5
baseline,Baseline chewing,large_long,rotatable_xlink,1.55,pulse_01,5,0.029153313214961174,0.028482595933603607,0.01273780413663935,5,1396.8,62.63545321940283,28.01142624001855,5,0.1461436499097295,0.021562211568894367,0.009642914162656039,5,0.35416333811615025,0.04018885683306947,0.01797300316335005,5,0.9584372285910847,0.010326115068393588,0.0046179790472825905,5
baseline,Baseline chewing,large_long,rotatable_xlink,1.6,pulse_01,5,0.024993577277069093,0.019761254568075193,0.008837501706978876,5,1406.8,58.67878662685519,26.24195114697076,5,0.1480840794384028,0.02259615458184793,0.010105307535021061,5,0.36116382972392413,0.04471555562129185,0.019997404404176283,5,0.9605494593707677,0.008989412066770548,0.004020187291811164,5
baseline,Baseline chewing,large_long,rotatable_xlink,1.65,pulse_01,5,0.019452517135856245,0.01067899047437818,0.004775789726356467,5,1413.6,57.13842839980813,25.5530820058951,5,0.14936794797719743,0.024152416637871474,0.010801289084635507,5,0.3629822963993433,0.04924947777287661,0.02202503603130341,5,0.9609601700273199,0.009580932996651971,0.004284723493676914,5
baseline,Baseline chewing,large_long,rotatable_xlink,1.7000000000000002,pulse_01,5,0.018964187249729945,0.01582621356085315,0.00707769786969933,5,1422.4,56.87530219699936,25.435408390666737,5,0.14981567312495056,0.025208853930384603,0.011273742204640544,5,0.36378500842982187,0.05046247835413665,0.02256750638259225,5,0.9623915195091213,0.008736221954252126,0.003906957231246762,5
baseline,Baseline chewing,large_long,rotatable_xlink,1.75,pulse_01,5,0.013500296516436628,0.014636735705482455,0.0065457472012314215,5,1430.0,54.954526656136345,24.576411454889016,5,0.1513023262347723,0.02606078210585271,0.011654736067099354,5,0.365582065851696,0.0473104357412807,0.02115787007252786,5,0.9633688068740215,0.011455639221945119,0.005123117605196417,5
baseline,Baseline chewing,large_long,rotatable_xlink,1.8,pulse_01,5,0.01620353815124575,0.010692314587231374,0.004781748450772391,5,1436.0,57.06137047074842,25.518620652378527,5,0.15168199463285978,0.025501139700423475,0.011404456374773102,5,0.3701103748072362,0.047056127219940826,0.021044139844333176,5,0.9635388751567671,0.011616093331520524,0.005194874864452378,5
baseline,Baseline chewing,large_long,rotatable_xlink,1.85,pulse_01,5,0.010100626410754605,0.00892408221730629,0.003990970894938783,5,1440.4,57.67841884101886,25.79457307264456,5,0.1520674980885482,0.026781162190794332,0.011976899835012664,5,0.370659890982649,0.04711423328045947,0.021070125664578054,5,0.9632350061199793,0.010637769669201044,0.004757355221863797,5
baseline,Baseline chewing,large_long,rotatable_xlink,1.9,pulse_01,5,0.008776615003565903,0.004871943038086568,0.0021787991631336823,5,1446.4,60.305886943150085,26.969612529660115,5,0.15164971579342573,0.02702179408246826,0.012084513688480117,5,0.36842979025052003,0.048141737854773284,0.02152963967964959,5,0.9635158570539032,0.010595008364924269,0.004738231785229912,5
baseline,Baseline chewing,large_long,rotatable_xlink,1.9500000000000002,pulse_01,5,0.005939559257418352,0.004057206053044821,0.0018144377066663675,5,1453.2,61.84820126729637,27.659356463952662,5,0.15242925512645497,0.0281141367691851,0.012573024188924838,5,0.36916411697283413,0.05044650095097916,0.02256036107067944,5,0.9625563223680184,0.010832865773298365,0.004844604852045194,5
baseline,Baseline chewing,large_long,rotatable_xlink,2.0,pulse_01,5,0.010438390706223693,0.006440448065070446,0.002880255935810901,5,1456.0,61.93545026880809,27.6983754036225,5,0.15077812391263237,0.0285435220160171,0.012765051109015215,5,0.3665486562741554,0.05099201244063661,0.02280432122535568,5,0.9626405895110437,0.010021763632605778,0.004481868947388349,5
baseline,Baseline chewing,large_long,rotatable_xlink,2.05,pulse_02,5,0.009186143382609108,0.002875443230041122,0.0012859373055627028,5,1564.4,37.427262790645,16.737980762326142,5,0.14006951880815055,0.029706037389169947,0.013284943788866875,5,0.34129663585937264,0.055777207640244846,0.02494432557574162,5,0.9623245432792427,0.011605964701003656,0.005190345203181439,5
baseline,Baseline chewing,large_long,rotatable_xlink,2.1,pulse_02,5,0.006912965131949944,0.0025429395351313356,0.0011372371326450763,5,1564.4,37.427262790645,16.737980762326142,5,0.14086982324441516,0.030983617598230737,0.01385629502770054,5,0.34221611818926173,0.056201767216705466,0.025134194390434513,5,0.9630583197063374,0.011491296078182823,0.0051390638360787055,5
baseline,Baseline chewing,large_long,rotatable_xlink,2.15,pulse_02,5,0.004517362457197604,0.004003722709163983,0.0017905192281500572,5,1564.4,37.427262790645,16.737980762326142,5,0.14140774129186479,0.03079156647183194,0.013770407152943916,5,0.34479740392321656,0.056450426262818064,0.02524539809650012,5,0.9623977597813662,0.012484241454362397,0.005583122507895031,5
baseline,Baseline chewing,large_long,rotatable_xlink,2.2,pulse_02,5,0.010803908138492333,0.004673456087410327,0.002090033100261938,5,1563.6,38.32492661441115,17.139428228502837,5,0.14169257098927487,0.031987752725749934,0.014305357908446207,5,0.34337077394516646,0.05846420834930902,0.026145988823953147,5,0.9616864863125798,0.013213442237218698,0.005909231011837582,5
baseline,Baseline chewing,large_long,rotatable_xlink,2.25,pulse_02,5,0.020933952419711358,0.004912147660179503,0.0021967792167355807,5,1563.2,37.85762802923606,16.930445948054643,5,0.14202316820751207,0.032093192839194706,0.014352512160689767,5,0.34579586140196383,0.06279262116816295,0.02808171388348092,5,0.9617234383899852,0.011505588993735515,0.005145455822233203,5
baseline,Baseline chewing,large_long,rotatable_xlink,2.3,pulse_02,5,0.02278321792715127,0.015250739371122483,0.0068203379881924524,5,1563.2,37.85762802923606,16.930445948054643,5,0.1431543229512103,0.031897992407723376,0.014265215873888331,5,0.34912118622245913,0.062004951249885316,0.02772945718726082,5,0.9614215186640636,0.011923842569403138,0.005332504507638234,5
baseline,Baseline chewing,large_long,rotatable_xlink,2.35,pulse_02,5,0.017824291154778828,0.014391031297928838,0.006435864849699182,5,1562.8,38.46036921299638,17.2,5,0.1446047106594484,0.032302131416745726,0.014445952333195006,5,0.3515868584231902,0.061051124497883635,0.027302892896014102,5,0.9614342105210845,0.011591687364490394,0.005183960184185181,5
baseline,Baseline chewing,large_long,rotatable_xlink,2.4,pulse_02,5,0.007111967657478191,0.008228061963170635,0.0036797011745459823,5,1561.6,37.40053475553525,16.726027621644057,5,0.14271301630645533,0.0333326650796158,0.014906820997850873,5,0.35256910794515467,0.06020412303206213,0.02692410232509033,5,0.961096109560091,0.013644548952820836,0.0061020277961661915,5
baseline,Baseline chewing,large_long,rotatable_xlink,2.45,pulse_02,5,0.008608312396678187,0.005416465166619092,0.002422316862064003,5,1559.2,36.704223190254275,16.41462762294655,5,0.14154795070530213,0.03322801220729638,0.014860018810541508,5,0.3528334631547933,0.059831875537965956,0.026757628184839736,5,0.9603545251344388,0.01271107978796957,0.005684567694664714,5
baseline,Baseline chewing,large_long,rotatable_xlink,2.5,pulse_02,5,0.0087291928371955,0.0070275795859472846,0.0031428291342935908,5,1558.4,35.84410690755176,16.0299719276111,5,0.14288321267616508,0.03406487694850679,0.015234276100405356,5,0.35308738291706687,0.05709070314529044,0.025531738623226094,5,0.9608088719269577,0.013131154292300619,0.005872430724124465,5
baseline,Baseline chewing,large_long,rotatable_xlink,2.55,pulse_02,5,0.00830304363450393,0.005969265279367668,0.0026695365880790756,5,1557.6,36.91612113968638,16.50939126679115,5,0.14301921217527816,0.033054933655709516,0.01478261572918242,5,0.3543830647894276,0.05700605181664589,0.025493881398179118,5,0.9609450607723469,0.011856601516853433,0.005302433394762279,5
baseline,Baseline chewing,large_long,rotatable_xlink,2.6,pulse_02,5,0.008969374324896025,0.004415973398741792,0.0019748833412834865,5,1557.2,37.37913856685303,16.716458955173486,5,0.14458345874618486,0.03198110809670213,0.014302386339998974,5,0.35460257389204386,0.05638361935562563,0.025215521139330357,5,0.962253864976884,0.0113975056684819,0.005097119489732942,5
baseline,Baseline chewing,large_long,rotatable_xlink,2.65,pulse_02,5,0.008135931484375948,0.00982733189042827,0.004394916428889825,5,1556.8,36.948612964494345,16.523922052587874,5,0.14703921729974656,0.029536395039209008,0.013209077423591781,5,0.35533981159553285,0.05480513334964694,0.02450960073715026,5,0.962038893166946,0.011799332358243552,0.005276821848429096,5
baseline,Baseline chewing,large_long,rotatable_xlink,2.7,pulse_02,5,0.010602102952212889,0.01226147224020859,0.005483497086666607,5,1556.0,36.138621999185304,16.161683080669537,5,0.1467746670351963,0.03005843018795931,0.013442538639441759,5,0.35720621173892503,0.05441545943058797,0.024335333262735338,5,0.9617619988756291,0.010677945577733104,0.004775322434370897,5
baseline,Baseline chewing,large_long,rotatable_xlink,2.75,pulse_02,5,0.01413876463347447,0.012320881867871841,0.005510065879861204,5,1554.4,35.535897343390666,15.892136420255142,5,0.14834111471595707,0.028935364468545003,0.01294028838107974,5,0.35982330443543203,0.057295049117204004,0.025623124920051494,5,0.9629586419183447,0.010658601606554586,0.0047666715474689045,5
baseline,Baseline chewing,large_long,rotatable_xlink,2.8,pulse_02,5,0.02072242506786453,0.018483562037320517,0.008266100236356636,5,1554.0,35.298725189445584,15.786069808536892,5,0.14980729171937962,0.03080078056119701,0.013774527818978127,5,0.3612585925317958,0.05589748146196064,0.024998113663995663,5,0.9627020432290763,0.011781537624172656,0.005268863801424286,5
baseline,Baseline chewing,large_long,rotatable_xlink,2.85,pulse_02,5,0.0245591901104346,0.028716725068784768,0.012842509868995013,5,1552.4,34.911316216951775,15.612815249018992,5,0.15313093338069483,0.034198419846440495,0.015293998299943773,5,0.36471633924896063,0.05859996640950134,0.026206701674169854,5,0.9602388778602562,0.012114514983328559,0.005417775803432477,5
baseline,Baseline chewing,large_long,rotatable_xlink,2.9,pulse_02,5,0.01864297711191093,0.020226608232530686,0.009045614192439096,5,1552.4,34.911316216951775,15.612815249018992,5,0.15719771874178384,0.036794897567145886,0.016455178437055965,5,0.3659274138006493,0.06326847383651271,0.028294521666221865,5,0.9617717650654811,0.011945883039281454,0.005342361305419024,5
baseline,Baseline chewing,large_long,rotatable_xlink,2.95,pulse_02,5,0.01636910623532867,0.014040234317902718,0.006278983670971174,5,1552.0,34.46737587922817,15.414279094398154,5,0.15697607544219289,0.03743181384492046,0.016740016055671984,5,0.36755415541938735,0.0649594286716319,0.029050739657863558,5,0.9622087343657562,0.010538695144454652,0.004713047747429513,5
baseline,Baseline chewing,large_long,rotatable_xlink,3.0,pulse_02,5,0.01931712825413374,0.013957914146701098,0.0062421689712259245,5,1551.2,34.77355316903925,15.551205741035,5,0.15817020604166382,0.040399037188450955,0.018066998675783662,5,0.3694766786105509,0.06610274236404319,0.029562045085031144,5,0.9634174756098114,0.010800208859183744,0.004830000236066061,5
baseline,Baseline chewing,large_long,rotatable_xlink,3.05,pulse_03,5,0.011598707265433892,0.009180257917215775,0.004105536150775022,5,1673.2,35.73793502708291,15.982490419205636,5,0.14813845088522912,0.03926586930984106,0.01756023059448547,5,0.34315513107474266,0.060697799007317005,0.027144880932996013,5,0.961582723634864,0.012793493798087646,0.005721424360449189,5
baseline,Baseline chewing,large_long,rotatable_xlink,3.1,pulse_03,5,0.011245302257018624,0.006397367623533136,0.002860989776655275,5,1672.0,35.77708763999664,16.0,5,0.147935704581817,0.03984983075084296,0.017821386090149268,5,0.3440061588622403,0.05917430601005783,0.026463554151972733,5,0.9608423324272228,0.01402457306672602,0.006271979746522415,5
baseline,Baseline chewing,large_long,rotatable_xlink,3.15,pulse_03,5,0.014472868636531336,0.007569193300398831,0.003385046150905554,5,1671.6,36.370317568038914,16.26530048907797,5,0.14867854126193591,0.03970521753093504,0.01775671309211742,5,0.3425968349341094,0.06161735909854772,0.027556120707673572,5,0.960494134545181,0.01212738926415036,0.005423533356848272,5
baseline,Baseline chewing,large_long,rotatable_xlink,3.2,pulse_03,5,0.020233433777244042,0.010978803193484994,0.004909870050444845,5,1670.8,35.849686191095174,16.032467059064864,5,0.151070179614118,0.042143944185416865,0.01884734480770982,5,0.34505584858611893,0.06220079096662763,0.027817039371126846,5,0.9617796721265076,0.011762885325096646,0.005260522239690163,5
baseline,Baseline chewing,large_long,rotatable_xlink,3.25,pulse_03,5,0.02308779960708191,0.00947309631673429,0.00423649746432415,5,1669.6,35.45137514963277,15.854336946085128,5,0.1528579956539346,0.04239632151365643,0.01896021138009451,5,0.3469295406648647,0.06427035845338933,0.028742578088011356,5,0.9632479812543494,0.012038798558666013,0.0053839143889207386,5
baseline,Baseline chewing,large_long,rotatable_xlink,3.3,pulse_03,5,0.026228804508515863,0.014277719308452423,0.006385190187472181,5,1668.0,34.785054261852174,15.556349186104045,5,0.1542349919213736,0.042704380082694754,0.01909797936037871,5,0.34879893431041975,0.0645386604802514,0.02886256640212427,5,0.9632853747855027,0.012371101169974271,0.00553252463451793,5
baseline,Baseline chewing,large_long,rotatable_xlink,3.35,pulse_03,5,0.029630941217853472,0.017349160552788206,0.0077587804697184515,5,1668.0,34.785054261852174,15.556349186104045,5,0.16062526480848832,0.04945659678709888,0.022117662470350154,5,0.3511814532812519,0.06714200071246702,0.030026815547683113,5,0.9649717435478861,0.011455728839564907,0.005123157683414383,5
baseline,Baseline chewing,large_long,rotatable_xlink,3.4,pulse_03,5,0.02737937750114771,0.013466936060122864,0.006022596895815583,5,1667.6,34.911316216951775,15.612815249018992,5,0.16423629485989338,0.050138192475888965,0.022422481329011243,5,0.35239050532522564,0.06811553217453745,0.03046219205316796,5,0.9650765527365813,0.012515061133763772,0.005596905487532276,5
baseline,Baseline chewing,large_long,rotatable_xlink,3.45,pulse_03,5,0.021465667133143986,0.016249495387183913,0.007266995257162498,5,1666.8,35.82178108358097,16.019987515600626,5,0.16824640217748668,0.05515956061395956,0.02466810542836672,5,0.35822327458997416,0.06698519563833027,0.029956690186685783,5,0.9665113036143573,0.014234090089447548,0.006365678607572155,5
baseline,Baseline chewing,large_long,rotatable_xlink,3.5,pulse_03,5,0.01187633518512933,0.009162581979013925,0.004097631230897937,5,1666.8,35.82178108358097,16.019987515600626,5,0.16989999540691306,0.0566883596710989,0.02535180515150695,5,0.35958798084912635,0.07056316016384998,0.031556804566714745,5,0.9663741449442828,0.01384071871830742,0.006189757582317831,5
baseline,Baseline chewing,large_long,rotatable_xlink,3.55,pulse_03,5,0.005849222262086655,0.0075127652499251945,0.0033598107595661864,5,1666.8,35.82178108358097,16.019987515600626,5,0.17279169581294376,0.058201758545512614,0.026028617703559097,5,0.3599260073180671,0.06993415620516076,0.031275505444765636,5,0.9661557470101417,0.013104231689609048,0.005860390570174551,5
baseline,Baseline chewing,large_long,rotatable_xlink,3.6,pulse_03,5,0.009258224082927202,0.009662600692244757,0.00432124639745916,5,1666.4,36.177340974704045,16.178998732925347,5,0.1742608071126089,0.06103200258700433,0.027294341317496938,5,0.36056422724658893,0.07071825288620646,0.03162616414071567,5,0.9665686170321323,0.012014225927001264,0.00537292517396305,5
baseline,Baseline chewing,large_long,rotatable_xlink,3.65,pulse_03,5,0.011683405145272167,0.010158680278266198,0.004543099932777939,5,1664.8,35.82178108358097,16.019987515600626,5,0.17416402211768847,0.06013695536258444,0.026894064030121862,5,0.36057149101606745,0.07132877071313709,0.031899196013214136,5,0.9661525208919659,0.011767834963083004,0.005262735785090464,5
baseline,Baseline chewing,large_long,rotatable_xlink,3.7,pulse_03,5,0.008848106122663898,0.005891776300294597,0.0026348824631361864,5,1663.6,35.33836442168766,15.803797012110728,5,0.17434020401256742,0.0592256776647999,0.026486528254396714,5,0.3627620908571978,0.07112049100698435,0.031806050496955895,5,0.9666176163845523,0.012131049633404225,0.0054251703237431495,5
baseline,Baseline chewing,large_long,rotatable_xlink,3.75,pulse_03,5,0.006902326460140678,0.004931975035259265,0.0022056462884343275,5,1662.4,34.93994848307593,15.625619987699688,5,0.17441551172625397,0.06018316369572328,0.026914729024926944,5,0.3620250611865553,0.07081026785207506,0.03166731448444157,5,0.9666985599080438,0.012687834940043774,0.005674172282646969,5
baseline,Baseline chewing,large_long,rotatable_xlink,3.8,pulse_03,5,0.006419908184730402,0.006554045123494088,0.0029310580847467568,5,1662.0,35.04283093587046,15.671630419327785,5,0.1745396448559134,0.05897860201837605,0.026376032666199027,5,0.36317097242945534,0.06995255463297581,0.031283733471820355,5,0.9672321767469704,0.013522666555046206,0.006047520330829243,5
baseline,Baseline chewing,large_long,rotatable_xlink,3.85,pulse_03,5,0.004543814684600049,0.0030717810510656304,0.0013737422484357005,5,1661.2,34.8883934855132,15.602563891873666,5,0.17413166317677026,0.05870667377352365,0.026254422658100594,5,0.36286135404018127,0.06971434484449504,0.03117720281583058,5,0.9673969520153944,0.011294409942856984,0.005051013679595546,5
baseline,Baseline chewing,large_long,rotatable_xlink,3.9,pulse_03,5,0.0065263262980693295,0.004090793197196408,0.001829458334164974,5,1660.4,34.44996371551064,15.406492138056603,5,0.17260930473806457,0.05821507316388106,0.02603457218191236,5,0.3648614373240969,0.07196854233238881,0.03218531057935853,5,0.9661462446069142,0.012123929463630004,0.0054219860870178506,5
baseline,Baseline chewing,large_long,rotatable_xlink,3.95,pulse_03,5,0.012741883833871351,0.008293084638499272,0.003708780198968728,5,1658.4,35.02570484658374,15.663971399361017,5,0.17271757487712477,0.05757223997041862,0.0257470884381573,5,0.3647804916850664,0.07324641548616459,0.03275679282705146,5,0.9669606875555733,0.01379851689715585,0.006170884354143991,5
baseline,Baseline chewing,large_long,rotatable_xlink,4.0,pulse_03,5,0.015305617789139081,0.015347831422036351,0.006863758873376109,5,1657.6,35.45137514963277,15.854336946085128,5,0.17414529116943261,0.06315166272584004,0.028242282149423596,5,0.36732787776441717,0.07460519956902492,0.033364459542255545,5,0.9666991562404545,0.012797345196951594,0.005723146758382839,5
baseline,Baseline chewing,large_long,rotatable_xlink,4.05,pulse_04,5,0.026110210861053196,0.02263034241241929,0.010120596797653222,5,1776.8,39.23263947276553,17.545369759569045,5,0.16601404861003405,0.06156482514429244,0.02753262680910524,5,0.3453864132560736,0.06938336414686591,0.031029183748002773,5,0.966489076513812,0.013261423648128186,0.005930688951127575,5
baseline,Baseline chewing,large_long,rotatable_xlink,4.1,pulse_04,5,0.019158397522893562,0.014447847900264835,0.006461274006713954,5,1776.0,39.54743986657038,17.686152775547313,5,0.16955869919280747,0.06856148006344089,0.030661626011970082,5,0.34649959684612386,0.07509084477343354,0.03358164668025644,5,0.9649917557293181,0.013755114150867687,0.006151474055921889,5
baseline,Baseline chewing,large_long,rotatable_xlink,4.15,pulse_04,5,0.013775975150822767,0.013518619254899427,0.006045710323178534,5,1775.6,39.73411632338134,17.76963702499294,5,0.17142121682800232,0.07069701420147723,0.031616665912154215,5,0.3471386851835735,0.07742863432284088,0.03462713795016912,5,0.9650123227918599,0.012080170455664684,0.005402416463730168,5
baseline,Baseline chewing,large_long,rotatable_xlink,4.2,pulse_04,5,0.01490771500996376,0.012814381377765364,0.005730765570058153,5,1774.4,39.50696141188284,17.66805026028622,5,0.17179185686236442,0.07046046721236343,0.03151087888264795,5,0.34854580548641184,0.07719684308913535,0.0345234777591383,5,0.9641548983308563,0.012519711613597386,0.0055989852453394665,5
baseline,Baseline chewing,large_long,rotatable_xlink,4.25,pulse_04,5,0.01131082009190231,0.0040467023596681955,0.0018097403121853776,5,1773.6,39.07428822128434,17.474552927042225,5,0.17158372516624948,0.06935526087039902,0.031016615580688685,5,0.35101481879118157,0.0776599281298945,0.03473057568523844,5,0.9653459543945621,0.012606145846967589,0.005637639809619238,5
baseline,Baseline chewing,large_long,rotatable_xlink,4.3,pulse_04,5,0.007349188331471505,0.005040641966488604,0.0022542436174613468,5,1772.8,38.12086043100286,17.048167056900866,5,0.1721553116893828,0.06874064584581645,0.03074175138569682,5,0.3514607489650256,0.07657385558225813,0.034244869276236184,5,0.9642085924110866,0.012168938977363621,0.005442114953486366,5
baseline,Baseline chewing,large_long,rotatable_xlink,4.35,pulse_04,5,0.0071943652275298755,0.006653475371926965,0.0029755246436498775,5,1771.2,38.641946120763635,17.281203661782357,5,0.17207941291144344,0.06862988495636582,0.03069221761008483,5,0.35226858244903647,0.07509967231333843,0.03358559447611672,5,0.964802322444571,0.012308706552066902,0.005504620913103729,5
baseline,Baseline chewing,large_long,rotatable_xlink,4.4,pulse_04,5,0.005654307616856332,0.005810448944799526,0.0025985117640727326,5,1770.8,38.173289090671766,17.07161386629864,5,0.17192536188598426,0.06826731887182566,0.030530073127811284,5,0.35223819748146296,0.07367504346859337,0.032948481088205334,5,0.9651457871775666,0.012053324688319302,0.005390410671591684,5
baseline,Baseline chewing,large_long,rotatable_xlink,4.45,pulse_04,5,0.005680538638070521,0.004750119241616485,0.002124317905096842,5,1770.0,38.49675310984031,17.216271373325874,5,0.17176918151006565,0.06790838962874922,0.03036955509048499,5,0.3532832181896735,0.07360981089143862,0.032919308192832224,5,0.9654049178448032,0.012146951789731807,0.0054322819842506104,5
baseline,Baseline chewing,large_long,rotatable_xlink,4.5,pulse_04,5,0.006378885900495808,0.00707508462119845,0.0031640740319126164,5,1770.0,38.49675310984031,17.216271373325874,5,0.17151563457934665,0.06830777951527768,0.030548167677645705,5,0.35389643355871714,0.07371955275041932,0.03296838624416384,5,0.9657180245798823,0.013218935525129491,0.005911687684875284,5
baseline,Baseline chewing,large_long,rotatable_xlink,4.55,pulse_04,5,0.005959541909760462,0.006122793675812485,0.002738196574264505,5,1768.8,37.7783006499763,16.8949696655543,5,0.17280839990100336,0.06837636236405097,0.030578838860035235,5,0.3545981796651495,0.07789567658921655,0.03483600560136543,5,0.9667627881788725,0.013549652134597622,0.006059588648887082,5
baseline,Baseline chewing,large_long,rotatable_xlink,4.6,pulse_04,5,0.006329200275895197,0.005288235630436089,0.00236497087013831,5,1768.0,38.0,16.994116628998402,5,0.17486456315950194,0.0695129288528141,0.03108712684599976,5,0.35665887977357713,0.0805628480791593,0.03602880095319771,5,0.966697638752288,0.013565599427212464,0.006066720494955856,5
baseline,Baseline chewing,large_long,rotatable_xlink,4.65,pulse_04,5,0.005950715452369951,0.007595481980052211,0.0033968028058542887,5,1767.2,37.05671329192593,16.572265988693278,5,0.1745291556374681,0.06909565615687562,0.03090051682334515,5,0.35752322100598466,0.08034703549937924,0.03593228663344015,5,0.966460121880511,0.01326548855063514,0.005932506830793067,5
baseline,Baseline chewing,large_long,rotatable_xlink,4.7,pulse_04,5,0.008054346978353468,0.00890354193394042,0.003981785000962144,5,1765.2,35.485208185946995,15.869467539901894,5,0.17410198241717795,0.06954422229292602,0.031101121697867773,5,0.3577373787750847,0.0812013511232853,0.03631434819529897,5,0.9670642281447395,0.01417088318027347,0.006337411618459977,5
baseline,Baseline chewing,large_long,rotatable_xlink,4.75,pulse_04,5,0.00961211155339101,0.009561456043582493,0.004276013135465329,5,1764.4,35.1965907439911,15.7403938959608,5,0.17395589341961756,0.0696564123517299,0.031151294617444807,5,0.35926639223801304,0.08136569565709134,0.03638784530516313,5,0.9681237979378707,0.013843610047181069,0.0061910506238991875,5
baseline,Baseline chewing,large_long,rotatable_xlink,4.8,pulse_04,5,0.009149936334468974,0.006918529332082496,0.0030940603781725354,5,1764.0,35.185224171518364,15.735310610216755,5,0.17541342075359181,0.07061765943692726,0.031581177382579775,5,0.3601615034276036,0.08235329334281581,0.03682951241710341,5,0.9666828241748215,0.014309786150311978,0.006399530915116521,5
baseline,Baseline chewing,large_long,rotatable_xlink,4.85,pulse_04,5,0.009575629112145588,0.003063307576338417,0.0013699527953365653,5,1763.6,35.1965907439911,15.7403938959608,5,0.1763222492420798,0.07051557408857562,0.03153552342689557,5,0.36156503157567066,0.0824074382386675,0.036853726750655215,5,0.970061321518328,0.014038617665815507,0.006278260682178579,5
baseline,Baseline chewing,large_long,rotatable_xlink,4.9,pulse_04,5,0.008163405522276627,0.0032547518791209164,0.0014555692903219094,5,1762.8,34.91704454847231,15.615377036754508,5,0.1762528630124501,0.07060131263273393,0.03157386686950154,5,0.362503739721536,0.08389470084792455,0.037518850809593704,5,0.9694552825285679,0.015279093624581701,0.0068330183958296665,5
baseline,Baseline chewing,large_long,rotatable_xlink,4.95,pulse_04,5,0.007493601648051469,0.007167895900376462,0.003205580497776766,5,1761.6,34.47897910321592,15.419468213917106,5,0.17841719591008473,0.07003743349718303,0.031321692453864416,5,0.36321865221728683,0.0829219815373795,0.037083837509312614,5,0.9685140371447059,0.015035580553118285,0.006724116039589274,5
baseline,Baseline chewing,large_long,rotatable_xlink,5.0,pulse_04,5,0.011180800359626607,0.010183291047927166,0.004554106203566042,5,1760.0,35.6931365951495,15.962455951387932,5,0.18001440954815773,0.07096130021520727,0.03173485821059478,5,0.36348261339532795,0.08405125024641835,0.03758886182896747,5,0.9690471659591624,0.015171561103433165,0.0067849283904136545,5
baseline,Baseline chewing,large_long,rotatable_xlink,5.05,pulse_05,5,0.014135805181082265,0.023042906337007046,0.010305100993741685,5,1872.4,30.737599125501003,13.746272221951665,5,0.1709388791461361,0.06688154147808416,0.029910334636993587,5,0.3456742006249439,0.08058625517179005,0.036039268923253306,5,0.9686095594873885,0.014883382015680648,0.006656050784431954,5
baseline,Baseline chewing,large_long,rotatable_xlink,5.1,pulse_05,5,0.011782536073751512,0.016276534967737448,0.007279087725202656,5,1870.8,31.3878957561669,14.037093716293269,5,0.17322281371599427,0.06770788593623074,0.030279887113242785,5,0.34597149326398186,0.08053823162808826,0.03601779214160578,5,0.9676049398653561,0.015381740595356628,0.006878923516697101,5
baseline,Baseline chewing,large_long,rotatable_xlink,5.15,pulse_05,5,0.007830025674000419,0.008316723953314198,0.0037193520219422666,5,1868.8,32.01874451005223,14.319217855734996,5,0.17340304134067708,0.06740644453865796,0.030145078422001727,5,0.3463369480938012,0.07927820175703075,0.035454289652532806,5,0.9687701490585823,0.015837253112911523,0.007082634907468063,5
baseline,Baseline chewing,large_long,rotatable_xlink,5.2,pulse_05,5,0.003917397743022792,0.002181668195350258,0.0009756716778304935,5,1868.8,32.01874451005223,14.319217855734996,5,0.17361698355579785,0.0676307661078628,0.030245398077514016,5,0.3467729097322123,0.0791904502748671,0.03541504599668394,5,0.9686803702449278,0.015594735846831777,0.00697417788893372,5
baseline,Baseline chewing,large_long,rotatable_xlink,5.25,pulse_05,5,0.004110692144516699,0.0032264837879490494,0.0014429274156310182,5,1866.8,30.74410512602375,13.749181793837769,5,0.17447626188250903,0.06769038533192623,0.030272060605068343,5,0.3469547627463639,0.08039982213308584,0.03595589353369442,5,0.9679778053201756,0.015228000559312706,0.006810168882405605,5
baseline,Baseline chewing,large_long,rotatable_xlink,5.3,pulse_05,5,0.006055717003006541,0.006141058076110102,0.0027463646623912532,5,1866.4,30.737599125501003,13.746272221951665,5,0.17480452397710827,0.06849017521532803,0.030629737514468954,5,0.3495516580310551,0.08065249896403032,0.036068894047760626,5,0.9680675587346099,0.015668779655847027,0.007007291286987942,5
baseline,Baseline chewing,large_long,rotatable_xlink,5.35,pulse_05,5,0.011941888783597957,0.0073322002471468755,0.003279059635452234,5,1864.0,28.53068523537421,12.759310326189263,5,0.17451887528480262,0.06777794383805166,0.0303112179594093,5,0.34841854529352484,0.0799802705545916,0.03576826436377832,5,0.9682360089505277,0.015512936792128776,0.006937596239571493,5
baseline,Baseline chewing,large_long,rotatable_xlink,5.4,pulse_05,5,0.014585917384345079,0.01048573207059691,0.004689361940740862,5,1864.0,28.53068523537421,12.759310326189263,5,0.17656631021859515,0.06607539621466571,0.02954981551524496,5,0.3499089855253444,0.07982229182490132,0.035697614128061016,5,0.9684613986754821,0.015493583547135887,0.006928941205293632,5
baseline,Baseline chewing,large_long,rotatable_xlink,5.45,pulse_05,5,0.012210338305269682,0.00841478797374244,0.0037632075851071626,5,1863.6,28.684490582891655,12.82809416865966,5,0.18024515805553448,0.06800455111684137,0.030412559815323308,5,0.3510356045334156,0.08109562682242256,0.03626706685057842,5,0.9691280867543804,0.015439740010142526,0.006904861643520396,5
baseline,Baseline chewing,large_long,rotatable_xlink,5.5,pulse_05,5,0.013344844783428131,0.010870281830306245,0.0048613378214291195,5,1862.0,28.178005607210743,12.601587201618692,5,0.18307981144134491,0.06930507481676478,0.030994171695198962,5,0.3538365989486822,0.08009821562415813,0.03582101100241066,5,0.9681760419217168,0.015517314556292374,0.0069395540352233465,5
baseline,Baseline chewing,large_long,rotatable_xlink,5.55,pulse_05,5,0.012582841473433342,0.013382937616161827,0.0059850316496753665,5,1860.4,27.763285108214408,12.416118556135004,5,0.18356526403494336,0.07003710016104255,0.03132154338141052,5,0.3556433779700394,0.0821722081863029,0.036748528673167594,5,0.9702705666788128,0.015235815023092129,0.006813663616849305,5
baseline,Baseline chewing,large_long,rotatable_xlink,5.6,pulse_05,5,0.010331030561585467,0.011906402249719828,0.005324704959565992,5,1859.6,27.254357449773053,12.188519188154071,5,0.18614142526253008,0.07292099371236281,0.0326112597855356,5,0.35437733079642625,0.08213868249867515,0.03673353552986198,5,0.9696352709633136,0.015290725686644633,0.006838220412127909,5
baseline,Baseline chewing,large_long,rotatable_xlink,5.65,pulse_05,5,0.009193718553426194,0.00892552620760032,0.003991616667030043,5,1857.6,27.618834153526464,12.351518125315607,5,0.18591887897649484,0.0728542046215411,0.03258139079608905,5,0.3568585095759287,0.0808743680953211,0.036168116939695634,5,0.9701286146074406,0.014057627677539096,0.006286762217871982,5
baseline,Baseline chewing,large_long,rotatable_xlink,5.7,pulse_05,5,0.00529489639076944,0.0053649973625571196,0.0023992997603569607,5,1856.0,27.712812921102035,12.393546707863733,5,0.1854720997638451,0.07039645950100047,0.0314822537639096,5,0.3560993860179238,0.08212797437833944,0.0367287467128656,5,0.9701212241163306,0.013147010169121493,0.005879521687807333,5
baseline,Baseline chewing,large_long,rotatable_xlink,5.75,pulse_05,5,0.003561206920300708,0.002992402589135665,0.0013382431210707442,5,1856.0,27.712812921102035,12.393546707863733,5,0.18745744102889642,0.07084711394328341,0.03168379255737098,5,0.35575643509866,0.08087777738199237,0.03616964161904598,5,0.9716907160434246,0.014102631699923759,0.006306888628534588,5
baseline,Baseline chewing,large_long,rotatable_xlink,5.8,pulse_05,5,0.0047587578518174635,0.0035250076352274524,0.001576431338714873,5,1855.2,27.553584158871235,12.322337440599489,5,0.18640757012614026,0.07143593359410941,0.0319471207105179,5,0.35688122817404305,0.08256283817997861,0.036923223717149435,5,0.9699447181047713,0.012853646093442642,0.005748325284732472,5
baseline,Baseline chewing,large_long,rotatable_xlink,5.85,pulse_05,5,0.005449661359784582,0.001897240401510978,0.0008484717014875082,5,1853.6,28.36899716239543,12.687001221722964,5,0.18556861721587,0.07145239957942529,0.03195448452301446,5,0.3573356875078691,0.08258387582731831,0.036932632039057084,5,0.9692491461767314,0.012843572107550494,0.005743820061280628,5
baseline,Baseline chewing,large_long,rotatable_xlink,5.9,pulse_05,5,0.007422981600602396,0.0032388142651827573,0.0014484417726889352,5,1853.2,28.72629457483161,12.846789482201379,5,0.18609821170416796,0.07137303036625854,0.03191898953182216,5,0.358002697095278,0.08434462518368363,0.037720063089491454,5,0.9695369979756748,0.013285415302982941,0.005941418345357163,5
baseline,Baseline chewing,large_long,rotatable_xlink,5.95,pulse_05,5,0.007187535973301085,0.008614636758850403,0.0038525826788515924,5,1852.0,27.53179979587241,12.312595177297107,5,0.18670713671719744,0.07050387816713061,0.03153029285181346,5,0.3576415873540141,0.08247514460487264,0.03688400595812405,5,0.9699902004426697,0.014565064551517163,0.006513694886772972,5
baseline,Baseline chewing,large_long,rotatable_xlink,6.0,pulse_05,5,0.008800741997765727,0.007443920092133757,0.0033290222690175154,5,1850.8,27.444489428663086,12.273548794053005,5,0.18733277188366412,0.07056240309804712,0.03155646599659502,5,0.3583780070042434,0.08401986736341377,0.037574826977021844,5,0.9685189258974594,0.012366668635436688,0.0055305423448102,5
baseline,Baseline chewing,large_long,rotatable_xlink,6.05,pulse_06,5,0.012029922959779308,0.012207369264516904,0.005459301500380281,5,1969.6,37.5339846006256,16.785708206685825,5,0.17560041776554752,0.06567985761040815,0.029372925273875902,5,0.33657933985622257,0.0759532742153421,0.033967336851837386,5,0.966758494081825,0.013570172112692895,0.006068765462070649,5
baseline,Baseline chewing,large_long,rotatable_xlink,6.1,pulse_06,5,0.007529400174191171,0.010300875149915107,0.004606691412589703,5,1968.8,37.405881890419316,16.728418933061185,5,0.17645699446691257,0.06702658658544322,0.02997520078096531,5,0.3386933997512499,0.07642628948801547,0.034178875712656036,5,0.9668425888214076,0.01232339457328168,0.00551118959588197,5
baseline,Baseline chewing,large_long,rotatable_xlink,6.15,pulse_06,5,0.011250840162633424,0.004840665910885759,0.002164811606621299,5,1968.0,36.932370625238775,16.51665825765006,5,0.1754942011882902,0.06845776998187211,0.030615245453502117,5,0.340064396634659,0.07656444064368846,0.03424065878770703,5,0.9671781011466697,0.013688056433127392,0.00612148493286523,5
baseline,Baseline chewing,large_long,rotatable_xlink,6.2,pulse_06,5,0.013701564353864123,0.00900366988633869,0.004026563582564223,5,1967.2,35.93327149036113,16.06984754128053,5,0.17577647006597283,0.06836777951832664,0.030575000494739237,5,0.3398397804502273,0.07784440669740347,0.03481307700870681,5,0.966442904688579,0.014178128194319241,0.006340651687240834,5
baseline,Baseline chewing,large_long,rotatable_xlink,6.25,pulse_06,5,0.012705911149852084,0.011737621149321281,0.005249223756804319,5,1966.0,36.4417343165772,16.29723902997069,5,0.17651731615444674,0.06892542475381527,0.03082438702551553,5,0.34177912636486585,0.07809669423209542,0.03492590342419622,5,0.9688447302870002,0.014874871279772123,0.006652244667625952,5
baseline,Baseline chewing,large_long,rotatable_xlink,6.3,pulse_06,5,0.012861395990159253,0.008593160835254571,0.0038429783538436184,5,1964.8,37.02971779530597,16.56019323558756,5,0.17948381000073316,0.07130751621050037,0.031889690710669404,5,0.342176896749893,0.07920926504485457,0.035423460217618545,5,0.9671428244842222,0.01389685573428596,0.006214862819074232,5
baseline,Baseline chewing,large_long,rotatable_xlink,6.35,pulse_06,5,0.007937157879168755,0.0040864116623406,0.0018274988522082997,5,1963.6,36.507533469134835,16.32666530556684,5,0.17966993028033895,0.07164688034020085,0.03204145896329647,5,0.34373215374519567,0.08047720676931236,0.035990500995097735,5,0.9686488908816198,0.014612003773089268,0.006534686744822203,5
baseline,Baseline chewing,large_long,rotatable_xlink,6.4,pulse_06,5,0.006191362563951105,0.005267640122262,0.002355760278876627,5,1962.0,35.7211421989835,15.974980438172684,5,0.17981826301809967,0.07178548968925041,0.032103446948654836,5,0.34444949466685604,0.08106294171813667,0.03625244962757144,5,0.9683151149526206,0.014286121281298865,0.006388947663958131,5
baseline,Baseline chewing,large_long,rotatable_xlink,6.45,pulse_06,5,0.008951945182875757,0.007869661145352811,0.003519419456179548,5,1961.2,36.704223190254275,16.41462762294655,5,0.18118776411473325,0.07305313130235494,0.032670353512256674,5,0.3450087458472463,0.08145184986492712,0.03642637463821682,5,0.9686036949805945,0.015477796158148018,0.00692188087030081,5
baseline,Baseline chewing,large_long,rotatable_xlink,6.5,pulse_06,5,0.009746252230678813,0.011081043406080293,0.004955593263524268,5,1960.0,35.749125863438955,15.987495113369073,5,0.18206837981528506,0.07409179945214477,0.033134860030055474,5,0.34574041794115373,0.08149805410795732,0.03644703780386971,5,0.968970516802754,0.015423021258086454,0.006897384790301127,5
baseline,Baseline chewing,large_long,rotatable_xlink,6.55,pulse_06,5,0.009034275002839353,0.010193631777110771,0.004558730718244333,5,1958.8,36.29325006113395,16.230834852218784,5,0.18238937571754046,0.07473641206823056,0.033423139555799834,5,0.34572571401361746,0.0831765732628396,0.03719769439024016,5,0.9679526513972805,0.015688330008966557,0.007016034470699821,5
baseline,Baseline chewing,large_long,rotatable_xlink,6.6,pulse_06,5,0.00743723072103916,0.005590301912210851,0.0025000590180901047,5,1958.0,35.832945734337834,16.0249804992081,5,0.18255069863947987,0.07487673209635154,0.033485892580096474,5,0.3462037324016222,0.08542645303844434,0.038203871214131,5,0.9668842141933224,0.015867117740109495,0.007095990774775534,5
baseline,Baseline chewing,large_long,rotatable_xlink,6.65,pulse_06,5,0.004441379773952936,0.003708656843475887,0.001658561761446376,5,1956.8,36.29325006113395,16.230834852218784,5,0.18260605442906605,0.07543139234228623,0.033733944182961814,5,0.34570832896979464,0.08527311823994042,0.0381352978075768,5,0.9678363356980352,0.015991880755374836,0.0071517864914177635,5
baseline,Baseline chewing,large_long,rotatable_xlink,6.7,pulse_06,5,0.005834080523642175,0.00414840716683716,0.0018552240846790402,5,1955.6,35.31005522510549,15.791136754521503,5,0.18084292839115199,0.07543693966004167,0.033736425018880606,5,0.34545514353448026,0.08496717809670361,0.03799847721611209,5,0.9663097379733699,0.016652613746289218,0.007447275267950026,5
baseline,Baseline chewing,large_long,rotatable_xlink,6.75,pulse_06,5,0.0051522300715446025,0.0036385813502189646,0.0016272230481505147,5,1954.8,34.31034829318991,15.344054223053304,5,0.18301420782316452,0.07577537292029878,0.033887776974036964,5,0.3465308133995777,0.08552407296639443,0.03824752817310201,5,0.9658265027333108,0.01651611927313141,0.007386233083843249,5
baseline,Baseline chewing,large_long,rotatable_xlink,6.8,pulse_06,5,0.006743463797008705,0.0032927592383538906,0.0014725666980999464,5,1954.4,33.86443562205046,15.14463601411404,5,0.1848765500454687,0.0781339808277602,0.03494257849670742,5,0.3478144515513316,0.08688924334701666,0.03885805092749012,5,0.9669346083664273,0.01641048767972825,0.007338993199159033,5
baseline,Baseline chewing,large_long,rotatable_xlink,6.85,pulse_06,5,0.006657504478460157,0.006486682322114191,0.0029009325241387035,5,1953.6,35.25336863336609,15.765785740013085,5,0.18513443547323866,0.07891112252549487,0.03529012682956428,5,0.3489841262250938,0.08507587604837522,0.03804708841790263,5,0.9668476746210398,0.016633881599375185,0.007438897997177167,5
baseline,Baseline chewing,large_long,rotatable_xlink,6.9,pulse_06,5,0.006861511633590003,0.006198661841832796,0.002772125849574436,5,1953.2,35.202272653906874,15.742934923323538,5,0.18390924743166712,0.0778227074438874,0.03480337280752223,5,0.3504594906858781,0.08402443132504152,0.03757686804271111,5,0.9664423036051073,0.01530071429379578,0.00684268745304601,5
baseline,Baseline chewing,large_long,rotatable_xlink,6.95,pulse_06,5,0.007493862572966603,0.0068360579720643504,0.003057178064733049,5,1952.0,34.20526275297414,15.297058540778355,5,0.18403058370280143,0.07868791743382456,0.035190306477984504,5,0.3492523272980935,0.08496830142326076,0.037998979583020634,5,0.9660346307927256,0.015712298745295387,0.007026753615453028,5
baseline,Baseline chewing,large_long,rotatable_xlink,7.0,pulse_06,5,0.010946135479393871,0.012966238961688616,0.005798678346168407,5,1951.2,34.455768747772844,15.409088227406576,5,0.1861427290206107,0.08004871340749853,0.035798872938113104,5,0.351067781603372,0.08546109531542578,0.03821936371137617,5,0.9659847315847191,0.016604478551806592,0.00742574855455536,5
baseline,Baseline chewing,large_long,rotatable_xlink,7.05,pulse_07,5,0.00956203127367649,0.011932728675158823,0.0053364784949432266,5,2072.0,34.785054261852174,15.556349186104045,5,0.17633704863562857,0.07566945806268716,0.033840410409747605,5,0.3336188122590086,0.07815276282507952,0.03495097806125926,5,0.9641725868853204,0.017057761123566557,0.007628462683249602,5
baseline,Baseline chewing,large_long,rotatable_xlink,7.1,pulse_07,5,0.008284636436366632,0.0048636316836311675,0.002175082212424208,5,2071.2,33.781651824622195,15.107613974417005,5,0.17491355782011458,0.07592855976042188,0.03395628421159169,5,0.3357365870519939,0.07934989992483803,0.03548635404794866,5,0.963902739450145,0.017275681333313756,0.007725919563782752,5
baseline,Baseline chewing,large_long,rotatable_xlink,7.15,pulse_07,5,0.009395193199490323,0.007841710219795442,0.003506919422263485,5,2070.0,32.83291031876401,14.683323874382122,5,0.17414873459084407,0.07442060219155093,0.03328190508535554,5,0.33571090137615656,0.08097129106787615,0.03621146221073852,5,0.9653008124278756,0.015160418966944911,0.006779945475493192,5
baseline,Baseline chewing,large_long,rotatable_xlink,7.2,pulse_07,5,0.010521315069197535,0.01938980181161841,0.008671382984205467,5,2069.2,31.89357302028106,14.263239463740346,5,0.1756036922461956,0.0763878767116611,0.034161696996829465,5,0.3368556012966961,0.08073663423312039,0.03610652048395876,5,0.965785561518033,0.015492562539088718,0.006928484596613823,5
baseline,Baseline chewing,large_long,rotatable_xlink,7.25,pulse_07,5,0.012115709962629962,0.020275263609057827,0.009067373538316204,5,2068.4,32.13720585240727,14.372195378577345,5,0.17799407700759112,0.07834249496583952,0.03503582885411045,5,0.33894742697670044,0.07998268694204329,0.035769345005098714,5,0.9657309153189665,0.015880727218800187,0.0071020771186736786,5
baseline,Baseline chewing,large_long,rotatable_xlink,7.3,pulse_07,5,0.010315763055167895,0.015342396528021829,0.006861328314882713,5,2068.4,32.13720585240727,14.372195378577345,5,0.17858156901384742,0.07836159946127853,0.035044372644205936,5,0.34069534828093534,0.07944962339512417,0.035530951739651054,5,0.9661740919520134,0.015515025037439187,0.006938530131265048,5
baseline,Baseline chewing,large_long,rotatable_xlink,7.35,pulse_07,5,0.008228479710826327,0.011176064688615536,0.004998088072935871,5,2067.2,31.578473680657844,14.122322755127785,5,0.1780471846191493,0.0769130090150268,0.034396543302330815,5,0.34246931993043495,0.0814990885367508,0.03644750041448973,5,0.9661796713353923,0.015040816497772393,0.006726457625223877,5
baseline,Baseline chewing,large_long,rotatable_xlink,7.4,pulse_07,5,0.0089888077040538,0.010892647902550687,0.004871340233014768,5,2066.0,31.336879231984796,14.01427843308388,5,0.17805015920900497,0.07690488487890149,0.03439291007820388,5,0.3425134320217816,0.08207864559360967,0.03670668620968496,5,0.9657673839284288,0.015931519543265604,0.007124792136721658,5
baseline,Baseline chewing,large_long,rotatable_xlink,7.45,pulse_07,5,0.0084882963061551,0.012647494994622078,0.005656131710612661,5,2065.6,31.317726609701413,14.005713120009275,5,0.17797705802858882,0.07765210399662861,0.034727076626468935,5,0.34370947791308987,0.08208439890183089,0.03670925916734059,5,0.9665484306966418,0.01663958262716933,0.007441447574315032,5
baseline,Baseline chewing,large_long,rotatable_xlink,7.5,pulse_07,5,0.012490449709524057,0.01759330895382923,0.007867966953983573,5,2064.0,30.95157508108432,13.84196517839862,5,0.17741741580709464,0.07807903437983196,0.03491800569816948,5,0.34380181384330283,0.0822274597755276,0.036773237935041864,5,0.9671353801266959,0.0169974421360084,0.007601487211946802,5
baseline,Baseline chewing,large_long,rotatable_xlink,7.55,pulse_07,5,0.01223001025949626,0.014681748003629983,0.006565877312927694,5,2064.0,30.95157508108432,13.84196517839862,5,0.17914363823678306,0.07972870075175933,0.03565575892773449,5,0.3443667645911385,0.08424855841560697,0.03767710072473183,5,0.9674554344335526,0.016853174046936988,0.007536968561117267,5
baseline,Baseline chewing,large_long,rotatable_xlink,7.6,pulse_07,5,0.005508500904947129,0.0032206167818901957,0.0014403036107566182,5,2063.2,30.01999333777408,13.425349157470729,5,0.17888334505902564,0.07887931905206193,0.03527590388386095,5,0.34497518998800913,0.08479731694752086,0.037922513000850325,5,0.9675790544421616,0.016914850051294533,0.007564550908782076,5
baseline,Baseline chewing,large_long,rotatable_xlink,7.65,pulse_07,5,0.0034494373765231014,0.0022769366350330385,0.0010182770192787005,5,2062.4,29.846272799128535,13.347658970770865,5,0.178986646776834,0.07950840050941323,0.03555723766426538,5,0.3453643911591606,0.08359969529121028,0.03738692031388305,5,0.9675340660154548,0.017453100603294528,0.00780526387342183,5
baseline,Baseline chewing,large_long,rotatable_xlink,7.7,pulse_07,5,0.003983536500541995,0.003986995147221832,0.0017830384350299596,5,2061.6,29.711950457686214,13.287588193498472,5,0.17853179908551647,0.07749175006020916,0.034655364166010214,5,0.34416783179663907,0.08274685719324679,0.03700551952171345,5,0.9675440125114336,0.01833631581517843,0.008200249723928688,5
baseline,Baseline chewing,large_long,rotatable_xlink,7.75,pulse_07,5,0.004264216196277133,0.003959005292665931,0.0017705209915364942,5,2061.2,29.34620929523948,13.124023773218333,5,0.17834524632140394,0.07705092454350028,0.03445822100169471,5,0.3455414275826508,0.082056115046191,0.03669661024256527,5,0.9684470884341343,0.01781216268453158,0.00796584131777955,5
baseline,Baseline chewing,large_long,rotatable_xlink,7.8,pulse_07,5,0.00783272620867661,0.008784609029394184,0.003928596589096768,5,2060.0,29.154759474226502,13.038404810405297,5,0.17732381603773104,0.07702498356449022,0.03444661984320084,5,0.34720707670621553,0.08198039213659881,0.03666274592790483,5,0.9682643759384089,0.017807661069230884,0.007963828134215369,5
baseline,Baseline chewing,large_long,rotatable_xlink,7.85,pulse_07,5,0.006654273166389914,0.010776916339508311,0.004819583504593757,5,2058.4,27.978563222581677,12.512393855693642,5,0.17750286136193744,0.07544837846894226,0.033741540609737275,5,0.347488081782664,0.08241026143138479,0.0368549893208211,5,0.9686242323643011,0.017048251200999086,0.007624209716585277,5
baseline,Baseline chewing,large_long,rotatable_xlink,7.9,pulse_07,5,0.00653131441373446,0.004799020613716854,0.002146187263538729,5,2057.6,27.72724292099739,12.399999999999999,5,0.17689159582844866,0.07455433339821867,0.033341711499119964,5,0.34831307517853033,0.08417281021284291,0.03764322509862106,5,0.9684626699579436,0.01754490657482199,0.007846320752036994,5
baseline,Baseline chewing,large_long,rotatable_xlink,7.95,pulse_07,5,0.00974241679432426,0.007137575435884072,0.0031920207738338952,5,2057.6,27.72724292099739,12.399999999999999,5,0.17607062023416314,0.07431884967288732,0.03323639997563281,5,0.34783179343176734,0.08389103145009857,0.03751720980499863,5,0.968421226928785,0.01816284204685209,0.008122669896270538,5
baseline,Baseline chewing,large_long,rotatable_xlink,8.0,pulse_07,5,0.012439868412002397,0.00815594070495098,0.003647447567345589,5,2055.6,27.254357449773053,12.188519188154071,5,0.1754059014914607,0.07559305938159253,0.03380624388088382,5,0.34810689109352455,0.08427482561944707,0.0376888477754049,5,0.967916138863254,0.019220822071602965,0.00859581294710651,5
ultra,2x chewers + 2x rate,large_long,nomotor_xlink,0.0,initial,5,0.1233967436812784,0.06418723009158527,0.028705401954440938,5,466.4,36.91612113968638,16.50939126679115,5,0.2360630970376655,0.06972977968435587,0.03118410548606071,5,0.47013295283083034,0.08731666141230278,0.03904919809724836,5,0.9326764967588271,0.007082864794809675,0.0031675534313269065,5
ultra,2x chewers + 2x rate,large_long,nomotor_xlink,0.05,initial,5,0.12678835293289314,0.04729622830396033,0.021151516313400977,5,524.0,41.7612260356422,18.676188047886004,5,0.22267281871468042,0.07083613822229883,0.031678884065726255,5,0.4540228689917473,0.07904012447329334,0.03534781825446573,5,0.9414409360042978,0.00668364795583459,0.002989018233384731,5
ultra,2x chewers + 2x rate,large_long,nomotor_xlink,0.1,initial,5,0.1136872376069971,0.03851900543458616,0.017226222915483695,5,566.4,42.388677733564656,18.956792977716457,5,0.20974630491882168,0.06432373986059836,0.028766450979062157,5,0.43885441458104674,0.07796993528630133,0.03486921510028586,5,0.9395123871651444,0.004638429079097608,0.0020743685459348,5
ultra,2x chewers + 2x rate,large_long,nomotor_xlink,0.15000000000000002,initial,5,0.10111697501499409,0.049463553927590796,0.022120773798163944,5,611.2,45.882458521748816,20.51925924588897,5,0.19624905811111043,0.05935307080063701,0.026543500196716443,5,0.42491774780005603,0.07800398137958088,0.034884440976074134,5,0.9409959973003403,0.005129362076911262,0.0022939204570366174,5
ultra,2x chewers + 2x rate,large_long,nomotor_xlink,0.2,initial,5,0.08875099098403723,0.03721610125657485,0.01664354645344334,5,665.2,52.69914610313909,23.56777460856243,5,0.18444582797682102,0.05003331146629458,0.022375577115610872,5,0.41403642621789116,0.06815598434483529,0.03048028281369263,5,0.9435264132940592,0.006282058857064922,0.00280942212861036,5
ultra,2x chewers + 2x rate,large_long,nomotor_xlink,0.25,initial,5,0.06919874204680061,0.016180788135355607,0.007236268440035441,5,707.6,50.703057107042376,22.675096471680117,5,0.17190274837302402,0.044450376269310615,0.019878812592724407,5,0.4039609676450261,0.06732871572944428,0.030110317041759347,5,0.9456847052552322,0.004179423289872811,0.0018690949165802828,5
ultra,2x chewers + 2x rate,large_long,nomotor_xlink,0.30000000000000004,initial,5,0.07650796809518018,0.03046375905541491,0.013623807219616504,5,753.6,51.892195945055164,23.206895526976457,5,0.16105417819823667,0.04056727584353839,0.018142237289627394,5,0.39104022068364397,0.063608152808463,0.028446430720583487,5,0.9476113743985641,0.003232370031339132,0.0014455598237014847,5
ultra,2x chewers + 2x rate,large_long,nomotor_xlink,0.35000000000000003,initial,5,0.07755603890509595,0.02675679532040008,0.011966002639292568,5,798.4,50.2075691504777,22.4535075210979,5,0.1525814863841116,0.03737574680699243,0.016714942114051157,5,0.37921134401299395,0.05905542929229559,0.026410390867601045,5,0.9470250894658946,0.0034634140716242267,0.0015488858596762192,5
ultra,2x chewers + 2x rate,large_long,nomotor_xlink,0.4,initial,5,0.06303805768511259,0.015751411341555284,0.0070442453002557545,5,837.6,47.463670317412245,21.226398658274558,5,0.14341994716062936,0.03515414609957534,0.015721412073921907,5,0.37021710726824547,0.054370936000881165,0.02431542177965217,5,0.9478580937977954,0.003809137628150164,0.0017034981344392166,5
ultra,2x chewers + 2x rate,large_long,nomotor_xlink,0.45,initial,5,0.05716853580295221,0.019760964906446608,0.008837372166360477,5,874.4,43.48333013926141,19.44633641589078,5,0.13367226514158315,0.03275991581535201,0.014650679740059507,5,0.36280000473912033,0.05043550240501019,0.02255544237139138,5,0.9478554187295216,0.005583542492412701,0.0024970361136586808,5
ultra,2x chewers + 2x rate,large_long,nomotor_xlink,0.5,initial,5,0.061458986451596406,0.01715842795295896,0.007673482257969759,5,912.4,41.65093036175783,18.626862323000083,5,0.12876988135347314,0.03166760474207466,0.014162183377574727,5,0.35741286090888535,0.04945535854192606,0.022117108710274308,5,0.9461549778453173,0.006187304338192244,0.002767046619535441,5
ultra,2x chewers + 2x rate,large_long,nomotor_xlink,0.55,initial,5,0.0623010404494451,0.012011003493881744,0.005371484058061412,5,946.8,43.51091817004096,19.458674158328467,5,0.1226673729301689,0.029995091898551957,0.01341421289530308,5,0.35038590422457766,0.04707604002704047,0.021053045122392703,5,0.9455172566645104,0.0050320796070605625,0.0022504144139155694,5
ultra,2x chewers + 2x rate,large_long,nomotor_xlink,0.6000000000000001,initial,5,0.051926324065122965,0.014423938019515184,0.006450581182975927,5,970.4,46.784612855083026,20.92271492899523,5,0.11454152847478186,0.02476989552167745,0.01107743403640768,5,0.34157224708928485,0.04571696833758715,0.020445249785610083,5,0.9448493599163188,0.006212905989732528,0.0027784960261715086,5
ultra,2x chewers + 2x rate,large_long,nomotor_xlink,0.65,initial,5,0.05268689641562385,0.008861608278825865,0.003963031700285909,5,1000.4,49.32342242788917,22.05810508633958,5,0.11137660716330063,0.024201672654993543,0.010823317045152674,5,0.3367779243442842,0.0447913150551702,0.02003128505299406,5,0.9442717916486363,0.0065314090832899446,0.0029209349398191804,5
ultra,2x chewers + 2x rate,large_long,nomotor_xlink,0.7000000000000001,initial,5,0.043878965294095136,0.011015915859167585,0.004926467339103344,5,1030.8,48.26178612525649,21.58332689832594,5,0.10655331228316908,0.023744310747277984,0.01061877858195848,5,0.3297400010017873,0.04245759482036826,0.01898761363589728,5,0.9448190923903951,0.007377052229726585,0.0032991180518470078,5
ultra,2x chewers + 2x rate,large_long,nomotor_xlink,0.75,initial,5,0.030551127662411127,0.013078992196378602,0.005849103125658366,5,1052.4,47.52683452534999,21.254646550813305,5,0.10333209428116322,0.023651006438969367,0.010577051626764146,5,0.32746279478947676,0.040582797939175706,0.01814917898182705,5,0.944625837180638,0.00639290441551606,0.002858993769350494,5
ultra,2x chewers + 2x rate,large_long,nomotor_xlink,0.8,initial,5,0.03327233163349959,0.012503530346614711,0.0055917487627524,5,1072.8,46.57467122803982,20.828826179120128,5,0.09918175838254142,0.021067555666627442,0.009421697318067971,5,0.32431218804660344,0.03720480707017716,0.016638495539736183,5,0.9426960145847767,0.00345915768136468,0.0015469823440843963,5
ultra,2x chewers + 2x rate,large_long,nomotor_xlink,0.8500000000000001,initial,5,0.03828118038422313,0.00836424872294383,0.003740605745043641,5,1094.4,42.927846440276966,19.19791655362633,5,0.09487628116982878,0.020511652927296776,0.009173090055263629,5,0.3186607382739241,0.04078534333465723,0.018239760036392303,5,0.9399824862471053,0.005449476862602296,0.002437080141318203,5
ultra,2x chewers + 2x rate,large_long,nomotor_xlink,0.9,initial,5,0.03584916454088192,0.018011896301323677,0.008055164906687355,5,1118.4,40.48209480745778,18.10414317221337,5,0.0914819211365867,0.019828681073694926,0.008867655756989074,5,0.31099933701252824,0.03655968377789352,0.016349987632653246,5,0.9387353379661925,0.005405859176934459,0.0024175737192833027,5
ultra,2x chewers + 2x rate,large_long,nomotor_xlink,0.9500000000000001,initial,5,0.02556314168615274,0.01126188915540605,0.005036469941311124,5,1136.0,45.78209256903839,20.474374227311564,5,0.0879287431429113,0.019156015530965152,0.008566830581055961,5,0.30675545925394826,0.03481789814259655,0.015571037416101911,5,0.9375090511617523,0.005793094693265059,0.0025907507068467926,5
ultra,2x chewers + 2x rate,large_long,nomotor_xlink,1.0,initial,5,0.02228726620685917,0.009134114940990163,0.004084900384470097,5,1156.8,42.67551991481768,19.085072700935672,5,0.08525117217005086,0.01799238023224994,0.008046437055266864,5,0.30277467160948074,0.033689681306508755,0.0150664835083315,5,0.9364257453730861,0.005083835124453946,0.0022735601849360253,5
ultra,2x chewers + 2x rate,large_long,nomotor_xlink,1.05,pulse_01,5,0.016384242097748795,0.009265098789592197,0.0041434781423558345,5,1282.4,34.79655155327895,15.561490931141526,5,0.075528587679627,0.013453995177453538,0.006016809557148091,5,0.2765583459361241,0.028479655862005016,0.012736489296648716,5,0.9344361278522089,0.005483249015865061,0.00245218350740662,5
ultra,2x chewers + 2x rate,large_long,nomotor_xlink,1.1,pulse_01,5,0.01427775838060478,0.004296464113577394,0.001921437164169486,5,1292.0,35.014282800023196,15.658863304850707,5,0.07476064235164115,0.011966681060039612,0.005351662463061562,5,0.27446888031871514,0.02863963686491717,0.01280803497617275,5,0.9344354275162138,0.006280296655950646,0.0028086340483140506,5
ultra,2x chewers + 2x rate,large_long,nomotor_xlink,1.15,pulse_01,5,0.015821063078220083,0.005652749212431474,0.0025279862997510346,5,1306.4,34.68140712254911,15.509996776273038,5,0.07304484868202953,0.012253570685122263,0.00547996340380641,5,0.2739534541974047,0.027135947902589122,0.012135564828816423,5,0.9336622873576103,0.007462375578981309,0.0033372758136473116,5
ultra,2x chewers + 2x rate,large_long,nomotor_xlink,1.2,pulse_01,5,0.018712038351056393,0.007430002755245242,0.0033227982467478184,5,1315.6,32.66190441477655,14.60684770920817,5,0.07153652834765756,0.012455159523200868,0.005570116672896202,5,0.27209455778826175,0.02736706672372293,0.012238924307803385,5,0.932607574524771,0.009054530376174786,0.0040493090850927125,5
ultra,2x chewers + 2x rate,large_long,nomotor_xlink,1.25,pulse_01,5,0.016964332729329804,0.009491613827132896,0.004244778746729219,5,1325.2,32.94237392781522,14.732277488562316,5,0.06865128780446914,0.011800699107234683,0.005277433077159566,5,0.26975092724013755,0.029248080262686563,0.013080139135747411,5,0.9328918605400208,0.008341095548122249,0.003730251330484443,5
ultra,2x chewers + 2x rate,large_long,nomotor_xlink,1.3,pulse_01,5,0.019169841004318577,0.007626086613587112,0.003410489614056391,5,1334.8,31.83080269173242,14.235167719419394,5,0.06749165750690794,0.010909245972861916,0.004878763115717014,5,0.26733632922261624,0.029350844584813164,0.013126096737734764,5,0.9317097701711367,0.008098446743730019,0.0036217354862284282,5
ultra,2x chewers + 2x rate,large_long,nomotor_xlink,1.35,pulse_01,5,0.020428856562390716,0.013513170523756906,0.006043273576533375,5,1344.8,32.545352970892786,14.5547243189282,5,0.06582223803728567,0.010502585276763248,0.004696898923666213,5,0.26430409655490267,0.0279275468301907,0.012489578631423035,5,0.9309914191088643,0.007702505469696987,0.003444665165461282,5
ultra,2x chewers + 2x rate,large_long,nomotor_xlink,1.4,pulse_01,5,0.01544202529169283,0.008495309562418304,0.003799217934294264,5,1354.8,28.16380656090366,12.59523719506703,5,0.06353319949788294,0.010383406933121057,0.004643600748100259,5,0.2626434499792168,0.027827968515564204,0.012445045855305094,5,0.9298127037742299,0.0060566922816282205,0.0027086351321038,5
ultra,2x chewers + 2x rate,large_long,nomotor_xlink,1.45,pulse_01,5,0.008438763391927721,0.0029250971827601956,0.0013081432282889846,5,1364.8,27.662248643232168,12.37093367535369,5,0.06133770438130311,0.010081973485263459,0.004508795612079913,5,0.2590979616600357,0.02738478898886162,0.012246849945716462,5,0.9286900207971547,0.006440121344575303,0.0028801098219635446,5
ultra,2x chewers + 2x rate,large_long,nomotor_xlink,1.5,pulse_01,5,0.009473134066793568,0.007286680912861869,0.003258702770301872,5,1376.0,23.790754506740637,10.639548862616309,5,0.06141102533976632,0.009789868802093184,0.004378162426456959,5,0.25789799933949276,0.0273694874308872,0.012240006880957971,5,0.9294164525902915,0.007406443281437419,0.0033122621297581346,5
ultra,2x chewers + 2x rate,large_long,nomotor_xlink,1.55,pulse_01,5,0.012830938846488551,0.004181964733147897,0.001870231484565093,5,1384.8,20.571825392998065,9.2,5,0.05928949410205405,0.009930407702740732,0.00444101333352316,5,0.2562202661181545,0.026190521827108997,0.011712757434321541,5,0.9280622157396461,0.007125029676167463,0.003186410139522752,5
ultra,2x chewers + 2x rate,large_long,nomotor_xlink,1.6,pulse_01,5,0.009603184884079852,0.004754783275042774,0.0021264037242549444,5,1391.2,18.793615937333612,8.404760555780276,5,0.05814475896955316,0.009265149615260397,0.004143500872285654,5,0.2527245285178185,0.025726634439880165,0.011505300687971854,5,0.926862893096487,0.006199532846379852,0.002772515374649622,5
ultra,2x chewers + 2x rate,large_long,nomotor_xlink,1.65,pulse_01,5,0.014050671521013313,0.004893047831221282,0.0021882375135537408,5,1395.6,17.458522274236156,7.807688518377254,5,0.05685991581256752,0.009109534125931329,0.0040739075097873155,5,0.2530424173429157,0.02518329078244886,0.011262310017339903,5,0.9269518204290881,0.0057990892575659585,0.0025934315575012537,5
ultra,2x chewers + 2x rate,large_long,nomotor_xlink,1.7000000000000002,pulse_01,5,0.01666970308895698,0.009334752443708271,0.004174628203452794,5,1400.8,19.21457779916072,8.593020423576332,5,0.05520249037868898,0.009822776527920102,0.0043928792088437415,5,0.24763290898701099,0.027754641221089553,0.012412252892294801,5,0.924809346147452,0.006728202171163376,0.0030089434842165965,5
ultra,2x chewers + 2x rate,large_long,nomotor_xlink,1.75,pulse_01,5,0.012533937743299925,0.009067406452016386,0.004055067441265765,5,1406.8,22.653917983430592,10.131140113531151,5,0.05356241375640776,0.008075295955902853,0.0036113821391655847,5,0.24605290667840704,0.02868253400142713,0.012827219158828021,5,0.9247572084276958,0.006000294147642235,0.0026834131198244394,5
ultra,2x chewers + 2x rate,large_long,nomotor_xlink,1.8,pulse_01,5,0.01542215512294159,0.007734328927965817,0.003458897048654928,5,1412.0,24.166091947189145,10.807404868885037,5,0.0522332387270394,0.008837001404478722,0.003952027171535107,5,0.24558994261897418,0.02754869999109167,0.012320153174365765,5,0.922695899038801,0.0059712444680144715,0.0026704217081499853,5
ultra,2x chewers + 2x rate,large_long,nomotor_xlink,1.85,pulse_01,5,0.01358299928939936,0.010536423672959476,0.00471203191449508,5,1416.0,29.223278392404914,13.069047402163632,5,0.04952076768329825,0.004896163683187961,0.002189630964914805,5,0.24488636309006698,0.027168526503683458,0.01215013442214818,5,0.9217204287850513,0.00698003411259662,0.0031215661522066927,5
ultra,2x chewers + 2x rate,large_long,nomotor_xlink,1.9,pulse_01,5,0.01416792188118358,0.010681623905973782,0.004776967432768839,5,1421.6,31.029018676071598,13.876599006961323,5,0.048476860279872254,0.005118030341800357,0.002288852751034416,5,0.24360350751156243,0.02826671187295013,0.012641257849663377,5,0.9204741194236881,0.00693683289112195,0.0031022459786210154,5
ultra,2x chewers + 2x rate,large_long,nomotor_xlink,1.9500000000000002,pulse_01,5,0.014236259034739084,0.0029577650468228063,0.0013227527412337286,5,1429.2,29.54995769878529,13.215142829345432,5,0.04659535639968913,0.006120912877608184,0.0027373554557371498,5,0.24058523300493273,0.02641182187585009,0.011811725824803361,5,0.9189714351579392,0.006244916915333212,0.0027928117473046718,5
ultra,2x chewers + 2x rate,large_long,nomotor_xlink,2.0,pulse_01,5,0.008906243472652222,0.0053120693150681166,0.0023756296179366114,5,1434.0,31.080540535840107,13.899640283115243,5,0.04556790014454461,0.005623412799743776,0.0025148666571538987,5,0.23847671501684836,0.02754011343929551,0.012316313151664057,5,0.9183213434857892,0.0071945046633794755,0.0032174802983511498,5
ultra,2x chewers + 2x rate,large_long,nomotor_xlink,2.05,pulse_02,5,0.007104380699535539,0.005602448358253307,0.0025054910738972975,5,1555.2,33.4245418816773,14.947909552843834,5,0.04120538933763577,0.004691976429793687,0.0020983156491690908,5,0.21800684655499344,0.02482495074837523,0.011102055482290258,5,0.9157778517069444,0.007098532509315113,0.00317456024626415,5
ultra,2x chewers + 2x rate,large_long,nomotor_xlink,2.1,pulse_02,5,0.003940819434076855,0.005103548378151649,0.002282376220001178,5,1553.2,33.484324690816145,14.974645237867906,5,0.04076058919877262,0.004195431475093447,0.0018762539946502324,5,0.21829358676619398,0.025450685678738778,0.011381892650328056,5,0.9157665422533681,0.006635078920391609,0.0029672975004143105,5
ultra,2x chewers + 2x rate,large_long,nomotor_xlink,2.15,pulse_02,5,0.004716999410746325,0.0052619054678243096,0.0023531956634465978,5,1552.0,35.014282800023196,15.658863304850707,5,0.040793921318924745,0.004025256056300103,0.0018001492337459501,5,0.21752414540966308,0.02576575885840498,0.011522797659852181,5,0.9164435757536318,0.0062922564501016,0.002813982630857738,5
ultra,2x chewers + 2x rate,large_long,nomotor_xlink,2.2,pulse_02,5,0.004684453989478381,0.002814632388028753,0.0012587418702609712,5,1548.0,36.60601043544625,16.370705543744897,5,0.03857283494659568,0.004762308464764391,0.002129769091407168,5,0.21654783561656282,0.026074605103368426,0.011660917899518945,5,0.9147140190303741,0.006469902646237798,0.002893428424958698,5
ultra,2x chewers + 2x rate,large_long,nomotor_xlink,2.25,pulse_02,5,0.003788521929535449,0.003708767350737544,0.0016586111817961905,5,1546.8,36.4581952378337,16.304600577751053,5,0.03727348667587281,0.0052897766633894635,0.002365660041026173,5,0.2147754309033992,0.026242106091385234,0.011735826618619738,5,0.9144679436894932,0.0061200512022105144,0.0027369701027844043,5
ultra,2x chewers + 2x rate,large_long,nomotor_xlink,2.3,pulse_02,5,0.0051070249277838835,0.004309828519365074,0.0019274139081335148,5,1544.4,38.79175170058707,17.34819875376115,5,0.03576316498152457,0.005185009967377283,0.0023188069502139146,5,0.21479581096063086,0.026423667055265682,0.011817023150079152,5,0.9151030179295713,0.00569883846541457,0.0025485980402915123,5
ultra,2x chewers + 2x rate,large_long,nomotor_xlink,2.35,pulse_02,5,0.0029574157134832765,0.0017312108295702228,0.0007742210196605642,5,1542.8,38.173289090671766,17.07161386629864,5,0.034787324661855336,0.005474487862334309,0.002448265400435405,5,0.2148852075020431,0.025466854474683828,0.011389123555697546,5,0.9143830608117787,0.004548086267775717,0.002033966012455963,5
ultra,2x chewers + 2x rate,large_long,nomotor_xlink,2.4,pulse_02,5,0.0034302131118975807,0.00233012749964635,0.001042064697090171,5,1541.6,38.66264346885763,17.290459797240786,5,0.03424993624015939,0.005385385704679123,0.002408417704143625,5,0.2138818733983853,0.026140834096071226,0.011690536405471906,5,0.9138397774590702,0.0059908335592322014,0.002679182216066043,5
ultra,2x chewers + 2x rate,large_long,nomotor_xlink,2.45,pulse_02,5,0.0029463917815457505,0.0018180838613684953,0.0008130718205630518,5,1540.0,39.319206502675,17.58408371226661,5,0.03375977947306803,0.005436520145291563,0.0024312857211837933,5,0.21380738408732966,0.027701008099929262,0.012388267431342822,5,0.9127836705675222,0.004703556769532814,0.0021034945345409363,5
ultra,2x chewers + 2x rate,large_long,nomotor_xlink,2.5,pulse_02,5,0.004952427089173176,0.004603638006728234,0.0020588095053691927,5,1538.4,38.66264346885763,17.290459797240786,5,0.03251333654062073,0.004806371920938506,0.0021494748680729488,5,0.21400431530582953,0.025862677909741484,0.011566141177272825,5,0.9119336982917655,0.0057196070885109215,0.002557886050900015,5
ultra,2x chewers + 2x rate,large_long,nomotor_xlink,2.55,pulse_02,5,0.004383424919112441,0.001470750997905842,0.0006577398418586227,5,1535.6,37.72002120890178,16.868906307167634,5,0.03055015209620756,0.004994949545025999,0.002233809345371956,5,0.2126436446158282,0.024581311958609305,0.01099309690311578,5,0.9124026010905639,0.005268811471303585,0.0023562841220930992,5
ultra,2x chewers + 2x rate,large_long,nomotor_xlink,2.6,pulse_02,5,0.0031984392376998906,0.0025670382569170933,0.001148014408661838,5,1534.4,37.07829553795589,16.5819178625393,5,0.031378789274818124,0.0056651687893719644,0.00253354050340918,5,0.21398088329359966,0.02584261724232371,0.011557169774068794,5,0.9128734436231886,0.006996281608486295,0.003128832253261385,5
ultra,2x chewers + 2x rate,large_long,nomotor_xlink,2.65,pulse_02,5,0.004126134518124491,0.002668644570117164,0.0011934541333135365,5,1531.2,37.592552453910336,16.81190054693401,5,0.029297344425882228,0.005150024743218898,0.002303161082328671,5,0.21223136634229361,0.025870692135480166,0.01156972524798057,5,0.9109544530757487,0.007210326581492497,0.00322455607523818,5
ultra,2x chewers + 2x rate,large_long,nomotor_xlink,2.7,pulse_02,5,0.005433794332086912,0.005591990596479444,0.0025008142206535263,5,1528.8,38.225645841502796,17.09502851708648,5,0.02885199963883468,0.006350514803814798,0.0028400365586897258,5,0.2119434075616739,0.02574272492534716,0.01151249657183089,5,0.9109298795817435,0.006029027950817406,0.0026962632672547955,5
ultra,2x chewers + 2x rate,large_long,nomotor_xlink,2.75,pulse_02,5,0.007187686170785993,0.007521159665281202,0.0033635648562396663,5,1525.6,34.04115156689033,15.22366578718805,5,0.027344337387311735,0.006540533918087527,0.0029250156899973505,5,0.20963835857381374,0.024547897683969745,0.010978153585213198,5,0.910023485109328,0.005729890453217778,0.002562484911404406,5
ultra,2x chewers + 2x rate,large_long,nomotor_xlink,2.8,pulse_02,5,0.003568385022982164,0.002034198649448924,0.0009097212919812118,5,1524.8,32.60674776790841,14.582180906846547,5,0.026553750996069724,0.005805797683290907,0.0025964316566898524,5,0.20943921787964165,0.02370193808978519,0.01059982895345024,5,0.9094864872769506,0.005910446903742948,0.0026432322108344776,5
ultra,2x chewers + 2x rate,large_long,nomotor_xlink,2.85,pulse_02,5,0.0026109932294582803,0.001972531183879144,0.0008821427629783807,5,1522.8,32.60674776790841,14.582180906846547,5,0.024761351546587006,0.005712749226745661,0.0025548191218825313,5,0.20791932748791564,0.023661861112837315,0.010581905984492612,5,0.9088612799269521,0.004641204211317937,0.002075609622793041,5
ultra,2x chewers + 2x rate,large_long,nomotor_xlink,2.9,pulse_02,5,0.003771610314092626,0.0014954203721512657,0.0006687723214136526,5,1522.0,31.96873472629156,14.296852800529212,5,0.023961490672491384,0.0056119580990547195,0.00250974395927337,5,0.20830607756022132,0.024678649432091446,0.01103662754460861,5,0.9079122114259703,0.005642802092645648,0.0025235378125467466,5
ultra,2x chewers + 2x rate,large_long,nomotor_xlink,2.95,pulse_02,5,0.004060587176644148,0.0009972987853371625,0.0004460055755783731,5,1519.6,31.349641146271516,14.019985734657507,5,0.02322046918675382,0.005050931779205912,0.0022588453616036756,5,0.2100837499200162,0.02260508407393182,0.010109300925281886,5,0.9074466657597438,0.006201554581080124,0.0027734195218940775,5
ultra,2x chewers + 2x rate,large_long,nomotor_xlink,3.0,pulse_02,5,0.004753585386079113,0.005392657443911491,0.002411669724791271,5,1517.6,31.22178726466504,13.962807740565648,5,0.02190913013922897,0.004746451612591295,0.0021226776915335265,5,0.2087118969195747,0.02436022926614308,0.010894225717315149,5,0.9088664855336953,0.005025089702140943,0.002247288433404264,5
ultra,2x chewers + 2x rate,large_long,nomotor_xlink,3.05,pulse_03,5,0.0038810942818888828,0.003451574843208664,0.0015435911957685502,5,1628.4,43.87254266622804,19.62039754948915,5,0.01874604231832828,0.004891392601885415,0.002187497272491071,5,0.191919374000522,0.022377642284893962,0.010007585865039323,5,0.9047880244067545,0.00605135180153111,0.0027062467967978753,5
ultra,2x chewers + 2x rate,large_long,nomotor_xlink,3.1,pulse_03,5,0.0031704446315088996,0.002554761903958094,0.0011425242567154174,5,1626.8,43.23424568556736,19.33494246177112,5,0.018522419932593688,0.003582002918946527,0.0016019204044734206,5,0.19274338952717662,0.022781420086279862,0.010188160787380178,5,0.9036386932828917,0.005947141915183991,0.002659642718837938,5
ultra,2x chewers + 2x rate,large_long,nomotor_xlink,3.15,pulse_03,5,0.003760669641913298,0.003094402773817136,0.0013838589904038043,5,1626.8,43.23424568556736,19.33494246177112,5,0.018512646131566935,0.0041239676221652396,0.0018442943880339288,5,0.1931131468985598,0.02141119623593449,0.00957537805262743,5,0.9046540425657019,0.0060910115814452395,0.0027239831895700104,5
ultra,2x chewers + 2x rate,large_long,nomotor_xlink,3.2,pulse_03,5,0.002382746244463855,0.0017304887563205139,0.0007738980986863476,5,1624.4,42.03332011630773,18.79787222001469,5,0.017349732383407472,0.005357503090930146,0.0023959482201970084,5,0.1923304884603167,0.022097498620699672,0.009882301809718462,5,0.9033837592579959,0.00588496853373684,0.0026318379373765676,5
ultra,2x chewers + 2x rate,large_long,nomotor_xlink,3.25,pulse_03,5,0.0038784098039553365,0.002065198050079574,0.0009235846453955885,5,1623.6,41.69892084934573,18.648324321504063,5,0.017591012884973407,0.004932724248902135,0.0022059813469613534,5,0.1920632556068031,0.02251405379864848,0.010068590948573073,5,0.9037521631254061,0.005484919679504329,0.002452930650899608,5
ultra,2x chewers + 2x rate,large_long,nomotor_xlink,3.3,pulse_03,5,0.00556301186354314,0.002440211991920157,0.0010912959786887277,5,1621.2,42.36980056596915,18.948350851723216,5,0.0158866883042027,0.004299714368837477,0.00192289072251064,5,0.19141165556639342,0.021153143049050922,0.009459973159091006,5,0.9026300034821866,0.005618552931787452,0.002512693258131496,5
ultra,2x chewers + 2x rate,large_long,nomotor_xlink,3.35,pulse_03,5,0.004104698829549077,0.0017096014077943662,0.0007645569924515083,5,1620.4,42.7644712348931,19.12485294061107,5,0.016386142141200495,0.004658870929015213,0.0020835104191351227,5,0.19149146782600593,0.02215317596273065,0.009907201474036016,5,0.9032651644818979,0.006331972830801469,0.002831744336270772,5
ultra,2x chewers + 2x rate,large_long,nomotor_xlink,3.4,pulse_03,5,0.0022101128033544808,0.0015338420488961362,0.0006859550176158633,5,1619.6,43.16016682080828,19.301813386311657,5,0.016381656430266418,0.004551741386604264,0.002035600631289257,5,0.19273643621688596,0.023328682359355177,0.01043290391620367,5,0.9038619305660326,0.0055771364077514905,0.0024941712255042636,5
ultra,2x chewers + 2x rate,large_long,nomotor_xlink,3.45,pulse_03,5,0.006720016945830338,0.004128016207222001,0.0018461049703138504,5,1617.6,43.20648099533217,19.3225257148231,5,0.01614499447038508,0.005191031901710255,0.0023215000411188273,5,0.19155724164690033,0.022823102370167398,0.010206801671426173,5,0.9036993369911233,0.005920956788218624,0.0026479323740591335,5
ultra,2x chewers + 2x rate,large_long,nomotor_xlink,3.5,pulse_03,5,0.003913519133412416,0.0024360784662332065,0.001089447409804175,5,1615.2,42.44054665057932,18.979989462589273,5,0.014464792371870766,0.0055892383121813,0.002499583361696715,5,0.19114616737376616,0.02176205444172297,0.009732286612348758,5,0.9021134593574895,0.00610719533905813,0.002731220786000771,5
ultra,2x chewers + 2x rate,large_long,nomotor_xlink,3.55,pulse_03,5,0.0031791440887909716,0.001056824449258436,0.00047262626176512804,5,1614.4,42.600469480981076,19.051509126575773,5,0.014711629608165347,0.00493993878047192,0.002209207783564525,5,0.19152862993892256,0.022151438024513703,0.009906424244437257,5,0.9016667294980518,0.005664161560375119,0.0025330900569080087,5
ultra,2x chewers + 2x rate,large_long,nomotor_xlink,3.6,pulse_03,5,0.0036411202916887334,0.0029877438770849122,0.001336159681704128,5,1612.8,43.57981183988751,19.48948434412773,5,0.013944543560582046,0.0035056237260628785,0.0015677625910025393,5,0.19078309821975487,0.02179118627899568,0.009745314766039008,5,0.9015756650634904,0.00449126863865095,0.0020085563962472927,5
ultra,2x chewers + 2x rate,large_long,nomotor_xlink,3.65,pulse_03,5,0.0025664058551901903,0.000471513167017373,0.00021086709874741153,5,1611.2,43.39585233636966,19.407215153133123,5,0.013213341865537376,0.0025400970055464754,0.0011359659147691158,5,0.19137797851082122,0.02144294725603982,0.009589577540489525,5,0.9021347836122443,0.00478715980164663,0.002140882947127255,5
ultra,2x chewers + 2x rate,large_long,nomotor_xlink,3.7,pulse_03,5,0.001598745053095089,0.001303413041271639,0.0005829040326086247,5,1609.6,43.87254266622804,19.62039754948915,5,0.013982274729031486,0.0035709366202154634,0.001596971405229025,5,0.1918752128586829,0.02334018675364354,0.010438048837737418,5,0.9016749428930908,0.006195897099779398,0.002770889419340106,5
ultra,2x chewers + 2x rate,large_long,nomotor_xlink,3.75,pulse_03,5,0.00443295574748488,0.003714321969501785,0.0016610952828253782,5,1607.6,42.717677839508085,19.103926298015285,5,0.012781288285061265,0.003753564442438837,0.001678645050243867,5,0.19038510016771712,0.022657494491834816,0.01013273957671394,5,0.9003325122495076,0.005021972379463116,0.002245894324321179,5
ultra,2x chewers + 2x rate,large_long,nomotor_xlink,3.8,pulse_03,5,0.0045381142820783245,0.0026593012139465057,0.0011892756574064197,5,1604.8,43.04880950734874,19.252012881774203,5,0.011553860673114893,0.004389449697471672,0.0019630215814725087,5,0.1888266349948416,0.02318069750554771,0.010366723077652898,5,0.9005109022680049,0.004683751002323439,0.0020946371261755968,5
ultra,2x chewers + 2x rate,large_long,nomotor_xlink,3.85,pulse_03,5,0.003974211103722187,0.0041688533491167174,0.0018643678953705286,5,1604.0,42.731721238442994,19.110206696946005,5,0.011320509145278747,0.004213240041499913,0.001884218227663568,5,0.189452393896052,0.022562556341396423,0.01009028194510627,5,0.8990150913011015,0.006104187693461842,0.0027298757259996654,5
ultra,2x chewers + 2x rate,large_long,nomotor_xlink,3.9,pulse_03,5,0.0028949724091681915,0.0013402812362250597,0.0005993919906333374,5,1602.0,43.68065933568311,19.534584715319646,5,0.010301416816269981,0.00446360543470645,0.0019961850353482245,5,0.18850247166967588,0.02407742555224283,0.010767752051601076,5,0.8996552457420606,0.005644310540258151,0.002524212410827158,5
ultra,2x chewers + 2x rate,large_long,nomotor_xlink,3.95,pulse_03,5,0.0023770716605085933,0.0014619016741756364,0.0006537823039754943,5,1600.8,43.28048058882895,19.355619339096332,5,0.010319152700436315,0.004402951914137673,0.001969059956334931,5,0.18768035140277856,0.023271463963016745,0.010407315071448419,5,0.899603544921175,0.0063819790456198,0.0028541077953970206,5
ultra,2x chewers + 2x rate,large_long,nomotor_xlink,4.0,pulse_03,5,0.003221038235890402,0.002913405333963208,0.001302914474550442,5,1600.4,43.91810560577493,19.640773915505466,5,0.010324224806740553,0.003790616480746179,0.0016952152255158958,5,0.18904747490641996,0.023297452039597672,0.010418937292616302,5,0.9001990314622965,0.0055550470323872305,0.0024842925565252646,5
ultra,2x chewers + 2x rate,large_long,nomotor_xlink,4.05,pulse_04,5,0.002654839642571124,0.0022401939153908032,0.0010018451755190497,5,1720.4,46.160589251005014,20.64364308933866,5,0.008904459499952075,0.0034067441539397504,0.001523542302031858,5,0.1763483375906838,0.02151002849063142,0.00961957718060181,5,0.8976214850508422,0.007112716890680442,0.003180903694454482,5
ultra,2x chewers + 2x rate,large_long,nomotor_xlink,4.1,pulse_04,5,0.002970336128074269,0.0022428422516939947,0.001003029547519293,5,1718.8,45.40044052649709,20.303694245136768,5,0.008681129678732798,0.004032659454162133,0.0018034601339227453,5,0.17598871255655363,0.021029048170480576,0.00940447624226243,5,0.897520374087545,0.007032664257882742,0.0031451030687117843,5
ultra,2x chewers + 2x rate,large_long,nomotor_xlink,4.15,pulse_04,5,0.003985238382385692,0.0035371522612039417,0.001581862580563821,5,1717.2,44.127089185669156,19.734234213670412,5,0.00801650079675134,0.004809010864305015,0.002150655039424206,5,0.17528560459699166,0.020590924625142667,0.009208541436278675,5,0.89638220786478,0.007415887595309041,0.0033164857553216933,5
ultra,2x chewers + 2x rate,large_long,nomotor_xlink,4.2,pulse_04,5,0.003207541303074842,0.0030267426693875196,0.0013536004718299331,5,1717.2,44.127089185669156,19.734234213670412,5,0.009175464723025878,0.004892368597945037,0.0021879337511980877,5,0.17574714947217326,0.02001131622360607,0.00894933267904551,5,0.897316169412979,0.007387878228475591,0.003303959585672429,5
ultra,2x chewers + 2x rate,large_long,nomotor_xlink,4.25,pulse_04,5,0.00445317370094441,0.0028541516405815757,0.00127641541728659,5,1716.4,43.16016682080828,19.301813386311657,5,0.008498059703538334,0.005563865419380536,0.0024882362590790508,5,0.1770650699397822,0.02055346917922081,0.009191790851636907,5,0.8968511602801927,0.006348610082878935,0.0028391847415915744,5
ultra,2x chewers + 2x rate,large_long,nomotor_xlink,4.3,pulse_04,5,0.0024097555237669434,0.001618493975198049,0.0007238125099433392,5,1714.4,42.10463157421045,18.82976367350371,5,0.007809784238675818,0.005545270940371778,0.0024799205552650957,5,0.17636888012149224,0.019111710134684108,0.008547016605485064,5,0.8968246030900463,0.005343661491319361,0.0023897580686675986,5
ultra,2x chewers + 2x rate,large_long,nomotor_xlink,4.35,pulse_04,5,0.0016381956255818804,0.002190335087344937,0.0009795476297612437,5,1713.2,41.41497313774331,18.52133904446436,5,0.008036148159870686,0.005326241104707869,0.0023819674349360737,5,0.1764300879518864,0.02048767789428324,0.009162368094547414,5,0.8969150882967277,0.0052831094727472435,0.0023626783827271815,5
ultra,2x chewers + 2x rate,large_long,nomotor_xlink,4.4,pulse_04,5,0.004802125236765301,0.003750465083270127,0.0016772589746862827,5,1711.6,41.07067080046295,18.36736235827017,5,0.0073491229899010566,0.0051436792789233765,0.002300323304425954,5,0.17619748569323676,0.019269769853502067,0.008617703060641357,5,0.8964624875558798,0.00545485704285274,0.002439486231072442,5
ultra,2x chewers + 2x rate,large_long,nomotor_xlink,4.45,pulse_04,5,0.0048082643583634045,0.003857017773705024,0.0017249107864858667,5,1710.0,41.54515615568198,18.579558659989747,5,0.007089823976034196,0.004279853720667601,0.0019140087706336305,5,0.1753167505998782,0.01916175245943539,0.008569396213464262,5,0.8960776180740773,0.0037247308406614006,0.001665750271521766,5
ultra,2x chewers + 2x rate,large_long,nomotor_xlink,4.5,pulse_04,5,0.00239494888735002,0.0011884077255943392,0.0005314720918829718,5,1708.8,40.92920717531675,18.30409790183608,5,0.00570590835853153,0.005266155441493042,0.0023550963094517716,5,0.1751907023155244,0.019946288994614942,0.008920251618162988,5,0.8953570620675049,0.0047675401329634335,0.0021321087645529246,5
ultra,2x chewers + 2x rate,large_long,nomotor_xlink,4.55,pulse_04,5,0.003053247981202567,0.0012567488596060099,0.0005620351761448755,5,1707.6,41.24075654010241,18.443427013437603,5,0.005710745448726557,0.0050848300058560425,0.002274005109424953,5,0.17604660946429043,0.019247696306214163,0.008607831470193296,5,0.8966177498300549,0.004670583614437808,0.002088748491295921,5
ultra,2x chewers + 2x rate,large_long,nomotor_xlink,4.6,pulse_04,5,0.00355788776739665,0.0017273122348706394,0.0007724775151075664,5,1706.0,40.024992192379,17.899720668211557,5,0.005013965813321084,0.005536015030703023,0.0024757811866225085,5,0.17556330108800436,0.017496309996400467,0.007824587701472109,5,0.8954478686732639,0.004315846511099815,0.0019301052358548973,5
ultra,2x chewers + 2x rate,large_long,nomotor_xlink,4.65,pulse_04,5,0.0027245731187656537,0.0017276137300645887,0.0007726123478572785,5,1706.0,40.024992192379,17.899720668211557,5,0.005024101471761826,0.005726564133975241,0.00256099733621617,5,0.17534357589629196,0.017072646445388362,0.0076351196015417054,5,0.8959722431051953,0.0038349608031769213,0.0017150466093901575,5
ultra,2x chewers + 2x rate,large_long,nomotor_xlink,4.7,pulse_04,5,0.002199148509658085,0.002999921709864138,0.0013416057740867227,5,1705.6,39.73411632338134,17.76963702499294,5,0.005257200634531434,0.005726006842200358,0.002560748107757782,5,0.17505719974473136,0.016993060062214637,0.007599527488969747,5,0.8953510299419125,0.004044739764271634,0.0018088626128415696,5
ultra,2x chewers + 2x rate,large_long,nomotor_xlink,4.75,pulse_04,5,0.0027915695507418903,0.0024488286466113483,0.0010951494638143568,5,1705.6,39.73411632338134,17.76963702499294,5,0.005258674808030078,0.005730553135128422,0.0025627812717643377,5,0.1746471289849829,0.01686726662548803,0.007543270953840945,5,0.895181843984408,0.003156700184904629,0.0014117192396065812,5
ultra,2x chewers + 2x rate,large_long,nomotor_xlink,4.8,pulse_04,5,0.0019198507184364408,0.0015375607733438296,0.0006876180817467899,5,1704.8,40.33856715353186,18.039955654047485,5,0.0057334442855660585,0.006050309069761317,0.0027057804729739643,5,0.17540337753109975,0.016931244130399464,0.0075718825638435025,5,0.8967634051003486,0.004384611632349682,0.001960857932974041,5
ultra,2x chewers + 2x rate,large_long,nomotor_xlink,4.85,pulse_04,5,0.0018845759455189185,0.0013399330196197689,0.0005992362634332725,5,1703.6,41.24075654010241,18.443427013437603,5,0.005975453862841665,0.005487177636759768,0.0024539404400822982,5,0.17490186494277168,0.01712152115864705,0.007656977037787153,5,0.8977295266932274,0.004312638319841991,0.0019286704891074344,5
ultra,2x chewers + 2x rate,large_long,nomotor_xlink,4.9,pulse_04,5,0.0021362813509612443,0.0006779270684026694,0.0003031782017471037,5,1703.2,40.63496031744094,18.172506706560874,5,0.0048010504536049655,0.005619605186017714,0.0025131638405291915,5,0.17577790012374583,0.01668060952394727,0.0074597953603353,5,0.8957903502457466,0.003787975135785725,0.0016940339801391753,5
ultra,2x chewers + 2x rate,large_long,nomotor_xlink,4.95,pulse_04,5,0.003301046993396669,0.003419679263659006,0.0015293270589575927,5,1702.4,39.456304946104616,17.64539600009022,5,0.0054953452925049495,0.005372364381771377,0.002402594391507886,5,0.17566115398776067,0.01712929589544915,0.0076604540057864864,5,0.8972571003158093,0.005719950368413817,0.002558039570339652,5
ultra,2x chewers + 2x rate,large_long,nomotor_xlink,5.0,pulse_04,5,0.008438729934284517,0.006921749490187587,0.0030955004766567915,5,1699.6,41.36181814185638,18.497567407634982,5,0.004574356263552081,0.00478096032516918,0.0021381104569615566,5,0.17454494685484706,0.018606495751055763,0.008321077864484338,5,0.8973235984004789,0.005826375499155303,0.002605634335710105,5
ultra,2x chewers + 2x rate,large_long,nomotor_xlink,5.05,pulse_05,5,0.004964148819348206,0.001430847971179697,0.0006398946658050925,5,1810.8,29.718680993610736,13.290598180668919,5,0.0035881047565046995,0.004259873747180159,0.0019050734548523175,5,0.16430964583630156,0.01706324148962216,0.007630913577457984,5,0.8934978605557307,0.004872066578819458,0.002178854412229029,5
ultra,2x chewers + 2x rate,large_long,nomotor_xlink,5.1,pulse_05,5,0.0027318728501459035,0.0024134645367804588,0.0010793341531052294,5,1810.4,30.41052449399714,13.6,5,0.0033463972136730394,0.002790083989001103,0.0012477634924680482,5,0.1651453447397251,0.016731839879242046,0.007482706271725417,5,0.8932130375800773,0.005611813531185646,0.002509679306556848,5
ultra,2x chewers + 2x rate,large_long,nomotor_xlink,5.15,pulse_05,5,0.0025363597391521906,0.002475944378066938,0.0011072759875732224,5,1809.6,30.31171390733292,13.555810562264433,5,0.0035677931196073293,0.002601823069905548,0.0011635706499471985,5,0.16436540388461401,0.017124014715865072,0.0076580921904762095,5,0.8933092000543983,0.005464447644605618,0.0024437752785653544,5
ultra,2x chewers + 2x rate,large_long,nomotor_xlink,5.2,pulse_05,5,0.002155897706753329,0.0016014093709591074,0.0007161720426539484,5,1807.6,31.12555220393688,13.919770113044251,5,0.0031229412319874997,0.0020615052241455905,0.0009219331634320962,5,0.16501767759347172,0.016737474916073285,0.00748522633680749,5,0.893686573870229,0.004968783435950285,0.002222107505651962,5
ultra,2x chewers + 2x rate,large_long,nomotor_xlink,5.25,pulse_05,5,0.0016050747103276918,0.00028263724193086317,0.00012639921718609278,5,1806.8,31.45155004129367,14.065560778013793,5,0.0024692581527744977,0.002457409381599124,0.0010989868851602725,5,0.16350882925529436,0.016395702871844955,0.007332381232066768,5,0.8921684417865403,0.005381939581587001,0.002406876551045062,5
ultra,2x chewers + 2x rate,large_long,nomotor_xlink,5.3,pulse_05,5,0.0023227827809916947,0.0011799265889036732,0.0005276792122496124,5,1806.4,31.317726609701413,14.005713120009275,5,0.0029030802399377057,0.002332166894476393,0.0010429767421847587,5,0.16398009689122048,0.017681605308814803,0.007907454284366212,5,0.8923179489453448,0.005272528448835974,0.0023579464049797516,5
ultra,2x chewers + 2x rate,large_long,nomotor_xlink,5.35,pulse_05,5,0.0020609976375016714,0.001004837925841164,0.000449377181710147,5,1806.4,31.317726609701413,14.005713120009275,5,0.003127044405671188,0.0024383058327132954,0.0010904435183762317,5,0.16464948376777744,0.01664982718774123,0.007446029081082709,5,0.892392125921809,0.005542857124257514,0.00247884106388176,5
ultra,2x chewers + 2x rate,large_long,nomotor_xlink,5.4,pulse_05,5,0.002272610235288012,0.0025551704254336287,0.0011427069530733302,5,1805.6,30.607188698082023,13.687950905814937,5,0.002018066757852577,0.0018654610946790527,0.0008342595634167066,5,0.16462642017391932,0.01673467147799283,0.007483972601183768,5,0.8918263710309198,0.0052861803985431366,0.0023640517424938765,5
ultra,2x chewers + 2x rate,large_long,nomotor_xlink,5.45,pulse_05,5,0.002887781502698239,0.0020631714641553755,0.000922678328617838,5,1804.8,30.384206423732707,13.588230201170422,5,0.001801211930229774,0.0020566568885274543,0.000919764921828119,5,0.16475649356421623,0.018653191981250233,0.0083419610534859,5,0.8912939612449978,0.005107996702689749,0.0022843655712118122,5
ultra,2x chewers + 2x rate,large_long,nomotor_xlink,5.5,pulse_05,5,0.0031695334864031933,0.0028487413980977905,0.0012739958832928898,5,1804.4,31.09340766143203,13.905394636614956,5,0.0026697640868817824,0.0010143475019435263,0.00045362999343056496,5,0.16586760299357212,0.018368286781974497,0.008214547574941167,5,0.8923452999905918,0.005079507385540901,0.0022716247612563373,5
ultra,2x chewers + 2x rate,large_long,nomotor_xlink,5.55,pulse_05,5,0.001890107330531373,0.0018464922892468699,0.000825776455737041,5,1803.6,31.317726609701413,14.005713120009275,5,0.002226118169730273,0.0013570030107719108,0.0006068701955515743,5,0.16667438360227363,0.018207840548064593,0.008142793837789892,5,0.8932811744637421,0.0036329844536275367,0.001624720039902221,5
ultra,2x chewers + 2x rate,large_long,nomotor_xlink,5.6,pulse_05,5,0.001850200191929326,0.0011394692832686491,0.0005095861551323327,5,1802.8,30.809089567853185,13.778243719719867,5,0.0020161190149105904,0.0014760913552253154,0.0006601281222567189,5,0.16655145272914756,0.018945005159504515,0.008472463874147268,5,0.8933936670633678,0.0034590856533868214,0.0015469501321934416,5
ultra,2x chewers + 2x rate,large_long,nomotor_xlink,5.65,pulse_05,5,0.0019729039267494916,0.0019269340679294237,0.0008617511128100777,5,1801.6,31.06122985330748,13.891004283348268,5,0.0015680068061090639,0.001285253624491314,0.0005747828945381133,5,0.16704140703644882,0.019135829489242265,0.008557803108758156,5,0.8916511917033683,0.0037601877975799577,0.001681607104710801,5
ultra,2x chewers + 2x rate,large_long,nomotor_xlink,5.7,pulse_05,5,0.0028063944951164524,0.001885435333102665,0.0008431923143995036,5,1801.6,31.06122985330748,13.891004283348268,5,0.0017863474174627755,0.001017025604627552,0.00045482767736100614,5,0.16682689269216344,0.019051454369830047,0.008520069408235081,5,0.8928007633553674,0.003754511149416942,0.0016790684304754302,5
ultra,2x chewers + 2x rate,large_long,nomotor_xlink,5.75,pulse_05,5,0.0022527152707208253,0.0022769613091415857,0.0010182880538754998,5,1800.8,31.483328921827816,14.079772725438431,5,0.0015670898225926704,0.00128627419689629,0.0005752393083928107,5,0.1659801435578151,0.01782995911291396,0.007973800122503491,5,0.8918422076450797,0.0034346335376018943,0.001536014813575683,5
ultra,2x chewers + 2x rate,large_long,nomotor_xlink,5.8,pulse_05,5,0.0043299518040488035,0.001225843175204383,0.000548213733902237,5,1799.2,32.698623824252905,14.623269128344726,5,0.0011244172507636845,0.0011328363863018591,0.0005066198334312337,5,0.16529227000392765,0.018694109671421696,0.008360260000827034,5,0.8915722379523038,0.003349332387308859,0.0014978669794528524,5
ultra,2x chewers + 2x rate,large_long,nomotor_xlink,5.85,pulse_05,5,0.0040276279240381765,0.002932509332201601,0.0013114580422910586,5,1798.0,33.19638534539566,14.845874847916507,5,0.0011275941612953974,0.0011334252841727565,0.0005068831965654599,5,0.1646868734635897,0.020036438003839408,0.008960567480709022,5,0.8912032486766124,0.0032303725121104517,0.0014446665059451465,5
ultra,2x chewers + 2x rate,large_long,nomotor_xlink,5.9,pulse_05,5,0.0025225985177916256,0.001757347937599668,0.0007859098897183833,5,1798.0,33.19638534539566,14.845874847916507,5,0.0013500586662016218,0.0012326896583006166,0.0005512755742242333,5,0.16542219447036466,0.0196201627450637,0.008774403525514262,5,0.8921535102204411,0.0034205127181016056,0.001529699791115553,5
ultra,2x chewers + 2x rate,large_long,nomotor_xlink,5.95,pulse_05,5,0.00309743197953359,0.000769704145712353,0.0003442221584752449,5,1797.2,33.781651824622195,15.107613974417005,5,0.0008963025654048901,0.0009290633653292169,0.00041548976805617005,5,0.16564526254867384,0.019707894520634348,0.008813638368306807,5,0.8916446813347767,0.004147271885042855,0.0018547163712259033,5
ultra,2x chewers + 2x rate,large_long,nomotor_xlink,6.0,pulse_05,5,0.0030359633310826106,0.0027666136534650523,0.0012372672393253807,5,1795.6,34.275355578024275,15.328405005087774,5,0.0011082371144540155,0.0011038222640702788,0.0004936443235077734,5,0.16539749936829068,0.019195741353344314,0.00858459650891634,5,0.8914789676755351,0.004822993989829217,0.0021569084832662117,5
ultra,2x chewers + 2x rate,large_long,nomotor_xlink,6.05,pulse_06,5,0.002464269431010931,0.00190079965434845,0.0008500634477462476,5,1908.4,35.70434147271169,15.967466924969658,5,0.0010586244073915838,0.0007588711998685475,0.00033937751781458036,5,0.15431547327890935,0.017256958465938457,0.007717546442945775,5,0.888603491401126,0.004528532015099918,0.002025221084809504,5
ultra,2x chewers + 2x rate,large_long,nomotor_xlink,6.1,pulse_06,5,0.0015946349487424645,0.002053214518536452,0.0009182254471674017,5,1907.6,35.67632268045573,15.954936540143304,5,0.001464702630465169,0.0021481559513763186,0.0009606845467096362,5,0.15456797263957778,0.01661864810074179,0.007432085369481283,5,0.8888298425655637,0.005679151696429818,0.0025397938495500642,5
ultra,2x chewers + 2x rate,large_long,nomotor_xlink,6.15,pulse_06,5,0.0023795784324877134,0.0023528310331349745,0.0010522180259321726,5,1907.2,35.400564967243106,15.83161394173064,5,0.001045023937868868,0.00127184923837906,0.0005687882708293824,5,0.15480384569544386,0.01680743563885096,0.00751651372318467,5,0.8892105200799927,0.005367219016979494,0.002400293314419149,5
ultra,2x chewers + 2x rate,large_long,nomotor_xlink,6.2,pulse_06,5,0.0037375417719211447,0.0017663509181868535,0.0007899361450369948,5,1907.2,35.400564967243106,15.83161394173064,5,0.002932417600827532,0.002584907872898312,0.0011560059438750023,5,0.15535807866725224,0.016890560508220548,0.007553688294890908,5,0.8898526647504793,0.005545127820517404,0.002479856550120434,5
ultra,2x chewers + 2x rate,large_long,nomotor_xlink,6.25,pulse_06,5,0.0024537542864440987,0.0017205817899178704,0.000769467568620924,5,1906.0,34.785054261852174,15.556349186104045,5,0.00271602253498028,0.003325693631502819,0.0014872954064756878,5,0.1561455163971085,0.016281988221866658,0.007281526494588955,5,0.8896392433216522,0.004742630041031696,0.0021209686327758976,5
ultra,2x chewers + 2x rate,large_long,nomotor_xlink,6.3,pulse_06,5,0.0018861482480074208,0.0009469350126851278,0.0004234822117277143,5,1904.4,34.68140712254911,15.509996776273038,5,0.0022990550441252667,0.003064386462848828,0.0013704352880520225,5,0.15676021383445565,0.016453448469233516,0.0073582058482992,5,0.8900118268983027,0.00450162048445731,0.002013185882430416,5
ultra,2x chewers + 2x rate,large_long,nomotor_xlink,6.35,pulse_06,5,0.004214858301278745,0.0018648648759848959,0.0008339929263107884,5,1903.2,34.77355316903925,15.551205741035,5,0.0018771815008726002,0.003159715000121106,0.0014130675059593097,5,0.15662404412660877,0.016032495149387847,0.007169949800593374,5,0.8898345758614896,0.005151156473199431,0.0023036672073624,5
ultra,2x chewers + 2x rate,large_long,nomotor_xlink,6.4,pulse_06,5,0.004203573702527041,0.003947709433643636,0.0017654693298088731,5,1902.0,34.23448553724738,15.310127367203709,5,0.0012561091382159557,0.0022676278729325022,0.001014114014310066,5,0.15611284421771504,0.015657311228365008,0.007002162450298978,5,0.8912419899026001,0.0043912839045484355,0.0019638418638142,5
ultra,2x chewers + 2x rate,large_long,nomotor_xlink,6.45,pulse_06,5,0.004422796392536851,0.00388608967212538,0.0017379121347064438,5,1900.8,33.72239611889997,15.081114017207083,5,0.0008435455368501481,0.0008779184741310804,0.00039261707737199726,5,0.1566797813426632,0.014361596495024177,0.006422701205659355,5,0.8913700782379996,0.004132631764625184,0.0018481691103353643,5
ultra,2x chewers + 2x rate,large_long,nomotor_xlink,6.5,pulse_06,5,0.0020124707638673025,0.0014744850273460909,0.000659409750590299,5,1898.8,33.214454684670045,14.853955702101711,5,0.00042582218354545126,0.00058315383707565,0.0002607943242081981,5,0.1566723322894799,0.014140286799872653,0.006323728501171643,5,0.8906219422507677,0.003115503786901805,0.001393295650334091,5
ultra,2x chewers + 2x rate,large_long,nomotor_xlink,6.55,pulse_06,5,0.0036165508261020085,0.002038410639790346,0.0009116049513260103,5,1898.4,33.80532502432124,15.118200951171405,5,0.0006309148264984228,0.0014107684400629587,0.0006309148264984227,5,0.15743651146623974,0.013749483032956457,0.0061489557434341235,5,0.8906859991293175,0.0033137098707755244,0.0014819361057532231,5
ultra,2x chewers + 2x rate,large_long,nomotor_xlink,6.6,pulse_06,5,0.003352614423052429,0.0022413657196799362,0.0010023692223284151,5,1898.0,33.734255586866,15.086417732516885,5,0.0006363378845391195,0.0009442188505642434,0.0004222675070996728,5,0.15823506619869887,0.014973708151437658,0.006696445860371464,5,0.8909745323774612,0.0033431032520228458,0.0014950812254647388,5
ultra,2x chewers + 2x rate,large_long,nomotor_xlink,6.65,pulse_06,5,0.0019718819989886483,0.001805809878691542,0.0008075827286389874,5,1897.2,33.66303610787357,15.05456741324705,5,0.0008475297208210784,0.0013748169917934413,0.0006148368500543811,5,0.15760747635498737,0.014996837404382844,0.006706789576742308,5,0.890735339775756,0.004438822517429828,0.001985101777805968,5
ultra,2x chewers + 2x rate,large_long,nomotor_xlink,6.7,pulse_06,5,0.002211925922580171,0.0012415636631768123,0.0005552441498514009,5,1896.4,33.50820794969495,14.985326155943351,5,0.0008477617092402165,0.0013748653691854924,0.0006148584850818211,5,0.15739541713646849,0.014729672585896001,0.006587309837675713,5,0.8905362628763971,0.0039034758909185976,0.0017456874881251075,5
ultra,2x chewers + 2x rate,large_long,nomotor_xlink,6.75,pulse_06,5,0.0025964527003697964,0.0018953836281797305,0.0008476413272100127,5,1895.2,34.105717995667526,15.252540771950093,5,0.0006386026998487399,0.000947355239797504,0.0004236701430055666,5,0.15721154086294703,0.013914489671687869,0.00622274895562256,5,0.8895708212537372,0.004107574643636402,0.0018369632251650937,5
ultra,2x chewers + 2x rate,large_long,nomotor_xlink,6.8,pulse_06,5,0.0017598257029166988,0.0011543128742882466,0.0005162244108423377,5,1894.4,34.739027044521556,15.535765188750762,5,0.0004217214326523989,0.0005774691972161345,0.0002582520759775018,5,0.1571440741285888,0.0158592418600686,0.007092468574144719,5,0.8898520090604339,0.003956877584408772,0.0017695694514766353,5
ultra,2x chewers + 2x rate,large_long,nomotor_xlink,6.85,pulse_06,5,0.0021185433308272533,0.0011948764852371737,0.0005343650091412689,5,1894.4,34.739027044521556,15.535765188750762,5,0.0004219484403931064,0.0005777852692034361,0.00025839342766737974,5,0.15720785691033293,0.015365024525154125,0.00687144786283921,5,0.8894899770762483,0.004365031279022761,0.001952101332761549,5
ultra,2x chewers + 2x rate,large_long,nomotor_xlink,6.9,pulse_06,5,0.002392133353816946,0.002406577637909133,0.0010762542382991393,5,1893.2,33.89985250705377,15.16047492659778,5,0.0,0.0,0.0,5,0.15742040775830995,0.01594068574915114,0.007128891388612822,5,0.890085368268139,0.004253872031756734,0.0019023894061186402,5
ultra,2x chewers + 2x rate,large_long,nomotor_xlink,6.95,pulse_06,5,0.003110674358867153,0.0020603311032294726,0.0009214080805956474,5,1893.2,33.89985250705377,15.16047492659778,5,0.00021164021164021162,0.00047324189999995537,0.00021164021164021157,5,0.15700888512456507,0.01525576247329693,0.006822584387776451,5,0.8889944237464249,0.004188958322796337,0.0018733591129372232,5
ultra,2x chewers + 2x rate,large_long,nomotor_xlink,7.0,pulse_06,5,0.0038853226964478795,0.0015575296121266267,0.0006965484179368036,5,1893.2,33.89985250705377,15.16047492659778,5,0.00042372881355932213,0.0009474864311439789,0.00042372881355932213,5,0.15775714082610004,0.015369175681054982,0.006873304316195113,5,0.8893492907534231,0.0029251376724828146,0.001308161335843418,5
ultra,2x chewers + 2x rate,large_long,nomotor_xlink,7.05,pulse_07,5,0.004150788132360717,0.0019483561005597559,0.000871331337045606,5,2009.2,50.70700148894628,22.676860452893386,5,0.00020060180541624874,0.00044855927331991766,0.0002006018054162487,5,0.14953948456673496,0.013556700669035094,0.00606274084931587,5,0.8871626378440938,0.003306891187440415,0.0014788866978623532,5
ultra,2x chewers + 2x rate,large_long,nomotor_xlink,7.1,pulse_07,5,0.0034563039009065355,0.00123116937227336,0.0005505956816437955,5,2009.2,50.70700148894628,22.676860452893386,5,0.00040654605249567223,0.0005567340183886674,0.0002489790221007356,5,0.15001544508223855,0.012947028299318545,0.005790087076777952,5,0.8878404370001238,0.0026975413335999826,0.0012063771588089996,5
ultra,2x chewers + 2x rate,large_long,nomotor_xlink,7.15,pulse_07,5,0.0037885324686407706,0.0015994512787126383,0.0007152963571800843,5,2009.2,50.70700148894628,22.676860452893386,5,0.0006112794234860639,0.0009157124398667158,0.000409519052676833,5,0.15112215227235068,0.012452852954873249,0.005569085144181141,5,0.888383299834369,0.003202856833869788,0.0014323611205465192,5
ultra,2x chewers + 2x rate,large_long,nomotor_xlink,7.2,pulse_07,5,0.0029066013775862487,0.0023790634787291777,0.0010639495322451132,5,2008.4,50.52524121664339,22.59557478799776,5,0.00041109969167523125,0.0009192468561150214,0.0004110996916752312,5,0.1508698639670552,0.01257275630138187,0.005622707550885738,5,0.8887011640125297,0.003006057624227416,0.0013443498384108042,5
ultra,2x chewers + 2x rate,large_long,nomotor_xlink,7.25,pulse_07,5,0.002369102121467866,0.0017069362759845861,0.0007633651092723752,5,2007.2,50.96273148095577,22.791226382097125,5,0.000205761316872428,0.0004600962916666234,0.00020576131687242798,5,0.15130348473051028,0.01259187482533576,0.00563125761472381,5,0.889027737293633,0.004117466800953863,0.0018413871324062868,5
ultra,2x chewers + 2x rate,large_long,nomotor_xlink,7.3,pulse_07,5,0.001737408777599055,0.0016189808794197017,0.0007240302601309686,5,2006.4,51.25231702079429,22.920732972573106,5,0.0003978837570040203,0.0005449066088126969,0.00024368964373881524,5,0.1513643643845773,0.01289142492430081,0.005765220491514338,5,0.8886806203794293,0.0036595948590524437,0.0016366205749900051,5
ultra,2x chewers + 2x rate,large_long,nomotor_xlink,7.35,pulse_07,5,0.0031474023868711077,0.0012764774891946254,0.0005708580875174871,5,2006.4,51.25231702079429,22.920732972573106,5,0.00020161290322580645,0.00045082015675398994,0.00020161290322580648,5,0.15113266947612547,0.013521534451135223,0.006047014038568733,5,0.8882454163122417,0.0034204118401357283,0.0015296546771177263,5
ultra,2x chewers + 2x rate,large_long,nomotor_xlink,7.4,pulse_07,5,0.0037187090205562435,0.0014827520389321248,0.0006631068705657291,5,2006.4,51.25231702079429,22.920732972573106,5,0.0004032258064516129,0.0009016403135079799,0.00040322580645161296,5,0.15129546887168452,0.013885877698796519,0.006209953292351473,5,0.8879504963116936,0.003973839347232637,0.0017771549824151132,5
ultra,2x chewers + 2x rate,large_long,nomotor_xlink,7.45,pulse_07,5,0.003907848953051149,0.002077221895667101,0.0009289618726125227,5,2006.0,51.478150704935004,23.021728866442675,5,0.0004082146959373265,0.0005590296770046102,0.0002500056718444119,5,0.1522691412517309,0.013844025786719128,0.006191236548272795,5,0.8888644438014678,0.0034010734398984494,0.0015210062816163957,5
ultra,2x chewers + 2x rate,large_long,nomotor_xlink,7.5,pulse_07,5,0.002624346287439216,0.0019705946566677705,0.0008812767216813987,5,2006.0,51.478150704935004,23.021728866442675,5,0.0004030252271458302,0.0005518679382721923,0.00024680284491585593,5,0.1519916587323583,0.013284556620945492,0.005941034331075805,5,0.8880000825178964,0.0033022180161839955,0.0014767967921423828,5
ultra,2x chewers + 2x rate,large_long,nomotor_xlink,7.55,pulse_07,5,0.0022040363138776738,0.0008645163291480857,0.0003866234559267405,5,2005.2,51.41206084179081,22.992172581119863,5,0.0010155905681275756,0.0012615025786694987,0.000564161103939255,5,0.1518729180348461,0.013098805365781889,0.00585796384438546,5,0.8893213537048531,0.0036699054791027794,0.0016412316244545496,5
ultra,2x chewers + 2x rate,large_long,nomotor_xlink,7.6,pulse_07,5,0.0012626561197638607,0.0007820300370509746,0.00034973446465853163,5,2004.8,51.11946791585375,22.861321046693693,5,0.0006086032807868703,0.000916154308705979,0.0004097166624291793,5,0.15245702552417698,0.012812290301814773,0.005729830412463826,5,0.8892897075101065,0.0036862266006223252,0.0016485306518918975,5
ultra,2x chewers + 2x rate,large_long,nomotor_xlink,7.65,pulse_07,5,0.0014858555038474702,0.001262833679777737,0.0005647563904518443,5,2004.4,51.27182462132589,22.92945703674642,5,0.0006102102551939649,0.0009063848248733721,0.0004053476164382204,5,0.15252851948644788,0.012337554242052117,0.005517521992263885,5,0.8894429302857596,0.002458154026238182,0.0010993199003666752,5
ultra,2x chewers + 2x rate,large_long,nomotor_xlink,7.7,pulse_07,5,0.0018843946396060868,0.0011522582699861992,0.0005153055638650894,5,2004.0,50.99019513592785,22.80350850198276,5,0.0,0.0,0.0,5,0.1527126783914956,0.012805310686056922,0.005726709033405549,5,0.8893268330068137,0.002459021669407507,0.00109970792218804,5
ultra,2x chewers + 2x rate,large_long,nomotor_xlink,7.75,pulse_07,5,0.0016144666658739776,0.0013273971976814842,0.0005936300734317049,5,2003.6,51.58294291720859,23.06859336847394,5,0.00020597322348094748,0.00046057012924815443,0.00020597322348094748,5,0.15212805325969617,0.013957472420575785,0.0062419714252971974,5,0.8892887543121846,0.0024921552105635946,0.0011145256922600998,5
ultra,2x chewers + 2x rate,large_long,nomotor_xlink,7.8,pulse_07,5,0.002972519147635655,0.0019160631752062611,0.0008568895017890579,5,2003.6,51.58294291720859,23.06859336847394,5,0.0006185567010309279,0.0013831348314431691,0.0006185567010309279,5,0.1528694079781915,0.014582412055702055,0.006521452926492448,5,0.8895820214635561,0.0026423041416240045,0.001181674335580101,5
ultra,2x chewers + 2x rate,large_long,nomotor_xlink,7.85,pulse_07,5,0.002342377722455543,0.0016800927630976233,0.0007513603253583471,5,2003.2,52.184288823361385,23.337523433303712,5,0.0,0.0,0.0,5,0.15222351729286449,0.014343583974022992,0.006414645761378397,5,0.8886748036413923,0.0035185405313145086,0.0015735391619214937,5
ultra,2x chewers + 2x rate,large_long,nomotor_xlink,7.9,pulse_07,5,0.0027804847657152483,0.0021406350906436537,0.0009573211155401267,5,2002.0,51.43928459844674,23.004347415216976,5,0.0004123711340206186,0.0009220898876287792,0.0004123711340206185,5,0.1526795179518859,0.014339258036476153,0.006412711143294167,5,0.8897664550038961,0.003117217496733711,0.0013940620446696611,5
ultra,2x chewers + 2x rate,large_long,nomotor_xlink,7.95,pulse_07,5,0.0018442026764575441,0.0010156545991706917,0.00045421454508119365,5,2001.6,52.04613338183731,23.275738441561845,5,0.00020682523267838678,0.0004624752797310838,0.00020682523267838678,5,0.15231018586199002,0.014104611083897095,0.006307773835958179,5,0.890346071094495,0.003557524863588608,0.0015909734853259588,5
ultra,2x chewers + 2x rate,large_long,nomotor_xlink,8.0,pulse_07,5,0.003373696263960172,0.0031151089806838307,0.001393119087625825,5,2001.2,52.28001530221658,23.380333616097097,5,0.00040424549692168795,0.0005535370036072397,0.00024754927362546686,5,0.15319007122719128,0.012917949151903823,0.005777082486708541,5,0.8899246554816929,0.0032906242101315556,0.001471611884452142,5
ultra,2x chewers + 2x rate,large_long,rotatable_xlink,0.0,initial,5,0.1381509529303678,0.060563167343286456,0.02708467182245677,5,472.4,21.789905919943756,9.744742172063866,5,0.24013829467444933,0.032923311142298836,0.01472375235171129,5,0.4760480523065011,0.07045944133610946,0.03151042009683987,5,0.9331333404036553,0.01221824511319454,0.00546416532777152,5
ultra,2x chewers + 2x rate,large_long,rotatable_xlink,0.05,initial,5,0.10935700144616407,0.046317624301833164,0.02071387129903904,5,530.8,29.549957698785292,13.215142829345433,5,0.22689063502425721,0.03842000144835726,0.01718194698683344,5,0.45822753550594186,0.07456271704134286,0.03334546077830493,5,0.9425535587544918,0.008472804478072853,0.003789153354607105,5
ultra,2x chewers + 2x rate,large_long,rotatable_xlink,0.1,initial,5,0.07724946592326566,0.032923164774360844,0.014723686893979474,5,576.0,27.018512172212592,12.083045973594572,5,0.2130190940945677,0.03888292069442664,0.01738897076729426,5,0.44023881721484875,0.06592689368746835,0.0294834031661162,5,0.9468162254923931,0.009316518354494577,0.004166473670854871,5
ultra,2x chewers + 2x rate,large_long,rotatable_xlink,0.15000000000000002,initial,5,0.052180779780131824,0.031596139076983956,0.014130222960534717,5,620.0,34.95711658589707,15.633297796690242,5,0.2002854829672132,0.03972060539201439,0.017763594752797773,5,0.4321533350590741,0.05475423760986515,0.024486839470366815,5,0.9454100592231148,0.011952119807805663,0.005345150473095037,5
ultra,2x chewers + 2x rate,large_long,rotatable_xlink,0.2,initial,5,0.050100441007396655,0.020866807580196697,0.009331920044545541,5,668.0,31.400636936215164,14.042791745233567,5,0.19679096127883722,0.0358586063746317,0.016036456286416756,5,0.42288786894858427,0.050130879817500695,0.02241921100876076,5,0.9447835819435492,0.008962835137302847,0.0040083017276265655,5
ultra,2x chewers + 2x rate,large_long,rotatable_xlink,0.25,initial,5,0.06740199682836194,0.015190471499712243,0.00679338537672595,5,713.6,31.22178726466504,13.962807740565648,5,0.18209200639623907,0.038518871631421016,0.017226163076889123,5,0.412478209763386,0.041277057778059935,0.018459661420585687,5,0.9473262764775976,0.0031688997503074947,0.0014171750511139335,5
ultra,2x chewers + 2x rate,large_long,rotatable_xlink,0.30000000000000004,initial,5,0.07857883086285827,0.020645151416972214,0.009232792394825195,5,756.8,40.43760625952036,18.084247288731703,5,0.17128888027036457,0.03403452478038271,0.015220702198167369,5,0.40038318463618083,0.038010360582302866,0.01699875002226154,5,0.9487378133515708,0.00626128432532653,0.0028001314755768058,5
ultra,2x chewers + 2x rate,large_long,rotatable_xlink,0.35000000000000003,initial,5,0.0801321263617619,0.036476985064892546,0.01631300364386886,5,796.0,42.30839160261236,18.920887928424502,5,0.16008388501821033,0.03025136127491012,0.013528820044520745,5,0.38909791951517275,0.031406959625566666,0.01404561933787168,5,0.9470833309523762,0.005618701714582311,0.0025127597958201336,5
ultra,2x chewers + 2x rate,large_long,rotatable_xlink,0.4,initial,5,0.06933496726160462,0.024472912334453516,0.010944619117446226,5,833.6,45.790828776076985,20.478281177872326,5,0.15144209135809197,0.023098062897259637,0.010329767757367657,5,0.37725145372491664,0.027425522832599372,0.012265066674432955,5,0.9491420270165275,0.0032491132896442215,0.0014530476364484884,5
ultra,2x chewers + 2x rate,large_long,rotatable_xlink,0.45,initial,5,0.053237389283955716,0.015561836584965046,0.0069594648917450045,5,872.8,46.09989154000257,20.61649824776264,5,0.14193646126096332,0.022661221271774258,0.010134406243370295,5,0.3693073304716014,0.02291604878051513,0.010248368569786597,5,0.9502214780931677,0.005258847192358687,0.0023518279610795874,5
ultra,2x chewers + 2x rate,large_long,rotatable_xlink,0.5,initial,5,0.040421357150022215,0.014245920063038346,0.006370969132596366,5,906.0,41.54515615568198,18.579558659989747,5,0.13906602897919793,0.0254636696511269,0.01138769925930362,5,0.367340954267963,0.02997189691801738,0.01340383978466066,5,0.9492849541993177,0.0019436520421589935,0.0008692276181747593,5
ultra,2x chewers + 2x rate,large_long,rotatable_xlink,0.55,initial,5,0.03641601336599378,0.019490076034947245,0.008716226980156321,5,932.4,40.5807836296935,18.148278155241062,5,0.13390275111313035,0.02594600860709046,0.01160340779804978,5,0.3622460926374217,0.03179443773555462,0.014218904816616921,5,0.9491021720247579,0.0036018844230336624,0.0016108116834001756,5
ultra,2x chewers + 2x rate,large_long,rotatable_xlink,0.6000000000000001,initial,5,0.03267128257635994,0.021243378874675225,0.009500327847111358,5,967.2,41.19708727568006,18.423897524682445,5,0.12730370085501436,0.025466696338626506,0.011389052835102774,5,0.35829415562681743,0.032902234266235966,0.014714326486185305,5,0.9460368021672231,0.0061679975740541555,0.002758412372127777,5
ultra,2x chewers + 2x rate,large_long,rotatable_xlink,0.65,initial,5,0.01873624496644588,0.012835496109568334,0.005740208365185777,5,998.4,41.53071152773571,18.573098825990236,5,0.1269986437253871,0.02698283885913267,0.012067092382988703,5,0.3508815294265966,0.034371402409041706,0.015371358453723456,5,0.9460372504287005,0.0032102089571943923,0.0014356490900530746,5
ultra,2x chewers + 2x rate,large_long,rotatable_xlink,0.7000000000000001,initial,5,0.023330226374509582,0.01392661573801873,0.0062281718973456555,5,1026.4,40.997560903058606,18.33466661818534,5,0.12468784430405552,0.024638032049207843,0.011018462898769435,5,0.3509152186551416,0.03487589501663238,0.01559697440666723,5,0.94715925687991,0.003490249941342609,0.0015608872254613453,5
ultra,2x chewers + 2x rate,large_long,rotatable_xlink,0.75,initial,5,0.023185088873440736,0.015591098023198306,0.006972551004746801,5,1045.2,41.41497313774331,18.52133904446436,5,0.11933892720741193,0.026536863440675983,0.011867646112596091,5,0.3480284046905823,0.03835472508054624,0.0171527545076835,5,0.9458678299256782,0.004542265618425895,0.0020313629389320845,5
ultra,2x chewers + 2x rate,large_long,rotatable_xlink,0.8,initial,5,0.013121367252527202,0.011566889860944339,0.005172870403464926,5,1068.8,49.266621560646925,22.03270296627266,5,0.11702304647956821,0.025377569063010627,0.01134919390571748,5,0.3476298192602541,0.042211548651879455,0.018877578444228413,5,0.9452832281024977,0.003287674584379311,0.0014702927717141015,5
ultra,2x chewers + 2x rate,large_long,rotatable_xlink,0.8500000000000001,initial,5,0.011667964949556369,0.015162837635630777,0.0067810271370125205,5,1090.0,43.54308211415448,19.473058311420935,5,0.1138123367229189,0.023398595576596307,0.010464170057459045,5,0.3488084314346338,0.03983771483186985,0.017815967686462517,5,0.9431445804296862,0.0037362032674889654,0.0016708808967724313,5
ultra,2x chewers + 2x rate,large_long,rotatable_xlink,0.9,initial,5,0.015021619297579215,0.014507005344038544,0.006487730019844581,5,1115.6,41.19223227745736,18.421726303471125,5,0.11405938783541636,0.02648589687196289,0.011844853170151612,5,0.34571666053396993,0.04273180235902248,0.019110242975172026,5,0.9434039019247782,0.0044793384957782225,0.002003221074158352,5
ultra,2x chewers + 2x rate,large_long,rotatable_xlink,0.9500000000000001,initial,5,0.011820642813261745,0.011360631324068483,0.005080628781586114,5,1131.2,40.23928428786973,17.995555006723187,5,0.11456859691572878,0.02552198792097265,0.011413779982444673,5,0.34873273310298175,0.0432925596144151,0.01936102124355885,5,0.942723858791474,0.007035007780509683,0.0031461511238919143,5
ultra,2x chewers + 2x rate,large_long,rotatable_xlink,1.0,initial,5,0.011151302875854854,0.010684902058449578,0.0047784334671241374,5,1147.6,40.973161947792114,18.32375507367417,5,0.1147363148848591,0.024218921743433996,0.010831031072013227,5,0.3465308441720605,0.042675882885066053,0.019085235026165506,5,0.9429541228227383,0.010753468101197962,0.004809097133630846,5
ultra,2x chewers + 2x rate,large_long,rotatable_xlink,1.05,pulse_01,5,0.03153093145985771,0.025893977306523056,0.011580138693044492,5,1281.2,55.580572145309915,24.856387509048858,5,0.10374705634901678,0.02593499673880541,0.01159848314084085,5,0.31384367094536786,0.042444870037571455,0.018981922940030763,5,0.9440053826354214,0.014582657453872667,0.0065215626718906575,5
ultra,2x chewers + 2x rate,large_long,rotatable_xlink,1.1,pulse_01,5,0.016784239887950022,0.011929904458897179,0.005335215467034388,5,1293.2,53.26537336769545,23.820999139414784,5,0.10609263461410552,0.032323950324456854,0.01445571004536238,5,0.314381443831625,0.047869243570613985,0.021407776531077526,5,0.9445369178679961,0.015587694849186583,0.0069710290590609065,5
ultra,2x chewers + 2x rate,large_long,rotatable_xlink,1.15,pulse_01,5,0.010821087298347128,0.008484282289878905,0.0037942863880933613,5,1305.2,60.39205245725633,27.00814691903167,5,0.10830572186807316,0.03275144139792881,0.01464688986537391,5,0.31517190947756346,0.04586102378168486,0.020509673338716367,5,0.9459554393195038,0.01611434693555762,0.007206555032184451,5
ultra,2x chewers + 2x rate,large_long,rotatable_xlink,1.2,pulse_01,5,0.015231475973934752,0.008659987302214098,0.0038728640584071478,5,1317.2,62.02580108309767,27.738781516137294,5,0.11008888618763528,0.03784518348569486,0.016924880578993228,5,0.31565431222511237,0.047573071175068746,0.021275324209177902,5,0.9439516887303963,0.015164751514993859,0.006781883049883837,5
ultra,2x chewers + 2x rate,large_long,rotatable_xlink,1.25,pulse_01,5,0.015597801295401007,0.017617595358381793,0.007878828164285291,5,1327.6,65.86956808724344,29.457766378325424,5,0.108650954022695,0.03636445588626749,0.01626267906529729,5,0.31609754195752765,0.05191831713402566,0.023218577277814685,5,0.9438892776757835,0.01655259521133144,0.007402545619314918,5
ultra,2x chewers + 2x rate,large_long,rotatable_xlink,1.3,pulse_01,5,0.016251367504684623,0.011539443097334108,0.005160595837625957,5,1341.6,71.04083332844569,31.77042650012744,5,0.10643007958131759,0.03437816494785276,0.015374382753019855,5,0.31363461540527093,0.05115427587383682,0.022876887638735317,5,0.9440526139975208,0.012336979013598783,0.005517264742279036,5
ultra,2x chewers + 2x rate,large_long,rotatable_xlink,1.35,pulse_01,5,0.0038711819537425793,0.006716756392971298,0.0030038247765980224,5,1348.8,73.89993234097038,33.049054449408985,5,0.10746922385524846,0.032970392708020865,0.014744807867999605,5,0.31309446915032885,0.049939567795274635,0.022333653671438677,5,0.943071169161757,0.01160817612904262,0.0051913341838659335,5
ultra,2x chewers + 2x rate,large_long,rotatable_xlink,1.4,pulse_01,5,0.010533744674812325,0.009337728332814089,0.004175959061519617,5,1358.4,72.76537638190295,32.541665599658536,5,0.10721495633424949,0.03255344579000905,0.014558343537662916,5,0.3111314255708008,0.04951860479508387,0.022145393294550914,5,0.9441825916806049,0.012911447450643106,0.005774174837510869,5
ultra,2x chewers + 2x rate,large_long,rotatable_xlink,1.45,pulse_01,5,0.015890946265172148,0.00909688873845823,0.004068252320588981,5,1368.8,73.19289583012821,32.73285810924551,5,0.10886206353303574,0.03391994659699436,0.015169461276808412,5,0.3160588620484801,0.052758230148461205,0.023594197796907614,5,0.9441155418204111,0.0123916008270707,0.00554169235987454,5
ultra,2x chewers + 2x rate,large_long,rotatable_xlink,1.5,pulse_01,5,0.015269589691247323,0.011120267479382547,0.004973134802375923,5,1375.2,71.98055292924612,32.19068188156319,5,0.10759777428696704,0.030240587712413673,0.013524001960900365,5,0.3191166081616165,0.05763767699236819,0.02577635276402218,5,0.9438954414760492,0.01402955523375293,0.0062742078393519,5
ultra,2x chewers + 2x rate,large_long,rotatable_xlink,1.55,pulse_01,5,0.012309238249604674,0.007143713096922683,0.003194765619294932,5,1379.2,71.86932586298553,32.140939625343876,5,0.10751843101413401,0.028465945673190853,0.012730357913814152,5,0.3191998576733087,0.059404069941945595,0.026566307706068465,5,0.9449388044994557,0.013080145501557365,0.005849618899414069,5
ultra,2x chewers + 2x rate,large_long,rotatable_xlink,1.6,pulse_01,5,0.008217286315115728,0.009860412115040433,0.004409710355078577,5,1385.2,73.39754764295603,32.824381182285826,5,0.10757288494926427,0.028881216182582693,0.012916072531424376,5,0.3216130727931436,0.06016045449470967,0.026904573161490718,5,0.9441973300110533,0.013758820663260975,0.006153131658656057,5
ultra,2x chewers + 2x rate,large_long,rotatable_xlink,1.65,pulse_01,5,0.01348229945232179,0.01183419261446932,0.005292411828955871,5,1391.6,77.86398397205218,34.821832232092554,5,0.10907481833591648,0.030341638762687778,0.013569193364422496,5,0.32369366982599407,0.06288554813625047,0.02812327208699825,5,0.942866145091158,0.014669976275175663,0.006560612835920388,5
ultra,2x chewers + 2x rate,large_long,rotatable_xlink,1.7000000000000002,pulse_01,5,0.012988359468625074,0.006637572949493254,0.002968412864136139,5,1398.4,73.78888805233481,32.999393933828536,5,0.10909407904658175,0.03295646936759291,0.01473858116086545,5,0.3212565649777347,0.06450382133930778,0.028846985864638745,5,0.9439335200473964,0.015797570617080647,0.007064888355829125,5
ultra,2x chewers + 2x rate,large_long,rotatable_xlink,1.75,pulse_01,5,0.009260768298096581,0.004286710704597288,0.001917075307071111,5,1400.0,78.2815431631237,35.0085703792657,5,0.10672089503579082,0.03524440377358773,0.015761776532838452,5,0.31958700477094004,0.06480437661421898,0.028981398269778257,5,0.9435612875791339,0.014226862278897497,0.006362446232428475,5
ultra,2x chewers + 2x rate,large_long,rotatable_xlink,1.8,pulse_01,5,0.006552060465066875,0.0046348546587579335,0.002072770016562866,5,1408.0,74.92663077971676,33.50820794969495,5,0.10533171992501326,0.03392919774544694,0.015173598516170393,5,0.3175261754885852,0.06382607252474187,0.02854388738043089,5,0.942697354662933,0.01588412406719861,0.007103596235459306,5
ultra,2x chewers + 2x rate,large_long,rotatable_xlink,1.85,pulse_01,5,0.009800706800824536,0.014745385134051098,0.00659433670283062,5,1411.2,74.47952738840387,33.30825723450568,5,0.10696537887019184,0.03316994730820816,0.014834051398247922,5,0.31936524657077303,0.06135592443174463,0.02743920357034423,5,0.943337367460583,0.01534111005269507,0.006860752985626311,5
ultra,2x chewers + 2x rate,large_long,rotatable_xlink,1.9,pulse_01,5,0.01446875134289254,0.016640063130309718,0.007441662461852094,5,1417.2,77.82801552140462,34.805746651953896,5,0.10818141603143856,0.030750437000367014,0.013752013494129073,5,0.32067719114340243,0.05723487768771955,0.025596215438725377,5,0.9442500830246494,0.014791867919946885,0.00661512443663993,5
ultra,2x chewers + 2x rate,large_long,rotatable_xlink,1.9500000000000002,pulse_01,5,0.013050341637552832,0.012242199977734191,0.005474878268872012,5,1416.4,78.49076378784959,35.10213668710211,5,0.1072457486179876,0.030417202872773195,0.01360298666178455,5,0.3227017098495993,0.05933427128288774,0.026535092796790127,5,0.944183628869389,0.013142143302587679,0.005877345158925927,5
ultra,2x chewers + 2x rate,large_long,rotatable_xlink,2.0,pulse_01,5,0.016609131585874425,0.005413065803221617,0.0024207966205366067,5,1417.6,79.20101009456887,35.41976849162061,5,0.10657358103062624,0.02823294951602553,0.012626158864630574,5,0.32432873817652463,0.05797509300465574,0.02592724979205655,5,0.9459115576513136,0.010748548469928102,0.004806897007642118,5
ultra,2x chewers + 2x rate,large_long,rotatable_xlink,2.05,pulse_02,5,0.01920947945206546,0.017806581469103265,0.007963345322360593,5,1544.4,95.47146170453243,42.69613565652049,5,0.09717427261303022,0.02446938298380461,0.010943040743852748,5,0.3003943398781578,0.05941525539009349,0.026571309990551965,5,0.9446591902666025,0.011565148692912905,0.005172091729449219,5
ultra,2x chewers + 2x rate,large_long,rotatable_xlink,2.1,pulse_02,5,0.01659806950909119,0.01862271444061411,0.008328331082956024,5,1540.8,93.83602719638124,41.96474710992549,5,0.09543746224512827,0.022765410809123355,0.010181001220981662,5,0.30262206772018907,0.06041999028946762,0.027020641097425357,5,0.9433007407055074,0.011237946946617536,0.005025762660034602,5
ultra,2x chewers + 2x rate,large_long,rotatable_xlink,2.15,pulse_02,5,0.02161394295178695,0.01667676918466438,0.007458077908396659,5,1536.0,93.12357381458253,41.646128271425184,5,0.09572415316057178,0.02211224523249698,0.009888896695001778,5,0.30499640199783207,0.06676281682038383,0.02985723935594892,5,0.943701509643905,0.010441203750975552,0.004669448270821424,5
ultra,2x chewers + 2x rate,large_long,rotatable_xlink,2.2,pulse_02,5,0.016915032700186038,0.010763316691535406,0.0048135015571262605,5,1532.0,90.87353850269065,40.63988188959215,5,0.09421897732210358,0.02116024842514478,0.00946315077988132,5,0.3068946967091625,0.07134832886679116,0.03190794268543111,5,0.9411500416026449,0.011178204669123093,0.004999045101312956,5
ultra,2x chewers + 2x rate,large_long,rotatable_xlink,2.25,pulse_02,5,0.007482735075056457,0.004881653218765024,0.002183141687947849,5,1530.4,90.67965593229829,40.553174968182205,5,0.09180772834037093,0.021780610784444817,0.009740585261096725,5,0.3089425806233069,0.07230703303636395,0.03233668822412656,5,0.9422457042163854,0.008276609416211484,0.0037014122555727455,5
ultra,2x chewers + 2x rate,large_long,rotatable_xlink,2.3,pulse_02,5,0.017983479753715455,0.0036411063257420933,0.0016283522515327625,5,1528.0,90.82951062292474,40.6201920231798,5,0.09013916184760566,0.02179644026410012,0.009747664419608268,5,0.310974819828606,0.07211992583565321,0.03225301134015278,5,0.9399411459167795,0.009981306681411756,0.004463776048781904,5
ultra,2x chewers + 2x rate,large_long,rotatable_xlink,2.35,pulse_02,5,0.020232296251720298,0.0056202064425884025,0.0025134327306419874,5,1524.4,90.54722524738128,40.49395016542595,5,0.0917175926555019,0.019449387027872248,0.008698030303004988,5,0.31239991494596053,0.07392118571358618,0.033058559246593,5,0.940392886036322,0.009986567868789768,0.004466128923305824,5
ultra,2x chewers + 2x rate,large_long,rotatable_xlink,2.4,pulse_02,5,0.007295776749476552,0.008096999599915817,0.0036210883038400735,5,1522.8,89.59464269698273,40.0679422980517,5,0.08926024909683732,0.020203102247826746,0.009035101996503881,5,0.3132433559808402,0.07305114054167036,0.032669463217013146,5,0.9406467096549044,0.009120501604408651,0.004078812315270728,5
ultra,2x chewers + 2x rate,large_long,rotatable_xlink,2.45,pulse_02,5,0.007778117270811865,0.009095534973628371,0.004067646898551959,5,1519.2,89.99555544581077,40.24723592993685,5,0.08592296981820535,0.019838973053347107,0.008872258470214138,5,0.31332486615038857,0.07045464617566914,0.03150827563589836,5,0.9401078881038842,0.008797071763258847,0.003934170093118143,5
ultra,2x chewers + 2x rate,large_long,rotatable_xlink,2.5,pulse_02,5,0.010194009723895607,0.013454497438240195,0.006017034175000371,5,1516.4,90.93294232565006,40.66644808684427,5,0.08473375914882988,0.018983618728912993,0.008489732387357521,5,0.3129482304611329,0.07087524076433573,0.03169637125414376,5,0.9396882620879806,0.008455542278937947,0.0037814334644657474,5
ultra,2x chewers + 2x rate,large_long,rotatable_xlink,2.55,pulse_02,5,0.014303964088356111,0.02296406604924882,0.010269842545183077,5,1515.2,89.09096474951879,39.842690672192305,5,0.08610303502606043,0.019911811120914467,0.008904832644300207,5,0.31188593050375435,0.07174958651956957,0.03208739056305202,5,0.9401139811360351,0.0076487538116433535,0.003420626693199032,5
ultra,2x chewers + 2x rate,large_long,rotatable_xlink,2.6,pulse_02,5,0.014226553244771964,0.019968319973048,0.008930104171240419,5,1511.6,89.61473093191766,40.07692602982419,5,0.08454549818505282,0.0216118521401717,0.009665114101019646,5,0.31556165000080494,0.07002030816925574,0.031314033774387934,5,0.9404527077530099,0.00834926717908655,0.003733905794949087,5
ultra,2x chewers + 2x rate,large_long,rotatable_xlink,2.65,pulse_02,5,0.011648530348961945,0.010391742141992054,0.004647328366828701,5,1509.2,88.75359147662702,39.69181275779679,5,0.08509962976748071,0.020444861577649028,0.009143220055639363,5,0.3160617341341764,0.06729940829212173,0.030097210357339442,5,0.9413859520824698,0.007964170342286265,0.003561685253947971,5
ultra,2x chewers + 2x rate,large_long,rotatable_xlink,2.7,pulse_02,5,0.009738648641673139,0.009601936293518902,0.004294116453586128,5,1507.6,88.3334591194073,39.503923855738684,5,0.08262367589469413,0.021740376546884568,0.009722591963055208,5,0.3180392146388048,0.06722956810376084,0.030065976875592173,5,0.941881115821334,0.00685467084477369,0.0030655019944599757,5
ultra,2x chewers + 2x rate,large_long,rotatable_xlink,2.75,pulse_02,5,0.010724275010104747,0.003528847396980603,0.0015781485323743626,5,1504.0,88.17028978062848,39.43095230906806,5,0.0783544978529184,0.02244730868945396,0.010038741628308152,5,0.31961564738238274,0.06976722612573347,0.031200852043747864,5,0.9414811266428327,0.007066221050120435,0.003160110122421848,5
ultra,2x chewers + 2x rate,large_long,rotatable_xlink,2.8,pulse_02,5,0.007112544459554189,0.0063801696510061515,0.002853298609526173,5,1499.6,85.5382955172711,38.25388869121674,5,0.07673463241191023,0.0234102721723766,0.01046939198984115,5,0.3181895412102095,0.07304416485729373,0.032666343596122,5,0.9402786846794638,0.008006356067006101,0.0035805512835787004,5
ultra,2x chewers + 2x rate,large_long,rotatable_xlink,2.85,pulse_02,5,0.007503574537637443,0.009302017767762662,0.004159988811325632,5,1496.8,86.08832673481348,38.499870129651086,5,0.07700892071900052,0.020486397012891466,0.00916179526697479,5,0.31846368873869285,0.0730770950676175,0.032681070433881465,5,0.938757081034035,0.009516393289441318,0.004255860459162724,5
ultra,2x chewers + 2x rate,large_long,rotatable_xlink,2.9,pulse_02,5,0.006967517916322381,0.0036860121780041945,0.0016484347591818867,5,1496.0,85.46344247688599,38.22041339389201,5,0.0785996528565219,0.019186230488543673,0.00858034312087253,5,0.3176351878973731,0.07439215821118235,0.033269184550624574,5,0.9393124878032297,0.008262759093794706,0.0036952182030859045,5
ultra,2x chewers + 2x rate,large_long,rotatable_xlink,2.95,pulse_02,5,0.0056168721984487,0.0031853795973116475,0.00142454506274595,5,1495.6,84.5387485121468,37.806877681183884,5,0.0795354544383875,0.017275013072226033,0.0077256207083389785,5,0.31552962131644813,0.07208920874900425,0.03223927424138921,5,0.9401163248900761,0.00735011704924233,0.0032870722729372035,5
ultra,2x chewers + 2x rate,large_long,rotatable_xlink,3.0,pulse_02,5,0.008182979881611305,0.005554710751192395,0.002484142167003023,5,1494.8,85.2596035646425,38.1292538610448,5,0.07717231527982064,0.016032592564539528,0.007169993365973614,5,0.31496803845156623,0.07411882010503022,0.03314694403338513,5,0.9382907120478012,0.006406776074699436,0.002865197363929442,5
ultra,2x chewers + 2x rate,large_long,rotatable_xlink,3.05,pulse_03,5,0.008284317580472855,0.011352770847973615,0.005077113469809386,5,1615.2,74.02161846379745,33.103474137920934,5,0.07234125826431441,0.015289081199218842,0.006837484974993467,5,0.2924844617756271,0.07094781241796855,0.031728826284296276,5,0.9375739331787937,0.007941423103036855,0.0035515123792955443,5
ultra,2x chewers + 2x rate,large_long,rotatable_xlink,3.1,pulse_03,5,0.010188101223213897,0.009896591597599327,0.0044258903115570675,5,1613.6,74.28862631654997,33.222883679777105,5,0.07188708363236485,0.015406075782779081,0.006889806543361462,5,0.29284593269230075,0.07007691589822065,0.03133934952039142,5,0.9354575150699798,0.00829591858053189,0.0037100475763745732,5
ultra,2x chewers + 2x rate,large_long,rotatable_xlink,3.15,pulse_03,5,0.008789972009483296,0.006128348541582332,0.0027406807857579584,5,1611.6,74.50369118372593,33.31906361229259,5,0.07302477242399112,0.01640976270299128,0.007338668979705839,5,0.29369467926323345,0.07282810595072904,0.032569719115677416,5,0.9361467713219171,0.008663981272695702,0.0038746502163065463,5
ultra,2x chewers + 2x rate,large_long,rotatable_xlink,3.2,pulse_03,5,0.006687737514883554,0.007167244454483601,0.0032052891623167456,5,1609.2,75.34719636456289,33.69629059703753,5,0.07434384058743065,0.014484522915259137,0.006477675572034571,5,0.29523134016364205,0.07354303641359258,0.03288944573850707,5,0.9376970534780762,0.006601847195682251,0.0029524358213223736,5
ultra,2x chewers + 2x rate,large_long,rotatable_xlink,3.25,pulse_03,5,0.00926438390026654,0.008589514317217923,0.0038413475814013938,5,1606.8,75.36046708984759,33.70222544580699,5,0.07309940072977084,0.011336400560614338,0.005069792454740076,5,0.29692128447011984,0.07423460434803368,0.033198724321000954,5,0.936277462784382,0.0048573574840267255,0.0021722763050602213,5
ultra,2x chewers + 2x rate,large_long,rotatable_xlink,3.3,pulse_03,5,0.016455792386511015,0.015274819217570127,0.00683110682290139,5,1604.8,75.92891412367229,33.95644268765502,5,0.07157937012785773,0.007650398080745421,0.003421362032696137,5,0.29763822880022106,0.07208792359651602,0.03223869950372418,5,0.9370860088794437,0.0065839981750742795,0.00294445349664013,5
ultra,2x chewers + 2x rate,large_long,rotatable_xlink,3.35,pulse_03,5,0.025885452146094397,0.024441083502957314,0.010930384831272247,5,1602.8,74.21051138484358,33.18794962030646,5,0.07396915057564227,0.008978871241584906,0.004015473291480357,5,0.30078595152442816,0.07035382795953146,0.03146318835896753,5,0.9384278398427313,0.0038268307679057627,0.001711410747085001,5
ultra,2x chewers + 2x rate,large_long,rotatable_xlink,3.4,pulse_03,5,0.02280371630404026,0.02307277290600831,0.010318457729449988,5,1601.2,74.84116514325521,33.46998655512129,5,0.07700371566761358,0.008996884351216095,0.004023528999004656,5,0.30530644123030215,0.07254210655443394,0.03244181629734946,5,0.938759706073952,0.00475268550649943,0.0021254655736421485,5
ultra,2x chewers + 2x rate,large_long,rotatable_xlink,3.45,pulse_03,5,0.01290726926368516,0.015342234743190802,0.0068612559625067324,5,1600.0,75.27283706623525,33.66303610787357,5,0.07919589777762265,0.013474141966580101,0.006025819475151161,5,0.30533954536736,0.07293302455175503,0.03261664014047708,5,0.9405204013221711,0.006037962744404635,0.0027002590284199903,5
ultra,2x chewers + 2x rate,large_long,rotatable_xlink,3.5,pulse_03,5,0.009639424424862585,0.0062072884748789565,0.0027759837971560682,5,1596.8,73.16556567129102,32.72063569064635,5,0.07825733476685207,0.016814745008783948,0.007519782572793241,5,0.3064405541525354,0.07449551499183704,0.03331540710812046,5,0.9404119612293436,0.007244874139800867,0.0032400062130050105,5
ultra,2x chewers + 2x rate,large_long,rotatable_xlink,3.55,pulse_03,5,0.006399490522698592,0.004031767336004955,0.001803061166554063,5,1594.0,75.08661665037252,33.5797558061401,5,0.07757195558682907,0.015212100916714776,0.006803058346072221,5,0.3067140608195708,0.07594744710456691,0.033964730888676235,5,0.9384650521989701,0.007614640298800578,0.0034053706664654805,5
ultra,2x chewers + 2x rate,large_long,rotatable_xlink,3.6,pulse_03,5,0.002410353408790611,0.0014200330682849229,0.0006350580941965376,5,1590.4,75.10525946962703,33.58809312836917,5,0.07530399554659144,0.016284335897530568,0.0072825764070636794,5,0.3060198796598292,0.07589103487943778,0.033939502574646084,5,0.938846598412467,0.007536308014792925,0.003370339404090694,5
ultra,2x chewers + 2x rate,large_long,rotatable_xlink,3.65,pulse_03,5,0.004215686084861151,0.00604628084991472,0.0027039789982929037,5,1589.2,74.08913550582164,33.13366867704209,5,0.0728126176487264,0.015488092378627376,0.006926485480081445,5,0.3072549757572867,0.07664669516070159,0.034277444126006584,5,0.938087598486689,0.008063761020422406,0.0036062235591955137,5
ultra,2x chewers + 2x rate,large_long,rotatable_xlink,3.7,pulse_03,5,0.008881270191681648,0.003297629574731174,0.0014747447787425254,5,1588.0,74.75292636412303,33.430524973443056,5,0.07391617819346041,0.015253264511376334,0.006821467265244519,5,0.3064303925623756,0.07783633424923346,0.03480946690013621,5,0.938676559739055,0.007116964845878439,0.003182803437772101,5
ultra,2x chewers + 2x rate,large_long,rotatable_xlink,3.75,pulse_03,5,0.012377119359937256,0.005508822721108593,0.0024636204160788356,5,1584.8,73.84578525549038,33.02483913662563,5,0.07374398440963548,0.015520926147239872,0.0069411691877964525,5,0.3076222230589917,0.08004275939107587,0.035796210221021064,5,0.9374765990143903,0.0085344490295314,0.0038167216361078638,5
ultra,2x chewers + 2x rate,large_long,rotatable_xlink,3.8,pulse_03,5,0.0070657532309808205,0.004662709577605623,0.0020852271149731007,5,1583.2,72.7681248899544,32.54289476982648,5,0.07535004990404688,0.016707639605659595,0.007471883580364527,5,0.3080043424864537,0.07983463960021979,0.03570313622105761,5,0.9385986881940805,0.008733416141795252,0.003905702433769625,5
ultra,2x chewers + 2x rate,large_long,rotatable_xlink,3.85,pulse_03,5,0.008941334682633983,0.0018472841005742226,0.000826130564527704,5,1580.8,71.17021849060181,31.828289303699624,5,0.07469131180870106,0.016612506429188822,0.0074293387304637006,5,0.30753236063880846,0.07992474914778976,0.035743434435815256,5,0.9375275352759248,0.0064605155271670565,0.0028892303776876854,5
ultra,2x chewers + 2x rate,large_long,rotatable_xlink,3.9,pulse_03,5,0.005394735613233345,0.00425691520289242,0.001903750353623952,5,1578.4,71.46187794901559,31.958723378758418,5,0.07216602190321215,0.013979950004489658,0.006252023706417473,5,0.3058060657657238,0.07726119461391155,0.03455225663590937,5,0.9374400463550036,0.0077378718460910465,0.003460481489808274,5
ultra,2x chewers + 2x rate,large_long,rotatable_xlink,3.95,pulse_03,5,0.006960113759510438,0.005630841633038996,0.002518188932402224,5,1575.2,70.91685272204344,31.714980687366026,5,0.07051139027460003,0.012777527223325116,0.005714283891141819,5,0.3073574554993436,0.07665259195429325,0.03428008125227063,5,0.9354831297534062,0.008066743777711109,0.003607557488807098,5
ultra,2x chewers + 2x rate,large_long,rotatable_xlink,4.0,pulse_03,5,0.008403229719672629,0.00856970581781789,0.003832488951163246,5,1572.4,70.58895097676407,31.568338568888926,5,0.0707279483708119,0.015385841084935518,0.006880757311384986,5,0.31019919941884644,0.08301024200666707,0.03712330879112322,5,0.9359352181667736,0.009374340305490154,0.004192332433458425,5
ultra,2x chewers + 2x rate,large_long,rotatable_xlink,4.05,pulse_04,5,0.013561838644008884,0.005870151951575152,0.0026252117603950183,5,1682.4,83.76634168924892,37.46144684872703,5,0.06562906946935736,0.018654292594457635,0.008342453262675638,5,0.2895434273680646,0.07848692425080107,0.03510041959393359,5,0.9339994000720295,0.013878672636069666,0.006206731090343594,5
ultra,2x chewers + 2x rate,large_long,rotatable_xlink,4.1,pulse_04,5,0.008151159237973285,0.00562437791134408,0.0025152982681827295,5,1680.0,87.10912696153027,38.95638586932827,5,0.0656830988864592,0.017172266855135503,0.0076796712031699035,5,0.28864645014647683,0.07692413202593247,0.034401517664030726,5,0.9352488241736084,0.011239537407968759,0.005026473935973986,5
ultra,2x chewers + 2x rate,large_long,rotatable_xlink,4.15,pulse_04,5,0.008592581097321379,0.005747675201023666,0.002570438492415737,5,1678.8,86.35508091594842,38.61916622611109,5,0.06507216690277295,0.019078057431393763,0.008531966659048297,5,0.28913394406268356,0.07751534795447916,0.034665917465152934,5,0.9355930185904493,0.011881036553335235,0.005313361075283478,5
ultra,2x chewers + 2x rate,large_long,rotatable_xlink,4.2,pulse_04,5,0.014120665873750774,0.012120145586736136,0.005420293885827214,5,1677.2,85.51724972191282,38.24447672540441,5,0.0630013287203917,0.02111691846312357,0.009443773031772938,5,0.2886125240664596,0.0765410878804017,0.0342302151144727,5,0.9345550942982166,0.013904595143059322,0.006218323987898811,5
ultra,2x chewers + 2x rate,large_long,rotatable_xlink,4.25,pulse_04,5,0.010890920245286944,0.0072260482908052676,0.003231587037387349,5,1676.4,86.0279024503097,38.47284756812264,5,0.06457903383586117,0.023072407384769265,0.010318294263382443,5,0.29064449304835654,0.07562521122608648,0.033820622622861916,5,0.934673136921217,0.012863212740710332,0.005752603619453935,5
ultra,2x chewers + 2x rate,large_long,rotatable_xlink,4.3,pulse_04,5,0.006445742903352989,0.005877227086063722,0.0026283758567282977,5,1674.0,87.21238444166057,39.002564018279614,5,0.06344943411009954,0.021701027211251125,0.00970499440518604,5,0.2908075579819622,0.07715941765391506,0.034506740595690276,5,0.9346378124590125,0.011930182797793796,0.00533533994397311,5
ultra,2x chewers + 2x rate,large_long,rotatable_xlink,4.35,pulse_04,5,0.011186125302901972,0.009586096712509925,0.00428703277761189,5,1672.4,87.21697082563692,39.00461511154802,5,0.06226925887644317,0.02174209555520426,0.009723360726946552,5,0.28862491791462025,0.07578866565897674,0.03389372166749517,5,0.934576817158459,0.012012876313657439,0.005372321608527023,5
ultra,2x chewers + 2x rate,large_long,rotatable_xlink,4.4,pulse_04,5,0.013317103154792672,0.013351938884076368,0.005971168595243489,5,1669.6,89.82649943084725,40.17163178164412,5,0.06273685701201345,0.01795221696434245,0.008028475495818926,5,0.290348798904682,0.07539642869628418,0.03371830796512146,5,0.9348003125591248,0.01109161254780556,0.004960319927396573,5
ultra,2x chewers + 2x rate,large_long,rotatable_xlink,4.45,pulse_04,5,0.0067316238417381765,0.006127029362320323,0.002740090830857086,5,1666.0,94.77341399358788,42.383959229878464,5,0.06032794999548734,0.01604813150879407,0.00717694259310396,5,0.29023146791574816,0.07485303726602954,0.033475295929833414,5,0.933402436820861,0.008753608071970098,0.003914732539463202,5
ultra,2x chewers + 2x rate,large_long,rotatable_xlink,4.5,pulse_04,5,0.007382153823765947,0.006386339080710918,0.002856057662366626,5,1663.6,94.2698255010584,42.15874760948195,5,0.06108821324225673,0.014397883767323759,0.006438929367175337,5,0.29050202893997057,0.07439210432949049,0.03326916045399943,5,0.93414871534262,0.007091887477339858,0.003171588497622284,5
ultra,2x chewers + 2x rate,large_long,rotatable_xlink,4.55,pulse_04,5,0.00819089068199929,0.00564894800532616,0.002526286348254227,5,1660.8,94.68474005878666,42.344303040668876,5,0.056991054947496976,0.018325579545004016,0.00819544831794173,5,0.29177580223988697,0.07678406066032856,0.03433887584499241,5,0.9339254702641752,0.010607159996253604,0.0047436661599678945,5
ultra,2x chewers + 2x rate,large_long,rotatable_xlink,4.6,pulse_04,5,0.002639569485220698,0.002086554134357596,0.0009331353766313627,5,1659.6,95.00947321188556,42.48952812164428,5,0.05698908215983576,0.017444028803989396,0.007801206841436929,5,0.291994220578745,0.07615259415489048,0.03405647543865765,5,0.9332308137449644,0.009745989623472194,0.004358539061218281,5
ultra,2x chewers + 2x rate,large_long,rotatable_xlink,4.65,pulse_04,5,0.005425837290718061,0.0027080840380073043,0.0012110919995532911,5,1657.6,95.84779601013267,42.86443747443795,5,0.055829772890929184,0.01917390408289797,0.008574830584684124,5,0.29160920714817096,0.07630002884228639,0.03412241023530939,5,0.932378846827071,0.009956060303740615,0.004452485525450244,5
ultra,2x chewers + 2x rate,large_long,rotatable_xlink,4.7,pulse_04,5,0.005552461802862603,0.005454110219794879,0.0024391522416475336,5,1655.2,94.82193838980513,42.40565999958024,5,0.05519959766364958,0.01923456190521102,0.008601957587495941,5,0.29239150621809673,0.07678287479560242,0.03433834551016445,5,0.9314681888752947,0.01017338784841591,0.00454967735810566,5
ultra,2x chewers + 2x rate,large_long,rotatable_xlink,4.75,pulse_04,5,0.005737023221183124,0.006711954105879339,0.0030016771285210045,5,1652.4,93.37451472430794,41.75835245792152,5,0.05478382136608988,0.021117474322117788,0.009444021619472333,5,0.2910817796404388,0.07386999627867125,0.03303566663535308,5,0.9317429955420355,0.011347884162071047,0.00507492807743682,5
ultra,2x chewers + 2x rate,large_long,rotatable_xlink,4.8,pulse_04,5,0.009256299642595214,0.0107149596382991,0.004791875625480669,5,1650.4,94.24860741676771,42.14925859371669,5,0.05573250666122496,0.022639187785602016,0.010124552568797808,5,0.2932478348893549,0.0694478599338192,0.031058027140780757,5,0.9326426258136922,0.011576722291884743,0.005177267600258289,5
ultra,2x chewers + 2x rate,large_long,rotatable_xlink,4.85,pulse_04,5,0.015462575523563218,0.020710018671576198,0.009261801912986853,5,1648.4,94.55580362939125,42.28664091648803,5,0.0572324271045941,0.023379062465354296,0.010455434584549205,5,0.297190929436089,0.06904820934669985,0.03087929796477144,5,0.9319682707200059,0.009797855487104509,0.004381734180576999,5
ultra,2x chewers + 2x rate,large_long,rotatable_xlink,4.9,pulse_04,5,0.02313724097437088,0.03164447324422,0.014151838657249843,5,1647.6,94.40762681054957,42.2203742285641,5,0.058918161671511704,0.02419184199764537,0.01081892064153387,5,0.3010640282439244,0.06690172678662167,0.02991936178140092,5,0.9331630621160494,0.010531231359650842,0.004709709841391364,5
ultra,2x chewers + 2x rate,large_long,rotatable_xlink,4.95,pulse_04,5,0.023207808096412697,0.03570433541839808,0.015967464217398298,5,1645.2,93.54784871925169,41.83586977702268,5,0.059454443737058285,0.022127552110330902,0.009895742138873764,5,0.3032446638135743,0.06627124256083862,0.029637400663882478,5,0.9354120755363606,0.00957814582263569,0.004283477031563809,5
ultra,2x chewers + 2x rate,large_long,rotatable_xlink,5.0,pulse_04,5,0.018799926659787376,0.03337304042978723,0.014924877403370609,5,1642.4,93.05267325552771,41.61442057748732,5,0.05907326582844308,0.020991799702847126,0.009387818221125211,5,0.30781710164806875,0.06525571209305972,0.029183241632047323,5,0.9344595077143321,0.009154928254173444,0.004094208381093058,5
ultra,2x chewers + 2x rate,large_long,rotatable_xlink,5.05,pulse_05,5,0.017087951849519813,0.029867040625210978,0.013356946624943912,5,1757.2,89.89549488155677,40.20248748522907,5,0.0553808002994865,0.019363608212723427,0.008659668850664557,5,0.29006013489854693,0.05788521548405346,0.025887055342913384,5,0.934163091066613,0.009064965755976564,0.004053975928814273,5
ultra,2x chewers + 2x rate,large_long,rotatable_xlink,5.1,pulse_05,5,0.01742740386699889,0.025331059306068826,0.011328394110089708,5,1755.2,89.96221429022297,40.23232531186831,5,0.05414748377941407,0.019267648484640312,0.008616754355645309,5,0.29199290701701536,0.05916432106716846,0.026459088749762313,5,0.9341307730641002,0.008974384206985115,0.0040134666286038515,5
ultra,2x chewers + 2x rate,large_long,rotatable_xlink,5.15,pulse_05,5,0.016322450998211863,0.012796377432313705,0.005722713960879531,5,1752.4,89.73739465796854,40.131782915788826,5,0.05306847229060383,0.020981689672104523,0.009383296877926196,5,0.29347260321545043,0.05900838285687836,0.02638935106206265,5,0.9333623313470035,0.00818163163582884,0.0036589369009152176,5
ultra,2x chewers + 2x rate,large_long,rotatable_xlink,5.2,pulse_05,5,0.015541891646332231,0.013499164696011675,0.006037009979949478,5,1746.0,87.96590248499699,39.33954753171419,5,0.05163976411732182,0.020726515110662255,0.009269179344823474,5,0.29225416707426854,0.05880976594102636,0.026300526876997365,5,0.9324466994449002,0.009415315706570608,0.004210657189902669,5
ultra,2x chewers + 2x rate,large_long,rotatable_xlink,5.25,pulse_05,5,0.012372698037503257,0.012998934388037193,0.005813300185342158,5,1743.6,87.19403649332907,38.99435856633623,5,0.05341940397382157,0.020588272466246893,0.00920735535476306,5,0.2941507422561266,0.06403429786409151,0.02863700858311564,5,0.9327007270387678,0.009801463080057884,0.004383347545192778,5
ultra,2x chewers + 2x rate,large_long,rotatable_xlink,5.3,pulse_05,5,0.008198031187663535,0.005893294056641503,0.0026355612244091794,5,1740.8,88.07496806698258,39.38832314277926,5,0.05402559404155516,0.02068213560604178,0.009249332226995645,5,0.2980722914533065,0.0673654845836532,0.03012676057325253,5,0.9315929584527739,0.008086485254653372,0.0036163861456909273,5
ultra,2x chewers + 2x rate,large_long,rotatable_xlink,5.35,pulse_05,5,0.005939231614677783,0.004271752401990109,0.0019103857507795782,5,1738.0,89.85543945694106,40.1845741547674,5,0.05306590662169876,0.017322101628043853,0.007746679350693166,5,0.2988147384784405,0.0688628612026796,0.030796407754864905,5,0.9317766763564694,0.006261463353246341,0.0028002115392965193,5
ultra,2x chewers + 2x rate,large_long,rotatable_xlink,5.4,pulse_05,5,0.00736970374307188,0.008597848266691195,0.0038450746369100503,5,1735.2,89.59464269698273,40.0679422980517,5,0.05223067372829158,0.01657210504029044,0.007411270680071263,5,0.2998075269330521,0.07097020526770122,0.03173884067113871,5,0.9311481056481419,0.006661824337462308,0.0029792584145456437,5
ultra,2x chewers + 2x rate,large_long,rotatable_xlink,5.45,pulse_05,5,0.013498627611965103,0.002652302884665439,0.001186145909406141,5,1734.0,89.65489389877163,40.094887454636904,5,0.05204672043339624,0.017863043886392933,0.007988596083007326,5,0.2989768558243227,0.0726155880633248,0.03247467822714331,5,0.9318084258345163,0.006347410625295898,0.0028386483278532147,5
ultra,2x chewers + 2x rate,large_long,rotatable_xlink,5.5,pulse_05,5,0.008414023942949485,0.004858250719791941,0.0021726757722384123,5,1729.6,88.8526870724797,39.73612965551627,5,0.050060843506795606,0.0241600252761018,0.010804691771095349,5,0.2979781559092888,0.07393526651251722,0.03306485637131046,5,0.9290005588038974,0.010431658994744873,0.004665179726069332,5
ultra,2x chewers + 2x rate,large_long,rotatable_xlink,5.55,pulse_05,5,0.009239222662335322,0.006921241381318894,0.003095273243462718,5,1727.6,89.57008429157584,40.05695944526993,5,0.048530648664847645,0.025390585464626535,0.011355015017484602,5,0.3015659110329872,0.07503046237552632,0.03355464285098344,5,0.9289080679145976,0.011554422321414601,0.005167294750284795,5
ultra,2x chewers + 2x rate,large_long,rotatable_xlink,5.6,pulse_05,5,0.012991587811518827,0.006715215923571401,0.003003135857738937,5,1725.6,90.54722524738128,40.49395016542595,5,0.04967695191447684,0.02568039486960538,0.011484621723494895,5,0.30310874562819035,0.07585602657893672,0.03392384638670667,5,0.9286682862030181,0.011135712002114653,0.004980041802917729,5
ultra,2x chewers + 2x rate,large_long,rotatable_xlink,5.65,pulse_05,5,0.011322281474827042,0.005122816455286533,0.00229099316605504,5,1723.2,89.6504322354332,40.09289213813341,5,0.053370147068065955,0.028066243094482135,0.01255160548645922,5,0.3049896621345368,0.08015196711558135,0.035845049400153525,5,0.9296077965851595,0.010866656985467706,0.004859716741535747,5
ultra,2x chewers + 2x rate,large_long,rotatable_xlink,5.7,pulse_05,5,0.0057564220973368215,0.0036497439644147182,0.0016322151209801766,5,1720.0,89.8443097808648,40.17959681231259,5,0.05307270429373021,0.02933157435413672,0.013117478828587837,5,0.306213245004836,0.08052382161274486,0.03601134778683285,5,0.9280760278484838,0.012025443181062056,0.005377941682483214,5
ultra,2x chewers + 2x rate,large_long,rotatable_xlink,5.75,pulse_05,5,0.003576379020685838,0.0019715872157017784,0.0008817206075757434,5,1717.6,90.53618061305657,40.489010854798615,5,0.054764183429527935,0.027807869678750458,0.012436057382228251,5,0.3073137116705986,0.08117366260263735,0.03630196551242592,5,0.928175196160652,0.01087403215275676,0.004863015016616499,5
ultra,2x chewers + 2x rate,large_long,rotatable_xlink,5.8,pulse_05,5,0.005175067521273213,0.004977908868550146,0.0022261885231754383,5,1714.4,92.26483620534965,41.26208913760911,5,0.05287101435596332,0.02973887410187882,0.013299628813221808,5,0.30717396526293833,0.08048476937429647,0.035993883094864024,5,0.9287676006500547,0.011745001548815493,0.005252524371798351,5
ultra,2x chewers + 2x rate,large_long,rotatable_xlink,5.85,pulse_05,5,0.008318286573814164,0.004562965942865047,0.002040620405452533,5,1710.0,92.99462350050136,41.5884599378241,5,0.05062019844280965,0.030471979115210893,0.013627483342113089,5,0.30518637436128176,0.08037422466512598,0.035944445998012386,5,0.9277562576727993,0.013409075650028779,0.005996720933780305,5
ultra,2x chewers + 2x rate,large_long,rotatable_xlink,5.9,pulse_05,5,0.006917564663245987,0.005701257850763757,0.0025496800223124222,5,1707.2,92.76421723919196,41.48541912527822,5,0.04949041810599727,0.028257320299858002,0.012637057810493447,5,0.30463924439715523,0.08153600032624757,0.03646400786858692,5,0.9279579205881203,0.012991689926921096,0.005810060363838969,5
ultra,2x chewers + 2x rate,large_long,rotatable_xlink,5.95,pulse_05,5,0.006204538194810031,0.003733280212379705,0.0016695736667871742,5,1704.4,93.80191895691688,41.94949344151846,5,0.04871762987293139,0.029071578267833173,0.013001205044016112,5,0.30382926360511925,0.08210472488720237,0.03671834922434065,5,0.9283629078417149,0.012449551635947614,0.005567608749474515,5
ultra,2x chewers + 2x rate,large_long,rotatable_xlink,6.0,pulse_05,5,0.007388804608540944,0.0047412861585156415,0.0021203676302439635,5,1702.4,93.87651463491815,41.98285364288617,5,0.04959175527923,0.030768655469862412,0.013760161041376616,5,0.3034646358873941,0.08269896266933782,0.03698410043947137,5,0.9272207962678289,0.01190576501684121,0.005324419980359174,5
ultra,2x chewers + 2x rate,large_long,rotatable_xlink,6.05,pulse_06,5,0.00474458636834827,0.0041122668547391,0.001839061645763176,5,1822.4,109.81256758677488,49.10967318156373,5,0.046781127027127375,0.02983171887912462,0.013341150259877296,5,0.2854480288493829,0.08007366658426164,0.035810032338012485,5,0.9260996710285578,0.013328734039608364,0.005960791073315935,5
ultra,2x chewers + 2x rate,large_long,rotatable_xlink,6.1,pulse_06,5,0.0023378244215349394,0.0017024662271569102,0.0007613660426640899,5,1820.4,111.55626383130623,49.889477848540366,5,0.04548956703922652,0.03023614107099302,0.013522013362402737,5,0.2834442610394869,0.07886952207717622,0.03527152254349729,5,0.92672284840012,0.012883064226945597,0.005761481473989226,5
ultra,2x chewers + 2x rate,large_long,rotatable_xlink,6.15,pulse_06,5,0.0041877576972343625,0.0033391882516150637,0.0014933303840559907,5,1818.0,113.03096920755833,50.54898614215719,5,0.04656633027925723,0.02838685207733122,0.012694986182428744,5,0.2842046367108965,0.07942071715510939,0.03551802447612166,5,0.926124271970504,0.012988626687941814,0.005808690441721168,5
ultra,2x chewers + 2x rate,large_long,rotatable_xlink,6.2,pulse_06,5,0.009868799682091083,0.0053850589802402265,0.0024082715885325686,5,1815.2,113.88239547884474,50.92975554624231,5,0.04490669377670178,0.029257303323958313,0.013084263814140268,5,0.2847629808584891,0.07869558095011493,0.035193733706658896,5,0.9260008110020299,0.0134566546715673,0.006017998919072918,5
ultra,2x chewers + 2x rate,large_long,rotatable_xlink,6.25,pulse_06,5,0.01114347336202724,0.009836799187640473,0.004399150332915761,5,1813.6,114.5198672720153,51.21484159889592,5,0.04520062210014177,0.029172540278666812,0.01304635662788993,5,0.28361090010953305,0.07864062944739476,0.035169158647549284,5,0.9251461572466984,0.013167346407713906,0.005888616330187191,5
ultra,2x chewers + 2x rate,large_long,rotatable_xlink,6.3,pulse_06,5,0.009713716118885725,0.006710503519704661,0.003001028406662244,5,1811.6,114.66821704378246,51.28118563371951,5,0.046347983582901486,0.028262962657779396,0.012639581149666571,5,0.2852886078066351,0.07871190918149758,0.03520103591372368,5,0.9259992031767755,0.01249156290322488,0.005586396759365091,5
ultra,2x chewers + 2x rate,large_long,rotatable_xlink,6.35,pulse_06,5,0.0037399812868573073,0.004016428021516972,0.0017962012165693875,5,1809.6,113.95964197907959,50.964301231352124,5,0.04613872647575167,0.03157419313448441,0.01412040843668286,5,0.28583850749074147,0.08199141262554323,0.03666767444038983,5,0.9262024671910345,0.011876565356502288,0.005311361495271628,5
ultra,2x chewers + 2x rate,large_long,rotatable_xlink,6.4,pulse_06,5,0.0027907022577529383,0.002050411027604573,0.0009169716879078045,5,1808.4,113.4583624066556,50.740122191417704,5,0.0475637113033237,0.03304735952129772,0.01477922847329932,5,0.2860021503031386,0.08128143642096143,0.036350163429219394,5,0.9254693730078151,0.012726768209462896,0.005691583770048463,5
ultra,2x chewers + 2x rate,large_long,rotatable_xlink,6.45,pulse_06,5,0.00699739754070623,0.004312308058407786,0.0019285227917039886,5,1805.2,113.6010563331169,50.80393685532648,5,0.046713517281577646,0.032016618051743384,0.014318266874669016,5,0.2842234581439896,0.08007968699493898,0.03581272474751788,5,0.9249847708686284,0.013090304643268167,0.005854162205705751,5
ultra,2x chewers + 2x rate,large_long,rotatable_xlink,6.5,pulse_06,5,0.006437529094527416,0.007293540472157052,0.003261770458477816,5,1804.0,114.29785649783639,51.11555536233564,5,0.04692946463631936,0.031373021256873836,0.014030441637983157,5,0.2837963408001288,0.08179832340384985,0.036581322315304046,5,0.9250925765211809,0.012928901258612471,0.0057819804177280144,5
ultra,2x chewers + 2x rate,large_long,rotatable_xlink,6.55,pulse_06,5,0.010098000672713039,0.00928178303272203,0.004150939562714123,5,1802.4,113.92453642653105,50.94860155097488,5,0.04785090200700583,0.034928755895374086,0.015620614510310597,5,0.2865454763837806,0.08317504158858904,0.037197009404691436,5,0.92624451617658,0.015218780582461332,0.006806045583407476,5
ultra,2x chewers + 2x rate,large_long,rotatable_xlink,6.6,pulse_06,5,0.009792796789949302,0.011800378035736393,0.005277289489620403,5,1800.8,114.58272121048618,51.24295073471082,5,0.0475871201687431,0.03313095302021583,0.014816612622510909,5,0.2863002378789602,0.08329977514289012,0.03725279194598991,5,0.9260467891029991,0.01214824972974362,0.005432862440670036,5
ultra,2x chewers + 2x rate,large_long,rotatable_xlink,6.65,pulse_06,5,0.015855944690860362,0.020902858561854098,0.00934804253367385,5,1797.6,117.70641443863627,52.63990881451069,5,0.0462211779921947,0.034719740615573695,0.015527140035516635,5,0.2866902393691251,0.0812968763359078,0.03635706836909677,5,0.9251511084699878,0.012626257661571784,0.005646634086540408,5
ultra,2x chewers + 2x rate,large_long,rotatable_xlink,6.7,pulse_06,5,0.020053063921069602,0.02042464054382977,0.009134176934400327,5,1796.0,116.34431657799189,52.030760132829116,5,0.044707483174896846,0.03642917629161332,0.016291622910474216,5,0.2857618717638296,0.08290525888897743,0.03707635891359444,5,0.9255134018861332,0.014821519894374621,0.006628385202737431,5
ultra,2x chewers + 2x rate,large_long,rotatable_xlink,6.75,pulse_06,5,0.018246256378374234,0.018097054897592963,0.008093248988712672,5,1792.8,118.9756277562762,53.20751826574887,5,0.04521943709539692,0.035625906473261026,0.01593238972685229,5,0.2870799368678889,0.08271898267327588,0.036993053657414426,5,0.925449500962171,0.014761421169315,0.006601508235818554,5
ultra,2x chewers + 2x rate,large_long,rotatable_xlink,6.8,pulse_06,5,0.011651606762982884,0.011625419208183522,0.005199045523286027,5,1791.6,120.21979870221044,53.76392842789671,5,0.046534504664530754,0.035167761849404934,0.01572750122235863,5,0.28943300272623446,0.08272221442418469,0.03699449894035812,5,0.9251492405138475,0.015755577648195126,0.007046108529228113,5
ultra,2x chewers + 2x rate,large_long,rotatable_xlink,6.85,pulse_06,5,0.004541261157075886,0.0029005925375945618,0.001297184417818011,5,1788.8,120.20482519433236,53.7572320716013,5,0.04597517938142893,0.03681692472793917,0.016465029282832985,5,0.28997595362118855,0.0838950850096286,0.03751902261193063,5,0.9257374890633269,0.014760608791856963,0.006601144929574643,5
ultra,2x chewers + 2x rate,large_long,rotatable_xlink,6.9,pulse_06,5,0.002347076311066661,0.0028165747422807612,0.0012596105174897466,5,1786.0,122.36829654775782,54.724765874327865,5,0.04585669251260658,0.03636817194506959,0.01626434093731527,5,0.2885890870398446,0.08473344568506218,0.03789394890391705,5,0.9249475361704528,0.014437777587417459,0.00645677042589767,5
ultra,2x chewers + 2x rate,large_long,rotatable_xlink,6.95,pulse_06,5,0.005003965229664183,0.003100381961947463,0.0013865329646257384,5,1782.8,123.85152401161643,55.388085361384356,5,0.04569958717667197,0.036402340790806696,0.016279621709671444,5,0.28939915784682413,0.08528573357496017,0.03814093955690941,5,0.9253854779221496,0.014923457843763456,0.006673973239601504,5
ultra,2x chewers + 2x rate,large_long,rotatable_xlink,7.0,pulse_06,5,0.00488558219079079,0.002887289799389805,0.001291235252435467,5,1780.8,124.11768608864735,55.50711666083909,5,0.04687985229925412,0.036143976273174276,0.016164077584791436,5,0.2918476894128408,0.08797072424762367,0.03934170388951511,5,0.9256058788058669,0.01632173664074171,0.007299302527909505,5
ultra,2x chewers + 2x rate,large_long,rotatable_xlink,7.05,pulse_07,5,0.006602866576025957,0.005793592936405997,0.002590973527953285,5,1899.6,124.05966306580073,55.48116797617008,5,0.04253126322021384,0.03277070221571497,0.01465550356494833,5,0.27174673196611776,0.08254978112091751,0.03691738442282007,5,0.9247652216608353,0.014759303776431858,0.006600561308934198,5
ultra,2x chewers + 2x rate,large_long,rotatable_xlink,7.1,pulse_07,5,0.006614786028161094,0.005365457762612499,0.0023995056575210954,5,1895.6,124.14024327348484,55.517204540574625,5,0.042606591538018795,0.032436844335043936,0.014506197781747441,5,0.273265184448016,0.08428368589821328,0.03769281021252906,5,0.9244911513237415,0.01594743595324975,0.007131910171658119,5
ultra,2x chewers + 2x rate,large_long,rotatable_xlink,7.15,pulse_07,5,0.01024032171490541,0.007749129175148261,0.0034655159204116767,5,1892.8,126.13167722661902,56.40780087895645,5,0.04131185022692543,0.03305973732930131,0.014784763997321013,5,0.2755001694695014,0.08417947077588642,0.0376462037929678,5,0.923807693909929,0.015148070446764866,0.00677442304938437,5
ultra,2x chewers + 2x rate,large_long,rotatable_xlink,7.2,pulse_07,5,0.007072716429319334,0.005882161530105549,0.0026305826071900368,5,1892.0,126.51482126612676,56.57914810245909,5,0.042641908811290076,0.03403673170584678,0.015221689165239154,5,0.27656652742011417,0.08393603667948722,0.03753733675544983,5,0.9241451323370284,0.015670952038081387,0.007008262805857771,5
ultra,2x chewers + 2x rate,large_long,rotatable_xlink,7.25,pulse_07,5,0.004764574847114434,0.00399991640050308,0.0017888169951682323,5,1890.8,127.23678713328154,56.90202105373762,5,0.04165397551506251,0.03160777101307345,0.014135424920495927,5,0.27655994902246,0.08445665775677537,0.03777016557931692,5,0.9239193122916323,0.016033076912010686,0.007170209972747661,5
ultra,2x chewers + 2x rate,large_long,rotatable_xlink,7.3,pulse_07,5,0.005094665653133908,0.006104166078974657,0.0027298660597071364,5,1889.2,127.80140844294323,57.15452737972732,5,0.04131588481526109,0.03178526691084508,0.014214803499124868,5,0.2766862592846497,0.08266531269743875,0.03696905171454991,5,0.9239456740968949,0.014027489291597845,0.00627328392193263,5
ultra,2x chewers + 2x rate,large_long,rotatable_xlink,7.35,pulse_07,5,0.009105921164249272,0.009761000947606511,0.0043652523294576044,5,1888.4,127.06218949789901,56.82393861745241,5,0.04330342492655794,0.033583549690927285,0.015019020006931092,5,0.2787249499006923,0.0846311550604917,0.03784820314591695,5,0.9246289460280941,0.01568285794175014,0.0070135872878451504,5
ultra,2x chewers + 2x rate,large_long,rotatable_xlink,7.4,pulse_07,5,0.007909215649097811,0.0061753140683262295,0.002761684407837646,5,1885.2,127.66048723077944,57.09150549775334,5,0.04490203318982767,0.035343905976253476,0.015806275270652766,5,0.28035297451602453,0.08801649219638977,0.03936217193844146,5,0.9238644776180263,0.015266427208185333,0.006827353802210947,5
ultra,2x chewers + 2x rate,large_long,rotatable_xlink,7.45,pulse_07,5,0.0019141486222023832,0.0020561000331657205,0.0009195158885396246,5,1882.8,126.27430459123502,56.47158577550306,5,0.04144155165071997,0.03241850971688371,0.014497998291237886,5,0.28306366815846024,0.08852588728472917,0.039589980347427736,5,0.922429889787405,0.014700574640262021,0.006574296840787079,5
ultra,2x chewers + 2x rate,large_long,rotatable_xlink,7.5,pulse_07,5,0.0031110112147449374,0.002261386017442092,0.0010113225716736085,5,1880.4,129.22383681039656,57.79065668427726,5,0.039737633471868,0.030142495191728375,0.01348013365203304,5,0.2818688129139789,0.08908752683350259,0.03984115318940967,5,0.9225830054587278,0.014364861940426956,0.006424161557238841,5
ultra,2x chewers + 2x rate,large_long,rotatable_xlink,7.55,pulse_07,5,0.003160836970537728,0.002316825875443783,0.0010361160299045518,5,1880.0,128.7555824032496,57.58124694724837,5,0.04205240297130373,0.030173666586953623,0.013494073923768474,5,0.28377696665810925,0.09231481286914321,0.04128443938111532,5,0.9230251971604968,0.014076722298806691,0.006295301592103774,5
ultra,2x chewers + 2x rate,large_long,rotatable_xlink,7.6,pulse_07,5,0.0020208388267381285,0.0026930646219349343,0.0012043751124892568,5,1876.0,128.17956155331473,57.32364259186605,5,0.04045115583256554,0.030321028786190307,0.013559976302729893,5,0.28461943058278605,0.09134605546263656,0.04085119789818427,5,0.9225965215989496,0.013038234400603812,0.005830875685265269,5
ultra,2x chewers + 2x rate,large_long,rotatable_xlink,7.65,pulse_07,5,0.005469418449244208,0.0039178319468748035,0.0017521077115264809,5,1874.8,128.3635462271123,57.40592303935195,5,0.03806204699531074,0.03066222013314137,0.01371256171175335,5,0.28368590044263425,0.08945163732052497,0.04000398834947019,5,0.9232908221763912,0.013668847960448684,0.0061128946427345225,5
ultra,2x chewers + 2x rate,large_long,rotatable_xlink,7.7,pulse_07,5,0.004389411701595207,0.002582686902150849,0.0011550126955615291,5,1871.6,128.8751333655954,57.63471176296451,5,0.03538784455929956,0.030994657872131667,0.013861232388287077,5,0.2834957134899436,0.08768382027308329,0.03921339653149768,5,0.9235425723086663,0.013253030303681685,0.005926935333379385,5
ultra,2x chewers + 2x rate,large_long,rotatable_xlink,7.75,pulse_07,5,0.003772852328812555,0.002228255251312713,0.0009965060426312207,5,1870.4,127.68241852345999,57.10131347000697,5,0.03879801388114075,0.0317577402013955,0.014202493180419638,5,0.28282983716774646,0.08819883202686128,0.03944371678962948,5,0.922899107414285,0.01358670155522657,0.006076157653497744,5
ultra,2x chewers + 2x rate,large_long,rotatable_xlink,7.8,pulse_07,5,0.0022468294618343287,0.0018365548431662337,0.0008213322947452327,5,1867.2,128.23104148372187,57.346665116639514,5,0.037074384278198896,0.029964331743974743,0.01340045653597647,5,0.28039230353962524,0.08703050504344197,0.038921225078654906,5,0.9234338287257297,0.013547049355987566,0.006058424650906589,5
ultra,2x chewers + 2x rate,large_long,rotatable_xlink,7.85,pulse_07,5,0.0036184826697831666,0.002226513605710085,0.0009957271550391827,5,1866.4,128.73538752029296,57.57221552103063,5,0.037599913306734886,0.030686950660217573,0.013723621539685708,5,0.281564903157295,0.08592336074195335,0.03842609509484889,5,0.9236778150329534,0.013763584434582435,0.006155262081956866,5
ultra,2x chewers + 2x rate,large_long,rotatable_xlink,7.9,pulse_07,5,0.003351828408641048,0.0032140733240785205,0.0014373772874616566,5,1864.8,131.26004723448793,58.701277669229654,5,0.035418064425745896,0.028971207361043663,0.012956317809907183,5,0.28315644005212015,0.08443197346557661,0.03775912642869756,5,0.9227682622721574,0.013243715607348648,0.005922769674541298,5
ultra,2x chewers + 2x rate,large_long,rotatable_xlink,7.95,pulse_07,5,0.0030645771804033535,0.0008469058138519024,0.00037874779406252734,5,1863.6,130.96106291566207,58.56756781700943,5,0.03592358365622703,0.030534345627503994,0.01365537449431448,5,0.2814771518577664,0.08208785759989881,0.036710805944139294,5,0.9230889694937112,0.013166819116523341,0.005888380518397983,5
ultra,2x chewers + 2x rate,large_long,rotatable_xlink,8.0,pulse_07,5,0.0045864348972942896,0.0032279677352621645,0.001443591057044449,5,1862.8,131.97423991067348,59.02067434382633,5,0.036022834572076425,0.028508054154824606,0.012749189399286626,5,0.2813844931476307,0.08238121815814177,0.036842000774169,5,0.9220813656849322,0.012724004145439085,0.005690347643038183,5
