scenario,condition,time_min,phase_name,n_replicates,vz_abs_mean,vz_abs_sd,vz_abs_sem,vz_abs_n,speckle_length_proxy_um_mean,speckle_length_proxy_um_sd,speckle_length_proxy_um_sem,speckle_length_proxy_um_n,chewer_band_mass_fraction_mean,chewer_band_mass_fraction_sd,chewer_band_mass_fraction_sem,chewer_band_mass_fraction_n,bottom_half_mass_fraction_mean,bottom_half_mass_fraction_sd,bottom_half_mass_fraction_sem,bottom_half_mass_fraction_n,axial_spread_entropy_mean,axial_spread_entropy_sd,axial_spread_entropy_sem,axial_spread_entropy_n
large_long,nomotor_xlink,0.0,initial,5,0.0681541979357552,0.04143734467131781,0.018531343898431057,5,460.8,33.30465432938765,14.894294209528692,5,0.24681877770326813,0.03798585177711858,0.016987789351373666,5,0.4694922654733701,0.06970790395771562,0.031174322363695748,5,0.9256207167254221,0.008508886551613975,0.003805289748448524,5
large_long,nomotor_xlink,0.05,initial,5,0.07887786877423777,0.045251868734991,0.020237250920067458,5,516.8,41.19708727568006,18.423897524682445,5,0.2398982228280532,0.03785241945493727,0.01692811660281505,5,0.4610552826772875,0.0684926334575134,0.03063083687379528,5,0.9331824924807501,0.008742906753917869,0.003909946764540476,5
large_long,nomotor_xlink,0.1,initial,5,0.08806826232589073,0.036289263130681,0.016229051842715912,5,560.0,42.5205832509386,19.01578291840754,5,0.23077522782707516,0.03434338149812414,0.015358827121402827,5,0.4498124745233751,0.06859277481720315,0.030675621451320387,5,0.9377603534698722,0.008345655539353979,0.003732290620558633,5
large_long,nomotor_xlink,0.15000000000000002,initial,5,0.09010960076766947,0.021216168143975943,0.00948815883839915,5,614.8,33.30465432938766,14.894294209528695,5,0.20768487876182679,0.029874373110357486,0.013360225811990232,5,0.435949889162473,0.07155081772219588,0.03199849845450533,5,0.9419086924579181,0.008925285190670216,0.003991508880982155,5
large_long,nomotor_xlink,0.2,initial,5,0.08280419083395088,0.03611019243745151,0.01614896899414808,5,663.2,31.799371062962862,14.22111106770494,5,0.1993780290063384,0.029668136791424892,0.01326799412627771,5,0.42256097166875595,0.07022892985912323,0.03140733223041285,5,0.9442210366988093,0.008042294063259516,0.003596623244098254,5
large_long,nomotor_xlink,0.25,initial,5,0.08687346603761718,0.04247290446588583,0.018994460317515022,5,708.0,22.759613353482084,10.178408519999577,5,0.18896591426598877,0.028888296282260837,0.012919238848257936,5,0.4125548602807136,0.06837551249941383,0.030578458789015172,5,0.9457340243842246,0.0054303507456824945,0.002428526681802546,5
large_long,nomotor_xlink,0.30000000000000004,initial,5,0.07017117467287455,0.03612152109622136,0.016154035324368737,5,762.0,28.809720581775867,12.884098726725124,5,0.17651447800026004,0.022708542605274974,0.010155568987069003,5,0.4020599630775263,0.06485767771818991,0.029005235248129216,5,0.9504517193018993,0.0045697338437853015,0.0020436471027570676,5
large_long,nomotor_xlink,0.35000000000000003,initial,5,0.05244008106916005,0.014710189934333005,0.006578596931020353,5,794.4,30.737599125501003,13.746272221951665,5,0.17148677240946353,0.023597739106911295,0.010553229751671766,5,0.3966470649305324,0.06378715345602196,0.028526482243775145,5,0.9486763415328957,0.004537504126674534,0.002029233535086015,5
large_long,nomotor_xlink,0.4,initial,5,0.047142735664482974,0.0085960283315388,0.003844260737166971,5,832.8,32.112302938282085,14.361058456812994,5,0.16206672209131073,0.020690743612752117,0.009253181844626663,5,0.38968944970442554,0.06318270328119721,0.028256163907791194,5,0.9526850263308141,0.004927723745008915,0.0022037450536359546,5
large_long,nomotor_xlink,0.45,initial,5,0.0376325120785065,0.019972778379520655,0.008932098031229255,5,872.0,34.95711658589707,15.633297796690242,5,0.15518904739799913,0.02066182774895089,0.00924025027720913,5,0.38867685712509437,0.0610566644559895,0.027305370440597547,5,0.9546495481535185,0.004166341144320858,0.00186324440323114,5
large_long,nomotor_xlink,0.5,initial,5,0.05711958825784121,0.01587540296042821,0.007099696037943776,5,909.6,34.99714274051526,15.65119803721108,5,0.1497163736241419,0.01918008727153328,0.008577595790705377,5,0.38302851878353195,0.05793067025338023,0.02590738333373663,5,0.9531556137691659,0.0031849474559497186,0.0014243518032537176,5
large_long,nomotor_xlink,0.55,initial,5,0.05521131607276818,0.01568163606550525,0.007013040848176416,5,947.6,36.31528603770043,16.240689640529432,5,0.1432296252468094,0.02344464407310731,0.010484763571151098,5,0.37348438157386626,0.05601956363166451,0.025052710470055365,5,0.9518969123169837,0.003707867617411386,0.0016582088088204082,5
large_long,nomotor_xlink,0.6000000000000001,initial,5,0.03517760440134102,0.02100843846922348,0.009395259303661065,5,982.4,34.275355578024275,15.328405005087774,5,0.13729132029561447,0.022218004198888818,0.009936193542618231,5,0.367561560360675,0.04896674717249155,0.02189859506294734,5,0.9514809437867996,0.0033031271923478853,0.0014772033880835788,5
large_long,nomotor_xlink,0.65,initial,5,0.032165774363334336,0.011101368184222216,0.004964682780634856,5,1005.2,40.904767448306075,18.2931681236466,5,0.1350092383932881,0.01983529004725734,0.008870611379818484,5,0.3656935512476963,0.04648111238634529,0.020786985393135105,5,0.9517256481337878,0.00407674532564366,0.001823175935018748,5
large_long,nomotor_xlink,0.7000000000000001,initial,5,0.03452832245936321,0.013145009493200818,0.005878626958335418,5,1032.4,41.24075654010241,18.443427013437603,5,0.13063605242383428,0.017675153947705607,0.0079045691479687,5,0.35994762551342857,0.0458493707719848,0.020504461954350003,5,0.9520066433126988,0.0033705699983009674,0.0015073647278244628,5
large_long,nomotor_xlink,0.75,initial,5,0.0334739560789799,0.00840027406089609,0.0037567167659583725,5,1061.6,33.38862081608043,14.93184516394407,5,0.1276675845739809,0.01994293042083762,0.008918749618308281,5,0.3555181901813341,0.04543107610600826,0.02031739489280018,5,0.9517094195544826,0.0029291465709617268,0.0013099541697461665,5
large_long,nomotor_xlink,0.8,initial,5,0.028769608453168987,0.006906268354996408,0.0030885771025255236,5,1090.0,37.44329045369811,16.745148551147583,5,0.12499934751775994,0.019801113144445177,0.008855327004228804,5,0.35356879031496347,0.043757918212287326,0.019569135935310105,5,0.9504943430128285,0.0034775144580440663,0.0015551917441849745,5
large_long,nomotor_xlink,0.8500000000000001,initial,5,0.022165506209676968,0.008779722726032885,0.003926411367801859,5,1109.6,37.825917041097625,16.916264363032397,5,0.12390435754684512,0.01633220668690126,0.007303984874897568,5,0.35142513882031695,0.044975250752138235,0.020113543597375928,5,0.9498068914952288,0.003846212223454643,0.0017200783975070385,5
large_long,nomotor_xlink,0.9,initial,5,0.031941657389844405,0.014408500820422556,0.006443677457665264,5,1128.0,34.66987164671943,15.504837954651443,5,0.12142079829646044,0.01657795381719586,0.007413886332620412,5,0.34787128160574626,0.04284179856998081,0.019159434776166075,5,0.9502212893895946,0.004542056951373228,0.0020312696201891987,5
large_long,nomotor_xlink,0.9500000000000001,initial,5,0.03339502394931192,0.01194471740765988,0.005341840019110511,5,1148.8,35.40056496724311,15.831613941730643,5,0.1189792999839006,0.0173465236054344,0.0077576011910112114,5,0.3430157286188124,0.04336287475822455,0.01939246713183997,5,0.9496103090211496,0.005213684763528302,0.00233163070890084,5
large_long,nomotor_xlink,1.0,initial,5,0.02508972394925347,0.017896496471029644,0.008003556533661475,5,1166.8,38.3301447949261,17.141761869772896,5,0.1175212591205325,0.014450191171139467,0.006462321949307029,5,0.33958066831918604,0.04334836956403465,0.01938598021179288,5,0.9498052629158591,0.004510726141490772,0.00201725805605174,5
large_long,nomotor_xlink,1.05,pulse_01,5,0.018371273676376542,0.012844348687785313,0.005744167358519636,5,1304.0,35.185224171518364,15.735310610216755,5,0.10386752529803314,0.013404043324390106,0.005994470409337708,5,0.3027790697908891,0.03982246265034167,0.017809146703522082,5,0.9456579314678984,0.005854116328866048,0.002618040411907199,5
large_long,nomotor_xlink,1.1,pulse_01,5,0.015850887806277955,0.01066255482322788,0.004768439479711158,5,1316.4,33.952908564657605,15.184202316881843,5,0.10353549405625398,0.013209380216919128,0.005907414421134417,5,0.30247883634334904,0.039634005794940974,0.017724866235621722,5,0.9450194223274465,0.006719365115676658,0.003004991432858749,5
large_long,nomotor_xlink,1.15,pulse_01,5,0.012521094006084565,0.004083769122937995,0.0018263170726608104,5,1333.2,36.32079294288604,16.243152403397563,5,0.10134877595967262,0.01292851039669163,0.005781805618963051,5,0.2997689253438179,0.039976322236268735,0.01787795480214666,5,0.9441617181687084,0.005853120715651746,0.002617595160141904,5
large_long,nomotor_xlink,1.2,pulse_01,5,0.014453923837763108,0.0061369685457641765,0.0027445357688213453,5,1345.6,34.85398112124352,15.587174214718969,5,0.10135908298075424,0.013786566918056228,0.006165540161024699,5,0.2976568366318725,0.039536706991709046,0.017681352887990526,5,0.9439596086917745,0.007321079801570192,0.003274086421002324,5
large_long,nomotor_xlink,1.25,pulse_01,5,0.018674372429644003,0.0036821742362366764,0.0016467183794447154,5,1362.0,35.014282800023196,15.658863304850707,5,0.09904209765972014,0.013251980619346107,0.005926465900273532,5,0.2957315059916511,0.04083577850707462,0.018262315331188744,5,0.9441983533555023,0.0069796203580029855,0.0031213811155272188,5
large_long,nomotor_xlink,1.3,pulse_01,5,0.014590634518052679,0.005001887689173434,0.002236912177762227,5,1373.6,35.927705186944515,16.067358214715945,5,0.09813890882082715,0.012985164382313378,0.005807142051572356,5,0.2927957210733308,0.03975626710115922,0.017779543153966102,5,0.9426623424048561,0.007952489793953904,0.003556461553930845,5
large_long,nomotor_xlink,1.35,pulse_01,5,0.00904832222637945,0.0016787495428807137,0.0007507596190155948,5,1384.4,36.644235563045925,16.387800340497193,5,0.09709863854033554,0.013556792178795518,0.006062781773724852,5,0.28996651925497785,0.03984595227271526,0.01781965158200071,5,0.9431958535035754,0.00813214107739351,0.0036368040503340533,5
large_long,nomotor_xlink,1.4,pulse_01,5,0.007325608954503826,0.005638407953058179,0.002521572693582706,5,1392.0,42.7551166528639,19.12066944434739,5,0.09617831402677227,0.013172171453447554,0.005890774156238187,5,0.28971143306907116,0.040245259772321976,0.017998227324609928,5,0.9426722133214446,0.009934618142119045,0.00444289629925617,5
large_long,nomotor_xlink,1.45,pulse_01,5,0.005259375991403855,0.008391593417247876,0.003752834664101201,5,1405.2,48.28250200642051,21.592591322025246,5,0.09590972380812542,0.013633438975985577,0.006097059263479774,5,0.2886218275182674,0.03921596221735784,0.0175379114642151,5,0.9424578586732787,0.0104507477690395,0.004673716485455319,5
large_long,nomotor_xlink,1.5,pulse_01,5,0.005926755288091086,0.002545648627761507,0.0011384486757007575,5,1413.2,49.650780457108624,22.20450404760259,5,0.09558701643305058,0.01220765137423609,0.005459427663682124,5,0.28791425275995186,0.038043370330017555,0.01701351243022357,5,0.9439322289178221,0.009109278652446316,0.004073793258571529,5
large_long,nomotor_xlink,1.55,pulse_01,5,0.008873304750970456,0.005232539302082653,0.0023400627148792235,5,1421.2,49.81164522478654,22.2764449587451,5,0.09482301678527723,0.012116255975692845,0.005418554398887448,5,0.28651551609738607,0.04018787543545212,0.017972564268992977,5,0.9442609500381763,0.00927500617558431,0.004147908860067373,5
large_long,nomotor_xlink,1.6,pulse_01,5,0.008426486479222742,0.007121571573726927,0.0031848636290967127,5,1430.0,53.19774431308154,23.790754506740637,5,0.09481314828148239,0.012418436345842146,0.005553693568711425,5,0.28535784628628935,0.039383259646169,0.017612729148871638,5,0.9428627569855168,0.009328644328499785,0.004171896571288679,5
large_long,nomotor_xlink,1.65,pulse_01,5,0.009588792958908599,0.002728884797423622,0.0012203943819609922,5,1436.8,52.73708372672877,23.584740829612695,5,0.0942175292108107,0.013005218590267514,0.005816110566016429,5,0.28530128661907783,0.036272194595843806,0.016221418561881452,5,0.9431907523536068,0.007790791676493156,0.0034841479574356494,5
large_long,nomotor_xlink,1.7000000000000002,pulse_01,5,0.007743717176320784,0.004190899150423645,0.0018742270774386774,5,1444.8,47.94997393117122,21.443880245888334,5,0.09198047169035621,0.012296081557437987,0.005498974843862564,5,0.2845880167657858,0.03820403199224128,0.017085362509845645,5,0.9420621795528321,0.007764622086537286,0.003472444561018725,5
large_long,nomotor_xlink,1.75,pulse_01,5,0.006134060536984324,0.0042042059850720594,0.0018801780748065181,5,1448.4,47.56889740155851,21.273457640919585,5,0.09395348687727773,0.011494957099627412,0.005140701094642143,5,0.2839801527406379,0.038287472821754806,0.017122678383223885,5,0.9426068834171971,0.010159425183685039,0.004543433064608607,5
large_long,nomotor_xlink,1.8,pulse_01,5,0.0049696258921621585,0.005509775323743717,0.0024640464329283725,5,1453.2,48.92034341661963,21.87784267243916,5,0.09230888950325086,0.012529463471774504,0.005603346408897662,5,0.2843022252314452,0.0389384901313417,0.017413822174976952,5,0.9407774248042466,0.009469639082217578,0.004234951342045445,5
large_long,nomotor_xlink,1.85,pulse_01,5,0.006072094218410203,0.004450927520051787,0.0019905152995520706,5,1459.2,45.62017097732098,20.401960690090544,5,0.09191539756916525,0.011678801065061776,0.005222918615435015,5,0.2828765448893196,0.04005644610419007,0.017913787285205124,5,0.9421144406119992,0.008204842056692176,0.0036693169166825772,5
large_long,nomotor_xlink,1.9,pulse_01,5,0.006199241336488681,0.002627512653638241,0.0011750593810551933,5,1464.8,41.099878345318736,18.380424369420854,5,0.09286746466926514,0.012008921530659916,0.005370552975803279,5,0.28245455627146254,0.038943910226884454,0.017416246115392577,5,0.9423348521567221,0.008794383907937752,0.003932968047675813,5
large_long,nomotor_xlink,1.9500000000000002,pulse_01,5,0.004471313604278897,0.002457433896368068,0.0010989978484982348,5,1468.4,43.43731115066861,19.425756098540926,5,0.09184994477150035,0.01153963073507017,0.005160679751772553,5,0.28239177057079323,0.04022796140907674,0.01799049126138676,5,0.9424956079636235,0.00888324342428861,0.003972707231477467,5
large_long,nomotor_xlink,2.0,pulse_01,5,0.0035954758501652263,0.0020493481864490414,0.0009164963708931939,5,1472.4,42.78784874237077,19.135307679783985,5,0.09229777070512661,0.010823406953219634,0.004840374739108598,5,0.2819851447284675,0.04090061863435704,0.01829131271764339,5,0.9414881705162014,0.010382508763983136,0.004643199074650722,5
large_long,nomotor_xlink,2.05,pulse_02,5,0.004612357435330179,0.0033276785532089697,0.0014881830904486814,5,1596.8,44.64526850630423,19.965971050765347,5,0.08472651217184354,0.0110832053255335,0.004956560103296118,5,0.26009720803710107,0.03558158757977352,0.01591256971514716,5,0.9363445566711388,0.012193814596020904,0.005453239668346375,5
large_long,nomotor_xlink,2.1,pulse_02,5,0.004666080186703514,0.0031073542084051335,0.0013896510480327854,5,1596.4,44.707941129065645,19.993999099729894,5,0.08422611572444935,0.010249370731623294,0.004583657936501288,5,0.2608486095722687,0.035755889093878584,0.015990519721971175,5,0.9367365673098036,0.00983693554560821,0.004399211314052787,5
large_long,nomotor_xlink,2.15,pulse_02,5,0.0032306105744894496,0.0023375545681553448,0.001045386183102103,5,1595.6,45.26367196770496,20.24252948620799,5,0.0845290676534766,0.01001044485664069,0.0044768070368923435,5,0.2608386569042595,0.035541258532304006,0.01589453401682523,5,0.9363118205230408,0.010678971357002848,0.004775781176806308,5
large_long,nomotor_xlink,2.2,pulse_02,5,0.0028264044045804996,0.0018315947122938027,0.0008191140567836225,5,1594.8,44.036348622473234,19.693653800145874,5,0.08307117404339746,0.010018653507514349,0.004480478057163757,5,0.2611586965462508,0.03448124564226447,0.01542048184099435,5,0.9371029781971029,0.010337560551482678,0.004623097622927097,5
large_long,nomotor_xlink,2.25,pulse_02,5,0.002036315584533898,0.0013572257029932505,0.0006069697865405696,5,1594.4,44.528642467517464,19.9138143006306,5,0.0833869706425197,0.009762022724103606,0.0043657092817986675,5,0.26054942103149137,0.03388958022954324,0.015155881024438322,5,0.937384131182883,0.010506763288977003,0.004698767387530368,5
large_long,nomotor_xlink,2.3,pulse_02,5,0.0030087540065161455,0.002687351041855053,0.0012018199217985561,5,1593.6,44.57353474877217,19.933890739140715,5,0.08373833500369873,0.009596511965475328,0.0042916906203385894,5,0.2608716660062231,0.03435452198905586,0.015363809300408036,5,0.9366133697067918,0.011703733840887109,0.005234068891757656,5
large_long,nomotor_xlink,2.35,pulse_02,5,0.003927769191347222,0.0020445008128650373,0.00091432855952396,5,1592.0,43.634848458542855,19.514097468240745,5,0.08301562569711249,0.009121416264287457,0.004079221363603788,5,0.2586617388331442,0.03526725969417418,0.015771998011262382,5,0.9375016027493182,0.009728527324391596,0.004350729683660751,5
large_long,nomotor_xlink,2.4,pulse_02,5,0.0036318500871723876,0.0020747688718499562,0.0009278648470114104,5,1591.6,43.2527455775931,19.343215865000317,5,0.08351217331142022,0.009318916900915046,0.0041675463334235425,5,0.2586980059868928,0.03591647105758621,0.016062334159333305,5,0.9372873948625653,0.010730724195793,0.004798925749918982,5
large_long,nomotor_xlink,2.45,pulse_02,5,0.0043908507618882694,0.003067868048573415,0.0013719923005219563,5,1591.2,42.62862887778588,19.06410239166796,5,0.08427227546102996,0.008273442588277294,0.0036999960070659664,5,0.25793877657349207,0.03497428230909178,0.015640974541479506,5,0.9369228351729595,0.008840409291447374,0.003953551224919415,5
large_long,nomotor_xlink,2.5,pulse_02,5,0.0043171099277100385,0.0025261964146711335,0.0011297493815441801,5,1589.2,40.904767448306075,18.2931681236466,5,0.08234345101197159,0.008264355203448924,0.0036959320050231792,5,0.2579411767320555,0.03416931910723282,0.015280984053731003,5,0.9371915096037318,0.007724853612058544,0.0034546595585595386,5
large_long,nomotor_xlink,2.55,pulse_02,5,0.004010268449735103,0.0023012397188133756,0.001029145688757842,5,1589.2,40.904767448306075,18.2931681236466,5,0.08341384784520475,0.008417641480883583,0.0037644837122955375,5,0.2581376369199249,0.03293069068801687,0.014727052584885008,5,0.9377275318584039,0.00783467544356451,0.0035037733746917125,5
large_long,nomotor_xlink,2.6,pulse_02,5,0.0023678978436331966,0.0012165498029319622,0.0005440576114739681,5,1589.2,40.904767448306075,18.2931681236466,5,0.08419989073834988,0.007890997950271143,0.0035289615654235562,5,0.2581815144109526,0.033807523137748784,0.015119183977380653,5,0.9370598777163848,0.010429614258996748,0.004664265292443565,5
large_long,nomotor_xlink,2.65,pulse_02,5,0.0024814178583801782,0.0013857449915470443,0.0006197240001158125,5,1588.0,41.44876355212541,18.536450577173614,5,0.08406801000976372,0.007674873063104418,0.003432307577556702,5,0.2600799565170709,0.03506173584850515,0.015680084953279758,5,0.9379740932138751,0.008386297511232078,0.0037504662629304466,5
large_long,nomotor_xlink,2.7,pulse_02,5,0.002036983476517129,0.0009964623133682893,0.00044563149394163845,5,1587.2,42.41697773297857,18.969449122207003,5,0.08323589210625047,0.007498552825475467,0.003353454770127252,5,0.2593494442039933,0.03323444982368567,0.01486289780011341,5,0.9365855305700013,0.008710847113639016,0.0038956092575409347,5
large_long,nomotor_xlink,2.75,pulse_02,5,0.003043653467611781,0.002078906190529479,0.0009297151121738089,5,1587.2,42.41697773297857,18.969449122207003,5,0.08346986787602802,0.00871198346595876,0.0038961174497476026,5,0.2603056982927553,0.03462176837834927,0.015483325519048326,5,0.9378970434723233,0.009009265478367584,0.004029066007394415,5
large_long,nomotor_xlink,2.8,pulse_02,5,0.0025880549575641194,0.0022008061673811532,0.0009842304391130077,5,1586.4,43.3912433562349,19.405153954555473,5,0.08410597653705473,0.009697550088808229,0.004336876242756864,5,0.2613286507059233,0.033516614164454256,0.014989085529470406,5,0.9385857538234786,0.00822533342872936,0.003678480936848054,5
large_long,nomotor_xlink,2.85,pulse_02,5,0.0031057895645483077,0.001261621173861185,0.0005642141413213382,5,1585.2,43.32666615376724,19.37627415165258,5,0.08384934816549675,0.00939363059387454,0.004200959312685038,5,0.26131888873314874,0.03393540278604056,0.01517637349468449,5,0.9384155481137555,0.008932064130304753,0.003994540514949793,5
large_long,nomotor_xlink,2.9,pulse_02,5,0.0017577612318269743,0.00048575507006425067,0.0002172362714157675,5,1584.0,42.35563716909474,18.94201678808252,5,0.08346500154810564,0.01050446112153312,0.004697737826950347,5,0.26240980286523163,0.03433559492864221,0.015355344861668204,5,0.9392862500700252,0.008196328119904082,0.0036655093683997148,5
large_long,nomotor_xlink,2.95,pulse_02,5,0.0016171521059603696,0.0010442943710818452,0.0004670226404518793,5,1583.6,42.857904755132395,19.1666376811375,5,0.0839900335041525,0.009314967328030286,0.00416578003073306,5,0.2625567890972287,0.03549903719841513,0.015875652062289983,5,0.9380439841360302,0.009115826908626933,0.004076721727762317,5
large_long,nomotor_xlink,3.0,pulse_02,5,0.0035190399392664774,0.003190712724541309,0.0014269301097495856,5,1582.8,42.322570810384384,18.927229062913568,5,0.08326328511029597,0.009319323262779093,0.004167728063973837,5,0.2610670421929126,0.03565160773165304,0.015943883679026653,5,0.936660770304974,0.008305589345621273,0.0037143724740014324,5
large_long,nomotor_xlink,3.05,pulse_03,5,0.0039540543488971736,0.0027488629350124628,0.0012293288767034906,5,1699.6,39.27849284277593,17.565876010037186,5,0.0776201737686761,0.008662721586099147,0.0038740868673344977,5,0.2433260055524596,0.030998051502456922,0.013862750065906633,5,0.9332681813946604,0.008833849991324385,0.0039506178167274504,5
large_long,nomotor_xlink,3.1,pulse_03,5,0.002490533909903488,0.0016789493813563925,0.0007508489894988223,5,1699.6,39.27849284277593,17.565876010037186,5,0.07822004049339773,0.008584895505851902,0.0038392819861634594,5,0.24320655569598387,0.032114386060521534,0.014361990057399564,5,0.9328173748349226,0.008924521262799481,0.003991167242052381,5
large_long,nomotor_xlink,3.15,pulse_03,5,0.0033392104172529956,0.002464477798900582,0.0011021479774761516,5,1698.0,40.496913462633174,18.11077027627483,5,0.07741418776597826,0.007429128931543012,0.003322407460908111,5,0.24265855126781596,0.03222357736217186,0.014410821892007927,5,0.9340147899939983,0.008613235912548032,0.0038519562013399665,5
large_long,nomotor_xlink,3.2,pulse_03,5,0.0036898538498959963,0.002363807281416685,0.0010571267533913365,5,1696.4,39.88483421051164,17.837040113202637,5,0.07791233417799868,0.00783114447291164,0.0035021942766104374,5,0.24325846978086832,0.031214702451055107,0.013959639315597704,5,0.9334453795332058,0.007933582232945149,0.0035480058355899847,5
large_long,nomotor_xlink,3.25,pulse_03,5,0.004112483306031667,0.0028503994348855655,0.0012747373798862218,5,1696.0,40.47221268969612,18.099723754798024,5,0.07844096171508708,0.006883137602954098,0.003078232715738064,5,0.24299986364675386,0.032067705307338254,0.014341113789927824,5,0.9334836774448515,0.007698830680219206,0.0034430217496462176,5
large_long,nomotor_xlink,3.3,pulse_03,5,0.0033264512901599675,0.0022251476643152016,0.0009951162874767348,5,1694.8,39.46137351892354,17.647662734764623,5,0.07823576535547398,0.00812841146284682,0.003635136116002799,5,0.24237963214067718,0.0317216593021141,0.014186357311723132,5,0.9341439279471313,0.008443540214768844,0.0037760659781952617,5
large_long,nomotor_xlink,3.35,pulse_03,5,0.0011922191457179802,0.0007420985819577738,0.0003318765750527562,5,1694.4,39.02307009962183,17.451647486698782,5,0.07845736335940139,0.006937577279956377,0.0031025788794281097,5,0.24308071559742203,0.033045753313030855,0.014778510155125175,5,0.9352632998304238,0.007298626927767655,0.0032640451905797847,5
large_long,nomotor_xlink,3.4,pulse_03,5,0.0021735001056346326,0.0023185089055162943,0.001036868703834614,5,1693.6,39.1254392946584,17.49742838247952,5,0.07827543639597787,0.0075789166545715825,0.00338939456708547,5,0.24294869018182239,0.03225345468045956,0.014424183434943266,5,0.9341236979435227,0.006192740263213324,0.0027694776391089864,5
large_long,nomotor_xlink,3.45,pulse_03,5,0.004537908630119188,0.0024832571051801953,0.0011105463385584523,5,1693.2,38.64194612076364,17.28120366178236,5,0.07827158879231587,0.008075478017057245,0.0036114635593890413,5,0.24270481076864353,0.032642690741874564,0.014598255093466912,5,0.9349860354631622,0.007041274833606781,0.0031489538352406565,5
large_long,nomotor_xlink,3.5,pulse_03,5,0.002778770263262024,0.00157215057806162,0.0007030871126822743,5,1692.8,38.53829264510819,17.23484841824842,5,0.07830373586686916,0.007844590705869051,0.003508207614797251,5,0.24283752111579543,0.03141156662554347,0.014047679650895777,5,0.9354335242458303,0.007807366051700126,0.003491560243365124,5
large_long,nomotor_xlink,3.55,pulse_03,5,0.002253436435888349,0.0016312890048444987,0.0007295346211560565,5,1692.4,38.971784665319085,17.428711943227473,5,0.07902771072734373,0.007967694476438088,0.003563261294653032,5,0.24262609115179518,0.03243806572184523,0.014506744002530344,5,0.9348715002566784,0.008756669282833342,0.003916101554579937,5
large_long,nomotor_xlink,3.6,pulse_03,5,0.003022376035870167,0.002686653462753108,0.0012015079549402299,5,1692.0,38.52272056851645,17.227884373886425,5,0.07931859862703167,0.008690124127785831,0.0038863416565280374,5,0.2423291482750959,0.03145107509120493,0.014065348373876923,5,0.9360233887406941,0.0081965873944598,0.003665625319505999,5
large_long,nomotor_xlink,3.65,pulse_03,5,0.003527303460625072,0.002171434028998903,0.0009710948194995593,5,1691.2,39.0281949364815,17.453939383417143,5,0.07937847031682714,0.007437261618244313,0.0033260445089688746,5,0.24298850261103774,0.031792702040920814,0.014218128590379048,5,0.9349432141598261,0.007492555809828489,0.0033507728231974973,5
large_long,nomotor_xlink,3.7,pulse_03,5,0.002320825535839166,0.0022372305805864953,0.0010005199319065448,5,1689.6,38.58497116754138,17.255723688098392,5,0.07900463518039685,0.007518234337392087,0.003362256609836359,5,0.24324538815620836,0.03287993790503388,0.014704355250325554,5,0.9350265884679774,0.007455162600574124,0.0033340500716395704,5
large_long,nomotor_xlink,3.75,pulse_03,5,0.0022177435296429236,0.0017175000721247047,0.0007680893825263263,5,1689.2,39.002564018279614,17.442476888332113,5,0.0794632935198383,0.007149245090807528,0.0031972396021704578,5,0.24377608210746465,0.033970412715810916,0.01519203041125529,5,0.9345313042863046,0.008809657316500984,0.003939798523634915,5
large_long,nomotor_xlink,3.8,pulse_03,5,0.002541054680270912,0.0021092360348571276,0.0009432790309065306,5,1688.0,38.704004960727254,17.308957218735042,5,0.07998560157148232,0.006542784244781418,0.0029260220666891745,5,0.24312321205603665,0.034768819357753326,0.015549088716269402,5,0.9346365916608894,0.008660296218870666,0.003873002210135841,5
large_long,nomotor_xlink,3.85,pulse_03,5,0.0036702924905001196,0.002294281503074568,0.0010260338800790253,5,1686.8,37.64571688784795,16.835676404587968,5,0.07977687992018634,0.007057310147230869,0.0031561250455014542,5,0.2441727683566993,0.0356897071526866,0.01596092225809354,5,0.9345940999738052,0.007080234878147639,0.003166377296840612,5
large_long,nomotor_xlink,3.9,pulse_03,5,0.0021708508940293746,0.0025235122135479743,0.0011285489703088472,5,1686.4,38.27270567911289,17.116074316267735,5,0.07980457787149578,0.006536714433234944,0.002923307564443469,5,0.24376783106997282,0.0360368130771105,0.016116152746574488,5,0.9345179285512936,0.008226090472930499,0.0036788194973071974,5
large_long,nomotor_xlink,3.95,pulse_03,5,0.003589593562934261,0.0028011767963311653,0.0012527243467183138,5,1685.6,37.72002120890178,16.868906307167634,5,0.07985397941512352,0.006985021341285146,0.003123796508680069,5,0.24324882034007925,0.0363435133500337,0.01625331327836929,5,0.9344486488568406,0.0075459262706435055,0.0033746408188720708,5
large_long,nomotor_xlink,4.0,pulse_03,5,0.005123272511223931,0.004102415042142542,0.0018346557812296777,5,1684.4,36.698773821478014,16.412190591142913,5,0.07845350741171897,0.006642110355164171,0.0029704420536404716,5,0.2428673184821338,0.036177006971594955,0.016178849362194023,5,0.9345791147285084,0.00809041021947727,0.003618141443322034,5
large_long,nomotor_xlink,4.05,pulse_04,5,0.0021445444104606064,0.0012833469958177842,0.0005739302242737407,5,1797.6,31.349641146271516,14.019985734657507,5,0.0739433464999129,0.005416755910031431,0.002422446886470803,5,0.22716434771923621,0.03409891328750087,0.015249497613944556,5,0.9310923978490925,0.008131885626834272,0.003636689809370984,5
large_long,nomotor_xlink,4.1,pulse_04,5,0.002031498452192645,0.0010985836385805211,0.0004913015389670212,5,1796.8,31.32411211830273,14.008568806269967,5,0.074208529569027,0.005556406386595943,0.0024849004782085005,5,0.22822640567530383,0.03464780675127937,0.015494970233427363,5,0.9305609738768265,0.007288981890974864,0.003259731798996951,5
large_long,nomotor_xlink,4.15,pulse_04,5,0.002223543725663498,0.0015763648349085648,0.0007049717856391569,5,1795.6,30.835044997534865,13.789851340750559,5,0.07339877091035323,0.005598074479289834,0.0025035350157597614,5,0.22782713269200955,0.034537463301862074,0.015445623142673587,5,0.9311201857685104,0.008058267963755838,0.003603766989573373,5
large_long,nomotor_xlink,4.2,pulse_04,5,0.0014943184548410632,0.0013881469915070419,0.0006207982071543138,5,1795.6,30.835044997534865,13.789851340750559,5,0.07427083140821016,0.005604072253373939,0.00250621730187291,5,0.22820803517823177,0.033820360072096455,0.015124924828945471,5,0.9304936944961224,0.006906808980843229,0.0030888188777543004,5
large_long,nomotor_xlink,4.25,pulse_04,5,0.002124763766913832,0.0016273470401015914,0.0007277717209300469,5,1794.8,31.260198335903116,13.979985693841034,5,0.07314008299953152,0.004721532787995173,0.002111533654390262,5,0.22909755105772703,0.03334065163944261,0.014910392695986695,5,0.930272433967154,0.008311048745150948,0.003716813991694369,5
large_long,nomotor_xlink,4.3,pulse_04,5,0.0023092862556295833,0.002344288017867504,0.001048397473357996,5,1794.0,31.144823004794873,13.928388277184117,5,0.0734142524535688,0.005497659037852893,0.0024586278651510317,5,0.22885198085851174,0.032290413211818,0.01444071179263647,5,0.9302948070972199,0.007212110812876269,0.0032253540077705205,5
large_long,nomotor_xlink,4.35,pulse_04,5,0.002146037381888662,0.0014486084583888615,0.0006478373971477339,5,1793.2,31.610124960208555,14.136477637657832,5,0.0732585633197125,0.005078380499003536,0.0022711208022762417,5,0.22818136964037583,0.030765720106080124,0.01375884830678544,5,0.9301111008843416,0.00762549205246795,0.003410223718240546,5
large_long,nomotor_xlink,4.4,pulse_04,5,0.003130266088585939,0.0013661851685740686,0.0006109765813567253,5,1792.8,31.164081889251925,13.937001112147474,5,0.07345788039607944,0.0036568977170951173,0.0016354143764376954,5,0.22943452526199293,0.03262435280978312,0.014590054120922263,5,0.9300552221284129,0.008013077999927768,0.0035835574233693086,5
large_long,nomotor_xlink,4.45,pulse_04,5,0.0020507117757927835,0.0018996833020989848,0.0008495641998429198,5,1792.4,31.635423183513762,14.147791347061915,5,0.07321893258779569,0.004627290132389879,0.0020693870575275537,5,0.22987401310175945,0.03302425557108261,0.01476889607265337,5,0.9308650820269386,0.008362343173334313,0.003739753557351366,5
large_long,nomotor_xlink,4.5,pulse_04,5,0.003094564026836011,0.0025043935293485764,0.0011199988348068062,5,1792.4,31.635423183513762,14.147791347061915,5,0.07372055488973488,0.0053336399631358725,0.0023852763050162566,5,0.22957526898130257,0.033080972262384656,0.01479426054809542,5,0.9310900883053119,0.007605766395488925,0.003401402136259357,5
large_long,nomotor_xlink,4.55,pulse_04,5,0.002796312864947629,0.0016268258624535692,0.0007275386432001806,5,1791.6,30.639843341636066,13.70255450636851,5,0.07353234553498485,0.0052132561449308125,0.0023314390248367583,5,0.22858678695235576,0.033640702346482795,0.015044579451514443,5,0.9308936549148943,0.006964394692289385,0.003114571990819559,5
large_long,nomotor_xlink,4.6,pulse_04,5,0.0023139650882304076,0.0014825789237880303,0.0006630294511197031,5,1790.4,31.635423183513762,14.147791347061915,5,0.07361384451282288,0.006509968727029464,0.0029113465210071307,5,0.22876545583216384,0.033356697217054476,0.014917568496442372,5,0.9309016253131241,0.007570408368394649,0.003385589545832741,5
large_long,nomotor_xlink,4.65,pulse_04,5,0.001986296492499159,0.0014364066668446967,0.0006423805900797271,5,1790.0,32.12475680841802,14.366627996854376,5,0.07336127214331971,0.005969376184957987,0.002669586186566883,5,0.22872582460322896,0.03167753093587727,0.014166622506394819,5,0.9305447352556646,0.007491966368859499,0.0033505092171824203,5
large_long,nomotor_xlink,4.7,pulse_04,5,0.0011968062071753198,0.0011165515090347236,0.0004993370149163225,5,1789.2,33.12400941915094,14.813507349712964,5,0.07359557122422895,0.00622245468129548,0.002782766330857696,5,0.22849822538377923,0.0320564563359183,0.014336083096973429,5,0.930156687230413,0.008543275774985334,0.0038206690766788808,5
large_long,nomotor_xlink,4.75,pulse_04,5,0.0025664288597266587,0.001028736666929983,0.00046006502364040035,5,1788.4,33.087762088119526,14.797297050475128,5,0.07385478458404296,0.006911829851898918,0.0030910642795516567,5,0.22839621923468484,0.03358271606799093,0.015018647199420433,5,0.9301720338494011,0.00810537108514523,0.0036248321458491935,5
large_long,nomotor_xlink,4.8,pulse_04,5,0.0016871225910706222,0.0017648105493890203,0.0007892472711685198,5,1787.6,33.59761896325393,15.025311976794358,5,0.07387789383077084,0.008256065063060215,0.0036922245415327453,5,0.22823000785362874,0.03365843564381283,0.015052510023173477,5,0.9300757691734549,0.008369860683511105,0.003743115490106737,5
large_long,nomotor_xlink,4.85,pulse_04,5,0.0024296300126148774,0.0018209259523017253,0.0008143428422680394,5,1786.8,33.544000953970894,15.001333274079341,5,0.07461960498799276,0.00816803005185081,0.0036528540876399084,5,0.22884362357837226,0.03395923302830859,0.015187030703010808,5,0.9301354089340602,0.007572559896782597,0.0033865517385789357,5
large_long,nomotor_xlink,4.9,pulse_04,5,0.001838445455791889,0.0009736365441800564,0.0004354234996329167,5,1786.0,34.55430508634199,15.453155017665486,5,0.07394247880494537,0.007250332934714205,0.0032424474603053016,5,0.22839792265937237,0.03452911974938637,0.015441891792571685,5,0.9301769087959624,0.006992546455965641,0.0031271618422728823,5
large_long,nomotor_xlink,4.95,pulse_04,5,0.003931558124168167,0.0017854938669766062,0.0007984971319937316,5,1786.0,34.55430508634199,15.453155017665486,5,0.07488618839999227,0.006586412258481199,0.0029455331075603753,5,0.2283905681982997,0.034426126014010856,0.01539583159386043,5,0.9294490516896076,0.0086282301927181,0.0038586618472867566,5
large_long,nomotor_xlink,5.0,pulse_04,5,0.0049410753273836155,0.0017713515898452493,0.0007921725133892606,5,1785.6,34.536936748935915,15.445387661046258,5,0.07420367157048352,0.007013567402676945,0.0031365626954324576,5,0.22903881557202377,0.03529016285153304,0.015782240614613138,5,0.9301165816349821,0.00870843903083105,0.0038945323301701226,5
large_long,nomotor_xlink,5.05,pulse_05,5,0.006185468154329439,0.0024339231798114424,0.0010884835364141658,5,1904.0,43.243496620879306,19.339079605813716,5,0.06896330573911352,0.006749917631311786,0.003018654933227503,5,0.21317431074365717,0.029566582993108468,0.013222577886995945,5,0.9263073432108975,0.007677160811174926,0.003433330689596912,5
large_long,nomotor_xlink,5.1,pulse_05,5,0.0031726237530903907,0.002597485263094389,0.0011616307237665958,5,1903.6,42.927846440276966,19.19791655362633,5,0.06920980760137108,0.007055981118200384,0.0031555306856502073,5,0.21349460983379345,0.03013335694525971,0.013476046903973225,5,0.9262061165161004,0.006973178347373974,0.0031185001607915695,5
large_long,nomotor_xlink,5.15,pulse_05,5,0.002637002585400783,0.002050537873780632,0.0009170284152422753,5,1902.4,43.27585932133526,19.35355264544471,5,0.06900919997171674,0.006875695577964738,0.0030749045409847716,5,0.21355294842577538,0.029369097049932628,0.013134259488287578,5,0.9248951109047882,0.00706946113046305,0.0031615591304015775,5
large_long,nomotor_xlink,5.2,pulse_05,5,0.002125687030119187,0.0019917925656293004,0.0008907567147651653,5,1900.8,43.04880950734874,19.252012881774203,5,0.06766819179968134,0.005898590738466243,0.0026379299725322403,5,0.2135176538711351,0.03019167130582739,0.013502125878831978,5,0.9253615387173635,0.007723692516107696,0.0034541403006646395,5
large_long,nomotor_xlink,5.25,pulse_05,5,0.0031046949942280895,0.001560846271712255,0.0006980316731951418,5,1900.0,43.197222132910355,19.3183850256692,5,0.06767546866776224,0.006560025307789958,0.0029337325044674653,5,0.21355949003922206,0.029777924150840362,0.01331709252602235,5,0.9250789498375311,0.006612191933617206,0.00295706212876877,5
large_long,nomotor_xlink,5.3,pulse_05,5,0.0030917676840525486,0.0020954253812413425,0.0009371027188468108,5,1900.0,43.197222132910355,19.3183850256692,5,0.0684731735248928,0.006647132387394459,0.002972687974730895,5,0.2147038489975822,0.029390431453490302,0.013143800523610452,5,0.9256096759212464,0.006170530778042358,0.0027595452553914757,5
large_long,nomotor_xlink,5.35,pulse_05,5,0.0017891595939265297,0.0009967262791827063,0.00044574954304259294,5,1899.2,43.37280253799609,19.39690696992693,5,0.06848185282216657,0.00691261723003248,0.003091416405757785,5,0.21605101202947993,0.029831127978981894,0.013340886001299885,5,0.9265609564289597,0.006921097090498409,0.0030952087146460913,5
large_long,nomotor_xlink,5.4,pulse_05,5,0.0028306708492873275,0.0030413038673603385,0.0013601124375301442,5,1898.8,42.88589511715944,19.179155351578963,5,0.06854234376648353,0.007682817111901296,0.003435860264181981,5,0.21620005274727774,0.02810907488130536,0.012570760443846123,5,0.9248312857918949,0.005703196936260964,0.00255054720770961,5
large_long,nomotor_xlink,5.45,pulse_05,5,0.002966617393059886,0.0021281685045429883,0.0009517458887464384,5,1898.0,43.95452195167182,19.657059800488984,5,0.06832480549237922,0.007402065610254831,0.0033103043756886534,5,0.21625335760104494,0.029904520474670796,0.013373708123179635,5,0.9259831571823257,0.0069197131410636235,0.0030945897936433707,5
large_long,nomotor_xlink,5.5,pulse_05,5,0.0018801828290812082,0.0013221694937417725,0.0005912921731566172,5,1896.8,44.51067287741222,19.905778055629977,5,0.06749178898053199,0.008468482153727516,0.00378722035239571,5,0.2171399063216582,0.028903122190556043,0.012925869196013188,5,0.925675505153083,0.0067365872546170215,0.003012693407536469,5
large_long,nomotor_xlink,5.55,pulse_05,5,0.002251923189331932,0.0016666539360261948,0.0007453502991844314,5,1896.8,44.51067287741222,19.905778055629977,5,0.06796771903232032,0.008662959036243931,0.0038741930582674986,5,0.21597037492585675,0.029204459438133722,0.013060631309960463,5,0.9263387056043639,0.006831035729255934,0.0030549320494692236,5
large_long,nomotor_xlink,5.6,pulse_05,5,0.0030826141854765803,0.0023445848721752043,0.0010485302306402823,5,1896.4,45.13092066421867,20.18316129846858,5,0.0677419928162134,0.007068633516289739,0.0031611890100914446,5,0.21696810817391002,0.02917690439067849,0.013048308318113835,5,0.9257201608803667,0.007680817096926188,0.0034349658302939095,5
large_long,nomotor_xlink,5.65,pulse_05,5,0.002727149304153809,0.0024960907857743643,0.0011162857350004688,5,1894.4,44.93105830046739,20.093780132170252,5,0.0674255056890051,0.007606546147225457,0.003401750851837049,5,0.21772138629287463,0.02953315951982269,0.013207630455333717,5,0.926372682014328,0.006185396541602662,0.0027661934269631316,5
large_long,nomotor_xlink,5.7,pulse_05,5,0.0035798891400173893,0.0018865467423317699,0.0008436893517169235,5,1893.6,44.16786161905509,19.75246820020222,5,0.06847369981238077,0.007344714542515656,0.003284656198479255,5,0.21758845827943402,0.030116853261918885,0.01346866623240738,5,0.9262704811515254,0.006890944423960001,0.0030817240322295386,5
large_long,nomotor_xlink,5.75,pulse_05,5,0.0027628956401622184,0.0028516165501548366,0.0012752816903819305,5,1892.8,43.23424568556736,19.33494246177112,5,0.06786829978543019,0.00713699495791223,0.0031917611761929994,5,0.2165822359067356,0.02911300518972541,0.013019731726706035,5,0.9265434360535879,0.005581653526628106,0.0024961913424783756,5
large_long,nomotor_xlink,5.8,pulse_05,5,0.003715751848843614,0.001762233596843774,0.0007880948229553275,5,1892.0,43.266615305567875,19.34941859591652,5,0.06729140785142793,0.007142471945296817,0.003194210559413768,5,0.21742044525964443,0.029278970686462145,0.013093953753230607,5,0.9267096237959219,0.00670746575313039,0.0029996698761502747,5
large_long,nomotor_xlink,5.85,pulse_05,5,0.0027946800335220644,0.0021790815008037364,0.0009745148728618834,5,1892.0,43.266615305567875,19.34941859591652,5,0.06728361807672,0.007821891149214836,0.0034980560644496646,5,0.21779058606089227,0.030180408608274104,0.013497089047364142,5,0.9264227064938512,0.0058294084127190225,0.002606990695889777,5
large_long,nomotor_xlink,5.9,pulse_05,5,0.0022275071968556343,0.0012189820347650003,0.0005451453386171105,5,1891.6,42.83456548162943,19.156200040717884,5,0.06685966648050239,0.007534660430191766,0.0033696025818573195,5,0.21695603740743433,0.029294852555778444,0.01310105634111081,5,0.9264705918283198,0.007992249063487389,0.0035742424398133668,5
large_long,nomotor_xlink,5.95,pulse_05,5,0.002695066268265952,0.0015652272927340664,0.000699990925358267,5,1890.4,44.41621325597219,19.863534428696216,5,0.06627893165705137,0.007604812291500629,0.0034009754479842704,5,0.21778979923856417,0.029557752467754585,0.013218628756002281,5,0.9262943559630056,0.007981947390503674,0.003569635391598655,5
large_long,nomotor_xlink,6.0,pulse_05,5,0.005253201912576403,0.0032072630490771045,0.0014343316398919299,5,1889.6,43.64401448079679,19.51819663800936,5,0.06735178069961811,0.007356596885874163,0.003289970143975578,5,0.21743864868615712,0.029725219102563805,0.013293522111881591,5,0.9263275107433915,0.007477540692920564,0.003344057858778252,5
large_long,nomotor_xlink,6.05,pulse_06,5,0.002649903436816577,0.0023910110836382202,0.001069292663594099,5,2007.2,50.48960289010006,22.579636843846714,5,0.06259521842623154,0.007182076316897753,0.0032119221728349394,5,0.20432194853335806,0.025896103442175467,0.011581089529814128,5,0.9233029553111447,0.006486285898595793,0.0029007552381517,5
large_long,nomotor_xlink,6.1,pulse_06,5,0.001658846836303418,0.0014434489593490574,0.0006455299990311646,5,2006.8,50.943105519785504,22.78244938543703,5,0.06301923671640691,0.007603449013397074,0.0034003657714819133,5,0.20442596545400726,0.02607813251661047,0.011662495406677735,5,0.9227131674974014,0.006084089600829154,0.0027208875857307096,5
large_long,nomotor_xlink,6.15,pulse_06,5,0.0024714546692605013,0.0013576801760548833,0.0006071730330725202,5,2006.0,50.51732376126036,22.592033994308704,5,0.06243787188064961,0.007499401974472078,0.0033538345211031415,5,0.2048776272217824,0.02588455211947753,0.011575923621257603,5,0.9228427323637002,0.006468912455109157,0.0028929855980238265,5
large_long,nomotor_xlink,6.2,pulse_06,5,0.0013242227843462888,0.0007655422700045902,0.00034236091107595236,5,2005.2,50.78582479393241,22.712111306525422,5,0.06246711379005419,0.007828623991716193,0.0035010670831526315,5,0.20515747414729932,0.028003862159366934,0.012523707884175702,5,0.922742552047365,0.006277042861216962,0.0028071789070721813,5
large_long,nomotor_xlink,6.25,pulse_06,5,0.00168071618425835,0.00170739135917225,0.000763568628660982,5,2004.8,50.60829971457251,22.632719677493466,5,0.06211198580868529,0.008100608904512214,0.0036227024339258824,5,0.20468904033136098,0.027262530184527418,0.012192174146248638,5,0.9236007870417664,0.005873038760438267,0.0026265027805662134,5
large_long,nomotor_xlink,6.3,pulse_06,5,0.002825785567180953,0.0014379751767469252,0.0006430820490326799,5,2004.4,51.076413343146946,22.84206645643077,5,0.06229915122600692,0.008368936997418858,0.0037427024051283095,5,0.20510017803983166,0.026344236771282854,0.011781500847187607,5,0.9233786150108717,0.006244119714850477,0.002792455228410454,5
large_long,nomotor_xlink,6.35,pulse_06,5,0.004009777853667214,0.0025564780591588155,0.001143291744653168,5,2004.4,51.076413343146946,22.84206645643077,5,0.06272437057483322,0.007432049832982104,0.0033237137277427886,5,0.20659802039765837,0.02477226126955221,0.011078492031020796,5,0.9237355158527125,0.0054997210722231545,0.002459550034955801,5
large_long,nomotor_xlink,6.4,pulse_06,5,0.0045351049424013174,0.002368332072089231,0.0010591503012968907,5,2002.4,48.772943319016534,21.811923344813035,5,0.061967201506361994,0.007908429361005666,0.0035367571292927785,5,0.20586661246740884,0.024338331847366845,0.01088443289393206,5,0.9234792919315884,0.005339404774432188,0.002387854407003461,5
large_long,nomotor_xlink,6.45,pulse_06,5,0.0037965682110034926,0.002288336042754625,0.0010233749893924413,5,2001.6,48.361141425735596,21.627759939485177,5,0.06184258718766281,0.006642705208022506,0.002970708079926041,5,0.20626598791287706,0.0246487829912,0.01102327086619276,5,0.9235188067594514,0.005045836567230624,0.0022565667135363726,5
large_long,nomotor_xlink,6.5,pulse_06,5,0.0038303621479263876,0.0015717889793167303,0.000702925400807444,5,1999.2,47.88736785416379,21.415881957089695,5,0.0608995188392956,0.008068676593113694,0.003608421870132726,5,0.2056773392606553,0.02449560238098386,0.010954766414737123,5,0.9222722963917624,0.0053544436992821855,0.0023945800186580815,5
large_long,nomotor_xlink,6.55,pulse_06,5,0.003341547233534037,0.0020774620475993632,0.0009290692718216159,5,1999.2,47.88736785416379,21.415881957089695,5,0.0610986969713878,0.007577018569314643,0.0033885457175531486,5,0.20623270794963341,0.024237811381523314,0.010839478774980843,5,0.9223290293592654,0.00624674196981759,0.002793627936482614,5
large_long,nomotor_xlink,6.6,pulse_06,5,0.001986750572307165,0.001484146245747946,0.0006637303788087031,5,1998.4,47.736778274198606,21.348536249588633,5,0.060900298812399424,0.00803951494663189,0.0035953803853588998,5,0.2064976780557867,0.02437803010309125,0.010902186493609647,5,0.9227763564852249,0.005732109025786566,0.002563477087219771,5
large_long,nomotor_xlink,6.65,pulse_06,5,0.0024533888638893645,0.0017991370403890867,0.0008045985446295565,5,1997.6,47.31595925266653,21.160340261914502,5,0.06054240625568695,0.008284152183524206,0.003704785483662687,5,0.2062216269230092,0.024183061793451182,0.010814994014846964,5,0.9226366413818431,0.005489469420256657,0.002454965356820049,5
large_long,nomotor_xlink,6.7,pulse_06,5,0.0024342933618937282,0.0015407309200281235,0.0006890358144437353,5,1997.2,46.70331893987836,20.886359184884284,5,0.060616886747149455,0.008842249898162078,0.003954374369266199,5,0.20704804674099636,0.023556406800625453,0.010534745382367369,5,0.9224094291199819,0.005488219913925982,0.0024544065606013077,5
large_long,nomotor_xlink,6.75,pulse_06,5,0.002644914834013464,0.0025597151177312624,0.0011447394012561959,5,1996.4,47.04040816149451,21.037110067687525,5,0.06098485518785468,0.008254772036052054,0.0036916462822753474,5,0.2063485812049386,0.023643845238891088,0.010573849040729045,5,0.9222536891140718,0.005790985509687845,0.0025898074512756574,5
large_long,nomotor_xlink,6.8,pulse_06,5,0.0037690594262711785,0.0017881980502499725,0.0007997064795183047,5,1994.4,47.48473438906445,21.23581879749401,5,0.05984557667449782,0.007931600340649764,0.003547119506410672,5,0.20538026162301337,0.024310492504068453,0.010871982761119229,5,0.9225625772468578,0.005596509165032315,0.0025028349859425687,5
large_long,nomotor_xlink,6.85,pulse_06,5,0.0016172538795965548,0.000994805738133056,0.0004448906509744736,5,1992.8,48.11652522782584,21.518364250100426,5,0.05925700450408552,0.008160144137578075,0.003649327399564194,5,0.20540304864507092,0.02444929367009286,0.010934056529636589,5,0.9221412434752194,0.004914996870005471,0.002198053422106186,5
large_long,nomotor_xlink,6.9,pulse_06,5,0.003074524695101448,0.0020926779839642797,0.0009358740454322688,5,1990.8,46.7461228338779,20.905501668221216,5,0.058145412389138194,0.008110347397995704,0.0036270576206113873,5,0.20510785261951572,0.024909126557955567,0.0111397000487468,5,0.9219469489460803,0.004767170686807845,0.00213194354320934,5
large_long,nomotor_xlink,6.95,pulse_06,5,0.003765096263288766,0.0021272289208149023,0.0009513256941291277,5,1990.0,47.11687595755899,21.071307505705477,5,0.058177348887821126,0.007217629458157586,0.003227822020969067,5,0.20567542449360743,0.024820424139768777,0.011100031121379944,5,0.9221723454491599,0.005612599886245514,0.0025100309752305113,5
large_long,nomotor_xlink,7.0,pulse_06,5,0.005383953135929787,0.0029813394484819525,0.0013332955341614754,5,1988.4,46.69903639262806,20.88444397153058,5,0.057590107975500834,0.00793260210042278,0.0035475675070005897,5,0.20446327123225494,0.025709829844211014,0.01149778544432173,5,0.9212647564744076,0.0039864289069568275,0.00178278520468513,5
large_long,nomotor_xlink,7.05,pulse_07,5,0.003002327527561614,0.0021182694130130572,0.0009473188804311547,5,2105.6,61.194771018445685,27.367133572955716,5,0.05439582230466945,0.006925112240344376,0.003097004344245177,5,0.1932525687461344,0.023218223021436078,0.010383504998536325,5,0.9181223231667964,0.005487518219805039,0.00245409275345054,5
large_long,nomotor_xlink,7.1,pulse_07,5,0.0020942927565924608,0.0018182884323887454,0.000813163307504553,5,2104.8,61.556478131874954,27.52889391167033,5,0.055253987110443235,0.007778477380641237,0.0034786408369116622,5,0.19330205091933203,0.024515548005141222,0.010963686369031026,5,0.9182922211008728,0.004711615724365383,0.0021070986087075817,5
large_long,nomotor_xlink,7.15,pulse_07,5,0.0024071071862969084,0.0014954878129412024,0.0006688024818518036,5,2104.0,61.85466837676846,27.662248643232168,5,0.055043575537686296,0.007362492928164528,0.003292606934247472,5,0.19382552503442665,0.024082678550718342,0.010770101263936465,5,0.9183743052963063,0.004966455035677272,0.0022210662133941043,5
large_long,nomotor_xlink,7.2,pulse_07,5,0.0028196010733495904,0.0018918966451455868,0.0008460819009898659,5,2103.2,61.556478131874954,27.52889391167033,5,0.05469864865306432,0.007987394974626291,0.0035720716252809186,5,0.1933599487815652,0.023922573411429067,0.010698500068936887,5,0.9186770452164698,0.004389065168275986,0.001962849614788332,5
large_long,nomotor_xlink,7.25,pulse_07,5,0.002890979700655875,0.0017358760664768,0.0007763073770314137,5,2102.0,62.40192304729078,27.9069883720906,5,0.05430128170226149,0.007798745139833602,0.003487704854372807,5,0.19341072016696942,0.024112076982847237,0.01078324864247089,5,0.9181968558256068,0.005045706196125993,0.002256508409805921,5
large_long,nomotor_xlink,7.3,pulse_07,5,0.0031830471082680964,0.0026953673150052716,0.0012054049081365753,5,2100.0,62.48199740725323,27.942798714516766,5,0.053607017330753924,0.008589176113280066,0.003841196332002332,5,0.19206442233293378,0.02360921255526716,0.010558360833763776,5,0.9180242037934747,0.005896209793725401,0.0026368651816740018,5
large_long,nomotor_xlink,7.35,pulse_07,5,0.001934320638599078,0.0012054514700465637,0.0005390942861202336,5,2098.8,62.20289382335841,27.817979797246238,5,0.05348660173421253,0.008301736753029311,0.0037126495422163844,5,0.19218046205425635,0.02313051120267991,0.010344279080702538,5,0.9180894058302602,0.005684122541044862,0.00254201687884303,5
large_long,nomotor_xlink,7.4,pulse_07,5,0.0024993979017860525,0.001108495504151282,0.0004957342600070333,5,2098.0,62.48199740725323,27.942798714516766,5,0.053860350865996144,0.008631887327125401,0.003860297367514272,5,0.1922948413259884,0.023053018688095898,0.010309623374631089,5,0.9180485822274747,0.0053634249715399825,0.002398596565716655,5
large_long,nomotor_xlink,7.45,pulse_07,5,0.004829120366516578,0.0009479914419638878,0.00042395466126385995,5,2098.0,62.48199740725323,27.942798714516766,5,0.05444597115164003,0.009389152398909006,0.004198956603013152,5,0.19251328280167218,0.022983433644764104,0.010278503997209658,5,0.9184178026917845,0.004442159854774669,0.0019865942804393505,5
large_long,nomotor_xlink,7.5,pulse_07,5,0.0035684124421824968,0.0017592177410717285,0.0007867460912520017,5,2096.8,61.65387254666165,27.572450018088706,5,0.05351383470340931,0.009321753766414302,0.004168815018243415,5,0.19227081537052734,0.022307017768198222,0.009976001620997373,5,0.9180197646378867,0.005384394300046002,0.0024079743345130516,5
large_long,nomotor_xlink,7.55,pulse_07,5,0.0020461750123783,0.0017539867168322389,0.0007844067060937121,5,2095.6,61.74787445734468,27.614488950549127,5,0.05314576708688225,0.009049008431283215,0.0040468395962636,5,0.19249406594948726,0.022061231928980757,0.009866082852117956,5,0.9178786075168148,0.004848127761028157,0.002168148647452563,5
large_long,nomotor_xlink,7.6,pulse_07,5,0.0023108118950580033,0.001085140029203926,0.0004852893740812171,5,2095.2,62.235038362645845,27.83235527223666,5,0.05357365405044188,0.00867939409104876,0.003881543038219005,5,0.1922506151698352,0.02272493256637391,0.010162898800502163,5,0.9175469576776119,0.004699700450807702,0.0021017699363784855,5
large_long,nomotor_xlink,7.65,pulse_07,5,0.0038867105223559994,0.0015824728179361705,0.0007077033586901851,5,2094.8,62.73117247429702,28.05423319215836,5,0.05299936663418216,0.008256641539077415,0.003692482349445117,5,0.19189524123163376,0.022715674742562045,0.010158758575828753,5,0.9178049554168165,0.004507093117762713,0.0020156333184477783,5
large_long,nomotor_xlink,7.7,pulse_07,5,0.002906122739892236,0.0017954268926195314,0.0008029393161056975,5,2094.4,63.236065658767856,28.28002828852899,5,0.05336937603655435,0.009207853662584644,0.004117877343281935,5,0.19238047152835144,0.022984739919003596,0.010279088180809009,5,0.918402002962065,0.004778683266010031,0.002137092125147828,5
large_long,nomotor_xlink,7.75,pulse_07,5,0.0031113416076496907,0.001705709743626589,0.0007628165873265583,5,2093.6,63.551553875574115,28.421118908304784,5,0.053765768442332995,0.008995696648845562,0.004022997842357146,5,0.19209035234913682,0.022110974492292875,0.009888328402706153,5,0.9192088321629027,0.004336336352673897,0.001939268571576467,5
large_long,nomotor_xlink,7.8,pulse_07,5,0.00346457283782368,0.0019784823068341715,0.0008848041860723609,5,2092.8,63.19177161624763,28.26021939051429,5,0.05397950421405634,0.009290500870696796,0.004154838298379804,5,0.19159998891228291,0.022399986011084626,0.010017578283165915,5,0.9185877497075368,0.004361909171961948,0.001950705084037347,5
large_long,nomotor_xlink,7.85,pulse_07,5,0.0036178951063810414,0.001737707047483371,0.0007771262166306544,5,2092.8,63.19177161624763,28.26021939051429,5,0.054951849171922106,0.009900763442709197,0.004427756017408521,5,0.19221844565086507,0.02086628924928906,0.009331688239916678,5,0.9196526961780712,0.004488161420097562,0.002007166805866028,5
large_long,nomotor_xlink,7.9,pulse_07,5,0.0035542254945748774,0.0018922721911013647,0.0008462498502470248,5,2092.4,63.67731150103622,28.47735942814923,5,0.05440116008695388,0.009578284473157703,0.004283539037962277,5,0.19300726180914068,0.021791212639854885,0.009745326554973633,5,0.9198512622004582,0.004392646449848893,0.001964451212597049,5
large_long,nomotor_xlink,7.95,pulse_07,5,0.002144064295131306,0.001584628617921738,0.0007086674617529094,5,2091.2,64.00937431345506,28.625862432422885,5,0.0544168556652696,0.008192615121432456,0.0036638488650031333,5,0.19257035455291294,0.021239363236886785,0.009498531999297764,5,0.9199544493044385,0.005373099281475231,0.0024029230486467784,5
large_long,nomotor_xlink,8.0,pulse_07,5,0.00336491420664764,0.0020564634082244323,0.000919678394806146,5,2091.2,64.00937431345506,28.625862432422885,5,0.054778973484231885,0.00860160722603786,0.0038467556946348105,5,0.1924868816140021,0.022006908786280883,0.009841788804152289,5,0.920424027034346,0.004776206077900487,0.002135984292946629,5
large_long,rotatable_xlink,0.0,initial,5,0.11338281129272838,0.05847424841904569,0.02615047887963915,5,478.8,44.64526850630423,19.965971050765347,5,0.22454097822518876,0.02957160525318697,0.013224823909983188,5,0.4588831746726485,0.057894197189120124,0.02589107208352997,5,0.9307348762115459,0.011993871964039598,0.0053638226050042905,5
large_long,rotatable_xlink,0.05,initial,5,0.08174433489407239,0.022437721754365397,0.010034454220597374,5,540.0,38.13135192987524,17.052858997833763,5,0.2098769881793713,0.036505429150023076,0.016325724225450793,5,0.44750536373524746,0.06012975038029335,0.02689084186408595,5,0.9326293890020374,0.011649941085130183,0.00521001204004375,5
large_long,rotatable_xlink,0.1,initial,5,0.06013339113703927,0.021715302973884267,0.009711378720321712,5,594.4,43.11380289420083,19.281078807992046,5,0.20436394641826747,0.03893605696504475,0.01741273402992884,5,0.43700726510581694,0.04726774245380491,0.0211387770539321,5,0.9400555197732394,0.01206154810661425,0.005394088296054669,5
large_long,rotatable_xlink,0.15000000000000002,initial,5,0.0660722143846949,0.020056526253164494,0.008969551218916993,5,640.8,45.57630963559906,20.38234530175563,5,0.19231249652576335,0.035755588967988874,0.015990385501592933,5,0.4258109930098796,0.03914653420677125,0.017506862313972263,5,0.9439188465992323,0.011516396982592792,0.005150289301790189,5
large_long,rotatable_xlink,0.2,initial,5,0.053065732432388366,0.025110112096305322,0.01122958351399569,5,694.4,45.899891067408866,20.52705531731232,5,0.1859037853222224,0.03458074792831834,0.015464980616100967,5,0.41927447124920986,0.03628307411461168,0.016226284030586943,5,0.9455097246446353,0.011509436316764906,0.005147176397398226,5
large_long,rotatable_xlink,0.25,initial,5,0.041535150843610924,0.01716008704258256,0.007674224225405586,5,738.4,38.481164223552284,17.209299811439163,5,0.177719579877617,0.03624750421653401,0.01621037668857606,5,0.4122221922229031,0.04207265555485916,0.01881546356291984,5,0.9491258819177071,0.010561895063512433,0.004723423066646652,5
large_long,rotatable_xlink,0.30000000000000004,initial,5,0.02961352181170316,0.0218642185611496,0.009777975795528629,5,782.8,25.59687480924185,11.447270417003347,5,0.17475525203939785,0.04080781233512021,0.018249808478876643,5,0.4120338424780957,0.04316668961019526,0.019304730466406097,5,0.9501122639958399,0.008715082415015717,0.0038975033418976353,5
large_long,rotatable_xlink,0.35000000000000003,initial,5,0.03066658416571011,0.016341976437834083,0.007308354040339375,5,822.8,29.072323608545634,13.001538370516004,5,0.16790649538166083,0.03658962050959741,0.01636337574607606,5,0.41026338750088476,0.04138151959811022,0.018506378166722844,5,0.9499595260428781,0.010310325448436462,0.0046109177145699865,5
large_long,rotatable_xlink,0.4,initial,5,0.03971264140806669,0.024820589276629005,0.011100104972828958,5,859.2,35.457016230923884,15.856859714331836,5,0.16058297982762645,0.03815767794304205,0.01706463234883727,5,0.40735264601100374,0.04214993336775257,0.018850023251476278,5,0.9498931105654396,0.011454191868482422,0.0051224703290504055,5
large_long,rotatable_xlink,0.45,initial,5,0.04587308180014897,0.01738469989450844,0.007774674146510859,5,897.6,36.260170986910694,16.216041440499588,5,0.1561849382501556,0.038749063171942655,0.01732910786337948,5,0.4019475140052352,0.03950763815615027,0.017668352909523292,5,0.9502512460914879,0.012670374035195884,0.005666363528609262,5
large_long,rotatable_xlink,0.5,initial,5,0.033937719486029694,0.01414339420625873,0.006325118175554241,5,932.8,34.3394816501356,15.35708305636197,5,0.15142763032491907,0.03751562332294443,0.01677749679367606,5,0.39685151493071136,0.04135255828477145,0.01849342627365421,5,0.9531885809717842,0.01042637982086343,0.004662818807736542,5
large_long,rotatable_xlink,0.55,initial,5,0.0282706056129177,0.009597467202319982,0.004292117815242441,5,965.6,35.564026768632374,15.904716281656833,5,0.1471791560756578,0.036879866047430196,0.01649317749662808,5,0.39429851269477306,0.04163984616933169,0.018621905321451974,5,0.952537640980142,0.009541665977948817,0.004267162749058113,5
large_long,rotatable_xlink,0.6000000000000001,initial,5,0.025190343080077532,0.019232529006159082,0.008601048447401635,5,994.4,46.52741127550511,20.807690885823924,5,0.14614524709410293,0.0377286663346026,0.016872772524915845,5,0.38963393020225096,0.04261674502864257,0.0190587877727642,5,0.9515597908343182,0.010484902580892613,0.004688990981667774,5
large_long,rotatable_xlink,0.65,initial,5,0.012967258410588132,0.015231197039768024,0.0068115983919229735,5,1021.2,55.147076078428675,24.662522174343806,5,0.1443753069145663,0.03487516953395516,0.015596649960950679,5,0.38716723132887354,0.04312913615620827,0.019287936051225134,5,0.9538619207749933,0.011677089555412995,0.0052221532050512505,5
large_long,rotatable_xlink,0.7000000000000001,initial,5,0.019742426682549108,0.015493611559066565,0.006928953732609867,5,1044.4,54.02591970526739,24.161125801584657,5,0.14374542252009612,0.037353712357799274,0.016705088008802625,5,0.3873161455891724,0.042154150624489725,0.018851909266024848,5,0.9551363305599706,0.010612457584606385,0.00474603531350262,5
large_long,rotatable_xlink,0.75,initial,5,0.021690972806676253,0.014206683202966192,0.006353421875327369,5,1074.4,54.413233684463194,24.334337878808206,5,0.14324393521801032,0.03483794433201343,0.015580002344547107,5,0.3819869765856364,0.042670683314537,0.019082909707534155,5,0.9547255153798474,0.010754651455028187,0.00480962634555201,5
large_long,rotatable_xlink,0.8,initial,5,0.020535359112078717,0.006149447524636173,0.0027501165378308588,5,1100.4,51.27182462132589,22.92945703674642,5,0.14351047820017224,0.035391848637598665,0.015827715880610785,5,0.377591708676431,0.04397551371211047,0.019666447601150622,5,0.9563025159475114,0.011725183298970937,0.005243661381028851,5
large_long,rotatable_xlink,0.8500000000000001,initial,5,0.011967527167233549,0.009528525546828417,0.004261286169610339,5,1118.4,47.08290560277689,21.056115501202967,5,0.1427693224426952,0.03531552527559271,0.01579358303546746,5,0.3747658026334616,0.04799834935523437,0.02146551439321745,5,0.955958456021072,0.011887400051555962,0.005316206918202727,5
large_long,rotatable_xlink,0.9,initial,5,0.013484588465003052,0.009879187888910205,0.004418107136419172,5,1143.2,48.11652522782583,21.518364250100422,5,0.14192241436101397,0.037469173946431365,0.01675672400099692,5,0.37091357789693635,0.047682956752962496,0.021324466533561355,5,0.9534489465041638,0.011402904666535199,0.005099533995064455,5
large_long,rotatable_xlink,0.9500000000000001,initial,5,0.018497236039667804,0.00932703226417479,0.004171175634205721,5,1158.8,48.074941497624316,21.499767440602703,5,0.14454049738944014,0.040124395457772584,0.017944175159932657,5,0.3702071815016727,0.04667076063852592,0.020871798669873088,5,0.9529847335093156,0.011007676760198088,0.004922782702029515,5
large_long,rotatable_xlink,1.0,initial,5,0.011798701411990999,0.007069157241793122,0.003161423227256868,5,1174.4,48.690861565595654,21.77521526874074,5,0.1459343269299288,0.04035993832781512,0.01804951313373876,5,0.3715842085185888,0.04620817285901149,0.0206649231257621,5,0.9536693471587385,0.01218939848894921,0.00545126472522473,5
large_long,rotatable_xlink,1.05,pulse_01,5,0.01362404803569488,0.006321257852543937,0.0028269524523185166,5,1294.8,64.67766229541695,28.924729903665476,5,0.1333735677265391,0.031264150644721246,0.013981753220078117,5,0.34046578070601863,0.03801795956478945,0.017002148390541504,5,0.9552896806425478,0.007833631818977787,0.003503306651587932,5
large_long,rotatable_xlink,1.1,pulse_01,5,0.01676350314592486,0.008005224125962608,0.003580045064154746,5,1307.2,64.14982462953425,28.68867372326577,5,0.13392796580992802,0.030615301487350165,0.013691579055473076,5,0.33842010317388516,0.037781833019381525,0.016896549389176643,5,0.9545900775656537,0.009052502186413878,0.004048402051057381,5
large_long,rotatable_xlink,1.15,pulse_01,5,0.0177547853177124,0.01175066291380649,0.005255056211191413,5,1322.8,64.44532566447313,28.820825803574742,5,0.13503928105393165,0.027515226688914617,0.012305183458545909,5,0.3394546930995145,0.033695338674163,0.01506901356006122,5,0.9557352754213893,0.008070796423084387,0.003609369886915768,5
large_long,rotatable_xlink,1.2,pulse_01,5,0.0101019493828145,0.008094968824130322,0.003620180113299388,5,1337.2,64.19657311726226,28.709580282546796,5,0.1343283217965554,0.024090170140002223,0.01077345160451612,5,0.33670908003598415,0.03502134266170321,0.01566202057097636,5,0.9546742610968384,0.008930878792521958,0.0039940104157780675,5
large_long,rotatable_xlink,1.25,pulse_01,5,0.013988893619428743,0.014914059895979699,0.006669770349582809,5,1347.2,63.72754506490894,28.499824560863527,5,0.13598596004697364,0.022050481094098535,0.009861274932595651,5,0.335991192005536,0.03547068696067269,0.015862973450535906,5,0.9566934304761684,0.008125938038477767,0.0036340299669975176,5
large_long,rotatable_xlink,1.3,pulse_01,5,0.017742157509561495,0.02226679461902516,0.009958013281833357,5,1354.0,65.23802572120036,29.17533204609675,5,0.13821074565465472,0.020077987739893607,0.008979149087561894,5,0.34186319797669557,0.036701119473231146,0.016413239598497224,5,0.9575794891222087,0.009533950604191148,0.004263712329019319,5
large_long,rotatable_xlink,1.35,pulse_01,5,0.0205695845580983,0.0265229072401498,0.011861404709979258,5,1363.2,65.04767482393203,29.090204536922734,5,0.13800973051525794,0.016496555597970163,0.007377483942333195,5,0.34151197818099627,0.033697884598853686,0.015070152132196014,5,0.9577888030783017,0.007035830956952498,0.003146519259588636,5
large_long,rotatable_xlink,1.4,pulse_01,5,0.021552095202690427,0.021395099657625073,0.009568179443966427,5,1369.6,65.29012176432205,29.19863010485252,5,0.13906862808703865,0.017377450708351987,0.007771432211905383,5,0.34184522070588175,0.03298050418974553,0.014749329860097526,5,0.958265389483163,0.008890859812610919,0.003976113383883811,5
large_long,rotatable_xlink,1.45,pulse_01,5,0.022048582893235556,0.02301890177846575,0.010294365828808045,5,1380.4,61.34166610062038,27.432827050816325,5,0.14223346998441755,0.019256633571834037,0.008611828336885096,5,0.34612005173760785,0.033589858896328866,0.01502184156936348,5,0.9591475098032982,0.010752133085052979,0.004808500096260598,5
large_long,rotatable_xlink,1.5,pulse_01,5,0.026813408781968046,0.02521584441308364,0.011276868443542662,5,1385.6,57.34806012412277,25.646832163056704,5,0.14564093928850502,0.019785086977237083,0.00884815988436959,5,0.350196291139582,0.03329114205628322,0.01488825133729028,5,0.9584164050232656,0.009595780889699163,0.004291363673312148,5
large_long,rotatable_xlink,1.55,pulse_01,5,0.029153313214961174,0.028482595933603607,0.01273780413663935,5,1396.8,62.63545321940283,28.01142624001855,5,0.1461436499097295,0.021562211568894367,0.009642914162656039,5,0.35416333811615025,0.04018885683306947,0.01797300316335005,5,0.9584372285910847,0.010326115068393588,0.0046179790472825905,5
large_long,rotatable_xlink,1.6,pulse_01,5,0.024993577277069093,0.019761254568075193,0.008837501706978876,5,1406.8,58.67878662685519,26.24195114697076,5,0.1480840794384028,0.02259615458184793,0.010105307535021061,5,0.36116382972392413,0.04471555562129185,0.019997404404176283,5,0.9605494593707677,0.008989412066770548,0.004020187291811164,5
large_long,rotatable_xlink,1.65,pulse_01,5,0.019452517135856245,0.01067899047437818,0.004775789726356467,5,1413.6,57.13842839980813,25.5530820058951,5,0.14936794797719743,0.024152416637871474,0.010801289084635507,5,0.3629822963993433,0.04924947777287661,0.02202503603130341,5,0.9609601700273199,0.009580932996651971,0.004284723493676914,5
large_long,rotatable_xlink,1.7000000000000002,pulse_01,5,0.018964187249729945,0.01582621356085315,0.00707769786969933,5,1422.4,56.87530219699936,25.435408390666737,5,0.14981567312495056,0.025208853930384603,0.011273742204640544,5,0.36378500842982187,0.05046247835413665,0.02256750638259225,5,0.9623915195091213,0.008736221954252126,0.003906957231246762,5
large_long,rotatable_xlink,1.75,pulse_01,5,0.013500296516436628,0.014636735705482455,0.0065457472012314215,5,1430.0,54.954526656136345,24.576411454889016,5,0.1513023262347723,0.02606078210585271,0.011654736067099354,5,0.365582065851696,0.0473104357412807,0.02115787007252786,5,0.9633688068740215,0.011455639221945119,0.005123117605196417,5
large_long,rotatable_xlink,1.8,pulse_01,5,0.01620353815124575,0.010692314587231374,0.004781748450772391,5,1436.0,57.06137047074842,25.518620652378527,5,0.15168199463285978,0.025501139700423475,0.011404456374773102,5,0.3701103748072362,0.047056127219940826,0.021044139844333176,5,0.9635388751567671,0.011616093331520524,0.005194874864452378,5
large_long,rotatable_xlink,1.85,pulse_01,5,0.010100626410754605,0.00892408221730629,0.003990970894938783,5,1440.4,57.67841884101886,25.79457307264456,5,0.1520674980885482,0.026781162190794332,0.011976899835012664,5,0.370659890982649,0.04711423328045947,0.021070125664578054,5,0.9632350061199793,0.010637769669201044,0.004757355221863797,5
large_long,rotatable_xlink,1.9,pulse_01,5,0.008776615003565903,0.004871943038086568,0.0021787991631336823,5,1446.4,60.305886943150085,26.969612529660115,5,0.15164971579342573,0.02702179408246826,0.012084513688480117,5,0.36842979025052003,0.048141737854773284,0.02152963967964959,5,0.9635158570539032,0.010595008364924269,0.004738231785229912,5
large_long,rotatable_xlink,1.9500000000000002,pulse_01,5,0.005939559257418352,0.004057206053044821,0.0018144377066663675,5,1453.2,61.84820126729637,27.659356463952662,5,0.15242925512645497,0.0281141367691851,0.012573024188924838,5,0.36916411697283413,0.05044650095097916,0.02256036107067944,5,0.9625563223680184,0.010832865773298365,0.004844604852045194,5
large_long,rotatable_xlink,2.0,pulse_01,5,0.010438390706223693,0.006440448065070446,0.002880255935810901,5,1456.0,61.93545026880809,27.6983754036225,5,0.15077812391263237,0.0285435220160171,0.012765051109015215,5,0.3665486562741554,0.05099201244063661,0.02280432122535568,5,0.9626405895110437,0.010021763632605778,0.004481868947388349,5
large_long,rotatable_xlink,2.05,pulse_02,5,0.009186143382609108,0.002875443230041122,0.0012859373055627028,5,1564.4,37.427262790645,16.737980762326142,5,0.14006951880815055,0.029706037389169947,0.013284943788866875,5,0.34129663585937264,0.055777207640244846,0.02494432557574162,5,0.9623245432792427,0.011605964701003656,0.005190345203181439,5
large_long,rotatable_xlink,2.1,pulse_02,5,0.006912965131949944,0.0025429395351313356,0.0011372371326450763,5,1564.4,37.427262790645,16.737980762326142,5,0.14086982324441516,0.030983617598230737,0.01385629502770054,5,0.34221611818926173,0.056201767216705466,0.025134194390434513,5,0.9630583197063374,0.011491296078182823,0.0051390638360787055,5
large_long,rotatable_xlink,2.15,pulse_02,5,0.004517362457197604,0.004003722709163983,0.0017905192281500572,5,1564.4,37.427262790645,16.737980762326142,5,0.14140774129186479,0.03079156647183194,0.013770407152943916,5,0.34479740392321656,0.056450426262818064,0.02524539809650012,5,0.9623977597813662,0.012484241454362397,0.005583122507895031,5
large_long,rotatable_xlink,2.2,pulse_02,5,0.010803908138492333,0.004673456087410327,0.002090033100261938,5,1563.6,38.32492661441115,17.139428228502837,5,0.14169257098927487,0.031987752725749934,0.014305357908446207,5,0.34337077394516646,0.05846420834930902,0.026145988823953147,5,0.9616864863125798,0.013213442237218698,0.005909231011837582,5
large_long,rotatable_xlink,2.25,pulse_02,5,0.020933952419711358,0.004912147660179503,0.0021967792167355807,5,1563.2,37.85762802923606,16.930445948054643,5,0.14202316820751207,0.032093192839194706,0.014352512160689767,5,0.34579586140196383,0.06279262116816295,0.02808171388348092,5,0.9617234383899852,0.011505588993735515,0.005145455822233203,5
large_long,rotatable_xlink,2.3,pulse_02,5,0.02278321792715127,0.015250739371122483,0.0068203379881924524,5,1563.2,37.85762802923606,16.930445948054643,5,0.1431543229512103,0.031897992407723376,0.014265215873888331,5,0.34912118622245913,0.062004951249885316,0.02772945718726082,5,0.9614215186640636,0.011923842569403138,0.005332504507638234,5
large_long,rotatable_xlink,2.35,pulse_02,5,0.017824291154778828,0.014391031297928838,0.006435864849699182,5,1562.8,38.46036921299638,17.2,5,0.1446047106594484,0.032302131416745726,0.014445952333195006,5,0.3515868584231902,0.061051124497883635,0.027302892896014102,5,0.9614342105210845,0.011591687364490394,0.005183960184185181,5
large_long,rotatable_xlink,2.4,pulse_02,5,0.007111967657478191,0.008228061963170635,0.0036797011745459823,5,1561.6,37.40053475553525,16.726027621644057,5,0.14271301630645533,0.0333326650796158,0.014906820997850873,5,0.35256910794515467,0.06020412303206213,0.02692410232509033,5,0.961096109560091,0.013644548952820836,0.0061020277961661915,5
large_long,rotatable_xlink,2.45,pulse_02,5,0.008608312396678187,0.005416465166619092,0.002422316862064003,5,1559.2,36.704223190254275,16.41462762294655,5,0.14154795070530213,0.03322801220729638,0.014860018810541508,5,0.3528334631547933,0.059831875537965956,0.026757628184839736,5,0.9603545251344388,0.01271107978796957,0.005684567694664714,5
large_long,rotatable_xlink,2.5,pulse_02,5,0.0087291928371955,0.0070275795859472846,0.0031428291342935908,5,1558.4,35.84410690755176,16.0299719276111,5,0.14288321267616508,0.03406487694850679,0.015234276100405356,5,0.35308738291706687,0.05709070314529044,0.025531738623226094,5,0.9608088719269577,0.013131154292300619,0.005872430724124465,5
large_long,rotatable_xlink,2.55,pulse_02,5,0.00830304363450393,0.005969265279367668,0.0026695365880790756,5,1557.6,36.91612113968638,16.50939126679115,5,0.14301921217527816,0.033054933655709516,0.01478261572918242,5,0.3543830647894276,0.05700605181664589,0.025493881398179118,5,0.9609450607723469,0.011856601516853433,0.005302433394762279,5
large_long,rotatable_xlink,2.6,pulse_02,5,0.008969374324896025,0.004415973398741792,0.0019748833412834865,5,1557.2,37.37913856685303,16.716458955173486,5,0.14458345874618486,0.03198110809670213,0.014302386339998974,5,0.35460257389204386,0.05638361935562563,0.025215521139330357,5,0.962253864976884,0.0113975056684819,0.005097119489732942,5
large_long,rotatable_xlink,2.65,pulse_02,5,0.008135931484375948,0.00982733189042827,0.004394916428889825,5,1556.8,36.948612964494345,16.523922052587874,5,0.14703921729974656,0.029536395039209008,0.013209077423591781,5,0.35533981159553285,0.05480513334964694,0.02450960073715026,5,0.962038893166946,0.011799332358243552,0.005276821848429096,5
large_long,rotatable_xlink,2.7,pulse_02,5,0.010602102952212889,0.01226147224020859,0.005483497086666607,5,1556.0,36.138621999185304,16.161683080669537,5,0.1467746670351963,0.03005843018795931,0.013442538639441759,5,0.35720621173892503,0.05441545943058797,0.024335333262735338,5,0.9617619988756291,0.010677945577733104,0.004775322434370897,5
large_long,rotatable_xlink,2.75,pulse_02,5,0.01413876463347447,0.012320881867871841,0.005510065879861204,5,1554.4,35.535897343390666,15.892136420255142,5,0.14834111471595707,0.028935364468545003,0.01294028838107974,5,0.35982330443543203,0.057295049117204004,0.025623124920051494,5,0.9629586419183447,0.010658601606554586,0.0047666715474689045,5
large_long,rotatable_xlink,2.8,pulse_02,5,0.02072242506786453,0.018483562037320517,0.008266100236356636,5,1554.0,35.298725189445584,15.786069808536892,5,0.14980729171937962,0.03080078056119701,0.013774527818978127,5,0.3612585925317958,0.05589748146196064,0.024998113663995663,5,0.9627020432290763,0.011781537624172656,0.005268863801424286,5
large_long,rotatable_xlink,2.85,pulse_02,5,0.0245591901104346,0.028716725068784768,0.012842509868995013,5,1552.4,34.911316216951775,15.612815249018992,5,0.15313093338069483,0.034198419846440495,0.015293998299943773,5,0.36471633924896063,0.05859996640950134,0.026206701674169854,5,0.9602388778602562,0.012114514983328559,0.005417775803432477,5
large_long,rotatable_xlink,2.9,pulse_02,5,0.01864297711191093,0.020226608232530686,0.009045614192439096,5,1552.4,34.911316216951775,15.612815249018992,5,0.15719771874178384,0.036794897567145886,0.016455178437055965,5,0.3659274138006493,0.06326847383651271,0.028294521666221865,5,0.9617717650654811,0.011945883039281454,0.005342361305419024,5
large_long,rotatable_xlink,2.95,pulse_02,5,0.01636910623532867,0.014040234317902718,0.006278983670971174,5,1552.0,34.46737587922817,15.414279094398154,5,0.15697607544219289,0.03743181384492046,0.016740016055671984,5,0.36755415541938735,0.0649594286716319,0.029050739657863558,5,0.9622087343657562,0.010538695144454652,0.004713047747429513,5
large_long,rotatable_xlink,3.0,pulse_02,5,0.01931712825413374,0.013957914146701098,0.0062421689712259245,5,1551.2,34.77355316903925,15.551205741035,5,0.15817020604166382,0.040399037188450955,0.018066998675783662,5,0.3694766786105509,0.06610274236404319,0.029562045085031144,5,0.9634174756098114,0.010800208859183744,0.004830000236066061,5
large_long,rotatable_xlink,3.05,pulse_03,5,0.011598707265433892,0.009180257917215775,0.004105536150775022,5,1673.2,35.73793502708291,15.982490419205636,5,0.14813845088522912,0.03926586930984106,0.01756023059448547,5,0.34315513107474266,0.060697799007317005,0.027144880932996013,5,0.961582723634864,0.012793493798087646,0.005721424360449189,5
large_long,rotatable_xlink,3.1,pulse_03,5,0.011245302257018624,0.006397367623533136,0.002860989776655275,5,1672.0,35.77708763999664,16.0,5,0.147935704581817,0.03984983075084296,0.017821386090149268,5,0.3440061588622403,0.05917430601005783,0.026463554151972733,5,0.9608423324272228,0.01402457306672602,0.006271979746522415,5
large_long,rotatable_xlink,3.15,pulse_03,5,0.014472868636531336,0.007569193300398831,0.003385046150905554,5,1671.6,36.370317568038914,16.26530048907797,5,0.14867854126193591,0.03970521753093504,0.01775671309211742,5,0.3425968349341094,0.06161735909854772,0.027556120707673572,5,0.960494134545181,0.01212738926415036,0.005423533356848272,5
large_long,rotatable_xlink,3.2,pulse_03,5,0.020233433777244042,0.010978803193484994,0.004909870050444845,5,1670.8,35.849686191095174,16.032467059064864,5,0.151070179614118,0.042143944185416865,0.01884734480770982,5,0.34505584858611893,0.06220079096662763,0.027817039371126846,5,0.9617796721265076,0.011762885325096646,0.005260522239690163,5
large_long,rotatable_xlink,3.25,pulse_03,5,0.02308779960708191,0.00947309631673429,0.00423649746432415,5,1669.6,35.45137514963277,15.854336946085128,5,0.1528579956539346,0.04239632151365643,0.01896021138009451,5,0.3469295406648647,0.06427035845338933,0.028742578088011356,5,0.9632479812543494,0.012038798558666013,0.0053839143889207386,5
large_long,rotatable_xlink,3.3,pulse_03,5,0.026228804508515863,0.014277719308452423,0.006385190187472181,5,1668.0,34.785054261852174,15.556349186104045,5,0.1542349919213736,0.042704380082694754,0.01909797936037871,5,0.34879893431041975,0.0645386604802514,0.02886256640212427,5,0.9632853747855027,0.012371101169974271,0.00553252463451793,5
large_long,rotatable_xlink,3.35,pulse_03,5,0.029630941217853472,0.017349160552788206,0.0077587804697184515,5,1668.0,34.785054261852174,15.556349186104045,5,0.16062526480848832,0.04945659678709888,0.022117662470350154,5,0.3511814532812519,0.06714200071246702,0.030026815547683113,5,0.9649717435478861,0.011455728839564907,0.005123157683414383,5
large_long,rotatable_xlink,3.4,pulse_03,5,0.02737937750114771,0.013466936060122864,0.006022596895815583,5,1667.6,34.911316216951775,15.612815249018992,5,0.16423629485989338,0.050138192475888965,0.022422481329011243,5,0.35239050532522564,0.06811553217453745,0.03046219205316796,5,0.9650765527365813,0.012515061133763772,0.005596905487532276,5
large_long,rotatable_xlink,3.45,pulse_03,5,0.021465667133143986,0.016249495387183913,0.007266995257162498,5,1666.8,35.82178108358097,16.019987515600626,5,0.16824640217748668,0.05515956061395956,0.02466810542836672,5,0.35822327458997416,0.06698519563833027,0.029956690186685783,5,0.9665113036143573,0.014234090089447548,0.006365678607572155,5
large_long,rotatable_xlink,3.5,pulse_03,5,0.01187633518512933,0.009162581979013925,0.004097631230897937,5,1666.8,35.82178108358097,16.019987515600626,5,0.16989999540691306,0.0566883596710989,0.02535180515150695,5,0.35958798084912635,0.07056316016384998,0.031556804566714745,5,0.9663741449442828,0.01384071871830742,0.006189757582317831,5
large_long,rotatable_xlink,3.55,pulse_03,5,0.005849222262086655,0.0075127652499251945,0.0033598107595661864,5,1666.8,35.82178108358097,16.019987515600626,5,0.17279169581294376,0.058201758545512614,0.026028617703559097,5,0.3599260073180671,0.06993415620516076,0.031275505444765636,5,0.9661557470101417,0.013104231689609048,0.005860390570174551,5
large_long,rotatable_xlink,3.6,pulse_03,5,0.009258224082927202,0.009662600692244757,0.00432124639745916,5,1666.4,36.177340974704045,16.178998732925347,5,0.1742608071126089,0.06103200258700433,0.027294341317496938,5,0.36056422724658893,0.07071825288620646,0.03162616414071567,5,0.9665686170321323,0.012014225927001264,0.00537292517396305,5
large_long,rotatable_xlink,3.65,pulse_03,5,0.011683405145272167,0.010158680278266198,0.004543099932777939,5,1664.8,35.82178108358097,16.019987515600626,5,0.17416402211768847,0.06013695536258444,0.026894064030121862,5,0.36057149101606745,0.07132877071313709,0.031899196013214136,5,0.9661525208919659,0.011767834963083004,0.005262735785090464,5
large_long,rotatable_xlink,3.7,pulse_03,5,0.008848106122663898,0.005891776300294597,0.0026348824631361864,5,1663.6,35.33836442168766,15.803797012110728,5,0.17434020401256742,0.0592256776647999,0.026486528254396714,5,0.3627620908571978,0.07112049100698435,0.031806050496955895,5,0.9666176163845523,0.012131049633404225,0.0054251703237431495,5
large_long,rotatable_xlink,3.75,pulse_03,5,0.006902326460140678,0.004931975035259265,0.0022056462884343275,5,1662.4,34.93994848307593,15.625619987699688,5,0.17441551172625397,0.06018316369572328,0.026914729024926944,5,0.3620250611865553,0.07081026785207506,0.03166731448444157,5,0.9666985599080438,0.012687834940043774,0.005674172282646969,5
large_long,rotatable_xlink,3.8,pulse_03,5,0.006419908184730402,0.006554045123494088,0.0029310580847467568,5,1662.0,35.04283093587046,15.671630419327785,5,0.1745396448559134,0.05897860201837605,0.026376032666199027,5,0.36317097242945534,0.06995255463297581,0.031283733471820355,5,0.9672321767469704,0.013522666555046206,0.006047520330829243,5
large_long,rotatable_xlink,3.85,pulse_03,5,0.004543814684600049,0.0030717810510656304,0.0013737422484357005,5,1661.2,34.8883934855132,15.602563891873666,5,0.17413166317677026,0.05870667377352365,0.026254422658100594,5,0.36286135404018127,0.06971434484449504,0.03117720281583058,5,0.9673969520153944,0.011294409942856984,0.005051013679595546,5
large_long,rotatable_xlink,3.9,pulse_03,5,0.0065263262980693295,0.004090793197196408,0.001829458334164974,5,1660.4,34.44996371551064,15.406492138056603,5,0.17260930473806457,0.05821507316388106,0.02603457218191236,5,0.3648614373240969,0.07196854233238881,0.03218531057935853,5,0.9661462446069142,0.012123929463630004,0.0054219860870178506,5
large_long,rotatable_xlink,3.95,pulse_03,5,0.012741883833871351,0.008293084638499272,0.003708780198968728,5,1658.4,35.02570484658374,15.663971399361017,5,0.17271757487712477,0.05757223997041862,0.0257470884381573,5,0.3647804916850664,0.07324641548616459,0.03275679282705146,5,0.9669606875555733,0.01379851689715585,0.006170884354143991,5
large_long,rotatable_xlink,4.0,pulse_03,5,0.015305617789139081,0.015347831422036351,0.006863758873376109,5,1657.6,35.45137514963277,15.854336946085128,5,0.17414529116943261,0.06315166272584004,0.028242282149423596,5,0.36732787776441717,0.07460519956902492,0.033364459542255545,5,0.9666991562404545,0.012797345196951594,0.005723146758382839,5
large_long,rotatable_xlink,4.05,pulse_04,5,0.026110210861053196,0.02263034241241929,0.010120596797653222,5,1776.8,39.23263947276553,17.545369759569045,5,0.16601404861003405,0.06156482514429244,0.02753262680910524,5,0.3453864132560736,0.06938336414686591,0.031029183748002773,5,0.966489076513812,0.013261423648128186,0.005930688951127575,5
large_long,rotatable_xlink,4.1,pulse_04,5,0.019158397522893562,0.014447847900264835,0.006461274006713954,5,1776.0,39.54743986657038,17.686152775547313,5,0.16955869919280747,0.06856148006344089,0.030661626011970082,5,0.34649959684612386,0.07509084477343354,0.03358164668025644,5,0.9649917557293181,0.013755114150867687,0.006151474055921889,5
large_long,rotatable_xlink,4.15,pulse_04,5,0.013775975150822767,0.013518619254899427,0.006045710323178534,5,1775.6,39.73411632338134,17.76963702499294,5,0.17142121682800232,0.07069701420147723,0.031616665912154215,5,0.3471386851835735,0.07742863432284088,0.03462713795016912,5,0.9650123227918599,0.012080170455664684,0.005402416463730168,5
large_long,rotatable_xlink,4.2,pulse_04,5,0.01490771500996376,0.012814381377765364,0.005730765570058153,5,1774.4,39.50696141188284,17.66805026028622,5,0.17179185686236442,0.07046046721236343,0.03151087888264795,5,0.34854580548641184,0.07719684308913535,0.0345234777591383,5,0.9641548983308563,0.012519711613597386,0.0055989852453394665,5
large_long,rotatable_xlink,4.25,pulse_04,5,0.01131082009190231,0.0040467023596681955,0.0018097403121853776,5,1773.6,39.07428822128434,17.474552927042225,5,0.17158372516624948,0.06935526087039902,0.031016615580688685,5,0.35101481879118157,0.0776599281298945,0.03473057568523844,5,0.9653459543945621,0.012606145846967589,0.005637639809619238,5
large_long,rotatable_xlink,4.3,pulse_04,5,0.007349188331471505,0.005040641966488604,0.0022542436174613468,5,1772.8,38.12086043100286,17.048167056900866,5,0.1721553116893828,0.06874064584581645,0.03074175138569682,5,0.3514607489650256,0.07657385558225813,0.034244869276236184,5,0.9642085924110866,0.012168938977363621,0.005442114953486366,5
large_long,rotatable_xlink,4.35,pulse_04,5,0.0071943652275298755,0.006653475371926965,0.0029755246436498775,5,1771.2,38.641946120763635,17.281203661782357,5,0.17207941291144344,0.06862988495636582,0.03069221761008483,5,0.35226858244903647,0.07509967231333843,0.03358559447611672,5,0.964802322444571,0.012308706552066902,0.005504620913103729,5
large_long,rotatable_xlink,4.4,pulse_04,5,0.005654307616856332,0.005810448944799526,0.0025985117640727326,5,1770.8,38.173289090671766,17.07161386629864,5,0.17192536188598426,0.06826731887182566,0.030530073127811284,5,0.35223819748146296,0.07367504346859337,0.032948481088205334,5,0.9651457871775666,0.012053324688319302,0.005390410671591684,5
large_long,rotatable_xlink,4.45,pulse_04,5,0.005680538638070521,0.004750119241616485,0.002124317905096842,5,1770.0,38.49675310984031,17.216271373325874,5,0.17176918151006565,0.06790838962874922,0.03036955509048499,5,0.3532832181896735,0.07360981089143862,0.032919308192832224,5,0.9654049178448032,0.012146951789731807,0.0054322819842506104,5
large_long,rotatable_xlink,4.5,pulse_04,5,0.006378885900495808,0.00707508462119845,0.0031640740319126164,5,1770.0,38.49675310984031,17.216271373325874,5,0.17151563457934665,0.06830777951527768,0.030548167677645705,5,0.35389643355871714,0.07371955275041932,0.03296838624416384,5,0.9657180245798823,0.013218935525129491,0.005911687684875284,5
large_long,rotatable_xlink,4.55,pulse_04,5,0.005959541909760462,0.006122793675812485,0.002738196574264505,5,1768.8,37.7783006499763,16.8949696655543,5,0.17280839990100336,0.06837636236405097,0.030578838860035235,5,0.3545981796651495,0.07789567658921655,0.03483600560136543,5,0.9667627881788725,0.013549652134597622,0.006059588648887082,5
large_long,rotatable_xlink,4.6,pulse_04,5,0.006329200275895197,0.005288235630436089,0.00236497087013831,5,1768.0,38.0,16.994116628998402,5,0.17486456315950194,0.0695129288528141,0.03108712684599976,5,0.35665887977357713,0.0805628480791593,0.03602880095319771,5,0.966697638752288,0.013565599427212464,0.006066720494955856,5
large_long,rotatable_xlink,4.65,pulse_04,5,0.005950715452369951,0.007595481980052211,0.0033968028058542887,5,1767.2,37.05671329192593,16.572265988693278,5,0.1745291556374681,0.06909565615687562,0.03090051682334515,5,0.35752322100598466,0.08034703549937924,0.03593228663344015,5,0.966460121880511,0.01326548855063514,0.005932506830793067,5
large_long,rotatable_xlink,4.7,pulse_04,5,0.008054346978353468,0.00890354193394042,0.003981785000962144,5,1765.2,35.485208185946995,15.869467539901894,5,0.17410198241717795,0.06954422229292602,0.031101121697867773,5,0.3577373787750847,0.0812013511232853,0.03631434819529897,5,0.9670642281447395,0.01417088318027347,0.006337411618459977,5
large_long,rotatable_xlink,4.75,pulse_04,5,0.00961211155339101,0.009561456043582493,0.004276013135465329,5,1764.4,35.1965907439911,15.7403938959608,5,0.17395589341961756,0.0696564123517299,0.031151294617444807,5,0.35926639223801304,0.08136569565709134,0.03638784530516313,5,0.9681237979378707,0.013843610047181069,0.0061910506238991875,5
large_long,rotatable_xlink,4.8,pulse_04,5,0.009149936334468974,0.006918529332082496,0.0030940603781725354,5,1764.0,35.185224171518364,15.735310610216755,5,0.17541342075359181,0.07061765943692726,0.031581177382579775,5,0.3601615034276036,0.08235329334281581,0.03682951241710341,5,0.9666828241748215,0.014309786150311978,0.006399530915116521,5
large_long,rotatable_xlink,4.85,pulse_04,5,0.009575629112145588,0.003063307576338417,0.0013699527953365653,5,1763.6,35.1965907439911,15.7403938959608,5,0.1763222492420798,0.07051557408857562,0.03153552342689557,5,0.36156503157567066,0.0824074382386675,0.036853726750655215,5,0.970061321518328,0.014038617665815507,0.006278260682178579,5
large_long,rotatable_xlink,4.9,pulse_04,5,0.008163405522276627,0.0032547518791209164,0.0014555692903219094,5,1762.8,34.91704454847231,15.615377036754508,5,0.1762528630124501,0.07060131263273393,0.03157386686950154,5,0.362503739721536,0.08389470084792455,0.037518850809593704,5,0.9694552825285679,0.015279093624581701,0.0068330183958296665,5
large_long,rotatable_xlink,4.95,pulse_04,5,0.007493601648051469,0.007167895900376462,0.003205580497776766,5,1761.6,34.47897910321592,15.419468213917106,5,0.17841719591008473,0.07003743349718303,0.031321692453864416,5,0.36321865221728683,0.0829219815373795,0.037083837509312614,5,0.9685140371447059,0.015035580553118285,0.006724116039589274,5
large_long,rotatable_xlink,5.0,pulse_04,5,0.011180800359626607,0.010183291047927166,0.004554106203566042,5,1760.0,35.6931365951495,15.962455951387932,5,0.18001440954815773,0.07096130021520727,0.03173485821059478,5,0.36348261339532795,0.08405125024641835,0.03758886182896747,5,0.9690471659591624,0.015171561103433165,0.0067849283904136545,5
large_long,rotatable_xlink,5.05,pulse_05,5,0.014135805181082265,0.023042906337007046,0.010305100993741685,5,1872.4,30.737599125501003,13.746272221951665,5,0.1709388791461361,0.06688154147808416,0.029910334636993587,5,0.3456742006249439,0.08058625517179005,0.036039268923253306,5,0.9686095594873885,0.014883382015680648,0.006656050784431954,5
large_long,rotatable_xlink,5.1,pulse_05,5,0.011782536073751512,0.016276534967737448,0.007279087725202656,5,1870.8,31.3878957561669,14.037093716293269,5,0.17322281371599427,0.06770788593623074,0.030279887113242785,5,0.34597149326398186,0.08053823162808826,0.03601779214160578,5,0.9676049398653561,0.015381740595356628,0.006878923516697101,5
large_long,rotatable_xlink,5.15,pulse_05,5,0.007830025674000419,0.008316723953314198,0.0037193520219422666,5,1868.8,32.01874451005223,14.319217855734996,5,0.17340304134067708,0.06740644453865796,0.030145078422001727,5,0.3463369480938012,0.07927820175703075,0.035454289652532806,5,0.9687701490585823,0.015837253112911523,0.007082634907468063,5
large_long,rotatable_xlink,5.2,pulse_05,5,0.003917397743022792,0.002181668195350258,0.0009756716778304935,5,1868.8,32.01874451005223,14.319217855734996,5,0.17361698355579785,0.0676307661078628,0.030245398077514016,5,0.3467729097322123,0.0791904502748671,0.03541504599668394,5,0.9686803702449278,0.015594735846831777,0.00697417788893372,5
large_long,rotatable_xlink,5.25,pulse_05,5,0.004110692144516699,0.0032264837879490494,0.0014429274156310182,5,1866.8,30.74410512602375,13.749181793837769,5,0.17447626188250903,0.06769038533192623,0.030272060605068343,5,0.3469547627463639,0.08039982213308584,0.03595589353369442,5,0.9679778053201756,0.015228000559312706,0.006810168882405605,5
large_long,rotatable_xlink,5.3,pulse_05,5,0.006055717003006541,0.006141058076110102,0.0027463646623912532,5,1866.4,30.737599125501003,13.746272221951665,5,0.17480452397710827,0.06849017521532803,0.030629737514468954,5,0.3495516580310551,0.08065249896403032,0.036068894047760626,5,0.9680675587346099,0.015668779655847027,0.007007291286987942,5
large_long,rotatable_xlink,5.35,pulse_05,5,0.011941888783597957,0.0073322002471468755,0.003279059635452234,5,1864.0,28.53068523537421,12.759310326189263,5,0.17451887528480262,0.06777794383805166,0.0303112179594093,5,0.34841854529352484,0.0799802705545916,0.03576826436377832,5,0.9682360089505277,0.015512936792128776,0.006937596239571493,5
large_long,rotatable_xlink,5.4,pulse_05,5,0.014585917384345079,0.01048573207059691,0.004689361940740862,5,1864.0,28.53068523537421,12.759310326189263,5,0.17656631021859515,0.06607539621466571,0.02954981551524496,5,0.3499089855253444,0.07982229182490132,0.035697614128061016,5,0.9684613986754821,0.015493583547135887,0.006928941205293632,5
large_long,rotatable_xlink,5.45,pulse_05,5,0.012210338305269682,0.00841478797374244,0.0037632075851071626,5,1863.6,28.684490582891655,12.82809416865966,5,0.18024515805553448,0.06800455111684137,0.030412559815323308,5,0.3510356045334156,0.08109562682242256,0.03626706685057842,5,0.9691280867543804,0.015439740010142526,0.006904861643520396,5
large_long,rotatable_xlink,5.5,pulse_05,5,0.013344844783428131,0.010870281830306245,0.0048613378214291195,5,1862.0,28.178005607210743,12.601587201618692,5,0.18307981144134491,0.06930507481676478,0.030994171695198962,5,0.3538365989486822,0.08009821562415813,0.03582101100241066,5,0.9681760419217168,0.015517314556292374,0.0069395540352233465,5
large_long,rotatable_xlink,5.55,pulse_05,5,0.012582841473433342,0.013382937616161827,0.0059850316496753665,5,1860.4,27.763285108214408,12.416118556135004,5,0.18356526403494336,0.07003710016104255,0.03132154338141052,5,0.3556433779700394,0.0821722081863029,0.036748528673167594,5,0.9702705666788128,0.015235815023092129,0.006813663616849305,5
large_long,rotatable_xlink,5.6,pulse_05,5,0.010331030561585467,0.011906402249719828,0.005324704959565992,5,1859.6,27.254357449773053,12.188519188154071,5,0.18614142526253008,0.07292099371236281,0.0326112597855356,5,0.35437733079642625,0.08213868249867515,0.03673353552986198,5,0.9696352709633136,0.015290725686644633,0.006838220412127909,5
large_long,rotatable_xlink,5.65,pulse_05,5,0.009193718553426194,0.00892552620760032,0.003991616667030043,5,1857.6,27.618834153526464,12.351518125315607,5,0.18591887897649484,0.0728542046215411,0.03258139079608905,5,0.3568585095759287,0.0808743680953211,0.036168116939695634,5,0.9701286146074406,0.014057627677539096,0.006286762217871982,5
large_long,rotatable_xlink,5.7,pulse_05,5,0.00529489639076944,0.0053649973625571196,0.0023992997603569607,5,1856.0,27.712812921102035,12.393546707863733,5,0.1854720997638451,0.07039645950100047,0.0314822537639096,5,0.3560993860179238,0.08212797437833944,0.0367287467128656,5,0.9701212241163306,0.013147010169121493,0.005879521687807333,5
large_long,rotatable_xlink,5.75,pulse_05,5,0.003561206920300708,0.002992402589135665,0.0013382431210707442,5,1856.0,27.712812921102035,12.393546707863733,5,0.18745744102889642,0.07084711394328341,0.03168379255737098,5,0.35575643509866,0.08087777738199237,0.03616964161904598,5,0.9716907160434246,0.014102631699923759,0.006306888628534588,5
large_long,rotatable_xlink,5.8,pulse_05,5,0.0047587578518174635,0.0035250076352274524,0.001576431338714873,5,1855.2,27.553584158871235,12.322337440599489,5,0.18640757012614026,0.07143593359410941,0.0319471207105179,5,0.35688122817404305,0.08256283817997861,0.036923223717149435,5,0.9699447181047713,0.012853646093442642,0.005748325284732472,5
large_long,rotatable_xlink,5.85,pulse_05,5,0.005449661359784582,0.001897240401510978,0.0008484717014875082,5,1853.6,28.36899716239543,12.687001221722964,5,0.18556861721587,0.07145239957942529,0.03195448452301446,5,0.3573356875078691,0.08258387582731831,0.036932632039057084,5,0.9692491461767314,0.012843572107550494,0.005743820061280628,5
large_long,rotatable_xlink,5.9,pulse_05,5,0.007422981600602396,0.0032388142651827573,0.0014484417726889352,5,1853.2,28.72629457483161,12.846789482201379,5,0.18609821170416796,0.07137303036625854,0.03191898953182216,5,0.358002697095278,0.08434462518368363,0.037720063089491454,5,0.9695369979756748,0.013285415302982941,0.005941418345357163,5
large_long,rotatable_xlink,5.95,pulse_05,5,0.007187535973301085,0.008614636758850403,0.0038525826788515924,5,1852.0,27.53179979587241,12.312595177297107,5,0.18670713671719744,0.07050387816713061,0.03153029285181346,5,0.3576415873540141,0.08247514460487264,0.03688400595812405,5,0.9699902004426697,0.014565064551517163,0.006513694886772972,5
large_long,rotatable_xlink,6.0,pulse_05,5,0.008800741997765727,0.007443920092133757,0.0033290222690175154,5,1850.8,27.444489428663086,12.273548794053005,5,0.18733277188366412,0.07056240309804712,0.03155646599659502,5,0.3583780070042434,0.08401986736341377,0.037574826977021844,5,0.9685189258974594,0.012366668635436688,0.0055305423448102,5
large_long,rotatable_xlink,6.05,pulse_06,5,0.012029922959779308,0.012207369264516904,0.005459301500380281,5,1969.6,37.5339846006256,16.785708206685825,5,0.17560041776554752,0.06567985761040815,0.029372925273875902,5,0.33657933985622257,0.0759532742153421,0.033967336851837386,5,0.966758494081825,0.013570172112692895,0.006068765462070649,5
large_long,rotatable_xlink,6.1,pulse_06,5,0.007529400174191171,0.010300875149915107,0.004606691412589703,5,1968.8,37.405881890419316,16.728418933061185,5,0.17645699446691257,0.06702658658544322,0.02997520078096531,5,0.3386933997512499,0.07642628948801547,0.034178875712656036,5,0.9668425888214076,0.01232339457328168,0.00551118959588197,5
large_long,rotatable_xlink,6.15,pulse_06,5,0.011250840162633424,0.004840665910885759,0.002164811606621299,5,1968.0,36.932370625238775,16.51665825765006,5,0.1754942011882902,0.06845776998187211,0.030615245453502117,5,0.340064396634659,0.07656444064368846,0.03424065878770703,5,0.9671781011466697,0.013688056433127392,0.00612148493286523,5
large_long,rotatable_xlink,6.2,pulse_06,5,0.013701564353864123,0.00900366988633869,0.004026563582564223,5,1967.2,35.93327149036113,16.06984754128053,5,0.17577647006597283,0.06836777951832664,0.030575000494739237,5,0.3398397804502273,0.07784440669740347,0.03481307700870681,5,0.966442904688579,0.014178128194319241,0.006340651687240834,5
large_long,rotatable_xlink,6.25,pulse_06,5,0.012705911149852084,0.011737621149321281,0.005249223756804319,5,1966.0,36.4417343165772,16.29723902997069,5,0.17651731615444674,0.06892542475381527,0.03082438702551553,5,0.34177912636486585,0.07809669423209542,0.03492590342419622,5,0.9688447302870002,0.014874871279772123,0.006652244667625952,5
large_long,rotatable_xlink,6.3,pulse_06,5,0.012861395990159253,0.008593160835254571,0.0038429783538436184,5,1964.8,37.02971779530597,16.56019323558756,5,0.17948381000073316,0.07130751621050037,0.031889690710669404,5,0.342176896749893,0.07920926504485457,0.035423460217618545,5,0.9671428244842222,0.01389685573428596,0.006214862819074232,5
large_long,rotatable_xlink,6.35,pulse_06,5,0.007937157879168755,0.0040864116623406,0.0018274988522082997,5,1963.6,36.507533469134835,16.32666530556684,5,0.17966993028033895,0.07164688034020085,0.03204145896329647,5,0.34373215374519567,0.08047720676931236,0.035990500995097735,5,0.9686488908816198,0.014612003773089268,0.006534686744822203,5
large_long,rotatable_xlink,6.4,pulse_06,5,0.006191362563951105,0.005267640122262,0.002355760278876627,5,1962.0,35.7211421989835,15.974980438172684,5,0.17981826301809967,0.07178548968925041,0.032103446948654836,5,0.34444949466685604,0.08106294171813667,0.03625244962757144,5,0.9683151149526206,0.014286121281298865,0.006388947663958131,5
large_long,rotatable_xlink,6.45,pulse_06,5,0.008951945182875757,0.007869661145352811,0.003519419456179548,5,1961.2,36.704223190254275,16.41462762294655,5,0.18118776411473325,0.07305313130235494,0.032670353512256674,5,0.3450087458472463,0.08145184986492712,0.03642637463821682,5,0.9686036949805945,0.015477796158148018,0.00692188087030081,5
large_long,rotatable_xlink,6.5,pulse_06,5,0.009746252230678813,0.011081043406080293,0.004955593263524268,5,1960.0,35.749125863438955,15.987495113369073,5,0.18206837981528506,0.07409179945214477,0.033134860030055474,5,0.34574041794115373,0.08149805410795732,0.03644703780386971,5,0.968970516802754,0.015423021258086454,0.006897384790301127,5
large_long,rotatable_xlink,6.55,pulse_06,5,0.009034275002839353,0.010193631777110771,0.004558730718244333,5,1958.8,36.29325006113395,16.230834852218784,5,0.18238937571754046,0.07473641206823056,0.033423139555799834,5,0.34572571401361746,0.0831765732628396,0.03719769439024016,5,0.9679526513972805,0.015688330008966557,0.007016034470699821,5
large_long,rotatable_xlink,6.6,pulse_06,5,0.00743723072103916,0.005590301912210851,0.0025000590180901047,5,1958.0,35.832945734337834,16.0249804992081,5,0.18255069863947987,0.07487673209635154,0.033485892580096474,5,0.3462037324016222,0.08542645303844434,0.038203871214131,5,0.9668842141933224,0.015867117740109495,0.007095990774775534,5
large_long,rotatable_xlink,6.65,pulse_06,5,0.004441379773952936,0.003708656843475887,0.001658561761446376,5,1956.8,36.29325006113395,16.230834852218784,5,0.18260605442906605,0.07543139234228623,0.033733944182961814,5,0.34570832896979464,0.08527311823994042,0.0381352978075768,5,0.9678363356980352,0.015991880755374836,0.0071517864914177635,5
large_long,rotatable_xlink,6.7,pulse_06,5,0.005834080523642175,0.00414840716683716,0.0018552240846790402,5,1955.6,35.31005522510549,15.791136754521503,5,0.18084292839115199,0.07543693966004167,0.033736425018880606,5,0.34545514353448026,0.08496717809670361,0.03799847721611209,5,0.9663097379733699,0.016652613746289218,0.007447275267950026,5
large_long,rotatable_xlink,6.75,pulse_06,5,0.0051522300715446025,0.0036385813502189646,0.0016272230481505147,5,1954.8,34.31034829318991,15.344054223053304,5,0.18301420782316452,0.07577537292029878,0.033887776974036964,5,0.3465308133995777,0.08552407296639443,0.03824752817310201,5,0.9658265027333108,0.01651611927313141,0.007386233083843249,5
large_long,rotatable_xlink,6.8,pulse_06,5,0.006743463797008705,0.0032927592383538906,0.0014725666980999464,5,1954.4,33.86443562205046,15.14463601411404,5,0.1848765500454687,0.0781339808277602,0.03494257849670742,5,0.3478144515513316,0.08688924334701666,0.03885805092749012,5,0.9669346083664273,0.01641048767972825,0.007338993199159033,5
large_long,rotatable_xlink,6.85,pulse_06,5,0.006657504478460157,0.006486682322114191,0.0029009325241387035,5,1953.6,35.25336863336609,15.765785740013085,5,0.18513443547323866,0.07891112252549487,0.03529012682956428,5,0.3489841262250938,0.08507587604837522,0.03804708841790263,5,0.9668476746210398,0.016633881599375185,0.007438897997177167,5
large_long,rotatable_xlink,6.9,pulse_06,5,0.006861511633590003,0.006198661841832796,0.002772125849574436,5,1953.2,35.202272653906874,15.742934923323538,5,0.18390924743166712,0.0778227074438874,0.03480337280752223,5,0.3504594906858781,0.08402443132504152,0.03757686804271111,5,0.9664423036051073,0.01530071429379578,0.00684268745304601,5
large_long,rotatable_xlink,6.95,pulse_06,5,0.007493862572966603,0.0068360579720643504,0.003057178064733049,5,1952.0,34.20526275297414,15.297058540778355,5,0.18403058370280143,0.07868791743382456,0.035190306477984504,5,0.3492523272980935,0.08496830142326076,0.037998979583020634,5,0.9660346307927256,0.015712298745295387,0.007026753615453028,5
large_long,rotatable_xlink,7.0,pulse_06,5,0.010946135479393871,0.012966238961688616,0.005798678346168407,5,1951.2,34.455768747772844,15.409088227406576,5,0.1861427290206107,0.08004871340749853,0.035798872938113104,5,0.351067781603372,0.08546109531542578,0.03821936371137617,5,0.9659847315847191,0.016604478551806592,0.00742574855455536,5
large_long,rotatable_xlink,7.05,pulse_07,5,0.00956203127367649,0.011932728675158823,0.0053364784949432266,5,2072.0,34.785054261852174,15.556349186104045,5,0.17633704863562857,0.07566945806268716,0.033840410409747605,5,0.3336188122590086,0.07815276282507952,0.03495097806125926,5,0.9641725868853204,0.017057761123566557,0.007628462683249602,5
large_long,rotatable_xlink,7.1,pulse_07,5,0.008284636436366632,0.0048636316836311675,0.002175082212424208,5,2071.2,33.781651824622195,15.107613974417005,5,0.17491355782011458,0.07592855976042188,0.03395628421159169,5,0.3357365870519939,0.07934989992483803,0.03548635404794866,5,0.963902739450145,0.017275681333313756,0.007725919563782752,5
large_long,rotatable_xlink,7.15,pulse_07,5,0.009395193199490323,0.007841710219795442,0.003506919422263485,5,2070.0,32.83291031876401,14.683323874382122,5,0.17414873459084407,0.07442060219155093,0.03328190508535554,5,0.33571090137615656,0.08097129106787615,0.03621146221073852,5,0.9653008124278756,0.015160418966944911,0.006779945475493192,5
large_long,rotatable_xlink,7.2,pulse_07,5,0.010521315069197535,0.01938980181161841,0.008671382984205467,5,2069.2,31.89357302028106,14.263239463740346,5,0.1756036922461956,0.0763878767116611,0.034161696996829465,5,0.3368556012966961,0.08073663423312039,0.03610652048395876,5,0.965785561518033,0.015492562539088718,0.006928484596613823,5
large_long,rotatable_xlink,7.25,pulse_07,5,0.012115709962629962,0.020275263609057827,0.009067373538316204,5,2068.4,32.13720585240727,14.372195378577345,5,0.17799407700759112,0.07834249496583952,0.03503582885411045,5,0.33894742697670044,0.07998268694204329,0.035769345005098714,5,0.9657309153189665,0.015880727218800187,0.0071020771186736786,5
large_long,rotatable_xlink,7.3,pulse_07,5,0.010315763055167895,0.015342396528021829,0.006861328314882713,5,2068.4,32.13720585240727,14.372195378577345,5,0.17858156901384742,0.07836159946127853,0.035044372644205936,5,0.34069534828093534,0.07944962339512417,0.035530951739651054,5,0.9661740919520134,0.015515025037439187,0.006938530131265048,5
large_long,rotatable_xlink,7.35,pulse_07,5,0.008228479710826327,0.011176064688615536,0.004998088072935871,5,2067.2,31.578473680657844,14.122322755127785,5,0.1780471846191493,0.0769130090150268,0.034396543302330815,5,0.34246931993043495,0.0814990885367508,0.03644750041448973,5,0.9661796713353923,0.015040816497772393,0.006726457625223877,5
large_long,rotatable_xlink,7.4,pulse_07,5,0.0089888077040538,0.010892647902550687,0.004871340233014768,5,2066.0,31.336879231984796,14.01427843308388,5,0.17805015920900497,0.07690488487890149,0.03439291007820388,5,0.3425134320217816,0.08207864559360967,0.03670668620968496,5,0.9657673839284288,0.015931519543265604,0.007124792136721658,5
large_long,rotatable_xlink,7.45,pulse_07,5,0.0084882963061551,0.012647494994622078,0.005656131710612661,5,2065.6,31.317726609701413,14.005713120009275,5,0.17797705802858882,0.07765210399662861,0.034727076626468935,5,0.34370947791308987,0.08208439890183089,0.03670925916734059,5,0.9665484306966418,0.01663958262716933,0.007441447574315032,5
large_long,rotatable_xlink,7.5,pulse_07,5,0.012490449709524057,0.01759330895382923,0.007867966953983573,5,2064.0,30.95157508108432,13.84196517839862,5,0.17741741580709464,0.07807903437983196,0.03491800569816948,5,0.34380181384330283,0.0822274597755276,0.036773237935041864,5,0.9671353801266959,0.0169974421360084,0.007601487211946802,5
large_long,rotatable_xlink,7.55,pulse_07,5,0.01223001025949626,0.014681748003629983,0.006565877312927694,5,2064.0,30.95157508108432,13.84196517839862,5,0.17914363823678306,0.07972870075175933,0.03565575892773449,5,0.3443667645911385,0.08424855841560697,0.03767710072473183,5,0.9674554344335526,0.016853174046936988,0.007536968561117267,5
large_long,rotatable_xlink,7.6,pulse_07,5,0.005508500904947129,0.0032206167818901957,0.0014403036107566182,5,2063.2,30.01999333777408,13.425349157470729,5,0.17888334505902564,0.07887931905206193,0.03527590388386095,5,0.34497518998800913,0.08479731694752086,0.037922513000850325,5,0.9675790544421616,0.016914850051294533,0.007564550908782076,5
large_long,rotatable_xlink,7.65,pulse_07,5,0.0034494373765231014,0.0022769366350330385,0.0010182770192787005,5,2062.4,29.846272799128535,13.347658970770865,5,0.178986646776834,0.07950840050941323,0.03555723766426538,5,0.3453643911591606,0.08359969529121028,0.03738692031388305,5,0.9675340660154548,0.017453100603294528,0.00780526387342183,5
large_long,rotatable_xlink,7.7,pulse_07,5,0.003983536500541995,0.003986995147221832,0.0017830384350299596,5,2061.6,29.711950457686214,13.287588193498472,5,0.17853179908551647,0.07749175006020916,0.034655364166010214,5,0.34416783179663907,0.08274685719324679,0.03700551952171345,5,0.9675440125114336,0.01833631581517843,0.008200249723928688,5
large_long,rotatable_xlink,7.75,pulse_07,5,0.004264216196277133,0.003959005292665931,0.0017705209915364942,5,2061.2,29.34620929523948,13.124023773218333,5,0.17834524632140394,0.07705092454350028,0.03445822100169471,5,0.3455414275826508,0.082056115046191,0.03669661024256527,5,0.9684470884341343,0.01781216268453158,0.00796584131777955,5
large_long,rotatable_xlink,7.8,pulse_07,5,0.00783272620867661,0.008784609029394184,0.003928596589096768,5,2060.0,29.154759474226502,13.038404810405297,5,0.17732381603773104,0.07702498356449022,0.03444661984320084,5,0.34720707670621553,0.08198039213659881,0.03666274592790483,5,0.9682643759384089,0.017807661069230884,0.007963828134215369,5
large_long,rotatable_xlink,7.85,pulse_07,5,0.006654273166389914,0.010776916339508311,0.004819583504593757,5,2058.4,27.978563222581677,12.512393855693642,5,0.17750286136193744,0.07544837846894226,0.033741540609737275,5,0.347488081782664,0.08241026143138479,0.0368549893208211,5,0.9686242323643011,0.017048251200999086,0.007624209716585277,5
large_long,rotatable_xlink,7.9,pulse_07,5,0.00653131441373446,0.004799020613716854,0.002146187263538729,5,2057.6,27.72724292099739,12.399999999999999,5,0.17689159582844866,0.07455433339821867,0.033341711499119964,5,0.34831307517853033,0.08417281021284291,0.03764322509862106,5,0.9684626699579436,0.01754490657482199,0.007846320752036994,5
large_long,rotatable_xlink,7.95,pulse_07,5,0.00974241679432426,0.007137575435884072,0.0031920207738338952,5,2057.6,27.72724292099739,12.399999999999999,5,0.17607062023416314,0.07431884967288732,0.03323639997563281,5,0.34783179343176734,0.08389103145009857,0.03751720980499863,5,0.968421226928785,0.01816284204685209,0.008122669896270538,5
large_long,rotatable_xlink,8.0,pulse_07,5,0.012439868412002397,0.00815594070495098,0.003647447567345589,5,2055.6,27.254357449773053,12.188519188154071,5,0.1754059014914607,0.07559305938159253,0.03380624388088382,5,0.34810689109352455,0.08427482561944707,0.0376888477754049,5,0.967916138863254,0.019220822071602965,0.00859581294710651,5
small_long,nomotor_xlink,0.0,initial,5,0.11997236615711009,0.09776694920851739,0.043722708876602824,5,32.8,5.585696017507577,2.4979991993593593,5,0.31019607843137254,0.19480958001558618,0.08712149271660705,5,0.4883473389355742,0.20385110519599353,0.09116498570134042,5,0.5986343845953481,0.022624888364700994,0.010118157673363095,5
small_long,nomotor_xlink,0.05,initial,5,0.12025885155685465,0.031901342832558244,0.014266714229425183,5,40.8,9.959919678390985,4.454211490264017,5,0.26165688053805913,0.20829168348650143,0.09315087268473751,5,0.46120956549588976,0.23142106872755538,0.10349464822009291,5,0.6485799968305168,0.049898441877701274,0.022315261601972457,5
small_long,nomotor_xlink,0.1,initial,5,0.1071860327609174,0.06157434197912892,0.02753688286703024,5,50.8,10.449880382090505,4.673328578219169,5,0.2195994729907773,0.1759349532491333,0.0786805030166619,5,0.4471277997364954,0.22044692591360668,0.09858686235473689,5,0.6603212701369099,0.05308518845808187,0.02374041799813166,5
small_long,nomotor_xlink,0.15000000000000002,initial,5,0.07703270275781517,0.05906436502687163,0.02641438704958923,5,58.0,9.055385138137417,4.049691346263318,5,0.17153570443893024,0.14389456790340588,0.06435160708499499,5,0.41784505100634134,0.1994853792287949,0.08921257369458198,5,0.6999189238474045,0.024630015997514906,0.011014878011470124,5
small_long,nomotor_xlink,0.2,initial,5,0.04850517257483907,0.042575519751536825,0.01904035126836426,5,64.8,7.014271166700073,3.1368774282716245,5,0.15569350492218006,0.11702898629865599,0.052336953740337255,5,0.377278295660782,0.17513740928745888,0.07832383051399221,5,0.7283213418039953,0.04030890319740075,0.01802668952956934,5
small_long,nomotor_xlink,0.25,initial,5,0.04707000674602323,0.017353788969102654,0.007760850360419906,5,71.6,9.09945053286186,4.069397989875161,5,0.1424988997646868,0.11289526247343369,0.050488296245655755,5,0.38023607650720304,0.16767795368190083,0.07498786055215828,5,0.7389256318556259,0.043954660068623204,0.01965712156826741,5
small_long,nomotor_xlink,0.30000000000000004,initial,5,0.07689683434167519,0.035004090524525945,0.015654305180679257,5,80.0,10.954451150103322,4.898979485566356,5,0.1223716603874315,0.09870947403264466,0.044144218792048745,5,0.3711442321785251,0.16416419050522765,0.0734164578881829,5,0.7635213645018954,0.035010310517284794,0.015657086846004923,5
small_long,nomotor_xlink,0.35000000000000003,initial,5,0.05284347630367377,0.02437016596662213,0.01089866954486379,5,87.2,10.449880382090505,4.673328578219169,5,0.10697216179050373,0.09228389472103017,0.041270612364931486,5,0.331761700400683,0.14294923909143517,0.06392884318806386,5,0.7670915831519606,0.03764490241960392,0.016835312163316137,5
small_long,nomotor_xlink,0.4,initial,5,0.0468095228800688,0.02577197373334901,0.011525577036421484,5,92.0,11.575836902790225,5.176871642217914,5,0.10107486009925035,0.08530395145175361,0.038149086839092586,5,0.31587847112237355,0.13852609940377308,0.06195075498494594,5,0.7621087945539495,0.017950679629543245,0.008027787978795888,5
small_long,nomotor_xlink,0.45,initial,5,0.05010449751065493,0.04377748412823708,0.019577886078931246,5,98.0,11.40175425099138,5.0990195135927845,5,0.09369635337998751,0.0770563515937687,0.03446064805235821,5,0.2950751640648002,0.1256790666857918,0.05620538729163193,5,0.7859393266666489,0.025149144000035175,0.011247039112001924,5
small_long,nomotor_xlink,0.5,initial,5,0.03082525718495783,0.025721591421866655,0.011503045381753861,5,102.4,9.939818911831342,4.445222154178573,5,0.0925578231292517,0.06870670168613491,0.030726571095999414,5,0.29019387755102033,0.12442918606523273,0.055646423685365994,5,0.7757452282329375,0.04684417486148411,0.02094935186803305,5
small_long,nomotor_xlink,0.55,initial,5,0.034961313634987785,0.027450214100772124,0.012276108945249945,5,105.2,10.545141061171254,4.715930449020638,5,0.08552055660974069,0.06875745990439268,0.030749270861287644,5,0.2781606578115117,0.11600983631718773,0.05188117601277112,5,0.7928482050976615,0.032485828724234035,0.014528104266560513,5
small_long,nomotor_xlink,0.6000000000000001,initial,5,0.0359575270233977,0.028417070231654167,0.012708500151872882,5,109.6,11.865917579353061,5.3065996645686395,5,0.08156040038392978,0.06555938985272663,0.029319050454821336,5,0.2562320032908268,0.11031888167350426,0.04933610372474225,5,0.7891531565754334,0.02185163645368092,0.009772348906008595,5
small_long,nomotor_xlink,0.65,initial,5,0.042255532235651705,0.014934920528197681,0.006679099507921416,5,114.0,13.638181696985855,6.099180272790762,5,0.07924322130638783,0.064923900348334,0.029034850908659416,5,0.2549797952176951,0.11242787264446055,0.05027927315974057,5,0.8072289812548495,0.021445332241201816,0.009590644138279035,5
small_long,nomotor_xlink,0.7000000000000001,initial,5,0.04296934130340581,0.03412605614813268,0.01526163627023986,5,119.2,14.11382301150188,6.3118935352238,5,0.07237281622280782,0.062384018325619,0.027898981137135338,5,0.24266707966300274,0.11985691347161082,0.05360164121916641,5,0.7973995035178837,0.016076688379957668,0.007189713614133262,5
small_long,nomotor_xlink,0.75,initial,5,0.03154499259180844,0.017901959388037448,0.008005999624418454,5,124.4,12.759310326189265,5.706137047074842,5,0.07895947001271397,0.05421773336650396,0.024246907478692275,5,0.23516662176081454,0.11815639556336457,0.052841146491207545,5,0.7884256620657372,0.019515566317534542,0.008727626581082495,5
small_long,nomotor_xlink,0.8,initial,5,0.02512545172786141,0.01681981456543436,0.007522049747450463,5,128.4,14.38054240979804,6.43117407632541,5,0.07643813444619896,0.05143832382512417,0.02300391774432493,5,0.2290111756523047,0.11744109768747923,0.05252125555627938,5,0.7939723545122777,0.020928325082860823,0.009359431508098143,5
small_long,nomotor_xlink,0.8500000000000001,initial,5,0.016426159489960696,0.007322006032655755,0.0032745006441363624,5,132.4,16.816658407662327,7.520638270785266,5,0.0749320440459681,0.05087062123509605,0.022750033427863817,5,0.2298042112599074,0.11272100037607657,0.050410363866537314,5,0.7942619574814169,0.03604145681900164,0.016118229491082197,5
small_long,nomotor_xlink,0.9,initial,5,0.017663359682536604,0.01269702697871886,0.005678283087312829,5,135.2,16.161683080669537,7.22772439983706,5,0.07359697478008811,0.051120137195665126,0.022861620357724537,5,0.22739393080892462,0.10819692652548224,0.04838713653350568,5,0.8049326932248603,0.02900567273057215,0.012971731191734254,5
small_long,nomotor_xlink,0.9500000000000001,initial,5,0.012938169474857228,0.012070903449200037,0.005398272132449592,5,138.8,15.84929020492716,7.08801805866774,5,0.0740889147099659,0.04791638397093561,0.021428858358998666,5,0.21989627202970122,0.10440055637089303,0.04668934818682311,5,0.8079952700384853,0.03942221958956964,0.017630152565240313,5
small_long,nomotor_xlink,1.0,initial,5,0.012003261028962656,0.011488881016258551,0.0051379837875521975,5,140.8,15.974980438172686,7.1442284397967,5,0.07291573148301267,0.047083239460807697,0.02105626480705331,5,0.21591086301530032,0.10035328392067563,0.044879352922393465,5,0.7952358736714006,0.034400434003148156,0.015384341777306897,5
small_long,nomotor_xlink,1.05,pulse_01,5,0.026893536102388833,0.017652633318245174,0.007894497616294778,5,152.0,13.2664991614216,5.93295878967653,5,0.07029254867832159,0.04410632677521376,0.01972494898143941,5,0.19913517115979493,0.08931678672256925,0.039943681328703094,5,0.799099115484117,0.022766307437476416,0.01018140220537126,5
small_long,nomotor_xlink,1.1,pulse_01,5,0.01655161333921451,0.010892958473906386,0.004871479124747409,5,154.8,14.184498581197715,6.343500610861482,5,0.06644853274066757,0.04688472353548631,0.02096748578632633,5,0.1925980985306828,0.09074451425407941,0.04058218049146403,5,0.7989382404558347,0.030480420514189636,0.013631258450501423,5
small_long,nomotor_xlink,1.15,pulse_01,5,0.011491421484989318,0.007000852766151261,0.0031308765371163313,5,157.6,15.323185047502363,6.8527366796047255,5,0.06575508879306348,0.04706976939022778,0.021050240808357625,5,0.19042796865581674,0.09185763752058321,0.04107998434971186,5,0.8016925143184179,0.026965575181529346,0.012059371831656169,5
small_long,nomotor_xlink,1.2,pulse_01,5,0.01687601062995419,0.009033545711844419,0.004039924457907169,5,160.0,15.556349186104045,6.957010852370434,5,0.0646567107659217,0.04589778410677112,0.020526113055869936,5,0.18733133076553088,0.09025126024300449,0.04036159059167645,5,0.8022991398043116,0.02364312566601154,0.010573527237954357,5
small_long,nomotor_xlink,1.25,pulse_01,5,0.01498274179117633,0.010791146272860543,0.004825947324251933,5,162.4,13.371611720357423,5.979966555090421,5,0.06802827902737965,0.04437574024406091,0.01984543434751866,5,0.18066443089128562,0.08303345075973476,0.03713368806102969,5,0.7959021133592288,0.04266726635647565,0.019081381597433864,5
small_long,nomotor_xlink,1.3,pulse_01,5,0.008742740091317694,0.00758311459686914,0.003391271943954062,5,164.0,14.212670403551895,6.356099432828281,5,0.0676824374951501,0.043902909993938734,0.019633978231300378,5,0.17988685005233865,0.08278696524998247,0.03702345638997473,5,0.8071210906212609,0.04003748508981226,0.017905307661790895,5
small_long,nomotor_xlink,1.35,pulse_01,5,0.012917678046388822,0.006929324608193853,0.00309888817241671,5,164.8,14.872793954062566,6.651315659326356,5,0.06972074351276748,0.04765226668062098,0.021310741515963353,5,0.17882443294175973,0.0827425418167816,0.037003589626688524,5,0.8104200400015367,0.03781844994279047,0.0169129249751505,5
small_long,nomotor_xlink,1.4,pulse_01,5,0.025410404963239507,0.019321723508351926,0.008640937441426126,5,167.6,14.099645385611653,6.305553108173778,5,0.06642998481454253,0.04778504963000712,0.021370123856179417,5,0.18708072122240038,0.09114198053063247,0.04075993281409131,5,0.7985604285774995,0.04004711301569473,0.017909613401142003,5
small_long,nomotor_xlink,1.45,pulse_01,5,0.015152967550226451,0.013567825260682724,0.0060677159179450746,5,170.0,15.874507866387544,7.0992957397195395,5,0.0628364449753982,0.04700295231441883,0.021020359303644313,5,0.17992480919344167,0.09392802183912433,0.04200588836487336,5,0.7983678342563291,0.03920955289733295,0.017535045129162062,5
small_long,nomotor_xlink,1.5,pulse_01,5,0.006003710161355881,0.004992264344128228,0.002232608487023824,5,171.2,15.974980438172686,7.1442284397967,5,0.06445234954282855,0.04286169256110367,0.01916833163946497,5,0.1808484738206796,0.09290243695450072,0.04154723286113043,5,0.7942422474243271,0.032950347030526,0.014735843168492895,5
small_long,nomotor_xlink,1.55,pulse_01,5,0.011458978423065765,0.006074265720388888,0.002716494212837257,5,172.4,16.994116628998402,7.6,5,0.06700742492936462,0.05126346952152699,0.02292572052252459,5,0.18474653393784088,0.09712190570604921,0.04343423665261015,5,0.8093492452795846,0.039035923497948634,0.017457395701178904,5
small_long,nomotor_xlink,1.6,pulse_01,5,0.012126761910581166,0.013448145107756111,0.006014193326444779,5,174.8,17.35511451993331,7.761443164772901,5,0.06119618952506023,0.04451415597911567,0.01990733574606627,5,0.18855305752802748,0.0919273094923915,0.041111142602729814,5,0.8110614839384847,0.041023404967565916,0.018346224435195988,5
small_long,nomotor_xlink,1.65,pulse_01,5,0.015054987394719693,0.006434380849065107,0.0028775425943264785,5,178.8,19.421637418096342,8.685620300243384,5,0.06241976455130469,0.04787514100771191,0.02141041394512632,5,0.1876727720518259,0.09866854873714088,0.044125916443499606,5,0.8036019451599378,0.036722689940132676,0.01642288620455687,5
small_long,nomotor_xlink,1.7000000000000002,pulse_01,5,0.009971521929980387,0.005711098604513294,0.0025540809411791826,5,180.8,20.42547429069886,9.134549797335389,5,0.06203056286800266,0.04656466335975237,0.02082435052436001,5,0.18386730464202009,0.09875525649899389,0.044164693333435645,5,0.807061421497768,0.0363692922731493,0.016264841963263936,5
small_long,nomotor_xlink,1.75,pulse_01,5,0.009005759085979559,0.007598783815143331,0.0033982794313971365,5,182.8,22.609732417700126,10.111379727811629,5,0.06179372935585078,0.04680177350667896,0.02093038940569657,5,0.18331363575178355,0.09846801258697102,0.04403623395075442,5,0.8039432308592216,0.04640393090983408,0.020752468787518533,5
small_long,nomotor_xlink,1.8,pulse_01,5,0.011732735223759625,0.00640667935615247,0.0028651541100803016,5,184.4,20.31748015872047,9.086253353280437,5,0.06349984050933626,0.04893514101094181,0.02188446035780073,5,0.18707580236478613,0.09460143036093406,0.0423070458111522,5,0.8034272776007798,0.04008561551349277,0.017926832241617993,5
small_long,nomotor_xlink,1.85,pulse_01,5,0.011559536615964783,0.006125505001794798,0.0027394091161056277,5,184.4,20.31748015872047,9.086253353280437,5,0.060912182990500184,0.04595680708129065,0.020552508932521918,5,0.19617113467224181,0.09875152444920478,0.04416302431003087,5,0.8118375103976032,0.03913142787703916,0.017500106557937968,5
small_long,nomotor_xlink,1.9,pulse_01,5,0.013086885023449377,0.008872003996254449,0.003967680806454947,5,185.2,20.27806696901852,9.068627239003707,5,0.06668274832683327,0.04568481433570132,0.02043087007881701,5,0.2011637536713371,0.09388551457463527,0.041986878538286344,5,0.811102015192912,0.045378068640427614,0.02029368923352952,5
small_long,nomotor_xlink,1.9500000000000002,pulse_01,5,0.01626603664487072,0.011318688680276601,0.005061871461051172,5,184.8,20.32732151563506,9.090654541890808,5,0.06294927165857399,0.039435983818357334,0.017636308115485742,5,0.19753897265525172,0.0932730191549058,0.04171296225940187,5,0.811384003030674,0.03203012538942731,0.014324307539720277,5
small_long,nomotor_xlink,2.0,pulse_01,5,0.02261423984140671,0.008966320976121461,0.004009860642137971,5,185.2,20.02997753368685,8.957678270623475,5,0.06257381378311612,0.03894401926583592,0.017416294879094112,5,0.1965229150694267,0.08807488249703334,0.03938828487473459,5,0.8012951529082842,0.024078460888057714,0.0107682150678534,5
small_long,nomotor_xlink,2.05,pulse_02,5,0.004103401131834842,0.002486712136232497,0.0011120914754179161,5,192.0,22.93468988235943,10.256705123966467,5,0.060651005396487954,0.03855889293033035,0.017244061145870945,5,0.19348047721651043,0.08390263146392542,0.03752239748888998,5,0.8175983746078351,0.028740386380794944,0.01285309152941333,5
small_long,nomotor_xlink,2.1,pulse_02,5,0.003611019178075677,0.002602414319514642,0.0011638350648107195,5,193.2,24.190907382733705,10.818502669038818,5,0.06029193802258335,0.03829885622951925,0.017127769197939267,5,0.19488207322396767,0.08889611686625479,0.03975555204974226,5,0.8187720811636229,0.024078016642466126,0.010768016395185102,5
small_long,nomotor_xlink,2.15,pulse_02,5,0.007517249601237956,0.007023279564725177,0.003140906106342126,5,193.6,23.933240482642546,10.703270528207721,5,0.06262831650354014,0.04145685905730674,0.018540070997153144,5,0.1966891550310495,0.08855266887212865,0.039601957437421856,5,0.8108276834550668,0.022194572286956236,0.009925714473033422,5
small_long,nomotor_xlink,2.2,pulse_02,5,0.009414776177666024,0.006001733337769546,0.0026840567452158823,5,193.6,23.933240482642546,10.703270528207721,5,0.06269041866159014,0.04140549021550745,0.018517098152715412,5,0.19718045109868912,0.09371633591037663,0.041911219539561353,5,0.8123579851004422,0.029895909716195077,0.013369857274921727,5
small_long,nomotor_xlink,2.25,pulse_02,5,0.01077569800125322,0.00907406370574157,0.004058044655640359,5,193.6,23.933240482642546,10.703270528207721,5,0.06718849269216562,0.04769903938777399,0.021331658906500517,5,0.20150843213948325,0.09824664900747665,0.043937237148456,5,0.8223246130975781,0.02562839992293604,0.01146136887644707,5
small_long,nomotor_xlink,2.3,pulse_02,5,0.007607221319472654,0.0034771822678435313,0.0015550431842110033,5,195.2,24.190907382733705,10.818502669038818,5,0.06202432627502008,0.04089804540405483,0.01829016193406789,5,0.19737090538200625,0.09207652446471895,0.0411778735670068,5,0.82363117166264,0.04077848216512006,0.01823669162809425,5
small_long,nomotor_xlink,2.35,pulse_02,5,0.007347121309296112,0.008430773268494191,0.0037703564262482193,5,195.6,23.933240482642546,10.703270528207721,5,0.06201368093256696,0.040911558740081164,0.018296205281659424,5,0.20179425472526402,0.09651177153864006,0.043161376357865724,5,0.8217511183489687,0.027746016859799667,0.012408395960673462,5
small_long,nomotor_xlink,2.4,pulse_02,5,0.010516978880685887,0.006411761243990994,0.0028674267994124956,5,194.8,22.960836221705865,10.268398122394748,5,0.06057288638149487,0.047393519050159316,0.0211950260578175,5,0.2007723494138872,0.10085212623078463,0.04510244198548481,5,0.8079518469700341,0.03250392829427644,0.01453619864035618,5
small_long,nomotor_xlink,2.45,pulse_02,5,0.00422004416390891,0.003366844693839395,0.0015056987210218709,5,195.2,23.689660191737662,10.594338110519223,5,0.06262118538442205,0.050739083408539484,0.022691207923505204,5,0.19572335502193478,0.09675279194666205,0.04326916396112611,5,0.8143456576179775,0.039621457712999984,0.017719254562780264,5
small_long,nomotor_xlink,2.5,pulse_02,5,0.009670085878695807,0.004526051626460537,0.0020241118212878492,5,196.0,22.978250586152114,10.276186062932103,5,0.062331011062266,0.05050534529598704,0.02258667706178525,5,0.20592106743813895,0.10432667355316666,0.04665630678626203,5,0.8140876070607115,0.03150236060868563,0.014088283954546543,5
small_long,nomotor_xlink,2.55,pulse_02,5,0.011739102275870725,0.006983147078810238,0.0031229583130197545,5,195.6,22.777181564012697,10.186265262597473,5,0.06383945797998833,0.04859782343668451,0.0217336073525918,5,0.20777358998519313,0.10377754315938453,0.04641072820846042,5,0.8193172217270807,0.040427501574720616,0.018079728336311017,5
small_long,nomotor_xlink,2.6,pulse_02,5,0.011003317943195616,0.007269331177364452,0.0032509437327090988,5,195.6,22.777181564012697,10.186265262597473,5,0.062100327545205725,0.05003204416623709,0.022375010361795584,5,0.2013891506259254,0.10303100574993529,0.046076866529405396,5,0.8117192600838088,0.02929502009682672,0.013101131267745404,5
small_long,nomotor_xlink,2.65,pulse_02,5,0.002296097574696887,0.0010520608510981929,0.00047049591590436865,5,195.6,22.777181564012697,10.186265262597473,5,0.06584734541365111,0.04787177884850919,0.02140891034182063,5,0.21348370245415466,0.10073763424475089,0.045051239612754736,5,0.8225006309433034,0.03788081578850727,0.01694081582924991,5
small_long,nomotor_xlink,2.7,pulse_02,5,0.0035012099687385797,0.0025431113495974792,0.0011373139704102392,5,196.4,23.426480742954116,10.476640682967036,5,0.06575572673636645,0.04775430428730361,0.0213563741209241,5,0.20793728964796682,0.10461726691322978,0.046786264087644275,5,0.8163932688269725,0.03763718638727348,0.016831861448754645,5
small_long,nomotor_xlink,2.75,pulse_02,5,0.002967389621337609,0.0041239082747395826,0.001844267847058317,5,196.4,23.426480742954116,10.476640682967036,5,0.06741438104477174,0.0454018522202524,0.020304325573776823,5,0.21048453714319315,0.10157991490783493,0.04542791897651263,5,0.8211064768711676,0.029532989239220427,0.013207554303533334,5
small_long,nomotor_xlink,2.8,pulse_02,5,0.004415536621341524,0.002507357041948197,0.001121324157931792,5,196.4,23.765521244020714,10.628264204469136,5,0.06352785995183487,0.044611018989858114,0.01995065420137135,5,0.2109631945344758,0.09857916738063646,0.0440859438856866,5,0.818234761533932,0.03399544653645243,0.015203225876193483,5
small_long,nomotor_xlink,2.85,pulse_02,5,0.011518661854155725,0.00854102465510992,0.0038196623452654956,5,196.4,23.765521244020714,10.628264204469136,5,0.06741752802102607,0.042234504898596585,0.018887844789861965,5,0.20894706550221773,0.09839998016190453,0.044005808925329855,5,0.8146569868782978,0.032649579999332067,0.014601336063064806,5
small_long,nomotor_xlink,2.9,pulse_02,5,0.011930596508440267,0.010441393139935251,0.004669532968139039,5,196.4,23.765521244020714,10.628264204469136,5,0.06534360642902297,0.040950351206344625,0.01831355379997542,5,0.211084012488497,0.09253491117226054,0.04138287033461586,5,0.8226075868533103,0.0352475875047463,0.015763200340696983,5
small_long,nomotor_xlink,2.95,pulse_02,5,0.011602316109610333,0.005917868076963647,0.0026465510603933345,5,196.4,23.765521244020714,10.628264204469136,5,0.06972351788323783,0.04452704078860035,0.019913098008043244,5,0.21829890743839248,0.10064634596208769,0.045010414251637904,5,0.8228476363560262,0.034639075582770525,0.015491065536165607,5
small_long,nomotor_xlink,3.0,pulse_02,5,0.0117861941658384,0.004247710398071301,0.001899633839764024,5,196.4,23.765521244020714,10.628264204469136,5,0.06972351788323783,0.04452704078860035,0.019913098008043244,5,0.21693396490965688,0.10236248989383669,0.04577789714975081,5,0.8280929434911732,0.03728680128965148,0.016675164469437505,5
small_long,nomotor_xlink,3.05,pulse_03,5,0.011235110517498934,0.007099121813109812,0.0031748237909330194,5,203.6,22.952124084711635,10.26450193628507,5,0.06717040538321971,0.04257504206006738,0.019040137638244668,5,0.20689226754196946,0.09567686750837646,0.04278799592459414,5,0.8307022220079411,0.03291609142547532,0.014720523596192154,5
small_long,nomotor_xlink,3.1,pulse_03,5,0.01043132926213386,0.006737000006381266,0.0030128779957370056,5,203.6,22.952124084711635,10.26450193628507,5,0.06917517215203142,0.04469379184183147,0.019987671346112137,5,0.21439588839787055,0.0994531639563603,0.044476807036770705,5,0.8285254103744784,0.025254577604918966,0.011294190453528526,5
small_long,nomotor_xlink,3.15,pulse_03,5,0.00798824054441433,0.005671315665999804,0.0025362894702070106,5,203.6,22.952124084711635,10.26450193628507,5,0.07142236316326739,0.04759614725874835,0.021285644147530314,5,0.21239588839787055,0.09916103702019274,0.04434616389930483,5,0.8291627055361273,0.021723990465238405,0.009715263884566071,5
small_long,nomotor_xlink,3.2,pulse_03,5,0.008256376365913823,0.0027606190767903204,0.0012345863831371737,5,203.6,22.952124084711635,10.26450193628507,5,0.07142236316326739,0.047596147258748354,0.021285644147530317,5,0.21239588839787057,0.09916103702019279,0.04434616389930485,5,0.828783717734019,0.0268002547121504,0.01198543827013547,5
small_long,nomotor_xlink,3.25,pulse_03,5,0.004600934177710651,0.003631658679358022,0.0016241271356243299,5,203.6,22.952124084711635,10.26450193628507,5,0.07160556017278275,0.04748647692132765,0.021236598081612712,5,0.2185551463463097,0.0980500322666966,0.043849307468876275,5,0.8333175268216859,0.028751507885444755,0.012858065217495142,5
small_long,nomotor_xlink,3.3,pulse_03,5,0.00604361807205415,0.003727824191644071,0.0016671336601368691,5,203.6,22.952124084711635,10.26450193628507,5,0.0694223631632674,0.045194082020689336,0.02021140791579248,5,0.21214869738663458,0.09539761771070501,0.04266311161853485,5,0.8280291636978617,0.03217321575794097,0.014388299497904686,5
small_long,nomotor_xlink,3.35,pulse_03,5,0.003942706655745187,0.00523364376180544,0.002340556644282936,5,203.6,22.952124084711635,10.26450193628507,5,0.07163969147390199,0.04743050434149125,0.021211566382934664,5,0.21306147629129996,0.09499187190514043,0.04248165657796929,5,0.8385588899226292,0.022878800132856824,0.010231710468139815,5
small_long,nomotor_xlink,3.4,pulse_03,5,0.0041175872285560185,0.0021034070505207302,0.0009406722298633374,5,203.6,22.952124084711635,10.26450193628507,5,0.07142236316326739,0.04759614725874834,0.02128564414753031,5,0.21382936965554214,0.09468326536199995,0.04234364353621662,5,0.8239567978723255,0.02872199090324165,0.012844864821755782,5
small_long,nomotor_xlink,3.45,pulse_03,5,0.007001760398664647,0.006043310417598698,0.002702650580576666,5,203.6,22.952124084711635,10.26450193628507,5,0.07366955417450335,0.05083060213062354,0.022732136340263977,5,0.22143790520459325,0.09804489767578321,0.04384701121001248,5,0.8442322381622513,0.027026954638584077,0.01208682155933545,5
small_long,nomotor_xlink,3.5,pulse_03,5,0.010754538329921045,0.008467195626149195,0.003786644999771699,5,203.6,22.952124084711635,10.26450193628507,5,0.07374076910115197,0.050775388728897156,0.022707444156358135,5,0.2215325458412707,0.09471058702875088,0.042355862157039355,5,0.8321307990665214,0.03175922507070891,0.014203157234164139,5
small_long,nomotor_xlink,3.55,pulse_03,5,0.009708697533643578,0.005217226172067976,0.002333214474947002,5,202.8,23.605084198112916,10.556514576317317,5,0.06765275698916683,0.042620177842589486,0.019060322973832082,5,0.22214785905334417,0.09529660219100046,0.04261793610476648,5,0.830418773600746,0.024993047642200415,0.011177230698570193,5
small_long,nomotor_xlink,3.6,pulse_03,5,0.0033981404744990963,0.0011879612109676502,0.0005312724044713269,5,202.8,23.605084198112916,10.556514576317317,5,0.06768869589303025,0.04256880117936725,0.019037346631547675,5,0.2223095841207296,0.09500570722101066,0.042487843919324496,5,0.832881982135849,0.023281179014658676,0.010411659774623674,5
small_long,nomotor_xlink,3.65,pulse_03,5,0.007088371444245389,0.0027688869277464733,0.0012382838784903325,5,202.8,23.605084198112916,10.556514576317317,5,0.06776473907203356,0.04257155156037644,0.01903857663932779,5,0.22463838582158652,0.09592547792242438,0.04289917788173924,5,0.825363810694328,0.029298859564223647,0.013102848329764787,5
small_long,nomotor_xlink,3.7,pulse_03,5,0.007740891773407585,0.003053080416240749,0.0013653790702975335,5,202.4,23.723406163533937,10.609429767899874,5,0.06609993105210445,0.04083381689522842,0.01826143807170203,5,0.22730280702494335,0.09653277957113308,0.043170771435611315,5,0.8264061271476729,0.023694610750805253,0.010596552067839575,5
small_long,nomotor_xlink,3.75,pulse_03,5,0.008239829891665941,0.0047432236874971,0.002121234119546147,5,202.4,23.723406163533937,10.609429767899874,5,0.07029580506702612,0.04128193488084294,0.018461842527256897,5,0.22994543156831915,0.09567909405953721,0.0427889916685443,5,0.8339283749166743,0.02748953246600932,0.012293692652736853,5
small_long,nomotor_xlink,3.8,pulse_03,5,0.005791651128872581,0.0037618837915453732,0.0016823655762700205,5,202.4,23.723406163533937,10.609429767899874,5,0.07188501021063837,0.039241381809750606,0.017549279451525214,5,0.23472069680088334,0.09718900793903931,0.04346424568349173,5,0.8292649573544242,0.02640551044900947,0.011808903268913233,5
small_long,nomotor_xlink,3.85,pulse_03,5,0.006205493886829805,0.004037303705611553,0.0018055371063118461,5,202.4,23.723406163533937,10.609429767899874,5,0.0744712171071901,0.04378063794825618,0.019579296510121545,5,0.23909798388416767,0.09449266704927213,0.042258405379485386,5,0.8395463845165414,0.023631839250754325,0.010568479799606874,5
small_long,nomotor_xlink,3.9,pulse_03,5,0.006460626025957738,0.004477968804954651,0.002002608529800419,5,202.0,24.0,10.73312629199899,5,0.06986933271903703,0.04070899894584777,0.018205617787776577,5,0.23072959084002198,0.0954561020619413,0.04268926661553171,5,0.8354597447480977,0.028685266537440603,0.01282844118608344,5
small_long,nomotor_xlink,3.95,pulse_03,5,0.004742425467340331,0.004064470795641124,0.0018176865983232416,5,202.0,24.0,10.73312629199899,5,0.06986933271903703,0.04070899894584776,0.018205617787776573,5,0.2326163832928522,0.09187936994267305,0.04108970338433358,5,0.8372539398877767,0.023747623431193857,0.010620260059243252,5
small_long,nomotor_xlink,4.0,pulse_03,5,0.007323577868649611,0.004664634348110274,0.002086087898510998,5,202.0,24.0,10.73312629199899,5,0.06994054764568565,0.040648359917866306,0.018178499190045366,5,0.22941923618968726,0.09556687791347074,0.042738807082388766,5,0.8283634124812419,0.035383021611048907,0.015823768314329894,5
small_long,nomotor_xlink,4.05,pulse_04,5,0.01209372727939059,0.011615013023996883,0.005194391736240485,5,211.2,21.70714168194422,9.707728879609277,5,0.06484098932940956,0.039192846328181666,0.017527573724303445,5,0.2181303434885892,0.08632663304607265,0.038606443951939635,5,0.8356559683319208,0.027456834383504065,0.012279069625693723,5
small_long,nomotor_xlink,4.1,pulse_04,5,0.010688070129989624,0.004455279530213275,0.001992461577664042,5,211.2,21.70714168194422,9.707728879609277,5,0.0667164835561613,0.03758085563562052,0.016806669570770708,5,0.22533956537103556,0.08097823558374756,0.03621456789265038,5,0.8336711922377781,0.018123739033695983,0.008105182497162114,5
small_long,nomotor_xlink,4.15,pulse_04,5,0.004234924368622961,0.006149015090524557,0.0027499231474169866,5,210.8,21.93627133311402,9.810198774744576,5,0.06284098932940956,0.037152175574944615,0.016614958019516696,5,0.22350788880073952,0.08036961812374269,0.03594238589007755,5,0.8416933119796347,0.022178960886521097,0.009918732842514034,5
small_long,nomotor_xlink,4.2,pulse_04,5,0.0048801174197502595,0.005053129787712772,0.0022598283408909675,5,210.8,21.93627133311402,9.810198774744576,5,0.0649922805288659,0.04082529088403856,0.01825762512358254,5,0.22569477293257784,0.08095493038093883,0.036204145489108434,5,0.8374214589163491,0.022104580216217435,0.009885468795511837,5
small_long,nomotor_xlink,4.25,pulse_04,5,0.005355758233364849,0.003728269366213098,0.0016673327482565087,5,210.8,21.93627133311402,9.810198774744576,5,0.06655033892290549,0.03940777831017505,0.01762369422875864,5,0.22734275118606068,0.07782707634641266,0.034805326640128934,5,0.8317903376532275,0.024947083572298245,0.011156674941605433,5
small_long,nomotor_xlink,4.3,pulse_04,5,0.009894048490894657,0.003685580791915329,0.0016482418374580365,5,210.8,21.93627133311402,9.810198774744576,5,0.07286697893356789,0.0515386017518,0.023048763396462908,5,0.23135900401214737,0.07093860106315698,0.03172470684119157,5,0.832421355646157,0.025846457786532516,0.01155888731765309,5
small_long,nomotor_xlink,4.35,pulse_04,5,0.013546091409347824,0.006383023407971057,0.002854574848439131,5,210.4,22.199099080818574,9.927738916792686,5,0.06842130467801757,0.04128848303845018,0.01846477095236433,5,0.22768266407643228,0.07370222753784018,0.03296063817355352,5,0.8360539793742607,0.02253473682116789,0.010077840677439784,5
small_long,nomotor_xlink,4.4,pulse_04,5,0.008041453783064808,0.0032787381811020125,0.0014662962906736232,5,210.4,22.199099080818574,9.927738916792686,5,0.07044150669821961,0.0397950195113845,0.01779687375867724,5,0.22933218682687245,0.06646937174595183,0.029726006729130432,5,0.8408911706478019,0.02564571712009628,0.011469113362453083,5
small_long,nomotor_xlink,4.45,pulse_04,5,0.004082795887750601,0.003606502096008995,0.0016128767695343172,5,210.0,22.627416997969522,10.119288512538814,5,0.06872440279126607,0.036054517497877664,0.016124070404242016,5,0.22838087727593875,0.06404059948580465,0.028639826754019455,5,0.8382938401594415,0.01523723057803503,0.006814296672264948,5
small_long,nomotor_xlink,4.5,pulse_04,5,0.005002365763843712,0.003908437128284039,0.001747906220925435,5,210.0,22.627416997969522,10.119288512538814,5,0.0666011292394211,0.03763569773198961,0.016831195701872685,5,0.22588654621017917,0.06357613416635396,0.028432111548522876,5,0.8443757716540459,0.023073069519267606,0.010318590378932152,5
small_long,nomotor_xlink,4.55,pulse_04,5,0.00412396657042411,0.0032050458579857602,0.0014333400818920593,5,210.0,22.627416997969522,10.119288512538814,5,0.06686988623830128,0.03816973575465514,0.017070024766122623,5,0.2305988427477837,0.06584109166686977,0.029445031335983148,5,0.835483308707903,0.03028617521449689,0.013544389311616865,5
small_long,nomotor_xlink,4.6,pulse_04,5,0.006069748186643586,0.003575729333185005,0.001599114771628333,5,210.0,22.627416997969522,10.119288512538814,5,0.0682271454995837,0.03684051786169024,0.016475580453006913,5,0.22992695025058318,0.064719133114032,0.028943276217566642,5,0.8372847921700182,0.028231471011552017,0.012625497657329012,5
small_long,nomotor_xlink,4.65,pulse_04,5,0.006721730677163402,0.003717143030427396,0.0016623568996250453,5,210.0,22.627416997969522,10.119288512538814,5,0.06832044151451107,0.03680526862215648,0.016459816513856383,5,0.23237874146392246,0.06815677284945842,0.030480635443680213,5,0.8311409376807731,0.01924479182972315,0.008606532548818702,5
small_long,nomotor_xlink,4.7,pulse_04,5,0.004500689747676804,0.0040875838372749,0.001828023064775223,5,210.0,22.627416997969522,10.119288512538814,5,0.0666011292394211,0.03763569773198961,0.016831195701872685,5,0.22992695025058324,0.06471913311403202,0.028943276217566646,5,0.8371659525251332,0.023998460624988817,0.010732437862565416,5
small_long,nomotor_xlink,4.75,pulse_04,5,0.0028809283616802643,0.0024886229365019986,0.0011129460112767223,5,210.0,22.627416997969522,10.119288512538814,5,0.0682271454995837,0.03684051786169024,0.016475580453006913,5,0.22992695025058324,0.06471913311403202,0.028943276217566646,5,0.8348500050934037,0.01783789902201874,0.007977350957802182,5
small_long,nomotor_xlink,4.8,pulse_04,5,0.006115872954126529,0.006093491726229919,0.0027250923440365273,5,209.6,23.082460874005612,10.322790320451151,5,0.06636824292399579,0.03323474876549383,0.014863031490954283,5,0.23009719943347823,0.06189042555824719,0.027678239740926217,5,0.8432381291974174,0.01961688047109813,0.008772935647972702,5
small_long,nomotor_xlink,4.85,pulse_04,5,0.007711563386948672,0.005013103953661457,0.0022419282437319945,5,209.6,23.082460874005612,10.322790320451151,5,0.06676242868403522,0.03546492290891235,0.01586039568822352,5,0.23222485900794626,0.06534640167616007,0.029223799246580022,5,0.8499447144458554,0.024699054837361838,0.011045753119267216,5
small_long,nomotor_xlink,4.9,pulse_04,5,0.004445758596391987,0.0032676652276690857,0.0014613443153560805,5,209.6,23.082460874005612,10.322790320451151,5,0.06676242868403522,0.03546492290891234,0.015860395688223512,5,0.22605679539307416,0.06070834464061343,0.027149597083579332,5,0.8467372599086442,0.01665448022581265,0.007448109982968626,5
small_long,nomotor_xlink,4.95,pulse_04,5,0.004511204384220147,0.002617148359055324,0.001170424327609946,5,209.6,23.082460874005612,10.322790320451151,5,0.07012108522142027,0.034105362003562734,0.015252381567440939,5,0.2264166514506511,0.06066516962627248,0.027130288630180157,5,0.8454564982320434,0.018928625831144807,0.008465138815819648,5
small_long,nomotor_xlink,5.0,pulse_04,5,0.011748543110404786,0.004890574036606991,0.0021871311989697553,5,209.6,23.082460874005612,10.322790320451151,5,0.07012108522142027,0.034105362003562734,0.015252381567440939,5,0.22854431102511916,0.0643394717487866,0.02877348649334282,5,0.8397823832930739,0.008050935054589346,0.0036004876128995513,5
small_long,nomotor_xlink,5.05,pulse_05,5,0.0036467429250928163,0.003165419339461023,0.001415618564065466,5,216.8,23.85791273351464,10.669582934679312,5,0.07166214116214117,0.03984332412577208,0.01781847623895675,5,0.22203115484365488,0.05805936481933953,0.025964937293300596,5,0.8462715067957893,0.019550477728866204,0.008743239438868107,5
small_long,nomotor_xlink,5.1,pulse_05,5,0.0038660822907479486,0.00332321720445702,0.0014861879146325428,5,216.8,23.85791273351464,10.669582934679312,5,0.06798908406051264,0.03298190006905666,0.014749954116303138,5,0.22461406300692013,0.058415165622800906,0.02612405624989833,5,0.8444970782651089,0.01783673479348571,0.007976830298973944,5
small_long,nomotor_xlink,5.15,pulse_05,5,0.004274888137525605,0.003137536431814686,0.0014031489486839542,5,216.8,23.85791273351464,10.669582934679312,5,0.06974322674322675,0.030685172240738183,0.013722826206316024,5,0.22379847779847784,0.056497258821932225,0.025266342253648027,5,0.8381618525533977,0.015047272776771274,0.006729344960968517,5
small_long,nomotor_xlink,5.2,pulse_05,5,0.0055178300833502725,0.0023727114963769404,0.001061108839378817,5,216.8,23.85791273351464,10.669582934679312,5,0.06954481404481405,0.030738858288173788,0.013746835336617882,5,0.22656480868980872,0.05706885459558515,0.025521967654755933,5,0.8530848736798781,0.012639619582649933,0.005652609719308554,5
small_long,nomotor_xlink,5.25,pulse_05,5,0.008156824959321692,0.0064982253125446055,0.002906094706391911,5,216.0,23.40939982143925,10.469001862641921,5,0.06623005225367432,0.029964638869657154,0.01340059388675717,5,0.22380354447283582,0.056873821874005685,0.025434746370098238,5,0.8471384648717452,0.023866201653376128,0.010673289852333378,5
small_long,nomotor_xlink,5.3,pulse_05,5,0.003129763448098677,0.0015531184333647096,0.0006945756788222936,5,216.0,23.40939982143925,10.469001862641921,5,0.06420985023347228,0.029063022154632735,0.01299737863386824,5,0.22762554829483964,0.05667347552041871,0.0253451487569653,5,0.8449590127931648,0.024768879340847327,0.011076979586524961,5
small_long,nomotor_xlink,5.35,pulse_05,5,0.005147961729844456,0.005288216408465768,0.0023649622738118503,5,215.6,23.807561823924768,10.64706532336493,5,0.06231333405124182,0.028841600432166332,0.012898355829242246,5,0.22809967734039724,0.053492697377511354,0.023922661527188024,5,0.8423022102516982,0.02152844756140279,0.009627814439467244,5
small_long,nomotor_xlink,5.4,pulse_05,5,0.007874446649669646,0.004837159353967005,0.002163243426693838,5,215.6,23.807561823924768,10.64706532336493,5,0.06840553269124698,0.02883748670322382,0.012896516113730952,5,0.22053434553434553,0.052935218025549326,0.023673349181780098,5,0.8438515343015365,0.01362214275036016,0.006092007437802253,5
small_long,nomotor_xlink,5.45,pulse_05,5,0.007639075834509734,0.004796241674600159,0.0021449444841846765,5,215.2,23.689660191737662,10.594338110519223,5,0.06858558389492023,0.03516591701949889,0.015726676189343262,5,0.2245792702485616,0.06281306981779763,0.028090858797607168,5,0.8412344947605004,0.02241099028678434,0.010022499544867459,5
small_long,nomotor_xlink,5.5,pulse_05,5,0.004243722330340205,0.0029997748308665945,0.0013415400878021278,5,215.2,23.689660191737662,10.594338110519223,5,0.06873454502486762,0.03403359532229122,0.015220286531872407,5,0.2237610955352891,0.06289702254085236,0.028128403596736483,5,0.8503312190188425,0.022997205723008424,0.010284663057838806,5
small_long,nomotor_xlink,5.55,pulse_05,5,0.006128585780205261,0.0036951262567351804,0.0016525106991008406,5,215.2,23.689660191737662,10.594338110519223,5,0.07004264764107285,0.03356594902168893,0.015011148748357803,5,0.22265619332548464,0.06272330857516795,0.0280507163495542,5,0.8479801324672019,0.02084959224196691,0.009324221111238049,5
small_long,nomotor_xlink,5.6,pulse_05,5,0.005209210402510456,0.0019568393129614165,0.0008751251449651425,5,215.2,23.689660191737662,10.594338110519223,5,0.07004264764107285,0.03356594902168893,0.015011148748357803,5,0.22457927024856156,0.0628130698177976,0.028090858797607154,5,0.8398279831128344,0.021022189653966235,0.009401409020432256,5
small_long,nomotor_xlink,5.65,pulse_05,5,0.0044180368504240786,0.0030215224462447317,0.0013512659170689348,5,215.2,23.689660191737662,10.594338110519223,5,0.07004264764107285,0.03356594902168893,0.015011148748357803,5,0.2245792702485616,0.06281306981779765,0.02809085879760717,5,0.8409652931050916,0.01672244949858311,0.007478506765827821,5
small_long,nomotor_xlink,5.7,pulse_05,5,0.005041679791004272,0.0049803573397748414,0.0022272835127953123,5,215.2,23.689660191737662,10.594338110519223,5,0.07004264764107285,0.03356594902168893,0.015011148748357803,5,0.22423099647509095,0.06300012758001823,0.028174513572016016,5,0.8468251188540409,0.018662106052912502,0.008345947547524529,5
small_long,nomotor_xlink,5.75,pulse_05,5,0.008327751338754177,0.004244104236654949,0.0018980211153510642,5,215.2,23.689660191737662,10.594338110519223,5,0.06811957071799592,0.0340339959702817,0.015220465707100757,5,0.2261540733981679,0.06302946301080051,0.0281876327754917,5,0.8427653781904976,0.015032852453398143,0.006722895996304547,5
small_long,nomotor_xlink,5.8,pulse_05,5,0.004014170699244138,0.004380840242194039,0.0019591713160225024,5,215.2,23.689660191737662,10.594338110519223,5,0.07208346396760346,0.03397894391902028,0.01519584568131649,5,0.2277288765477742,0.06344087581775895,0.028371622176126314,5,0.8461272918533869,0.016255648927384514,0.007269747204000663,5
small_long,nomotor_xlink,5.85,pulse_05,5,0.007456826710559576,0.004680136909501897,0.0020930208547304046,5,215.2,23.689660191737662,10.594338110519223,5,0.07365826711720976,0.0336329598076973,0.015041116882905884,5,0.2277288765477742,0.06344087581775897,0.02837162217612632,5,0.8412211303009339,0.014537953248534938,0.006501570343487603,5
small_long,nomotor_xlink,5.9,pulse_05,5,0.008740802728531704,0.007125629403835236,0.0031866783458893775,5,214.8,23.85791273351464,10.669582934679312,5,0.07184721409256448,0.03429764744132018,0.015338374229422731,5,0.22623522456868533,0.06343931452930014,0.028370923946701036,5,0.8439560789347643,0.02048952246640095,0.009163193012276334,5
small_long,nomotor_xlink,5.95,pulse_05,5,0.00744083741687859,0.006027200132370622,0.002695445841995288,5,214.8,23.85791273351464,10.669582934679312,5,0.06998392096713545,0.04090307959961349,0.01829241329476413,5,0.22623522456868533,0.06343931452930011,0.028370923946701026,5,0.8440362608941285,0.018675195807340596,0.008351801463666528,5
small_long,nomotor_xlink,6.0,pulse_05,5,0.0065393465699106505,0.0049989391702826465,0.002235593560027679,5,214.8,23.85791273351464,10.669582934679312,5,0.07192566853995098,0.03925181841719718,0.017553946844266217,5,0.224660421419079,0.06298122411679777,0.02816605968626179,5,0.8381612094715944,0.023601432250327074,0.010554881375617433,5
small_long,nomotor_xlink,6.05,pulse_06,5,0.0071013506104127865,0.006717468396499036,0.0030041431942556705,5,224.8,22.829805080201627,10.209799214480174,5,0.0703905028002206,0.04123213288431639,0.018439570397327184,5,0.21427936353873198,0.060139140733443716,0.02689504135768134,5,0.8529981116647118,0.019965200215980663,0.008928708973465248,5
small_long,nomotor_xlink,6.1,pulse_06,5,0.006085081203037168,0.0038295231074624465,0.0017126147979384524,5,224.8,22.829805080201627,10.209799214480174,5,0.06853865094836877,0.04276427026068542,0.019124763062213047,5,0.21764636690573536,0.060674951129321426,0.027134663051328067,5,0.848438063847832,0.023739469491205777,0.010616613506423692,5
small_long,nomotor_xlink,6.15,pulse_06,5,0.005245871749678803,0.0050994290231143324,0.0022805339884237985,5,224.8,22.829805080201627,10.209799214480174,5,0.0703905028002206,0.04123213288431639,0.018439570397327184,5,0.2194320811914497,0.05765113540700104,0.025782371550019865,5,0.855203996228575,0.023488486297387538,0.010504370409906174,5
small_long,nomotor_xlink,6.2,pulse_06,5,0.010159210797893985,0.006476052838368022,0.002896178874494271,5,224.8,22.829805080201627,10.209799214480174,5,0.06702349943321725,0.04291401718279833,0.019191731921666216,5,0.21943208119144963,0.05765113540700105,0.02578237155001987,5,0.8489182945158232,0.024299994471750467,0.010867287898340627,5
small_long,nomotor_xlink,6.25,pulse_06,5,0.007734469153202891,0.006815339493106775,0.0030479124792651417,5,224.4,23.25510696599781,10.399999999999999,5,0.06532922949223115,0.039549116039716226,0.017686902382966548,5,0.22372592386336204,0.05945292487460237,0.02658815629615981,5,0.8480404786624522,0.02132105713170371,0.009535066619729237,5
small_long,nomotor_xlink,6.3,pulse_06,5,0.00717708207548767,0.004686797898760931,0.0020959997396865237,5,224.4,23.25510696599781,10.399999999999999,5,0.06896679562979728,0.0358595092119265,0.016036860047529515,5,0.2272973524347906,0.053631922385773814,0.023984924843716587,5,0.8513526494227683,0.017072282145750847,0.007634956681790973,5
small_long,nomotor_xlink,6.35,pulse_06,5,0.00795247583782938,0.004619851107454688,0.0020660602244392734,5,224.0,23.280893453645632,10.411532067856296,5,0.06879454545754711,0.03946562395706068,0.017649563588486385,5,0.22364662378406192,0.0590098085462228,0.026389988649720444,5,0.8479507745443484,0.025919608493808186,0.011591601308467207,5
small_long,nomotor_xlink,6.4,pulse_06,5,0.004790593698634741,0.003004869382651573,0.0013438184406233489,5,224.0,23.280893453645632,10.411532067856296,5,0.0707553297712726,0.04317742921645507,0.019309533364335805,5,0.22544842558586375,0.05603811805966956,0.02506100826251595,5,0.8548079638309064,0.019253431854562863,0.00861039648539248,5
small_long,nomotor_xlink,6.45,pulse_06,5,0.0042376057726735365,0.0037101203829099164,0.0016592162761788244,5,224.0,23.280893453645632,10.411532067856296,5,0.0690811957441974,0.0369549616486795,0.016526761270469013,5,0.22393327407071223,0.055564797846566344,0.024849333028191253,5,0.8530169764485551,0.013668084278589716,0.006112553113824555,5
small_long,nomotor_xlink,6.5,pulse_06,5,0.007288135086911514,0.006111323922889949,0.0027330671448205215,5,223.6,23.723406163533937,10.609429767899874,5,0.07131377194299374,0.04142920048356338,0.018527701706942977,5,0.22558520396958448,0.054409180528406785,0.0243325252523151,5,0.8559069045601684,0.01694460037339586,0.007577855657296292,5
small_long,nomotor_xlink,6.55,pulse_06,5,0.003827297349050992,0.0032324092031779305,0.0014455773418803562,5,223.6,23.723406163533937,10.609429767899874,5,0.07084872543834328,0.03716497641705612,0.016620682730142812,5,0.22558520396958448,0.05440918052840679,0.0243325252523151,5,0.8529844102110443,0.014127247112773553,0.006317896975819861,5
small_long,nomotor_xlink,6.6,pulse_06,5,0.00363612471632219,0.0033146591048380664,0.0014823606161313036,5,222.8,23.34951819631403,10.44222198576529,5,0.07121024555982108,0.037657658922978524,0.0168410170450563,5,0.22275914096303628,0.055519196040641594,0.024828939280602355,5,0.8526015314120043,0.02167207652156895,0.009692047263161072,5
small_long,nomotor_xlink,6.65,pulse_06,5,0.005940549479883472,0.0030226559264900847,0.0013517728248448873,5,222.8,23.34951819631403,10.44222198576529,5,0.07521024555982107,0.04567271417335708,0.02042545872170891,5,0.22275914096303623,0.05551919604064156,0.02482893928060234,5,0.8570705793766666,0.008408661610526478,0.003760467792186013,5
small_long,nomotor_xlink,6.7,pulse_06,5,0.00988667475895193,0.006103655148373697,0.00272963756459603,5,222.8,23.34951819631403,10.44222198576529,5,0.07755084986989104,0.048107838460337816,0.021514479409578836,5,0.21931751752141282,0.054967875385568334,0.02458238118817365,5,0.8510345741368079,0.010203428259679405,0.004563111838437105,5
small_long,nomotor_xlink,6.75,pulse_06,5,0.006305361662071007,0.004671629938347376,0.002089216421573577,5,222.8,23.34951819631403,10.44222198576529,5,0.07748532980437098,0.04817812841985131,0.021545914035100408,5,0.21905543725933252,0.05540943802652673,0.02477985400447511,5,0.8501054834570223,0.008978413988129054,0.004015268801518311,5
small_long,nomotor_xlink,6.8,pulse_06,5,0.006546206625933431,0.005438848238442837,0.0024323268760926336,5,222.8,23.34951819631403,10.44222198576529,5,0.07755084986989103,0.04810783846033781,0.021514479409578832,5,0.22116936937326467,0.05485612879836225,0.024532406595124366,5,0.8585946187899915,0.003340493876182547,0.0014939142771131881,5
small_long,nomotor_xlink,6.85,pulse_06,5,0.0076777546779353365,0.006657741224655037,0.002977432390986272,5,222.8,23.34951819631403,10.44222198576529,5,0.07748532980437096,0.04817812841985131,0.021545914035100408,5,0.22643010164334268,0.05128080742137755,0.02293347426705518,5,0.8451780285530583,0.0151952173354397,0.006795507778985278,5
small_long,nomotor_xlink,6.9,pulse_06,5,0.007431999310613557,0.004820076220272534,0.002155603617051927,5,222.8,23.34951819631403,10.44222198576529,5,0.07748532980437098,0.048178128419851314,0.02154591403510041,5,0.22490338408609084,0.05043937093546888,0.022557172430807113,5,0.8554297983726918,0.021440780445740517,0.009588608513464807,5
small_long,nomotor_xlink,6.95,pulse_06,5,0.00839193485283567,0.00592784386684629,0.0026510123692547035,5,222.8,23.34951819631403,10.44222198576529,5,0.07748532980437098,0.04817812841985131,0.021545914035100408,5,0.22275914096303623,0.05551919604064158,0.024828939280602348,5,0.8385496581002911,0.012410377326895537,0.005550089465872109,5
small_long,nomotor_xlink,7.0,pulse_06,5,0.008518810173437075,0.009571914940078731,0.004280690496172373,5,222.8,23.34951819631403,10.44222198576529,5,0.07901204736162289,0.04764585508620288,0.021307874163770748,5,0.22308427525763616,0.055203033237487646,0.024687546976640534,5,0.8519353113041518,0.017785227382063593,0.007953795484316963,5
small_long,nomotor_xlink,7.05,pulse_07,5,0.007698700238966053,0.005369665066685885,0.002401387221103116,5,230.8,25.083859352181037,11.217842929904126,5,0.07891003438690475,0.055331424329547664,0.02474496521855086,5,0.21574859552015463,0.05456981720275645,0.02440436415702017,5,0.8545553937451217,0.016071340079453048,0.007187321781434777,5
small_long,nomotor_xlink,7.1,pulse_07,5,0.004123037680163133,0.003797528586219345,0.0016983064130570251,5,230.8,25.083859352181037,11.217842929904126,5,0.07696828681408921,0.05113844481065749,0.0228698077720503,5,0.21745799722955633,0.05152556177690792,0.02304293174240619,5,0.8589161626152004,0.013672281545087357,0.006114430188466237,5
small_long,nomotor_xlink,7.15,pulse_07,5,0.006236563125261545,0.003101882533930773,0.0013872040408177012,5,230.8,25.083859352181037,11.217842929904126,5,0.08038062262219886,0.05475885519588446,0.02448890451761304,5,0.21700321790841492,0.047862760109442494,0.021404877039095736,5,0.8494744756806881,0.013669805065892576,0.006113322673301358,5
small_long,nomotor_xlink,7.2,pulse_07,5,0.007301535135615762,0.004189244699678544,0.0018734871845723833,5,230.8,25.083859352181037,11.217842929904126,5,0.08018601781298958,0.05629750917241978,0.025177011494689712,5,0.21911781737822028,0.047208981688123285,0.021112498440637287,5,0.8572644922590167,0.025123113183739134,0.011235397777052373,5
small_long,nomotor_xlink,7.25,pulse_07,5,0.003689718268606467,0.005791246990974106,0.002589924389261842,5,230.8,25.083859352181037,11.217842929904126,5,0.08185121085749299,0.054379446705249586,0.02431922788235301,5,0.2221085754095463,0.05022901586271196,0.022463098782387836,5,0.855894827528806,0.019637241422933716,0.008782041342450897,5
small_long,nomotor_xlink,7.3,pulse_07,5,0.004708231883330338,0.0028994664265317664,0.0012966808056406858,5,230.8,25.083859352181037,11.217842929904126,5,0.08185121085749297,0.05437944670524958,0.024319227882353005,5,0.22065436719063217,0.047705354634920864,0.02133448317088354,5,0.8535107247910927,0.02460667775847849,0.01100444083367801,5
small_long,nomotor_xlink,7.35,pulse_07,5,0.009011650036016183,0.005972627724567626,0.00267104031928662,5,230.8,25.083859352181037,11.217842929904126,5,0.08185121085749299,0.0543794467052496,0.024319227882353012,5,0.22051442141961847,0.04521719723236624,0.02022174535271725,5,0.8532533895567129,0.020940157230887966,0.00936472300555985,5
small_long,nomotor_xlink,7.4,pulse_07,5,0.008512466843594227,0.004726487746506248,0.002113749579201553,5,230.8,25.083859352181037,11.217842929904126,5,0.08185121085749299,0.054379446705249586,0.02431922788235301,5,0.22233260323780027,0.04436075383806464,0.019838732223009446,5,0.8549639055403867,0.013657258375654506,0.006107711622848367,5
small_long,nomotor_xlink,7.45,pulse_07,5,0.004035677842697583,0.002754700534715541,0.0012319395306557939,5,230.8,25.083859352181037,11.217842929904126,5,0.08194361094989307,0.05544495759315457,0.02479573883757735,5,0.22415078505598207,0.04386588523957651,0.019617420257779544,5,0.8502644040863991,0.009942835252895839,0.004446571102911281,5
small_long,nomotor_xlink,7.5,pulse_07,5,0.005952096757150413,0.005331837778180937,0.002384470343402804,5,230.8,25.083859352181037,11.217842929904126,5,0.08365301265929477,0.053368007781820485,0.023866898644777673,5,0.2229125426841018,0.04941268365785091,0.02209802392192952,5,0.8570800395194963,0.014330423418789859,0.006408760182153812,5
small_long,nomotor_xlink,7.55,pulse_07,5,0.007989933055984706,0.005120932761036346,0.002290150752376591,5,230.4,24.26520142096496,10.851727973000427,5,0.08228046363968693,0.05378012230242236,0.024051201861293777,5,0.22131937898928186,0.046785581431305415,0.02092314808945016,5,0.8607866151747242,0.015052816079150506,0.006731824001156477,5
small_long,nomotor_xlink,7.6,pulse_07,5,0.004158216200998722,0.005208303905070527,0.002329224315843062,5,230.4,24.26520142096496,10.851727973000427,5,0.08239512375434704,0.05372949484397759,0.02402856057357167,5,0.2236870069879778,0.04965481702230799,0.022206309254438873,5,0.8576795755351496,0.020483750999662518,0.009160611933884932,5
small_long,nomotor_xlink,7.65,pulse_07,5,0.005899767723080466,0.003979548375071148,0.0017797081372815833,5,230.0,23.45207879911715,10.488088481701515,5,0.08237996612724911,0.05374446045399373,0.024035253397835837,5,0.22167316561172523,0.04694058156456944,0.02099246625635014,5,0.8532830482073338,0.023262337973427222,0.010403233804831592,5
small_long,nomotor_xlink,7.7,pulse_07,5,0.003950395447775149,0.003975112102081105,0.0017777241756870867,5,229.6,22.645087767549057,10.127191120937729,5,0.08248096489281977,0.053709180723391384,0.024019475822664893,5,0.22276830291137903,0.0497625166015464,0.022254473970503914,5,0.8551135213537556,0.020179640465435512,0.009024609568443859,5
small_long,nomotor_xlink,7.75,pulse_07,5,0.006154371925998141,0.005383552508402514,0.002407597873845506,5,229.2,23.177575369309018,10.365326815879952,5,0.08116088431877906,0.050281361455322325,0.022486508443067692,5,0.22135958408404224,0.04774098162418944,0.02135041604485118,5,0.8581322423899286,0.015517408579613937,0.006939596083731044,5
small_long,nomotor_xlink,7.8,pulse_07,5,0.005112091555884436,0.004051232965942053,0.001811766460906904,5,228.8,23.392306427541513,10.461357464497615,5,0.0794594664705722,0.05077954476448503,0.022709302791976412,5,0.22163445701946566,0.044683143440139045,0.01998290923610494,5,0.8595069041764095,0.015783340256922653,0.007058524345297609,5
small_long,nomotor_xlink,7.85,pulse_07,5,0.004371317045245885,0.005064316540180624,0.002264831208684084,5,228.8,23.392306427541513,10.461357464497615,5,0.0794594664705722,0.05077954476448503,0.022709302791976412,5,0.21796427099633847,0.045304947417769525,0.020260988428637244,5,0.8540746219896448,0.012137927157783484,0.0054282460461489365,5
small_long,nomotor_xlink,7.9,pulse_07,5,0.002481813048373545,0.0017862272572178994,0.0007988251140804449,5,228.4,22.60088493842664,10.107423014794621,5,0.07955060340381441,0.05073661663882091,0.02269010475055009,5,0.2185002846902469,0.041787787325463524,0.018688066617808113,5,0.8530956598063725,0.017846679688098468,0.007981277791050583,5
small_long,nomotor_xlink,7.95,pulse_07,5,0.004957456654628834,0.0027500533740735756,0.0012298612572362345,5,228.4,22.60088493842664,10.107423014794621,5,0.079669518305338,0.050604241503018496,0.022630904790113097,5,0.2190354017471031,0.04075729505688088,0.01822721646524036,5,0.8536901717611937,0.023049520530132307,0.010308058950830565,5
small_long,nomotor_xlink,8.0,pulse_07,5,0.006190954223463585,0.004527399352228481,0.0020247145425742797,5,228.4,22.60088493842664,10.107423014794621,5,0.07955060340381441,0.05073661663882091,0.02269010475055009,5,0.21850028469024693,0.04178778732546353,0.018688066617808117,5,0.8567060500897539,0.011858019303378587,0.005303067448171844,5
small_long,rotatable_xlink,0.0,initial,5,0.12530028428325488,0.12193203244380953,0.05452966263581358,5,27.2,6.572670690061994,2.939387691339814,5,0.19689839572192516,0.13311770624259828,0.059532048033459566,5,0.3891814068284657,0.20180992959703148,0.09025214422268182,5,0.5493087212662822,0.01937956534816706,0.008666805098580184,5
small_long,rotatable_xlink,0.05,initial,5,0.11820559493234425,0.07076760673045424,0.03164823585085346,5,38.4,7.402702209328699,3.3105890714493698,5,0.15680926916221033,0.11188354208417624,0.05003584113273531,5,0.37558229352346995,0.15289131613137755,0.06837507520783406,5,0.6123686494084317,0.04506009037084971,0.02015148502830073,5
small_long,rotatable_xlink,0.1,initial,5,0.05106901193632078,0.06791018264127686,0.030370356950064254,5,48.8,8.318653737234168,3.7202150475476548,5,0.15254201334056142,0.10318007651408491,0.04614353300182468,5,0.3484127638846332,0.17605412155033326,0.07873379670111116,5,0.6427124456761028,0.031300077038520634,0.013997819991822487,5
small_long,rotatable_xlink,0.15000000000000002,initial,5,0.0789900736399112,0.041249468539671034,0.01844732313808868,5,55.2,10.353743284435827,4.63033476111609,5,0.16194570135746605,0.09672658807825496,0.04325744523491976,5,0.3477310924369748,0.18286499187615507,0.0817797105080059,5,0.6973059799446465,0.033085056241641424,0.014796086959142786,5
small_long,rotatable_xlink,0.2,initial,5,0.057785067803656,0.02909597914512741,0.013012117448084221,5,63.6,10.89954127475097,4.874423042781576,5,0.1405944055944056,0.08309651011514688,0.03716188906209346,5,0.32138694638694637,0.17674715656572196,0.07904373138215051,5,0.7219012047085791,0.0266826913941361,0.01193286235598739,5
small_long,rotatable_xlink,0.25,initial,5,0.05563906580367304,0.03784388200071226,0.01692429853721467,5,68.0,13.038404810405298,5.830951894845301,5,0.13428571428571429,0.0806691473728865,0.036076339442544555,5,0.3160515873015873,0.1563322786642469,0.06991392043413922,5,0.7138719772736526,0.028212712248149953,0.012617108483300842,5
small_long,rotatable_xlink,0.30000000000000004,initial,5,0.10923348086077689,0.07044417178833697,0.031503591347478876,5,76.4,12.992305415129373,5.81033561853358,5,0.1188764750751559,0.06900756177683662,0.03086111981890457,5,0.29911056413412046,0.15974202827033065,0.0714388068152305,5,0.7404072959450391,0.019320553562284775,0.008640414225638894,5
small_long,rotatable_xlink,0.35000000000000003,initial,5,0.05606896466773109,0.04844146576054584,0.02166368207406181,5,84.8,12.853015210447703,5.748043145279966,5,0.11086116983791403,0.06634504031732363,0.02967040402389997,5,0.26465971137053035,0.13483779913240912,0.06030129695930579,5,0.7582573626534737,0.04675798264338636,0.02091080553627344,5
small_long,rotatable_xlink,0.4,initial,5,0.03848693328970289,0.028329051821907838,0.012669137122380037,5,89.6,13.069047402163633,5.844655678480983,5,0.10985263670685667,0.06750019240116921,0.03018700374066582,5,0.2658126902935087,0.1374734920842114,0.06148001468091518,5,0.7635381026990744,0.03617772710809983,0.01617917141702962,5
small_long,rotatable_xlink,0.45,initial,5,0.033593658146360734,0.0282124681262748,0.012616999308679315,5,97.2,14.463747785411636,6.468384651518491,5,0.1064573521716379,0.07345971308079359,0.032852182411256994,5,0.2668850197421626,0.13972936723672097,0.06248887271886801,5,0.7654627016619576,0.03417691283660543,0.015284380072746979,5
small_long,rotatable_xlink,0.5,initial,5,0.0474373177157682,0.029647585277546643,0.013258803209863251,5,103.2,15.20526224699857,6.8,5,0.09983702472720128,0.06815321381222252,0.030479043793841424,5,0.2575812177735015,0.14067365730702397,0.06291117207640312,5,0.7689755582108815,0.03264943695773846,0.014601272092919426,5
small_long,rotatable_xlink,0.55,initial,5,0.027907364157496124,0.012662317354118435,0.0056627604712968195,5,107.2,15.401298646542765,6.887670143089025,5,0.09552592379367682,0.06326641269008168,0.028293599893515594,5,0.24810134184105764,0.13402139216931724,0.05993618866595027,5,0.7732464316609065,0.04259979983248411,0.019051209650663724,5
small_long,rotatable_xlink,0.6000000000000001,initial,5,0.016578051587143643,0.012491100019451465,0.005586189751448483,5,109.6,16.637307474468336,7.4404300950953095,5,0.09323153672430647,0.0622270660049169,0.027828789925472087,5,0.24532199076414876,0.13092392598470953,0.05855095967659232,5,0.7796535913851892,0.03674863770184175,0.01643449039636596,5
small_long,rotatable_xlink,0.65,initial,5,0.021800869879379053,0.007216282595089982,0.0032272196854939575,5,116.0,17.029386365926403,7.615773105863909,5,0.08357521102086321,0.05853081446351065,0.026175775983767538,5,0.24254266868397298,0.13705329865385255,0.06129209846611894,5,0.7920771855658881,0.04913496510010126,0.021973824407181236,5
small_long,rotatable_xlink,0.7000000000000001,initial,5,0.021640583985272167,0.011075847729648246,0.004953269686386038,5,118.0,16.73320053068151,7.483314773547883,5,0.08573717948717949,0.05583734419930879,0.0249712194625416,5,0.2323426573426573,0.13042675393925562,0.05832861757856281,5,0.7834216307160798,0.037082427851589744,0.01658376588937723,5
small_long,rotatable_xlink,0.75,initial,5,0.022255935211531228,0.006821263176344262,0.003050561630944381,5,122.4,20.169283576765935,9.019977827023745,5,0.0876576854518031,0.053776546627125756,0.024049602770688044,5,0.22994821389601833,0.13037322374177232,0.058304678146478474,5,0.7787666191433021,0.055957008658808205,0.025024735035727896,5
small_long,rotatable_xlink,0.8,initial,5,0.021488851084379063,0.020183555708874888,0.00902636051853964,5,126.0,21.6794833886788,9.695359714832659,5,0.07911645190198077,0.04921510551222557,0.022009664289032196,5,0.22956586081758315,0.1221712412882736,0.05463664008322175,5,0.793617336825409,0.04175080643905699,0.01867152826263347,5
small_long,rotatable_xlink,0.8500000000000001,initial,5,0.018368708875233324,0.012980576393898314,0.005805090240777143,5,130.4,21.419617176784463,9.579144011862438,5,0.07886352598348714,0.05156970517754961,0.023062673271324757,5,0.22648470131131618,0.12734073760989215,0.05694850912013658,5,0.7881912379560376,0.051215042413368064,0.022904063261365175,5
small_long,rotatable_xlink,0.9,initial,5,0.015493795916055642,0.014855718904564505,0.006643679465046988,5,132.4,21.83575050232989,9.765244492586962,5,0.07406392694063926,0.05191908328855975,0.023218919912538584,5,0.22456901385884803,0.12793176294844236,0.05721282368682121,5,0.7829507716183778,0.04404250676624575,0.019696407805763986,5
small_long,rotatable_xlink,0.9500000000000001,initial,5,0.013086191750180437,0.012825480956228137,0.005735729452451024,5,133.6,21.881499034572563,9.785703858180055,5,0.07415815616214419,0.04595424579493817,0.02055136349044312,5,0.22353102736951186,0.12292366404082604,0.0549731337677267,5,0.7788110326922528,0.043136606204669685,0.019291276758456124,5
small_long,rotatable_xlink,1.0,initial,5,0.029012329891961074,0.020883637336510212,0.009339446540377896,5,138.4,22.199099080818574,9.927738916792686,5,0.07221453372997075,0.041469269555802775,0.018545621140807503,5,0.21826268964862336,0.12246473454069333,0.054767894255891354,5,0.7842624549954583,0.04175375036614749,0.018672844826852504,5
small_long,rotatable_xlink,1.05,pulse_01,5,0.01814210666787305,0.024634058584499886,0.011016685911330797,5,146.0,23.57965224510319,10.545141061171252,5,0.0731416957026713,0.04264233392591202,0.01907023147551695,5,0.21083306936965474,0.11968636766235197,0.05352537081461032,5,0.7913442156972487,0.037846912980797766,0.0169256540327166,5
small_long,rotatable_xlink,1.1,pulse_01,5,0.009544410054223122,0.00528331956093769,0.0023627723370222035,5,148.0,22.494443758403985,10.059821071967432,5,0.07992981331293973,0.04887870199565186,0.02185922006284644,5,0.2107704845424549,0.12100500588636236,0.054115083755933685,5,0.7982136924659128,0.0455234217547731,0.02035869312241308,5
small_long,rotatable_xlink,1.15,pulse_01,5,0.015124602610229165,0.008553611276384371,0.0038252912534208388,5,151.6,24.63331078032346,11.016351483136328,5,0.07548610578520848,0.047167188286342865,0.02109380786315889,5,0.20662781175344608,0.117644801846049,0.05261235482545166,5,0.7934444170628072,0.041533524485767116,0.01857435681906545,5
small_long,rotatable_xlink,1.2,pulse_01,5,0.011515804253083376,0.006258481173519102,0.0027988778679782734,5,154.8,23.731835158706122,10.613199329137279,5,0.07764337122637795,0.0469369685693043,0.020990850475747093,5,0.2102406873231232,0.11759462153731332,0.052589913509158676,5,0.8051214818362296,0.047678061972102,0.02132227752101355,5
small_long,rotatable_xlink,1.25,pulse_01,5,0.004902427376032674,0.0021822824999179298,0.000975946403184934,5,157.6,26.092144411680692,11.668761716651856,5,0.08822586051446842,0.06678688414224869,0.02986800258949416,5,0.20716689966349877,0.11854417591696127,0.053014567137403774,5,0.7869138956303015,0.04066242743796686,0.0181847903762893,5
small_long,rotatable_xlink,1.3,pulse_01,5,0.015119126055950288,0.005421055506820584,0.00242436972461008,5,159.2,27.40802802100144,12.25724275683565,5,0.08632307798513764,0.06365566715779858,0.02846767978358769,5,0.20318621680520454,0.11389561511342007,0.05093566754655194,5,0.796611594380621,0.05269633649199945,0.023566518112262715,5
small_long,rotatable_xlink,1.35,pulse_01,5,0.014805751374270138,0.002291418432123832,0.0010247534758249751,5,161.6,27.10719461692781,12.12270596855339,5,0.08366612514153499,0.05565705960180427,0.024890593739478342,5,0.20171528733219848,0.11270902818246686,0.050405009738787095,5,0.7981554828297521,0.03860028095781241,0.017262570434451847,5
small_long,rotatable_xlink,1.4,pulse_01,5,0.011374564213892891,0.012875522823569269,0.005758108855870183,5,163.6,25.628109567426154,11.461239025515521,5,0.08615339604310193,0.05349110709734207,0.023921950332275663,5,0.2089651667921792,0.1105098558908028,0.04942150999110812,5,0.7923518082807304,0.04192793718062358,0.018750743538443037,5
small_long,rotatable_xlink,1.45,pulse_01,5,0.04493167101990816,0.044276855973242185,0.019801211957227425,5,165.6,27.618834153526464,12.351518125315607,5,0.08586417453513089,0.05379134676271685,0.024056221592539624,5,0.21710005194317783,0.11199093318662424,0.050083867893785786,5,0.7918635293158243,0.04507971901369663,0.020160263224243087,5
small_long,rotatable_xlink,1.5,pulse_01,5,0.07611814141552146,0.0952970475309947,0.04261813526686653,5,167.6,26.206869328479506,11.720068259186888,5,0.08894862446165587,0.05708378924052357,0.025528646631016356,5,0.2235073488561214,0.10638864746574205,0.047578449553531986,5,0.7982325181667491,0.05707515311528433,0.025524784438396928,5
small_long,rotatable_xlink,1.55,pulse_01,5,0.06259705254613741,0.07467942074988335,0.033397652263409495,5,169.6,26.053790511171304,11.651609330903606,5,0.09918523710281084,0.0718739834480367,0.03214302256070095,5,0.2416432382466156,0.12148720363560857,0.054330729145116066,5,0.8004289180996927,0.05786923129394338,0.0258799069957831,5
small_long,rotatable_xlink,1.6,pulse_01,5,0.043721313061142957,0.043646673152462415,0.0195193856321242,5,171.6,25.035974117257748,11.196428001822722,5,0.09278164730842647,0.0654738751274345,0.029280807107055246,5,0.26401622029931743,0.14468621516755825,0.06470564250436427,5,0.8098672703055906,0.05583502907394352,0.02497018410700297,5
small_long,rotatable_xlink,1.65,pulse_01,5,0.05095276038820827,0.08033280702505902,0.03592592346628092,5,173.6,25.47155275989275,11.391224692718513,5,0.10105869525661523,0.06831505237232044,0.030551420198193353,5,0.27526178317974836,0.1700968273892813,0.07606961375989621,5,0.8124654619058589,0.057913821148873834,0.02589984818512937,5
small_long,rotatable_xlink,1.7000000000000002,pulse_01,5,0.07592754685387287,0.06270961104886189,0.02804459062956541,5,174.0,24.859605789312106,11.117553687749837,5,0.11033350427203888,0.08061573619574358,0.03605245323797459,5,0.30297915641992923,0.18421165944876552,0.08238195855509622,5,0.8210508524651872,0.052915689400111064,0.02366461571498268,5
small_long,rotatable_xlink,1.75,pulse_01,5,0.04549122527339372,0.0485541964281947,0.02171409676126417,5,174.0,24.20743687382041,10.825894882179487,5,0.10952012475698805,0.08579523177964611,0.03836879408092779,5,0.32402885831529965,0.19147514791506356,0.08563028934798185,5,0.8301880004925746,0.030315308041276974,0.013557417907828263,5
small_long,rotatable_xlink,1.8,pulse_01,5,0.02201121748272794,0.021087129968407038,0.009430451211946226,5,176.4,23.383755044902433,10.457533169921097,5,0.11290731922597334,0.08274540963782727,0.037004872155249606,5,0.31222811062605016,0.1702267428723095,0.07612771373017237,5,0.8297515453293419,0.02930630878230067,0.013106179721364675,5
small_long,rotatable_xlink,1.85,pulse_01,5,0.020286402333022296,0.02824425858910665,0.012631216435864954,5,177.6,23.5966099260042,10.552724766618333,5,0.11281877571671044,0.0809708479343915,0.03621126403541956,5,0.3161012956668033,0.15729631328088942,0.07034504982123434,5,0.8379692422907674,0.03111999964678635,0.013917286933996744,5
small_long,rotatable_xlink,1.9,pulse_01,5,0.03650562677731073,0.047077903267402826,0.021053878388814434,5,177.6,23.5966099260042,10.552724766618333,5,0.1128378124576204,0.080940551205884,0.03619771492653184,5,0.3330750000639692,0.16522020295094828,0.07388872101092633,5,0.8285037892714933,0.033110656616918026,0.014807535795016383,5
small_long,rotatable_xlink,1.9500000000000002,pulse_01,5,0.021258051910319056,0.022967178034372034,0.010271234267239174,5,178.0,23.021728866442675,10.295630140986999,5,0.11459992963242756,0.08436886476955484,0.03773090336184235,5,0.3477483457815417,0.16486640645570763,0.07373049840821448,5,0.8193947711731407,0.036330695825884184,0.016247581107308978,5
small_long,rotatable_xlink,2.0,pulse_01,5,0.015418988053618729,0.009758230797916293,0.004364013480854569,5,178.8,23.435016535091243,10.48045800525912,5,0.11982207225432037,0.08478041639937257,0.03791495484594701,5,0.36165840756376333,0.17314074369894616,0.0774308945171424,5,0.8223249740446089,0.03854159427227471,0.017236324950804557,5
small_long,rotatable_xlink,2.05,pulse_02,5,0.016373345476337516,0.016078822185806228,0.007190667881118895,5,185.2,23.004347415216976,10.287856919689347,5,0.1113772431639658,0.0749977064243065,0.03353999394426441,5,0.3437516570682005,0.16134962225598093,0.07215774470165726,5,0.8221805267740333,0.03286288490153533,0.014696728915316894,5
small_long,rotatable_xlink,2.1,pulse_02,5,0.016944478976163118,0.017742614822578023,0.007934738568375966,5,184.8,22.653917983430592,10.131140113531151,5,0.1160502364253267,0.07527232500638424,0.03366280710774649,5,0.344978560303749,0.159643539558744,0.07139476132440567,5,0.8288101737668849,0.03587504283798667,0.01604380689629103,5
small_long,rotatable_xlink,2.15,pulse_02,5,0.02149103082736302,0.02605594913656076,0.011652574697525363,5,184.8,22.653917983430592,10.131140113531151,5,0.1191585022803449,0.06499655399011482,0.029067342605026386,5,0.3370372744860502,0.14810670404898565,0.06623533163539505,5,0.8400542031427202,0.03098401473807529,0.013856472634038337,5
small_long,rotatable_xlink,2.2,pulse_02,5,0.053605271769825005,0.08831221219791612,0.03949442194358531,5,184.8,22.653917983430592,10.131140113531151,5,0.1211585022803449,0.06781415426876741,0.030327411756324293,5,0.3504057961005713,0.14038321935246434,0.06278128427447485,5,0.828704629131291,0.034721272697517215,0.015527825203391197,5
small_long,rotatable_xlink,2.25,pulse_02,5,0.07246581660692471,0.12550429399077048,0.05612722656629623,5,185.2,22.74203157151973,10.170545708072897,5,0.15002018355876715,0.07794390348144688,0.03485757332323954,5,0.36660179930057996,0.14536721887676593,0.06501019662170784,5,0.8346379171749077,0.03901609813374363,0.017448529528770688,5
small_long,rotatable_xlink,2.3,pulse_02,5,0.058889736799453675,0.09357141798053648,0.041846410271105125,5,184.8,23.34951819631403,10.44222198576529,5,0.1719565678495818,0.10311240637172503,0.04611326999415192,5,0.38758914107273185,0.15812015078092714,0.07071348115173391,5,0.8370673351235389,0.02855432750900853,0.012769883472387063,5
small_long,rotatable_xlink,2.35,pulse_02,5,0.02516551426365965,0.034504393639629045,0.015430833940124384,5,184.4,23.765521244020714,10.628264204469136,5,0.19254702883443164,0.13775349034030673,0.06160523370775729,5,0.39413540115998524,0.16455948652756888,0.07359323964362097,5,0.8333356038629463,0.025162589423432906,0.011253052088142644,5
small_long,rotatable_xlink,2.4,pulse_02,5,0.011490181838993302,0.010919685314570783,0.004883431731257289,5,184.8,23.34951819631403,10.44222198576529,5,0.1961650129660802,0.13952628775478548,0.062398052813579366,5,0.3861657406495588,0.16267993897611396,0.07275268042522166,5,0.8381788623514351,0.03575910885949592,0.015991959644929568,5
small_long,rotatable_xlink,2.45,pulse_02,5,0.011645062791588836,0.012222285538416115,0.00546597226086221,5,185.2,23.689660191737662,10.594338110519223,5,0.1928773765101269,0.14665890329238057,0.06558785545346613,5,0.38288481496662913,0.16039208137424155,0.0717295194010964,5,0.8380885651659101,0.028886787039291914,0.01291856389428332,5
small_long,rotatable_xlink,2.5,pulse_02,5,0.009385119239516036,0.011294757113834248,0.005051168939176542,5,185.2,23.689660191737662,10.594338110519223,5,0.19108566318425907,0.14724667144727707,0.06585071336333777,5,0.3945886069039335,0.16172611494781933,0.07232611735205377,5,0.8452350130722014,0.021066210348029732,0.009421095673300796,5
small_long,rotatable_xlink,2.55,pulse_02,5,0.01709904363597924,0.02397083719464004,0.010720084288959096,5,185.2,23.689660191737662,10.594338110519223,5,0.19683777254973087,0.14743202605770958,0.06593360646511179,5,0.3890040317313275,0.1539275308381227,0.0688384845125475,5,0.8534623539004332,0.021247883486505303,0.009502342370764218,5
small_long,rotatable_xlink,2.6,pulse_02,5,0.01616353916007996,0.03005232136334839,0.01343980669002323,5,185.6,24.26520142096496,10.851727973000427,5,0.19483633337807332,0.1432511335118733,0.06406385447728936,5,0.392442578724803,0.1476057040811839,0.06601127763844906,5,0.8461293770218707,0.01718516039846218,0.007685437371039761,5
small_long,rotatable_xlink,2.65,pulse_02,5,0.015863828322360992,0.015885987306041155,0.007104429501201355,5,185.2,24.190907382733702,10.818502669038816,5,0.2010477092451409,0.13888505886155653,0.06211128653469999,5,0.40230580160464113,0.12908782001279037,0.05772982812317141,5,0.8464129403528153,0.014526181013800708,0.006496305640065038,5
small_long,rotatable_xlink,2.7,pulse_02,5,0.0034734912394478227,0.003213235516419548,0.00143700260848615,5,185.6,24.26520142096496,10.851727973000427,5,0.21484633267213654,0.13805701520992988,0.06174097415602512,5,0.40663704909755316,0.13915913912341918,0.06223385895406315,5,0.862079194723481,0.018113365697241327,0.008100543400068896,5
small_long,rotatable_xlink,2.75,pulse_02,5,0.0062606025418967355,0.00437807437928281,0.001957934384525312,5,185.6,25.035974117257748,11.196428001822722,5,0.21682480147354907,0.14156043168862173,0.0633077496359947,5,0.4108175954637602,0.1335569632317621,0.05972848973093201,5,0.8512870574466124,0.016573939356531057,0.007412091011232513,5
small_long,rotatable_xlink,2.8,pulse_02,5,0.009713909820884074,0.006199205049446313,0.00277236877940438,5,185.6,25.035974117257748,11.196428001822722,5,0.21891066396113326,0.1485136240911333,0.06641731181052489,5,0.4046402533165069,0.1376660866568157,0.06156614559220333,5,0.8489664811361448,0.011501138345354475,0.005143465431768412,5
small_long,rotatable_xlink,2.85,pulse_02,5,0.016754432301924783,0.012197974534923061,0.005455100049579869,5,185.6,25.035974117257748,11.196428001822722,5,0.22186138116653345,0.14860785148610567,0.06645945158262508,5,0.4070792777067509,0.1398683576986026,0.06255103114306629,5,0.8500440771550842,0.01461171479309803,0.006534557509041293,5
small_long,rotatable_xlink,2.9,pulse_02,5,0.021470501286857218,0.011563046859087215,0.005171151760786889,5,185.6,26.015380066414558,11.634431657799189,5,0.22176439468846695,0.14073710909064055,0.06293954857669518,5,0.4049845345059908,0.1344635346562982,0.06013392079727632,5,0.8510697526225707,0.01888849106292224,0.008447190001818277,5
small_long,rotatable_xlink,2.95,pulse_02,5,0.028028339077943082,0.045552830318964135,0.020371845032143447,5,185.6,26.015380066414558,11.634431657799189,5,0.2143922108455245,0.1411107583199533,0.06310664959199191,5,0.40535278516981776,0.1303302101130808,0.05828544186693584,5,0.8520730268551985,0.02179335477529973,0.00974628454706797,5
small_long,rotatable_xlink,3.0,pulse_02,5,0.041498337683280484,0.0664576079514536,0.029720745800296156,5,185.6,26.015380066414558,11.634431657799189,5,0.21694652576305304,0.14013330854773837,0.06266952076493906,5,0.4097335571328772,0.13316548638087136,0.05955341596089016,5,0.8568713976478961,0.026049759842802746,0.011649806761210234,5
small_long,rotatable_xlink,3.05,pulse_03,5,0.007182748753654199,0.005803134247974739,0.002595240532205728,5,193.2,26.328691574022436,11.77454882362802,5,0.21940518056674946,0.13334744638554258,0.059634790948816366,5,0.40782176749414845,0.13390559726395437,0.059884403609982366,5,0.8558207212172771,0.01762017896774858,0.007879983589519579,5
small_long,rotatable_xlink,3.1,pulse_03,5,0.011695498312337297,0.011114818359367755,0.004970697881821797,5,193.2,26.328691574022436,11.77454882362802,5,0.21759984304712626,0.1325935298617649,0.059297629229510915,5,0.4106243178858745,0.13790812969889277,0.06167439053131636,5,0.8553793901473975,0.027918208777454826,0.012485402527284058,5
small_long,rotatable_xlink,3.15,pulse_03,5,0.04400195876999844,0.04887197581376772,0.021856212022862042,5,193.2,26.328691574022436,11.77454882362802,5,0.21972929465490848,0.13333234148832024,0.059628035833419905,5,0.42277558158545564,0.13922742698605864,0.062264398214643156,5,0.8561286690523833,0.016357215147566658,0.00731516899850966,5
small_long,rotatable_xlink,3.2,pulse_03,5,0.05178503178164908,0.058720292735515434,0.026260513243059915,5,192.8,25.71380951940027,11.49956520917204,5,0.23171829643424818,0.13702363573813595,0.06127883280692831,5,0.44875435305901384,0.16786386405831719,0.07507100220003618,5,0.8625887862332405,0.013009891162842284,0.005818200203997826,5
small_long,rotatable_xlink,3.25,pulse_03,5,0.025296841622082032,0.016125777768161244,0.007211667055932677,5,192.8,25.71380951940027,11.49956520917204,5,0.2418979893582165,0.13400800540845595,0.059930201924493394,5,0.4584945744367285,0.1748866739829095,0.0782116982769259,5,0.8631384688473543,0.01672078491935878,0.007477762343367914,5
small_long,rotatable_xlink,3.3,pulse_03,5,0.019818976183656946,0.01617528268467421,0.007233806327641365,5,192.8,25.71380951940027,11.49956520917204,5,0.2547188756140947,0.13592162548182354,0.06078599883792501,5,0.459655638619462,0.16749171602981072,0.07490457254214959,5,0.8520132885088474,0.018919428841146318,0.008461025796854647,5
small_long,rotatable_xlink,3.35,pulse_03,5,0.03588848618495536,0.040988952430209974,0.01833081679209094,5,192.8,25.71380951940027,11.49956520917204,5,0.2621505733956716,0.14471892556315477,0.06472027103798922,5,0.4637968801006977,0.17997816271638611,0.0804886812598715,5,0.8603836599687987,0.02337939045866818,0.010455581267618407,5
small_long,rotatable_xlink,3.4,pulse_03,5,0.050834241070149874,0.06673031067486264,0.029842702165734543,5,192.4,25.667099563448925,11.478675881825394,5,0.2711997715308164,0.1526531633059652,0.06826857002650294,5,0.47349068087454926,0.18402676505712354,0.08229927126942224,5,0.85310267001038,0.02996407926099317,0.013400343622154478,5
small_long,rotatable_xlink,3.45,pulse_03,5,0.044472655525813094,0.062224316605679605,0.027827560356753715,5,192.4,25.667099563448925,11.478675881825394,5,0.27973164876961315,0.15022760150606695,0.0671838258128631,5,0.49121219986189113,0.2047882974842596,0.09158411083425073,5,0.850896742139844,0.033103958686061724,0.014804540389275726,5
small_long,rotatable_xlink,3.5,pulse_03,5,0.02797284550994896,0.031746878934807744,0.014197635874337245,5,192.4,25.667099563448925,11.478675881825394,5,0.2893884411485769,0.1624432937451241,0.07264684946061277,5,0.5006753437257265,0.2097176271793936,0.0937885740906163,5,0.8532562435181976,0.04690654038974601,0.02097724258016231,5
small_long,rotatable_xlink,3.55,pulse_03,5,0.014867525974336776,0.012921356590879438,0.005778606339744272,5,192.4,25.667099563448925,11.478675881825394,5,0.29622913339953627,0.16753659510367394,0.07492464307413467,5,0.5049927035810612,0.21037434656590503,0.09408226792869262,5,0.8549391810788027,0.05441224516567099,0.024333895799764926,5
small_long,rotatable_xlink,3.6,pulse_03,5,0.007154769526017302,0.004906023068859194,0.002194040216230258,5,192.4,25.667099563448925,11.478675881825394,5,0.3051782379147054,0.17406049911895002,0.0778422216455029,5,0.5053168176692201,0.21291431156889037,0.09521817481012175,5,0.8502837375757173,0.04525600723425314,0.02023910171320245,5
small_long,rotatable_xlink,3.65,pulse_03,5,0.003075657738608524,0.0019725314733513373,0.000882142892434281,5,192.4,25.667099563448925,11.478675881825394,5,0.30623213628050816,0.18222065039763127,0.08149155223866551,5,0.5038120161644186,0.2125705606838872,0.09506444474088319,5,0.8597697251304748,0.050662296469412484,0.02265686776037078,5
small_long,rotatable_xlink,3.7,pulse_03,5,0.03128393335730588,0.05616656699926416,0.025118452374630208,5,192.4,25.667099563448925,11.478675881825394,5,0.3045012917628961,0.18898825500405214,0.08451811702762507,5,0.5039507949114448,0.21157066728318202,0.09461727881803715,5,0.8601091508661695,0.035081887425788896,0.015689097012611817,5
small_long,rotatable_xlink,3.75,pulse_03,5,0.06297620590827455,0.12202279528868769,0.05457025301400935,5,192.4,25.667099563448925,11.478675881825394,5,0.3137501068074179,0.19425273357468983,0.08687246341763244,5,0.5201661436010203,0.20467230010959978,0.09153223523126054,5,0.8684674646473578,0.04465762560766267,0.019971497314493814,5
small_long,rotatable_xlink,3.8,pulse_03,5,0.06778226467552112,0.12937127381791536,0.057856592518519497,5,192.4,25.667099563448925,11.478675881825394,5,0.32983003203682754,0.19000307935167038,0.08497196027292432,5,0.5298751664789878,0.197473686262846,0.08831291725023802,5,0.8618903841347685,0.049481318240871146,0.022128718240577636,5
small_long,rotatable_xlink,3.85,pulse_03,5,0.059272790938699825,0.1045856175156179,0.04677211004674286,5,192.4,25.667099563448925,11.478675881825394,5,0.3423399448044723,0.19621281773512542,0.08774903970250335,5,0.5483396453569963,0.19919050892537557,0.08908070368598367,5,0.85607368240298,0.042923247151102975,0.019195859688978086,5
small_long,rotatable_xlink,3.9,pulse_03,5,0.03610384963433193,0.06807769622662413,0.030445271302862495,5,192.4,25.667099563448925,11.478675881825394,5,0.3615121115462754,0.21151419384282674,0.0945920231277256,5,0.5568632094217973,0.2065298387102582,0.09236295174764096,5,0.8592678493380532,0.036866180492875884,0.016487057130569437,5
small_long,rotatable_xlink,3.95,pulse_03,5,0.022591474443552896,0.03355279101301431,0.015005264307988805,5,192.4,25.667099563448925,11.478675881825394,5,0.3746771495545701,0.2261518272060354,0.1011381717736963,5,0.566896346387924,0.20789735547566662,0.09297452383720574,5,0.8641709894995209,0.043199289201878356,0.019319309447014526,5
small_long,rotatable_xlink,4.0,pulse_03,5,0.01672661154077961,0.015561291302903318,0.006959221034193617,5,192.4,25.667099563448925,11.478675881825394,5,0.3714986919182953,0.221613877726055,0.0991087390705571,5,0.5668963463879239,0.20789735547566665,0.09297452383720575,5,0.8516165565402897,0.03183269274419411,0.014236012976576472,5
small_long,rotatable_xlink,4.05,pulse_04,5,0.004939125725672374,0.005278890461266229,0.0023607915834333013,5,200.0,22.80350850198276,10.198039027185569,5,0.34490652932747556,0.19783903326852167,0.08847630539825137,5,0.5394534302276306,0.19068690263298008,0.08527777534124541,5,0.8601801341229851,0.03101564648743164,0.013870618782399945,5
small_long,rotatable_xlink,4.1,pulse_04,5,0.005366613700149325,0.003793881035883696,0.0016966751789566526,5,200.0,22.80350850198276,10.198039027185569,5,0.353261395821877,0.20077545220063245,0.08978951186677478,5,0.5392795171841525,0.19064900129762802,0.08526082534878837,5,0.8616439815995383,0.03396894016431211,0.01519137186620495,5
small_long,rotatable_xlink,4.15,pulse_04,5,0.006292572945348784,0.003382148640747572,0.0015125428541440172,5,200.0,22.80350850198276,10.198039027185569,5,0.3529322942228057,0.20105676405408024,0.08991531835221192,5,0.530924650689751,0.1887219623655861,0.0843990273393215,5,0.8639547868087971,0.0355749021682668,0.015909579908229846,5
small_long,rotatable_xlink,4.2,pulse_04,5,0.010282000086461145,0.01160874147420998,0.005191587013910927,5,200.0,22.80350850198276,10.198039027185569,5,0.3512472278807987,0.201727372602539,0.09021522361234117,5,0.5301489073446775,0.1928734931323104,0.08625564834033697,5,0.8537718813227612,0.045509289139718086,0.02035237282482051,5
small_long,rotatable_xlink,4.25,pulse_04,5,0.006048523724583184,0.00808266354559492,0.0036146770254419426,5,200.0,22.80350850198276,10.198039027185569,5,0.3490093948845479,0.2018497527198298,0.09026995366461249,5,0.5320120496032368,0.1871028920635921,0.08367495708819957,5,0.8627786234750884,0.036113058403602565,0.016150250693175074,5
small_long,rotatable_xlink,4.3,pulse_04,5,0.017278401864086506,0.020278858090065348,0.009068981039091534,5,200.0,22.80350850198276,10.198039027185569,5,0.34646475755730194,0.20357316519332397,0.09104068715341329,5,0.5306790366546632,0.1835072965508597,0.08206695789098699,5,0.8617830050158662,0.04254721054659315,0.019027691007035653,5
small_long,rotatable_xlink,4.35,pulse_04,5,0.020703519753844758,0.039572770750051806,0.017697481091026236,5,199.6,22.467754671973786,10.047885349664375,5,0.34388959518799267,0.1989429358527496,0.08896998564202564,5,0.537640615055494,0.19191502505340738,0.08582700838459882,5,0.8563317190852173,0.03810443948610587,0.017040823387091973,5
small_long,rotatable_xlink,4.4,pulse_04,5,0.015063543382199562,0.026365034960080587,0.011790802079979729,5,199.6,22.467754671973786,10.047885349664375,5,0.3604979876647264,0.2219391076804872,0.099254186327843,5,0.5410749584898376,0.1956638575071943,0.0875035372251838,5,0.8599227482839433,0.04037741561068888,0.018057329212252303,5
small_long,rotatable_xlink,4.45,pulse_04,5,0.0074772071331736575,0.006459498250772715,0.0028887754378537547,5,199.6,22.467754671973786,10.047885349664375,5,0.3535212434786799,0.21412681685278337,0.09576042365769423,5,0.5432488715333158,0.19726067345076934,0.08821765502466164,5,0.8622484413653787,0.041916652284335554,0.01874569677939923,5
small_long,rotatable_xlink,4.5,pulse_04,5,0.02028701192869538,0.016732519640415618,0.007483010270163931,5,199.2,22.16303228351211,9.911609354691093,5,0.34602507088064705,0.20618701439167203,0.09220963605150122,5,0.5405826005959632,0.197006061738743,0.08810378920546995,5,0.8650857401437115,0.038403820754581715,0.017174710760592397,5
small_long,rotatable_xlink,4.55,pulse_04,5,0.027784879895835314,0.03455748650748571,0.015454577792453968,5,199.2,22.16303228351211,9.911609354691093,5,0.3432880290317363,0.20394657500467195,0.09120768109774119,5,0.5402723433887291,0.19094474586496768,0.08539308634009792,5,0.8595977110532648,0.021148066339383414,0.00945770278550729,5
small_long,rotatable_xlink,4.6,pulse_04,5,0.03766276339679096,0.03045622498577878,0.013620437881245782,5,199.2,22.16303228351211,9.911609354691093,5,0.3424222669096242,0.20925080125615628,0.09357980319101276,5,0.5456544993762579,0.1799656007581052,0.08048306338134217,5,0.8608638206965272,0.03728012242506963,0.016672177590394,5
small_long,rotatable_xlink,4.65,pulse_04,5,0.05198647867020969,0.07264463226934102,0.032487667190944265,5,199.2,22.16303228351211,9.911609354691093,5,0.3551787738610314,0.21117504630519787,0.09444035173801764,5,0.555040261144687,0.17889237943989042,0.08000310421685614,5,0.8628951308690181,0.032718777123125896,0.014632281957594901,5
small_long,rotatable_xlink,4.7,pulse_04,5,0.05181610426133966,0.06443583746987906,0.028816582553955528,5,198.8,22.785960589801782,10.190191362285596,5,0.38025207181443443,0.22201108135707126,0.09928637393452952,5,0.5624682330252595,0.1819613620335247,0.08137559495708212,5,0.8585864134920074,0.032954505174405214,0.014737702746967724,5
small_long,rotatable_xlink,4.75,pulse_04,5,0.01807325504305484,0.014019195512015437,0.006269574830945297,5,198.4,22.512218904408336,10.067770358922575,5,0.3928431939577449,0.23723556149467065,0.10609496843648303,5,0.562487394957983,0.1796268436192942,0.08033156658329324,5,0.8448372218783737,0.02120958279514411,0.009485213780870446,5
small_long,rotatable_xlink,4.8,pulse_04,5,0.009785721075279863,0.011163296551252143,0.004992377988317751,5,198.4,22.512218904408336,10.067770358922575,5,0.3844093481786307,0.22644223416034162,0.10126804571188977,5,0.5631085129704055,0.18028711424428515,0.08062684858349844,5,0.8563908119432672,0.04268956562400776,0.019091354133043914,5
small_long,rotatable_xlink,4.85,pulse_04,5,0.025008069568635993,0.026144028278702162,0.01169196488737097,5,198.4,22.512218904408336,10.067770358922575,5,0.38640934817863065,0.2289629635347906,0.10239535015871945,5,0.559599741040581,0.18595852418217326,0.08316318021337557,5,0.8547672949771922,0.03661487345653781,0.016374669207274244,5
small_long,rotatable_xlink,4.9,pulse_04,5,0.05095073347477819,0.04496891642856767,0.020110710801756877,5,198.4,22.512218904408336,10.067770358922575,5,0.3899173868854968,0.22531113063068325,0.10076220083550856,5,0.5619285719674556,0.18217630953603442,0.08147172240252322,5,0.8484315836117234,0.03116957868550068,0.013939459354161611,5
small_long,rotatable_xlink,4.95,pulse_04,5,0.04942948050603917,0.06721163702093862,0.03005795785157204,5,198.4,22.512218904408336,10.067770358922575,5,0.41933455121178903,0.22605776839200803,0.10109610739328666,5,0.5726293739463748,0.17114453226395443,0.07653816162392162,5,0.8396300278212101,0.04360816929183136,0.019502166182170756,5
small_long,rotatable_xlink,5.0,pulse_04,5,0.06467326012302702,0.05477565082999417,0.02449641575353195,5,198.4,22.512218904408336,10.067770358922575,5,0.4353443326987545,0.22134042171999121,0.09898644582687426,5,0.5855086309123191,0.15698186691854335,0.07020442513293768,5,0.8549767297541038,0.04541309275659326,0.02030935249444917,5
small_long,rotatable_xlink,5.05,pulse_05,5,0.023878826724487497,0.01924653101316116,0.00860731033529725,5,207.6,24.875690945177784,11.124747188138704,5,0.43064478783046667,0.20652044777692394,0.09235875199457945,5,0.5646224939696464,0.15822799188972528,0.07076170916174222,5,0.8600221521760265,0.04583735502284151,0.020499088347973007,5
small_long,rotatable_xlink,5.1,pulse_05,5,0.01651495429105184,0.011298468353900956,0.005052828656190537,5,207.2,24.190907382733705,10.818502669038818,5,0.43220492250899883,0.21027931989272416,0.094039770708511,5,0.5681400649541194,0.15987550639550926,0.07149850004751221,5,0.8509939377772989,0.042156204425996664,0.018852827753981206,5
small_long,rotatable_xlink,5.15,pulse_05,5,0.010671129197803823,0.005167249660611583,0.0023108642995680433,5,207.2,24.190907382733705,10.818502669038818,5,0.42825275483548203,0.21135366177019915,0.09452023100233277,5,0.5714393222179082,0.1587234682621689,0.07098329293174802,5,0.8557007632020825,0.04950377480642682,0.022138761122002373,5
small_long,rotatable_xlink,5.2,pulse_05,5,0.013841247793482836,0.011758457199097669,0.005258541921540833,5,206.4,23.51169921549695,10.514751542475931,5,0.4355272904584135,0.21008493156562622,0.0939528376058263,5,0.5619576199481451,0.1605351741881492,0.07179351245289424,5,0.8460041202436963,0.04914817727373716,0.021979733070857314,5
small_long,rotatable_xlink,5.25,pulse_05,5,0.018171107735625455,0.014882108582525415,0.006655481287811973,5,206.4,23.51169921549695,10.514751542475931,5,0.4261381317528774,0.21207887543193168,0.09484455641150186,5,0.5621684915507692,0.16073645583380353,0.07188352834135546,5,0.8486168084324112,0.04995485660310339,0.022340491034158683,5
small_long,rotatable_xlink,5.3,pulse_05,5,0.012206028495837438,0.010297430603871007,0.004605150964768456,5,206.0,23.790754506740637,10.639548862616309,5,0.4330909949467693,0.21278799394464365,0.09516168385120737,5,0.5614812063274015,0.16016589960915592,0.07162836784069593,5,0.8590124279952585,0.050451047557961724,0.022562394375135433,5
small_long,rotatable_xlink,5.35,pulse_05,5,0.009113380891593345,0.0037725621635461863,0.0016871410894065903,5,205.6,23.55419283269966,10.533755265810953,5,0.4253777216976816,0.22005784230948408,0.09841285887718713,5,0.5609690772454906,0.16223785847520733,0.07255497601491079,5,0.8590143625362007,0.04329951695537789,0.019364132661025938,5
small_long,rotatable_xlink,5.4,pulse_05,5,0.009970968121917452,0.01723926082820623,0.00770963181874369,5,205.2,23.562682360037027,10.537551897855593,5,0.4276200379141556,0.2137293819143789,0.09558268534991307,5,0.5584585349291232,0.15983447169341494,0.07148014877084835,5,0.8495812113756058,0.05179593261419842,0.02316384525666921,5
small_long,rotatable_xlink,5.45,pulse_05,5,0.011628082924247139,0.01026410052382294,0.004590245299831859,5,205.2,23.562682360037027,10.537551897855593,5,0.4326473771326712,0.22549939156637586,0.10084639368545184,5,0.5622117533882238,0.1592193657853206,0.0712050650460762,5,0.8431124093877204,0.04522684673585173,0.020226060741865788,5
small_long,rotatable_xlink,5.5,pulse_05,5,0.004773436780857147,0.006944679387309412,0.003105755038393087,5,205.2,23.562682360037027,10.537551897855593,5,0.4345595308830602,0.22766188495240308,0.10181349012786195,5,0.5638924256571315,0.15681698352531215,0.07013068703781251,5,0.8404361041225823,0.046352470779430936,0.020729455117576047,5
small_long,rotatable_xlink,5.55,pulse_05,5,0.008946616055155041,0.00380241282321385,0.0017004907102446119,5,205.2,23.562682360037027,10.537551897855593,5,0.43247619754972694,0.2262416377216759,0.10117833625730958,5,0.560359901536372,0.1616400536545602,0.07228762957166197,5,0.8423488739405698,0.048430440627774504,0.021658751484794275,5
small_long,rotatable_xlink,5.6,pulse_05,5,0.0064966922900843525,0.0039809535237520285,0.0017803365388753718,5,204.8,23.34951819631403,10.44222198576529,5,0.4163170174611901,0.2183724622427922,0.0976591339977779,5,0.5608983100461934,0.16086340101222382,0.07194029995102819,5,0.8438770022056206,0.04469549131478343,0.01998843137352144,5
small_long,rotatable_xlink,5.65,pulse_05,5,0.007148560704230711,0.008329797313400602,0.0037251986063117732,5,204.8,23.34951819631403,10.44222198576529,5,0.416143431077484,0.22944541892607184,0.10261111076892268,5,0.5600328157413909,0.1621916336020355,0.07253430362317809,5,0.851899602539435,0.04460553019381925,0.01994819953715984,5
small_long,rotatable_xlink,5.7,pulse_05,5,0.008288433129199014,0.006236812867303288,0.0027891875068471053,5,204.8,23.34951819631403,10.44222198576529,5,0.4192056729233749,0.22554089524924217,0.10086495469669297,5,0.5627674689246981,0.1583162398882134,0.07080117486644176,5,0.8436792535287824,0.03876876313796924,0.017337917956017454,5
small_long,rotatable_xlink,5.75,pulse_05,5,0.009864034446403854,0.005538780091540789,0.0024770177594215423,5,204.8,23.34951819631403,10.44222198576529,5,0.40812692324168404,0.23055512666240155,0.10310738715564081,5,0.5661288134625131,0.15375221874926795,0.06876008256295617,5,0.8458540653745891,0.043749096018309196,0.019565190530220947,5
small_long,rotatable_xlink,5.8,pulse_05,5,0.013288078125020229,0.012460084967668296,0.005572319398625915,5,204.8,23.34951819631403,10.44222198576529,5,0.4094049344461658,0.22501263091789614,0.10062870770569733,5,0.5672174307276011,0.147363642522663,0.06590302441853062,5,0.8371376533209309,0.05357145272228515,0.02395788198808915,5
small_long,rotatable_xlink,5.85,pulse_05,5,0.022131982808287164,0.03784142061689953,0.016923197772909876,5,204.4,23.638950907347812,10.571660229122008,5,0.40923701318698996,0.2215100444499854,0.09906230341783347,5,0.5631251482131931,0.15483064371849065,0.06924236887091918,5,0.847788358391561,0.04386321657966869,0.019616226796787,5
small_long,rotatable_xlink,5.9,pulse_05,5,0.02112062222316375,0.028588525278000095,0.012785177179615857,5,204.4,23.638950907347812,10.571660229122008,5,0.3996071304253937,0.2161796312738131,0.0966784701758171,5,0.5618772279291361,0.15804579368053454,0.07068022764551637,5,0.8608577110085316,0.03601345011127998,0.01610570451062388,5
small_long,rotatable_xlink,5.95,pulse_05,5,0.010308200676831998,0.006507591802070628,0.002910283527850056,5,204.4,23.638950907347812,10.571660229122008,5,0.3993710261460037,0.2127910955179289,0.09516307091694796,5,0.5562431561185937,0.16050823661018662,0.07178146560179954,5,0.8556248060975189,0.041981201872543,0.01877456423282952,5
small_long,rotatable_xlink,6.0,pulse_05,5,0.022154425881598928,0.024646203323656288,0.011022117203795341,5,204.4,23.638950907347812,10.571660229122008,5,0.4023058513053604,0.22069053400410799,0.09869580720478285,5,0.5623791841248007,0.15688584457529386,0.07016148263556474,5,0.8599277861566355,0.03902590160511986,0.01745291377445323,5
small_long,rotatable_xlink,6.05,pulse_06,5,0.06014888362937474,0.058305966310208505,0.026075220832687762,5,213.2,21.05231578710523,9.414881836751857,5,0.37684358411664787,0.20860118894013707,0.09328928773148476,5,0.54826973046309,0.15716953568079986,0.07028835315486943,5,0.8637598036401044,0.03418540655381983,0.015288178578561592,5
small_long,rotatable_xlink,6.1,pulse_06,5,0.0481110081733597,0.08085547171635184,0.03615966622211486,5,213.2,21.05231578710523,9.414881836751857,5,0.38890207594053555,0.19799972740183747,0.08854816999938728,5,0.573076596410392,0.151590376200915,0.06779327718400245,5,0.8558678250118371,0.048395919122365294,0.02164331299823815,5
small_long,rotatable_xlink,6.15,pulse_06,5,0.05107217182317366,0.08721295752338167,0.03900282030821662,5,212.8,20.861447696648476,9.32952303175248,5,0.3982834741173448,0.19180681344573824,0.08577861468245827,5,0.5758033397541049,0.15269261051742541,0.06828621135577251,5,0.8511766642423769,0.038241994738432324,0.017102339966064792,5
small_long,rotatable_xlink,6.2,pulse_06,5,0.056742018771603384,0.06974664344046824,0.03119164718706536,5,212.8,20.861447696648476,9.32952303175248,5,0.4169644331223362,0.16721810078700786,0.07478220808563213,5,0.6034116958976371,0.1205245593617281,0.05390022153820653,5,0.8597957873114183,0.03662156949515219,0.01637766376677859,5
small_long,rotatable_xlink,6.25,pulse_06,5,0.05054485332737781,0.056140024806644616,0.02510658234523637,5,212.8,20.861447696648476,9.32952303175248,5,0.4486588934774626,0.14971179506651558,0.0669531501604493,5,0.6175877862339435,0.12232014297735026,0.054703230942969736,5,0.8555318743220871,0.03923425324517723,0.017546091460531602,5
small_long,rotatable_xlink,6.3,pulse_06,5,0.025235180695923155,0.03203677487415029,0.014327281279691463,5,212.8,20.861447696648476,9.32952303175248,5,0.46685233100303336,0.14754571724795273,0.0659844507110771,5,0.6311835639935377,0.12408723946347408,0.05549350051612451,5,0.8612630235200855,0.037863803259037286,0.01693320759477709,5
small_long,rotatable_xlink,6.35,pulse_06,5,0.011016984630036605,0.00813420853084931,0.00363772864362755,5,212.4,21.51278689523977,9.620810776644554,5,0.4708775197640927,0.14571245942138997,0.06516459288698152,5,0.6379448508923147,0.13045266925917223,0.05834020726196124,5,0.8484196830094067,0.029068233742110712,0.012999709326642527,5
small_long,rotatable_xlink,6.4,pulse_06,5,0.018132367014419316,0.010225762730916603,0.0045731001176226825,5,212.4,21.51278689523977,9.620810776644554,5,0.4669138506699106,0.15209844782140725,0.06802049372017427,5,0.6344737765121495,0.1328014446857874,0.05939061156551976,5,0.8529946556650494,0.02192826266616385,0.009806617190002628,5
small_long,rotatable_xlink,6.45,pulse_06,5,0.01601660818422908,0.013573378229372034,0.006070199281038319,5,212.4,21.51278689523977,9.620810776644554,5,0.47269242852769633,0.15037162573648755,0.0672482354067886,5,0.6288572148559839,0.1388046922807479,0.06207534550713852,5,0.8514138366268738,0.038591810151197406,0.017258782174568766,5
small_long,rotatable_xlink,6.5,pulse_06,5,0.009762518916608509,0.015139332555730021,0.0067705153457175895,5,212.4,21.51278689523977,9.620810776644554,5,0.4710395359657129,0.15066609967585934,0.0673799281559961,5,0.629019231057604,0.144424328901931,0.06458852340590104,5,0.8480010320805862,0.04358533356169926,0.019491953733192513,5
small_long,rotatable_xlink,6.55,pulse_06,5,0.005442907078726448,0.003890964871937598,0.0017400923903432464,5,212.4,21.51278689523977,9.620810776644554,5,0.4748926485496986,0.15176004528029163,0.06786915550303564,5,0.6279391230468029,0.14347238778954205,0.06416280239832536,5,0.8426577508111356,0.0424448248879984,0.018981902748527863,5
small_long,rotatable_xlink,6.6,pulse_06,5,0.010708078033771185,0.009654738491270954,0.0043177303142931224,5,212.4,21.51278689523977,9.620810776644554,5,0.4786330225871023,0.1544517301328804,0.06907291356391464,5,0.6272010492394221,0.14831910476165713,0.06633032012179561,5,0.8563886211428283,0.03305453190012362,0.014782436058622339,5
small_long,rotatable_xlink,6.65,pulse_06,5,0.012206984691666634,0.004480442751363306,0.002003714912268908,5,212.0,20.83266665599966,9.316651759081692,5,0.4755088101658601,0.14809824284341075,0.06623154766922763,5,0.6265166044845036,0.14697539830182393,0.0657293963245971,5,0.8524982653414396,0.0324376924043042,0.014506577049850556,5
small_long,rotatable_xlink,6.7,pulse_06,5,0.007996712233096956,0.009627029589357279,0.004305338516640952,5,212.0,20.83266665599966,9.316651759081692,5,0.47287544682952654,0.1531848441323449,0.0685063449205266,5,0.6225923927215964,0.14619818956438327,0.06538181801067226,5,0.8602548670516935,0.0217310042084062,0.009718400525866054,5
small_long,rotatable_xlink,6.75,pulse_06,5,0.018339046214087697,0.018632390184694765,0.008332658207255471,5,211.2,21.05231578710523,9.414881836751857,5,0.476212817262038,0.15000333351529127,0.06708353011835275,5,0.6131544236458101,0.13884522105929156,0.06209347052791225,5,0.8611290869422248,0.027233315977332823,0.012179109155609462,5
small_long,rotatable_xlink,6.8,pulse_06,5,0.019483375677553667,0.016311110339324014,0.007294550301445631,5,210.8,21.05231578710523,9.414881836751857,5,0.4767195558065124,0.14716300952546055,0.06581329861447577,5,0.6158228872576699,0.14118342196928935,0.06313914576387364,5,0.8606456239133156,0.03265517799646383,0.014603839563489701,5
small_long,rotatable_xlink,6.85,pulse_06,5,0.008581864521147124,0.005331058125616186,0.002384121672176081,5,210.8,21.05231578710523,9.414881836751857,5,0.475386222473179,0.1493947600700583,0.06681136779978432,5,0.6119823075475249,0.1396293177657188,0.06244412923521325,5,0.8616263394404854,0.021527820124336915,0.009627533841081063,5
small_long,rotatable_xlink,6.9,pulse_06,5,0.01197688493278058,0.01064624344913793,0.004761144811456847,5,210.0,21.95449840010015,9.818350166906862,5,0.4789393939393939,0.14880522622680611,0.0665477202500746,5,0.6089138639138638,0.1377423835299374,0.061600266591157485,5,0.8492413669040395,0.029858762190983507,0.013353244396607936,5
small_long,rotatable_xlink,6.95,pulse_06,5,0.01202228513153516,0.011319297176763445,0.005062143588952903,5,210.0,21.95449840010015,9.818350166906862,5,0.48297979797979795,0.15232393478690864,0.06812133455675454,5,0.6105805305805305,0.13903832728496335,0.062179830257408364,5,0.856853323320338,0.03411032306398905,0.015254600221111683,5
small_long,rotatable_xlink,7.0,pulse_06,5,0.01838725504125508,0.013191779685691265,0.005899543224281295,5,210.0,21.95449840010015,9.818350166906862,5,0.47727272727272735,0.14914001081922457,0.06669744047136804,5,0.6111116661116661,0.13795894125616256,0.06169711415053594,5,0.852914105394933,0.03506739350586739,0.01568261513457083,5
small_long,rotatable_xlink,7.05,pulse_07,5,0.02509808650723127,0.02535455411708677,0.011338901309000634,5,215.6,22.199099080818574,9.927738916792686,5,0.4637260225366675,0.14183486280102442,0.06343047896048937,5,0.5917764743636817,0.13801052597207839,0.0617201835368135,5,0.8545704884823729,0.031099169839588898,0.0139079715610264,5
small_long,rotatable_xlink,7.1,pulse_07,5,0.018703922024284735,0.02488565709409583,0.01112920418542963,5,215.6,22.199099080818574,9.927738916792686,5,0.46432844912362026,0.14331103905666515,0.06409064505136612,5,0.5917764743636817,0.13801052597207833,0.061720183536813474,5,0.853682203591889,0.030623802793702547,0.013695380955253371,5
small_long,rotatable_xlink,7.15,pulse_07,5,0.016096642694671637,0.016117736124373727,0.007208070723500731,5,215.6,22.199099080818574,9.927738916792686,5,0.46845610869808835,0.14670066051072145,0.06560652984921843,5,0.5934293669256654,0.1392171423005954,0.06225979876347855,5,0.8568017549045708,0.023792236928701884,0.010640211821871646,5
small_long,rotatable_xlink,7.2,pulse_07,5,0.021420081192784886,0.01774586827726705,0.007936193557545242,5,215.6,22.199099080818574,9.927738916792686,5,0.4628123988725603,0.13973786819351644,0.0624926744623217,5,0.6012302598676241,0.1354616744117111,0.060580302466105976,5,0.8461857890533496,0.032830337773299176,0.014682173397075208,5
small_long,rotatable_xlink,7.25,pulse_07,5,0.00870290453350245,0.005753456283042107,0.0025730238708910843,5,215.2,22.208106627986098,9.93176721434811,5,0.4639845565867741,0.14033287533597463,0.06275876974584858,5,0.6001706693432928,0.13520259367704238,0.06046443803923,5,0.8544061069498058,0.035099762317129746,0.01569709090703753,5
small_long,rotatable_xlink,7.3,pulse_07,5,0.006739401436954846,0.004239994669458197,0.0018961832610290559,5,215.2,22.208106627986098,9.93176721434811,5,0.4626585303671308,0.13899060899516394,0.062158489989456056,5,0.6046487294750577,0.13222571600856214,0.05913313787374542,5,0.861190369649805,0.027561729586290513,0.012325980186482548,5
small_long,rotatable_xlink,7.35,pulse_07,5,0.008766709359987713,0.007299753447411886,0.0032645489854802824,5,215.2,22.208106627986098,9.93176721434811,5,0.46465853036713084,0.14062395506104536,0.0628889445562746,5,0.6063016220370413,0.13392426827221734,0.05989275353871926,5,0.8556425317992282,0.027960922981574383,0.012504504900087284,5
small_long,rotatable_xlink,7.4,pulse_07,5,0.008652620104424047,0.008224188472131763,0.003677968896691351,5,215.2,22.208106627986098,9.93176721434811,5,0.4665699236250777,0.14088508641046354,0.06300572604594566,5,0.6096074071610083,0.13755657222916126,0.06151716925125287,5,0.8612044633428348,0.03057367410362865,0.01367296272352772,5
small_long,rotatable_xlink,7.45,pulse_07,5,0.008480151599826187,0.01158909946177887,0.005182802838908756,5,215.2,22.208106627986098,9.93176721434811,5,0.4607181261195752,0.14140274985818768,0.06323723217766128,5,0.6079545145990247,0.13570224695536678,0.060687889778332796,5,0.8561932459194196,0.031515581396375655,0.014094196470544742,5
small_long,rotatable_xlink,7.5,pulse_07,5,0.009580919644420902,0.0059423195864384565,0.002657486107860965,5,215.2,22.208106627986098,9.93176721434811,5,0.4605904665451071,0.14163024786447517,0.06333897237902218,5,0.6113315450920427,0.13395526891475926,0.059906617447533235,5,0.8700000775103908,0.027830850396477876,0.0124463346716303,5
small_long,rotatable_xlink,7.55,pulse_07,5,0.012229786187285771,0.01317167836792675,0.00589055364168954,5,215.2,22.208106627986098,9.93176721434811,5,0.46020371862500953,0.15497310399380648,0.06930607904285908,5,0.6155136344359214,0.1456255552761359,0.0651257281717186,5,0.8615665479489248,0.032052115104216225,0.014334141639135047,5
small_long,rotatable_xlink,7.6,pulse_07,5,0.008667544232030245,0.01111023411834661,0.004968647746912093,5,215.2,22.208106627986098,9.93176721434811,5,0.46059299675447524,0.1544049139069825,0.0690519767112031,5,0.6178718699709256,0.14786876718956257,0.06612892303699049,5,0.852878785980875,0.03636697713905381,0.016263806603821027,5
small_long,rotatable_xlink,7.65,pulse_07,5,0.01221150136584868,0.016170181116868042,0.007231524837160082,5,215.2,22.208106627986098,9.93176721434811,5,0.46437354889092675,0.15596542683758252,0.06974985930972091,5,0.6162189774089422,0.14567724216358213,0.06514884325049364,5,0.8508889038298422,0.0361139589249178,0.016150653418550282,5
small_long,rotatable_xlink,7.7,pulse_07,5,0.01831194714128772,0.01308861627346696,0.005853407143776419,5,214.4,21.972710347155626,9.826494797230596,5,0.46082864596070755,0.15822829686664372,0.07076184555156646,5,0.6274697874881294,0.16248971933297107,0.07266761161467701,5,0.8486001044734663,0.02600463448677862,0.01162962608849447,5
small_long,rotatable_xlink,7.75,pulse_07,5,0.011026755150673678,0.010459309378719995,0.0046775453537038,5,214.4,21.972710347155626,9.826494797230596,5,0.4522256810880038,0.15235245102735825,0.06813408740717614,5,0.6335403731848835,0.17199994216752576,0.07692071256252402,5,0.8468243131693193,0.02156129249161137,0.009642503138799767,5
small_long,rotatable_xlink,7.8,pulse_07,5,0.010142211568349262,0.012993622092732903,0.005810924454658769,5,214.0,22.360679774997898,10.0,5,0.45591786544912594,0.155577314463266,0.06957629017934479,5,0.632901329688697,0.1717580397202027,0.07681253049929644,5,0.8519931928096094,0.02552052084685329,0.01141312388695289,5
small_long,rotatable_xlink,7.85,pulse_07,5,0.005930664817271137,0.00585260230018672,0.0026173633176978274,5,214.0,22.360679774997898,10.0,5,0.4587608338910883,0.15140834468863482,0.06771187021690134,5,0.6332180080841932,0.17577660499633782,0.0786096875251881,5,0.8542580507188401,0.026698584534527583,0.01193996998444565,5
small_long,rotatable_xlink,7.9,pulse_07,5,0.0065189182999281226,0.007415813290006555,0.0033164525249802035,5,214.0,22.360679774997898,10.0,5,0.4575845321157928,0.15598852772135213,0.06976019033901075,5,0.6332180080841933,0.17577660499633788,0.07860968752518813,5,0.8495194225443907,0.026689530302590487,0.01193592080882657,5
small_long,rotatable_xlink,7.95,pulse_07,5,0.006790928264329839,0.008729934871231868,0.003904145562244066,5,213.6,22.378561169118985,10.007996802557443,5,0.45597091495134306,0.1408087398619732,0.06297158283149129,5,0.6283441892101738,0.1752548215402091,0.07837633886970038,5,0.8533087072581983,0.041356104586087475,0.01849501222781648,5
small_long,rotatable_xlink,8.0,pulse_07,5,0.004840366775391821,0.0010544700771564597,0.00047157335455225835,5,213.6,22.378561169118985,10.007996802557443,5,0.46097091495134307,0.14245747243051773,0.06370891845148796,5,0.630230981663004,0.1752288588360495,0.07836472799542427,5,0.8580532502138851,0.024495927386623935,0.010954911761677977,5
