scenario,condition,run_dir,time_min,phase_name,z_com,theta_com,vz_abs,vz_signed,Dz,top_bias,nematic_xy,shell_occ,swirl_rate_abs,speckle_length_proxy_um,seed_zone_mass_fraction,chewer_band_mass_fraction,bottom_half_mass_fraction,axial_spread_entropy
large_long,nomotor_xlink,r0001,0.0,initial,0.6190409302325581,-0.6070582870514636,0.135275384366925,0.135275384366925,1.0,0.014925373134328358,0.0,0.004188368055555555,0.09286188135377776,430.0,0.27906976744186046,0.20930232558139536,0.46976744186046526,0.9222899433409788
large_long,nomotor_xlink,r0001,0.05,initial,1.024867083333333,-0.3284726429901303,0.14278726634488814,0.14278726634488814,1.0,0.05263157894736842,0.024533975558059976,0.004709201388888889,0.07498369819441948,480.0,0.3,0.19999999999999998,0.4499999999999999,0.9305588986578356
large_long,nomotor_xlink,r0001,0.1,initial,1.475764528301887,-0.15715609788494672,0.09961867104261801,0.09961867104261801,1.0,0.07058823529411765,0.192512881776927,0.005121527777777778,0.020657877637643752,530.0,0.32075471698113206,0.18867924528301885,0.4264150943396226,0.9474330604491138
large_long,nomotor_xlink,r0001,0.15000000000000002,initial,1.6225791095890412,-0.20452537716426777,0.07091587002096433,0.07091587002096433,1.0,0.09473684210526316,0.09492985719538036,0.005685763888888889,0.012955627590334634,584.0,0.3219178082191781,0.1643835616438356,0.4212328767123288,0.9419489056409985
large_long,nomotor_xlink,r0001,0.2,initial,1.901259748427673,-0.23488986342695453,0.06548759479558867,0.06548759479558867,1.0,0.13170731707317074,0.06245848008811962,0.006141493055555555,0.006966366145260736,636.0,0.34591194968553474,0.15723270440251572,0.408805031446541,0.9468998966340855
large_long,nomotor_xlink,r0001,0.25,initial,2.015504678362573,-0.2463235740358322,0.02318544582844258,0.02318544582844258,1.0,0.12217194570135746,0.07099479111637397,0.006640625,0.01714188907840256,684.0,0.34795321637426896,0.14619883040935674,0.4035087719298246,0.9468348387868382
large_long,nomotor_xlink,r0001,0.30000000000000004,initial,2.0403724233983285,-0.3377411978973699,0.006578532158516633,0.006578532158516633,1.0,0.11894273127753303,0.05613094682575551,0.006922743055555555,0.011214408494544317,718.0,0.3426183844011143,0.14206128133704737,0.4038997214484682,0.9515464810348051
large_long,nomotor_xlink,r0001,0.35000000000000003,initial,2.054975871313673,-0.3136100250030981,0.028209583312554853,0.028209583312554853,1.0,0.12340425531914893,0.050233274980537555,0.007118055555555555,0.010907919187832469,746.0,0.34584450402144784,0.13941018766756036,0.4048257372654157,0.949291113473561
large_long,nomotor_xlink,r0001,0.4,initial,2.2096299232736576,-0.2722936827703751,0.04926133852089191,0.04926133852089191,1.0,0.16260162601626016,0.061458780175460935,0.007530381944444445,0.018380242833727065,782.0,0.3503836317135551,0.13554987212276215,0.3938618925831204,0.9538328065768856
large_long,nomotor_xlink,r0001,0.45,initial,2.3505439024390244,-0.2033285680007357,0.06105344279545766,0.06105344279545766,1.0,0.18110236220472442,0.10533417314223165,0.007855902777777778,0.028664299309430374,820.0,0.3487804878048782,0.12926829268292683,0.39512195121951227,0.9536661298976677
large_long,nomotor_xlink,r0001,0.5,initial,2.5759505800464035,-0.10030788691379285,0.08319065040650415,0.08319065040650415,1.0,0.21052631578947367,0.01244311194111324,0.008203125,0.030269047359941927,862.0,0.35498839907192586,0.12296983758700697,0.3805104408352669,0.9572425579112395
large_long,nomotor_xlink,r0001,0.55,initial,2.8496878048780494,-0.02171428384108414,0.07205535204354814,0.07205535204354814,1.0,0.26811594202898553,0.06223461120335177,0.00861545138888889,0.024377566972625,902.0,0.36807095343680707,0.11086474501108645,0.3725055432372505,0.9507172102141136
large_long,nomotor_xlink,r0001,0.6000000000000001,initial,3.0082826923076924,0.045957514921957175,0.024261596514699207,0.024261596514699207,1.0,0.2867132867132867,0.0750887581246932,0.009049479166666667,0.014045827125695728,936.0,0.3760683760683761,0.10683760683760683,0.37179487179487175,0.9522332216044195
large_long,nomotor_xlink,r0001,0.65,initial,2.9952573839662446,0.06256067891309024,0.019893865410995026,0.019893865410995026,1.0,0.2896551724137931,0.11209449680231101,0.009136284722222223,0.006900816184330718,948.0,0.37763713080168776,0.10759493670886078,0.37341772151898744,0.9509574130267677
large_long,nomotor_xlink,r0001,0.7000000000000001,initial,3.1276458847736626,0.08736241202794148,0.04634271911064869,0.04634271911064869,1.0,0.30434782608695654,0.05531231244903121,0.009244791666666667,0.006391353139573649,972.0,0.3847736625514403,0.10493827160493827,0.36213991769547327,0.9499899634348183
large_long,nomotor_xlink,r0001,0.75,initial,3.2733136986301368,0.10090879775053213,0.036490979613074126,0.036490979613074126,1.0,0.3184713375796178,0.08433910478404372,0.009722222222222222,0.005739218646897038,1022.0,0.38703339882121807,0.10019646365422397,0.3595284872298624,0.9466818881767268
large_long,nomotor_xlink,r0001,0.8,initial,3.3465917624521073,0.12179772390932371,0.01852593409522833,0.01852593409522833,1.0,0.3438485804416404,0.04252300039049424,0.010069444444444445,0.000588086824930216,1044.0,0.38653846153846144,0.09615384615384613,0.36153846153846153,0.9462369717043341
large_long,nomotor_xlink,r0001,0.8500000000000001,initial,3.3844693032015067,0.09738027680095084,0.0189940136172894,0.0189940136172894,1.0,0.34579439252336447,0.021348262904926998,0.010221354166666667,0.0036262476151778015,1062.0,0.3898305084745763,0.10169491525423727,0.3559322033898304,0.9489912430955605
large_long,nomotor_xlink,r0001,0.9,initial,3.4605558441558437,0.1000402382182569,0.032751825456665364,0.032751825456665364,1.0,0.3515151515151515,0.02244030673642688,0.0103515625,0.0002011187817596849,1078.0,0.3951762523191095,0.09833024118738405,0.3543599257884972,0.9483446458879962
large_long,nomotor_xlink,r0001,0.9500000000000001,initial,3.580980255941499,0.09617356411039273,0.021947112170529987,0.021947112170529987,1.0,0.36904761904761907,0.04075185853490145,0.010438368055555555,0.00014481218491550069,1094.0,0.4021937842778793,0.09689213893967094,0.3491773308957953,0.9487357896565881
large_long,nomotor_xlink,r0001,1.0,initial,3.5922385171790236,0.0991713651087639,0.0037527537458415714,0.0037527537458415714,1.0,0.3727810650887574,0.015044805010387173,0.010720486111111111,0.0009992669994570574,1106.0,0.4014466546112116,0.0976491862567812,0.3453887884267632,0.9491573020194567
large_long,nomotor_xlink,r0001,1.05,pulse_01,4.37727568,0.2541473303958636,0.03553739800524921,0.03553739800524921,1.0,0.46534653465346537,0.07127636914338015,0.011957465277777777,0.013133938904751527,1250.0,0.46880000000000016,0.0864,0.3024000000000001,0.944416964570324
large_long,nomotor_xlink,r0001,1.1,pulse_01,4.483887874015748,0.21474551368160905,0.03134795514211882,0.03134795514211882,1.0,0.46859903381642515,0.06395698583194395,0.012196180555555556,0.008740456186003142,1270.0,0.4747634069400631,0.08675078864353314,0.305993690851735,0.9445289967593778
large_long,nomotor_xlink,r0001,1.15,pulse_01,4.565363410852713,0.20170459327984477,0.010241113759862586,0.010241113759862586,1.0,0.4821852731591449,0.045881582983467485,0.012391493055555555,0.01316657375489313,1290.0,0.4790697674418604,0.08372093023255814,0.3007751937984495,0.9409446259649068
large_long,nomotor_xlink,r0001,1.2,pulse_01,4.5453345565749235,0.13574607115225026,0.009915097688449226,0.009915097688449226,1.0,0.4881516587677725,0.07330400163576146,0.012673611111111111,0.005461545830091762,1308.0,0.4755351681957185,0.08256880733944953,0.2981651376146788,0.9416684134447229
large_long,nomotor_xlink,r0001,1.25,pulse_01,4.624853996983409,0.1689353182992942,0.02135943518162457,0.02135943518162457,1.0,0.48717948717948717,0.07647933345712503,0.012651909722222222,0.0006993072752206805,1326.0,0.4811463046757164,0.08144796380090498,0.2941176470588235,0.9414810443969983
large_long,nomotor_xlink,r0001,1.3,pulse_01,4.673491167664671,0.13994191480357435,0.01194251115160124,0.01194251115160124,1.0,0.4908256880733945,0.045794076912831536,0.012782118055555555,0.004584486733348834,1336.0,0.48353293413173654,0.08083832335329343,0.29491017964071864,0.9390023866713656
large_long,nomotor_xlink,r0001,1.35,pulse_01,4.696509063893016,0.1414283978992012,0.006916033720078356,0.006916033720078356,1.0,0.4875283446712018,0.04655589634970155,0.012912326388888888,0.0016791558643894182,1346.0,0.4829123328380386,0.0787518573551263,0.28826151560178304,0.9396469802209776
large_long,nomotor_xlink,r0001,1.4,pulse_01,4.714987369985141,0.15001684998991086,0.0007485140059964775,0.0007485140059964775,1.0,0.489749430523918,0.053214914098760946,0.013172743055555556,0.002560684108644018,1346.0,0.4843982169390789,0.0787518573551263,0.29123328380386326,0.9370111872311989
large_long,nomotor_xlink,r0001,1.45,pulse_01,4.701000147928995,0.1260642932473371,0.00029879617894712496,0.00029879617894712496,1.0,0.49206349206349204,0.04905524009659866,0.012890625,0.0011852590534540363,1352.0,0.48520710059171596,0.07840236686390532,0.29289940828402367,0.9356329715885487
large_long,nomotor_xlink,r0001,1.5,pulse_01,4.716780147058824,0.14290529566918664,0.003774025052769877,0.003774025052769877,1.0,0.4966292134831461,0.03139311362971908,0.012782118055555555,0.002802767084143745,1360.0,0.486764705882353,0.07941176470588236,0.29117647058823526,0.940142342755663
large_long,nomotor_xlink,r0001,1.55,pulse_01,4.723644298245614,0.14288089575219956,0.009924329626625669,0.009924329626625669,1.0,0.5011135857461024,0.01573687413777628,0.013216145833333333,0.001467898522788974,1368.0,0.48684210526315796,0.07894736842105263,0.2880116959064327,0.9408493305421418
large_long,nomotor_xlink,r0001,1.6,pulse_01,4.776326124818578,0.15171268680592048,0.014116003278910197,0.014116003278910197,1.0,0.5076923076923077,0.07545194681348617,0.0130859375,0.0022208963139140336,1378.0,0.4847161572052402,0.08005822416302764,0.28675400291120823,0.9434824416599912
large_long,nomotor_xlink,r0001,1.65,pulse_01,4.808340317919075,0.12955551786871536,0.01348002831469112,0.01348002831469112,1.0,0.5087719298245614,0.02305943545364016,0.013454861111111112,0.0012187489446312167,1384.0,0.492040520984081,0.07814761215629522,0.28364688856729375,0.9415371816012296
large_long,nomotor_xlink,r0001,1.7000000000000002,pulse_01,4.8572062947067245,0.14440019313813318,0.009946018442058927,0.009946018442058927,1.0,0.5163398692810458,0.01034412633365198,0.013650173611111111,0.006471245024631876,1398.0,0.49356223175965647,0.0758226037195994,0.2832618025751072,0.9394614987180973
large_long,nomotor_xlink,r0001,1.75,pulse_01,4.868016428571429,0.1683829880165066,0.007318174367060948,0.007318174367060948,1.0,0.5173913043478261,0.013684303024421907,0.013519965277777778,0.0031946980230195404,1400.0,0.4935622317596565,0.08011444921316163,0.2832618025751072,0.9398247245978131
large_long,nomotor_xlink,r0001,1.8,pulse_01,4.90111534090909,0.16356838127625042,0.0006500704842844485,-0.0006500704842844485,1.0,0.51931330472103,0.00893247363467385,0.013563368055555556,0.0005831634204671957,1408.0,0.49715909090909083,0.07812499999999999,0.28267045454545453,0.9376186447116602
large_long,nomotor_xlink,r0001,1.85,pulse_01,4.864116005665722,0.16488400749370344,0.011115337717058082,-0.011115337717058082,1.0,0.5172413793103449,0.03958605925856514,0.013671875,0.002939334442328185,1412.0,0.4943342776203966,0.07932011331444759,0.2804532577903683,0.9413007485357653
large_long,nomotor_xlink,r0001,1.9,pulse_01,4.834423314606742,0.1459323746222813,0.003636935960649771,-0.003636935960649771,1.0,0.5205183585313174,0.04516108739700044,0.013910590277777777,0.0007945554721468748,1424.0,0.4915730337078651,0.07865168539325842,0.28511235955056174,0.9413686894641576
large_long,nomotor_xlink,r0001,1.9500000000000002,pulse_01,4.842294389901824,0.1601166746608222,0.0011481901562122587,-0.0011481901562122587,1.0,0.5203426124197003,0.050579709695777374,0.013693576388888889,0.0011571520535336721,1426.0,0.49368863955119213,0.07713884992987377,0.2861150070126227,0.9380666156698437
large_long,nomotor_xlink,r0001,2.0,pulse_01,4.827534173669468,0.15287528694348335,0.00492007207745182,-0.00492007207745182,1.0,0.5246252676659529,0.041347123955650426,0.013780381944444444,0.0024137959057796143,1428.0,0.4985994397759105,0.07983193277310928,0.28571428571428575,0.93996294890089
large_long,nomotor_xlink,r0001,2.05,pulse_02,5.24097915057915,0.17231639065926024,3.5092235092015756e-05,-3.5092235092015756e-05,1.0,0.5849056603773585,0.03360555139086358,0.014691840277777778,0.002068271405572012,1554.0,0.5341055341055341,0.0694980694980695,0.2651222651222651,0.9315917340175017
large_long,nomotor_xlink,r0001,2.1,pulse_02,5.240873873873874,0.1661115764425442,0.0035521003330282555,0.0035521003330282555,1.0,0.5795454545454546,0.03302595326477473,0.0146484375,0.00016794038134260633,1554.0,0.5328185328185329,0.0707850707850708,0.2651222651222651,0.9327033837367945
large_long,nomotor_xlink,r0001,2.15,pulse_02,5.26229175257732,0.1713087483712046,0.0007133647178108049,-0.0007133647178108049,1.0,0.5692883895131086,0.02360191150596853,0.014995659722222223,0.004116638762449688,1552.0,0.5360824742268042,0.06958762886597938,0.26288659793814434,0.930810191165597
large_long,nomotor_xlink,r0001,2.2,pulse_02,5.236593685567009,0.19081140901724233,0.005252474891918861,-0.005252474891918861,1.0,0.5706214689265536,0.039741199690704866,0.014800347222222222,0.0029607014960013104,1552.0,0.5335051546391754,0.0708762886597938,0.2654639175257732,0.932435940824277
large_long,nomotor_xlink,r0001,2.25,pulse_02,5.230776903225807,0.15354453939519674,0.0006327970568672884,-0.0006327970568672884,1.0,0.5714285714285714,0.03651076077397305,0.0146484375,0.008864018658189263,1550.0,0.5316129032258065,0.07096774193548386,0.263225806451613,0.9351231470471008
large_long,nomotor_xlink,r0001,2.3,pulse_02,5.232796903225806,0.13762729706810675,0.002700279569892494,-0.002700279569892494,1.0,0.569811320754717,0.06074783125673018,0.014626736111111111,0.00040392109463909437,1550.0,0.5316946959896507,0.07115135834411386,0.26649417852522644,0.9368108649738386
large_long,nomotor_xlink,r0001,2.35,pulse_02,5.214575225806452,0.15112101282736218,0.005705462365591292,-0.005705462365591292,1.0,0.569811320754717,0.03645033935951617,0.014778645833333333,0.0016526263548965285,1550.0,0.5329032258064516,0.07225806451612903,0.2645161290322581,0.9352344944461739
large_long,nomotor_xlink,r0001,2.4,pulse_02,5.198564129032258,0.14754305519748592,0.004132193548387046,-0.004132193548387046,1.0,0.5622641509433962,0.04614265408274423,0.014952256944444445,0.001329086721654646,1550.0,0.5316129032258066,0.07354838709677418,0.2670967741935484,0.9365206075313169
large_long,nomotor_xlink,r0001,2.45,pulse_02,5.1897820645161294,0.15909553315729005,0.002026150537634367,-0.002026150537634367,1.0,0.5601503759398496,0.049945852826948016,0.014322916666666666,0.000559304559120552,1550.0,0.5329032258064516,0.07483870967741935,0.2658064516129032,0.932500283148374
large_long,nomotor_xlink,r0001,2.5,pulse_02,5.186407225806452,0.1441872278427626,0.004283161290322764,-0.004283161290322764,1.0,0.549718574108818,0.019297570710490045,0.01506076388888889,0.0007922069800817277,1550.0,0.5303225806451615,0.0735483870967742,0.26709677419354844,0.9336423080284155
large_long,nomotor_xlink,r0001,2.55,pulse_02,5.164083096774193,0.1543422912767997,0.007156989247311933,-0.007156989247311933,1.0,0.5652173913043478,0.04938661682280996,0.014800347222222222,0.0031135631981763084,1550.0,0.5303225806451612,0.07483870967741935,0.2670967741935484,0.9325939943131738
large_long,nomotor_xlink,r0001,2.6,pulse_02,5.14346529032258,0.16286860703182046,0.0031233671195575554,-0.0031233671195575554,1.0,0.5660377358490566,0.045783202221873896,0.014756944444444444,0.0003961789137660136,1550.0,0.5310077519379843,0.07881136950904392,0.2674418604651163,0.9305993416638151
large_long,nomotor_xlink,r0001,2.65,pulse_02,5.1453428940568475,0.15671936475939577,0.0033240255671940964,0.0033240255671940964,1.0,0.5673624288425048,0.04645505335601009,0.014778645833333333,0.0068804656510421764,1548.0,0.5316946959896507,0.07632600258732214,0.2690815006468306,0.9335819975178762
large_long,nomotor_xlink,r0001,2.7,pulse_02,5.163409443725745,0.1215858131255674,0.0021768311543892693,0.0021768311543892693,1.0,0.5480225988700564,0.04975204431699211,0.01484375,0.006640702941030474,1546.0,0.5291073738680467,0.07632600258732215,0.26778783958602853,0.9318205653042587
large_long,nomotor_xlink,r0001,2.75,pulse_02,5.158403880983183,0.11687514711321292,0.0005671611736344969,-0.0005671611736344969,1.0,0.5488721804511278,0.03373846914014352,0.014930555555555556,0.002288119760390811,1546.0,0.5291073738680466,0.07503234152652007,0.2677878395860285,0.9340852571050999
large_long,nomotor_xlink,r0001,2.8,pulse_02,5.160006476683938,0.10785709456322254,0.004839895535193743,-0.004839895535193743,1.0,0.544256120527307,0.03830168071649842,0.014887152777777777,0.00041470967546454696,1544.0,0.5297927461139895,0.07383419689119172,0.2655440414507772,0.935152606158692
large_long,nomotor_xlink,r0001,2.85,pulse_02,5.129364507772021,0.11438688906042564,0.004793221070811704,-0.004793221070811704,1.0,0.5451127819548872,0.03436278680123546,0.014908854166666667,0.0021977217888565076,1544.0,0.5284974093264249,0.07512953367875647,0.26943005181347146,0.9362058454786213
large_long,nomotor_xlink,r0001,2.9,pulse_02,5.1312471502590675,0.12104342529636158,0.001610168393782511,0.001610168393782511,1.0,0.5384615384615384,0.011934990737196406,0.014865451388888888,0.0028997487997233437,1544.0,0.5284974093264249,0.07383419689119171,0.26813471502590674,0.935881070723375
large_long,nomotor_xlink,r0001,2.95,pulse_02,5.139025518134716,0.1317853818587657,0.0003795984455958745,-0.0003795984455958745,1.0,0.5404896421845574,0.033630167171643036,0.014887152777777777,0.003029783381891515,1544.0,0.5265888456549935,0.07392996108949416,0.2697795071335927,0.9345444550514136
large_long,nomotor_xlink,r0001,3.0,pulse_02,5.128969559585492,0.1028647250050125,0.003351986183074492,-0.003351986183074492,1.0,0.5404896421845574,0.026721909524589013,0.014713541666666666,0.00964021895125107,1544.0,0.5284974093264247,0.07383419689119171,0.26813471502590674,0.9325898594847557
large_long,nomotor_xlink,r0001,3.05,pulse_03,5.379078339350181,0.10331205198881566,0.0063071801042916915,-0.0063071801042916915,1.0,0.5870307167235495,0.05830101281729057,0.015690104166666666,0.0016463687869568099,1662.0,0.5571600481347774,0.06859205776173284,0.25030084235860406,0.9288884162441332
large_long,nomotor_xlink,r0001,3.1,pulse_03,5.360156799037306,0.10825115834968609,0.0032905334937825734,-0.0032905334937825734,1.0,0.5836177474402731,0.03889463545382376,0.01577690972222222,0.003139471822839209,1662.0,0.5547533092659447,0.07220216606498193,0.25030084235860406,0.9272248666692531
large_long,nomotor_xlink,r0001,3.15,pulse_03,5.359335138387485,0.0844752210517804,0.0005414142973821553,-0.0005414142973821553,1.0,0.5911413969335605,0.04583551355574858,0.015494791666666667,0.001497356901895221,1662.0,0.5554216867469879,0.07108433734939759,0.24939759036144576,0.9306504757439218
large_long,nomotor_xlink,r0001,3.2,pulse_03,5.356908313253013,0.09926701693831476,0.0023732861167896266,-0.0023732861167896266,1.0,0.5870307167235495,0.049944288828445205,0.015516493055555556,0.008679985821065522,1660.0,0.5572979493365499,0.07237635705669482,0.2533172496984318,0.930320507160214
large_long,nomotor_xlink,r0001,3.25,pulse_03,5.3450954216867474,0.13655513597817354,0.004003574297188894,-0.004003574297188894,1.0,0.5821917808219178,0.0341444501901021,0.015407986111111112,0.004195238354307175,1660.0,0.555421686746988,0.07228915662650603,0.25180722891566265,0.9288829968933148
large_long,nomotor_xlink,r0001,3.3,pulse_03,5.332886867469879,0.12443844706415781,0.001402349397590541,-0.001402349397590541,1.0,0.5821917808219178,0.03129992398881058,0.015668402777777778,0.0017988521475118858,1660.0,0.5542168674698795,0.07108433734939759,0.25301204819277107,0.9336884634023285
large_long,nomotor_xlink,r0001,3.35,pulse_03,5.336681325301204,0.12576202309310222,0.0007143975903615521,-0.0007143975903615521,1.0,0.58147512864494,0.0872487392844493,0.015711805555555555,0.002589996274373535,1660.0,0.5536791314837153,0.0723763570566948,0.25452352231604347,0.9321148862810907
large_long,nomotor_xlink,r0001,3.4,pulse_03,5.32860048192771,0.1088984694179166,0.005085562248996034,-0.005085562248996034,1.0,0.58147512864494,0.03809057883853877,0.01564670138888889,0.005948110533779308,1660.0,0.5542168674698795,0.07228915662650602,0.25421686746987954,0.9291866944592275
large_long,nomotor_xlink,r0001,3.45,pulse_03,5.306167951807228,0.09007335989042638,0.007882831325301135,-0.007882831325301135,1.0,0.5658119658119658,0.025144308943087314,0.015668402777777778,0.0029642303618077257,1660.0,0.550602409638554,0.07108433734939759,0.2542168674698796,0.9305872100816313
large_long,nomotor_xlink,r0001,3.5,pulse_03,5.281303493975903,0.09111308724707025,0.002579338972294417,-0.002579338972294417,1.0,0.5555555555555556,0.08739755051033683,0.015538194444444445,0.00794549930597749,1660.0,0.548854041013269,0.07117008443908322,0.25452352231604347,0.9325407951675139
large_long,nomotor_xlink,r0001,3.55,pulse_03,5.2906919179734615,0.13774635572629132,0.0007868724354596068,0.0007868724354596068,1.0,0.5574614065180102,0.03048327958579271,0.015668402777777778,0.0037986549003907236,1658.0,0.5476477683956573,0.07117008443908322,0.25331724969843183,0.930764030297123
large_long,nomotor_xlink,r0001,3.6,pulse_03,5.286024728588661,0.11390501664941459,0.0038574587856855893,-0.0038574587856855893,1.0,0.5620689655172414,0.03701958615680847,0.015364583333333333,0.002128263640754758,1658.0,0.5464414957780459,0.06996381182147166,0.25331724969843183,0.932716725533637
large_long,nomotor_xlink,r0001,3.65,pulse_03,5.267547165259348,0.12497677388176277,0.0038982106956172067,-0.0038982106956172067,1.0,0.5601374570446735,0.028443013802902022,0.015407986111111112,0.001124041687925963,1658.0,0.5464414957780459,0.0723763570566948,0.25452352231604336,0.9318415114595555
large_long,nomotor_xlink,r0001,3.7,pulse_03,5.2626354644149576,0.10716076652185881,0.0007365634390619213,0.0007365634390619213,1.0,0.5586206896551724,0.017113107692741065,0.015603298611111111,0.004413993617960579,1658.0,0.5440289505428226,0.07237635705669482,0.25572979493365505,0.931596994979348
large_long,nomotor_xlink,r0001,3.75,pulse_03,5.2719665458937195,0.15146073558952625,0.0012299646810758347,-0.0012299646810758347,1.0,0.563573883161512,0.023942458025522365,0.015386284722222223,0.008491331570495477,1656.0,0.5471014492753624,0.07246376811594205,0.2560386473429952,0.9295092351629228
large_long,nomotor_xlink,r0001,3.8,pulse_03,5.2552556763285025,0.15810875594483167,0.0007173913043478919,-0.0007173913043478919,1.0,0.5738831615120275,0.028720235073848865,0.015386284722222223,0.005004473251067269,1656.0,0.5471014492753623,0.0748792270531401,0.2572463768115942,0.930116022843484
large_long,nomotor_xlink,r0001,3.85,pulse_03,5.267662198067632,0.18148757509592986,0.002632286634460653,0.002632286634460653,1.0,0.5697074010327022,0.02992404989912661,0.015407986111111112,4.011054408837219e-05,1656.0,0.5465538089480046,0.07496977025392987,0.25876662636033865,0.9321134398350329
large_long,nomotor_xlink,r0001,3.9,pulse_03,5.2710493961352665,0.1583494192093619,0.0012351650563607504,-0.0012351650563607504,1.0,0.5674740484429066,0.015180660871465178,0.015603298611111111,0.005740311269464042,1656.0,0.5471014492753624,0.07487922705314011,0.25483091787439616,0.931369623836816
large_long,nomotor_xlink,r0001,3.95,pulse_03,5.260251207729468,0.1470457074791456,0.004432729468599295,-0.004432729468599295,1.0,0.5658119658119658,0.021472090649477235,0.015169270833333333,0.0020581726520491803,1656.0,0.5460048426150121,0.0738498789346247,0.25665859564164645,0.932542027946406
large_long,nomotor_xlink,r0001,4.0,pulse_03,5.244453019323671,0.14600038329706683,0.005266062801932314,-0.005266062801932314,1.0,0.5655172413793104,0.04141228774507578,0.015625,0.00034844139402626095,1656.0,0.5453446191051994,0.07376058041112454,0.2575574365175332,0.93009495137121
large_long,nomotor_xlink,r0001,4.05,pulse_04,5.510203273137698,0.086415268487354,0.0004952931348916797,0.0004952931348916797,1.0,0.6107594936708861,0.05553871975383827,0.016644965277777778,0.014986416970107353,1772.0,0.5711060948081264,0.07223476297968398,0.24040632054176075,0.9262933655156103
large_long,nomotor_xlink,r0001,4.1,pulse_04,5.511689152542373,0.041456017577031934,0.001108775278128693,-0.001108775278128693,1.0,0.615262321144674,0.07263759448578848,0.01642795138888889,0.004517166682036223,1770.0,0.5685164212910532,0.07021517553793885,0.24122310305775768,0.9276751876074046
large_long,nomotor_xlink,r0001,4.15,pulse_04,5.503550621468926,0.059312268395136654,0.0019876082862525144,-0.0019876082862525144,1.0,0.620414673046252,0.0252616796647197,0.017165798611111113,0.004436622406380206,1770.0,0.568361581920904,0.0689265536723164,0.2406779661016949,0.9282720594908261
large_long,nomotor_xlink,r0001,4.2,pulse_04,5.499763502824858,0.06807575201531317,5.953042581641199e-05,-5.953042581641199e-05,1.0,0.6291600633914421,0.023183672009689557,0.016927083333333332,0.001028385477204211,1770.0,0.5673839184597963,0.07021517553793885,0.24009060022650058,0.9285560236396655
large_long,nomotor_xlink,r0001,4.25,pulse_04,5.503193438914027,0.05314195553191139,0.004533017554860426,0.004533017554860426,1.0,0.6311605723370429,0.029581730553204007,0.016644965277777778,0.002767480075520294,1768.0,0.5656108597285068,0.06900452488687782,0.23868778280542985,0.9269081743759552
large_long,nomotor_xlink,r0001,4.3,pulse_04,5.5269616081540205,0.08468063246843494,0.0055827828567323046,0.0055827828567323046,1.0,0.6305732484076433,0.030690237667858163,0.016927083333333332,0.016037584167166493,1766.0,0.5673839184597963,0.06681766704416763,0.2389580973952435,0.9269055404902707
large_long,nomotor_xlink,r0001,4.35,pulse_04,5.536690136054421,0.14936746053491035,0.0015508386983837201,-0.0015508386983837201,1.0,0.6217948717948718,0.040454547204238495,0.016536458333333334,0.009070939582544582,1764.0,0.5659090909090909,0.06704545454545455,0.23863636363636354,0.9285110552587328
large_long,nomotor_xlink,r0001,4.4,pulse_04,5.517656575963718,0.13910626996370243,0.004119846739300955,-0.004119846739300955,1.0,0.6311605723370429,0.02178557992102074,0.016818576388888888,0.00792632157785361,1764.0,0.5691609977324263,0.07029478458049887,0.23922902494331066,0.9284631245831171
large_long,nomotor_xlink,r0001,4.45,pulse_04,5.5119710556186154,0.10180953106778869,0.0003119100597738604,0.0003119100597738604,1.0,0.6210191082802548,0.06998560766009002,0.016796875,0.009694380369599085,1762.0,0.5664018161180477,0.06696935300794551,0.2395005675368899,0.9287373867073796
large_long,nomotor_xlink,r0001,4.5,pulse_04,5.519528036322361,0.08093998774610792,0.000883049564888605,-0.000883049564888605,1.0,0.6184419713831478,0.036281326537238506,0.0166015625,0.0023903662225806094,1762.0,0.5709421112372304,0.06696935300794553,0.2395005675368899,0.9294436358946014
large_long,nomotor_xlink,r0001,4.55,pulse_04,5.506672758229284,0.08746733373230503,0.003021718174939162,-0.003021718174939162,1.0,0.6095238095238096,0.036632595026684915,0.016840277777777777,0.0012472658546373628,1762.0,0.5665529010238908,0.0671217292377702,0.2389078498293516,0.9290628352780491
large_long,nomotor_xlink,r0001,4.6,pulse_04,5.501397727272726,0.0884235828739321,0.0004410780273908325,0.0004410780273908325,1.0,0.6107594936708861,0.0311846451629682,0.016362847222222223,0.0022510694644049764,1760.0,0.5670454545454545,0.06590909090909092,0.23863636363636367,0.9274792365863473
large_long,nomotor_xlink,r0001,4.65,pulse_04,5.509319226393629,0.07396091694587517,0.0005431654241734307,0.0005431654241734307,1.0,0.6256,0.04393680180925225,0.016384548611111112,0.003577256388995272,1758.0,0.5671981776765376,0.06605922551252849,0.2380410022779044,0.9290129189236215
large_long,nomotor_xlink,r0001,4.7,pulse_04,5.504656719817767,0.06696004453996046,0.0017373695273255052,0.0017373695273255052,1.0,0.6328502415458938,0.037755383363486376,0.016688368055555555,0.005222415400406833,1756.0,0.5706150341685648,0.0671981776765376,0.23690205011389526,0.926921011438448
large_long,nomotor_xlink,r0001,4.75,pulse_04,5.519743443557582,0.042626424543434176,0.0035470915981042537,0.0035470915981042537,1.0,0.6236044657097288,0.05548845507558621,0.01640625,0.0030075960355680936,1754.0,0.5689851767388825,0.06727480045610033,0.23831242873432146,0.9267418906630427
large_long,nomotor_xlink,r0001,4.8,pulse_04,5.5259392694063925,0.0489144683265519,0.0007958606247258082,0.0007958606247258082,1.0,0.6282051282051282,0.006307640649690041,0.016471354166666667,0.0017765231092951108,1752.0,0.5707762557077624,0.06621004566210047,0.23858447488584483,0.926722476971084
large_long,nomotor_xlink,r0001,4.85,pulse_04,5.524518607305937,0.03196728588766351,0.0007682741465536344,0.0007682741465536344,1.0,0.6392914653784219,0.0179512891917124,0.01644965277777778,0.002835753734285497,1752.0,0.5707762557077625,0.06735159817351598,0.23744292237442927,0.9245015801379277
large_long,nomotor_xlink,r0001,4.9,pulse_04,5.530548914285714,0.06592899073226488,0.0020621107414656357,-0.0020621107414656357,1.0,0.6224,0.05762577702296861,0.016493055555555556,0.00757514670198365,1750.0,0.5702857142857143,0.06742857142857142,0.2365714285714286,0.9257970993694261
large_long,nomotor_xlink,r0001,4.95,pulse_04,5.512145942857143,0.07741816609956541,0.006069276190475925,-0.006069276190475925,1.0,0.6328502415458938,0.03232904595855937,0.017035590277777776,8.672167869499398e-05,1750.0,0.5702857142857143,0.06742857142857142,0.2377142857142857,0.9252750002381753
large_long,nomotor_xlink,r0001,5.0,pulse_04,5.494133257142859,0.06644932080443484,0.006004228571428054,-0.006004228571428054,1.0,0.6261980830670927,0.012007541343754606,0.016297743055555557,0.003656281765043521,1750.0,0.5697940503432494,0.06750572082379862,0.2391304347826086,0.9262417846039641
large_long,nomotor_xlink,r0001,5.05,pulse_05,5.827348449197861,0.0489298525912046,0.005179144385026646,-0.005179144385026646,1.0,0.6530612244897959,0.009127955601813406,0.017361111111111112,0.00843010445134369,1870.0,0.5963597430406853,0.06316916488222699,0.22162740899357605,0.9243976020989082
large_long,nomotor_xlink,r0001,5.1,pulse_05,5.811811016042781,0.023639539237173532,0.0020698636831715986,0.0020698636831715986,1.0,0.6424418604651163,0.011292507291834659,0.017708333333333333,0.009983137349993844,1870.0,0.595289079229122,0.06209850107066382,0.22055674518201288,0.9247855996296648
large_long,nomotor_xlink,r0001,5.15,pulse_05,5.8397676312968905,-0.010968971508758469,0.004474869959286328,0.004474869959286328,1.0,0.6525547445255474,0.032393685944269564,0.01755642361111111,0.009011116191051107,1866.0,0.5980707395498394,0.06109324758842444,0.2186495176848874,0.9229257196053566
large_long,nomotor_xlink,r0001,5.2,pulse_05,5.838660235798499,-0.030427157909133112,0.00018608147913049913,0.00018608147913049913,1.0,0.6501457725947521,0.01876878618512535,0.01740451388888889,0.0056271352826251534,1866.0,0.5972073039742214,0.061224489795918366,0.22019334049409242,0.9240556694623262
large_long,nomotor_xlink,r0001,5.25,pulse_05,5.8408841201716735,-0.044731783204509386,0.004224738870565255,-0.004224738870565255,1.0,0.6525547445255474,0.022758148709924444,0.017534722222222222,0.006659445195575026,1864.0,0.5993555316863587,0.060150375939849635,0.2191192266380236,0.9221039212017375
large_long,nomotor_xlink,r0001,5.3,pulse_05,5.813311802575107,-0.07038382908258327,0.0017686924238861461,-0.0017686924238861461,1.0,0.6539589442815249,0.03358914302779202,0.017339409722222223,0.009898872863322469,1864.0,0.592274678111588,0.06115879828326178,0.21995708154506435,0.9222836919387659
large_long,nomotor_xlink,r0001,5.35,pulse_05,5.830271965628357,-0.1041250203844442,0.0025839083069415145,0.0025839083069415145,1.0,0.6539589442815249,0.030991843189463374,0.017664930555555555,0.004591282693671557,1862.0,0.5939849624060152,0.060150375939849635,0.2212674543501612,0.9218563147229614
large_long,nomotor_xlink,r0001,5.4,pulse_05,5.8288152524167565,-0.09793152524461261,0.0012143777839376628,-0.0012143777839376628,1.0,0.6588235294117647,0.03501155692055341,0.017513020833333334,0.005800612880482707,1862.0,0.5939849624060151,0.06015037593984962,0.22341568206229862,0.9196984423360771
large_long,nomotor_xlink,r0001,5.45,pulse_05,5.822985698924731,-0.06932134310154796,0.0032052524707704144,0.0032052524707704144,1.0,0.6661742983751846,0.05439609527330555,0.017491319444444445,0.003510170923794733,1860.0,0.5941872981700752,0.05920344456404736,0.22389666307857917,0.9213176895295265
large_long,nomotor_xlink,r0001,5.5,pulse_05,5.848046767241379,-0.07687049970184422,0.0035319093746140062,0.0035319093746140062,1.0,0.6681481481481482,0.1015131576779699,0.0173828125,0.004391837921614908,1856.0,0.595905172413793,0.0560344827586207,0.2241379310344828,0.9214462627230388
large_long,nomotor_xlink,r0001,5.55,pulse_05,5.844177155172415,-0.0956723706312374,0.0030206357758619795,-0.0030206357758619795,1.0,0.6661742983751846,0.025689069423435913,0.017513020833333334,0.009395301783661351,1856.0,0.5987055016181231,0.057173678532901825,0.22437971952535057,0.921304731235171
large_long,nomotor_xlink,r0001,5.6,pulse_05,5.829922952586207,-0.13324231040381232,4.4628205605542114e-05,4.4628205605542114e-05,1.0,0.6671575846833578,0.04045099693536658,0.01740451388888889,0.0010272298271337872,1856.0,0.6002155172413793,0.059267241379310345,0.22629310344827588,0.9199290009063665
large_long,nomotor_xlink,r0001,5.65,pulse_05,5.844444924406048,-0.10183574959404013,0.0003732998730789916,-0.0003732998730789916,1.0,0.6705882352941176,0.029639458130046085,0.017361111111111112,0.001980294685319598,1852.0,0.5956756756756757,0.05837837837837838,0.22594594594594594,0.9208366543708041
large_long,nomotor_xlink,r0001,5.7,pulse_05,5.827683153347733,-0.12136054229189473,0.003823398128149839,-0.003823398128149839,1.0,0.6745562130177515,0.038357810134725945,0.0173828125,0.003270273967476376,1852.0,0.5961123110151189,0.05939524838012959,0.22786177105831537,0.9191457727859653
large_long,nomotor_xlink,r0001,5.75,pulse_05,5.821504535637149,-0.12145739339889838,0.0011369339015039337,0.0011369339015039337,1.0,0.6686390532544378,0.044329860376214246,0.01742621527777778,0.00328127681792949,1852.0,0.593952483801296,0.05939524838012959,0.22570194384449244,0.9205804967756068
large_long,nomotor_xlink,r0001,5.8,pulse_05,5.834504756756757,-0.14104820319947167,0.0026358190025879877,-0.0026358190025879877,1.0,0.7070254110612855,0.043305929408253285,0.017491319444444445,0.0012941716050086833,1850.0,0.5952380952380952,0.05844155844155844,0.2272727272727273,0.9203296258303001
large_long,nomotor_xlink,r0001,5.85,pulse_05,5.805689621621621,-0.11369236376884628,0.0043141621621621455,-0.0043141621621621455,1.0,0.698956780923994,0.027365075693732338,0.017296006944444445,0.0037186800349470403,1850.0,0.591991341991342,0.05844155844155846,0.2272727272727273,0.9211096511055953
large_long,nomotor_xlink,r0001,5.9,pulse_05,5.808619783783784,-0.11873612298978943,0.0029853158619075337,0.0029853158619075337,1.0,0.6985074626865672,0.037530913541590265,0.017447916666666667,0.0045381420799063335,1850.0,0.5935135135135136,0.05837837837837838,0.227027027027027,0.9191986559309505
large_long,nomotor_xlink,r0001,5.95,pulse_05,5.823601516793066,-0.08646351128940828,0.002807053165841733,-0.002807053165841733,1.0,0.5857988165680473,0.0495120784532248,0.01720920138888889,0.009667108589123199,1846.0,0.5911062906724512,0.05639913232104122,0.22668112798264647,0.9189534885956347
large_long,nomotor_xlink,r0001,6.0,pulse_05,5.7917774647887335,-0.06073347145505024,0.010608017334777564,-0.010608017334777564,1.0,0.586924219910847,0.08161147102211407,0.017513020833333334,0.008576679944786015,1846.0,0.5872156013001085,0.05742145178764897,0.2264355362946912,0.9172178980489379
large_long,nomotor_xlink,r0001,6.05,pulse_06,6.032627115188583,-0.5606788342274766,0.0015378479200037394,-0.0015378479200037394,1.0,0.6248275862068966,0.11233347504493951,0.018359375,0.009338975568886595,1962.0,0.6085626911314984,0.05300713557594291,0.2120285423037717,0.9164002997131959
large_long,nomotor_xlink,r0001,6.1,pulse_06,6.028013571428572,-0.5886957609341363,0.0013437368851721605,-0.0013437368851721605,1.0,0.6265560165975104,0.039767253482888926,0.018511284722222222,0.015238611621207895,1960.0,0.6061224489795919,0.05204081632653061,0.2112244897959184,0.9180663759435189
large_long,nomotor_xlink,r0001,6.15,pulse_06,6.02456469387755,-0.6521105039547239,0.0021240574687485156,0.0021240574687485156,1.0,0.6194444444444445,0.05670556314396901,0.018446180555555556,0.011672127339323102,1960.0,0.6067415730337078,0.052093973442288034,0.21246169560776296,0.9188471454139872
large_long,nomotor_xlink,r0001,6.2,pulse_06,6.040757916241063,-0.658728524970075,0.00042913937587322576,0.00042913937587322576,1.0,0.6282940360610264,0.04519613073555874,0.018598090277777778,0.004945577909115466,1958.0,0.6057201225740553,0.05107252298263533,0.21144024514811033,0.9175733611896834
large_long,nomotor_xlink,r0001,6.25,pulse_06,6.027139530132789,-0.6224370365000311,0.002082744049720494,-0.002082744049720494,1.0,0.6305555555555555,0.08515875529860141,0.01840277777777778,0.003308561643462308,1958.0,0.6073619631901842,0.05112474437627812,0.2106339468302659,0.9191341176026847
large_long,nomotor_xlink,r0001,6.3,pulse_06,6.02826145194274,-0.6785798948308488,0.003497999398409668,-0.003497999398409668,1.0,0.6307692307692307,0.06771647194339618,0.018337673611111112,0.00760903025248999,1956.0,0.6059365404298872,0.05015353121801432,0.2118730808597748,0.9183925145107752
large_long,nomotor_xlink,r0001,6.35,pulse_06,6.006151533742331,-0.6680912180149711,0.007332344921608798,-0.007332344921608798,1.0,0.6335664335664336,0.06235554697826618,0.01818576388888889,0.00800344679408486,1956.0,0.6038894575230296,0.052200614124872056,0.2128966223132037,0.9193195194645966
large_long,nomotor_xlink,r0001,6.4,pulse_06,5.984267382413087,-0.726600575595358,0.004168115201090543,-0.004168115201090543,1.0,0.6310679611650486,0.06897275958285465,0.018294270833333334,0.0132816861554374,1956.0,0.6053169734151329,0.05214723926380368,0.21267893660531695,0.9191916430239149
large_long,nomotor_xlink,r0001,6.45,pulse_06,5.981142842535788,-0.7477813349475955,0.002158486707566206,-0.002158486707566206,1.0,0.6338418862690708,0.04627505131093237,0.01838107638888889,0.009317777147750098,1956.0,0.6063394683026586,0.05521472392638037,0.21370143149284254,0.9192125747367459
large_long,nomotor_xlink,r0001,6.5,pulse_06,5.97131646216769,-0.7825072384818585,0.0030247784594409723,-0.0030247784594409723,1.0,0.6345885634588564,0.028326646943019885,0.018315972222222223,0.011027179100927598,1956.0,0.6022494887525561,0.05214723926380369,0.21370143149284254,0.9182855803676485
large_long,nomotor_xlink,r0001,6.55,pulse_06,5.962994171779142,-0.813944409553161,0.0015411435581428694,-0.0015411435581428694,1.0,0.640387275242047,0.044013571693033104,0.01818576388888889,0.007952184214660318,1956.0,0.6063394683026586,0.05316973415132924,0.21472392638036805,0.9169420626557178
large_long,nomotor_xlink,r0001,6.6,pulse_06,5.9620696008188325,-0.7347941331938966,0.00033691672265812045,-0.00033691672265812045,1.0,0.6411682892906815,0.03609268136222788,0.01838107638888889,0.01541480723570334,1954.0,0.6045081967213115,0.05225409836065574,0.2141393442622951,0.9172026613780965
large_long,nomotor_xlink,r0001,6.65,pulse_06,5.960972671443193,-0.721455566138941,0.002878710337768542,-0.002878710337768542,1.0,0.6396648044692738,0.04274079763961825,0.01820746527777778,0.009358991869183578,1954.0,0.6010256410256412,0.0523076923076923,0.21435897435897436,0.9182242320813585
large_long,nomotor_xlink,r0001,6.7,pulse_06,5.944797338792221,-0.7909480844089981,0.005077311497782233,-0.005077311497782233,1.0,0.6376404494382022,0.060529083955743884,0.018229166666666668,0.01740790253191382,1954.0,0.6024590163934426,0.05225409836065574,0.2141393442622951,0.918559399244368
large_long,nomotor_xlink,r0001,6.75,pulse_06,5.9305088024565,-0.825902981330424,0.0008689715400942433,0.0008689715400942433,1.0,0.6401673640167364,0.049596869660708434,0.018272569444444445,0.005975581137175982,1954.0,0.6024590163934427,0.05327868852459017,0.2141393442622951,0.9169779945234899
large_long,nomotor_xlink,r0001,6.8,pulse_06,5.950011168032787,-0.7550945975859422,0.004602686770070512,0.004602686770070512,1.0,0.6457461645746164,0.06660592710117898,0.018272569444444445,0.018193007622137897,1952.0,0.6024590163934427,0.05225409836065574,0.21311475409836067,0.9180125635612496
large_long,nomotor_xlink,r0001,6.85,pulse_06,5.958124923076923,-0.7167449355975966,0.00045851472957828915,0.00045851472957828915,1.0,0.6442577030812325,0.04572078423524939,0.018467881944444445,0.005116741360077004,1950.0,0.601025641025641,0.05128205128205128,0.2123076923076923,0.9194065770572933
large_long,nomotor_xlink,r0001,6.9,pulse_06,5.9527622564102565,-0.7243941494254802,0.0019685470085469467,-0.0019685470085469467,1.0,0.6462395543175488,0.07912122331444624,0.018294270833333334,0.0071027653487876026,1950.0,0.6047227926078028,0.0513347022587269,0.21252566735112932,0.9185545427354637
large_long,nomotor_xlink,r0001,6.95,pulse_06,5.946313641025641,-0.7593615276903222,0.0029376923076922523,-0.0029376923076922523,1.0,0.6573816155988857,0.08170444696874961,0.018424479166666667,0.007212853993024441,1950.0,0.6047227926078027,0.05236139630390143,0.21355236139630382,0.9183578681100888
large_long,nomotor_xlink,r0001,7.0,pulse_06,5.935136102564103,-0.7676712733836268,0.003725846153846154,-0.003725846153846154,1.0,0.6526610644257703,0.11010531872516932,0.018120659722222224,0.002769915231101557,1950.0,0.601025641025641,0.05128205128205128,0.21435897435897439,0.9178984460416877
large_long,nomotor_xlink,r0001,7.05,pulse_07,6.110782795698925,-0.6823686602251435,0.002108048224177613,-0.002108048224177613,1.0,0.6824146981627297,0.07386616785691498,0.019487847222222222,0.011966541571126532,2046.0,0.6168132942326489,0.04985337243401759,0.2033235581622678,0.9158987923479355
large_long,nomotor_xlink,r0001,7.1,pulse_07,6.104458651026392,-0.6464690355117639,0.0021051724077463994,-0.0021051724077463994,1.0,0.6767411300919842,0.03140184715291164,0.018793402777777777,0.005965601457552964,2046.0,0.6158357771260997,0.05180840664711632,0.20430107526881716,0.9148008566881827
large_long,nomotor_xlink,r0001,7.15,pulse_07,6.0981517612524465,-0.6465750514798257,0.003954165255866411,-0.003954165255866411,1.0,0.6750330250990753,0.06494778284392966,0.019032118055555554,0.0002439607451634925,2044.0,0.6135029354207437,0.05088062622309198,0.20254403131115464,0.9148232043307862
large_long,nomotor_xlink,r0001,7.2,pulse_07,6.080733659491194,-0.6479327999827449,0.0006635778557998092,-0.0006635778557998092,1.0,0.6737400530503979,0.02861063986622653,0.019075520833333335,0.009605549992021364,2044.0,0.6101860920666015,0.05093046033300684,0.2027424094025465,0.9155157372616074
large_long,nomotor_xlink,r0001,7.25,pulse_07,6.094170294117648,-0.7042083514319539,0.005532630189478915,0.005532630189478915,1.0,0.6595174262734584,0.04689583644310827,0.019075520833333335,0.016794096451063296,2040.0,0.6098039215686276,0.049019607843137254,0.20294117647058824,0.9166778187001573
large_long,nomotor_xlink,r0001,7.3,pulse_07,6.113929440628067,-0.7486973786891247,0.006309960803574821,0.006309960803574821,1.0,0.6653279785809906,0.03462995186852653,0.019075520833333335,0.014479083828642991,2038.0,0.6113837095191363,0.04808635917566241,0.20019627085377817,0.9156020220784844
large_long,nomotor_xlink,r0001,7.35,pulse_07,6.132030058939097,-0.7910828544038119,0.001043495507428401,-0.001043495507428401,1.0,0.6635262449528937,0.08419986947928332,0.01892361111111111,0.01351705104474025,2036.0,0.6112204724409448,0.04921259842519685,0.20275590551181102,0.9160314691343318
large_long,nomotor_xlink,r0001,7.4,pulse_07,6.107668467583497,-0.8297996849575662,0.0036543058284217445,-0.0036543058284217445,1.0,0.6657754010695187,0.04308324086296634,0.018988715277777776,0.010812273059422173,2036.0,0.611984282907662,0.04911591355599214,0.20039292730844793,0.91504717090582
large_long,nomotor_xlink,r0001,7.45,pulse_07,6.110104223968566,-0.8559564927603449,0.003650060384723819,0.003650060384723819,1.0,0.6648793565683646,0.07801557189280565,0.019118923611111113,0.007642451363651992,2036.0,0.6135693215339233,0.048180924287118974,0.19960668633235004,0.9154660393508178
large_long,nomotor_xlink,r0001,7.5,pulse_07,6.12956882989184,-0.8756543931394781,0.004932547317574976,0.004932547317574976,1.0,0.6724832214765101,0.09921046980438503,0.019227430555555557,0.018663197797712677,2034.0,0.6125860373647984,0.0471976401179941,0.19862340216322513,0.913735025312077
large_long,nomotor_xlink,r0001,7.55,pulse_07,6.139699507874016,-0.967935679546621,0.00042811168469336636,0.00042811168469336636,1.0,0.678714859437751,0.09158694961666747,0.018967013888888887,0.015564803245892508,2032.0,0.6131889763779527,0.04724409448818897,0.19783464566929135,0.912765987429377
large_long,nomotor_xlink,r0001,7.6,pulse_07,6.1321375,-0.9690432126148332,0.003023097112860936,-0.003023097112860936,1.0,0.6819407008086253,0.06661339480788132,0.0189453125,0.003265579255685954,2032.0,0.6108374384236452,0.04827586206896552,0.20000000000000004,0.9122997988154277
large_long,nomotor_xlink,r0001,7.65,pulse_07,6.12156092519685,-0.9875291550807367,0.004834098932676352,-0.004834098932676352,1.0,0.6734143049932524,0.08296097086682869,0.019249131944444445,0.009143110056670381,2032.0,0.6082677165354331,0.04822834645669291,0.19783464566929138,0.9131287756626187
large_long,nomotor_xlink,r0001,7.7,pulse_07,6.103132906403942,-1.0239018729548555,0.004592254791190964,-0.004592254791190964,1.0,0.6716417910447762,0.08252894097171781,0.01892361111111111,0.006786523820037101,2030.0,0.6049261083743843,0.047290640394088666,0.19802955665024632,0.914173791318308
large_long,nomotor_xlink,r0001,7.75,pulse_07,6.094007396449705,-1.0282482980009593,0.0019871740785005385,-0.0019871740785005385,1.0,0.6789115646258503,0.09891505344398223,0.01916232638888889,0.0019256665798987143,2028.0,0.6015779092702169,0.04733727810650888,0.1982248520710059,0.9150524764653483
large_long,nomotor_xlink,r0001,7.8,pulse_07,6.0912098619329385,-1.0123478734754632,0.003982873109796318,-0.003982873109796318,1.0,0.674863387978142,0.06139478024546168,0.019053819444444446,0.001340132800514889,2028.0,0.6015779092702169,0.047337278106508875,0.19822485207100587,0.9142778150267239
large_long,nomotor_xlink,r0001,7.85,pulse_07,6.070110157790927,-1.0362890948040486,0.0051165680473371404,-0.0051165680473371404,1.0,0.673972602739726,0.06968132316932113,0.0189453125,0.006353371828198544,2028.0,0.59822309970385,0.04837117472852912,0.1984205330700888,0.9155098007087311
large_long,nomotor_xlink,r0001,7.9,pulse_07,6.060510453648916,-1.0504681044446544,0.00027588757396464675,-0.00027588757396464675,1.0,0.6767123287671233,0.06478397430166966,0.019075520833333335,0.0031107024515146797,2028.0,0.6005917159763313,0.04832347140039448,0.20019723865877714,0.9163135924795132
large_long,nomotor_xlink,r0001,7.95,pulse_07,6.068454832347139,-1.0549533095131367,0.0011066732412886953,-0.0011066732412886953,1.0,0.6684931506849315,0.06438595641269627,0.019118923611111113,0.009824237744119816,2028.0,0.5996055226824459,0.04832347140039449,0.1992110453648916,0.9160541457658583
large_long,nomotor_xlink,r0001,8.0,pulse_07,6.053870414201183,-1.1094135309093733,0.004861472715318449,-0.004861472715318449,1.0,0.679890560875513,0.06072732445181676,0.01916232638888889,0.018153407132078875,2028.0,0.5986193293885602,0.049309664694280074,0.19921104536489156,0.9164391690638145
large_long,nomotor_xlink,r0002,0.0,initial,1.398657983193277,2.7598357388112817,0.03923931888544896,0.03923931888544896,1.0,0.10303030303030303,0.0,0.004752604166666666,0.0030530871339006596,476.0,0.3487394957983193,0.25630252100840334,0.3739495798319327,0.922522195148826
large_long,nomotor_xlink,r0002,0.05,initial,1.516375939849624,2.7689950002129837,0.09227694532985616,0.09227694532985616,1.0,0.07262569832402235,0.09510699698457928,0.005208333333333333,0.01846264732554596,532.0,0.3458646616541355,0.25939849624060146,0.3759398496240603,0.9355527370296859
large_long,nomotor_xlink,r0002,0.1,initial,1.952319655172414,2.8706116227645575,0.1409493391121115,0.1409493391121115,1.0,0.17307692307692307,0.09534941851502697,0.005512152777777778,0.040150505513537604,580.0,0.3793103448275862,0.2482758620689655,0.35862068965517235,0.9319531998875701
large_long,nomotor_xlink,r0002,0.15000000000000002,initial,2.362071974522293,3.0098980332942094,0.09518864030559575,0.09518864030559575,1.0,0.23214285714285715,0.06682125204732653,0.005837673611111111,0.0010193407734467492,628.0,0.4044585987261148,0.22929936305732485,0.34076433121019123,0.9326363012192177
large_long,nomotor_xlink,r0002,0.2,initial,2.5234514970059885,2.864495578123877,0.0542444831195239,0.0542444831195239,1.0,0.2571428571428571,0.07166535294467266,0.006575520833333333,0.02032346967481839,668.0,0.4161676646706588,0.22155688622754494,0.33532934131736536,0.9324090618201135
large_long,nomotor_xlink,r0002,0.25,initial,2.6875388732394363,2.887957215245299,0.07117103720021085,0.07117103720021085,1.0,0.2567049808429119,0.007941704287151952,0.006944444444444444,0.0014309483716599865,710.0,0.4253521126760563,0.21690140845070421,0.33521126760563363,0.939387465019473
large_long,nomotor_xlink,r0002,0.30000000000000004,initial,2.9504777202072536,2.855909887893917,0.07716080968397458,0.07716080968397458,1.0,0.24822695035460993,0.0689232550947886,0.0076171875,0.0070035967491038536,772.0,0.42746113989637297,0.19689119170984454,0.33160621761658027,0.9456109797823558
large_long,nomotor_xlink,r0002,0.35000000000000003,initial,3.1505037313432838,2.929978795739922,0.05980279403420267,0.05980279403420267,1.0,0.25773195876288657,0.09458292996353894,0.007877604166666666,0.024602167959657084,804.0,0.43500000000000016,0.2,0.325,0.9443028939641633
large_long,nomotor_xlink,r0002,0.4,initial,3.3092944844124697,3.0035228956518596,0.03197803711328414,0.03197803711328414,1.0,0.28289473684210525,0.037233591540457606,0.008289930555555556,0.02209359674990326,834.0,0.44844124700239807,0.1870503597122302,0.3213429256594724,0.9481132180906343
large_long,nomotor_xlink,r0002,0.45,initial,3.3423719540229886,3.0625403762393417,0.03173788695915521,0.03173788695915521,1.0,0.28888888888888886,0.055720376546678524,0.008463541666666666,0.0065927024162918775,870.0,0.44597701149425284,0.18160919540229886,0.3218390804597701,0.9492189845156755
large_long,nomotor_xlink,r0002,0.5,initial,3.499721806167401,3.043079110149611,0.0571761843010119,0.0571761843010119,1.0,0.3090909090909091,0.030870002436827543,0.008637152777777778,0.012464777421004936,908.0,0.45594713656387675,0.17400881057268722,0.317180616740088,0.948447691582454
large_long,nomotor_xlink,r0002,0.55,initial,3.68542905982906,2.987751711713312,0.03289070720255253,0.03289070720255253,1.0,0.3333333333333333,0.029493237300634415,0.009049479166666667,0.0027738975681763645,936.0,0.4722222222222222,0.17094017094017092,0.30982905982905984,0.9469218987579109
large_long,nomotor_xlink,r0002,0.6000000000000001,initial,3.697066049382716,3.0264357247405527,0.004763429787526086,0.004763429787526086,1.0,0.3125,0.02352565298619892,0.009288194444444444,0.008001121969738826,972.0,0.4670781893004114,0.16460905349794236,0.31275720164609044,0.9466413855499619
large_long,nomotor_xlink,r0002,0.65,initial,3.7140096385542165,3.035758443531745,0.023761365310403404,0.023761365310403404,1.0,0.329608938547486,0.026604715920005396,0.009657118055555556,0.013762753277823725,996.0,0.463855421686747,0.16064257028112452,0.3132530120481928,0.9467046870525035
large_long,nomotor_xlink,r0002,0.7000000000000001,initial,3.8396342412451365,3.109012244407495,0.02593935781439945,0.02593935781439945,1.0,0.34417344173441733,0.03532137784460849,0.010026041666666667,0.013402062261656486,1028.0,0.4708171206225682,0.15175097276264596,0.30933852140077833,0.9493649994213349
large_long,nomotor_xlink,r0002,0.75,initial,3.869645785440613,3.116170817101684,0.030674952329790672,0.030674952329790672,1.0,0.3512064343163539,0.025059479891922906,0.010221354166666667,0.009920466091078476,1044.0,0.46743295019157094,0.15517241379310345,0.30842911877394635,0.9519039253123663
large_long,nomotor_xlink,r0002,0.8,initial,4.023683955223881,-3.1146502662256204,0.03002548835928624,0.03002548835928624,1.0,0.36623376623376624,0.024291310853623675,0.0103515625,0.0026804188397246223,1072.0,0.4776119402985074,0.15111940298507462,0.3078358208955225,0.9482180559201963
large_long,nomotor_xlink,r0002,0.8500000000000001,initial,4.049798715596331,3.1322533301400317,0.02956115680557773,0.02956115680557773,1.0,0.37275064267352187,0.0685778796130316,0.010503472222222223,0.006305069119340996,1090.0,0.4752293577981653,0.14678899082568808,0.30642201834862387,0.9448426560902149
large_long,nomotor_xlink,r0002,0.9,initial,4.201050896057347,3.13070462623792,0.040681145525977826,0.040681145525977826,1.0,0.38154613466334164,0.03540213750876973,0.010720486111111111,0.0005306843899495206,1116.0,0.48207885304659504,0.14336917562724014,0.3010752688172043,0.9441113354526469
large_long,nomotor_xlink,r0002,0.9500000000000001,initial,4.293885588752198,3.135437436479729,0.02120319552446759,0.02120319552446759,1.0,0.38613861386138615,0.03589747798054444,0.011241319444444444,0.004270951657762294,1138.0,0.4779541446208112,0.14285714285714285,0.2980599647266314,0.9413860661084628
large_long,nomotor_xlink,r0002,1.0,initial,4.3282700692041525,3.105078916291346,0.011461493483984952,0.011461493483984952,1.0,0.4,0.05401807893288506,0.011241319444444444,0.0101195067294609,1156.0,0.4800693240901214,0.1369150779896014,0.2980935875216638,0.9425933896463653
large_long,nomotor_xlink,r0002,1.05,pulse_01,5.045669907407407,-3.1019986889859843,0.002575603082632938,-0.002575603082632938,1.0,0.497907949790795,0.06152805515554657,0.012565104166666667,0.007142555911253605,1296.0,0.5401234567901236,0.1219135802469136,0.26388888888888895,0.9377253733756561
large_long,nomotor_xlink,r0002,1.1,pulse_01,5.037943098159508,-3.0805710212522235,0.013217032708521556,0.013217032708521556,1.0,0.4906832298136646,0.0609397540866892,0.012543402777777778,0.0034397767569945468,1304.0,0.5337423312883436,0.12116564417177911,0.2653374233128834,0.9353368185236313
large_long,nomotor_xlink,r0002,1.15,pulse_01,5.1249721036585365,-3.1226373495279516,0.018714534145132394,0.018714534145132394,1.0,0.494824016563147,0.016811118552841668,0.012673611111111111,0.01070579813967402,1312.0,0.5389312977099237,0.11755725190839691,0.2610687022900763,0.9376957936354776
large_long,nomotor_xlink,r0002,1.2,pulse_01,5.150230303030303,3.1383794970893177,0.011958953694548283,0.011958953694548283,1.0,0.49794238683127573,0.05351943023194333,0.012760416666666666,0.0115048416049095,1320.0,0.5356600910470409,0.11836115326251895,0.25948406676783,0.9349153842228725
large_long,nomotor_xlink,r0002,1.25,pulse_01,5.196725825825826,3.0915189080221768,0.02249499902441965,0.02249499902441965,1.0,0.51440329218107,0.030426509982400318,0.012977430555555556,0.0023388486969659152,1332.0,0.5405405405405405,0.11561561561561559,0.2582582582582582,0.936087881419992
large_long,nomotor_xlink,r0002,1.3,pulse_01,5.285200297176821,3.1243464049075222,0.021374684404581235,0.021374684404581235,1.0,0.5201612903225806,0.011300932852686255,0.01286892361111111,0.00760545210330547,1346.0,0.5453194650817236,0.11292719167904904,0.2555720653789004,0.9338705460480589
large_long,nomotor_xlink,r0002,1.35,pulse_01,5.324973932253314,3.1371516206420096,0.007647339440759311,0.007647339440759311,1.0,0.5289421157684631,0.09539906919320704,0.012977430555555556,0.005341176413835728,1358.0,0.5450516986706057,0.11225997045790251,0.25258493353028066,0.9341983184228594
large_long,nomotor_xlink,r0002,1.4,pulse_01,5.3310843338213765,-3.1267918437890496,0.004816446073723076,0.004816446073723076,1.0,0.5266272189349113,0.041829519317295595,0.013324652777777777,0.00196094645429253,1366.0,0.5446559297218155,0.11127379209370425,0.25036603221083453,0.9314730449105902
large_long,nomotor_xlink,r0002,1.45,pulse_01,5.353872608695652,-3.1342680078118215,0.0004897781802487936,-0.0004897781802487936,1.0,0.5266272189349113,0.0616875393497783,0.013324652777777777,0.0006406000911510409,1380.0,0.5434782608695652,0.11304347826086955,0.24637681159420288,0.9301148626025053
large_long,nomotor_xlink,r0002,1.5,pulse_01,5.328145664739884,-3.130635444335956,0.003540389349801387,-0.003540389349801387,1.0,0.5363457760314342,0.06678809412368214,0.013368055555555555,0.004979149475215383,1384.0,0.541907514450867,0.1098265895953757,0.24855491329479767,0.9334384387700829
large_long,nomotor_xlink,r0002,1.55,pulse_01,5.332630272596844,3.1190424025164734,0.005925556114441566,0.005925556114441566,1.0,0.5354330708661418,0.042924779824109936,0.01328125,0.0017893755568986573,1394.0,0.5380200860832137,0.10903873744619799,0.24390243902439024,0.9355198128913574
large_long,nomotor_xlink,r0002,1.6,pulse_01,5.363699001426533,-3.141371697677347,0.0031366806727561127,0.0031366806727561127,1.0,0.5420743639921722,0.05787279399385141,0.013194444444444444,0.0023133657204726563,1402.0,0.5420827389443652,0.10841654778887302,0.2453637660485021,0.9334467977317238
large_long,nomotor_xlink,r0002,1.65,pulse_01,5.35145035663338,3.1329225968393093,0.008285597829194025,0.008285597829194025,1.0,0.5399610136452242,0.03477216949584208,0.01325954861111111,0.005122154176093814,1402.0,0.5407725321888412,0.10872675250357652,0.24892703862660942,0.9331337596217723
large_long,nomotor_xlink,r0002,1.7000000000000002,pulse_01,5.413412588401697,3.1110806844456764,0.013849129559692752,0.013849129559692752,1.0,0.5444015444015444,0.050312547480994174,0.01349826388888889,0.00507961692882386,1414.0,0.546742209631728,0.10623229461756376,0.24645892351274784,0.9332135085307812
large_long,nomotor_xlink,r0002,1.75,pulse_01,5.434545133991537,3.102444895266366,0.004999149579001531,0.004999149579001531,1.0,0.5357833655705996,0.038271518908157935,0.013758680555555555,0.000666278327809596,1418.0,0.5430183356840621,0.10578279266572636,0.24541607898448511,0.9292829138604702
large_long,nomotor_xlink,r0002,1.8,pulse_01,5.443407485875706,3.115078354412534,0.0010655079711074933,0.0010655079711074933,1.0,0.5348837209302325,0.05139465515617828,0.013606770833333334,0.0007030340381114127,1416.0,0.5445544554455445,0.10608203677510608,0.24469589816124468,0.9309682090308627
large_long,nomotor_xlink,r0002,1.85,pulse_01,5.440938181818182,3.1066630994950346,0.0017569231989885321,0.0017569231989885321,1.0,0.549618320610687,0.009469143092799186,0.013628472222222222,0.0016828385602167077,1430.0,0.5454545454545455,0.1048951048951049,0.24055944055944062,0.9327821731001258
large_long,nomotor_xlink,r0002,1.9,pulse_01,5.453949025069638,3.1049813230512338,0.008663668861315088,0.008663668861315088,1.0,0.5483870967741935,0.04858919159398223,0.013606770833333334,0.002936359278533196,1436.0,0.5473537604456825,0.10724233983286909,0.23955431754874654,0.9326145242208211
large_long,nomotor_xlink,r0002,1.9500000000000002,pulse_01,5.492920194986072,3.124281255166234,0.007560506917427527,0.007560506917427527,1.0,0.5584905660377358,0.0686558949990037,0.01349826388888889,0.002289557508352654,1436.0,0.5487465181058496,0.10584958217270195,0.23816155988857943,0.9343472534352312
large_long,nomotor_xlink,r0002,2.0,pulse_01,5.499312066574203,3.091243978001118,0.0021306238627101237,0.0021306238627101237,1.0,0.553030303030303,0.06928692663293362,0.013715277777777778,0.011012425721705318,1442.0,0.5521557719054242,0.10570236439499305,0.23643949930458974,0.9306784314404513
large_long,nomotor_xlink,r0002,2.05,pulse_02,5.832685070785071,3.068017712950142,0.005288717288717493,-0.005288717288717493,1.0,0.6013745704467354,0.013574487103822324,0.014952256944444445,0.00922874611175839,1554.0,0.5793548387096774,0.09677419354838708,0.2193548387096774,0.9228271093043228
large_long,nomotor_xlink,r0002,2.1,pulse_02,5.816818918918918,3.0403314746148666,0.004843843843843991,-0.004843843843843991,1.0,0.5951557093425606,0.014459306829001995,0.014973958333333334,0.0011623336590668536,1554.0,0.579896907216495,0.09664948453608248,0.21907216494845363,0.9245348447319756
large_long,nomotor_xlink,r0002,2.15,pulse_02,5.803622007722007,3.0610437109957407,0.005646289146288878,-0.005646289146288878,1.0,0.6,0.016938785595075716,0.014952256944444445,0.007262058226471006,1554.0,0.5804375804375805,0.09523809523809525,0.21879021879021882,0.9238746654125669
large_long,nomotor_xlink,r0002,2.2,pulse_02,5.782941184041185,3.0839038239736927,0.00252104247104216,-0.00252104247104216,1.0,0.5938037865748709,0.018144301204417002,0.014908854166666667,0.0023468376132198543,1554.0,0.5791505791505792,0.09652509652509653,0.22136422136422138,0.9257658464536472
large_long,nomotor_xlink,r0002,2.25,pulse_02,5.788495752895754,3.07512473667506,0.0009593731065378938,0.0009593731065378938,1.0,0.5903614457831325,0.023226301291510723,0.01521267361111111,0.0037136889126887507,1554.0,0.5811855670103094,0.09664948453608249,0.2203608247422682,0.924007826493921
large_long,nomotor_xlink,r0002,2.3,pulse_02,5.788697422680412,3.06162169049756,0.0012109013990950028,0.0012109013990950028,1.0,0.5902777777777778,0.027230809172558927,0.0146484375,0.0026899958240830615,1552.0,0.5788113695090438,0.09689922480620154,0.2196382428940568,0.9192009525627964
large_long,nomotor_xlink,r0002,2.35,pulse_02,5.795761161290324,3.0589847617305614,0.0024159145327569873,-0.0024159145327569873,1.0,0.5895652173913043,0.03647229400305655,0.014887152777777777,0.004165755749258186,1550.0,0.5775193798449614,0.09431524547803617,0.2170542635658915,0.9248508693177452
large_long,nomotor_xlink,r0002,2.4,pulse_02,5.7742019354838705,3.036627156002011,0.0058048387096774805,-0.0058048387096774805,1.0,0.5916955017301038,0.03193002759158493,0.014409722222222223,0.0036445007941661167,1550.0,0.575483870967742,0.09419354838709679,0.21548387096774188,0.9219283306850069
large_long,nomotor_xlink,r0002,2.45,pulse_02,5.760932129032259,3.0371177569655647,0.005064086021505283,-0.005064086021505283,1.0,0.5895652173913043,0.013428145540055059,0.014670138888888889,0.0034080489608903828,1550.0,0.5749354005167959,0.09560723514211886,0.21705426356589147,0.9258007834838549
large_long,nomotor_xlink,r0002,2.5,pulse_02,5.743817419354839,3.0570754497673533,0.004723569892473467,-0.004723569892473467,1.0,0.5958188153310104,0.027066247936865812,0.014930555555555556,0.0008484218997428054,1550.0,0.575483870967742,0.09548387096774194,0.21806451612903222,0.9273978146263393
large_long,nomotor_xlink,r0002,2.55,pulse_02,5.732590709677418,3.0422082883640216,0.005227096774193492,-0.005227096774193492,1.0,0.5930434782608696,0.04157061857958353,0.014670138888888889,0.0096530681972542,1550.0,0.575483870967742,0.09677419354838708,0.2193548387096774,0.928091648698832
large_long,nomotor_xlink,r0002,2.6,pulse_02,5.712454838709678,2.999157040583828,0.001858787530215622,-0.001858787530215622,1.0,0.5930434782608696,0.022568020602386756,0.014670138888888889,0.006818167363296619,1550.0,0.575483870967742,0.0967741935483871,0.2193548387096774,0.9248175164302467
large_long,nomotor_xlink,r0002,2.65,pulse_02,5.7214379844961245,3.001299284184242,0.0040283332637816765,0.0040283332637816765,1.0,0.5951134380453752,0.012153411795040633,0.014713541666666666,0.00048209942724453114,1548.0,0.5717981888745147,0.09573091849935315,0.2199223803363519,0.9288714916114387
large_long,nomotor_xlink,r0002,2.7,pulse_02,5.736624838292368,3.0020496371472953,0.0010752828838948385,-0.0010752828838948385,1.0,0.5971978984238179,0.021169047020501475,0.014670138888888889,0.0026306281693245412,1546.0,0.5738341968911916,0.09455958549222798,0.22279792746113988,0.9258490870978052
large_long,nomotor_xlink,r0002,2.75,pulse_02,5.7149862871927555,3.017083053200189,0.002999821926102708,-0.002999821926102708,1.0,0.6,0.0374618316094627,0.014735243055555555,0.0003263357864140559,1546.0,0.5730918499353168,0.09573091849935318,0.22380336351875812,0.9271465983551934
large_long,nomotor_xlink,r0002,2.8,pulse_02,5.718625906735752,3.000091622428811,0.00016684553082857434,-0.00016684553082857434,1.0,0.5958188153310104,0.06283764749711478,0.014605034722222222,0.0001151658925642914,1544.0,0.5721716514954487,0.0962288686605982,0.22236671001300393,0.9293332925278485
large_long,nomotor_xlink,r0002,2.85,pulse_02,5.713985214007784,3.0163920578448034,0.002857279311125153,-0.002857279311125153,1.0,0.5986038394415357,0.04506721965747595,0.014626736111111111,0.007016384024327286,1542.0,0.5771725032425422,0.09727626459143968,0.22049286640726332,0.9275596998763435
large_long,nomotor_xlink,r0002,2.9,pulse_02,5.701482230869001,3.0421899265747747,0.0019100248454531805,-0.0019100248454531805,1.0,0.6048951048951049,0.053140017443860044,0.01484375,0.003565026035234157,1542.0,0.5740259740259741,0.09870129870129872,0.22337662337662337,0.9290122950906525
large_long,nomotor_xlink,r0002,2.95,pulse_02,5.702525064935065,3.0377822140562083,0.0006698306859592348,-0.0006698306859592348,1.0,0.6097560975609756,0.06351828011253749,0.014561631944444445,0.001282722878075108,1540.0,0.5792207792207792,0.09740259740259741,0.2207792207792208,0.9269011347409326
large_long,nomotor_xlink,r0002,3.0,pulse_02,5.697463246753245,3.0498862638432254,0.0016872727272732035,-0.0016872727272732035,1.0,0.6077057793345009,0.028779366049314855,0.014930555555555556,0.004034683262339023,1540.0,0.5766233766233766,0.09740259740259741,0.21818181818181812,0.9266903861790018
large_long,nomotor_xlink,r0002,3.05,pulse_03,5.93826920289855,-3.116071362071569,0.006398067632850039,-0.006398067632850039,1.0,0.6418383518225039,0.055568882833618875,0.016015625,0.00255380214292004,1656.0,0.5983009708737864,0.09101941747572814,0.20631067961165045,0.9220011888956257
large_long,nomotor_xlink,r0002,3.1,pulse_03,5.919075,-3.123732768500329,0.004856243961352795,0.004856243961352795,1.0,0.6406995230524642,0.062029030248649045,0.01579861111111111,0.00012644927508653758,1656.0,0.6014492753623187,0.09178743961352658,0.20531400966183577,0.9233122114034135
large_long,nomotor_xlink,r0002,3.15,pulse_03,5.967406666666667,-3.116830057722088,0.003124388888888774,0.003124388888888774,1.0,0.6496815286624203,0.020823637358831224,0.015559895833333334,0.003034134591025713,1650.0,0.5990279465370594,0.08869987849331712,0.20291616038882135,0.924114404043925
large_long,nomotor_xlink,r0002,3.2,pulse_03,5.937821333333333,-3.105527960954175,0.0038265156418555435,-0.0038265156418555435,1.0,0.6485623003194888,0.028633344254052857,0.0154296875,0.002523922813217968,1650.0,0.6012121212121211,0.08969696969696969,0.2048484848484849,0.9228251327642352
large_long,nomotor_xlink,r0002,3.25,pulse_03,5.944447572815534,-3.1016865208427804,0.0016092392125135468,-0.0016092392125135468,1.0,0.6512,0.04643668889339886,0.015538194444444445,0.004323077978790242,1648.0,0.6014580801944105,0.08869987849331713,0.20413122721749702,0.9229457898544428
large_long,nomotor_xlink,r0002,3.3,pulse_03,5.928165898058252,-3.0795894930814334,0.004529571197411079,-0.004529571197411079,1.0,0.6512,0.054987314496769135,0.015733506944444444,0.0056681625539377984,1648.0,0.5978128797083839,0.08991494532199272,0.20413122721749702,0.9214849947119251
large_long,nomotor_xlink,r0002,3.35,pulse_03,5.9172701456310675,-3.0676775455191536,0.00024298620859812084,0.00024298620859812084,1.0,0.6506410256410257,0.0247948786358385,0.01545138888888889,0.0011072383890515052,1648.0,0.6007281553398057,0.08980582524271842,0.2026699029126214,0.9257161822157051
large_long,nomotor_xlink,r0002,3.4,pulse_03,5.92962381530984,-3.0862329234157424,0.0008653563901111679,-0.0008653563901111679,1.0,0.6532905296950241,0.0750671373934879,0.01579861111111111,0.002787624460114898,1646.0,0.600243013365735,0.0911300121506683,0.20291616038882143,0.926754945037064
large_long,nomotor_xlink,r0002,3.45,pulse_03,5.9120780072904004,-3.084403292279843,0.005953017415957588,-0.005953017415957588,1.0,0.6489533011272142,0.08457515125806135,0.0154296875,0.0020208857744275686,1646.0,0.5990279465370594,0.09113001215066827,0.20291616038882138,0.926272658126409
large_long,nomotor_xlink,r0002,3.5,pulse_03,5.893905710814095,-3.098358238062308,0.004599372215471724,-0.004599372215471724,1.0,0.6440129449838188,0.021831758899315535,0.0158203125,0.0032999426792901985,1646.0,0.5965978128797083,0.09113001215066831,0.20413122721749696,0.9248423612492024
large_long,nomotor_xlink,r0002,3.55,pulse_03,5.88448177399757,-3.104202948355584,0.0034661603888214523,-0.0034661603888214523,1.0,0.642512077294686,0.05419937173538262,0.015473090277777778,0.0009378469408956777,1646.0,0.5973236009732361,0.09124087591240874,0.20194647201946472,0.9227677733799333
large_long,nomotor_xlink,r0002,3.6,pulse_03,5.873108748481166,-3.0927311564169337,0.0012654538171134415,-0.0012654538171134415,1.0,0.6451612903225806,0.02618510753888631,0.015559895833333334,0.0038609956961167904,1646.0,0.5956151035322778,0.09257003654080391,0.2034104750304507,0.9246783704444871
large_long,nomotor_xlink,r0002,3.65,pulse_03,5.8768890510948895,-3.127368922532285,0.0021736535722617725,0.0021736535722617725,1.0,0.6434359805510534,0.0646279566395695,0.015690104166666666,0.004214381753517331,1644.0,0.5968331303288674,0.09135200974421438,0.20341047503045068,0.924522488101529
large_long,nomotor_xlink,r0002,3.7,pulse_03,5.886150669914737,-3.1180174469380377,0.00018489869039865306,-0.00018489869039865306,1.0,0.6455284552845528,0.020660093721819615,0.015625,0.005049093889152904,1642.0,0.5939024390243902,0.09146341463414634,0.20121951219512205,0.9253334242068365
large_long,nomotor_xlink,r0002,3.75,pulse_03,5.8757796589524975,-3.0970743591973675,0.0004201322499829037,0.0004201322499829037,1.0,0.6428571428571429,0.030351586266259663,0.015755208333333333,0.005501822024633007,1642.0,0.5956151035322776,0.09013398294762485,0.20219244823386115,0.9232477782440752
large_long,nomotor_xlink,r0002,3.8,pulse_03,5.888671463414634,-3.0850065147902397,0.005085735841676413,-0.005085735841676413,1.0,0.646677471636953,0.033775532028554496,0.01564670138888889,0.006067378132929309,1640.0,0.5958485958485957,0.09035409035409035,0.19902319902319904,0.9226644246156562
large_long,nomotor_xlink,r0002,3.85,pulse_03,5.845265243902439,-3.0606700903997917,0.003731711138906283,-0.003731711138906283,1.0,0.6499189627228525,0.05492831651391656,0.015299479166666666,0.004796420374075572,1640.0,0.5926829268292682,0.09146341463414633,0.201219512195122,0.9246111942270843
large_long,nomotor_xlink,r0002,3.9,pulse_03,5.8662811965811965,-3.0562279925457863,0.0012336722108061693,0.0012336722108061693,1.0,0.6482084690553745,0.054904833437535105,0.015494791666666667,0.006495710023033248,1638.0,0.5946275946275946,0.09035409035409034,0.20024420024420025,0.922975077662304
large_long,nomotor_xlink,r0002,3.95,pulse_03,5.852667277167276,-3.021695830261592,0.0028597476597475393,-0.0028597476597475393,1.0,0.6514657980456026,0.03790715098943439,0.015364583333333333,0.0010960364267130391,1638.0,0.5904645476772616,0.09046454767726161,0.1992665036674816,0.9252440632812604
large_long,nomotor_xlink,r0002,4.0,pulse_03,5.849122710622711,-3.049651773985508,0.001181522181521603,-0.001181522181521603,1.0,0.6487804878048781,0.03535878705663241,0.015299479166666666,0.009318647907971952,1638.0,0.5934065934065934,0.08913308913308912,0.20024420024420025,0.9256658516641848
large_long,nomotor_xlink,r0002,4.05,pulse_04,6.199462727272728,-2.981090284213514,0.0028775378787878245,-0.0028775378787878245,1.0,0.6790490341753344,0.05643911981602083,0.016796875,0.003364981563286721,1760.0,0.6170454545454545,0.08181818181818182,0.18636363636363634,0.9229017777207257
large_long,nomotor_xlink,r0002,4.1,pulse_04,6.190830113636364,-2.970995339523654,0.0018474242424241598,-0.0018474242424241598,1.0,0.6795252225519288,0.04174050727834836,0.016688368055555555,0.00398663582617272,1760.0,0.6193181818181819,0.08295454545454545,0.18749999999999997,0.9219924981458179
large_long,nomotor_xlink,r0002,4.15,pulse_04,6.188378181818183,-2.9571704692564778,0.0036633333333333518,-0.0036633333333333518,1.0,0.6785714285714286,0.06233377013898991,0.01642795138888889,0.001719307926783949,1760.0,0.6131968145620023,0.08191126279863482,0.18657565415244595,0.9215728292139773
large_long,nomotor_xlink,r0002,4.2,pulse_04,6.168850113636364,-2.96067949196295,0.0028556060606062714,-0.0028556060606062714,1.0,0.6790490341753344,0.055484519402476146,0.016536458333333334,0.005736776123359322,1760.0,0.6131968145620024,0.08304891922639364,0.1877133105802048,0.9213955671949636
large_long,nomotor_xlink,r0002,4.25,pulse_04,6.171244545454545,-2.9915911259966337,0.000756799242424074,0.000756799242424074,1.0,0.6765578635014837,0.025148217250591676,0.016927083333333332,0.0030408516585178624,1760.0,0.6124999999999999,0.08068181818181817,0.1886363636363636,0.9197588284606494
large_long,nomotor_xlink,r0002,4.3,pulse_04,6.173390909090909,-2.9789246019140574,0.00014272727272738686,0.00014272727272738686,1.0,0.6726190476190477,0.033374880025005334,0.016883680555555555,0.00266129836793616,1760.0,0.6070615034168566,0.08086560364464691,0.19020501138952164,0.9220965416706456
large_long,nomotor_xlink,r0002,4.35,pulse_04,6.17210090909091,-2.9756233357890167,0.0036766666666664762,-0.0036766666666664762,1.0,0.6731054977711739,0.049662134446341696,0.016710069444444444,0.002742657720258057,1760.0,0.6082004555808657,0.08086560364464693,0.19134396355353073,0.9198591113028123
large_long,nomotor_xlink,r0002,4.4,pulse_04,6.15133090909091,-2.962468655592509,0.0039684469696970774,-0.0039684469696970774,1.0,0.6711509715994021,0.04516868632864058,0.016666666666666666,0.00494572245273391,1760.0,0.6022727272727273,0.07954545454545454,0.19090909090909086,0.9196752757555645
large_long,nomotor_xlink,r0002,4.45,pulse_04,6.148290227272727,-2.9459490010726133,0.001014507575757791,-0.001014507575757791,1.0,0.6706586826347305,0.016976789997415746,0.01662326388888889,0.0016557066770130173,1760.0,0.6045454545454547,0.07954545454545456,0.19090909090909086,0.9205154068190725
large_long,nomotor_xlink,r0002,4.5,pulse_04,6.145243863636363,-2.972402895654587,0.004721458333333335,-0.004721458333333335,1.0,0.6711509715994021,0.014226014892354498,0.01657986111111111,0.0005220782805391474,1760.0,0.6040955631399318,0.080773606370876,0.19112627986348124,0.9210408345259505
large_long,nomotor_xlink,r0002,4.55,pulse_04,6.119961477272727,-2.949081470755848,0.005409036051642631,-0.005409036051642631,1.0,0.6701649175412294,0.019708747459235745,0.01662326388888889,0.007298834928349596,1760.0,0.601820250284414,0.080773606370876,0.18998862343572243,0.9229797710405023
large_long,nomotor_xlink,r0002,4.6,pulse_04,6.112789647326507,-2.9286098860844896,0.0028916265685867693,-0.0028916265685867693,1.0,0.6691729323308271,0.04370032208391887,0.01662326388888889,0.003117685527118367,1758.0,0.5977142857142856,0.08342857142857144,0.19085714285714284,0.92356834893814
large_long,nomotor_xlink,r0002,4.65,pulse_04,6.1026117178612065,-2.930375357593138,0.0014214522309556148,-0.0014214522309556148,1.0,0.6661654135338346,0.03565597755479139,0.016384548611111112,9.513129014434203e-05,1758.0,0.5986316989737742,0.08209806157354615,0.1927023945267958,0.9221037730341793
large_long,nomotor_xlink,r0002,4.7,pulse_04,6.104260933940774,-2.9280390983436235,0.0002544776541646421,-0.0002544776541646421,1.0,0.6742081447963801,0.047005638739792174,0.01640625,0.002355912751698256,1756.0,0.5968109339407746,0.08314350797266515,0.19134396355353078,0.9208708359635812
large_long,nomotor_xlink,r0002,4.75,pulse_04,6.101084851936219,-2.9445108341033275,0.0030052581624904207,-0.0030052581624904207,1.0,0.6716867469879518,0.005859078406788813,0.016688368055555555,0.0023198518321840833,1756.0,0.5990888382687927,0.08428246013667424,0.1913439635535307,0.9214501346429645
large_long,nomotor_xlink,r0002,4.8,pulse_04,6.086229384965831,-2.941958209336728,0.002850725037640315,-0.002850725037640315,1.0,0.6716867469879518,0.042757773129280405,0.016731770833333333,0.00017892315221897567,1756.0,0.5968109339407744,0.08656036446469248,0.19020501138952167,0.9215036339949315
large_long,nomotor_xlink,r0002,4.85,pulse_04,6.083980501710377,-2.9455843730166413,0.002902865062772412,0.002902865062772412,1.0,0.6762481089258698,0.03131073878538199,0.016493055555555556,0.0010941306916602371,1754.0,0.5954285714285714,0.08571428571428573,0.1908571428571429,0.9254364639428013
large_long,nomotor_xlink,r0002,4.9,pulse_04,6.103646575342466,-2.9353934251867666,0.0012174810695794551,0.0012174810695794551,1.0,0.6554878048780488,0.025088333162013872,0.016493055555555556,0.002318933872959524,1752.0,0.5993150684931507,0.08333333333333333,0.1894977168949772,0.9229620586729919
large_long,nomotor_xlink,r0002,4.95,pulse_04,6.0912853881278535,-2.931670769778884,0.005684969558599651,-0.005684969558599651,1.0,0.6554878048780488,0.04275576565556022,0.016189236111111113,0.0005326047020108119,1752.0,0.5970319634703195,0.08333333333333333,0.18835616438356162,0.9208634336923907
large_long,nomotor_xlink,r0002,5.0,pulse_04,6.069536757990868,-2.9385890533988315,0.007249543378995267,-0.007249543378995267,1.0,0.6503067484662577,0.015783749989724066,0.016731770833333333,0.0023060945399824284,1752.0,0.5901826484018267,0.08333333333333334,0.18949771689497721,0.9202863095500603
large_long,nomotor_xlink,r0002,5.05,pulse_05,6.273746478873239,-3.01755812861057,0.010008811845431195,-0.010008811845431195,1.0,0.6786226685796269,0.024440137944487805,0.017317708333333334,0.0016559970770927042,1846.0,0.6110509209100758,0.0780065005417118,0.1787648970747562,0.9193948948213455
large_long,nomotor_xlink,r0002,5.1,pulse_05,6.243720043336945,-3.022526119841848,0.007534380642831184,-0.007534380642831184,1.0,0.6772334293948127,0.04775892091264801,0.01740451388888889,0.0026632484980400792,1846.0,0.6058631921824106,0.07817589576547233,0.17915309446254077,0.9193453539509743
large_long,nomotor_xlink,r0002,5.15,pulse_05,6.228540195016252,-3.0335376195988104,0.0009387418733436034,0.0009387418733436034,1.0,0.6752873563218391,0.03891083537729932,0.017513020833333334,0.005139783240715327,1846.0,0.6052060737527114,0.07809110629067242,0.18004338394793917,0.9169012229992706
large_long,nomotor_xlink,r0002,5.2,pulse_05,6.249352494577007,-3.05336481928614,0.0014747903461707068,0.0014747903461707068,1.0,0.6791907514450867,0.012666740598376526,0.017361111111111112,0.00277685152366954,1844.0,0.6054347826086957,0.07608695652173912,0.1793478260869565,0.9181331200017091
large_long,nomotor_xlink,r0002,5.25,pulse_05,6.237388937093276,-3.0501987287408276,0.00513389370932756,-0.00513389370932756,1.0,0.6820809248554913,0.029189299921036117,0.017274305555555557,0.0031145825195787826,1844.0,0.5995647442872688,0.07616974972796517,0.18063112078346025,0.9193892941005231
large_long,nomotor_xlink,r0002,5.3,pulse_05,6.218549132321042,-3.0346773241686673,0.005662490961677591,-0.005662490961677591,1.0,0.6805755395683454,0.030784023521081113,0.017296006944444445,0.0006069587381313616,1844.0,0.6004343105320306,0.07709011943539633,0.18241042345276878,0.9201195599208485
large_long,nomotor_xlink,r0002,5.35,pulse_05,6.2034139913232105,-3.0465569763120395,0.003006164135936462,-0.003006164135936462,1.0,0.6820809248554913,0.025128677293480724,0.01720920138888889,0.002326434672884773,1844.0,0.5971769815418025,0.07600434310532032,0.18241042345276878,0.9213056709687208
large_long,nomotor_xlink,r0002,5.4,pulse_05,6.200512147505423,-3.0207187161313587,0.003206571478704845,0.003206571478704845,1.0,0.6805755395683454,0.03323319523780642,0.017122395833333335,0.005429546460305061,1844.0,0.593681917211329,0.07734204793028324,0.18409586056644883,0.9209926442574262
large_long,nomotor_xlink,r0002,5.45,pulse_05,6.2226534201954395,-3.013979697550209,0.0034483916300227513,0.0034483916300227513,1.0,0.686046511627907,0.04440947351468431,0.017100694444444446,0.001256497210045504,1842.0,0.5993485342019546,0.07600434310532032,0.18241042345276878,0.9185602836002353
large_long,nomotor_xlink,r0002,5.5,pulse_05,6.221202497285559,-3.0131797328710856,0.0004269996380744286,-0.0004269996380744286,1.0,0.686046511627907,0.015713943358816155,0.017252604166666668,0.0010241116839534807,1842.0,0.5971769815418025,0.07709011943539633,0.1834961997828448,0.9193693018211635
large_long,nomotor_xlink,r0002,5.55,pulse_05,6.220091422366993,-3.0078350274464882,0.00032634103211689097,0.00032634103211689097,1.0,0.6874095513748191,0.00912474204918646,0.01742621527777778,0.0009020233414565778,1842.0,0.5963003264417844,0.07943416757344941,0.18280739934711643,0.921138405332777
large_long,nomotor_xlink,r0002,5.6,pulse_05,6.223160543478261,-3.007767592822346,0.0029119943075421872,-0.0029119943075421872,1.0,0.68,0.019887718129958598,0.017317708333333334,0.0007670445526503459,1840.0,0.5919477693144722,0.07725788900979323,0.18171926006528832,0.9178052281918825
large_long,nomotor_xlink,r0002,5.65,pulse_05,6.20261945652174,-3.003232760130586,0.006139275362318693,-0.006139275362318693,1.0,0.6818851251840943,0.038700151004243885,0.0171875,0.0002244186806044842,1840.0,0.5941240478781282,0.07834602829162132,0.18280739934711637,0.9205717377550887
large_long,nomotor_xlink,r0002,5.7,pulse_05,6.1863248913043485,-3.0064210807387193,0.006258949275362487,-0.006258949275362487,1.0,0.68,0.017188545963894825,0.017317708333333334,0.0007372730208151287,1840.0,0.5945652173913042,0.07717391304347826,0.1815217391304348,0.9201548369066828
large_long,nomotor_xlink,r0002,5.75,pulse_05,6.165065760869565,-2.9988091220056954,0.007407409420289834,-0.007407409420289834,1.0,0.6790490341753344,0.03847613468120791,0.0171875,0.0007128268198205076,1840.0,0.5908596300326441,0.07725788900979326,0.1828073993471164,0.9220567920054753
large_long,nomotor_xlink,r0002,5.8,pulse_05,6.1418804347826095,-3.0021441198197962,0.006245579710144759,-0.006245579710144759,1.0,0.6776119402985075,0.04365218291659109,0.017252604166666668,0.002486639500835238,1840.0,0.5908596300326441,0.07725788900979327,0.18280739934711646,0.9210923450869806
large_long,nomotor_xlink,r0002,5.85,pulse_05,6.127592282608696,-3.013728959010707,0.005688659420289917,-0.005688659420289917,1.0,0.6716417910447762,0.07108132308663911,0.017491319444444445,0.002672453177125685,1840.0,0.5913043478260871,0.0782608695652174,0.18369565217391304,0.9208270129641715
large_long,nomotor_xlink,r0002,5.9,pulse_05,6.10774847826087,-3.0181788388825503,0.0036748291108798328,-0.0036748291108798328,1.0,0.6691729323308271,0.04765327320060289,0.017643229166666666,0.004905227570080939,1840.0,0.5869565217391304,0.07717391304347827,0.1826086956521739,0.9189460628240889
large_long,nomotor_xlink,r0002,5.95,pulse_05,6.105543307943417,-3.0431603244311924,0.002531220805538581,-0.002531220805538581,1.0,0.6711915535444947,0.03884561401497517,0.0171875,0.0033715644193680707,1838.0,0.5871459694989107,0.07625272331154684,0.18191721132897604,0.920777131391675
large_long,nomotor_xlink,r0002,6.0,pulse_05,6.0925611534276385,-3.0384082253987588,0.0043273848385929625,-0.0043273848385929625,1.0,0.6706948640483383,0.0181128353095736,0.0173828125,0.0015840330108112255,1838.0,0.5875952121871599,0.07725788900979326,0.18171926006528832,0.9216683407903854
large_long,nomotor_xlink,r0002,6.05,pulse_06,6.299421663244354,-3.0073888014393724,0.0062310746064341655,-0.0062310746064341655,1.0,0.7019498607242339,0.05148977890674275,0.018250868055555557,0.0035970087501196644,1948.0,0.6067761806981518,0.07186858316221767,0.17351129363449688,0.9178296532365322
large_long,nomotor_xlink,r0002,6.1,pulse_06,6.280728439425052,-2.9965977751890134,0.004123973305954968,-0.004123973305954968,1.0,0.7011173184357542,0.027391223695183955,0.018055555555555554,0.001179427700059854,1948.0,0.6028806584362141,0.0720164609053498,0.17386831275720163,0.9161267129152092
large_long,nomotor_xlink,r0002,6.15,pulse_06,6.2746778234086245,-3.0003122352390132,0.0030007015742642786,-0.0030007015742642786,1.0,0.6974789915966386,0.05071246283206576,0.018120659722222224,0.00021665312907030257,1948.0,0.6067761806981518,0.07186858316221764,0.17351129363449688,0.9145592879120333
large_long,nomotor_xlink,r0002,6.2,pulse_06,6.262724229979466,-2.997897693963435,0.0021009753593429123,-0.0021009753593429123,1.0,0.6933895921237694,0.051815256379481166,0.01796875,0.0034649486239942315,1948.0,0.607399794450154,0.07194244604316545,0.1726618705035971,0.9163960489048032
large_long,nomotor_xlink,r0002,6.25,pulse_06,6.262071971252567,-2.979522543495048,7.577002053382742e-05,7.577002053382742e-05,1.0,0.6966292134831461,0.017875342792268004,0.018467881944444445,0.0042534693115471684,1948.0,0.6067761806981518,0.07289527720739221,0.17248459958932236,0.9181332475685031
large_long,nomotor_xlink,r0002,6.3,pulse_06,6.263178850102669,-2.972376878094152,0.002068069815195065,-0.002068069815195065,1.0,0.6918767507002801,0.05150149348414713,0.018359375,0.00023975409887070734,1948.0,0.6032887975334019,0.07297019527235353,0.1726618705035971,0.917416660374265
large_long,nomotor_xlink,r0002,6.35,pulse_06,6.249663552361397,-2.9780840189018236,0.003680065023956125,-0.003680065023956125,1.0,0.6957746478873239,0.027454313637363736,0.018250868055555557,0.0009490327757929092,1948.0,0.5991778006166495,0.07194244604316545,0.17677286742034942,0.9187121838702019
large_long,nomotor_xlink,r0002,6.4,pulse_06,6.241098459958932,-2.9780710747489096,0.0028035934291582207,-0.0028035934291582207,1.0,0.692090395480226,0.023941004480450678,0.018250868055555557,0.003088000088452336,1948.0,0.5981500513874616,0.07297019527235354,0.17471736896197326,0.9187640837161027
large_long,nomotor_xlink,r0002,6.45,pulse_06,6.232841991786447,-2.9966120194325376,0.0033995536556785666,0.0033995536556785666,1.0,0.6949152542372882,0.037001655977533056,0.018272569444444445,0.005108569749007715,1948.0,0.5967078189300412,0.0720164609053498,0.1748971193415638,0.9197971341207944
large_long,nomotor_xlink,r0002,6.5,pulse_06,6.261495781893004,-3.008722493242956,0.0018630288037675413,0.0018630288037675413,1.0,0.6870554765291608,0.047029337106409275,0.018055555555555554,0.002478437612060569,1944.0,0.5997942386831275,0.07201646090534981,0.17386831275720166,0.9183051337746801
large_long,nomotor_xlink,r0002,6.55,pulse_06,6.2440201646090525,-3.011482645104901,0.005256944444444282,-0.005256944444444282,1.0,0.6894586894586895,0.027021152377424033,0.01818576388888889,0.001852932738588479,1944.0,0.5958762886597939,0.07216494845360824,0.17422680412371136,0.9195359511641785
large_long,nomotor_xlink,r0002,6.6,pulse_06,6.229954115226338,-2.997604896811425,0.004351063100136887,-0.004351063100136887,1.0,0.689900426742532,0.06964733885939967,0.017881944444444443,0.0005516085499229403,1944.0,0.594650205761317,0.07201646090534981,0.1759259259259259,0.9201058680369074
large_long,nomotor_xlink,r0002,6.65,pulse_06,6.217913786008231,-3.0081729938053634,0.005224897119341598,-0.005224897119341598,1.0,0.6890156918687589,0.054907296267957297,0.018055555555555554,0.005506142424162104,1944.0,0.5936213991769549,0.07201646090534983,0.1748971193415638,0.9200936791653771
large_long,nomotor_xlink,r0002,6.7,pulse_06,6.198604732510288,-3.0306417513563977,0.0022562969814610887,-0.0022562969814610887,1.0,0.6876790830945558,0.0684005424120814,0.01796875,0.00898298958303593,1944.0,0.5936213991769547,0.07304526748971193,0.17695473251028804,0.918346371642142
large_long,nomotor_xlink,r0002,6.75,pulse_06,6.204376004119465,-3.062070931303579,0.0024971150283539245,0.0024971150283539245,1.0,0.6824034334763949,0.0709361557017833,0.01796875,0.009406936308635538,1942.0,0.5942327497425334,0.07209062821833163,0.1761071060762101,0.9189718353196186
large_long,nomotor_xlink,r0002,6.8,pulse_06,6.213587422680412,-3.087083369208211,0.004891426214007399,0.004891426214007399,1.0,0.6914285714285714,0.0614811380698949,0.017838541666666666,0.0047082732112395664,1940.0,0.5927835051546393,0.07010309278350516,0.17422680412371133,0.9198691221246081
large_long,nomotor_xlink,r0002,6.85,pulse_06,6.233724561403509,-3.0903205705710164,0.001922340457977345,0.001922340457977345,1.0,0.6896551724137931,0.057448560131079726,0.018033854166666665,0.000683998987270229,1938.0,0.5923632610939114,0.07017543859649124,0.17440660474716202,0.9181018155995762
large_long,nomotor_xlink,r0002,6.9,pulse_06,6.225121465428276,-3.0911873631318323,0.0020119792421825857,-0.0020119792421825857,1.0,0.6881258941344778,0.030033542865094357,0.018294270833333334,0.0014136743671348355,1938.0,0.5954592363261094,0.07017543859649124,0.17543859649122812,0.9191287810563987
large_long,nomotor_xlink,r0002,6.95,pulse_06,6.2216526859504135,-3.0988026167738254,0.0013855813393410799,0.0013855813393410799,1.0,0.6825396825396826,0.047659499522534655,0.018012152777777776,0.0006602598100791853,1936.0,0.5909090909090907,0.06714876033057851,0.1756198347107438,0.9190628053273898
large_long,nomotor_xlink,r0002,7.0,pulse_06,6.2334349534643225,-3.0951489219923074,0.003927422504636328,0.003927422504636328,1.0,0.6872309899569584,0.0326496357714442,0.018033854166666665,0.0012178982605060007,1934.0,0.5925542916235782,0.06825232678386763,0.17476732161323688,0.9190821238813315
large_long,nomotor_xlink,r0002,7.05,pulse_07,6.407833594515181,-3.0716876965253976,0.0019970805246683674,-0.0019970805246683674,1.0,0.7089452603471295,0.007594820623169937,0.019140625,0.008698271096237034,2042.0,0.6121449559255631,0.06464250734573945,0.16552399608227228,0.9154297700274664
large_long,nomotor_xlink,r0002,7.1,pulse_07,6.401842352941176,-3.0455928832366865,0.001982837647955223,-0.001982837647955223,1.0,0.7165775401069518,0.02987021538209453,0.018858506944444443,0.008008436944528277,2040.0,0.6123650637880275,0.06673209028459273,0.16584887144259072,0.9159642997507312
large_long,nomotor_xlink,r0002,7.15,pulse_07,6.39593656862745,-3.023637074858228,0.0016966339869279128,-0.0016966339869279128,1.0,0.7112299465240641,0.0594349302881263,0.019010416666666665,0.005047975957886826,2040.0,0.6123650637880276,0.06673209028459275,0.16683022571148184,0.9152796643476835
large_long,nomotor_xlink,r0002,7.2,pulse_07,6.391662549019609,-3.0153050274893656,0.0010380882352937586,-0.0010380882352937586,1.0,0.7073825503355705,0.08115344617733289,0.018771701388888888,0.0017232881132643503,2040.0,0.6133464180569183,0.06673209028459273,0.16584887144259075,0.9163513087120789
large_long,nomotor_xlink,r0002,7.25,pulse_07,6.389708039215687,-3.013297346178642,0.0022823622095221965,0.0022823622095221965,1.0,0.7073825503355705,0.051629887166081606,0.019227430555555557,0.0004239703450653239,2040.0,0.611764705882353,0.06568627450980394,0.1666666666666667,0.9139180756591607
large_long,nomotor_xlink,r0002,7.3,pulse_07,6.405356722276742,-3.0127612054189736,0.0004895989596360728,0.0004895989596360728,1.0,0.7092866756393001,0.062062657851533115,0.019053819444444446,0.001759020485818441,2038.0,0.6123650637880275,0.06673209028459272,0.1668302257114818,0.9125781493321523
large_long,nomotor_xlink,r0002,7.35,pulse_07,6.392645632973504,-3.002743223263731,0.003934895756012284,-0.003934895756012284,1.0,0.7088948787061995,0.05262943068060005,0.018793402777777777,9.228576684394696e-06,2038.0,0.6119842829076622,0.06581532416502947,0.16797642436149313,0.91424281204686
large_long,nomotor_xlink,r0002,7.4,pulse_07,6.381747347740668,-3.0127058339588673,0.003455002352165485,-0.003455002352165485,1.0,0.7173333333333334,0.07900514614038476,0.01870659722222222,0.0020164119177514817,2036.0,0.6076696165191742,0.06686332350049165,0.16715830875122906,0.9145828066275248
large_long,nomotor_xlink,r0002,7.45,pulse_07,6.371915618860511,-3.01484169477024,0.006106597904387723,-0.006106597904387723,1.0,0.723489932885906,0.06708975843366918,0.018511284722222222,0.0016998700631618568,2036.0,0.6106194690265487,0.06882989183874139,0.16814159292035394,0.9155455756225822
large_long,nomotor_xlink,r0002,7.5,pulse_07,6.345107760314342,-3.0229050543378384,0.005080091683038616,-0.005080091683038616,1.0,0.7238605898123325,0.05498076251401055,0.019075520833333335,0.0017059552004181633,2036.0,0.6090373280943027,0.0667976424361493,0.16797642436149313,0.9166132100088208
large_long,nomotor_xlink,r0002,7.55,pulse_07,6.341435068762279,-3.025077425972749,0.00023379347104457437,0.00023379347104457437,1.0,0.7245989304812834,0.04810210464267955,0.019292534722222223,0.002570439339625826,2036.0,0.6090373280943023,0.06679764243614932,0.16895874263261298,0.9162190332027115
large_long,nomotor_xlink,r0002,7.6,pulse_07,6.346510521140609,-3.0074824183000834,0.0017595751537934727,0.0017595751537934727,1.0,0.7053206002728513,0.08051747549967675,0.019053819444444446,0.004642625556537938,2034.0,0.6066863323500492,0.06686332350049164,0.16715830875122908,0.9147426908239866
large_long,nomotor_xlink,r0002,7.65,pulse_07,6.35199251968504,-2.9972216726335215,0.0010867963453315237,0.0010867963453315237,1.0,0.7041095890410959,0.04733496358323826,0.01892361111111111,0.0023447815009981867,2032.0,0.6041461006910168,0.06416584402764067,0.1688055281342547,0.9157167088684597
large_long,nomotor_xlink,r0002,7.7,pulse_07,6.353031299212598,-2.9934137292940943,0.0023537565616797984,-0.0023537565616797984,1.0,0.7061224489795919,0.05418727579368929,0.019010416666666665,0.000272425407548275,2032.0,0.607283464566929,0.06692913385826772,0.16732283464566927,0.9155763827877147
large_long,nomotor_xlink,r0002,7.75,pulse_07,6.337869980314961,-2.995587120188232,0.003376279527558997,-0.003376279527558997,1.0,0.7057220708446866,0.04698329475710083,0.0189453125,0.00030433542097951793,2032.0,0.6043307086614172,0.06791338582677167,0.1673228346456693,0.9167390918766617
large_long,nomotor_xlink,r0002,7.8,pulse_07,6.332773622047244,-2.9952397418199714,0.0024287729658794,-0.0024287729658794,1.0,0.7061224489795919,0.08221495249450568,0.018771701388888888,0.0021725682676269433,2032.0,0.607283464566929,0.06889763779527561,0.16732283464566927,0.9170693703825766
large_long,nomotor_xlink,r0002,7.85,pulse_07,6.323297342519685,-3.0086225297939935,0.0014255129100241664,0.0014255129100241664,1.0,0.7045143638850889,0.06759114654677516,0.01892361111111111,0.003053775018013072,2032.0,0.6053149606299212,0.07086614173228346,0.16830708661417326,0.9174372243740847
large_long,nomotor_xlink,r0002,7.9,pulse_07,6.341326699507389,-3.01356239192805,0.004655757161493727,0.004655757161493727,1.0,0.7087912087912088,0.05342919802964419,0.018815104166666666,0.0010961993672053971,2030.0,0.603550295857988,0.07001972386587771,0.16765285996055224,0.9178544999999103
large_long,nomotor_xlink,r0002,7.95,pulse_07,6.351231885488647,-3.015199725997226,0.002383720532908029,0.002383720532908029,1.0,0.7127222982216143,0.04058023380608104,0.018489583333333334,0.0013151528459198019,2026.0,0.6063303659742829,0.06726013847675569,0.16716122650840756,0.9174511457077932
large_long,nomotor_xlink,r0002,8.0,pulse_07,6.3556290227048375,-3.0214533090035687,0.001465712405396798,0.001465712405396798,1.0,0.7119341563786008,0.0569671194783278,0.018793402777777777,0.002084527668780941,2026.0,0.6080947680157947,0.06811451135241856,0.16485686080947684,0.9166093421546382
large_long,nomotor_xlink,r0003,0.0,initial,-0.07910273437500004,1.935638934186842,0.07777674192797827,0.07777674192797827,1.0,-0.04054054054054054,0.0,0.005143229166666667,0.026184952976168702,512.0,0.21875,0.2265625,0.4921875,0.9342056233192974
large_long,nomotor_xlink,r0003,0.05,initial,0.15422749140893477,2.014193793115348,0.03726371451510916,0.03726371451510916,1.0,-0.09523809523809523,0.04237556398690704,0.0057074652777777775,0.03731231045784996,582.0,0.23367697594501718,0.2268041237113402,0.4810996563573884,0.9437352208489802
large_long,nomotor_xlink,r0003,0.1,initial,0.1444795527156549,2.159512796933942,0.05105627895937175,0.05105627895937175,1.0,-0.11363636363636363,0.042762353515496024,0.006163194444444444,0.029830793309084374,626.0,0.22044728434504793,0.22044728434504787,0.4824281150159743,0.9426159002797357
large_long,nomotor_xlink,r0003,0.15000000000000002,initial,0.46056516516516527,2.1931785529698544,0.09774018627923442,0.09774018627923442,1.0,-0.11475409836065574,0.06466333889169815,0.006727430555555556,0.0032175333859349267,666.0,0.2252252252252252,0.20720720720720717,0.4594594594594594,0.9490645875174684
large_long,nomotor_xlink,r0003,0.2,initial,0.7309206703910615,2.1788179972495514,0.0923378846588524,0.0923378846588524,1.0,-0.06060606060606061,0.05541222041284285,0.00703125,0.005104809494137645,716.0,0.2402234636871508,0.19553072625698323,0.44972067039106145,0.9509272049747967
large_long,nomotor_xlink,r0003,0.25,initial,1.0145924731182796,2.1625496960050286,0.11498198207050153,0.11498198207050153,1.0,-0.05714285714285714,0.03905354478641005,0.007552083333333333,0.006714175571218635,744.0,0.2553763440860214,0.18548387096774194,0.4381720430107527,0.9535220129349026
large_long,nomotor_xlink,r0003,0.30000000000000004,initial,1.4208125628140706,2.1385329438222396,0.08402916612687313,0.08402916612687313,1.0,0.035398230088495575,0.07924600570303546,0.007899305555555555,0.008389937456521798,796.0,0.2795969773299749,0.17380352644836272,0.420654911838791,0.948761660089224
large_long,nomotor_xlink,r0003,0.35000000000000003,initial,1.5187674698795184,2.1122100712658978,0.06016315197338451,0.06016315197338451,1.0,0.05485232067510549,0.060924958467954725,0.008029513888888888,0.0009883954117462974,830.0,0.28019323671497587,0.17149758454106284,0.42028985507246375,0.9477366822531349
large_long,nomotor_xlink,r0003,0.4,initial,1.7817914746543777,2.132602571351762,0.052791696196550886,0.052791696196550886,1.0,0.10588235294117647,0.06601017350566739,0.00861545138888889,0.003953525731067442,868.0,0.29723502304147453,0.1635944700460829,0.4101382488479261,0.9487449349456848
large_long,nomotor_xlink,r0003,0.45,initial,1.8355176470588237,2.1359312256523024,0.015293557286204998,0.015293557286204998,1.0,0.11610486891385768,0.13794562447304606,0.009071180555555556,0.005981997232530863,918.0,0.2984749455337691,0.15468409586056642,0.40740740740740744,0.9537046629159103
large_long,nomotor_xlink,r0003,0.5,initial,1.8735528183716077,2.168494554746947,0.042425169269304584,0.042425169269304584,1.0,0.13043478260869565,0.1029364783222445,0.0095703125,0.0049710118999487145,958.0,0.29436325678496866,0.14822546972860123,0.40292275574112724,0.9541602596386544
large_long,nomotor_xlink,r0003,0.55,initial,2.090068662674651,2.1657572970519947,0.06547914365671388,0.06547914365671388,1.0,0.14788732394366197,0.04544725722235422,0.009722222222222222,0.00045819294555575024,1002.0,0.2974051896207585,0.1437125748502994,0.3872255489021956,0.9510234162322496
large_long,nomotor_xlink,r0003,0.6000000000000001,initial,2.266427680311891,2.1712437124202815,0.0512666397123526,0.0512666397123526,1.0,0.1917808219178082,0.0821453748244368,0.010091145833333334,0.006419003690302905,1026.0,0.3118908382066277,0.14035087719298245,0.3742690058479532,0.9513209839980511
large_long,nomotor_xlink,r0003,0.65,initial,2.397668500948767,2.204271319193812,0.044073966861598445,0.044073966861598445,1.0,0.20394736842105263,0.07193194839780806,0.01017795138888889,0.006902851649545368,1054.0,0.31499051233396586,0.1347248576850095,0.37191650853889946,0.9502236624479231
large_long,nomotor_xlink,r0003,0.7000000000000001,initial,2.5308714814814817,2.2126608223175537,0.03350552011214244,0.03350552011214244,1.0,0.21794871794871795,0.05936375628463622,0.010720486111111111,0.005261895479678961,1080.0,0.32467532467532473,0.13358070500927643,0.3673469387755102,0.9545511259448173
large_long,nomotor_xlink,r0003,0.75,initial,2.5987016216216214,2.235842692071886,0.026796726232946266,0.026796726232946266,1.0,0.24444444444444444,0.10400614495799242,0.010850694444444444,0.003456197487193539,1110.0,0.3333333333333334,0.12792792792792798,0.3657657657657658,0.9541825769513279
large_long,nomotor_xlink,r0003,0.8,initial,2.6916518388791593,2.1919236373943924,0.026415706741223993,0.026415706741223993,1.0,0.24471299093655588,0.0907756695729369,0.01130642361111111,0.009025230040811868,1142.0,0.3432574430823118,0.12784588441331,0.36252189141856406,0.9528189198806505
large_long,nomotor_xlink,r0003,0.8500000000000001,initial,2.7571958620689654,2.1816913118270147,0.008694380129826781,0.008694380129826781,1.0,0.25443786982248523,0.11931502948720124,0.011501736111111112,0.0008306139045336133,1160.0,0.3431034482758621,0.12586206896551724,0.3620689655172414,0.9535443562800401
large_long,nomotor_xlink,r0003,0.9,initial,2.74381811965812,2.196907320821594,0.006844853516002984,0.006844853516002984,1.0,0.25443786982248523,0.1004520815954432,0.011458333333333333,0.00039495449531745663,1170.0,0.3418803418803419,0.12820512820512825,0.3606837606837607,0.9559632231762178
large_long,nomotor_xlink,r0003,0.9500000000000001,initial,2.7982649831649833,2.1840610387989194,0.033179511842496824,0.033179511842496824,1.0,0.2653061224489796,0.0860067193749041,0.011675347222222222,0.004041856666806713,1188.0,0.3451178451178451,0.12794612794612797,0.3602693602693602,0.9555535341094936
large_long,nomotor_xlink,r0003,1.0,initial,2.942895190713101,2.172656180820754,0.04821006918270587,0.04821006918270587,1.0,0.28530259365994237,0.07564775424143165,0.01171875,0.003801619326055198,1206.0,0.3471760797342193,0.1229235880398671,0.3488372093023255,0.9533125825987475
large_long,nomotor_xlink,r0003,1.05,pulse_01,3.572758805970149,2.231938525198865,0.0266302999707347,0.0266302999707347,1.0,0.37320574162679426,0.0596061587502252,0.01310763888888889,0.0012354547972597274,1340.0,0.408955223880597,0.108955223880597,0.3134328358208955,0.9507337981716308
large_long,nomotor_xlink,r0003,1.1,pulse_01,3.6526497058823533,2.2282321608070856,0.02161820960227767,0.02161820960227767,1.0,0.37735849056603776,0.08925710458925885,0.013216145833333333,0.0005781170931213145,1360.0,0.41323529411764703,0.11029411764705883,0.3102941176470588,0.9524775741221184
large_long,nomotor_xlink,r0003,1.15,pulse_01,3.702468063583815,2.2354072277575927,0.014414934241989327,0.014414934241989327,1.0,0.391705069124424,0.12985725148208271,0.013302951388888888,0.00014957902187329175,1384.0,0.4132947976878613,0.10838150289017341,0.30780346820809246,0.9489205265517819
large_long,nomotor_xlink,r0003,1.2,pulse_01,3.7391393113342892,2.227334686675846,0.008395866471255417,0.008395866471255417,1.0,0.4027777777777778,0.11680027344144928,0.013606770833333334,0.0024034995097808043,1394.0,0.4160688665710186,0.109038737446198,0.30703012912482064,0.9475840907901306
large_long,nomotor_xlink,r0003,1.25,pulse_01,3.7528432624113477,2.220986230698908,0.013018143803835628,0.013018143803835628,1.0,0.40825688073394495,0.10731744629283328,0.013671875,0.00036677950208504245,1410.0,0.41560283687943256,0.10638297872340426,0.3078014184397163,0.9506379127489479
large_long,nomotor_xlink,r0003,1.3,pulse_01,3.817248174157303,2.2251340096633356,0.01623304029448754,0.01623304029448754,1.0,0.41309255079006774,0.10688735266410153,0.013780381944444444,0.0036543516008002244,1424.0,0.4199438202247191,0.1053370786516854,0.30477528089887634,0.9473623375001327
large_long,nomotor_xlink,r0003,1.35,pulse_01,3.850241504178273,2.2429123403037092,0.010756315801369043,0.010756315801369043,1.0,0.41123595505617977,0.10412460061455144,0.014127604166666667,0.0008471371191317948,1436.0,0.41841004184100417,0.10599721059972103,0.30264993026499304,0.9489475191560153
large_long,nomotor_xlink,r0003,1.4,pulse_01,3.8817860689655173,2.220051186948545,0.016121858147158646,0.016121858147158646,1.0,0.44719101123595506,0.06333587054980068,0.013997395833333334,0.002088230000312663,1450.0,0.4220689655172413,0.10482758620689654,0.30068965517241364,0.9519294309598196
large_long,nomotor_xlink,r0003,1.45,pulse_01,3.946972653061225,2.2303829603018333,0.01974069340903095,0.01974069340903095,1.0,0.4473684210526316,0.11352784546031498,0.014366319444444444,0.002061592008785936,1470.0,0.4272108843537416,0.10204081632653059,0.29795918367346946,0.9537504690467242
large_long,nomotor_xlink,r0003,1.5,pulse_01,4.000230229419703,2.2324207390012605,0.008302496891229602,0.008302496891229602,1.0,0.45336225596529284,0.05920725258430509,0.014583333333333334,0.00019530711144814342,1482.0,0.4291497975708502,0.10256410256410253,0.29824561403508765,0.9536597028610815
large_long,nomotor_xlink,r0003,1.55,pulse_01,3.9967876344086024,2.231554802970522,0.009889029935140256,0.009889029935140256,1.0,0.4557235421166307,0.09964147732090298,0.014605034722222222,0.004722292017598957,1488.0,0.4293405114401077,0.10228802153432033,0.29744279946164204,0.9527590137837516
large_long,nomotor_xlink,r0003,1.6,pulse_01,4.0595644090305445,2.2040869868956667,0.01688621212553354,0.01688621212553354,1.0,0.46496815286624205,0.08229808784511752,0.014605034722222222,0.005529188527282495,1506.0,0.4342629482071712,0.10225763612217795,0.293492695883134,0.9506423753002331
large_long,nomotor_xlink,r0003,1.65,pulse_01,4.098104907161804,2.198379671806827,0.010651261620186,0.010651261620186,1.0,0.4714587737843552,0.08097084476959804,0.014713541666666666,0.0023962922381608465,1508.0,0.4376657824933686,0.10079575596816978,0.2917771883289125,0.9494822189498077
large_long,nomotor_xlink,r0003,1.7000000000000002,pulse_01,4.1234719787516605,2.1897092334667017,0.0035115384615383625,0.0035115384615383625,1.0,0.47863247863247865,0.09490388655790154,0.014778645833333333,0.0020564367138583193,1506.0,0.4369189907038512,0.09428950863213811,0.2934926958831341,0.949616154694798
large_long,nomotor_xlink,r0003,1.75,pulse_01,4.119174137931034,2.1860410515236772,0.002384603982890976,0.002384603982890976,1.0,0.47121535181236673,0.08601476161562949,0.014496527777777778,0.0009794439772875159,1508.0,0.438247011952191,0.10092961487383798,0.29349269588313404,0.9515758780008672
large_long,nomotor_xlink,r0003,1.8,pulse_01,4.137779602649006,2.1838325696029766,0.007682132214316202,0.007682132214316202,1.0,0.4732334047109208,0.10545668149511826,0.014453125,0.0007157406469503099,1510.0,0.43633952254641917,0.09814323607427056,0.2944297082228117,0.9516607870238306
large_long,nomotor_xlink,r0003,1.85,pulse_01,4.165266931216931,2.1817466076419754,0.004603134657836794,0.004603134657836794,1.0,0.4829059829059829,0.11154675389309064,0.014605034722222222,0.00019587677877915452,1512.0,0.43973509933774835,0.09668874172185431,0.2940397350993378,0.948733417229261
large_long,nomotor_xlink,r0003,1.9,pulse_01,4.165398410596027,2.1826573089303016,0.003196881687823764,0.003196881687823764,1.0,0.49036402569593146,0.13448817852723705,0.014735243055555555,0.0011318062606118229,1510.0,0.4397350993377483,0.09801324503311261,0.29271523178807946,0.9494570626441832
large_long,nomotor_xlink,r0003,1.9500000000000002,pulse_01,4.184448221343874,2.1885374452056463,0.0036509675796256857,0.0036509675796256857,1.0,0.48717948717948717,0.09374390633593102,0.01484375,0.000858246950393271,1518.0,0.4347826086956522,0.09486166007905136,0.2911725955204216,0.9506395018631348
large_long,nomotor_xlink,r0003,2.0,pulse_01,4.187304216073781,2.1878067906326613,0.0009519982433025357,0.0009519982433025357,1.0,0.4851063829787234,0.07899246973795475,0.014952256944444445,0.0002435515243283485,1518.0,0.4379947229551452,0.0936675461741425,0.29419525065963065,0.9513636466122815
large_long,nomotor_xlink,r0003,2.05,pulse_02,4.652427481840194,2.218094215487409,0.0026054075867634197,0.0026054075867634197,1.0,0.5418994413407822,0.06510014123401581,0.015842013888888888,0.0011105555475941682,1652.0,0.4818401937046005,0.08958837772397095,0.26876513317191286,0.9474569244249235
large_long,nomotor_xlink,r0003,2.1,pulse_02,4.660243704600484,2.2214258821301915,0.0002707828894269089,0.0002707828894269089,1.0,0.550185873605948,0.06495405034777968,0.01597222222222222,0.00011659638359799256,1652.0,0.48305084745762716,0.08958837772397095,0.27118644067796616,0.9461709700239016
large_long,nomotor_xlink,r0003,2.15,pulse_02,4.654052179176755,2.218793793788997,0.005241077550404742,0.005241077550404742,1.0,0.5427509293680297,0.09007726740315865,0.015842013888888888,0.0009377871407143523,1652.0,0.48058252427184456,0.08980582524271843,0.27184466019417475,0.9478341058442348
large_long,nomotor_xlink,r0003,2.2,pulse_02,4.6916901699029125,2.2270526049744777,0.0040726343766895505,0.0040726343766895505,1.0,0.5559701492537313,0.10052366765706434,0.015907118055555555,0.002320855708306239,1648.0,0.479951397326853,0.08748481166464156,0.26974483596597815,0.9480735620431788
large_long,nomotor_xlink,r0003,2.25,pulse_02,4.678487985436893,2.2327189280388344,0.003712904530744391,-0.003712904530744391,1.0,0.5559701492537313,0.0822169487019609,0.016037326388888887,0.0009469306680058853,1648.0,0.47931873479318743,0.08637469586374696,0.27007299270072993,0.9489234652107763
large_long,nomotor_xlink,r0003,2.3,pulse_02,4.669412742718446,2.232734188982513,7.097772082579705e-05,7.097772082579705e-05,1.0,0.5551401869158878,0.1111988652362614,0.015690104166666666,0.0006781007149228024,1648.0,0.4768856447688564,0.08637469586374695,0.2700729927007299,0.9468458144908829
large_long,nomotor_xlink,r0003,2.35,pulse_02,4.678913851761847,2.2367875323283712,0.0012263238674122452,-0.0012263238674122452,1.0,0.5572232645403377,0.024305189792551436,0.01599392361111111,0.002043765586503543,1646.0,0.4774665042630938,0.08647990255785627,0.26918392204628505,0.9470704369722195
large_long,nomotor_xlink,r0003,2.4,pulse_02,4.662054799513973,2.2449967825015342,0.00023675712656897238,-0.00023675712656897238,1.0,0.5451127819548872,0.03195126750690602,0.015603298611111111,0.0013552874852105212,1646.0,0.47868453105968334,0.08891595615103531,0.26796589524969555,0.9477414633949015
large_long,nomotor_xlink,r0003,2.45,pulse_02,4.6774933090024335,2.2449192572396344,0.008826174032978548,0.008826174032978548,1.0,0.536723163841808,0.05177448123074893,0.016102430555555554,0.0004973916598200271,1644.0,0.48296836982968366,0.0875912408759124,0.26399026763990263,0.9459802507902243
large_long,nomotor_xlink,r0003,2.5,pulse_02,4.715011843711844,2.242012432542614,0.00705209196723781,0.00705209196723781,1.0,0.5584905660377358,0.07430152896611286,0.01577690972222222,0.0012265325586065707,1638.0,0.48107448107448103,0.08302808302808302,0.26373626373626374,0.9445619823590263
large_long,nomotor_xlink,r0003,2.55,pulse_02,4.71980586080586,2.237560061887995,0.0010588115588115639,-0.0010588115588115639,1.0,0.5689981096408318,0.053318249846467304,0.0158203125,0.00045997282911147686,1638.0,0.48107448107448103,0.08424908424908426,0.2588522588522589,0.9449073566304945
large_long,nomotor_xlink,r0003,2.6,pulse_02,4.708658974358975,2.244772269517283,0.0024812983312982873,-0.0024812983312982873,1.0,0.553030303030303,0.054224835000555714,0.015842013888888888,0.000672422949099675,1638.0,0.4798534798534799,0.08424908424908426,0.26129426129426137,0.9460648489907062
large_long,nomotor_xlink,r0003,2.65,pulse_02,4.704918070818071,2.233525524193397,0.003017480667480754,-0.003017480667480754,1.0,0.5425330812854442,0.0731661863912653,0.01564670138888889,0.003066450980020082,1638.0,0.4774114774114774,0.08424908424908424,0.264957264957265,0.9461867574448202
large_long,nomotor_xlink,r0003,2.7,pulse_02,4.69055409035409,2.2263735636371624,0.003652075702075782,-0.003652075702075782,1.0,0.539622641509434,0.0618581390489125,0.015863715277777777,0.0017599604357612098,1638.0,0.4774114774114775,0.08424908424908424,0.2600732600732601,0.9456416415738194
large_long,nomotor_xlink,r0003,2.75,pulse_02,4.683005616605616,2.2229657615788296,0.006061334961334985,-0.006061334961334985,1.0,0.5283018867924528,0.044084452020294304,0.015711805555555555,0.000373174882984643,1638.0,0.4798534798534798,0.08424908424908426,0.2612942612942613,0.9483718523891794
large_long,nomotor_xlink,r0003,2.8,pulse_02,4.65418608058608,2.2241345143392546,0.004114220534513861,-0.004114220534513861,1.0,0.536723163841808,0.07274044522358374,0.0158203125,0.0005503925823018285,1638.0,0.4774114774114773,0.08424908424908424,0.2686202686202686,0.9470877331194816
large_long,nomotor_xlink,r0003,2.85,pulse_02,4.658320293398533,2.2196634060850187,0.0037112346310020547,0.0037112346310020547,1.0,0.5303030303030303,0.045934357534309654,0.015473090277777778,0.0015143691925076919,1636.0,0.4755501222493888,0.08312958435207825,0.26772616136919314,0.9460383023509642
large_long,nomotor_xlink,r0003,2.9,pulse_02,4.6764534883720925,2.2150482991842084,0.0013823786808238776,0.0013823786808238776,1.0,0.5343511450381679,0.07284552539317041,0.015407986111111112,0.0015055633442244698,1634.0,0.4767156862745098,0.08210784313725489,0.2696078431372549,0.9466508672471259
large_long,nomotor_xlink,r0003,2.95,pulse_02,4.666614565483476,2.210630026019672,0.002812919421644781,0.002812919421644781,1.0,0.5332068311195446,0.07344779293645012,0.015755208333333333,0.0019550007680419292,1634.0,0.474908200734394,0.08200734394124845,0.2705018359853121,0.9462998523928913
large_long,nomotor_xlink,r0003,3.0,pulse_02,4.693331004901961,2.203318294575957,0.008905479806161706,0.008905479806161706,1.0,0.5209125475285171,0.049130789082395786,0.015559895833333334,0.0024372438145716657,1632.0,0.47549019607843135,0.07965686274509803,0.2696078431372549,0.9433814840354452
large_long,nomotor_xlink,r0003,3.05,pulse_03,4.9926152873563225,2.1746573282088617,0.0049719540229885935,-0.0049719540229885935,1.0,0.5701906412478336,0.06104849208791724,0.0166015625,0.004919489283274754,1740.0,0.5080459770114942,0.07701149425287356,0.2505747126436781,0.9410750826845584
large_long,nomotor_xlink,r0003,3.1,pulse_03,4.977699425287357,2.189415796058686,0.001345917776631289,0.001345917776631289,1.0,0.5736568457538995,0.02693165207897946,0.016796875,0.0010915035358602203,1740.0,0.5080459770114942,0.07586206896551725,0.2517241379310345,0.9411311731265621
large_long,nomotor_xlink,r0003,3.15,pulse_03,5.00069079401611,2.181206349424023,0.006621337615505911,0.006621337615505911,1.0,0.5714285714285714,0.035989776422214924,0.016384548611111112,0.004111623411305739,1738.0,0.5092165898617511,0.07488479262672812,0.2523041474654378,0.9408835259391819
large_long,nomotor_xlink,r0003,3.2,pulse_03,5.017427450980392,2.1647460555908515,0.003451303650140828,0.003451303650140828,1.0,0.5776614310645725,0.015307642606031978,0.016710069444444444,0.0027276118503596347,1734.0,0.5074971164936563,0.07381776239907727,0.24913494809688586,0.9398904110252219
large_long,nomotor_xlink,r0003,3.25,pulse_03,5.021398615916955,2.164840678321865,0.0075096252219578235,0.0075096252219578235,1.0,0.5818815331010453,0.09266884839134527,0.016362847222222223,0.0004869471281833497,1734.0,0.507514450867052,0.07398843930635837,0.24971098265895947,0.9399591640275001
large_long,nomotor_xlink,r0003,3.3,pulse_03,5.062485202312139,2.1676677383599516,0.0066724529027297015,0.0066724529027297015,1.0,0.5909090909090909,0.050336953320669474,0.01657986111111111,0.0013727827204334335,1730.0,0.5109826589595375,0.07283236994219651,0.24624277456647398,0.9391504955746496
large_long,nomotor_xlink,r0003,3.35,pulse_03,5.0614333333333335,2.173077374644466,0.002180732021158871,-0.002180732021158871,1.0,0.5929824561403508,0.037954419030015674,0.016493055555555556,0.0016292870114214726,1728.0,0.5104166666666666,0.07407407407407406,0.2476851851851852,0.9397303459126144
large_long,nomotor_xlink,r0003,3.4,pulse_03,5.049400810185186,2.157892016291423,0.00426257716049383,-0.00426257716049383,1.0,0.5923344947735192,0.05705959103985003,0.016558159722222222,0.0033715349013094067,1728.0,0.5104166666666666,0.07523148148148147,0.24884259259259262,0.9391821522414098
large_long,nomotor_xlink,r0003,3.45,pulse_03,5.0358578703703705,2.1528481652366094,0.004315489969135999,-0.004315489969135999,1.0,0.5922671353251318,0.07859226681989147,0.016276041666666668,0.0010805410849804946,1728.0,0.5115740740740741,0.07407407407407406,0.24768518518518517,0.9407437971768877
large_long,nomotor_xlink,r0003,3.5,pulse_03,5.02350787037037,2.1643752628013058,0.002205208333333412,-0.002205208333333412,1.0,0.5845070422535211,0.09502823727148202,0.016536458333333334,0.0004244044758046073,1728.0,0.5104166666666666,0.07407407407407406,0.24768518518518512,0.939616172273429
large_long,nomotor_xlink,r0003,3.55,pulse_03,5.02262662037037,2.155394592091437,0.0012924696543781995,0.0012924696543781995,1.0,0.5852372583479789,0.08520919556905635,0.016883680555555555,0.0006977935617615098,1728.0,0.5092592592592593,0.07407407407407406,0.24884259259259256,0.9405236059544794
large_long,nomotor_xlink,r0003,3.6,pulse_03,5.031262688296639,2.1601885014307367,0.0018678112437952403,0.0018678112437952403,1.0,0.5916230366492147,0.09195708244118696,0.016883680555555555,0.0020552299512239802,1726.0,0.5110081112398609,0.07415990730011587,0.24681344148319823,0.942162609542254
large_long,nomotor_xlink,r0003,3.65,pulse_03,5.033833487833141,2.143063212384093,0.0037241985322518842,-0.0037241985322518842,1.0,0.5915492957746479,0.05821930790447966,0.016493055555555556,0.0034869262447521088,1726.0,0.5086906141367322,0.07531865585168018,0.2479721900347624,0.9411816818375341
large_long,nomotor_xlink,r0003,3.7,pulse_03,5.008917497103128,2.139266943962224,0.005523310158362567,-0.005523310158362567,1.0,0.5915492957746479,0.09092132072115766,0.01623263888888889,0.0013015615645920093,1726.0,0.5086906141367323,0.07531865585168018,0.2502896871378911,0.9418137117747761
large_long,nomotor_xlink,r0003,3.75,pulse_03,5.000693626882966,2.135253842996541,0.0017919154073182675,0.0017919154073182675,1.0,0.5922671353251318,0.05341766785720677,0.016666666666666666,0.0012963265950653262,1726.0,0.5075493612078978,0.07781649245063879,0.248548199767712,0.941004894517267
large_long,nomotor_xlink,r0003,3.8,pulse_03,5.019668989547037,2.131488984391832,0.0003750652833460026,0.0003750652833460026,1.0,0.5964601769911504,0.07254812601949057,0.016818576388888888,0.0002925603674936994,1722.0,0.508139534883721,0.0755813953488372,0.2476744186046512,0.9430056547654114
large_long,nomotor_xlink,r0003,3.85,pulse_03,5.002944018583042,2.133498480791579,0.006585210994966821,-0.006585210994966821,1.0,0.5901060070671378,0.11281554983400102,0.01662326388888889,0.0009234628460504565,1722.0,0.5087108013937284,0.07549361207897794,0.24622531939605113,0.941805143767569
large_long,nomotor_xlink,r0003,3.9,pulse_03,4.9801577235772365,2.1259482073155294,0.006552168021679942,-0.006552168021679942,1.0,0.5815602836879432,0.08966130207761391,0.016536458333333334,0.0023781209970408224,1722.0,0.5069767441860465,0.07790697674418604,0.24767441860465117,0.9422180722484628
large_long,nomotor_xlink,r0003,3.95,pulse_03,4.963631010452962,2.119229754809334,0.0011179539295394687,-0.0011179539295394687,1.0,0.5886524822695035,0.09500378824437015,0.016644965277777778,0.0008820657918347704,1722.0,0.5052264808362369,0.08013937282229966,0.24622531939605113,0.9422699140168523
large_long,nomotor_xlink,r0003,4.0,pulse_03,4.97345,2.131240602066538,0.0032729965156791017,0.0032729965156791017,1.0,0.5907473309608541,0.07655252506693544,0.016493055555555556,0.004003615752401342,1720.0,0.5069767441860465,0.07790697674418605,0.2453488372093023,0.9439602647370955
large_long,nomotor_xlink,r0003,4.05,pulse_04,5.214570865279299,2.1784183334385054,0.0011183373045614193,0.0011183373045614193,1.0,0.6274509803921569,0.08897469444257557,0.017491319444444445,0.003713912117733494,1826.0,0.5312157721796276,0.07447973713033955,0.23110624315443595,0.9388249774127128
large_long,nomotor_xlink,r0003,4.1,pulse_04,5.217925877192983,2.189560069791706,0.0008927079638783771,0.0008927079638783771,1.0,0.6241830065359477,0.12936783959138806,0.01773003472222222,0.0020405837554211548,1824.0,0.5285087719298245,0.07346491228070176,0.22916666666666669,0.938905989696443
large_long,nomotor_xlink,r0003,4.15,pulse_04,5.219927113062569,2.1906618359710324,0.0008716110276605349,0.0008716110276605349,1.0,0.6176470588235294,0.09261622192767414,0.017361111111111112,0.0002652526516269127,1822.0,0.5290889132821078,0.07354555433589463,0.23271130625686057,0.940282441304934
large_long,nomotor_xlink,r0003,4.2,pulse_04,5.2231555433589465,2.1911515857014674,0.0014609220636661036,0.0014609220636661036,1.0,0.6117455138662317,0.04640953519803582,0.017144097222222224,5.87559076682768e-05,1822.0,0.5301866081229419,0.07574094401756312,0.2338090010976948,0.9371191678181555
large_long,nomotor_xlink,r0003,4.25,pulse_04,5.228692645444566,2.191014371417042,0.000510080497621542,-0.000510080497621542,1.0,0.6052202283849919,0.05647232985667099,0.017513020833333334,0.0011647517548040536,1822.0,0.5290889132821076,0.07464324917672886,0.2338090010976948,0.9387283799045388
large_long,nomotor_xlink,r0003,4.3,pulse_04,5.220095060373217,2.1981400962302917,0.0003181851445298219,0.0003181851445298219,1.0,0.6026058631921825,0.07581670761051816,0.017122395833333335,0.0011020705075529917,1822.0,0.5274725274725275,0.0769230769230769,0.2340659340659341,0.9383715367780968
large_long,nomotor_xlink,r0003,4.35,pulse_04,5.230601756311745,2.19762679446236,0.0019809514762586153,0.0019809514762586153,1.0,0.6170212765957447,0.04984541909328903,0.0173828125,0.000793069923909299,1822.0,0.5268935236004392,0.07464324917672888,0.2327113062568606,0.9390620965253634
large_long,nomotor_xlink,r0003,4.4,pulse_04,5.231980769230769,2.2028985157737475,0.003877050960382563,-0.003877050960382563,1.0,0.6303630363036303,0.05855613124846803,0.017317708333333334,0.0020792614757880745,1820.0,0.525330396475771,0.0737885462555066,0.23458149779735687,0.9376020469388656
large_long,nomotor_xlink,r0003,4.45,pulse_04,5.2073394505494495,2.2101023633170884,0.004757289377289364,-0.004757289377289364,1.0,0.6348684210526315,0.10921041193763933,0.017447916666666667,0.0002435668249253601,1820.0,0.5219780219780221,0.07472527472527472,0.23516483516483516,0.9397917795125015
large_long,nomotor_xlink,r0003,4.5,pulse_04,5.203437032967033,2.2014371148241954,0.0002611366796022215,0.0002611366796022215,1.0,0.6084828711256117,0.02045394439163397,0.01742621527777778,0.0011602093345735032,1820.0,0.5280528052805281,0.07590759075907591,0.2343234323432343,0.9380885434450891
large_long,nomotor_xlink,r0003,4.55,pulse_04,5.208906270627063,2.2031411073096474,0.0015181450251251505,-0.0015181450251251505,1.0,0.6124794745484401,0.06130241836492335,0.017491319444444445,0.0009610344038175622,1818.0,0.5225522552255226,0.0748074807480748,0.23212321232123206,0.9382482492872851
large_long,nomotor_xlink,r0003,4.6,pulse_04,5.194328162816282,2.2072033212471007,0.004278052805280523,-0.004278052805280523,1.0,0.6098360655737705,0.0375912552992442,0.017513020833333334,0.0023525119129295113,1818.0,0.5214521452145214,0.0748074807480748,0.23432343234323424,0.9389036569294589
large_long,nomotor_xlink,r0003,4.65,pulse_04,5.18323795379538,2.2172561787872245,0.0017248624862486277,-0.0017248624862486277,1.0,0.6098360655737705,0.07257799014751538,0.017361111111111112,0.0021834734260253916,1818.0,0.5159515951595159,0.07480748074807479,0.2343234323432343,0.937088891114902
large_long,nomotor_xlink,r0003,4.7,pulse_04,5.18397898789879,2.220304161803253,0.0006138980564722729,0.0006138980564722729,1.0,0.6351575456053068,0.06398553354344223,0.01740451388888889,0.0020215645297757914,1818.0,0.5154185022026432,0.07488986784140969,0.2356828193832599,0.939213126412549
large_long,nomotor_xlink,r0003,4.75,pulse_04,5.186921342134213,2.2293855659658792,0.0028577924459113704,-0.0028577924459113704,1.0,0.6363636363636364,0.08469482583314221,0.01723090277777778,0.0004049122850588264,1818.0,0.5154185022026432,0.07599118942731278,0.2323788546255507,0.9394903987807917
large_long,nomotor_xlink,r0003,4.8,pulse_04,5.166832233223322,2.2178746880929,0.00419875320865426,-0.00419875320865426,1.0,0.636963696369637,0.051389871499370056,0.017361111111111112,0.002275126130000397,1818.0,0.5137513751375138,0.0759075907590759,0.23322332233223317,0.9388846911802957
large_long,nomotor_xlink,r0003,4.85,pulse_04,5.161728822882288,2.215734809185877,0.0005545837917124707,-0.0005545837917124707,1.0,0.6357615894039735,0.07427166098838357,0.01740451388888889,0.0001286583603669437,1818.0,0.5093509350935095,0.07810781078107813,0.23322332233223325,0.9380659846480162
large_long,nomotor_xlink,r0003,4.9,pulse_04,5.163504730473047,2.2171027379306985,0.0006137330399706246,-0.0006137330399706246,1.0,0.6357615894039735,0.056012319884020896,0.017274305555555557,0.0023004718514225697,1818.0,0.506050605060506,0.07590759075907591,0.23432343234323433,0.938466881691088
large_long,nomotor_xlink,r0003,4.95,pulse_04,5.158046424642464,2.2295376402944123,0.0028068756875686183,-0.0028068756875686183,1.0,0.6381578947368421,0.033597099429539944,0.017122395833333335,0.002288982060610012,1818.0,0.5055187637969094,0.07836644591611479,0.2339955849889625,0.9399621766722118
large_long,nomotor_xlink,r0003,5.0,pulse_04,5.146663476347635,2.2308366302943585,0.0037943160982762216,-0.0037943160982762216,1.0,0.6351575456053068,0.041297078168142744,0.017252604166666668,0.000432996666648755,1818.0,0.506050605060506,0.07810781078107812,0.23322332233223322,0.9388923151390101
large_long,nomotor_xlink,r0003,5.05,pulse_05,5.413654658385093,2.1978020329608694,0.005056322852637389,0.005056322852637389,1.0,0.6621004566210046,0.04496054604904717,0.018511284722222222,0.00653907254365708,1932.0,0.5310559006211182,0.07349896480331262,0.21842650103519673,0.936553703181009
large_long,nomotor_xlink,r0003,5.1,pulse_05,5.4288236269430055,2.178184815329898,0.003138247782104475,0.003138247782104475,1.0,0.6610687022900763,0.04232130160685046,0.018619791666666666,0.003806533220816958,1930.0,0.5326424870466321,0.07357512953367876,0.21865284974093263,0.9351394737192983
large_long,nomotor_xlink,r0003,5.15,pulse_05,5.43248414507772,2.1749628336359677,0.004380986104243127,0.004380986104243127,1.0,0.6620583717357911,0.045770337952537064,0.018315972222222223,2.615886804872384e-06,1930.0,0.5295336787564766,0.07357512953367876,0.2196891191709845,0.9315242629975016
large_long,nomotor_xlink,r0003,5.2,pulse_05,5.455109543568464,2.1782005106507274,0.002389883150947014,0.002389883150947014,1.0,0.6651305683563749,0.06257526077554246,0.018489583333333334,0.0031709605861769408,1928.0,0.529595015576324,0.07061266874350987,0.22118380062305296,0.934709125129815
large_long,nomotor_xlink,r0003,5.25,pulse_05,5.446823443983402,2.155937070118906,0.0012141943291839041,-0.0012141943291839041,1.0,0.6476043276661515,0.04074783962712606,0.018272569444444445,0.006927770890993686,1928.0,0.5306334371754933,0.07165109034267912,0.22118380062305296,0.93276197586122
large_long,nomotor_xlink,r0003,5.3,pulse_05,5.447824377593361,2.1366338853047653,0.0010390041493775943,-0.0010390041493775943,1.0,0.6470588235294118,0.04996031488836202,0.018467881944444445,0.003258079148710754,1928.0,0.5295950155763239,0.07165109034267914,0.21910695742471442,0.9329356037460463
large_long,nomotor_xlink,r0003,5.35,pulse_05,5.440589419087137,2.1363885952266415,0.0016875172890732,-0.0016875172890732,1.0,0.6341085271317829,0.052727457472544675,0.01840277777777778,0.0023752937069022964,1928.0,0.5311203319502076,0.07365145228215768,0.22199170124481324,0.9342039750938729
large_long,nomotor_xlink,r0003,5.4,pulse_05,5.437699273858922,2.1223821230633515,0.0009374827109266034,-0.0009374827109266034,1.0,0.6205287713841369,0.02411894716109431,0.01794704861111111,0.0018468559879755524,1928.0,0.5300829875518673,0.07468879668049792,0.22095435684647305,0.9314823910228127
large_long,nomotor_xlink,r0003,5.45,pulse_05,5.434964522821577,2.125307459298788,0.00142007627659065,-0.00142007627659065,1.0,0.6180124223602484,0.06860237162581802,0.01818576388888889,0.0008735491133519494,1928.0,0.5280665280665282,0.07484407484407482,0.22037422037422033,0.9339080998362358
large_long,nomotor_xlink,r0003,5.5,pulse_05,5.429178816199378,2.127623417743463,0.0006652067363829653,0.0006652067363829653,1.0,0.6162246489859594,0.010594480279765598,0.018424479166666667,0.00011375436967001977,1926.0,0.5244029075804777,0.07372793354101767,0.22222222222222232,0.9347532964924422
large_long,nomotor_xlink,r0003,5.55,pulse_05,5.438955763239875,2.124624933080768,0.0008278123918309769,0.0008278123918309769,1.0,0.6310077519379845,0.05706249159983826,0.01840277777777778,0.0031875276933412966,1926.0,0.5285565939771546,0.07268951194184839,0.2180685358255452,0.9342940669231762
large_long,nomotor_xlink,r0003,5.6,pulse_05,5.434145690550364,2.1084982515834154,0.0021393013400069862,0.0021393013400069862,1.0,0.6486902927580893,0.03131879324962607,0.018315972222222223,0.006602418938812971,1926.0,0.5295950155763239,0.07061266874350988,0.21910695742471442,0.9352853180075669
large_long,nomotor_xlink,r0003,5.65,pulse_05,5.451791571279917,2.0850104194478902,0.0006711426671695738,-0.0006711426671695738,1.0,0.5800933125972006,0.0805626564550999,0.018446180555555556,0.006019629156763721,1922.0,0.5322916666666668,0.06979166666666667,0.221875,0.9341471093654656
large_long,nomotor_xlink,r0003,5.7,pulse_05,5.430118834547346,2.072380476642833,0.002918383628164989,-0.002918383628164989,1.0,0.5826893353941267,0.08093797648220356,0.018229166666666668,0.0026472183939135383,1922.0,0.534859521331946,0.07284079084287201,0.22164412070759626,0.9350669592708084
large_long,nomotor_xlink,r0003,5.75,pulse_05,5.434281269510927,2.069127109084409,0.00018779049601110506,0.00018779049601110506,1.0,0.5819032761310452,0.08985576367281822,0.01857638888888889,0.0018254345218603845,1922.0,0.5296566077003121,0.07180020811654528,0.21852237252861606,0.9330764655456342
large_long,nomotor_xlink,r0003,5.8,pulse_05,5.431245577523413,2.061427869511671,0.0029138917793966415,-0.0029138917793966415,1.0,0.5792778649921507,0.0844043518594055,0.0181640625,0.0018943253286494155,1922.0,0.5275754422476586,0.07075962539021853,0.2195629552549428,0.935028321969769
large_long,nomotor_xlink,r0003,5.85,pulse_05,5.416797918834547,2.0577611571125125,0.0024072320499478237,-0.0024072320499478237,1.0,0.5799373040752351,0.047831031176654465,0.018359375,0.0005392825644846925,1922.0,0.5244536940686786,0.07180020811654528,0.21852237252861606,0.9326787324688124
large_long,nomotor_xlink,r0003,5.9,pulse_05,5.416802185223726,2.0581921741247626,0.0004919528269164234,0.0004919528269164234,1.0,0.5799373040752351,0.04590779649530554,0.018272569444444445,0.0005635343276840418,1922.0,0.5244536940686786,0.07180020811654526,0.22060353798126955,0.9355549552195935
large_long,nomotor_xlink,r0003,5.95,pulse_05,5.4197496357960455,2.0611423630786168,0.0019355732960457672,0.0019355732960457672,1.0,0.576138147566719,0.058126608272285,0.01840277777777778,0.00032336021416086896,1922.0,0.5234131113423518,0.07075962539021852,0.22268470343392305,0.9347691134318552
large_long,nomotor_xlink,r0003,6.0,pulse_05,5.428415625,2.0562520128397974,0.0028886630679849645,0.0028886630679849645,1.0,0.5799373040752351,0.06609993604298584,0.0185546875,0.0016301167462731136,1920.0,0.5260416666666666,0.07083333333333333,0.2208333333333333,0.9339289184663429
large_long,nomotor_xlink,r0003,6.05,pulse_06,5.645296256157635,2.0924518807387784,0.00029661740558258504,-0.00029661740558258504,1.0,0.613933236574746,0.08466952503169752,0.019032118055555554,0.006872953490274725,2030.0,0.547783251231527,0.06699507389162562,0.20886699507389164,0.9320066389262825
large_long,nomotor_xlink,r0003,6.1,pulse_06,5.644406403940887,2.1130707412096026,0.0011605023432212924,0.0011605023432212924,1.0,0.6104651162790697,0.07606177191726599,0.019075520833333335,0.005423378454476306,2030.0,0.5527093596059114,0.06798029556650247,0.2088669950738916,0.9312890461596753
large_long,nomotor_xlink,r0003,6.15,pulse_06,5.6522592702169625,2.1249921514656362,0.0045412403688266005,0.0045412403688266005,1.0,0.6133720930232558,0.06276423878214675,0.019097222222222224,0.0010542220956364368,2028.0,0.5512820512820513,0.06706114398422089,0.2080867850098619,0.9305611071991485
large_long,nomotor_xlink,r0003,6.2,pulse_06,5.671653846153847,2.119396073783421,0.0015948553583169378,0.0015948553583169378,1.0,0.6145985401459854,0.08588782394462735,0.019596354166666666,0.0022267612873208,2028.0,0.5488647581441264,0.06712734452122408,0.21026653504442253,0.9312861171023866
large_long,nomotor_xlink,r0003,6.25,pulse_06,5.661828402366864,2.1116315837417114,0.004314513477975179,-0.004314513477975179,1.0,0.6134699853587116,0.07714856569073787,0.019270833333333334,0.0007788126022886624,2028.0,0.5474308300395259,0.06620553359683795,0.21047430830039526,0.9322774582468163
large_long,nomotor_xlink,r0003,6.3,pulse_06,5.6457667652859955,2.1147231981696892,0.005008842866535357,-0.005008842866535357,1.0,0.6064610866372981,0.06589269936230907,0.019118923611111113,0.0020294203762079763,2028.0,0.543928923988154,0.06614017769002961,0.21125370187561696,0.9320190812017729
large_long,nomotor_xlink,r0003,6.35,pulse_06,5.631775345167652,2.1238081059989593,0.002974363229672742,0.002974363229672742,1.0,0.595900439238653,0.07795438883603435,0.01935763888888889,0.0020133318509724476,2028.0,0.5409674234945705,0.06712734452122407,0.21125370187561696,0.9313679426629997
large_long,nomotor_xlink,r0003,6.4,pulse_06,5.663612944664032,2.1026432070638545,0.007652345208622495,0.007652345208622495,1.0,0.5982404692082112,0.07622313214960404,0.01937934027777778,0.002500491902611183,2024.0,0.5434782608695652,0.06620553359683794,0.21047430830039526,0.9310824421429433
large_long,nomotor_xlink,r0003,6.45,pulse_06,5.677689416419387,2.108805154583292,0.001144096118585125,-0.001144096118585125,1.0,0.6058823529411764,0.09398422246773955,0.019032118055555554,0.0019232013916060293,2022.0,0.5431119920713579,0.06442021803766106,0.21010901883052532,0.9313988073188759
large_long,nomotor_xlink,r0003,6.5,pulse_06,5.656748367952521,2.1141824154134907,0.005166468842730125,-0.005166468842730125,1.0,0.6011816838995568,0.03460806651124243,0.01935763888888889,0.0005462958173505505,2022.0,0.5415841584158418,0.06633663366336634,0.20990099009901,0.9308244416108058
large_long,nomotor_xlink,r0003,6.55,pulse_06,5.646690603363006,2.1120829294873955,0.0015368611935375753,-0.0015368611935375753,1.0,0.6082474226804123,0.05669364082585431,0.019097222222222224,0.0018541543923089598,2022.0,0.5430267062314542,0.06528189910979229,0.20969337289812068,0.9322992720586878
large_long,nomotor_xlink,r0003,6.6,pulse_06,5.647527200791296,2.103057489059637,0.001623282277782856,0.001623282277782856,1.0,0.6093979441997063,0.04286067736663512,0.019249131944444445,0.003794741946639757,2022.0,0.5440158259149357,0.06627101879327399,0.21068249258160235,0.9323173871424568
large_long,nomotor_xlink,r0003,6.65,pulse_06,5.656430297029703,2.089314477807557,0.0005869516832988827,0.0005869516832988827,1.0,0.6076134699853587,0.05591196493889045,0.019097222222222224,0.002007694446686026,2020.0,0.5455445544554458,0.06633663366336633,0.20990099009901,0.931589055647369
large_long,nomotor_xlink,r0003,6.7,pulse_06,5.651048910891089,2.091011322379521,0.0018117227788190249,-0.0018117227788190249,1.0,0.5982274741506647,0.03837155806730822,0.01890190972222222,0.0002665813824876591,2020.0,0.5407554671968192,0.0666003976143141,0.2107355864811133,0.9311837888077937
large_long,nomotor_xlink,r0003,6.75,pulse_06,5.645559960356789,2.087714989512631,8.04897781444917e-05,-8.04897781444917e-05,1.0,0.6076696165191741,0.044368099065220386,0.019140625,0.0015739524556623863,2018.0,0.541129831516353,0.06739345887016848,0.20812685827552038,0.9316276652766151
large_long,nomotor_xlink,r0003,6.8,pulse_06,5.650565972222222,2.0815676076455465,0.0012297947568210195,0.0012297947568210195,1.0,0.6100443131462334,0.054605747025052484,0.019140625,0.0018800442144223755,2016.0,0.5412115193644488,0.06653426017874878,0.20953326713008935,0.9321888967082366
large_long,nomotor_xlink,r0003,6.85,pulse_06,5.652938728897715,2.0764347242260968,0.002263515409065923,0.002263515409065923,1.0,0.6118518518518519,0.08191752210302855,0.019010416666666665,6.248426943485559e-05,2014.0,0.5402184707050648,0.06554121151936447,0.20953326713008943,0.9305474632367022
large_long,nomotor_xlink,r0003,6.9,pulse_06,5.664147064676618,2.0819425132621556,0.006492250362996869,0.006492250362996869,1.0,0.6131934032983508,0.07770403269739956,0.019032118055555554,0.0016596540218588955,2010.0,0.5353233830845772,0.06268656716417909,0.2099502487562189,0.9295916168594819
large_long,nomotor_xlink,r0003,6.95,pulse_06,5.6918922310756965,2.08639264835725,0.00687987606004518,0.00687987606004518,1.0,0.6227544910179641,0.009063358288656514,0.018967013888888887,0.003919117571110853,2008.0,0.5398406374501991,0.0647410358565737,0.2101593625498007,0.9314560735316127
large_long,nomotor_xlink,r0003,7.0,pulse_06,5.705426321036889,2.1054572186888207,0.004511363320397403,0.004511363320397403,1.0,0.6221889055472264,0.050499176780326414,0.019075520833333335,0.006354856777190203,2006.0,0.53938185443669,0.06380857427716849,0.2083748753738784,0.9278638393960634
large_long,nomotor_xlink,r0003,7.05,pulse_07,5.934312969924813,1.9553084593090633,0.0005416666666662925,0.0005416666666662925,1.0,0.6579310344827586,0.06186687382756097,0.019791666666666666,0.004123474262087701,2128.0,0.5648496240601505,0.05827067669172933,0.19548872180451124,0.9274666478463457
large_long,nomotor_xlink,r0003,7.1,pulse_07,5.935937969924812,1.9429380365228002,0.00013667090468416632,-0.00013667090468416632,1.0,0.6574585635359116,0.028648720779311257,0.020030381944444446,0.005146414210150311,2128.0,0.5649717514124293,0.05932203389830508,0.19303201506591336,0.926186027968937
large_long,nomotor_xlink,r0003,7.15,pulse_07,5.933492944496708,1.9244299740481614,0.00320610881625516,-0.00320610881625516,1.0,0.6559440559440559,0.03472257644555707,0.019748263888888888,0.0036368953042732835,2126.0,0.5587958607714018,0.05738476011288805,0.19379115710254,0.9264531645021455
large_long,nomotor_xlink,r0003,7.2,pulse_07,5.916701317027281,1.9211166646971605,0.003783976168077944,-0.003783976168077944,1.0,0.6564245810055865,0.03344547774518988,0.01990017361111111,0.0038543633303951643,2126.0,0.5578551269990594,0.058325493885230485,0.19567262464722487,0.9254227413134368
large_long,nomotor_xlink,r0003,7.25,pulse_07,5.91078908748824,1.9013037940657904,0.0008332549388521867,-0.0008332549388521867,1.0,0.6564245810055865,0.042078798831230696,0.019596354166666666,0.0027402145200732995,2126.0,0.5574387947269303,0.0583804143126177,0.1967984934086629,0.9259617276563147
large_long,nomotor_xlink,r0003,7.3,pulse_07,5.9117017873941675,1.9046753775767207,0.0008325337096266594,-0.0008325337096266594,1.0,0.6511954992967651,0.05237793145368299,0.020030381944444446,0.001729299412434382,2126.0,0.5546139359698682,0.05743879472693032,0.19397363465160072,0.9273723424933216
large_long,nomotor_xlink,r0003,7.35,pulse_07,5.90579388523048,1.8909279975911841,0.0017364090101389766,-0.0017364090101389766,1.0,0.6535211267605634,0.027641364660818946,0.019965277777777776,0.0006496209213195936,2126.0,0.556497175141243,0.05743879472693031,0.19491525423728812,0.925903801117063
large_long,nomotor_xlink,r0003,7.4,pulse_07,5.901283333333334,1.9007776520488031,0.0019905062954756283,-0.0019905062954756283,1.0,0.6521739130434783,0.05543732268094228,0.019943576388888887,0.0013979259158686992,2124.0,0.5546139359698682,0.05743879472693032,0.1958568738229755,0.9258892984783034
large_long,nomotor_xlink,r0003,7.45,pulse_07,5.893850847457626,1.8993155530863963,0.004759478970495963,-0.004759478970495963,1.0,0.6492220650636492,0.07086046390197398,0.020203993055555557,7.963313449388387e-05,2124.0,0.5523091423185672,0.05843543826578701,0.19604147031102734,0.9247245279865602
large_long,nomotor_xlink,r0003,7.5,pulse_07,5.872726459510358,1.9012554508557664,0.0007006129410509487,-0.0007006129410509487,1.0,0.6614950634696756,0.058573971428801525,0.019943576388888887,0.002932978856482545,2124.0,0.5518867924528302,0.059433962264150944,0.19811320754716985,0.9263218466939404
large_long,nomotor_xlink,r0003,7.55,pulse_07,5.889647169811321,1.881717679947501,0.004384174987267435,0.004384174987267435,1.0,0.6732954545454546,0.04561586931996869,0.020225694444444445,0.00601942764908799,2120.0,0.5528301886792454,0.057547169811320756,0.19716981132075476,0.9252923040686961
large_long,nomotor_xlink,r0003,7.6,pulse_07,5.8990315094339625,1.8651388849612385,0.0019403930817608976,-0.0019403930817608976,1.0,0.6789772727272727,0.05327953202007631,0.02016059027777778,0.0003534628080969308,2120.0,0.5505193578847968,0.05760151085930123,0.1964117091595845,0.9245630523075566
large_long,nomotor_xlink,r0003,7.65,pulse_07,5.878004811320755,1.8838384567960826,0.004265534591194904,-0.004265534591194904,1.0,0.6789772727272727,0.05211456287457847,0.019965277777777776,0.004970783151224974,2120.0,0.5528301886792452,0.05849056603773585,0.19716981132075476,0.9241917135148826
large_long,nomotor_xlink,r0003,7.7,pulse_07,5.873438301886793,1.8949635838685883,0.0002148245496821725,-0.0002148245496821725,1.0,0.6780626780626781,0.029523017860916077,0.019813368055555555,0.001546109461144381,2120.0,0.55,0.05849056603773585,0.19811320754716982,0.9253508237734962
large_long,nomotor_xlink,r0003,7.75,pulse_07,5.876715864022662,1.893115113562949,0.0037535816628286867,0.0037535816628286867,1.0,0.6780626780626781,0.030611144448302312,0.020052083333333335,0.0012662408906813916,2118.0,0.5495750708215297,0.056657223796033995,0.19735599622285172,0.9257594901666872
large_long,nomotor_xlink,r0003,7.8,pulse_07,5.895959791863765,1.8873661385245,0.0037433036468064174,0.0037433036468064174,1.0,0.6837606837606838,0.024446244846363156,0.019986979166666665,0.003786869880967103,2114.0,0.5506149479659413,0.05581835383159887,0.19394512771996214,0.9238338393099162
large_long,nomotor_xlink,r0003,7.85,pulse_07,5.899175685903501,1.8703938942771463,0.002462945443077865,-0.002462945443077865,1.0,0.6833095577746077,0.020022924352609998,0.01987847222222222,0.003257663790295906,2114.0,0.5496688741721855,0.056764427625354774,0.19489120151371803,0.925589162210579
large_long,nomotor_xlink,r0003,7.9,pulse_07,5.881182119205298,1.8678201557827245,0.0035993219804479892,-0.0035993219804479892,1.0,0.6870554765291608,0.022100924702635454,0.019791666666666666,0.0016128407609640922,2114.0,0.5506149479659415,0.05581835383159885,0.19489120151371808,0.9254842119343765
large_long,nomotor_xlink,r0003,7.95,pulse_07,5.877579754020813,1.8800709388429309,0.0005592557552822619,0.0005592557552822619,1.0,0.6866096866096866,0.010736111977847787,0.019965277777777776,0.0045723710722336275,2114.0,0.5482954545454544,0.055871212121212134,0.1960227272727273,0.9268866749258514
large_long,nomotor_xlink,r0003,8.0,pulse_07,5.884537653736992,1.8952543822161263,0.002319299905392924,0.002319299905392924,1.0,0.6903409090909091,0.032934465118191356,0.0201171875,0.005061147791065146,2114.0,0.5487228003784295,0.05581835383159885,0.19489120151371803,0.9260949252440845
large_long,nomotor_xlink,r0004,0.0,initial,0.5030513513513513,-2.3003045763134415,0.032187856001162474,0.032187856001162474,1.0,0.15862068965517243,0.0,0.004383680555555556,0.041956818081302284,444.0,0.27027027027027023,0.2342342342342342,0.4459459459459459,0.9147223772648373
large_long,nomotor_xlink,r0004,0.05,initial,0.5996149193548387,-2.1744341220695347,0.033118345311603736,0.033118345311603736,1.0,0.15384615384615385,0.018406049962966867,0.0047309027777777775,0.006517018757829988,496.0,0.25806451612903225,0.21774193548387094,0.4354838709677418,0.9200061694741903
large_long,nomotor_xlink,r0004,0.1,initial,0.7017614232209737,-2.2612024637664616,0.05715355863860033,0.05715355863860033,1.0,0.12280701754385964,0.07560594601988667,0.005208333333333333,0.013693106038098776,534.0,0.2734082397003745,0.2172284644194757,0.43820224719101136,0.9267023992701001
large_long,nomotor_xlink,r0004,0.15000000000000002,initial,0.9425362711864407,-2.092275485840942,0.11911072552942366,0.11911072552942366,1.0,0.07428571428571429,0.13229980440405759,0.0056640625,0.013523392478376786,590.0,0.28474576271186436,0.19661016949152543,0.4203389830508475,0.9334784207596357
large_long,nomotor_xlink,r0004,0.2,initial,1.4164257763975157,-2.180062108896201,0.14189602012406588,0.14189602012406588,1.0,0.16230366492146597,0.08480860693925198,0.006358506944444444,0.019512675770588423,644.0,0.31366459627329174,0.18944099378881982,0.39440993788819867,0.9397733614696078
large_long,nomotor_xlink,r0004,0.25,initial,1.793912391930836,-1.9751994312174115,0.13261484628564835,0.13261484628564835,1.0,0.22274881516587677,0.12285523448121259,0.006640625,0.03082330710864752,694.0,0.34293948126801166,0.18155619596541786,0.3717579250720461,0.9419549191502173
large_long,nomotor_xlink,r0004,0.30000000000000004,initial,2.2121148541114057,-1.9951222662443158,0.09475038193557794,0.09475038193557794,1.0,0.2532188841201717,0.04214965306479973,0.007269965277777778,0.006078916901181601,754.0,0.3607427055702918,0.17241379310344823,0.35543766578249325,0.9486273233558591
large_long,nomotor_xlink,r0004,0.35000000000000003,initial,2.3624146835443036,-2.011672932624501,0.06484740666770694,0.06484740666770694,1.0,0.2863070539419087,0.05014070681647556,0.007682291666666666,0.0008807670457791813,790.0,0.3518987341772152,0.15949367088607594,0.3468354430379747,0.945979190942543
large_long,nomotor_xlink,r0004,0.4,initial,2.6011992941176474,-2.000406868518991,0.0498819564123408,0.0498819564123408,1.0,0.2923076923076923,0.041895910925081235,0.008181423611111112,0.02978598565284507,850.0,0.36941176470588233,0.14823529411764708,0.3411764705882353,0.9523501488843027
large_long,nomotor_xlink,r0004,0.45,initial,2.6617064220183484,-1.8329570187074307,0.02419978357133501,0.02419978357133501,1.0,0.27547169811320754,0.12667788040511832,0.008463541666666666,5.79438526888687e-05,872.0,0.3646788990825688,0.14220183486238533,0.341743119266055,0.9559831140340139
large_long,nomotor_xlink,r0004,0.5,initial,2.7463979955456574,-2.000754531635124,0.046548858892200284,0.046548858892200284,1.0,0.2773722627737226,0.0693674783016321,0.008984375,0.0065090425690850955,898.0,0.36383928571428575,0.14285714285714285,0.34598214285714285,0.9524047612393914
large_long,nomotor_xlink,r0004,0.55,initial,2.94099957537155,-1.8720112741219412,0.0593278836992693,0.0593278836992693,1.0,0.31010452961672474,0.06842723025687351,0.00920138888888889,0.031950932958471547,942.0,0.3779193205944798,0.1316348195329087,0.33970276008492567,0.9541091356072128
large_long,nomotor_xlink,r0004,0.6000000000000001,initial,3.1023652977412732,-1.8090489338842948,0.03931814588877917,0.03931814588877917,1.0,0.3222591362126246,0.0976044961931734,0.009331597222222222,0.016126810150865294,974.0,0.38809034907597534,0.12525667351129363,0.3367556468172485,0.9513012793527164
large_long,nomotor_xlink,r0004,0.65,initial,3.176908450704225,-1.968772135027133,0.029786605627596014,0.029786605627596014,1.0,0.32679738562091504,0.07138084708673482,0.009678819444444445,0.01646860813289001,994.0,0.39314516129032245,0.12701612903225806,0.33467741935483875,0.9529378723825628
large_long,nomotor_xlink,r0004,0.7000000000000001,initial,3.2810849315068493,-1.9078605826816348,0.04882737942808372,0.04882737942808372,1.0,0.35625,0.07243268498581805,0.009874131944444444,0.017516274529787323,1022.0,0.40117416829745595,0.12328767123287672,0.3307240704500979,0.9494796320854889
large_long,nomotor_xlink,r0004,0.75,initial,3.4698727272727274,-1.863674487848409,0.04670044733665879,0.04670044733665879,1.0,0.37575757575757573,0.033523753955706025,0.010308159722222222,0.00791083955425457,1056.0,0.4128787878787879,0.12121212121212122,0.3200757575757576,0.9526605548810984
large_long,nomotor_xlink,r0004,0.8,initial,3.561287615526802,-1.8603955453561074,0.03175548144488364,0.03175548144488364,1.0,0.39233038348082594,0.08386374206384861,0.010394965277777777,0.0001707435358150322,1082.0,0.41589648798521256,0.1201478743068392,0.31792975970425147,0.9502746750382395
large_long,nomotor_xlink,r0004,0.8500000000000001,initial,3.6604056159420293,-1.8626500266335189,0.02367806880699878,0.02367806880699878,1.0,0.38904899135446686,0.10513435700465952,0.010720486111111111,0.007703505663586944,1104.0,0.42105263157894735,0.11796733212341197,0.3139745916515426,0.94784396816135
large_long,nomotor_xlink,r0004,0.9,initial,3.7033560283687947,-1.8141745113745857,0.04087240307037199,0.04087240307037199,1.0,0.38764044943820225,0.07569180990603647,0.010894097222222222,0.03194906753979917,1128.0,0.4255319148936171,0.11524822695035461,0.31382978723404265,0.9495859613523768
large_long,nomotor_xlink,r0004,0.9500000000000001,initial,3.905640034364261,-1.6709556213947239,0.04711523964123687,0.04711523964123687,1.0,0.4332425068119891,0.068353791468676,0.011480034722222223,0.039839776996043054,1164.0,0.4347079037800687,0.11168384879725084,0.30412371134020616,0.9513030726631352
large_long,nomotor_xlink,r0004,1.0,initial,3.986047466216216,-1.5751358493983274,0.02680247728398492,0.02680247728398492,1.0,0.43617021276595747,0.07362093195423183,0.011458333333333333,0.03193992399879882,1184.0,0.43654822335025373,0.1116751269035533,0.30118443316412863,0.9500865070445813
large_long,nomotor_xlink,r0004,1.05,pulse_01,4.568211278195489,-2.0428109897015037,0.012796540002701326,0.012796540002701326,1.0,0.4965986394557823,0.1037828006845062,0.012543402777777778,0.0049177491778792755,1330.0,0.49022556390977445,0.0962406015037594,0.27067669172932335,0.9433217058375605
large_long,nomotor_xlink,r0004,1.1,pulse_01,4.606600898203593,-2.0575642372351415,0.005882316553217433,0.005882316553217433,1.0,0.4864864864864865,0.04711177357780267,0.012912326388888888,0.035200764030087685,1336.0,0.48353293413173654,0.09580838323353294,0.26796407185628746,0.942682485103136
large_long,nomotor_xlink,r0004,1.15,pulse_01,4.603505177514793,-2.2540155738820298,0.010779913744984437,0.010779913744984437,1.0,0.5056179775280899,0.07359213099448358,0.012825520833333333,0.019532880034886846,1352.0,0.4822485207100592,0.09467455621301776,0.26775147928994086,0.9416184225141377
large_long,nomotor_xlink,r0004,1.2,pulse_01,4.671280380673499,-2.1747615174444626,0.021844047838224245,0.021844047838224245,1.0,0.49777777777777776,0.044199637264994304,0.012760416666666666,0.008914731149098317,1366.0,0.4794721407624631,0.093841642228739,0.26539589442815237,0.9413158807814668
large_long,nomotor_xlink,r0004,1.25,pulse_01,4.734569464544139,-2.20052718698744,0.018440907381772103,0.018440907381772103,1.0,0.5154185022026432,0.050835569411098236,0.013151041666666667,0.0013727173596283688,1382.0,0.4833574529667149,0.09117221418234442,0.26049204052098407,0.9404510539522966
large_long,nomotor_xlink,r0004,1.3,pulse_01,4.781925824964132,-2.1665252132866923,0.015419503657058057,0.015419503657058057,1.0,0.5250544662309368,0.06614767778713049,0.013302951388888888,0.020927015550779176,1394.0,0.48206599713055953,0.08895265423242468,0.25681492109038734,0.9391172171161214
large_long,nomotor_xlink,r0004,1.35,pulse_01,4.827086486486487,-2.074965093682765,0.010261237330169296,0.010261237330169296,1.0,0.527114967462039,0.008993142326507348,0.013368055555555555,0.01728699573409494,1406.0,0.48648648648648657,0.08819345661450925,0.25604551920341395,0.9390165892971374
large_long,nomotor_xlink,r0004,1.4,pulse_01,4.843493248945148,-2.0628032388821227,0.007157205955955852,0.007157205955955852,1.0,0.5331905781584583,0.04776383353715015,0.013454861111111112,0.012843829984907703,1422.0,0.4866385372714488,0.08720112517580872,0.2559774964838256,0.9386404631493316
large_long,nomotor_xlink,r0004,1.45,pulse_01,4.870029722222222,-1.9979021137733186,0.00030274757661175045,-0.00030274757661175045,1.0,0.5466101694915254,0.038730690870085904,0.013758680555555555,0.012789009892555714,1440.0,0.4846796657381616,0.08635097493036212,0.2590529247910863,0.940094270172926
large_long,nomotor_xlink,r0004,1.5,pulse_01,4.841676763485477,-1.9860691795267884,0.008958832304526728,0.008958832304526728,1.0,0.538135593220339,0.018335570452259923,0.013888888888888888,0.000529125798385488,1446.0,0.48547717842323646,0.08713692946058092,0.25726141078838183,0.9390538741987736
large_long,nomotor_xlink,r0004,1.55,pulse_01,4.923782716049383,-1.9947273589830057,0.016324660548413156,0.016324660548413156,1.0,0.5523012552301255,0.06834907143321789,0.013780381944444444,0.002993021285223126,1458.0,0.4910836762688615,0.08641975308641975,0.25651577503429357,0.9366765789359983
large_long,nomotor_xlink,r0004,1.6,pulse_01,4.939624726775956,-2.004027307238127,1.5391950215863186e-05,1.5391950215863186e-05,1.0,0.5564853556485355,0.03728828361859582,0.013975694444444445,0.0009480366633668099,1464.0,0.49043715846994534,0.08333333333333333,0.25546448087431695,0.9334209377278824
large_long,nomotor_xlink,r0004,1.65,pulse_01,4.923875067750678,-2.0004155789632065,0.006158036789023047,0.006158036789023047,1.0,0.5634095634095634,0.05435436142961421,0.013932291666666667,0.002029439375203057,1476.0,0.4870748299319728,0.08299319727891155,0.25986394557823134,0.9393948229799253
large_long,nomotor_xlink,r0004,1.7000000000000002,pulse_01,4.976572947510094,-1.9918506709869088,0.006683707947593949,0.006683707947593949,1.0,0.5573770491803278,0.019668684452760668,0.014388020833333333,0.0015177503174445366,1486.0,0.49191374663072773,0.08355795148247977,0.2560646900269542,0.937248012225383
large_long,nomotor_xlink,r0004,1.75,pulse_01,4.963977315436241,-2.0095220808678738,0.012837376036377949,0.012837376036377949,1.0,0.5623721881390593,0.03494242556245596,0.014171006944444444,0.009061317095904334,1490.0,0.49395973154362427,0.0832214765100671,0.2550335570469799,0.9383756136298965
large_long,nomotor_xlink,r0004,1.8,pulse_01,5.053597203728362,-1.9374827684114828,0.013425456292541327,0.013425456292541327,1.0,0.5564516129032258,0.03939316883627105,0.01423611111111111,0.014490040319594333,1502.0,0.5006657789613848,0.07989347536617844,0.255659121171771,0.9336994820963276
large_long,nomotor_xlink,r0004,1.85,pulse_01,5.044530053191489,-1.9225818389503078,0.002395580987801645,0.002395580987801645,1.0,0.5461847389558233,0.020333770518858024,0.0142578125,0.01189471991387018,1504.0,0.5,0.0797872340425532,0.2553191489361702,0.9357694869599501
large_long,nomotor_xlink,r0004,1.9,pulse_01,5.067970689655172,-1.8661144489282617,0.00698890647866716,0.00698890647866716,1.0,0.531062124248497,0.01879170637764555,0.014366319444444444,0.016949506597443393,1508.0,0.5,0.08222811671087532,0.25464190981432355,0.9352606786865533
large_long,nomotor_xlink,r0004,1.9500000000000002,pulse_01,5.086463492063492,-1.8208847993656474,0.006080335211182379,0.006080335211182379,1.0,0.5430861723446894,0.048612706003432135,0.014366319444444444,0.0007158573478703115,1512.0,0.49867724867724866,0.08333333333333333,0.2539682539682539,0.9359520364726376
large_long,nomotor_xlink,r0004,2.0,pulse_01,5.104452700922266,-1.8704095930154836,0.005996402952924622,0.005996402952924622,1.0,0.5387673956262425,0.06324058123731885,0.014214409722222222,0.0165082645499454,1518.0,0.5013192612137204,0.08311345646437994,0.2519788918205805,0.9324354123222159
large_long,nomotor_xlink,r0004,2.05,pulse_02,5.40744681372549,-1.7354726825623032,0.008404656862744867,-0.008404656862744867,1.0,0.5935251798561151,0.05457956057203238,0.015581597222222222,0.004365987290786781,1632.0,0.5306372549019608,0.0772058823529412,0.23529411764705893,0.9289612258433113
large_long,nomotor_xlink,r0004,2.1,pulse_02,5.382232843137255,-1.722374720689943,0.008713664215686201,-0.008713664215686201,1.0,0.5956678700361011,0.057209026168351614,0.015494791666666667,0.0031742783854300516,1632.0,0.5306372549019608,0.07720588235294118,0.2365196078431373,0.9327279992150854
large_long,nomotor_xlink,r0004,2.15,pulse_02,5.355164828431373,-1.716427012249723,0.0036583129084969044,-0.0036583129084969044,1.0,0.5877034358047016,0.06141885013713513,0.015299479166666666,0.00042940185664830377,1632.0,0.5282555282555282,0.07985257985257985,0.23832923832923827,0.9318434114979919
large_long,nomotor_xlink,r0004,2.2,pulse_02,5.360282965686274,-1.719798309550053,0.0014735906862745434,-0.0014735906862745434,1.0,0.5884476534296029,0.09271587047047022,0.015559895833333334,0.009906466589221083,1632.0,0.5294117647058825,0.07598039215686275,0.23774509803921573,0.9311307591596238
large_long,nomotor_xlink,r0004,2.25,pulse_02,5.346323284313725,-1.7758658117850494,0.0031813940765467543,-0.0031813940765467543,1.0,0.5848375451263538,0.06068725708960765,0.015559895833333334,0.0010592399964738004,1632.0,0.5300613496932516,0.07730061349693251,0.23926380368098163,0.9318180617566872
large_long,nomotor_xlink,r0004,2.3,pulse_02,5.341194601226993,-1.7134428695712103,0.0040802931227842025,0.0040802931227842025,1.0,0.5869565217391305,0.012093391782271645,0.015407986111111112,0.01949942557099682,1630.0,0.5282555282555281,0.07862407862407864,0.2383292383292383,0.9325020478733
large_long,nomotor_xlink,r0004,2.35,pulse_02,5.370805043050431,-1.6588692583590685,0.004434889943284522,0.004434889943284522,1.0,0.5934664246823956,0.03769222300661164,0.015364583333333333,0.0023900515521207977,1626.0,0.5307881773399015,0.0751231527093596,0.23399014778325125,0.9328437259189248
large_long,nomotor_xlink,r0004,2.4,pulse_02,5.3678039408867,-1.727783178883935,0.0035135047120176863,-0.0035135047120176863,1.0,0.5970961887477314,0.07162872648752586,0.015386284722222223,0.012692467049221704,1624.0,0.5258620689655172,0.07389162561576354,0.2339901477832512,0.9330971621739121
large_long,nomotor_xlink,r0004,2.45,pulse_02,5.3497240147783245,-1.7350240606543987,0.005039532019704603,-0.005039532019704603,1.0,0.5970961887477314,0.046897000050428135,0.015407986111111112,0.007093288818669071,1624.0,0.5277435265104808,0.0776818742293465,0.2342786683107275,0.9344099648890977
large_long,nomotor_xlink,r0004,2.5,pulse_02,5.337566748768473,-1.7703429117959495,0.005317959770114733,-0.005317959770114733,1.0,0.6072727272727273,0.033777669354816874,0.015125868055555556,0.007240580069421261,1624.0,0.5270935960591132,0.07758620689655171,0.23399014778325117,0.9347915647773706
large_long,nomotor_xlink,r0004,2.55,pulse_02,5.317816256157636,-1.7784675410709263,0.00351892446633828,-0.00351892446633828,1.0,0.6,0.04729496867768149,0.01521267361111111,0.0018877485419289686,1624.0,0.5216316440049443,0.07787391841779975,0.238566131025958,0.9367278414129516
large_long,nomotor_xlink,r0004,2.6,pulse_02,5.316453201970443,-1.7590164205443757,0.0006049082909666362,-0.0006049082909666362,1.0,0.6072727272727273,0.05755446143925509,0.015386284722222223,0.01739120586855647,1624.0,0.5221674876847292,0.07635467980295566,0.23522167487684728,0.9343134774987888
large_long,nomotor_xlink,r0004,2.65,pulse_02,5.314186806411836,-1.6741203058595875,0.0009433524870470222,0.0009433524870470222,1.0,0.5978062157221207,0.05596999009930597,0.015147569444444444,0.007061941757733632,1622.0,0.5192069392812887,0.07806691449814125,0.23543990086741012,0.9336231753651048
large_long,nomotor_xlink,r0004,2.7,pulse_02,5.322113316892725,-1.7166447699979739,0.0014121249486230465,-0.0014121249486230465,1.0,0.6021699819168174,0.058649619737448505,0.015190972222222222,0.008539858661498792,1622.0,0.5277435265104811,0.07644882860665844,0.23674475955610358,0.9342066064714037
large_long,nomotor_xlink,r0004,2.75,pulse_02,5.305714056720098,-1.7253594578285802,0.0018145704891079362,-0.0018145704891079362,1.0,0.6021897810218978,0.05549182308099331,0.015277777777777777,0.005892757745721548,1622.0,0.5265104808877928,0.0752157829839704,0.23551171393341552,0.9337564787739633
large_long,nomotor_xlink,r0004,2.8,pulse_02,5.311225893958078,-1.7520013164723032,0.00029852034525272114,-0.00029852034525272114,1.0,0.5911602209944752,0.08901628368628799,0.01521267361111111,0.0007423381406450602,1622.0,0.5160493827160493,0.07530864197530862,0.23950617283950618,0.9338880595936998
large_long,nomotor_xlink,r0004,2.85,pulse_02,5.303922934648582,-1.7298134866724506,0.0013760440547413804,-0.0013760440547413804,1.0,0.5948905109489051,0.08865719194146476,0.0154296875,0.002238836216662099,1622.0,0.5203452527743526,0.07521578298397041,0.23921085080147972,0.933279578804338
large_long,nomotor_xlink,r0004,2.9,pulse_02,5.302969629629629,-1.7385682991723306,0.002530159889989836,-0.002530159889989836,1.0,0.5955882352941176,0.0917897691947531,0.015364583333333333,0.0016475729163020574,1620.0,0.5185185185185185,0.0740740740740741,0.23827160493827154,0.9362227517886761
large_long,nomotor_xlink,r0004,2.95,pulse_02,5.288741975308643,-1.7199280491746383,0.002027386831275605,-0.002027386831275605,1.0,0.5874769797421732,0.09041873772720226,0.015147569444444444,0.003431534674666207,1620.0,0.517283950617284,0.0777777777777778,0.23827160493827165,0.9339081776646778
large_long,nomotor_xlink,r0004,3.0,pulse_02,5.290805308641976,-1.7591575072203278,0.0006877777777776947,0.0006877777777776947,1.0,0.5970695970695971,0.03774206336203384,0.015017361111111112,0.013076486015229852,1620.0,0.5173267326732673,0.07797029702970296,0.23762376237623767,0.9336883037458683
large_long,nomotor_xlink,r0004,3.05,pulse_03,5.545429873125721,-1.491840664735875,0.0016674740484428814,-0.0016674740484428814,1.0,0.6327212020033389,0.02190830134640355,0.016536458333333334,0.0018545558435557978,1734.0,0.5462962962962962,0.07175925925925924,0.22222222222222224,0.9310913572296159
large_long,nomotor_xlink,r0004,3.1,pulse_03,5.540427450980393,-1.4862769972052077,0.0023982314494427706,-0.0023982314494427706,1.0,0.6339434276206323,0.04556075220145545,0.01642795138888889,0.00412605580609086,1734.0,0.5432525951557093,0.07035755478662054,0.22029988465974623,0.928969341560579
large_long,nomotor_xlink,r0004,3.15,pulse_03,5.531040484429065,-1.46708432989933,0.00487958477508658,-0.00487958477508658,1.0,0.6287625418060201,0.0731786320064326,0.01623263888888889,0.006804343038522324,1734.0,0.5420991926182238,0.0715109573241061,0.2214532871972318,0.9294738650168867
large_long,nomotor_xlink,r0004,3.2,pulse_03,5.511149942329873,-1.4454509389740737,0.007524413687043226,-0.007524413687043226,1.0,0.627906976744186,0.10828807150863437,0.01642795138888889,0.0004896843339111667,1734.0,0.5444059976931949,0.0715109573241061,0.22260668973471742,0.9315714588115531
large_long,nomotor_xlink,r0004,3.25,pulse_03,5.4858940023068055,-1.464146223895863,0.006400692041522493,-0.006400692041522493,1.0,0.6285240464344942,0.07495805339973619,0.016059027777777776,0.002125956345247667,1734.0,0.5409457900807382,0.07497116493656286,0.22145328719723184,0.9342502342531632
large_long,nomotor_xlink,r0004,3.3,pulse_03,5.472745790080738,-1.4582066770455597,0.0020987120338332352,-0.0020987120338332352,1.0,0.6285240464344942,0.1086968737610662,0.016297743055555557,0.002207177728808296,1734.0,0.5455594002306805,0.07381776239907727,0.2214532871972318,0.9324192933554684
large_long,nomotor_xlink,r0004,3.35,pulse_03,5.473301730103806,-1.4773892902687127,0.0014023375269593963,0.0014023375269593963,1.0,0.6239600665557404,0.07032599387084096,0.016493055555555556,0.00947726106011145,1734.0,0.5432525951557093,0.07612456747404844,0.22145328719723184,0.9339825737234181
large_long,nomotor_xlink,r0004,3.4,pulse_03,5.481159815242495,-1.5150702434062284,0.0005792299537974444,0.0005792299537974444,1.0,0.627287853577371,0.07049863878825219,0.016276041666666668,0.009433888882776742,1732.0,0.5450346420323325,0.07390300230946883,0.2217090069284065,0.9343651935105567
large_long,nomotor_xlink,r0004,3.45,pulse_03,5.476777109826591,-1.5339926235653731,0.0030210289373327668,-0.0030210289373327668,1.0,0.6348408710217756,0.08686115054138131,0.016384548611111112,0.011051819611055058,1730.0,0.5445086705202311,0.07398843930635836,0.22080924855491327,0.9340345480148964
large_long,nomotor_xlink,r0004,3.5,pulse_03,5.463033641618498,-1.5813811610725588,0.003936416184971166,-0.003936416184971166,1.0,0.6321070234113713,0.08860055318149453,0.016167534722222224,0.01242197186106142,1730.0,0.546820809248555,0.07514450867052021,0.2219653179190751,0.9344927185188135
large_long,nomotor_xlink,r0004,3.55,pulse_03,5.453158612716764,-1.6085244547317417,0.004498150289017566,-0.004498150289017566,1.0,0.6260434056761269,0.0669029900751599,0.016471354166666667,0.015299427841870586,1730.0,0.5445086705202312,0.07630057803468206,0.22196531791907512,0.9348760096987779
large_long,nomotor_xlink,r0004,3.6,pulse_03,5.436044739884393,-1.6731777281237823,0.007346878612716878,-0.007346878612716878,1.0,0.62751677852349,0.06349259423270205,0.016145833333333335,0.008695621698936562,1730.0,0.5439814814814815,0.07754629629629628,0.22222222222222224,0.9350273961191012
large_long,nomotor_xlink,r0004,3.65,pulse_03,5.4090773410404624,-1.660698184925361,0.0010442042255250545,0.0010442042255250545,1.0,0.626890756302521,0.08169384389943157,0.016059027777777776,0.004135173219232476,1730.0,0.5434530706836617,0.07647740440324449,0.2224797219003476,0.9340633059604091
large_long,nomotor_xlink,r0004,3.7,pulse_03,5.442309965237543,-1.6483666888083874,0.0037107869219932255,0.0037107869219932255,1.0,0.6256323777403036,0.05466125732700826,0.01623263888888889,0.005966321313099339,1726.0,0.5406976744186048,0.0755813953488372,0.22209302325581395,0.9331713051512437
large_long,nomotor_xlink,r0004,3.75,pulse_03,5.431342062572422,-1.696496112803957,0.004885148706064009,-0.004885148706064009,1.0,0.6175972927241963,0.04196558355379768,0.016059027777777776,0.001316572450676808,1726.0,0.5434530706836617,0.07415990730011587,0.22132097334878337,0.9336309686051394
large_long,nomotor_xlink,r0004,3.8,pulse_03,5.412999073001159,-1.6562661235124483,0.0022007905778444283,0.0022007905778444283,1.0,0.6237288135593221,0.09824895029822928,0.016362847222222223,0.02348254099488282,1726.0,0.5394431554524359,0.0765661252900232,0.22157772621809743,0.9346243422888544
large_long,nomotor_xlink,r0004,3.85,pulse_03,5.444546806039488,-1.837391358773254,0.004891830845141776,0.004891830845141776,1.0,0.629881154499151,0.09858936463327353,0.016276041666666668,0.027558621714445897,1722.0,0.5435540069686412,0.07549361207897794,0.2206736353077817,0.9334181790744361
large_long,nomotor_xlink,r0004,3.9,pulse_03,5.44235005807201,-1.8216178537991237,8.700519496906978e-05,8.700519496906978e-05,1.0,0.6264855687606112,0.05072224851456075,0.016276041666666668,0.0027956119786471576,1722.0,0.5395348837209304,0.07441860465116279,0.22093023255813954,0.9333339210702996
large_long,nomotor_xlink,r0004,3.95,pulse_03,5.445068837209303,-1.820617686901371,0.0015089444865843404,-0.0015089444865843404,1.0,0.6317567567567568,0.065941385952416,0.016341145833333334,0.007188165048110336,1720.0,0.5406976744186048,0.07325581395348837,0.21976744186046515,0.9300595343138572
large_long,nomotor_xlink,r0004,4.0,pulse_03,5.433296391152504,-1.8647468440877857,0.0039241486855997225,-0.0039241486855997225,1.0,0.6474576271186441,0.0906729849429913,0.016015625,0.014709719062138213,1718.0,0.5401629802095459,0.07217694994179279,0.2176949941792782,0.9308342642764087
large_long,nomotor_xlink,r0004,4.05,pulse_04,5.703887868852458,-1.0966582387093788,0.003557887067395349,-0.003557887067395349,1.0,0.6744913928012519,0.09070275295820689,0.017122395833333335,0.03583310756935972,1830.0,0.5678336980306348,0.06673960612691464,0.20350109409190367,0.9266222692289743
large_long,nomotor_xlink,r0004,4.1,pulse_04,5.693214207650272,-0.9891589160012997,0.0029052276867028346,-0.0029052276867028346,1.0,0.6671850699844479,0.11705769693359405,0.016905381944444443,0.014782357496912738,1830.0,0.5617486338797815,0.06885245901639345,0.20546448087431696,0.9268100576757913
large_long,nomotor_xlink,r0004,4.15,pulse_04,5.686456502732241,-1.0079640937279024,0.0005695264116577133,0.0005695264116577133,1.0,0.6702954898911353,0.10878386303094689,0.017296006944444445,0.006708735169135838,1830.0,0.564551422319475,0.06783369803063458,0.2035010940919037,0.9267658244565743
large_long,nomotor_xlink,r0004,4.2,pulse_04,5.696631366120219,-1.0294113270161147,0.00017131147540997796,-0.00017131147540997796,1.0,0.6490683229813664,0.06849486824771862,0.017122395833333335,0.001157726661679644,1830.0,0.5639344262295081,0.06885245901639345,0.20437158469945355,0.9276658074835622
large_long,nomotor_xlink,r0004,4.25,pulse_04,5.6854286338797815,-1.0149104536979803,0.002138232792465574,-0.002138232792465574,1.0,0.6536661466458659,0.08592107170384901,0.0171875,0.012507406647986477,1830.0,0.5612691466083151,0.0700218818380744,0.2078774617067834,0.9271422311524111
large_long,nomotor_xlink,r0004,4.3,pulse_04,5.683801969365425,-1.1044557669040336,0.003804371146265565,-0.003804371146265565,1.0,0.6573208722741433,0.06421630683488336,0.017144097222222224,0.013528868598298271,1828.0,0.5623632385120351,0.07111597374179432,0.20678336980306344,0.9266667588006844
large_long,nomotor_xlink,r0004,4.35,pulse_04,5.662602407002188,-1.09608366528777,0.0033998905908093255,-0.0033998905908093255,1.0,0.6477987421383647,0.09286826472241429,0.017035590277777776,0.0022337625926905544,1828.0,0.5575027382256299,0.07119386637458928,0.20700985761226726,0.9270560273913969
large_long,nomotor_xlink,r0004,4.4,pulse_04,5.663402625820569,-1.0910531913478902,0.0008651896425967051,-0.0008651896425967051,1.0,0.6609642301710731,0.037193820671108546,0.017339409722222223,0.0038834554426579646,1828.0,0.5590809628008754,0.07111597374179432,0.2067833698030635,0.9259506421157047
large_long,nomotor_xlink,r0004,4.45,pulse_04,5.657411269146608,-1.1193843979437177,0.0008581145149523609,0.0008581145149523609,1.0,0.66875,0.09970383485791719,0.01720920138888889,0.010637262043169579,1828.0,0.5575027382256298,0.07119386637458928,0.20700985761226726,0.9262340661695898
large_long,nomotor_xlink,r0004,4.5,pulse_04,5.668551312910283,-1.0272296190888728,0.006160151746832228,0.006160151746832228,1.0,0.67601246105919,0.07330687543808305,0.0171875,0.00030862191254103316,1828.0,0.557017543859649,0.07017543859649124,0.20614035087719298,0.9276214135661601
large_long,nomotor_xlink,r0004,4.55,pulse_04,5.694372179627601,-1.1175326664684715,0.0026715683302138693,0.0026715683302138693,1.0,0.678125,0.08423544066900028,0.017122395833333335,0.011552387902671693,1826.0,0.56078860898138,0.07009857612267252,0.20481927710843376,0.92612702574691
large_long,nomotor_xlink,r0004,4.6,pulse_04,5.684580722891567,-1.096543946504903,0.0026388645491053353,-0.0026388645491053353,1.0,0.6797488226059655,0.10078424421849408,0.017100694444444446,2.3478048464586898e-05,1826.0,0.56078860898138,0.07009857612267253,0.203723986856517,0.9253527332187178
large_long,nomotor_xlink,r0004,4.65,pulse_04,5.678538992332969,-1.117673534759259,0.0043874771814532325,-0.0043874771814532325,1.0,0.6635514018691588,0.11284258055083525,0.017534722222222222,0.009114299835428477,1826.0,0.5585980284775466,0.07009857612267253,0.20481927710843376,0.9251099825700527
large_long,nomotor_xlink,r0004,4.7,pulse_04,5.658255859802847,-1.1512297455174738,0.0004680809562009891,0.0004680809562009891,1.0,0.6666666666666666,0.07497474077181554,0.017513020833333334,0.007031897380808005,1826.0,0.5575027382256298,0.06900328587075576,0.20481927710843376,0.9245669670164082
large_long,nomotor_xlink,r0004,4.75,pulse_04,5.681347478070175,-1.159864919044107,0.0025857923720401152,0.0025857923720401152,1.0,0.6546310832025117,0.10318893380150418,0.017686631944444444,0.0016816828042804932,1824.0,0.5581140350877194,0.06798245614035088,0.20285087719298245,0.9251041225967477
large_long,nomotor_xlink,r0004,4.8,pulse_04,5.673770614035088,-1.1613198423431568,4.37701203934715e-05,4.37701203934715e-05,1.0,0.6524486571879937,0.07293633730183423,0.017035590277777776,0.020134505657070905,1824.0,0.555921052631579,0.06688596491228069,0.20285087719298245,0.9241160835946964
large_long,nomotor_xlink,r0004,4.85,pulse_04,5.681610098792536,-1.0390578851016816,0.0029434375020061707,-0.0029434375020061707,1.0,0.665086887835703,0.04827427902316929,0.017165798611111113,0.024302969522624934,1822.0,0.5598243688254666,0.06586169045005488,0.20417124039517015,0.9239278902292677
large_long,nomotor_xlink,r0004,4.9,pulse_04,5.656109989023051,-1.0155020252074072,0.003169484083424804,-0.003169484083424804,1.0,0.6619273301737757,0.043328042052709494,0.01694878472222222,0.005806089096228891,1822.0,0.5587266739846324,0.0658616904500549,0.20307354555433593,0.9268211635006386
large_long,nomotor_xlink,r0004,4.95,pulse_04,5.662593194291987,-1.073894419679055,0.0024585071350164966,0.0024585071350164966,1.0,0.6571428571428571,0.07436355614119362,0.0171875,0.008905566976639837,1822.0,0.557628979143798,0.06915477497255765,0.20417124039517018,0.9237312492555192
large_long,nomotor_xlink,r0004,5.0,pulse_04,5.67086103183315,-1.0689354270672462,0.0027559458470542233,0.0027559458470542233,1.0,0.662992125984252,0.05808994946691449,0.017122395833333335,0.0016529975372695886,1822.0,0.557628979143798,0.06695938529088916,0.20307354555433593,0.9254210585636473
large_long,nomotor_xlink,r0004,5.05,pulse_05,5.917807987551867,-1.0592933048301585,0.006979495159059527,-0.006979495159059527,1.0,0.7021897810218978,0.05661455198758605,0.017816840277777777,0.007252819095703152,1928.0,0.5850622406639004,0.06224066390041494,0.19190871369294604,0.9193372984357302
large_long,nomotor_xlink,r0004,5.1,pulse_05,5.896869502074688,-1.037534847543049,0.0024396438450898414,-0.0024396438450898414,1.0,0.6918604651162791,0.06835901238400202,0.017903645833333332,0.003679641794585501,1928.0,0.5840248962655602,0.06224066390041494,0.19190871369294604,0.9201618847334084
large_long,nomotor_xlink,r0004,5.15,pulse_05,5.903170124481328,-1.0813711555976715,0.0033895424470114697,0.0033895424470114697,1.0,0.6938775510204082,0.03936205044615553,0.01796875,0.014090786339221117,1928.0,0.5840248962655603,0.06431535269709543,0.1929460580912863,0.9201347131620865
large_long,nomotor_xlink,r0004,5.2,pulse_05,5.917206756756757,-1.1220795655783757,0.005399238705071863,0.005399238705071863,1.0,0.6834319526627219,0.03895114456516692,0.017708333333333333,0.015996462097885467,1924.0,0.582726326742976,0.06347554630593133,0.19042663891779402,0.9179921934031049
large_long,nomotor_xlink,r0004,5.25,pulse_05,5.935565556711759,-0.9853923830103587,0.0025328142137975482,0.0025328142137975482,1.0,0.687964338781575,0.03113870329084383,0.017860243055555555,0.019381736365510844,1922.0,0.5837669094693028,0.062434963579604576,0.19042663891779396,0.9194808285507753
large_long,nomotor_xlink,r0004,5.3,pulse_05,5.932403642039542,-1.0057891473853107,0.001966886381373545,0.001966886381373545,1.0,0.6893491124260355,0.028588103228017064,0.01775173611111111,0.002579243430130181,1922.0,0.5827263267429761,0.062434963579604576,0.19354838709677422,0.9210482220655926
large_long,nomotor_xlink,r0004,5.35,pulse_05,5.947366875,-1.0008678435911398,0.0009492875621458138,-0.0009492875621458138,1.0,0.6888888888888889,0.00880973703015775,0.017990451388888887,0.007521950624810573,1920.0,0.5854166666666667,0.06250000000000001,0.1947916666666667,0.9213650856139664
large_long,nomotor_xlink,r0004,5.4,pulse_05,5.926707916666667,-1.050920851134174,0.007985677083333234,-0.007985677083333234,1.0,0.6957163958641064,0.04566010335573231,0.01775173611111111,0.020440510246494886,1920.0,0.5854166666666665,0.06145833333333334,0.19583333333333333,0.9214037045081253
large_long,nomotor_xlink,r0004,5.45,pulse_05,5.899452812500001,-1.123510905070109,0.006126892361111302,-0.006126892361111302,1.0,0.6973293768545994,0.04236067424590114,0.01792534722222222,0.00926025005599044,1920.0,0.5833333333333335,0.062499999999999986,0.19479166666666667,0.923417684255025
large_long,nomotor_xlink,r0004,5.5,pulse_05,5.8899465625,-1.1064823514701168,0.0026711111111111427,-0.0026711111111111427,1.0,0.6973293768545994,0.04551626774393293,0.017838541666666666,0.0002796093063072158,1920.0,0.5818561001042751,0.06256517205422316,0.19708029197080293,0.9219097208376866
large_long,nomotor_xlink,r0004,5.55,pulse_05,5.883426145833334,-1.1251885609079524,0.004394861111111019,-0.004394861111111019,1.0,0.6982248520710059,0.04826766944231553,0.017990451388888887,0.005576073110123721,1920.0,0.58125,0.0625,0.19583333333333333,0.9216307834082978
large_long,nomotor_xlink,r0004,5.6,pulse_05,5.8635773958333335,-1.139938790130859,0.006427586805555663,-0.006427586805555663,1.0,0.6909361069836553,0.032256274711981434,0.018012152777777776,0.0020364946460087094,1920.0,0.5791666666666666,0.062499999999999986,0.1989583333333333,0.9233336000763972
large_long,nomotor_xlink,r0004,5.65,pulse_05,5.844860625,-1.1129695930319001,0.004453566667390903,-0.004453566667390903,1.0,0.6943620178041543,0.06426976914937921,0.01775173611111111,0.011180865610989113,1920.0,0.5760416666666666,0.0625,0.19791666666666669,0.9248410716586895
large_long,nomotor_xlink,r0004,5.7,pulse_05,5.836855995828988,-1.0728535964649244,0.0010341222410497803,-0.0010341222410497803,1.0,0.6977777777777778,0.046970219401359196,0.018077256944444446,0.008069838127028403,1918.0,0.5776850886339937,0.06256517205422314,0.1970802919708029,0.9257974370573325
large_long,nomotor_xlink,r0004,5.75,pulse_05,5.838655891553701,-1.0645505642697297,0.003430587417448727,-0.003430587417448727,1.0,0.6973293768545994,0.05309470257546511,0.01796875,0.009551554723469654,1918.0,0.575599582898853,0.06256517205422314,0.19708029197080287,0.9254535468492789
large_long,nomotor_xlink,r0004,5.8,pulse_05,5.816272471324296,-1.0155442681241065,0.004806412930135433,-0.004806412930135433,1.0,0.6934523809523809,0.04485045449038858,0.018337673611111112,0.012498046226064152,1918.0,0.573514077163712,0.06360792492179353,0.19812304483837326,0.9245654796037662
large_long,nomotor_xlink,r0004,5.85,pulse_05,5.809817413972889,-0.9895622869133448,0.0009477059436913867,-0.0009477059436913867,1.0,0.6876876876876877,0.05767862893823167,0.01796875,0.013866762581166037,1918.0,0.5668058455114823,0.06263048016701461,0.19728601252609607,0.9251141064978045
large_long,nomotor_xlink,r0004,5.9,pulse_05,5.810586235662147,-1.0987448436111027,0.002268630517900642,-0.002268630517900642,1.0,0.6902255639097744,0.05483635930118644,0.018012152777777776,0.01749095525813943,1918.0,0.5657620041753655,0.06263048016701461,0.1962421711899791,0.9244704670366438
large_long,nomotor_xlink,r0004,5.95,pulse_05,5.796205630865485,-1.0945080184621814,0.005204831421619686,-0.005204831421619686,1.0,0.6897590361445783,0.09060466572452447,0.017686631944444444,0.010675027523672146,1918.0,0.5636743215031317,0.06263048016701463,0.198329853862213,0.9218118374344794
large_long,nomotor_xlink,r0004,6.0,pulse_05,5.779357247132429,-1.1627950087531356,0.005616127911018509,-0.005616127911018509,1.0,0.6932330827067669,0.06344124924144309,0.018272569444444445,0.022762330096984734,1918.0,0.5626304801670146,0.06471816283924844,0.19832985386221297,0.9248197989057085
large_long,nomotor_xlink,r0004,6.05,pulse_06,6.0105538461538455,-1.516673255450851,0.0013149572649574874,0.0013149572649574874,1.0,0.7170596393897365,0.09930963305527264,0.019032118055555554,0.0017948016156802786,2028.0,0.5848126232741618,0.06114398422090731,0.18639053254437873,0.9231158496108923
large_long,nomotor_xlink,r0004,6.1,pulse_06,6.014498717948718,-1.5112888506038102,0.000310670260966391,0.000310670260966391,1.0,0.7178423236514523,0.06237540505030372,0.01875,0.004501230362328708,2028.0,0.5857988165680474,0.062130177514792904,0.18639053254437868,0.9223077760341302
large_long,nomotor_xlink,r0004,6.15,pulse_06,6.012417867719644,-1.4896658732768788,0.001068643373534665,-0.001068643373534665,1.0,0.7186629526462396,0.08358360122141278,0.018793402777777777,0.0057227926693296976,2026.0,0.5853899308983219,0.06120434353405726,0.18854886475814414,0.9225898766724718
large_long,nomotor_xlink,r0004,6.2,pulse_06,6.00808685770751,-1.476952094587832,0.0005942901853874064,-0.0005942901853874064,1.0,0.7178770949720671,0.05419883964406311,0.01857638888888889,0.0011948886448421847,2024.0,0.5810276679841897,0.06126482213438735,0.1857707509881423,0.9216598470692826
large_long,nomotor_xlink,r0004,6.25,pulse_06,6.008852126607319,-1.4824965414078257,0.0002714947012375883,0.0002714947012375883,1.0,0.7170868347338936,0.07509061441795573,0.019140625,0.006892704773809062,2022.0,0.5811881188118814,0.05940594059405942,0.18613861386138622,0.9217749795965852
large_long,nomotor_xlink,r0004,6.3,pulse_06,6.0097158259149355,-1.4355958659449777,0.0021508242664028585,0.0021508242664028585,1.0,0.7170868347338936,0.05813368845322738,0.018815104166666666,0.0036037824813192065,2022.0,0.5816023738872405,0.060336300692383785,0.1879327398615233,0.9215133133110736
large_long,nomotor_xlink,r0004,6.35,pulse_06,6.0217570722057365,-1.4608738465199105,0.0005809264754367641,-0.0005809264754367641,1.0,0.7134831460674157,0.07200100184737075,0.01870659722222222,0.007053178038877395,2022.0,0.5807730426164518,0.06045589692765115,0.19028741328047574,0.9217783326521112
large_long,nomotor_xlink,r0004,6.4,pulse_06,6.006230267062315,-1.477914934178242,0.0018965252356095696,-0.0018965252356095696,1.0,0.7142857142857143,0.06043788064482454,0.018771701388888888,0.001043178495557721,2022.0,0.5806132542037586,0.05934718100890207,0.19188921859545008,0.9214743007658759
large_long,nomotor_xlink,r0004,6.45,pulse_06,6.010377920792079,-1.4546147755465642,0.006343748479032148,0.006343748479032148,1.0,0.7219101123595506,0.04259607810723692,0.018836805555555555,0.009356253132306702,2020.0,0.5811881188118813,0.057425742574257435,0.1920792079207921,0.9216767683926617
large_long,nomotor_xlink,r0004,6.5,pulse_06,6.044292757936508,-1.4217774153844018,0.0034206441537010988,0.0034206441537010988,1.0,0.7183098591549296,0.052774852572114374,0.0185546875,0.003596166469708136,2016.0,0.5795228628230618,0.05666003976143141,0.1918489065606362,0.9197675071764603
large_long,nomotor_xlink,r0004,6.55,pulse_06,6.030901785714286,-1.4330377767283153,0.0058699570105820165,-0.0058699570105820165,1.0,0.7070422535211267,0.08237708818553524,0.018641493055555555,0.0059084316519752616,2016.0,0.5783730158730158,0.05753968253968254,0.19345238095238093,0.9184124820220652
large_long,nomotor_xlink,r0004,6.6,pulse_06,6.009073015873016,-1.4572280052962534,0.0014206551165649728,-0.0014206551165649728,1.0,0.7070422535211267,0.06677903741529188,0.01890190972222222,0.00020373208588368255,2016.0,0.5773809523809523,0.05753968253968254,0.19146825396825398,0.9213037552747082
large_long,nomotor_xlink,r0004,6.65,pulse_06,6.022377855014896,-1.4342601692436174,0.0011895023197407244,0.0011895023197407244,1.0,0.7106382978723405,0.09866769858002084,0.018771701388888888,0.012478771447473669,2014.0,0.5739821251241313,0.05660377358490567,0.1926514399205561,0.9191419955772692
large_long,nomotor_xlink,r0004,6.7,pulse_06,6.01621002979146,-1.3823553766114114,0.001956504468719089,-0.001956504468719089,1.0,0.7163120567375887,0.09525372771588875,0.018511284722222222,0.012309009552156155,2014.0,0.573982125124131,0.05660377358490566,0.19364448857994038,0.9195507503012993
large_long,nomotor_xlink,r0004,6.75,pulse_06,6.010638828202581,-1.3604061119306805,0.003102291883844662,0.003102291883844662,1.0,0.7094017094017094,0.06838995947144348,0.018880208333333332,0.01040466509363284,2014.0,0.5755467196819086,0.05666003976143141,0.19383697813121276,0.9199305563368891
large_long,nomotor_xlink,r0004,6.8,pulse_06,6.034823781094528,-1.3199273860496143,0.005512934343394467,0.005512934343394467,1.0,0.7035971223021583,0.07444366039775537,0.018663194444444444,0.016395822606643556,2010.0,0.5747011952191236,0.05478087649402389,0.19123505976095612,0.9204168670277943
large_long,nomotor_xlink,r0004,6.85,pulse_06,6.043716434262948,-1.2620311762908192,0.0027416452666805626,0.0027416452666805626,1.0,0.7122302158273381,0.07641731900248068,0.018967013888888887,0.016065887286433805,2008.0,0.5756972111553784,0.05378486055776892,0.19123505976095612,0.9206782837251357
large_long,nomotor_xlink,r0004,6.9,pulse_06,6.051273652694611,-1.2235320623310115,0.0012871868149491779,-0.0012871868149491779,1.0,0.7023121387283237,0.09207366522943355,0.018815104166666666,0.015688512672362005,2004.0,0.5788423153692615,0.05189620758483034,0.187624750499002,0.9187820544913963
large_long,nomotor_xlink,r0004,6.95,pulse_06,6.035993313373253,-1.1679001002566471,0.0027993296125032132,0.0027993296125032132,1.0,0.6927536231884058,0.08741017894323251,0.018641493055555555,0.00562840527977293,2004.0,0.5764235764235766,0.05194805194805195,0.18881118881118883,0.9184612939216068
large_long,nomotor_xlink,r0004,7.0,pulse_06,6.068069630369631,-1.189761630652374,0.010692105665459195,0.010692105665459195,1.0,0.6931982633863966,0.05416801932635668,0.019053819444444446,0.007287176798575601,2002.0,0.5754245754245755,0.05094905094905096,0.18481518481518483,0.9194413725336855
large_long,nomotor_xlink,r0004,7.05,pulse_07,6.286928033866416,-1.278808537884419,0.004645049602594635,0.004645049602594635,1.0,0.7272727272727273,0.07542572506554357,0.020095486111111113,0.022803360459704953,2126.0,0.5983066792097835,0.04797742238946378,0.17685794920037634,0.9135484960997396
large_long,nomotor_xlink,r0004,7.1,pulse_07,6.3008631826742,-1.3472186192635338,0.0012179020662482405,-0.0012179020662482405,1.0,0.7242302543507363,0.06290363896542388,0.019856770833333332,0.004050215127463656,2124.0,0.5994344957587182,0.0471253534401508,0.17530631479736095,0.9154213245588384
large_long,nomotor_xlink,r0004,7.15,pulse_07,6.2796206214689265,-1.254507247119637,0.00016246440796408024,-0.00016246440796408024,1.0,0.7188755020080321,0.08482106542743982,0.019791666666666666,0.017702197858451802,2124.0,0.5998116760828623,0.04802259887005649,0.17702448210922783,0.9154015658993043
large_long,nomotor_xlink,r0004,7.2,pulse_07,6.299888396226415,-1.241005432112823,0.005062820564118257,0.005062820564118257,1.0,0.7227456258411844,0.08527542308802061,0.019769965277777777,0.02241691321681945,2120.0,0.6005665722379603,0.04627006610009443,0.17563739376770537,0.9152767866911973
large_long,nomotor_xlink,r0004,7.25,pulse_07,6.309997544853636,-1.3890087264205537,0.002418663700517095,0.002418663700517095,1.0,0.6861702127659575,0.08246983916869619,0.019813368055555555,0.027334086062809848,2118.0,0.6005665722379602,0.04627006610009443,0.1737488196411709,0.9141316663227154
large_long,nomotor_xlink,r0004,7.3,pulse_07,6.314400378429518,-1.405009948489682,0.0026142665142930475,0.0026142665142930475,1.0,0.6951871657754011,0.09850548106891029,0.019856770833333332,0.006366430204370184,2114.0,0.5998107852412489,0.04541154210028382,0.1731315042573321,0.9145409029933499
large_long,nomotor_xlink,r0004,7.35,pulse_07,6.325683143939394,-1.3508101451943326,0.0020083491758885095,0.0020083491758885095,1.0,0.6853333333333333,0.0971381514830551,0.0197265625,0.02368753683813311,2112.0,0.600378787878788,0.04450757575757576,0.17140151515151514,0.9122704707755321
large_long,nomotor_xlink,r0004,7.4,pulse_07,6.326450473484849,-1.2628847274608834,0.002449084595959642,-0.002449084595959642,1.0,0.6840696117804551,0.07824188074007107,0.020052083333333335,0.0060781195262464465,2112.0,0.5984848484848485,0.04450757575757576,0.17329545454545453,0.9133853168062136
large_long,nomotor_xlink,r0004,7.45,pulse_07,6.3109886363636365,-1.314341428036854,0.0042821180555554506,-0.0042821180555554506,1.0,0.6867469879518072,0.11159781043588633,0.019596354166666666,0.0014990240686275265,2112.0,0.5965909090909088,0.04545454545454545,0.17329545454545453,0.9148539932924877
large_long,nomotor_xlink,r0004,7.5,pulse_07,6.300757765151516,-1.2718788718726486,0.0034971590909091965,-0.0034971590909091965,1.0,0.6809651474530831,0.09296812101492549,0.019466145833333334,0.008934630206207808,2112.0,0.5946969696969698,0.04450757575757576,0.17329545454545459,0.9133013992148195
large_long,nomotor_xlink,r0004,7.55,pulse_07,6.290005681818181,-1.260733646799607,0.002180050505050731,-0.002180050505050731,1.0,0.6832214765100671,0.1348715202796966,0.020095486111111113,0.007106417635998989,2112.0,0.5946969696969697,0.04450757575757576,0.17424242424242425,0.9153267534612018
large_long,nomotor_xlink,r0004,7.6,pulse_07,6.287677462121212,-1.3145173776886425,0.0010480587121211766,-0.0010480587121211766,1.0,0.6805369127516778,0.13930902844390317,0.019748263888888888,0.0065990452983315144,2112.0,0.5929791271347248,0.04554079696394687,0.17362428842504746,0.9168015694780355
large_long,nomotor_xlink,r0004,7.65,pulse_07,6.283717329545454,-1.3003279185895962,0.0047823232323231935,-0.0047823232323231935,1.0,0.6832214765100671,0.11000737125995275,0.01970486111111111,0.003686618050356305,2112.0,0.5937500000000001,0.043560606060606064,0.17140151515151514,0.9153323869650597
large_long,nomotor_xlink,r0004,7.7,pulse_07,6.258983522727273,-1.3366370859907803,0.0044880208333332545,-0.0044880208333332545,1.0,0.6832214765100671,0.10296353601006299,0.019596354166666666,0.007758840692445997,2112.0,0.5933649289099525,0.04454976303317536,0.1734597156398104,0.9155228086489021
large_long,nomotor_xlink,r0004,7.75,pulse_07,6.256789204545455,-1.3468809627442722,0.0009985953282828734,-0.0009985953282828734,1.0,0.6885906040268457,0.07084698566511971,0.019574652777777778,0.009939778799274915,2112.0,0.5933649289099525,0.04549763033175355,0.1744075829383886,0.9171339252559442
large_long,nomotor_xlink,r0004,7.8,pulse_07,6.2529919507575755,-1.2769984131951309,0.0009184501262627561,-0.0009184501262627561,1.0,0.6873315363881402,0.0684689602535759,0.019596354166666666,0.006113158469199058,2112.0,0.590909090909091,0.045454545454545456,0.17424242424242425,0.9151685354393458
large_long,nomotor_xlink,r0004,7.85,pulse_07,6.251278503787878,-1.3102020119290778,0.003546417297979628,-0.003546417297979628,1.0,0.6873315363881402,0.08659761933108161,0.019422743055555556,0.010575257519460387,2112.0,0.5886255924170618,0.04549763033175355,0.17725118483412322,0.9164598368549287
large_long,nomotor_xlink,r0004,7.9,pulse_07,6.231713446969698,-1.3404499583118932,0.004829577020201962,-0.004829577020201962,1.0,0.6860622462787551,0.08829028837897025,0.019574652777777778,0.0024348212912456515,2112.0,0.5861742424242424,0.045454545454545456,0.17803030303030307,0.9159977800220834
large_long,nomotor_xlink,r0004,7.95,pulse_07,6.222301041666666,-1.3248109396765517,0.0046696338383839615,-0.0046696338383839615,1.0,0.6891891891891891,0.08341100308117223,0.019856770833333332,0.009049649590300893,2112.0,0.5861742424242424,0.04640151515151515,0.17803030303030304,0.9149044104332644
large_long,nomotor_xlink,r0004,8.0,pulse_07,6.203695643939394,-1.2861520607700878,0.006201799242424144,-0.006201799242424144,1.0,0.6860622462787551,0.10856049455410507,0.019791666666666666,0.012886292968821303,2112.0,0.5842803030303031,0.045454545454545456,0.17992424242424243,0.9178556496897786
large_long,nomotor_xlink,r0005,0.0,initial,-0.744974660633484,0.42959073505210954,0.05629168849726122,0.05629168849726122,1.0,-0.15328467153284672,0.0,0.004405381944444444,0.0684407617629879,442.0,0.21719457013574658,0.3076923076923077,0.5656108597285068,0.9343634445531712
large_long,nomotor_xlink,r0005,0.05,initial,-0.5760995951417004,0.6349130203410732,0.08894307236973163,0.08894307236973163,1.0,-0.11392405063291139,0.15975222187683516,0.004709201388888889,0.01621499236745433,494.0,0.2267206477732794,0.29554655870445345,0.5627530364372472,0.936059436393059
large_long,nomotor_xlink,r0005,0.1,initial,-0.2113162264150943,0.5268806892568355,0.09156346387675203,0.09156346387675203,1.0,-0.041916167664670656,0.07927689208274431,0.005230034722222222,0.021338958314378542,530.0,0.2339622641509434,0.2792452830188679,0.5433962264150944,0.9400972074628406
large_long,nomotor_xlink,r0005,0.15000000000000002,initial,-0.026718811881188204,0.506879270454802,0.06759258170312922,0.06759258170312922,1.0,-0.07954545454545454,0.041941898287268874,0.005989583333333334,0.009846073761426452,606.0,0.23102310231023102,0.24092409240924093,0.5379537953795379,0.9524152471522701
large_long,nomotor_xlink,r0005,0.2,initial,0.19423926380368103,0.4678042466882768,0.06005497147172348,0.06005497147172348,1.0,-0.06521739130434782,0.09354622264610758,0.006423611111111111,0.02798378410067855,652.0,0.23619631901840493,0.2331288343558282,0.5245398773006136,0.9510956585954431
large_long,nomotor_xlink,r0005,0.25,initial,0.3336110169491527,0.33897656585073066,0.09241401880328261,0.09241401880328261,1.0,-0.015384615384615385,0.07292971029007098,0.0069878472222222225,0.02493259922509992,708.0,0.23728813559322043,0.21468926553672318,0.5141242937853108,0.9469708860296918
large_long,nomotor_xlink,r0005,0.30000000000000004,initial,0.7487233766233767,0.3182086513376773,0.08833698345943046,0.08833698345943046,1.0,0.018691588785046728,0.07554149024590037,0.0076605902777777775,0.007845247218165236,770.0,0.2571428571428572,0.1974025974025974,0.4987012987012987,0.9577121522472521
large_long,nomotor_xlink,r0005,0.35000000000000003,initial,0.8636329177057355,0.3860480491597221,0.049177469357951274,0.049177469357951274,1.0,0.02702702702702703,0.1088432114125667,0.007921006944444444,0.010611936741211025,802.0,0.25935162094763087,0.18703241895261846,0.4862842892768079,0.9560718270310758
large_long,nomotor_xlink,r0005,0.4,initial,1.0437881927710844,0.38188027178494344,0.05180065007934711,0.05180065007934711,1.0,0.04680851063829787,0.07934673885781654,0.008072916666666667,0.014225824441785079,830.0,0.26987951807228916,0.17590361445783137,0.48192771084337355,0.9603840231565635
large_long,nomotor_xlink,r0005,0.45,initial,1.174436818181818,0.47140299581043255,0.05587788978037963,0.05587788978037963,1.0,0.06938775510204082,0.09956696701969896,0.008702256944444445,0.0013992279820497777,880.0,0.275,0.1681818181818182,0.4772727272727272,0.9606748494043249
large_long,nomotor_xlink,r0005,0.5,initial,1.3790555314533621,0.3902756396772421,0.05625707842018516,0.05625707842018516,1.0,0.10505836575875487,0.03541124477185651,0.009049479166666667,0.017967673273494262,922.0,0.2841648590021692,0.16052060737527113,0.46854663774403454,0.9535227984740896
large_long,nomotor_xlink,r0005,0.55,initial,1.511979288702929,0.36359695616946697,0.046303493761757054,0.046303493761757054,1.0,0.1471698113207547,0.09898355338377934,0.009244791666666667,0.009136540174519925,956.0,0.28870292887029303,0.1589958158995816,0.45815899581589975,0.9567129007734316
large_long,nomotor_xlink,r0005,0.6000000000000001,initial,1.6568764940239045,0.44509488072436165,0.05627821010334803,0.05627821010334803,1.0,0.15217391304347827,0.03519101437430991,0.009809027777777778,0.013478224954710627,1004.0,0.294820717131474,0.14940239043824702,0.4422310756972111,0.9559078484288486
large_long,nomotor_xlink,r0005,0.65,initial,1.8496485493230173,0.44446630589773073,0.04331306860607879,0.04331306860607879,1.0,0.19572953736654805,0.0754813865783958,0.009809027777777778,0.014887731477522,1034.0,0.30367504835589937,0.14506769825918758,0.4352030947775628,0.9578046057591821
large_long,nomotor_xlink,r0005,0.7000000000000001,initial,1.9167549056603772,0.5344212695894937,0.018026635831541776,0.018026635831541776,1.0,0.2152777777777778,0.061041235113641595,0.010047743055555556,0.008537297592812845,1060.0,0.3037735849056605,0.13962264150943396,0.4301886792452831,0.9566474956770346
large_long,nomotor_xlink,r0005,0.75,initial,1.957808364312268,0.4956900914546078,0.026706674882429653,0.026706674882429653,1.0,0.2179930795847751,0.05618950291931683,0.010481770833333333,0.002554013180343965,1076.0,0.3029739776951673,0.1338289962825279,0.42379182156133827,0.9531181524508939
large_long,nomotor_xlink,r0005,0.8,initial,2.076994954954955,0.5190971905074299,0.03712543162522275,0.03712543162522275,1.0,0.24161073825503357,0.060220167379434676,0.010698784722222222,0.0021301092698421307,1110.0,0.3063063063063063,0.12972972972972974,0.418018018018018,0.9549230925207227
large_long,nomotor_xlink,r0005,0.8500000000000001,initial,2.1805609540636044,0.5084707470736606,0.029899911688692143,0.029899911688692143,1.0,0.23127035830618892,0.07953149512263805,0.011111111111111112,0.0010838431864890012,1132.0,0.31448763250883394,0.127208480565371,0.4187279151943463,0.9538122338489786
large_long,nomotor_xlink,r0005,0.9,initial,2.256394425087108,0.5256002496263639,0.03855805938020388,0.03855805938020388,1.0,0.25477707006369427,0.04957948287937625,0.011263020833333333,0.01262532592456267,1148.0,0.31881533101045295,0.12195121951219515,0.4094076655052266,0.9531012810787348
large_long,nomotor_xlink,r0005,0.9500000000000001,initial,2.4119093103448277,0.5842227026210366,0.0435300605678283,0.0435300605678283,1.0,0.2870662460567823,0.053681230867170825,0.011349826388888888,0.011850536072931683,1160.0,0.3275862068965517,0.11551724137931034,0.40344827586206894,0.9510730825680686
large_long,nomotor_xlink,r0005,1.0,initial,2.517574788494078,0.596703466063954,0.03522182604975003,0.03522182604975003,1.0,0.3149847094801223,0.08531512153810787,0.011480034722222223,0.004160254480972458,1182.0,0.33333333333333337,0.11844331641285955,0.40439932318104904,0.9538765332701453
large_long,nomotor_xlink,r0005,1.05,pulse_01,3.230743558282209,0.7952863328631299,0.014316527320564543,0.014316527320564543,1.0,0.412987012987013,0.11492884952539616,0.012586805555555556,0.007535923087042873,1304.0,0.39263803680981596,0.10582822085889572,0.36349693251533743,0.9520918153843211
large_long,nomotor_xlink,r0005,1.1,pulse_01,3.2736931402439025,0.8178941021242585,0.007188925025254293,0.007188925025254293,1.0,0.4077922077922078,0.09247180036393934,0.012738715277777778,0.00518726560647396,1312.0,0.39176829268292684,0.10365853658536586,0.3628048780487805,0.9500712371289689
large_long,nomotor_xlink,r0005,1.15,pulse_01,3.2738771084337346,0.8264099265019736,0.008454974138454086,0.008454974138454086,1.0,0.40458015267175573,0.07346164579982525,0.012890625,0.00853592364508926,1328.0,0.39307228915662645,0.10240963855421688,0.36144578313253023,0.9516292221772377
large_long,nomotor_xlink,r0005,1.2,pulse_01,3.324422985074627,0.8691096439947941,0.020155653496338372,0.020155653496338372,1.0,0.4090909090909091,0.07490656265313773,0.01310763888888889,0.010346114312218269,1340.0,0.3955223880597015,0.10298507462686565,0.35820895522388063,0.95431427421968
large_long,nomotor_xlink,r0005,1.25,pulse_01,3.394811029411765,0.8884866123752833,0.018058376756568073,0.018058376756568073,1.0,0.41728395061728396,0.06403783106002056,0.012912326388888888,0.006994646161499252,1360.0,0.3949704142011835,0.10059171597633136,0.3579881656804734,0.9523338742592768
large_long,nomotor_xlink,r0005,1.3,pulse_01,3.4327732456140354,0.9110775209637896,0.007983433082535315,0.007983433082535315,1.0,0.4201474201474201,0.04533571272013185,0.013129340277777778,0.00863027667600258,1368.0,0.39882697947214063,0.10263929618768326,0.3519061583577711,0.953959224688602
large_long,nomotor_xlink,r0005,1.35,pulse_01,3.4427116279069767,0.9402682724312987,0.009660684839521242,0.009660684839521242,1.0,0.4180929095354523,0.09702054577591251,0.013324652777777777,0.002027302762526865,1376.0,0.4011627906976744,0.10029069767441863,0.3502906976744188,0.9541698604208869
large_long,nomotor_xlink,r0005,1.4,pulse_01,3.490737354651163,0.9232413375389508,0.007784020589685081,0.007784020589685081,1.0,0.4348894348894349,0.06033729365787584,0.013216145833333333,0.006724502079632415,1376.0,0.4055232558139535,0.09883720930232559,0.35029069767441867,0.9543069403562825
large_long,nomotor_xlink,r0005,1.45,pulse_01,3.489415751445087,0.8999212599535042,0.005464864612180653,0.005464864612180653,1.0,0.4292682926829268,0.023049175046206318,0.013237847222222222,0.008082787589160645,1384.0,0.4060693641618497,0.09971098265895953,0.34682080924855485,0.9526967199556893
large_long,nomotor_xlink,r0005,1.5,pulse_01,3.523526542324247,0.8747446120039869,0.005058032842127839,0.005058032842127839,1.0,0.45145631067961167,0.020852675631813655,0.013454861111111112,0.0069837251751632134,1394.0,0.40889526542324245,0.09899569583931134,0.34433285509325684,0.9533667860035093
large_long,nomotor_xlink,r0005,1.55,pulse_01,3.5197639484978542,0.858018908902525,0.002302947530231636,-0.002302947530231636,1.0,0.45278450363196127,0.06197780380470411,0.013563368055555556,0.002373119657650672,1398.0,0.40830945558739257,0.09742120343839542,0.34670487106017195,0.9555000140376326
large_long,nomotor_xlink,r0005,1.6,pulse_01,3.509708857142857,0.8605058940580829,0.007978144368698,0.007978144368698,1.0,0.4580335731414868,0.06986650501469337,0.013346354166666666,0.0007357342440586131,1400.0,0.40999999999999986,0.1,0.3457142857142857,0.9533212325077538
large_long,nomotor_xlink,r0005,1.65,pulse_01,3.5676328147100422,0.8624333143668766,0.0093690402414488,0.0093690402414488,1.0,0.46539379474940334,0.09081925871478581,0.013650173611111111,0.0003015060200807958,1414.0,0.4144271570014144,0.10042432814710042,0.3422913719943423,0.9524057786152992
large_long,nomotor_xlink,r0005,1.7000000000000002,pulse_01,3.5659230985915498,0.8586968579375981,0.0047281914707199375,0.0047281914707199375,1.0,0.4786729857819905,0.06129573580713319,0.013715277777777778,0.001046465949400684,1420.0,0.4154929577464787,0.1,0.34366197183098585,0.9507717235951005
large_long,nomotor_xlink,r0005,1.75,pulse_01,3.596001963534362,0.8561545186704725,0.0031309987195902167,0.0031309987195902167,1.0,0.4811320754716981,0.07928993949161259,0.013802083333333333,0.002571366745467448,1426.0,0.4143258426966293,0.09971910112359549,0.34269662921348315,0.953975286996939
large_long,nomotor_xlink,r0005,1.8,pulse_01,3.584709090909091,0.8432686574647934,0.0020249624985613224,0.0020249624985613224,1.0,0.4788732394366197,0.060618635197345866,0.013932291666666667,0.0019479301359944616,1430.0,0.413986013986014,0.09930069930069932,0.34405594405594414,0.9499400011585519
large_long,nomotor_xlink,r0005,1.85,pulse_01,3.60815173852573,0.8444669378545058,0.010489494530365961,0.010489494530365961,1.0,0.4776470588235294,0.11227866288208496,0.01384548611111111,0.003412443377320181,1438.0,0.41364902506963785,0.09888579387186631,0.3440111420612813,0.9519863772348942
large_long,nomotor_xlink,r0005,1.9,pulse_01,3.647646058091287,0.8227939972008723,0.008509813693987622,0.008509813693987622,1.0,0.4724770642201835,0.1108506547704997,0.014105902777777778,0.0031946587460368416,1446.0,0.41632088520055327,0.09820193637621025,0.34024896265560167,0.952973305767895
large_long,nomotor_xlink,r0005,1.9500000000000002,pulse_01,3.6592106206896555,0.8252989853782847,0.0039165681569466315,0.0039165681569466315,1.0,0.45785876993166286,0.07960422589156774,0.0140625,0.00025969569396572245,1450.0,0.4171270718232044,0.09806629834254144,0.3425414364640884,0.9534726323772701
large_long,nomotor_xlink,r0005,2.0,pulse_01,3.6711454670329666,0.821235823037078,0.003978282114437033,0.003978282114437033,1.0,0.45662100456621,0.10636615674915083,0.013953993055555556,0.0013543874470689128,1456.0,0.4132231404958676,0.09917355371900827,0.34159779614325064,0.953000413305168
large_long,nomotor_xlink,r0005,2.05,pulse_02,4.170472989949749,0.9478057106376863,0.006727913203333102,0.006727913203333102,1.0,0.5476190476190477,0.10198254557504835,0.015342881944444444,0.00215355465894862,1592.0,0.46163522012578617,0.09056603773584905,0.3119496855345912,0.9508857897656346
large_long,nomotor_xlink,r0005,2.1,pulse_02,4.190656729559748,0.9413450466608404,0.005950009651532214,0.005950009651532214,1.0,0.5378486055776892,0.10147966092073889,0.015147569444444444,0.0030790775113735958,1590.0,0.4609571788413098,0.08690176322418137,0.3123425692695213,0.9475456388412609
large_long,nomotor_xlink,r0005,2.15,pulse_02,4.206173047858942,0.9293312455694447,0.0008940085494459163,0.0008940085494459163,1.0,0.5378486055776892,0.10193852550423389,0.015321180555555555,0.003363301069769379,1588.0,0.4672544080604534,0.08816120906801009,0.31234256926952136,0.947196728694814
large_long,nomotor_xlink,r0005,2.2,pulse_02,4.196020780856424,0.9211652402422241,0.0008122795969773833,-0.0008122795969773833,1.0,0.5168316831683168,0.12718562238026934,0.015169270833333333,0.00111510592335895,1588.0,0.4665825977301387,0.0844892812105927,0.3114754098360656,0.9481087825047876
large_long,nomotor_xlink,r0005,2.25,pulse_02,4.201299370277078,0.922640610029291,0.0016951091519731658,-0.0016951091519731658,1.0,0.5247524752475248,0.1247263179989888,0.015169270833333333,0.0014234617754021646,1588.0,0.4634760705289673,0.08564231738035266,0.3098236775818641,0.9470481554059303
large_long,nomotor_xlink,r0005,2.3,pulse_02,4.185850125944585,0.9126244695898111,0.006981318219983231,-0.006981318219983231,1.0,0.5069033530571992,0.06650029577463133,0.015104166666666667,0.0021403309933749246,1588.0,0.46221662468513847,0.08564231738035265,0.30982367758186397,0.9477071686331414
large_long,nomotor_xlink,r0005,2.35,pulse_02,4.159411460957179,0.9354825959895405,0.005856255247691067,-0.005856255247691067,1.0,0.5118110236220472,0.09479768721895658,0.01521267361111111,0.0006801637438453856,1588.0,0.4622166246851386,0.08690176322418136,0.30856423173803527,0.9475084870915272
large_long,nomotor_xlink,r0005,2.4,pulse_02,4.150712594458438,0.9167054520528835,0.0044719563392107515,-0.0044719563392107515,1.0,0.5098814229249012,0.07129828397806272,0.01506076388888889,0.0035135944281289855,1588.0,0.46406052963430017,0.08701134930643127,0.3089533417402269,0.9471494105276892
large_long,nomotor_xlink,r0005,2.45,pulse_02,4.132579722921914,0.9144010294207666,0.0009983111976185437,-0.0009983111976185437,1.0,0.5078740157480315,0.09379321154351661,0.015082465277777778,0.00015144941620365282,1588.0,0.4609571788413099,0.08564231738035266,0.3085642317380353,0.9459228935532461
large_long,nomotor_xlink,r0005,2.5,pulse_02,4.144722727272727,0.9157967555556615,0.0002087667184014208,0.0002087667184014208,1.0,0.5118110236220472,0.07830275393299185,0.015082465277777778,0.000541393686653735,1584.0,0.46212121212121204,0.08207070707070709,0.30681818181818177,0.9455638782275078
large_long,nomotor_xlink,r0005,2.55,pulse_02,4.133832323232323,0.917649391540689,0.003089520202020246,-0.003089520202020246,1.0,0.5196850393700787,0.08007930636427663,0.014930555555555556,0.0013629723117326946,1584.0,0.46085858585858597,0.08333333333333334,0.30681818181818177,0.9463168182365675
large_long,nomotor_xlink,r0005,2.6,pulse_02,4.126185606060606,0.9076189216852654,0.0037711279461278835,-0.0037711279461278835,1.0,0.5069033530571992,0.06296998889483954,0.015104166666666667,0.0040007222445210084,1584.0,0.459493670886076,0.08481012658227849,0.30759493670886073,0.9495042039983665
large_long,nomotor_xlink,r0005,2.65,pulse_02,4.111205555555555,0.893645058073563,0.0010938973063973438,-0.0010938973063973438,1.0,0.5,0.08682677730383925,0.01521267361111111,0.0003218524704498571,1584.0,0.4589127686472819,0.08596713021491781,0.31099873577749676,0.9476070441301367
large_long,nomotor_xlink,r0005,2.7,pulse_02,4.119622222222222,0.9056878068625662,0.0018686026936027094,0.0018686026936027094,1.0,0.5158730158730159,0.05730363916812749,0.014973958333333334,0.0022163245149575315,1584.0,0.4608585858585858,0.0845959595959596,0.30934343434343436,0.9454097524027192
large_long,nomotor_xlink,r0005,2.75,pulse_02,4.122417171717172,0.9069430051633082,0.003775378787878777,-0.003775378787878777,1.0,0.5187376725838264,0.08467746532413663,0.015299479166666666,8.121343832482679e-05,1584.0,0.46212121212121204,0.08712121212121214,0.31313131313131315,0.9461250307381799
large_long,nomotor_xlink,r0005,2.8,pulse_02,4.096969949494949,0.9061750874925152,0.0035207928420316983,-0.0035207928420316983,1.0,0.5187376725838264,0.10041983670342358,0.01521267361111111,0.002310163411997227,1584.0,0.45833333333333337,0.09090909090909091,0.3106060606060606,0.9474670777176718
large_long,nomotor_xlink,r0005,2.85,pulse_02,4.101292414664981,0.9208039856352915,0.0027911687550612463,0.0027911687550612463,1.0,0.5238095238095238,0.09675644391469743,0.014973958333333334,0.002494298855164926,1582.0,0.4589127686472819,0.08849557522123894,0.3097345132743362,0.9489943140585103
large_long,nomotor_xlink,r0005,2.9,pulse_02,4.1137169620253164,0.9211408806235047,0.0013560743490854676,0.0013560743490854676,1.0,0.49411764705882355,0.130058590355657,0.015104166666666667,0.00305629296280265,1580.0,0.45822784810126577,0.08860759493670885,0.31265822784810127,0.948664265500297
large_long,nomotor_xlink,r0005,2.95,pulse_02,4.109428860759494,0.9391417434121074,0.0021960251453263524,-0.0021960251453263524,1.0,0.4921259842519685,0.09313149156168161,0.014952256944444445,0.003458860754719406,1580.0,0.45812182741116764,0.08883248730964467,0.31345177664974616,0.9485663008302357
large_long,nomotor_xlink,r0005,3.0,pulse_02,4.100540811153358,0.9418940451518212,0.002962683202045291,-0.002962683202045291,1.0,0.4832347140039448,0.05267964772533589,0.015234375,0.0009174339132379158,1578.0,0.45500633713561467,0.08745247148288973,0.3117870722433459,0.9469538180797993
large_long,nomotor_xlink,r0005,3.05,pulse_03,4.500540328253224,1.0011092010255542,0.00042559593591266304,0.00042559593591266304,1.0,0.5508771929824562,0.06570535964502673,0.016558159722222222,0.00627134453916071,1706.0,0.49589683470105506,0.07971864009378664,0.28722157092614303,0.943284861919369
large_long,nomotor_xlink,r0005,3.1,pulse_03,4.501817116060962,0.9822951674080721,0.0005617428683080128,0.0005617428683080128,1.0,0.5555555555555556,0.08747632772813906,0.01640625,0.0043989367524321366,1706.0,0.49824150058616656,0.08089097303634232,0.28839390386869873,0.9434492814148046
large_long,nomotor_xlink,r0005,3.15,pulse_03,4.503910785463072,0.9747155805109614,0.0015293265094015556,0.0015293265094015556,1.0,0.5555555555555556,0.09711611674356722,0.016167534722222224,0.0005280408273162784,1706.0,0.5005861664712778,0.08089097303634232,0.2872215709261431,0.944951679226076
large_long,nomotor_xlink,r0005,3.2,pulse_03,4.510993075117371,0.9854634123719698,0.0012737501536507583,0.0012737501536507583,1.0,0.5524475524475524,0.0694834315542943,0.0162109375,0.0008063775485962857,1704.0,0.4976525821596244,0.08215962441314555,0.2863849765258216,0.9426193879048052
large_long,nomotor_xlink,r0005,3.25,pulse_03,4.511553286384976,0.9698773152193837,0.0010392857569755758,0.0010392857569755758,1.0,0.5492957746478874,0.0874136880420964,0.016037326388888887,0.004036931873204215,1704.0,0.4935370152761457,0.08225616921269094,0.2878965922444183,0.9413802021958371
large_long,nomotor_xlink,r0005,3.3,pulse_03,4.5172287896592245,0.9612418211327445,0.001929170919235279,-0.001929170919235279,1.0,0.5481611208406305,0.0831146156427323,0.01644965277777778,0.0026871376827870366,1702.0,0.49294117647058827,0.08352941176470588,0.2870588235294118,0.9439763926912847
large_long,nomotor_xlink,r0005,3.35,pulse_03,4.499978260869565,0.9537544891226615,0.0014206423815119607,-0.0014206423815119607,1.0,0.546572934973638,0.06131334000255214,0.01625434027777778,0.003194865749340784,1702.0,0.49118683901292604,0.07990599294947122,0.28907168037602826,0.9447725110192903
large_long,nomotor_xlink,r0005,3.4,pulse_03,4.508704935370153,0.9420726266366998,7.477477477468852e-05,-7.477477477468852e-05,1.0,0.5500878734622144,0.08688530025990708,0.016276041666666668,0.00024727182164896444,1702.0,0.49176470588235305,0.07882352941176471,0.2870588235294118,0.9411295044693553
large_long,nomotor_xlink,r0005,3.45,pulse_03,4.4995296122209165,0.9522708581927677,0.0015171755028684508,-0.0015171755028684508,1.0,0.5477031802120141,0.06267856809758435,0.015928819444444443,0.0006520971949427468,1702.0,0.49001175088131604,0.08108108108108107,0.2878965922444183,0.9432919639159868
large_long,nomotor_xlink,r0005,3.5,pulse_03,4.499601882352942,0.9459852098063563,0.000573515610239402,0.000573515610239402,1.0,0.536283185840708,0.08015683078391223,0.015950520833333332,0.0014808465068286332,1700.0,0.4894117647058825,0.07999999999999999,0.2858823529411765,0.9456755740201928
large_long,nomotor_xlink,r0005,3.55,pulse_03,4.502970705882353,0.9433857791517959,0.0012235294117649194,-0.0012235294117649194,1.0,0.5346358792184724,0.0844902223103814,0.0162109375,7.442520674923643e-05,1700.0,0.4882352941176472,0.08235294117647059,0.28705882352941176,0.945426081953079
large_long,nomotor_xlink,r0005,3.6,pulse_03,4.4922607058823525,0.9455386585658608,0.0007742777200396844,0.0007742777200396844,1.0,0.5335689045936396,0.0817888965193473,0.016145833333333335,0.003140511807294577,1700.0,0.4894117647058824,0.08235294117647057,0.2858823529411765,0.9455318420639912
large_long,nomotor_xlink,r0005,3.65,pulse_03,4.507616372202591,0.9245427083080284,0.00679625027746944,0.00679625027746944,1.0,0.5371024734982333,0.09001602934505558,0.016276041666666668,0.005095919719671678,1698.0,0.4905660377358491,0.08136792452830188,0.28655660377358483,0.943107083440102
large_long,nomotor_xlink,r0005,3.7,pulse_03,4.533038207547169,0.9149631402478308,0.0014485684693794632,0.0014485684693794632,1.0,0.5460992907801419,0.09798139227920222,0.016059027777777776,0.0007935954247779339,1696.0,0.49114521841794573,0.08028335301062574,0.2868949232585596,0.9432175062276822
large_long,nomotor_xlink,r0005,3.75,pulse_03,4.516307783018868,0.929304280856696,0.0027615566037736037,-0.0027615566037736037,1.0,0.5485008818342152,0.05817377990599008,0.01623263888888889,0.004043705729594486,1696.0,0.4905437352245864,0.08274231678486998,0.2907801418439716,0.9452636449021178
large_long,nomotor_xlink,r0005,3.8,pulse_03,4.5164688679245275,0.9392253746253977,0.004326290394139824,0.004326290394139824,1.0,0.5575221238938053,0.09547155791293739,0.015885416666666666,0.0035272865623743876,1696.0,0.49292452830188677,0.08254716981132075,0.29009433962264153,0.942772513791041
large_long,nomotor_xlink,r0005,3.85,pulse_03,4.542265525383707,0.9504680002309424,0.0005104228390250635,0.0005104228390250635,1.0,0.5060869565217392,0.06730886994078003,0.015950520833333332,0.0013437202237449413,1694.0,0.49468713105076745,0.08146399055489964,0.293978748524203,0.941022542964903
large_long,nomotor_xlink,r0005,3.9,pulse_03,4.519531404958678,0.9472876959678673,0.001746243986330942,-0.001746243986330942,1.0,0.5,0.0811729426185683,0.015863715277777777,0.0005853433426886526,1694.0,0.49232585596221956,0.08146399055489964,0.2951593860684769,0.9426929479385855
large_long,nomotor_xlink,r0005,3.95,pulse_03,4.531788061465721,0.9469559401748104,0.00802859227020066,0.00802859227020066,1.0,0.5149384885764499,0.0911718617437187,0.016167534722222224,0.0031597499191626244,1692.0,0.49408983451536653,0.08156028368794327,0.29432624113475175,0.9421277047258276
large_long,nomotor_xlink,r0005,4.0,pulse_03,4.567702958579882,0.9662461954828431,0.011971632371386912,0.011971632371386912,1.0,0.5104895104895105,0.04780715612212238,0.015928819444444443,0.006430085102677545,1690.0,0.49585798816568055,0.07928994082840238,0.29349112426035506,0.9423402415936428
large_long,nomotor_xlink,r0005,4.05,pulse_04,4.873744,0.932005467622117,0.0026736666666667594,-0.0026736666666667594,1.0,0.5527156549520766,0.06622854959336577,0.016861979166666666,0.009310049474832419,1800.0,0.5233333333333333,0.07444444444444445,0.27444444444444444,0.940819599367439
large_long,nomotor_xlink,r0005,4.1,pulse_04,4.865723,0.9040753191976197,0.0034033570898291585,0.0034033570898291585,1.0,0.5434083601286174,0.08652658609522439,0.01740451388888889,0.006691948511287386,1800.0,0.5188888888888888,0.07555555555555556,0.2777777777777778,0.9374211362586752
large_long,nomotor_xlink,r0005,4.15,pulse_04,4.894164142538975,0.8918537765543927,0.004025639569413375,0.004025639569413375,1.0,0.5623987034035657,0.06406481108828027,0.0171875,0.0033659306349126026,1796.0,0.5200892857142858,0.07477678571428573,0.2756696428571429,0.9387077743762396
large_long,nomotor_xlink,r0005,4.2,pulse_04,4.88987683741648,0.8838797353881441,0.0029242222487065503,0.0029242222487065503,1.0,0.5566343042071198,0.06956447034548498,0.016927083333333332,0.0014658639136579388,1796.0,0.5200445434298441,0.07349665924276169,0.2750556792873052,0.9377319063442652
large_long,nomotor_xlink,r0005,4.25,pulse_04,4.9117094760312145,0.883058593072445,0.0026856887471975455,0.0026856887471975455,1.0,0.5483870967741935,0.07645371831933696,0.017100694444444446,0.0030057830793311,1794.0,0.5206243032329988,0.0713489409141583,0.2764771460423634,0.9388245559422151
large_long,nomotor_xlink,r0005,4.3,pulse_04,4.9059909698996655,0.8658450369121575,0.0016983648578928385,0.0016983648578928385,1.0,0.5480769230769231,0.04582115874131559,0.016861979166666666,0.0021930956544376303,1794.0,0.520624303232999,0.0713489409141583,0.27424749163879597,0.9374336577464022
large_long,nomotor_xlink,r0005,4.35,pulse_04,4.921899665178572,0.8699000191458193,0.00012183947732517335,-0.00012183947732517335,1.0,0.5419354838709678,0.07811249996257627,0.016731770833333333,0.0007350658798468227,1792.0,0.5223214285714287,0.07254464285714286,0.2712053571428571,0.9360672139434018
large_long,nomotor_xlink,r0005,4.4,pulse_04,4.9052599330357145,0.8702554321912385,0.002820796130952393,-0.002820796130952393,1.0,0.5483870967741935,0.03815040087006357,0.01697048611111111,0.002610349065696053,1792.0,0.5178571428571429,0.07254464285714285,0.2756696428571428,0.9385850212488126
large_long,nomotor_xlink,r0005,4.45,pulse_04,4.904974888392857,0.8855621135399956,0.0033117373511905393,-0.0033117373511905393,1.0,0.5533980582524272,0.08279135983342975,0.016840277777777777,0.003464228047446597,1792.0,0.5200892857142858,0.07366071428571429,0.2767857142857143,0.9390467709261502
large_long,nomotor_xlink,r0005,4.5,pulse_04,4.885389508928571,0.891040800475918,0.003447023809523664,-0.003447023809523664,1.0,0.5476575121163166,0.08823119417936638,0.016861979166666666,0.004353887769276736,1792.0,0.5178571428571428,0.07477678571428573,0.2767857142857143,0.9392560140947585
large_long,nomotor_xlink,r0005,4.55,pulse_04,4.884292745535715,0.911685440155656,0.0013610967428173322,0.0013610967428173322,1.0,0.5419354838709678,0.09176028141625056,0.01697048611111111,0.0053263234397584,1792.0,0.5195530726256983,0.07486033519553073,0.2770949720670391,0.9380503932217247
large_long,nomotor_xlink,r0005,4.6,pulse_04,4.893556089385475,0.9229987411144684,0.0013202034907885778,0.0013202034907885778,1.0,0.5426731078904992,0.11255992503329312,0.017057291666666665,0.0013045696679946928,1790.0,0.5145413870246085,0.0738255033557047,0.27628635346756153,0.9392041508929573
large_long,nomotor_xlink,r0005,4.65,pulse_04,4.892213966480447,0.9195128581636242,0.0018545251396648865,-0.0018545251396648865,1.0,0.5339805825242718,0.08056379884359109,0.016905381944444443,0.0015855203405913028,1790.0,0.5150837988826816,0.07374301675977654,0.27374301675977664,0.9394081106355678
large_long,nomotor_xlink,r0005,4.7,pulse_04,4.882428938547486,0.9134856190709206,0.0029102048417131896,-0.0029102048417131896,1.0,0.5282714054927302,0.08137487152187454,0.016861979166666666,0.002936114967513929,1790.0,0.5128491620111733,0.07374301675977656,0.2737430167597765,0.9392114953210792
large_long,nomotor_xlink,r0005,4.75,pulse_04,4.874752737430168,0.9371295479687077,0.0008362097200871332,0.0008362097200871332,1.0,0.525974025974026,0.10060617170341048,0.016840277777777777,0.0012637502196884236,1790.0,0.5139664804469273,0.07374301675977656,0.27709497206703915,0.9380736225634594
large_long,nomotor_xlink,r0005,4.8,pulse_04,4.887446196868009,0.9210681203890512,0.0005465039639392563,-0.0005465039639392563,1.0,0.5339805825242718,0.054524611792672706,0.016644965277777778,0.0051823688884850005,1788.0,0.5156599552572706,0.0738255033557047,0.27628635346756153,0.9391519601262673
large_long,nomotor_xlink,r0005,4.85,pulse_04,4.871473713646532,0.9060353346377977,0.004978989560029697,-0.004978989560029697,1.0,0.5349593495934959,0.06437077187478062,0.01662326388888889,0.002235907412493391,1788.0,0.5123042505592841,0.0760626398210291,0.2785234899328859,0.9387451257122879
large_long,nomotor_xlink,r0005,4.9,pulse_04,4.857572259507831,0.9076526759140908,0.002129418344518926,-0.002129418344518926,1.0,0.5407166123778502,0.0953597273160772,0.016710069444444444,0.001124550358003425,1788.0,0.5123042505592841,0.07718120805369127,0.2785234899328858,0.9368373407456666
large_long,nomotor_xlink,r0005,4.95,pulse_04,4.8586972035794185,0.9127826367858183,0.0026381620491801407,0.0026381620491801407,1.0,0.5424836601307189,0.10107404393627215,0.016731770833333333,0.0007328131394094087,1788.0,0.5117581187010078,0.07614781634938411,0.27771556550951854,0.937413398589741
large_long,nomotor_xlink,r0005,5.0,pulse_04,4.873401231802911,0.9120495547505473,0.004901342741164309,0.004901342741164309,1.0,0.5497553017944535,0.10303855624062766,0.016644965277777778,0.0002443606784236681,1786.0,0.51457399103139,0.07511210762331838,0.28026905829596405,0.9397414403182289
large_long,nomotor_xlink,r0005,5.05,pulse_05,5.262794135802469,1.1710821968394103,0.0037035665294924414,-0.0037035665294924414,1.0,0.5965166908563135,0.08875080898922214,0.018098958333333335,0.0023527338190916978,1944.0,0.5514403292181069,0.06790123456790124,0.25514403292181076,0.9318532175174951
large_long,nomotor_xlink,r0005,5.1,pulse_05,5.251683436213992,1.1640239953821352,0.0006809828122548526,-0.0006809828122548526,1.0,0.5918958031837916,0.07517806158777748,0.018294270833333334,0.00021399269809322755,1944.0,0.5493827160493828,0.06995884773662552,0.257201646090535,0.9315982705471556
large_long,nomotor_xlink,r0005,5.15,pulse_05,5.25870823892894,1.1723661530279696,8.725431193864116e-07,8.725431193864116e-07,1.0,0.597684515195369,0.055897279037163614,0.0181640625,0.0008130960487735169,1942.0,0.554067971163749,0.06797116374871266,0.25643666323377956,0.9329896357597262
large_long,nomotor_xlink,r0005,5.2,pulse_05,5.251688671472708,1.1689025716747763,0.001178441469275852,-0.001178441469275852,1.0,0.5901875901875901,0.10527352495240068,0.018229166666666668,0.0014870454952168322,1942.0,0.5478887744593204,0.06694129763130793,0.2564366632337796,0.9319175855898626
large_long,nomotor_xlink,r0005,5.25,pulse_05,5.251637590113285,1.1634438800566687,0.0024178338482661785,-0.0024178338482661785,1.0,0.5947901591895803,0.06162560105817952,0.018250868055555557,0.0012551777534993702,1942.0,0.5489186405767248,0.06797116374871265,0.25643666323377956,0.9316587294734003
large_long,nomotor_xlink,r0005,5.3,pulse_05,5.237181668383111,1.1764336381957725,0.0050217645039478676,-0.0050217645039478676,1.0,0.5930735930735931,0.0572612047705119,0.01818576388888889,0.00663460441793214,1942.0,0.5468589083419155,0.07003089598352215,0.25849639546858905,0.9316613019349796
large_long,nomotor_xlink,r0005,5.35,pulse_05,5.221507003089598,1.2032515065642615,0.0007189206755356577,-0.0007189206755356577,1.0,0.590711175616836,0.027501174777115903,0.018294270833333334,0.0022025401560680593,1942.0,0.5463917525773196,0.07010309278350516,0.25979381443298966,0.9340737357452776
large_long,nomotor_xlink,r0005,5.4,pulse_05,5.232868144329897,1.1896488791321809,0.0008092451895342911,0.0008092451895342911,1.0,0.5901162790697675,0.05373396871122487,0.017990451388888887,0.0001767690731260633,1940.0,0.5474226804123712,0.0690721649484536,0.256701030927835,0.9305792468350332
large_long,nomotor_xlink,r0005,5.45,pulse_05,5.226362474226804,1.2021908921255051,0.0006324742268043101,-0.0006324742268043101,1.0,0.5936139332365747,0.07759134849346742,0.01838107638888889,0.0025995099970637092,1940.0,0.5453608247422681,0.06907216494845361,0.25979381443298966,0.9327120286906061
large_long,nomotor_xlink,r0005,5.5,pulse_05,5.229073298969071,1.2052459391145631,0.0021056872852234973,0.0021056872852234973,1.0,0.5878084179970973,0.06719572714061335,0.01818576388888889,0.0008679610573514296,1940.0,0.5474226804123712,0.06804123711340206,0.2587628865979381,0.9308989438910835
large_long,nomotor_xlink,r0005,5.55,pulse_05,5.2389965979381445,1.2073986584696137,0.0026899656357387927,-0.0026899656357387927,1.0,0.5901162790697675,0.08236858253843415,0.018077256944444446,0.0017421379595888113,1940.0,0.5453608247422682,0.06804123711340207,0.2587628865979382,0.9333255411223979
large_long,nomotor_xlink,r0005,5.6,pulse_05,5.212933505154639,1.215698766872096,0.003889560268672524,-0.003889560268672524,1.0,0.5918367346938775,0.0959591886042844,0.018272569444444445,0.003429079885612215,1940.0,0.5463917525773198,0.06907216494845361,0.25876288659793817,0.93224765721962
large_long,nomotor_xlink,r0005,5.65,pulse_05,5.215659236326109,1.227973137783287,0.0019984619508108814,0.0019984619508108814,1.0,0.5906432748538012,0.08488400043933374,0.018033854166666665,0.001044035904098961,1938.0,0.5479876160990712,0.06811145510835913,0.26006191950464397,0.931466836921592
large_long,nomotor_xlink,r0005,5.7,pulse_05,5.224924276859504,1.2219629822966898,0.003864592427359851,0.003864592427359851,1.0,0.5953420669577875,0.10551579138903132,0.01796875,0.003325385675220042,1936.0,0.5455486542443063,0.07039337474120083,0.2598343685300207,0.9311873997368375
large_long,nomotor_xlink,r0005,5.75,pulse_05,5.2388467908902685,1.2080208237319667,0.00165175696555749,0.00165175696555749,1.0,0.5941605839416059,0.11754520275431421,0.01796875,0.0016867170049893094,1932.0,0.5476190476190477,0.06832298136645963,0.25879917184265017,0.9315498790919446
large_long,nomotor_xlink,r0005,5.8,pulse_05,5.234834818652849,1.2320832843266256,0.0019770558219532517,-0.0019770558219532517,1.0,0.5982404692082112,0.08568753672079894,0.017990451388888887,0.004395915822491066,1930.0,0.5446058091286308,0.06639004149377595,0.2593360995850623,0.9325323464887935
large_long,nomotor_xlink,r0005,5.85,pulse_05,5.226984455958549,1.2343963186669131,0.0006156405915190474,-0.0006156405915190474,1.0,0.6,0.09046302570193951,0.018337673611111112,0.001794009036628445,1930.0,0.544041450777202,0.06528497409326424,0.2621761658031089,0.9323840294328724
large_long,nomotor_xlink,r0005,5.9,pulse_05,5.2311409751037345,1.2428473385463963,0.0017168076666737402,-0.0017168076666737402,1.0,0.5970588235294118,0.05807359046155997,0.018077256944444446,0.002182818504198436,1928.0,0.5446058091286308,0.06431535269709544,0.2582987551867221,0.9341828181303229
large_long,nomotor_xlink,r0005,5.95,pulse_05,5.2166836099585066,1.2474932296921037,0.0009966526522839914,-0.0009966526522839914,1.0,0.5876288659793815,0.11169066068950056,0.018055555555555554,0.0005061289608770206,1928.0,0.5446058091286307,0.06535269709543567,0.2593360995850622,0.9351602089613835
large_long,nomotor_xlink,r0005,6.0,pulse_05,5.225161059190031,1.2398105647811342,0.002825816410508016,0.002825816410508016,1.0,0.5923190546528804,0.07698594476001618,0.01820746527777778,0.0025608883036565278,1926.0,0.5426195426195426,0.06652806652806653,0.2598752598752599,0.9340025975055821
large_long,nomotor_xlink,r0005,6.05,pulse_06,5.587329400386848,1.2862589687495498,0.0038690199871049082,0.0038690199871049082,1.0,0.6458055925432756,0.055620921749776814,0.01950954861111111,0.007370412792873686,2068.0,0.5764023210831721,0.0599613152804642,0.24081237911025138,0.92716233506882
large_long,nomotor_xlink,r0005,6.1,pulse_06,5.598936460348162,1.2641477303709288,0.0013553513862022786,0.0013553513862022786,1.0,0.6465863453815262,0.0650670154243842,0.019487847222222222,0.0034357035411849792,2068.0,0.5725338491295937,0.06092843326885879,0.24177949709864605,0.9257759264344738
large_long,nomotor_xlink,r0005,6.15,pulse_06,5.595461508704061,1.26564474750244,0.001622630560928447,-0.001622630560928447,1.0,0.6407506702412868,0.08123292690270054,0.01955295138888889,0.0023958856010572647,2068.0,0.5744680851063829,0.0599613152804642,0.24177949709864605,0.9276562446208602
large_long,nomotor_xlink,r0005,6.2,pulse_06,5.589200676982592,1.2785230439772723,0.0019018536428109616,-0.0019018536428109616,1.0,0.6434316353887399,0.08447670704823379,0.019292534722222223,0.005259489142066864,2068.0,0.5754352030947776,0.060928433268858787,0.24564796905222436,0.9267973859706696
large_long,nomotor_xlink,r0005,6.25,pulse_06,5.584050386847196,1.2972016823548411,0.001659058671824661,-0.001659058671824661,1.0,0.6419919246298789,0.07786453150805794,0.019466145833333334,0.004433878494123689,2068.0,0.5715667311411993,0.060928433268858787,0.24371373307543523,0.9266841321942431
large_long,nomotor_xlink,r0005,6.3,pulse_06,5.579246324951644,1.3051263149420145,0.0014031914893618176,-0.0014031914893618176,1.0,0.6446837146702558,0.12055874213029827,0.019010416666666665,0.0027892470567706016,2068.0,0.5686653771760155,0.06189555125725338,0.24177949709864605,0.9275515056564724
large_long,nomotor_xlink,r0005,6.35,pulse_06,5.575631237911025,1.3139371646954647,0.0054811896176616415,0.0054811896176616415,1.0,0.6442048517520216,0.07445655855780428,0.01935763888888889,0.0006017914509667266,2068.0,0.5667311411992263,0.06189555125725339,0.24177949709864605,0.9274996006136534
large_long,nomotor_xlink,r0005,6.4,pulse_06,5.612133462657614,1.3015155662362141,0.006154945637525759,0.006154945637525759,1.0,0.6513513513513514,0.07501792599976277,0.019292534722222223,0.00778380571522012,2062.0,0.5732298739088265,0.059165858389912715,0.23957322987390883,0.9268839900091054
large_long,nomotor_xlink,r0005,6.45,pulse_06,5.612560911736179,1.267234330404144,0.005936956094155417,0.005936956094155417,1.0,0.6422764227642277,0.1018199453107643,0.019487847222222222,0.0007640963454208505,2062.0,0.5722599418040739,0.060135790494665387,0.2405431619786615,0.9255087492281797
large_long,nomotor_xlink,r0005,6.5,pulse_06,5.647755199222546,1.296930988163689,0.005676890479992203,0.005676890479992203,1.0,0.6517006802721088,0.08610303280864924,0.01937934027777778,0.004595064906379953,2058.0,0.5704567541302237,0.05733722060252672,0.239067055393586,0.9241788190292175
large_long,nomotor_xlink,r0005,6.55,pulse_06,5.646622254616132,1.2948047198424237,0.002502829960963441,0.002502829960963441,1.0,0.6539509536784741,0.11065557060664881,0.019249131944444445,0.004503742018466113,2058.0,0.5685131195335276,0.05733722060252672,0.239067055393586,0.9244553788956789
large_long,nomotor_xlink,r0005,6.6,pulse_06,5.662772178988327,1.2699085360528923,0.0022018356443929874,0.0022018356443929874,1.0,0.6502732240437158,0.11908740397025853,0.019292534722222223,0.0005436084324961973,2056.0,0.5680933852140078,0.05642023346303502,0.24027237354085607,0.9229521105939567
large_long,nomotor_xlink,r0005,6.65,pulse_06,5.65983326848249,1.2915430692474466,0.0023868828592970757,0.0023868828592970757,1.0,0.6485013623978202,0.08569766938634427,0.018880208333333332,0.002364070311717259,2056.0,0.5680933852140079,0.05544747081712063,0.2392996108949416,0.9241342444378418
large_long,nomotor_xlink,r0005,6.7,pulse_06,5.677093476144109,1.2840929579231959,0.0010696310826872057,-0.0010696310826872057,1.0,0.6483516483516484,0.08326316481448172,0.01935763888888889,0.001787984792904725,2054.0,0.5682261208576999,0.054580896686159855,0.23976608187134504,0.9244068356043066
large_long,nomotor_xlink,r0005,6.75,pulse_06,5.653415481986367,1.302270978004875,0.0066757059396299985,-0.0066757059396299985,1.0,0.6483516483516484,0.04447108666108913,0.019270833333333334,0.0022179754096193958,2054.0,0.5666991236611489,0.055501460564751706,0.23953261927945468,0.9237603941137469
large_long,nomotor_xlink,r0005,6.8,pulse_06,5.637039240506329,1.2974008103809123,0.002608455047062493,-0.002608455047062493,1.0,0.6493150684931507,0.07406044337131848,0.019140625,0.0009256747530495361,2054.0,0.5653021442495126,0.055555555555555546,0.2387914230019493,0.9223254368123996
large_long,nomotor_xlink,r0005,6.85,pulse_06,5.637764751703992,1.2967169294865777,0.0007002535346806541,-0.0007002535346806541,1.0,0.654320987654321,0.04881844000747311,0.019227430555555557,0.00021091628638917706,2054.0,0.5666991236611489,0.055501460564751706,0.23953261927945468,0.9219720777573903
large_long,nomotor_xlink,r0005,6.9,pulse_06,5.632837719298245,1.2986663080992473,0.003612660046831658,-0.003612660046831658,1.0,0.6556473829201102,0.06922514274072472,0.01918402777777778,0.0030650011823869874,2052.0,0.564878048780488,0.05463414634146342,0.24000000000000013,0.9236777495876609
large_long,nomotor_xlink,r0005,6.95,pulse_06,5.616088791423002,1.3151069365808996,0.0048230019968621045,-0.0048230019968621045,1.0,0.6556473829201102,0.08288496461668989,0.019249131944444445,0.002336311977219433,2052.0,0.5654296875,0.0546875,0.240234375,0.9235236863551011
large_long,nomotor_xlink,r0005,7.0,pulse_06,5.603899707317073,1.312684179962564,0.004063028035309853,-0.004063028035309853,1.0,0.6638888888888889,0.11501185017292884,0.019140625,0.0008075855394452288,2050.0,0.5629268292682928,0.05365853658536586,0.24000000000000013,0.9220380005192693
large_long,nomotor_xlink,r0005,7.05,pulse_07,5.868250228728271,1.2478601978014456,0.005719792619701162,-0.005719792619701162,1.0,0.6907477820025348,0.05385682996089947,0.0205078125,0.010792573857996294,2186.0,0.5855443732845382,0.05123513266239708,0.22506861848124426,0.918267909512495
large_long,nomotor_xlink,r0005,7.1,pulse_07,5.851090850869167,1.2802379193754345,0.005028880756328273,-0.005028880756328273,1.0,0.6835443037974683,0.09241894077627089,0.02035590277777778,0.004270862179970821,2186.0,0.5805860805860806,0.05128205128205129,0.22802197802197802,0.9190885965376749
large_long,nomotor_xlink,r0005,7.15,pulse_07,5.838076944190301,1.2734853708812706,0.003016163464470978,-0.003016163464470978,1.0,0.6878172588832487,0.09277738612611423,0.020464409722222222,0.0012396611388915495,2186.0,0.5815018315018318,0.05219780219780219,0.22893772893772887,0.9199139274016116
large_long,nomotor_xlink,r0005,7.2,pulse_07,5.832993870082341,1.2876758862087838,0.003549542543458184,-0.003549542543458184,1.0,0.6954314720812182,0.06140999701451818,0.020421006944444445,0.0040571216651376085,2186.0,0.5809698078682526,0.05123513266239708,0.22689844464775843,0.920818652104028
large_long,nomotor_xlink,r0005,7.25,pulse_07,5.816779688929552,1.2978281008720962,0.0033879874649089814,0.0033879874649089814,1.0,0.688212927756654,0.07339922623630775,0.020442708333333334,0.0021095864833627167,2186.0,0.5763952424519669,0.05215004574565415,0.2268984446477584,0.9202949907896859
large_long,nomotor_xlink,r0005,7.3,pulse_07,5.853321794871795,1.3003334051089601,0.0056688755542098805,0.0056688755542098805,1.0,0.6979695431472082,0.07243351752434506,0.0201171875,0.004204404029889937,2184.0,0.5824175824175827,0.05036630036630037,0.2261904761904762,0.9200276020700652
large_long,nomotor_xlink,r0005,7.35,pulse_07,5.850792942254811,1.3230545250514358,0.0009484537435272186,-0.0009484537435272186,1.0,0.6962025316455697,0.08432764822416645,0.0203125,0.008001843992657612,2182.0,0.5798165137614678,0.05045871559633028,0.22385321100917427,0.9219984760775141
large_long,nomotor_xlink,r0005,7.4,pulse_07,5.847631072410632,1.3483444690649058,0.0009480904369077633,-0.0009480904369077633,1.0,0.6921119592875318,0.10669285190840372,0.020247395833333334,0.00027949803475861107,2182.0,0.5816513761467891,0.05137614678899083,0.2247706422018349,0.9213383183195117
large_long,nomotor_xlink,r0005,7.45,pulse_07,5.845104399633365,1.3247315132599875,0.0053473465174199335,0.0053473465174199335,1.0,0.6936708860759494,0.11637192701618823,0.020724826388888888,0.0009796657528935437,2182.0,0.5783684692942256,0.051329055912007336,0.2254812098991751,0.9214988772064747
large_long,nomotor_xlink,r0005,7.5,pulse_07,5.879715151515152,1.3424664745475445,0.003631651178338746,0.003631651178338746,1.0,0.6302952503209243,0.10958690559104128,0.020203993055555557,0.0022026035180655232,2178.0,0.5799632352941178,0.049632352941176475,0.2233455882352941,0.9201273419597754
large_long,nomotor_xlink,r0005,7.55,pulse_07,5.866894306703397,1.3379471343683806,0.0030047444138353954,-0.0030047444138353954,1.0,0.630012936610608,0.0907017440330579,0.02035590277777778,0.0005389614058366835,2178.0,0.5762867647058824,0.049632352941176475,0.22426470588235295,0.9197889594220873
large_long,nomotor_xlink,r0005,7.6,pulse_07,5.861686685032139,1.3392327061125244,0.0037829354147535335,-0.0037829354147535335,1.0,0.6283870967741936,0.11458671775262015,0.020594618055555555,0.008936140733602382,2178.0,0.5766758494031222,0.04958677685950412,0.224058769513315,0.9193276769630528
large_long,nomotor_xlink,r0005,7.65,pulse_07,5.844196694214876,1.2843302899667663,0.004464799510254025,-0.004464799510254025,1.0,0.6274256144890039,0.07628647052130452,0.020269097222222223,0.005202891618004801,2178.0,0.5744485294117648,0.050551470588235295,0.2242647058823529,0.9206551920730622
large_long,nomotor_xlink,r0005,7.7,pulse_07,5.834897887970615,1.3080153564044956,0.002881756963574992,-0.002881756963574992,1.0,0.6258064516129033,0.08561735132729023,0.02033420138888889,0.007147022954393252,2178.0,0.5739210284664832,0.04958677685950414,0.22497704315886136,0.9213862082819032
large_long,nomotor_xlink,r0005,7.75,pulse_07,5.826906152433426,1.3272124276931259,0.005441077441077358,-0.005441077441077358,1.0,0.631917631917632,0.10658994998456361,0.020572916666666666,0.004816053801955304,2178.0,0.5785123966942148,0.051423324150596875,0.2231404958677686,0.9213591770498729
large_long,nomotor_xlink,r0005,7.8,pulse_07,5.802251423324151,1.3369116792162274,0.006249464340373508,-0.006249464340373508,1.0,0.6267696267696268,0.0933082280223961,0.02013888888888889,0.0014239590297088212,2178.0,0.5753676470588236,0.05238970588235294,0.2242647058823529,0.9225891883791209
large_long,nomotor_xlink,r0005,7.85,pulse_07,5.789409366391185,1.3357561818713788,0.005538031833486408,-0.005538031833486408,1.0,0.6293436293436293,0.10699994291627492,0.020399305555555556,0.004075937931851496,2178.0,0.5766758494031222,0.05325987144168962,0.22222222222222218,0.9232674567420331
large_long,nomotor_xlink,r0005,7.9,pulse_07,5.769023232323232,1.3613673068073364,0.0044105837367660605,-0.0044105837367660605,1.0,0.6309677419354839,0.1118531582267561,0.02048611111111111,0.006152752889531543,2178.0,0.5762867647058824,0.052389705882352935,0.22426470588235287,0.9236062265664077
large_long,nomotor_xlink,r0005,7.95,pulse_07,5.762945863970589,1.372672699208568,0.002001038107793581,-0.002001038107793581,1.0,0.6298200514138818,0.09285830749287259,0.020247395833333334,0.00535718891511235,2176.0,0.5772058823529412,0.05422794117647058,0.22242647058823534,0.9244758696894256
large_long,nomotor_xlink,r0005,8.0,pulse_07,5.757017003676471,1.3935104402980105,0.001976286764705885,-0.001976286764705885,1.0,0.6283870967741936,0.0804250263859322,0.02035590277777778,0.006945913696480825,2176.0,0.5731370745170191,0.05519779208831647,0.2235510579576816,0.9251210490194139
large_long,rotatable_xlink,r0006,0.0,initial,0.025556370656370668,2.347365801687577,0.052635100605832257,0.052635100605832257,1.0,-0.020134228187919462,0.0,0.0049479166666666664,0.014259547432498909,518.0,0.20849420849420852,0.223938223938224,0.4903474903474906,0.9289929506586685
large_long,rotatable_xlink,r0006,0.05,initial,0.18346167247386744,2.390144443985074,0.06301982429988758,0.06301982429988758,1.0,0.025,0.10483607145680307,0.0057074652777777775,0.00813395568209585,574.0,0.21951219512195125,0.20905923344947736,0.4878048780487806,0.9274158643428044
large_long,rotatable_xlink,r0006,0.1,initial,0.40367531645569615,2.298562067595002,0.04608893229972033,0.04608893229972033,1.0,-0.08875739644970414,0.12006273700959769,0.005967881944444444,0.022369190102575914,632.0,0.21518987341772156,0.19936708860759492,0.4651898734177214,0.9284111523661462
large_long,rotatable_xlink,r0006,0.15000000000000002,initial,0.4599952662721894,2.2559293033696184,0.04787833978926012,0.04787833978926012,1.0,-0.07865168539325842,0.02330138557837358,0.0064453125,0.03129707737054055,676.0,0.21005917159763313,0.18639053254437868,0.4615384615384615,0.9385022188901615
large_long,rotatable_xlink,r0006,0.2,initial,0.6909453551912569,2.1107796033717587,0.05110957448435088,0.05110957448435088,1.0,-0.04081632653061224,0.02819989246259504,0.006966145833333334,0.005282027551355502,732.0,0.22404371584699442,0.1885245901639344,0.45081967213114743,0.9391463150622622
large_long,rotatable_xlink,r0006,0.25,initial,0.7666527131782946,2.2242371380614854,0.031583016933144435,0.031583016933144435,1.0,-0.02857142857142857,0.07731450624325215,0.007421875,0.0006562249628038567,774.0,0.2377260981912145,0.18087855297157626,0.454780361757106,0.9410043217276638
large_long,rotatable_xlink,r0006,0.30000000000000004,initial,0.8804434567901235,2.114716953148582,0.03146286152910773,0.03146286152910773,1.0,-0.0228310502283105,0.03659290960638237,0.007552083333333333,0.03836553596098254,810.0,0.2450495049504951,0.18811881188118812,0.45297029702970304,0.9449483031035102
large_long,rotatable_xlink,r0006,0.35000000000000003,initial,0.955429882352941,1.9940439222955901,0.03453236856188526,0.03453236856188526,1.0,-0.013333333333333334,0.11679068430698933,0.008203125,0.015104286324510182,850.0,0.2376470588235294,0.1764705882352941,0.4494117647058823,0.9425753802981085
large_long,rotatable_xlink,r0006,0.4,initial,1.087637668161435,2.024091235201521,0.04201403115185468,0.04201403115185468,1.0,0.017241379310344827,0.07700383607960844,0.008420138888888888,0.010151838093363766,892.0,0.2443946188340807,0.17040358744394618,0.4394618834080717,0.9440208471153323
large_long,rotatable_xlink,r0006,0.45,initial,1.2075140692640691,1.9331328937354075,0.030530954547283273,0.030530954547283273,1.0,0.04132231404958678,0.08060367879326805,0.008680555555555556,0.026007794715245353,924.0,0.2532467532467533,0.17316017316017313,0.43939393939393934,0.943902734320106
large_long,rotatable_xlink,r0006,0.5,initial,1.2708233954451347,1.8680444669100487,0.02167872021141252,0.02167872021141252,1.0,0.05138339920948617,0.12757974355833915,0.009244791666666667,0.01304351143361456,966.0,0.25879917184265006,0.16563146997929606,0.43892339544513453,0.9498903760894438
large_long,rotatable_xlink,r0006,0.55,initial,1.3375863905325442,2.011393962337095,0.04244790000156843,0.04244790000156843,1.0,0.07169811320754717,0.13598406058618925,0.009809027777777778,0.03067705599985156,1014.0,0.25838264299802766,0.15976331360946747,0.44575936883629186,0.9498282913958598
large_long,rotatable_xlink,r0006,0.6000000000000001,initial,1.5255107954545453,2.052106802909158,0.05088599913142611,0.05088599913142611,1.0,0.10714285714285714,0.06301047352725693,0.01015625,0.011023973634767184,1056.0,0.2708333333333333,0.15719696969696967,0.4412878787878788,0.9493249674994061
large_long,rotatable_xlink,r0006,0.65,initial,1.6429023853211009,2.077537804145698,0.037983816373191405,0.037983816373191405,1.0,0.13588850174216027,0.1258876787173347,0.0103515625,0.0005956537555178443,1090.0,0.27522935779816515,0.14862385321100918,0.43669724770642204,0.9507593678999211
large_long,rotatable_xlink,r0006,0.7000000000000001,initial,1.7534136936936937,2.048532880376051,0.02064766923031447,0.02064766923031447,1.0,0.16216216216216217,0.06448629836872077,0.010698784722222222,0.019312303150489003,1110.0,0.2864864864864865,0.14414414414414414,0.43243243243243246,0.9520578386219619
large_long,rotatable_xlink,r0006,0.75,initial,1.7667884007029877,1.961663985242764,0.01464353663351936,0.01464353663351936,1.0,0.17491749174917492,0.0797011224906466,0.0109375,0.022042803554466712,1138.0,0.2899824253075572,0.14235500878734622,0.42530755711775037,0.9524295123817506
large_long,rotatable_xlink,r0006,0.8,initial,1.8412749134948099,1.9162760590492507,0.012889926355105255,0.012889926355105255,1.0,0.18688524590163935,0.1067476865167142,0.011089409722222223,0.025353198731092357,1156.0,0.29411764705882354,0.14359861591695502,0.42560553633217985,0.9501396160761693
large_long,rotatable_xlink,r0006,0.8500000000000001,initial,1.8441279588336192,1.8095447928562098,0.002132098448799099,0.002132098448799099,1.0,0.2012987012987013,0.11119568865586939,0.011111111111111112,0.014555446676100647,1166.0,0.29159519725557465,0.14751286449399656,0.4288164665523156,0.9541806132005652
large_long,rotatable_xlink,r0006,0.9,initial,1.8540675041876045,1.8289433789926468,0.018109109510070092,0.018109109510070092,1.0,0.18885448916408668,0.11165918761033522,0.011675347222222222,0.008387264520761958,1194.0,0.2931323283082077,0.1507537688442211,0.423785594639866,0.953685634045545
large_long,rotatable_xlink,r0006,0.9500000000000001,initial,1.9527826158940398,1.759221205731638,0.02158331214359595,0.02158331214359595,1.0,0.20489296636085627,0.10587989062804205,0.011697048611111111,0.014027985648874863,1208.0,0.2996688741721854,0.14900662251655633,0.41887417218543055,0.9498535996106843
large_long,rotatable_xlink,r0006,1.0,initial,1.9835673770491802,1.7447754650993976,0.010261587051713464,0.010261587051713464,1.0,0.19756838905775076,0.10991922850574595,0.011566840277777778,0.004815246877413489,1220.0,0.2953795379537954,0.15346534653465344,0.41749174917491744,0.946367275908428
large_long,rotatable_xlink,r0006,1.05,pulse_01,2.6831581120943953,1.4317890920622007,0.0181448838946127,-0.0181448838946127,1.0,0.32323232323232326,0.07834323944776996,0.012912326388888888,0.033388677975063175,1356.0,0.36283185840707965,0.13864306784660765,0.37610619469026546,0.9537356684305575
large_long,rotatable_xlink,r0006,1.1,pulse_01,2.628723460410557,1.3316230581370112,0.021081325329657785,-0.021081325329657785,1.0,0.3032581453634085,0.08907929124609096,0.012760416666666666,0.033835256463573736,1364.0,0.3636363636363636,0.14222873900293254,0.37390029325513185,0.9533601645816765
large_long,rotatable_xlink,r0006,1.15,pulse_01,2.5566701601164485,1.2287775532807583,0.008012027884518158,-0.008012027884518158,1.0,0.3034825870646766,0.01873614192325035,0.012977430555555556,0.023901496143200324,1374.0,0.35860058309037895,0.14431486880466468,0.3760932944606413,0.9556721608744422
large_long,rotatable_xlink,r0006,1.2,pulse_01,2.580651293103448,1.1882140812778093,0.004984217251157756,0.004984217251157756,1.0,0.32338308457711445,0.10099825147387653,0.013216145833333333,0.012956339010715615,1392.0,0.3577586206896553,0.14224137931034483,0.370689655172414,0.9547324935507449
large_long,rotatable_xlink,r0006,1.25,pulse_01,2.586575463623395,1.1510395192164646,0.0015458072100313913,0.0015458072100313913,1.0,0.3316831683168317,0.06171023180795461,0.01328125,0.015084713072138692,1402.0,0.3566333808844508,0.14265335235378032,0.3737517831669045,0.956407368930649
large_long,rotatable_xlink,r0006,1.3,pulse_01,2.5899261363636366,1.097705802844977,0.0014565976005077956,0.0014565976005077956,1.0,0.3417085427135678,0.03365880492718102,0.013563368055555556,0.018687116276568865,1408.0,0.3551136363636364,0.13920454545454544,0.3806818181818181,0.959487714895513
large_long,rotatable_xlink,r0006,1.35,pulse_01,2.595315049226442,1.0389168215570515,0.006814272261723486,-0.006814272261723486,1.0,0.34491315136476425,0.07352996981064189,0.013650173611111111,0.010871835889188164,1422.0,0.35724331926863573,0.13783403656821375,0.3769338959212376,0.9587492845880766
large_long,rotatable_xlink,r0006,1.4,pulse_01,2.5490405027932956,1.0324747875098481,0.029604942140429264,-0.029604942140429264,1.0,0.3234567901234568,0.04969372197006168,0.013693576388888889,0.004357781984392258,1432.0,0.3519553072625699,0.13407821229050282,0.37709497206703907,0.9599182224631425
large_long,rotatable_xlink,r0006,1.45,pulse_01,2.4176853963838663,1.065063513463405,0.04402626040544755,-0.04402626040544755,1.0,0.3634085213032581,0.06218246260537445,0.01349826388888889,0.0132840372294701,1438.0,0.3477051460361615,0.1404728789986092,0.38247566063977745,0.9635808791268448
large_long,rotatable_xlink,r0006,1.5,pulse_01,2.2848829403606103,1.1121790108866687,0.049495721801682636,-0.049495721801682636,1.0,0.3167082294264339,0.08947861002793399,0.013802083333333333,0.004863520208096217,1442.0,0.3439667128987517,0.14840499306518723,0.39112343966712887,0.9629058528629264
large_long,rotatable_xlink,r0006,1.55,pulse_01,2.1207110655737704,1.0942446347119823,0.0547485172709861,-0.0547485172709861,1.0,0.26540284360189575,0.09520404856975999,0.013736979166666666,0.007805459618455172,1464.0,0.34016393442622955,0.14754098360655737,0.4084699453551912,0.9597337775348073
large_long,rotatable_xlink,r0006,1.6,pulse_01,1.9563918367346937,1.0653462531759377,0.04449782982837536,-0.04449782982837536,1.0,0.2744630071599045,0.037513395016513476,0.013997395833333334,0.01470378694034887,1470.0,0.33741496598639464,0.15782312925170067,0.4258503401360544,0.9640070500687324
large_long,rotatable_xlink,r0006,1.65,pulse_01,1.8537240866035183,1.006021913069889,0.024505647542035658,-0.024505647542035658,1.0,0.2631578947368421,0.06106837963577693,0.014019097222222223,0.022392681956822147,1478.0,0.33558863328822747,0.15967523680649526,0.43572395128552105,0.9652380944856758
large_long,rotatable_xlink,r0006,1.7000000000000002,pulse_01,1.8093579514824798,0.9309901614350048,0.009318261745747717,-0.009318261745747717,1.0,0.2904761904761905,0.06473302555137654,0.014214409722222222,0.021734052601627734,1484.0,0.3342318059299192,0.160377358490566,0.4407008086253369,0.9665605303894541
large_long,rotatable_xlink,r0006,1.75,pulse_01,1.797814516129032,0.8756175974601227,0.005563161480904115,-0.005563161480904115,0.8924731182795699,0.2907801418439716,0.07954375656266413,0.0140625,0.01527606306034022,1488.0,0.33736559139784955,0.168010752688172,0.439516129032258,0.9697490916465428
large_long,rotatable_xlink,r0006,1.8,pulse_01,1.7759789825970551,0.8393337830729635,0.021693140316120352,-0.021693140316120352,1.0,0.2651162790697674,0.09495721219434305,0.01423611111111111,0.0013996680442184088,1494.0,0.33467202141900937,0.1700133868808568,0.4417670682730924,0.9701126281751126
large_long,rotatable_xlink,r0006,1.85,pulse_01,1.6676556742323099,0.8840156057254331,0.024992618553409913,-0.024992618553409913,1.0,0.2374429223744292,0.0999910124174711,0.014149305555555556,0.0038874357666518664,1498.0,0.3284379172229639,0.17356475300400534,0.4405874499332443,0.9710732631971598
large_long,rotatable_xlink,r0006,1.9,pulse_01,1.6260232712765956,0.8626583976728747,0.01570256393523961,-0.01570256393523961,1.0,0.23569794050343248,0.08646613316783827,0.014279513888888888,0.004170047275990703,1504.0,0.32712765957446815,0.17553191489361702,0.44015957446808507,0.9708066479292741
large_long,rotatable_xlink,r0006,1.9500000000000002,pulse_01,1.5734402906208722,0.9090358893813774,0.006299932337986425,-0.006299932337986425,0.7886393659180978,0.23218390804597702,0.07369786903318079,0.014344618055555555,0.011532108345323996,1514.0,0.3262879788639366,0.18361955085865253,0.4451783355350064,0.9689476335214888
large_long,rotatable_xlink,r0006,2.0,pulse_01,1.588223677248677,0.9318510477448186,0.004927795542601625,0.004927795542601625,1.0,0.24423963133640553,0.05506393824573232,0.014496527777777778,0.00760505278781376,1512.0,0.3214285714285715,0.1798941798941799,0.4431216931216932,0.970421493515524
large_long,rotatable_xlink,r0006,2.05,pulse_02,1.9770379699248122,1.140208288797193,0.008952506265664276,-0.008952506265664276,1.0,0.30655391120507397,0.07035412422380988,0.015147569444444444,0.009896827386825846,1596.0,0.3508771929824562,0.17042606516290726,0.42606516290726815,0.974829559162828
large_long,rotatable_xlink,r0006,2.1,pulse_02,1.9501804511278193,1.1698987709576705,0.009558709273182956,-0.009558709273182956,0.899749373433584,0.30526315789473685,0.07145962117566178,0.015342881944444444,0.0010841714170933825,1596.0,0.3458646616541354,0.1729323308270677,0.4273182957393484,0.9757555208448833
large_long,rotatable_xlink,r0006,2.15,pulse_02,1.9196857142857144,1.1467133172997532,0.011260588972431021,-0.011260588972431021,1.0,0.2946236559139785,0.0731526403637564,0.015386284722222223,0.006404937213196867,1596.0,0.3446115288220552,0.17418546365914783,0.431077694235589,0.9753779977109213
large_long,rotatable_xlink,r0006,2.2,pulse_02,1.8826169172932332,1.1314691476784893,0.017002610693400182,-0.017002610693400182,0.899749373433584,0.2943722943722944,0.09086352392761059,0.014930555555555556,0.0006172640009066329,1596.0,0.3408521303258146,0.1766917293233083,0.431077694235589,0.9763747776858505
large_long,rotatable_xlink,r0006,2.25,pulse_02,1.8176700501253134,1.1430097332943134,0.017017167919799497,-0.017017167919799497,1.0,0.2885032537960954,0.10059781719545306,0.015017361111111112,0.009349908167935165,1596.0,0.33458646616541354,0.17418546365914783,0.43859649122807004,0.9726180684108345
large_long,rotatable_xlink,r0006,2.3,pulse_02,1.7805139097744362,1.0753696986708783,0.012150041771094392,-0.012150041771094392,0.8996235884567126,0.2778993435448578,0.06207288895823481,0.0150390625,0.010078617844222445,1596.0,0.329987452948557,0.17565872020075277,0.44040150564617286,0.9720133281554854
large_long,rotatable_xlink,r0006,2.35,pulse_02,1.744769799498747,1.0825380262289788,0.007175300311632271,-0.007175300311632271,0.899749373433584,0.2794759825327511,0.06790179045098395,0.015256076388888888,0.006013409579917435,1596.0,0.32832080200501257,0.1754385964912281,0.4398496240601504,0.9741581690713741
large_long,rotatable_xlink,r0006,2.4,pulse_02,1.7374621079046426,1.111450156150383,0.0047139364323707245,-0.0047139364323707245,0.8996235884567126,0.27631578947368424,0.061188372582724984,0.015125868055555556,0.0024692790997310108,1594.0,0.3337515683814303,0.17565872020075277,0.4391468005018818,0.9741342661003045
large_long,rotatable_xlink,r0006,2.45,pulse_02,1.7164861809045227,1.0973537008273648,0.003927809891627591,0.003927809891627591,1.0,0.27510917030567683,0.012843500253914864,0.015386284722222223,0.004886831656889227,1592.0,0.33291457286432175,0.17462311557788945,0.43969849246231174,0.9728493260559349
large_long,rotatable_xlink,r0006,2.5,pulse_02,1.7610289672544082,1.1407711460917183,0.00795339470231086,0.00795339470231086,1.0,0.2835164835164835,0.05516617032226544,0.014973958333333334,0.008628886519262857,1588.0,0.3324937027707809,0.1712846347607053,0.43576826196473545,0.9748838828863647
large_long,rotatable_xlink,r0006,2.55,pulse_02,1.7642065491183878,1.149127019942942,0.007914021830394654,-0.007914021830394654,1.0,0.2835164835164835,0.008539742087123606,0.014995659722222223,0.0033587989352206935,1588.0,0.3324937027707809,0.17254408060453402,0.4357682619647356,0.9710793925607709
large_long,rotatable_xlink,r0006,2.6,pulse_02,1.7135448362720402,1.1609239397030424,0.009429659949622157,-0.009429659949622157,1.0,0.2923076923076923,0.05268871021467197,0.014800347222222222,0.003251440563227422,1588.0,0.33249370277078083,0.172544080604534,0.4357682619647355,0.9732850946094891
large_long,rotatable_xlink,r0006,2.65,pulse_02,1.7076285894206549,1.1686356633223065,0.0019759280992121355,-0.0019759280992121355,1.0,0.27472527472527475,0.056428875905690894,0.015017361111111112,0.004490879907462442,1588.0,0.3337531486146094,0.17002518891687657,0.43576826196473545,0.9722085654194684
large_long,rotatable_xlink,r0006,2.7,pulse_02,1.7016892676767674,1.187869219147817,0.0007738757336152405,-0.0007738757336152405,1.0,0.27839643652561247,0.053896831996918804,0.0150390625,0.0032136619396958186,1584.0,0.3207070707070708,0.16919191919191917,0.43560606060606066,0.9716159574968324
large_long,rotatable_xlink,r0006,2.75,pulse_02,1.7029853350189634,1.1879176349604814,0.009391826955820304,-0.009391826955820304,1.0,0.28699551569506726,0.07458055589842874,0.015125868055555556,0.007330533287755421,1582.0,0.324905183312263,0.168141592920354,0.4361567635903919,0.9729514264294962
large_long,rotatable_xlink,r0006,2.8,pulse_02,1.6453383059418456,1.1438860194212845,0.04371392751790985,-0.04371392751790985,1.0,0.26948775055679286,0.0650847031744406,0.015082465277777778,0.008522563982839829,1582.0,0.32616940581542353,0.1731984829329962,0.43489254108723135,0.9748297416414157
large_long,rotatable_xlink,r0006,2.85,pulse_02,1.4407017699115043,1.1367822510634424,0.07207109144542771,-0.07207109144542771,1.0,0.23076923076923078,0.02458713198193564,0.014995659722222223,0.005813573734286444,1582.0,0.3151898734177216,0.1911392405063291,0.4417721518987342,0.9724532396158067
large_long,rotatable_xlink,r0006,2.9,pulse_02,1.2129117572692794,1.1090045770155659,0.05292585335018966,-0.05292585335018966,0.8987341772151899,0.1912087912087912,0.008724817320083792,0.014952256944444445,0.0038710959278407766,1582.0,0.3025316455696203,0.20126582278481014,0.45063291139240497,0.975132796320655
large_long,rotatable_xlink,r0006,2.95,pulse_02,1.1231466498103664,1.1135556754963978,0.03448459755583647,-0.03448459755583647,0.8988621997471555,0.16703786191536749,0.05744930689338456,0.014952256944444445,0.0018072586201305363,1582.0,0.29203539823008856,0.1997471554993679,0.4551201011378003,0.9753263022990671
large_long,rotatable_xlink,r0006,3.0,pulse_02,1.0060041719342605,1.119848128736349,0.03904749262536863,-0.03904749262536863,0.8988621997471555,0.14285714285714285,0.03496920498763419,0.015017361111111112,0.0020974844133171042,1582.0,0.2882427307206069,0.2035398230088496,0.46270543615676374,0.9749586475113167
large_long,rotatable_xlink,r0006,3.05,pulse_03,1.6517551116333726,1.1500390819893909,0.0032345475910692625,-0.0032345475910692625,0.9058823529411765,0.24070450097847357,0.07160127264274606,0.016145833333333335,0.0028025557060583997,1702.0,0.33647058823529413,0.18941176470588234,0.4305882352941178,0.9788546369929311
large_long,rotatable_xlink,r0006,3.1,pulse_03,1.6420514688601648,1.1416314148712157,0.006217234625930305,-0.006217234625930305,0.9059929494712103,0.2446183953033268,0.05733055488051161,0.015907118055555555,0.0052880928623563195,1702.0,0.33725029377203286,0.1891891891891892,0.42890716803760276,0.97834861759998
large_long,rotatable_xlink,r0006,3.15,pulse_03,1.6144517038777908,1.118310524815253,0.004589208773991456,-0.004589208773991456,0.9059929494712103,0.23622047244094488,0.05087724872671918,0.016319444444444445,0.006231209653048908,1702.0,0.33372502937720333,0.19036427732079905,0.427732079905993,0.9749875741565547
large_long,rotatable_xlink,r0006,3.2,pulse_03,1.614516216216216,1.1042441569529222,0.013897023110066575,-0.013897023110066575,1.0,0.23904382470119523,0.0403146098819122,0.016362847222222223,0.0016477681216912805,1702.0,0.33254994124559345,0.19271445358401884,0.43125734430082263,0.9754594301250368
large_long,rotatable_xlink,r0006,3.25,pulse_03,1.5310695652173913,1.1084239160851053,0.019675362318840522,-0.019675362318840522,1.0,0.2204724409448819,0.03361285606268268,0.015842013888888888,0.0028454208568227113,1702.0,0.3301997649823737,0.19623971797884843,0.43478260869565205,0.9773489565391534
large_long,rotatable_xlink,r0006,3.3,pulse_03,1.496464042303173,1.1213166820938585,0.023737034860947952,-0.023737034860947952,0.9059929494712103,0.2180746561886051,0.0686314448675618,0.016037326388888887,0.004169184842202374,1702.0,0.3266745005875441,0.19623971797884843,0.4383078730904818,0.9768048762171817
large_long,rotatable_xlink,r0006,3.35,pulse_03,1.3886473560517036,1.1334390251383195,0.034762475518997284,-0.034762475518997284,0.9059929494712103,0.19921875,0.07262772111042831,0.016124131944444446,0.005985918060319599,1702.0,0.32902467685076375,0.21151586368977676,0.44535840188014103,0.9779571009300047
large_long,rotatable_xlink,r0006,3.4,pulse_03,1.2878891891891893,1.157232190455776,0.03969741480611044,-0.03969741480611044,0.9059929494712103,0.1883495145631068,0.05016466250853148,0.016102430555555554,0.002823478972034351,1702.0,0.3278495887191539,0.21034077555816683,0.4465334900117508,0.9777056728626793
large_long,rotatable_xlink,r0006,3.45,pulse_03,1.150462867215041,1.1503798989705256,0.036977046611829247,-0.036977046611829247,0.9059929494712103,0.1528046421663443,0.07201964038331732,0.015928819444444443,0.002287829583026054,1702.0,0.32079905992949476,0.21974148061104587,0.45240893066980015,0.9815487574519937
large_long,rotatable_xlink,r0006,3.5,pulse_03,1.0660269095182138,1.1435052129576198,0.015078162945554197,-0.015078162945554197,0.9059929494712103,0.15105162523900573,0.058192635810824164,0.016080729166666665,0.0010852535429062653,1702.0,0.317273795534665,0.22209165687426555,0.4559341950646298,0.981833141120399
large_long,rotatable_xlink,r0006,3.55,pulse_03,1.0599938895417158,1.143868377713088,0.0013488249118683477,-0.0013488249118683477,0.8119858989424207,0.1423076923076923,0.04250183982065847,0.016102430555555554,0.0031108335624103014,1702.0,0.3149236192714454,0.2220916568742656,0.45593419506462973,0.9808027005922311
large_long,rotatable_xlink,r0006,3.6,pulse_03,1.0579339600470037,1.1621702143320816,2.564825695261508e-05,-2.564825695261508e-05,0.8117647058823529,0.14395393474088292,0.04957802054320512,0.016102430555555554,0.004099405606598901,1702.0,0.31529411764705884,0.2223529411764706,0.45176470588235296,0.9809736598977778
large_long,rotatable_xlink,r0006,3.65,pulse_03,1.0598400000000001,1.1684648113526814,0.0006348953019515621,-0.0006348953019515621,0.9058823529411765,0.1532567049808429,0.024813058368962713,0.016124131944444446,0.0001359601488608956,1700.0,0.31529411764705884,0.22000000000000003,0.4564705882352942,0.980902125294303
large_long,rotatable_xlink,r0006,3.7,pulse_03,1.0541245882352943,1.162985975225247,0.003611218553459102,0.003611218553459102,0.9058823529411765,0.1532567049808429,0.026607705065797134,0.01625434027777778,0.00031961663657731343,1700.0,0.3141176470588235,0.21999999999999997,0.4564705882352942,0.9784042399130775
large_long,rotatable_xlink,r0006,3.75,pulse_03,1.0815073113207547,1.1703825111721453,0.00467620856455786,0.00467620856455786,0.8113207547169812,0.15930902111324377,0.05977798601752159,0.016145833333333335,0.00301212231998634,1696.0,0.3125,0.2193396226415094,0.4528301886792452,0.9801534000210014
large_long,rotatable_xlink,r0006,3.8,pulse_03,1.0821818396226415,1.144913241305329,0.0029809312649900685,-0.0029809312649900685,0.9056603773584906,0.1576923076923077,0.02720774828662497,0.016167534722222224,0.001823226973510043,1696.0,0.31721698113207547,0.21816037735849053,0.45283018867924507,0.9807618452781105
large_long,rotatable_xlink,r0006,3.85,pulse_03,1.0636217237308143,1.159443149331085,0.005736072050448127,-0.005736072050448127,0.9055489964580874,0.16216216216216217,0.023149085837988755,0.01623263888888889,0.004701872782549225,1694.0,0.3140495867768595,0.21841794569067297,0.45100354191263287,0.9771839578613725
large_long,rotatable_xlink,r0006,3.9,pulse_03,1.0477654073199527,1.1167020046100335,0.007882338570520342,-0.007882338570520342,0.9054373522458629,0.15953307392996108,0.061765691759363923,0.01623263888888889,0.01804563590054087,1694.0,0.30969267139479906,0.21631205673758874,0.45626477541371163,0.9758448223971378
large_long,rotatable_xlink,r0006,3.95,pulse_03,1.0163276923076923,1.0511693339278398,0.012040447571076918,-0.012040447571076918,0.9053254437869822,0.14960629921259844,0.06172445949552176,0.015863715277777777,0.01882064676406196,1690.0,0.31124260355029587,0.21420118343195266,0.455621301775148,0.9787424087310403
large_long,rotatable_xlink,r0006,4.0,pulse_03,0.9755227218934912,1.0037781240256618,0.013601656804733686,-0.013601656804733686,0.9053254437869822,0.15354330708661418,0.07198591620800403,0.015928819444444443,0.01579706996739268,1690.0,0.31242603550295855,0.2165680473372781,0.45798816568047335,0.9774345282129295
large_long,rotatable_xlink,r0006,4.05,pulse_04,1.534013671444322,1.1012291054156689,0.036056192576258805,-0.036056192576258805,0.9117971334068358,0.2508833922261484,0.06576897970546601,0.01720920138888889,0.005807478788666831,1814.0,0.35060639470782795,0.2028665931642778,0.42888643880926125,0.9808545944961784
large_long,rotatable_xlink,r0006,4.1,pulse_04,1.4258450937155456,1.0838066690496684,0.033743550165380366,-0.033743550165380366,0.9117971334068358,0.2229965156794425,0.0803998082514995,0.017035590277777776,0.0045548716063419,1814.0,0.34068357221609696,0.2083792723263506,0.43880926130099224,0.9764855641289822
large_long,rotatable_xlink,r0006,4.15,pulse_04,1.3315523704520398,1.0738998757776175,0.03628081587651596,-0.03628081587651596,0.9116997792494481,0.2097053726169844,0.06864763691133426,0.017252604166666668,0.0038648476643174945,1814.0,0.33333333333333337,0.2130242825607064,0.4415011037527594,0.9775330113882423
large_long,rotatable_xlink,r0006,4.2,pulse_04,1.2081601984564498,1.0606175830637634,0.035046476753044176,-0.035046476753044176,0.9116997792494481,0.18374558303886926,0.06178756657276113,0.016840277777777777,0.006513561891923055,1814.0,0.32229580573951433,0.21743929359823397,0.44701986754966877,0.9776260434898163
large_long,rotatable_xlink,r0006,4.25,pulse_04,1.1212735099337747,1.0348185044260791,0.01481360582008969,-0.01481360582008969,0.9116997792494481,0.17647058823529413,0.06549615110148511,0.017165798611111113,0.005709613303296594,1812.0,0.3057395143487859,0.21743929359823405,0.45033112582781476,0.9788046119085813
large_long,rotatable_xlink,r0006,4.3,pulse_04,1.1192785635359117,1.0263599032439839,0.003865716633456473,0.003865716633456473,0.9116022099447514,0.1657559198542805,0.05374860507509413,0.01723090277777778,0.0014640912151436813,1810.0,0.30386740331491713,0.21657458563535908,0.4486187845303867,0.9750916702084397
large_long,rotatable_xlink,r0006,4.35,pulse_04,1.1444678097345136,1.026033957135217,0.007036463109463227,0.007036463109463227,1.0,0.1706422018348624,0.05305629783563876,0.017144097222222224,0.0017359174517703375,1808.0,0.3086283185840708,0.2146017699115044,0.4480088495575223,0.9744984385050414
large_long,rotatable_xlink,r0006,4.4,pulse_04,1.161497342192691,1.0367754079546059,0.00013628051120972984,0.00013628051120972984,0.82281284606866,0.1624548736462094,0.05270687764795799,0.017144097222222224,0.0018370403046473749,1806.0,0.3089700996677741,0.21483942414174972,0.4473975636766333,0.9773054204267206
large_long,rotatable_xlink,r0006,4.45,pulse_04,1.145285492801772,1.0370561989631013,0.0111369878183832,-0.0111369878183832,0.91140642303433,0.15151515151515152,0.04979782017579699,0.017057291666666665,0.004028817256865103,1806.0,0.31118493909191586,0.21594684385382057,0.44850498338870437,0.9773705078167395
large_long,rotatable_xlink,r0006,4.5,pulse_04,1.0946754152823919,1.0609483114957965,0.018239368770764153,-0.018239368770764153,1.0,0.1622103386809269,0.07013101320193492,0.01723090277777778,0.014905635621192145,1806.0,0.31007751937984496,0.21594684385382062,0.4496124031007752,0.9758263249197878
large_long,rotatable_xlink,r0006,4.55,pulse_04,1.035849280177187,1.1264900126902542,0.016576098191214455,-0.016576098191214455,0.91140642303433,0.15641476274165203,0.05775550573460424,0.017534722222222222,0.018005687344187022,1806.0,0.3078626799557032,0.2203765227021041,0.4595791805094131,0.9777065904941519
large_long,rotatable_xlink,r0006,4.6,pulse_04,0.9952188261351052,1.1689824355609186,0.007877614693241422,-0.007877614693241422,0.82281284606866,0.14186851211072665,0.03929571693093029,0.017165798611111113,0.005954452493225533,1806.0,0.31118493909191586,0.22702104097452938,0.4629014396456256,0.9756710796912197
large_long,rotatable_xlink,r0006,4.65,pulse_04,0.9885835920177385,1.1622167276496074,0.0014908134761876246,0.0014908134761876246,1.0,0.1388888888888889,0.09385504466922438,0.017339409722222223,0.00048517694290783897,1804.0,0.31152993348115304,0.22616407982261647,0.4623059866962307,0.97702353812632
large_long,rotatable_xlink,r0006,4.7,pulse_04,1.004163706992231,1.1718934972183657,0.004988734663710285,0.004988734663710285,0.9112097669256382,0.14878892733564014,0.05747072569541196,0.017165798611111113,0.0022877468199507347,1802.0,0.30632630410654826,0.22641509433962267,0.4650388457269701,0.9773301587792088
large_long,rotatable_xlink,r0006,4.75,pulse_04,1.0185160000000002,1.148490246729903,0.005965011797591162,0.005965011797591162,0.9111111111111111,0.14878892733564014,0.0494533767130119,0.017144097222222224,0.00254278004384619,1800.0,0.3111111111111112,0.22555555555555556,0.4644444444444445,0.9763049665657226
large_long,rotatable_xlink,r0006,4.8,pulse_04,1.0399537777777779,1.1566368169552885,0.00468879629629626,0.00468879629629626,1.0,0.14782608695652175,0.03986737701710154,0.0171875,0.0005198339917380131,1800.0,0.3125695216907675,0.2258064516129032,0.4638487208008898,0.9773067063719244
large_long,rotatable_xlink,r0006,4.85,pulse_04,1.0466487777777778,1.1453712427794749,0.006772088658179872,-0.006772088658179872,0.9111111111111111,0.138353765323993,0.08162523429643222,0.017100694444444446,0.002624410215167683,1800.0,0.31333333333333335,0.22666666666666666,0.4655555555555554,0.9811800094315541
large_long,rotatable_xlink,r0006,4.9,pulse_04,0.9993212458286986,1.1408903556642824,0.011282628516043855,-0.011282628516043855,0.910913140311804,0.13485113835376533,0.08319800537363967,0.01697048611111111,0.0002707043568560552,1798.0,0.31180400890868604,0.2271714922048998,0.46770601336302897,0.9829623763207677
large_long,rotatable_xlink,r0006,4.95,pulse_04,0.9789530066815146,1.1437470166383386,0.004351295240195137,-0.004351295240195137,0.8214285714285714,0.13181019332161686,0.09935197486346899,0.016840277777777777,0.0005696722758011438,1796.0,0.31138392857142844,0.2276785714285714,0.46763392857142855,0.9819134699315972
large_long,rotatable_xlink,r0006,5.0,pulse_04,0.9732134743875278,1.1374723220094756,0.0019131774313289422,-0.0019131774313289422,0.8218262806236081,0.13134851138353765,0.05623807500803845,0.016688368055555555,0.0020915648762876624,1796.0,0.31403118040089084,0.22828507795100225,0.46659242761692654,0.9815178134780659
large_long,rotatable_xlink,r0006,5.05,pulse_05,1.4744261603375528,1.1067377430671759,0.0037278515171902025,0.0037278515171902025,0.9156118143459916,0.20193861066235863,0.033664605302190356,0.018055555555555554,0.003981786383627488,1896.0,0.3470464135021097,0.21518987341772156,0.4409282700421941,0.981433880649773
large_long,rotatable_xlink,r0006,5.1,pulse_05,1.4856097148891234,1.0947923839162934,0.004377176236905404,0.004377176236905404,0.8310454065469906,0.20650406504065041,0.06702242942953972,0.01755642361111111,0.0018294226072239628,1894.0,0.34635691657866946,0.21436114044350574,0.44033790918690585,0.9805301114977275
large_long,rotatable_xlink,r0006,5.15,pulse_05,1.5006892177589852,1.095761207423832,0.001679881908895231,0.001679881908895231,0.7463002114164905,0.21103896103896103,0.06868984449680114,0.01775173611111111,0.00033552135311620823,1892.0,0.34778012684989423,0.21353065539112054,0.4376321353065539,0.9832608099974363
large_long,rotatable_xlink,r0006,5.2,pulse_05,1.4956890063424948,1.0927792557975962,0.004231430473058406,-0.004231430473058406,0.9154334038054969,0.2012987012987013,0.10022893816599397,0.018033854166666665,0.0043830969419475325,1892.0,0.3477801268498944,0.21247357293868924,0.43763213530655387,0.9814686356536574
large_long,rotatable_xlink,r0006,5.25,pulse_05,1.4753006349206348,1.069462625772147,0.004761889064137177,-0.004761889064137177,0.746031746031746,0.20516962843295639,0.07888474755824527,0.017903645833333332,0.0051041790399123,1890.0,0.3481481481481481,0.2169312169312169,0.4402116402116401,0.9815950141934146
large_long,rotatable_xlink,r0006,5.3,pulse_05,1.4671176719576717,1.0621541815581224,0.0008044669200072407,0.0008044669200072407,0.8303287380699894,0.19611021069692058,0.03689655306997681,0.017903645833333332,0.00035367842208466893,1890.0,0.34570519618239665,0.2173913043478261,0.44220572640509015,0.982148411350184
large_long,rotatable_xlink,r0006,5.35,pulse_05,1.4801274364406782,1.071584696304655,0.0037093604646818066,0.0037093604646818066,0.8305084745762712,0.19805194805194806,0.02904750932600215,0.018012152777777776,0.0013202435996556943,1888.0,0.3453389830508474,0.21610169491525424,0.43855932203389825,0.9798096214045109
large_long,rotatable_xlink,r0006,5.4,pulse_05,1.4893738347457626,1.0542327199601882,0.0009716807909604755,-0.0009716807909604755,0.8305084745762712,0.2025931928687196,0.06499624549200265,0.018142361111111113,0.0007434382877413714,1888.0,0.34745762711864403,0.21504237288135591,0.43855932203389836,0.9811172677283612
large_long,rotatable_xlink,r0006,5.45,pulse_05,1.4742973516949154,1.0671240665782067,0.002746399110154507,-0.002746399110154507,0.7457627118644068,0.2097560975609756,0.04596873737015222,0.017903645833333332,0.0016147310151940115,1888.0,0.34745762711864403,0.21292372881355934,0.44173728813559326,0.9830933281023548
large_long,rotatable_xlink,r0006,5.5,pulse_05,1.4728954400848355,1.0639211060513523,0.0034923475871871945,-0.0034923475871871945,0.7454931071049841,0.21172638436482086,0.07512047099281532,0.017643229166666666,0.002231118211384812,1886.0,0.3478260869565217,0.21527041357370097,0.4432661717921528,0.9805353215012529
large_long,rotatable_xlink,r0006,5.55,pulse_05,1.4533432661717922,1.0537373573098978,0.006916048073524195,-0.006916048073524195,0.8303287380699894,0.20588235294117646,0.0703057784461062,0.01794704861111111,0.0034894542721359465,1886.0,0.3499469777306468,0.21739130434782608,0.44750795334040294,0.9794667140174288
large_long,rotatable_xlink,r0006,5.6,pulse_05,1.4313991516436904,1.0429843804185366,0.00268051251483159,-0.00268051251483159,0.7452229299363058,0.20261437908496732,0.08210870345951707,0.017469618055555556,0.00040783453547377224,1886.0,0.348195329087049,0.2197452229299363,0.4479830148619959,0.9817532878919714
large_long,rotatable_xlink,r0006,5.65,pulse_05,1.4372601910828027,1.0561843645227404,0.002910810182527183,0.002910810182527183,0.8301486199575372,0.2078559738134206,0.07091483680848605,0.017860243055555555,0.0020810899742960873,1884.0,0.348195329087049,0.2176220806794055,0.44585987261146504,0.9817166547105465
large_long,rotatable_xlink,r0006,5.7,pulse_05,1.4488640127388535,1.03049784057276,0.0031597310686482714,0.0031597310686482714,0.744952178533475,0.21311475409836064,0.058714383827925876,0.017621527777777778,0.005904938076892925,1884.0,0.3475026567481403,0.21360255047821464,0.4463336875664187,0.9820512630480684
large_long,rotatable_xlink,r0006,5.75,pulse_05,1.4562185774946923,1.020754736061383,5.017074260338372e-05,5.017074260338372e-05,0.8301486199575372,0.20525451559934318,0.061114754784343035,0.017643229166666666,0.0027081079299510202,1884.0,0.34819532908704887,0.2176220806794055,0.44267515923566886,0.9838229867048128
large_long,rotatable_xlink,r0006,5.8,pulse_05,1.4491650371944738,1.014249192993054,0.0015478890227604476,-0.0015478890227604476,0.744952178533475,0.21052631578947367,0.022693217634100517,0.01775173611111111,0.0011868324207292187,1882.0,0.3464399574920297,0.21360255047821458,0.45058448459086076,0.9793628482653357
large_long,rotatable_xlink,r0006,5.85,pulse_05,1.4469312433581296,1.0136337415370076,0.0057479808714133345,-0.0057479808714133345,0.744952178533475,0.2079207920792079,0.049323558747262956,0.017881944444444443,0.0005647515654761589,1882.0,0.34431455897980867,0.2146652497343252,0.4537725823591924,0.9796923884422442
large_long,rotatable_xlink,r0006,5.9,pulse_05,1.4146771519659938,1.010860683600197,0.00748586609989373,-0.00748586609989373,0.8299681190223167,0.19801980198019803,0.058374986199538244,0.01796875,0.0005345395276278309,1882.0,0.3421891604675876,0.21785334750265678,0.45696068012752394,0.9800794654170685
large_long,rotatable_xlink,r0006,5.95,pulse_05,1.4020160467587672,1.0168409787027746,0.0033265851930570633,-0.0033265851930570633,0.9149840595111584,0.18677685950413223,0.049606288111657834,0.017860243055555555,0.0004258338134259798,1882.0,0.34112646121147716,0.2199787460148778,0.45589798087141337,0.9815797505949794
large_long,rotatable_xlink,r0006,6.0,pulse_05,1.3947176408076514,1.0134156864807529,0.002432801983705287,-0.002432801983705287,1.0,0.19407894736842105,0.05455763271700862,0.01755642361111111,0.0011417640740072343,1882.0,0.3390010626992562,0.22210414452709887,0.4580233793836346,0.9789695608780304
large_long,rotatable_xlink,r0006,6.05,pulse_06,1.9368437686939184,1.0745399698542455,0.0018721502160186088,-0.0018721502160186088,0.9202392821535393,0.2697466467958271,0.003877260707024419,0.018663194444444444,0.0012597445749154002,2006.0,0.3808574277168494,0.20638085742771684,0.42671984047856426,0.9800232999267259
large_long,rotatable_xlink,r0006,6.1,pulse_06,1.9312273180458626,1.0707607361294993,0.0005337155201063185,0.0005337155201063185,1.0,0.26015037593984963,0.0308328092558133,0.018815104166666666,0.0036403149044294723,2006.0,0.378863409770688,0.2063808574277169,0.4267198404785642,0.9784734806975777
large_long,rotatable_xlink,r0006,6.15,pulse_06,1.9400460618145563,1.0526980804276687,0.009207749810840604,-0.009207749810840604,0.9202392821535393,0.2697466467958271,0.01896029991728581,0.01870659722222222,0.0015765937109507948,2006.0,0.3788634097706879,0.2073778664007976,0.42671984047856437,0.980760103003129
large_long,rotatable_xlink,r0006,6.2,pulse_06,1.875980819180819,1.080220298395204,0.024179860302426064,-0.024179860302426064,0.9200799200799201,0.2648809523809524,0.0480181447425516,0.018836805555555555,0.011788615697784555,2002.0,0.3806193806193806,0.2107892107892108,0.4255744255744256,0.9800214209675426
large_long,rotatable_xlink,r0006,6.25,pulse_06,1.7949669,1.123429774614376,0.030660603196803193,-0.030660603196803193,0.8398398398398398,0.2518628912071535,0.04950705621454531,0.01918402777777778,0.010582829161180881,2000.0,0.38138138138138133,0.21421421421421422,0.42542542542542544,0.9831136953011366
large_long,rotatable_xlink,r0006,6.3,pulse_06,1.6920171999999998,1.1437172733622893,0.02759188073073071,-0.02759188073073071,0.76,0.23668639053254437,0.0817918687142071,0.01875,0.0008482766481994938,2000.0,0.37999999999999995,0.22200000000000003,0.4250000000000001,0.9808133129903785
large_long,rotatable_xlink,r0006,6.35,pulse_06,1.6294156156156157,1.128519434503573,0.011936951503005963,-0.011936951503005963,0.91991991991992,0.23555555555555555,0.08653592019137687,0.018793402777777777,0.0015424074866346265,1998.0,0.37837837837837834,0.22322322322322322,0.42742742742742745,0.9818094383747384
large_long,rotatable_xlink,r0006,6.4,pulse_06,1.620395490981964,1.1344628284424816,0.012443918567866493,-0.012443918567866493,0.8395185556670011,0.228486646884273,0.040188842512402775,0.018641493055555555,0.0015121307373499038,1996.0,0.37612838515546637,0.22668004012036108,0.4302908726178535,0.9823317571919472
large_long,rotatable_xlink,r0006,6.45,pulse_06,1.5547521042084167,1.1375922189276724,0.02254903139612559,-0.02254903139612559,0.8395185556670011,0.21893491124260356,0.01936877657551693,0.018619791666666666,0.0044726905946051625,1996.0,0.37612838515546637,0.23169508525576732,0.4312938816449348,0.9843066518843752
large_long,rotatable_xlink,r0006,6.5,pulse_06,1.4851013026052104,1.1076266848748506,0.028225083500333963,-0.028225083500333963,0.7595190380761523,0.21726190476190477,0.07130335648690099,0.018793402777777777,0.0051931717006841556,1996.0,0.37274549098196397,0.2374749498997996,0.434869739478958,0.9838814637521787
large_long,rotatable_xlink,r0006,6.55,pulse_06,1.385401603206413,1.1064331887235674,0.0268560955243821,-0.0268560955243821,0.6793587174348698,0.20478325859491778,0.062241093417207766,0.0185546875,0.0005305542264540941,1996.0,0.36973947895791587,0.2384769539078157,0.4388777555110222,0.9821975763081774
large_long,rotatable_xlink,r0006,6.6,pulse_06,1.3239647294589179,1.104443359516126,0.015144299297357685,-0.015144299297357685,0.679037111334002,0.19821162444113263,0.04219782272994746,0.019010416666666665,0.004311587740367366,1996.0,0.3681043129388165,0.24172517552657977,0.4483450351053159,0.9831226195511971
large_long,rotatable_xlink,r0006,6.65,pulse_06,1.2945358074222668,1.0805636622813632,0.005486574722403288,-0.005486574722403288,0.8395185556670011,0.1887905604719764,0.0697412338011265,0.018641493055555555,0.006476224991581033,1994.0,0.37011033099297896,0.24172517552657974,0.4473420260782347,0.9827947874767543
large_long,rotatable_xlink,r0006,6.7,pulse_06,1.2910452811244981,1.0655860095666398,0.003597198621350328,-0.003597198621350328,0.7590361445783133,0.18061674008810572,0.06835530104088282,0.018684895833333333,0.00313868952106533,1992.0,0.37048192771084343,0.2389558232931727,0.44678714859437746,0.981782378802508
large_long,rotatable_xlink,r0006,6.75,pulse_06,1.2729526156941648,1.0617315251549713,0.010229813789026024,-0.010229813789026024,0.9195171026156942,0.17784256559766765,0.06876508798843894,0.018619791666666666,0.0011087218213851797,1988.0,0.3702213279678069,0.24849094567404423,0.4476861167002011,0.9799967163385386
large_long,rotatable_xlink,r0006,6.8,pulse_06,1.229666398390342,1.0589336786383288,0.0074668846411803935,-0.0074668846411803935,0.8390342052313884,0.16594516594516595,0.040917792798100816,0.01892361111111111,0.0031221646115145627,1988.0,0.3702213279678068,0.2565392354124748,0.44969818913480875,0.9825024078471963
large_long,rotatable_xlink,r0006,6.85,pulse_06,1.2281513078470825,1.0804645128240586,0.00031348088531187496,0.00031348088531187496,0.8383838383838383,0.16212338593974174,0.023721630409927606,0.018598090277777778,0.004998953055453541,1988.0,0.3676767676767677,0.25757575757575757,0.4494949494949495,0.982756347875629
large_long,rotatable_xlink,r0006,6.9,pulse_06,1.2315472837022132,1.08892739697105,0.0028352994986045412,0.0028352994986045412,0.8388721047331319,0.16212338593974174,0.0427911152169583,0.018489583333333334,0.0002725073826111979,1988.0,0.37059415911379656,0.2537764350453172,0.447129909365559,0.9812559919712291
large_long,rotatable_xlink,r0006,6.95,pulse_06,1.2451631048387097,1.0820995571197258,0.0010582310546765432,0.0010582310546765432,0.8387096774193549,0.1683453237410072,0.06598082406707971,0.018315972222222223,0.0004632910431113431,1984.0,0.3709677419354839,0.2560483870967742,0.4465725806451612,0.9815050623661061
large_long,rotatable_xlink,r0006,7.0,pulse_06,1.2378966700302725,1.091707143229718,0.00242214493614575,-0.00242214493614575,0.8385469223007064,0.1712230215827338,0.04417087754767807,0.018858506944444443,0.003202528703330746,1982.0,0.37436932391523714,0.2583249243188699,0.44601412714429856,0.9834631544708975
large_long,rotatable_xlink,r0006,7.05,pulse_07,1.7597601518026562,1.0788928159683397,0.0007612231633731259,0.0007612231633731259,0.7720797720797721,0.23973509933774834,0.04231117449843769,0.019769965277777777,0.012301165334836014,2108.0,0.4083570750237418,0.2431149097815765,0.4188034188034188,0.9808199197690488
large_long,rotatable_xlink,r0006,7.1,pulse_07,1.7620438212927756,1.0419893199638317,0.009548655176751,-0.009548655176751,0.9238820171265462,0.2436750998668442,0.025155516501764744,0.019596354166666666,0.00445526046107525,2104.0,0.40818268315889644,0.23977164605137974,0.423406279733587,0.9801448035766863
large_long,rotatable_xlink,r0006,7.15,pulse_07,1.7024682207421502,1.0521612532018882,0.015033503103927778,-0.015033503103927778,0.9238820171265462,0.2393617021276596,0.03713703451358107,0.01953125,0.0025149427754706335,2102.0,0.40818268315889633,0.23786869647954328,0.4310180780209323,0.9775592176221805
large_long,rotatable_xlink,r0006,7.2,pulse_07,1.671842802669209,1.0570789766166555,0.00473724480562554,-0.00473724480562554,0.8474737845567207,0.2311756935270806,0.019361961499683715,0.019596354166666666,0.003417076154829631,2098.0,0.4089609151572927,0.24022878932316488,0.42802669208770255,0.977749618395042
large_long,rotatable_xlink,r0006,7.25,pulse_07,1.674044751908397,1.072663710130866,0.0001456674932142447,-0.0001456674932142447,0.7709923664122138,0.22177954847277556,0.02597929794371526,0.019769965277777777,0.00682552755096429,2096.0,0.409351145038168,0.24045801526717558,0.42748091603053434,0.9797090426957981
large_long,rotatable_xlink,r0006,7.3,pulse_07,1.6709687977099235,1.0980321419224413,0.0017277104041082403,-0.0017277104041082403,0.8473282442748091,0.22709163346613545,0.04352200105284787,0.01970486111111111,0.0016998885589171546,2096.0,0.409351145038168,0.24045801526717558,0.42748091603053434,0.9770547128472641
large_long,rotatable_xlink,r0006,7.35,pulse_07,1.6636784894837475,1.082863041484369,0.0017900169686012601,0.0017900169686012601,0.7701149425287357,0.2350597609561753,0.017099058227402552,0.019986979166666665,0.000870470870739215,2092.0,0.40996168582375486,0.23467432950191566,0.42816091954022983,0.9761014559511189
large_long,rotatable_xlink,r0006,7.4,pulse_07,1.681708899521531,1.1032549671468765,0.0027993267128363364,0.0027993267128363364,0.7703349282296651,0.23138297872340424,0.009915921537068634,0.019856770833333332,0.004375290497062275,2090.0,0.40574162679425835,0.23732057416267946,0.427751196172249,0.9772353491151211
large_long,rotatable_xlink,r0006,7.45,pulse_07,1.6804744497607655,1.1091147844667426,0.00157105263157901,0.00157105263157901,0.7698945349952061,0.22994652406417113,0.014264717781460158,0.020008680555555554,0.00045909198016628555,2090.0,0.4065196548418024,0.2348993288590604,0.4276126558005752,0.9792745479783524
large_long,rotatable_xlink,r0006,7.5,pulse_07,1.691135215311005,1.1005004152658788,0.0011986443381180045,-0.0011986443381180045,0.84688995215311,0.22994652406417113,0.014668200234991522,0.019314236111111112,0.002109595570510899,2090.0,0.40382775119617226,0.2354066985645933,0.42870813397129187,0.9794969598438226
large_long,rotatable_xlink,r0006,7.55,pulse_07,1.6732825837320575,1.0964572110436772,0.005264936906878866,-0.005264936906878866,0.84688995215311,0.2214765100671141,0.013433020298117318,0.019639756944444444,0.0008338326101658596,2090.0,0.400956937799043,0.2430622009569378,0.4258373205741628,0.9797858442380271
large_long,rotatable_xlink,r0006,7.6,pulse_07,1.6595455938697319,1.0954974196048837,0.002838068845084085,-0.002838068845084085,0.8467432950191571,0.2124492557510149,0.02662873776577971,0.019813368055555555,0.0031386393820730016,2088.0,0.39655172413793105,0.23946360153256707,0.4252873563218391,0.9787234557856208
large_long,rotatable_xlink,r0006,7.65,pulse_07,1.656254170661553,1.1152890473361152,0.0030928357025368967,-0.0030928357025368967,0.8465963566634708,0.2140921409214092,0.028453991350033923,0.019574652777777778,0.0013562490515198016,2086.0,0.39693192713326936,0.23969319271332695,0.4256951102588687,0.9799511646826359
large_long,rotatable_xlink,r0006,7.7,pulse_07,1.6409885796545105,1.0873599252957649,0.0010468446459617198,-0.0010468446459617198,0.8464491362763915,0.22237380627557982,0.03356865334732131,0.01968315972222222,0.0033583692908394727,2084.0,0.3934740882917466,0.23224568138195778,0.42322456813819587,0.9806172566592998
large_long,rotatable_xlink,r0006,7.75,pulse_07,1.6499731027857827,1.0951388315910784,0.0011307495447610376,0.0011307495447610376,0.8463016330451489,0.2222222222222222,0.05314520578767573,0.01955295138888889,0.0015414595435863838,2082.0,0.3948126801152739,0.23342939481268016,0.42170989433237266,0.9804305123463422
large_long,rotatable_xlink,r0006,7.8,pulse_07,1.6477730769230767,1.0966086825572832,0.004200376356363796,0.004200376356363796,0.7692307692307692,0.22783083219645292,0.04758205115841586,0.019487847222222222,0.00010309584381644014,2080.0,0.3894230769230769,0.23365384615384616,0.4240384615384615,0.981712094331587
large_long,rotatable_xlink,r0006,7.85,pulse_07,1.6751753609239655,1.0945202565281797,9.029083685004509e-05,9.029083685004509e-05,0.7690086621751684,0.23076923076923078,0.04239201486282284,0.01987847222222222,0.002116442366389304,2078.0,0.3878729547641963,0.23291626564003845,0.422521655437921,0.9811167926163187
large_long,rotatable_xlink,r0006,7.9,pulse_07,1.648314821944177,1.0839100283589473,0.005970532563362219,-0.005970532563362219,0.8460057747834456,0.22038567493112948,0.0460024423701771,0.019422743055555556,0.0035134923644370244,2078.0,0.384985563041386,0.2300288739172281,0.424446583253128,0.9818497812813716
large_long,rotatable_xlink,r0006,7.95,pulse_07,1.6393521655437922,1.0734393023415576,0.0051710298363811065,-0.0051710298363811065,0.8458574181117533,0.23098201936376211,0.03232110160277759,0.0193359375,0.0013603959715608644,2078.0,0.3853564547206165,0.2283236994219653,0.42485549132947975,0.9815782256952017
large_long,rotatable_xlink,r0006,8.0,pulse_07,1.6172886429258904,1.0920724041883125,0.007354507539300596,-0.007354507539300596,0.7690086621751684,0.22145804676753783,0.027021087494771324,0.019487847222222222,0.00621103394891831,2078.0,0.38594802694898944,0.23099133782483153,0.42540904716073136,0.9833963550148651
large_long,rotatable_xlink,r0007,0.0,initial,0.6350594594594594,2.2037991736732545,0.1475689398701027,0.1475689398701027,1.0,0.06451612903225806,0.0,0.004383680555555556,0.021050694305964218,444.0,0.2612612612612612,0.2387387387387387,0.4909909909909909,0.9391928491176922
large_long,rotatable_xlink,r0007,0.05,initial,1.0777662790697675,2.140647090755362,0.0862732510096303,0.0862732510096303,1.0,0.07692307692307693,0.061277733115330954,0.005099826388888889,0.0169656477095379,516.0,0.29457364341085274,0.2325581395348837,0.4689922480620156,0.943907862854435
large_long,rotatable_xlink,r0007,0.1,initial,1.1526989655172413,2.102005287416027,0.040394131481899555,0.040394131481899555,1.0,0.06976744186046512,0.05008696162624873,0.0057074652777777775,0.009329111344548835,580.0,0.2896551724137931,0.23448275862068962,0.44827586206896547,0.9508224386545207
large_long,rotatable_xlink,r0007,0.15000000000000002,initial,1.3201310679611649,2.084672422688069,0.0930607828789094,0.0930607828789094,1.0,0.08108108108108109,0.08902367296453784,0.005989583333333334,0.0064225835261215725,618.0,0.2977346278317153,0.226537216828479,0.43689320388349523,0.9528330102906857
large_long,rotatable_xlink,r0007,0.2,initial,1.7110636627906977,2.1405407885727565,0.09284459617088088,0.09284459617088088,1.0,0.14285714285714285,0.0923121126754521,0.006640625,0.014042556774943296,688.0,0.31686046511627913,0.2180232558139535,0.4098837209302325,0.956576222305207
large_long,rotatable_xlink,r0007,0.25,initial,1.8771986449864502,2.1689277633377286,0.03612190248825157,0.03612190248825157,1.0,0.16444444444444445,0.06485730560497155,0.007183159722222222,0.0033265608524678156,738.0,0.3252032520325204,0.20596205962059622,0.3983739837398375,0.957738131575907
large_long,rotatable_xlink,r0007,0.30000000000000004,initial,1.927795077720207,2.1605001536875634,0.008728874260135577,0.008728874260135577,1.0,0.16738197424892703,0.05054564419239069,0.007465277777777778,0.01054113756176774,772.0,0.32642487046632124,0.19948186528497408,0.41709844559585496,0.9560210089833779
large_long,rotatable_xlink,r0007,0.35000000000000003,initial,1.9295718905472636,2.105680937967122,0.006199899044494879,-0.006199899044494879,1.0,0.18699186991869918,0.06896584113831473,0.007703993055555556,0.006966606733481114,804.0,0.3308457711442786,0.1990049751243781,0.4253731343283581,0.9592189946858278
large_long,rotatable_xlink,r0007,0.4,initial,1.8905956834532378,2.1187005132866767,0.0008369234828189779,-0.0008369234828189779,1.0,0.1968503937007874,0.09341912543495291,0.007834201388888889,0.0035472501202507,834.0,0.32853717026378904,0.19424460431654675,0.43645083932853723,0.9624386632224587
large_long,rotatable_xlink,r0007,0.45,initial,1.9245503496503498,2.1269644386886264,0.0368261444059829,0.0368261444059829,1.0,0.22007722007722008,0.08551081392241443,0.008311631944444444,0.0005070057627172275,858.0,0.3333333333333333,0.19114219114219116,0.43123543123543123,0.9641524690979913
large_long,rotatable_xlink,r0007,0.5,initial,2.111552549889135,2.12174254786298,0.054838374560762605,0.054838374560762605,1.0,0.25547445255474455,0.0800147056813134,0.0087890625,0.006359931104639616,902.0,0.343680709534368,0.18403547671840353,0.42572062084257195,0.9636089750321597
large_long,rotatable_xlink,r0007,0.55,initial,2.2535805970149254,2.165124025316464,0.03236944140385023,0.03236944140385023,1.0,0.2534246575342466,0.10907530782027172,0.009266493055555556,0.0031528015844151844,938.0,0.34754797441364604,0.18123667377398714,0.415778251599147,0.9586686434488775
large_long,rotatable_xlink,r0007,0.6000000000000001,initial,2.3057691983122366,2.140659357369471,0.00024773235272908717,-0.00024773235272908717,1.0,0.272108843537415,0.1416417737879902,0.009375,0.006480211550671762,948.0,0.3502109704641351,0.18354430379746836,0.41350210970464135,0.9552140858179807
large_long,rotatable_xlink,r0007,0.65,initial,2.252094202898551,2.1262427560124335,0.007118393467666628,0.007118393467666628,1.0,0.2684563758389262,0.014543581647505412,0.009635416666666667,1.6909136230536248e-05,966.0,0.34989648033126297,0.1780538302277433,0.4161490683229815,0.9614587718896301
large_long,rotatable_xlink,r0007,0.7000000000000001,initial,2.3484795591182364,2.1407608121868544,0.042988847924965455,0.042988847924965455,1.0,0.2964169381107492,0.07323863118313766,0.009787326388888889,0.001496171780885162,998.0,0.3527054108216433,0.17034068136272545,0.4108216432865732,0.9599607685017381
large_long,rotatable_xlink,r0007,0.75,initial,2.5100272904483436,2.1352197866977445,0.04337634724455245,0.04337634724455245,1.0,0.21846153846153846,0.0609487043969069,0.010026041666666667,0.002270126817165282,1026.0,0.35672514619883045,0.16764132553606242,0.4074074074074076,0.9570364651353725
large_long,rotatable_xlink,r0007,0.8,initial,2.608737642585551,2.154381573089846,0.0221165236806673,0.0221165236806673,1.0,0.2289156626506024,0.0907096916317572,0.010221354166666667,0.0007342470414082314,1052.0,0.36311787072243346,0.17110266159695814,0.40494296577946765,0.9584307478306698
large_long,rotatable_xlink,r0007,0.8500000000000001,initial,2.6427264325323474,2.130814304449295,0.008660091516030791,0.008660091516030791,1.0,0.2403560830860534,0.06663850772431308,0.010394965277777777,0.001954899341975569,1082.0,0.3568773234200744,0.171003717472119,0.4070631970260224,0.9558920898528075
large_long,rotatable_xlink,r0007,0.9,initial,2.660698191681736,2.1661109691416995,0.0026398295558690923,-0.0026398295558690923,1.0,0.24855491329479767,0.06478561314714275,0.010785590277777778,0.0055609578752560855,1106.0,0.3652802893309223,0.16998191681735986,0.40144665461121154,0.9531344624188786
large_long,rotatable_xlink,r0007,0.9500000000000001,initial,2.626887455197133,2.1641800517008316,0.005000227714151724,-0.005000227714151724,1.0,0.23646723646723647,0.10943538818048493,0.010850694444444444,0.0023775288108753845,1116.0,0.3655913978494624,0.1810035842293907,0.403225806451613,0.9509497721936271
large_long,rotatable_xlink,r0007,1.0,initial,2.6306968253968255,2.180376142006952,0.00126979006656421,0.00126979006656421,1.0,0.24719101123595505,0.07914960534395754,0.010828993055555555,0.0053986967687067455,1134.0,0.3668430335097001,0.18165784832451498,0.40740740740740733,0.9536417088454279
large_long,rotatable_xlink,r0007,1.05,pulse_01,3.105306732348112,2.1699585186321584,0.015418623092634606,0.015418623092634606,1.0,0.3333333333333333,0.07747610968899558,0.012044270833333334,0.005121607636212537,1218.0,0.4128289473684211,0.15789473684210525,0.3750000000000001,0.9586208377829661
large_long,rotatable_xlink,r0007,1.1,pulse_01,3.151562601626016,2.1545936957235208,0.011843580991740543,0.011843580991740543,1.0,0.2660098522167488,0.051405205179327076,0.011848958333333333,0.004332123964273071,1230.0,0.4143556280587276,0.15660685154975532,0.37357259380097874,0.955007237106151
large_long,rotatable_xlink,r0007,1.15,pulse_01,3.1763682182985553,2.195951262417797,0.006739547528386532,-0.006739547528386532,1.0,0.2665036674816626,0.07513811040709077,0.011848958333333333,0.006454159429561734,1246.0,0.41573033707865176,0.15409309791332262,0.3691813804173355,0.9566961348062225
large_long,rotatable_xlink,r0007,1.2,pulse_01,3.1111253164556967,2.193318652300891,0.02212064644598562,-0.02212064644598562,1.0,0.2616136919315403,0.07266992875169312,0.012217881944444444,0.00047276124207222087,1264.0,0.4082278481012658,0.1471518987341772,0.3718354430379746,0.9567247656560358
large_long,rotatable_xlink,r0007,1.25,pulse_01,3.0436443396226416,2.1931146949653635,0.012549766284282763,-0.012549766284282763,1.0,0.2722772277227723,0.01420395180469221,0.01189236111111111,0.006900158324503414,1272.0,0.39937106918239,0.1493710691823899,0.3694968553459119,0.9565249682988699
large_long,rotatable_xlink,r0007,1.3,pulse_01,3.03582671875,2.1519177023538707,0.013489750712042984,0.013489750712042984,1.0,0.29207920792079206,0.02368653953486133,0.012196180555555556,0.0024637948809659673,1280.0,0.39906103286384964,0.1486697965571205,0.37402190923317674,0.9584043670438627
large_long,rotatable_xlink,r0007,1.35,pulse_01,3.1245828438948995,2.1783319256795677,0.022345572476638525,0.022345572476638525,1.0,0.3024390243902439,0.04214590522987864,0.012673611111111111,0.00046876100980249486,1294.0,0.4040247678018576,0.14241486068111453,0.369969040247678,0.9588699762375512
large_long,rotatable_xlink,r0007,1.4,pulse_01,3.1699001536098312,2.1547302684126857,0.014225510866001581,0.014225510866001581,1.0,0.30288461538461536,0.046213465539351295,0.012543402777777778,0.0019192739723658352,1302.0,0.4070660522273427,0.14285714285714285,0.3671274961597543,0.9563747691064981
large_long,rotatable_xlink,r0007,1.45,pulse_01,3.209935909090909,2.1668162818453727,0.0006374492979597987,0.0006374492979597987,1.0,0.3221957040572792,0.0337425819318489,0.013042534722222223,0.00450585862594292,1320.0,0.4106060606060605,0.14393939393939392,0.36666666666666653,0.9569232153457417
large_long,rotatable_xlink,r0007,1.5,pulse_01,3.17372484939759,2.181765420168343,0.011930535746688417,-0.011930535746688417,1.0,0.31742243436754175,0.07047861429681625,0.012999131944444445,0.0026394862141942235,1328.0,0.40723981900452494,0.14328808446455502,0.3650075414781297,0.9575285784417408
large_long,rotatable_xlink,r0007,1.55,pulse_01,3.1383526946107785,2.182653199130538,0.006780648557191886,0.006780648557191886,1.0,0.3031026252983294,0.07384997901780907,0.012890625,0.002856671739579856,1336.0,0.40419161676646703,0.1437125748502994,0.3622754491017965,0.9550965431725221
large_long,rotatable_xlink,r0007,1.6,pulse_01,3.2144087407407413,2.1989054506058223,0.015557368007348193,0.015557368007348193,1.0,0.32084309133489464,0.03332887516203525,0.012999131944444445,0.000341945419619627,1350.0,0.40444444444444444,0.14074074074074075,0.3659259259259259,0.9597386490802862
large_long,rotatable_xlink,r0007,1.65,pulse_01,3.2316969026548676,2.1847048716482558,0.022396588175663295,0.022396588175663295,1.0,0.32407407407407407,0.01046257312631238,0.012847222222222222,0.005900967674252892,1356.0,0.4085545722713865,0.14454277286135694,0.364306784660767,0.9580696320948942
large_long,rotatable_xlink,r0007,1.7000000000000002,pulse_01,3.348788269794721,2.163499644560305,0.0275640487800682,0.0275640487800682,1.0,0.3318077803203661,0.013104050867152555,0.013129340277777778,0.003150358139598334,1364.0,0.41348973607038103,0.14369501466275655,0.35923753665689134,0.9583807418065656
large_long,rotatable_xlink,r0007,1.75,pulse_01,3.397081195335277,2.1658027228106658,0.019157736359805888,0.019157736359805888,1.0,0.34675615212527966,0.04603859870171131,0.013151041666666667,0.0005080757751196133,1372.0,0.42274052478134116,0.14285714285714285,0.3600583090379008,0.9543183019717211
large_long,rotatable_xlink,r0007,1.8,pulse_01,3.4637346879535564,2.1604511899095873,0.021248544738806514,0.021248544738806514,1.0,0.35267857142857145,0.06168961305849123,0.013194444444444444,0.0017029091807136225,1378.0,0.41944847605224966,0.1436865021770682,0.35703918722786643,0.9521857636011982
large_long,rotatable_xlink,r0007,1.85,pulse_01,3.524572463768116,2.1760201778949475,0.008838880510156022,0.008838880510156022,1.0,0.36017897091722595,0.028791273007877406,0.01328125,0.0029670171721719965,1380.0,0.42066957787481807,0.13537117903930132,0.3551673944687045,0.9516200404238587
large_long,rotatable_xlink,r0007,1.9,pulse_01,3.5167679710144926,2.1782532929426193,0.003011740594349277,-0.003011740594349277,1.0,0.37360178970917224,0.03844058426717291,0.013389756944444444,0.0015391821401007366,1380.0,0.4217391304347828,0.1347826086956522,0.35072463768115947,0.9527137276828846
large_long,rotatable_xlink,r0007,1.9500000000000002,pulse_01,3.5065020202020203,2.185255270735552,0.005263637304724271,-0.005263637304724271,1.0,0.37697516930022573,0.059055068135490614,0.013368055555555555,0.0004308322148676898,1386.0,0.4199134199134198,0.1341991341991342,0.3520923520923521,0.9507188962324533
large_long,rotatable_xlink,r0007,2.0,pulse_01,3.485186147186147,2.1808382862318254,0.0071052910052911145,-0.0071052910052911145,1.0,0.37697516930022573,0.03521473974412346,0.01325954861111111,0.0014723281679088391,1386.0,0.41558441558441556,0.13275613275613277,0.34920634920634924,0.9521595353765708
large_long,rotatable_xlink,r0007,2.05,pulse_02,4.094199216710183,2.1035379053192185,0.012003524804177582,-0.012003524804177582,1.0,0.42023346303501946,0.04726728907073802,0.014431423611111112,0.001035449976101462,1532.0,0.4686684073107049,0.11618798955613577,0.3159268929503916,0.9505563712943237
large_long,rotatable_xlink,r0007,2.1,pulse_02,4.05818864229765,2.100431555390914,0.007050261096605818,-0.007050261096605818,1.0,0.4191033138401559,0.03923158220571072,0.014887152777777777,0.0019199754468275376,1532.0,0.46465968586387413,0.1151832460732984,0.3141361256544501,0.9522605136883975
large_long,rotatable_xlink,r0007,2.15,pulse_02,4.051897650130548,2.0920180526382532,0.0035566803480377254,-0.0035566803480377254,1.0,0.42023346303501946,0.0617852763187023,0.014735243055555555,0.0004305841408407396,1532.0,0.4647519582245431,0.1174934725848564,0.31984334203655357,0.9516430876580544
large_long,rotatable_xlink,r0007,2.2,pulse_02,4.036848560209424,2.1030150602359585,0.012998888459803348,-0.012998888459803348,1.0,0.4246575342465753,0.036870360403986426,0.014539930555555556,0.0036030800534659533,1528.0,0.4678899082568807,0.11533420707732636,0.3211009174311926,0.9494926275854768
large_long,rotatable_xlink,r0007,2.25,pulse_02,3.973904319371728,2.113636532959049,0.028984969458987653,-0.028984969458987653,1.0,0.42023346303501946,0.037366331408705385,0.014539930555555556,0.004803210048865451,1528.0,0.46465968586387413,0.11649214659685862,0.3246073298429318,0.9529319141094886
large_long,rotatable_xlink,r0007,2.3,pulse_02,3.862938743455498,2.1318343205291512,0.04454330279232114,-0.04454330279232114,1.0,0.4166666666666667,0.10156410228555415,0.01447482638888889,0.007886173883253337,1528.0,0.45549738219895264,0.11780104712041883,0.3311518324607328,0.9535363656745273
large_long,rotatable_xlink,r0007,2.35,pulse_02,3.706644502617801,2.160953576258569,0.040769153577661456,-0.040769153577661456,1.0,0.41082164328657317,0.033133522533858886,0.014756944444444444,0.007883583835189464,1528.0,0.45026178010471185,0.11780104712041883,0.34031413612565425,0.9511899574189693
large_long,rotatable_xlink,r0007,2.4,pulse_02,3.618323821989529,2.179135823540288,0.02167456432882971,-0.02167456432882971,1.0,0.41453831041257366,0.06176849194895861,0.01447482638888889,0.004855278303197578,1528.0,0.45549738219895264,0.11780104712041883,0.3468586387434553,0.9511018994706781
large_long,rotatable_xlink,r0007,2.45,pulse_02,3.5765971166448227,2.1900852460777545,0.014027102703803104,-0.014027102703803104,1.0,0.4161735700197239,0.052330981620874524,0.014409722222222223,0.0014813968343992585,1526.0,0.44954128440366964,0.11926605504587158,0.3460026212319791,0.9497885351580434
large_long,rotatable_xlink,r0007,2.5,pulse_02,3.5341612057667104,2.1880242045466836,0.008512949012107418,-0.008512949012107418,1.0,0.38703339882121807,0.07880081648439843,0.014496527777777778,0.004369518554719824,1526.0,0.4469200524246396,0.11664482306684143,0.3433813892529488,0.953654446367038
large_long,rotatable_xlink,r0007,2.55,pulse_02,3.525519422572178,2.1638681347494355,0.008256762502949266,-0.008256762502949266,1.0,0.396078431372549,0.05649874909803245,0.014539930555555556,0.004657983541529835,1524.0,0.44619422572178474,0.11811023622047245,0.34383202099737536,0.9542691928300484
large_long,rotatable_xlink,r0007,2.6,pulse_02,3.484620630749015,2.1600763032975046,0.01328902334153037,-0.01328902334153037,1.0,0.40433925049309666,0.1213872816886519,0.014344618055555555,0.0026148611563906834,1522.0,0.4454664914586071,0.12746386333771353,0.3416557161629435,0.956310274569123
large_long,rotatable_xlink,r0007,2.65,pulse_02,3.445785282522996,2.1481789678110914,0.02556668856767419,-0.02556668856767419,1.0,0.38188976377952755,0.06377113739312397,0.014561631944444445,0.0023952594482415566,1522.0,0.4480946123521682,0.13534822601839686,0.34296977660972405,0.958542440184827
large_long,rotatable_xlink,r0007,2.7,pulse_02,3.3312204993429697,2.174447859986954,0.027440332174885358,-0.027440332174885358,1.0,0.3791748526522593,0.07352489520139618,0.014322916666666666,0.003793783829644237,1522.0,0.4375821287779238,0.13534822601839686,0.3521681997371879,0.9569556065012224
large_long,rotatable_xlink,r0007,2.75,pulse_02,3.281143289473684,2.170941670788957,0.009921574451898415,-0.009921574451898415,1.0,0.3843137254901961,0.06151996915582028,0.014453125,0.000193979090837626,1520.0,0.436842105263158,0.13815789473684212,0.3552631578947368,0.9574672694759206
large_long,rotatable_xlink,r0007,2.8,pulse_02,3.271691052631579,2.1756117345319796,0.0005368123165292449,0.0005368123165292449,1.0,0.3698630136986301,0.12106602444600789,0.014496527777777778,0.0006193104722809947,1520.0,0.43157894736842106,0.1407894736842105,0.35657894736842105,0.9580409325293309
large_long,rotatable_xlink,r0007,2.85,pulse_02,3.2843641633728593,2.174657533622643,0.0013129097612278133,0.0013129097612278133,1.0,0.375,0.10220475768176396,0.0146484375,0.0018383449384657968,1518.0,0.4327176781002639,0.13984168865435356,0.3575197889182059,0.9551442257664039
large_long,rotatable_xlink,r0007,2.9,pulse_02,3.279568511198946,2.164581664901185,0.007298638559508186,-0.007298638559508186,1.0,0.3764705882352941,0.11312313198931324,0.014409722222222223,0.0031374645103904677,1518.0,0.43271767810026374,0.13984168865435356,0.3575197889182058,0.9584759851925673
large_long,rotatable_xlink,r0007,2.95,pulse_02,3.24057233201581,2.1558327465603,0.0031867703361480406,-0.0031867703361480406,1.0,0.3686274509803922,0.08219130380220892,0.014453125,0.00032541770188469304,1518.0,0.42932628797886396,0.1400264200792602,0.35799207397622196,0.956917016597332
large_long,rotatable_xlink,r0007,3.0,pulse_02,3.260447889182058,2.166534171112493,0.0066251857220825565,0.0066251857220825565,1.0,0.37549407114624506,0.09229813368824205,0.014344618055555555,0.003567141517397676,1516.0,0.43799472295514513,0.13852242744063326,0.3562005277044856,0.9566321920409645
large_long,rotatable_xlink,r0007,3.05,pulse_03,3.790633535844471,2.2105092543287475,0.005644916970433567,0.005644916970433567,1.0,0.44851657940663175,0.08459628389553396,0.01564670138888889,0.005385642674068454,1646.0,0.479951397326853,0.1275820170109356,0.3292831105710815,0.9525043866293393
large_long,rotatable_xlink,r0007,3.1,pulse_03,3.807568286755772,2.226666182350953,0.007436614013770715,-0.007436614013770715,1.0,0.4425087108013937,0.06711175980436805,0.015863715277777777,0.005667738741983823,1646.0,0.4726609963547996,0.1275820170109356,0.33171324422843257,0.9488240254724668
large_long,rotatable_xlink,r0007,3.15,pulse_03,3.746013851761847,2.2445156867806504,0.025305791818550045,-0.025305791818550045,1.0,0.44308231173380036,0.03458544253419869,0.015516493055555556,0.005294477880737484,1646.0,0.47023086269744835,0.13001215066828678,0.33292831105710824,0.9508764729255571
large_long,rotatable_xlink,r0007,3.2,pulse_03,3.6557335358444716,2.2584330496353777,0.036455953827460474,-0.036455953827460474,1.0,0.4407079646017699,0.05728680070772283,0.01545138888888889,0.006405500265355728,1646.0,0.45808019441069253,0.13122721749696237,0.33414337788578374,0.95476590539941
large_long,rotatable_xlink,r0007,3.25,pulse_03,3.527278128797084,2.2829486883727848,0.03551144899922054,-0.03551144899922054,1.0,0.42857142857142855,0.07803960135463603,0.0154296875,0.0049830573975668075,1646.0,0.4447144592952613,0.13244228432563793,0.33535844471445925,0.9563785873024564
large_long,rotatable_xlink,r0007,3.3,pulse_03,3.4426648418491483,2.2883313940207786,0.019250450501054894,-0.019250450501054894,1.0,0.41025641025641024,0.06219020446486252,0.015494791666666667,0.001174508897124375,1644.0,0.4367396593673966,0.13503649635036494,0.34063260340632595,0.9580532125238614
large_long,rotatable_xlink,r0007,3.35,pulse_03,3.4117754257907547,2.289995741755531,0.023118532035685257,-0.023118532035685257,1.0,0.4091743119266055,0.07088317694363162,0.015321180555555555,0.002795010703837327,1644.0,0.43795620437956195,0.13746958637469586,0.3394160583941605,0.9587169130678292
large_long,rotatable_xlink,r0007,3.4,pulse_03,3.303953649635037,2.3051014582438025,0.022822112175032494,-0.022822112175032494,1.0,0.4111111111111111,0.09822410746157045,0.015733506944444444,0.0032264031596137186,1644.0,0.43065693430656926,0.13990267639902673,0.3394160583941606,0.9588613349748099
large_long,rotatable_xlink,r0007,3.45,pulse_03,3.2748427527405597,2.3093541607132133,0.006372075994796056,-0.006372075994796056,1.0,0.40370370370370373,0.09494689481517696,0.015581597222222222,0.0013304993599518127,1642.0,0.42996345919610224,0.13885505481120586,0.3398294762484775,0.9587765784459301
large_long,rotatable_xlink,r0007,3.5,pulse_03,3.2657211936662605,2.3130844544035134,0.0029043848964676044,-0.0029043848964676044,1.0,0.3940520446096654,0.10861752486916086,0.015516493055555556,0.000433871379076652,1642.0,0.42996345919610235,0.13763702801461633,0.338611449451888,0.9594117300591434
large_long,rotatable_xlink,r0007,3.55,pulse_03,3.257416443361754,2.3119573889876732,0.006291479432181705,-0.006291479432181705,1.0,0.40225563909774437,0.09823523108322299,0.01564670138888889,0.002483635274430703,1642.0,0.4231707317073172,0.14268292682926828,0.3402439024390245,0.9604601760745842
large_long,rotatable_xlink,r0007,3.6,pulse_03,3.2279723170731702,2.298182642756929,0.01663269990988588,-0.01663269990988588,1.0,0.4117647058823529,0.09751531786376172,0.015342881944444444,0.00446840708807265,1640.0,0.42439024390243923,0.14268292682926828,0.3414634146341465,0.9602588642914737
large_long,rotatable_xlink,r0007,3.65,pulse_03,3.157620243902439,2.2851469464592373,0.02408349593495925,-0.02408349593495925,1.0,0.4124293785310734,0.11248370220981355,0.015711805555555555,0.004432300659005239,1640.0,0.4182926829268293,0.14756097560975612,0.34268292682926843,0.9626223367456724
large_long,rotatable_xlink,r0007,3.7,pulse_03,3.0834713414634147,2.2715888388028977,0.01766089430894306,-0.01766089430894306,1.0,0.38721804511278196,0.1178336087521477,0.015690104166666666,0.0025887335882014786,1640.0,0.4134146341463415,0.15121951219512197,0.3451219512195124,0.9641872922927294
large_long,rotatable_xlink,r0007,3.75,pulse_03,3.0516548780487804,2.2696145449300285,0.01564300813008135,-0.01564300813008135,1.0,0.39622641509433965,0.11541800812804627,0.015473090277777778,2.3192038204185767e-05,1640.0,0.4134146341463416,0.151219512195122,0.3475609756097563,0.9645866722241082
large_long,rotatable_xlink,r0007,3.8,pulse_03,2.9896132926829266,2.271727991032123,0.012443069825386862,-0.012443069825386862,1.0,0.40977443609022557,0.11746505307672161,0.015364583333333333,0.00041704962269310347,1640.0,0.4097560975609758,0.15609756097560978,0.34878048780487825,0.9680020657300392
large_long,rotatable_xlink,r0007,3.85,pulse_03,2.9769964590964593,2.272116842666187,0.007682109627048665,-0.007682109627048665,1.0,0.4053030303030303,0.13672463551203537,0.015256076388888888,0.002700566511158279,1638.0,0.4114774114774114,0.1562881562881563,0.35164835164835173,0.9661642411102181
large_long,rotatable_xlink,r0007,3.9,pulse_03,2.9435206349206346,2.255524591965173,0.012576773337592476,-0.012576773337592476,1.0,0.4075471698113208,0.10810352526743354,0.01545138888888889,0.0007523920564890633,1638.0,0.4065934065934066,0.1550671550671551,0.3516483516483517,0.9660528203522659
large_long,rotatable_xlink,r0007,3.95,pulse_03,2.9015358190709044,2.2676024903272527,0.009150991173022982,-0.009150991173022982,0.902200488997555,0.40337711069418386,0.13079200968486837,0.015755208333333333,0.0028693847501795786,1636.0,0.4034229828850856,0.15892420537897314,0.35085574572127143,0.9678964712495098
large_long,rotatable_xlink,r0007,4.0,pulse_03,2.8886146878824968,2.2727409004662507,0.004307043729469218,-0.004307043729469218,1.0,0.40190476190476193,0.12415290271649403,0.015516493055555556,0.0017128033796659874,1634.0,0.40269277845777235,0.15544675642594857,0.3512851897184822,0.9671301843330014
large_long,rotatable_xlink,r0007,4.05,pulse_04,3.4583054237288136,2.222522075530865,0.0006963465160074733,0.0006963465160074733,0.9096045197740112,0.46063651591289784,0.10887064937772156,0.016666666666666666,0.0012416632855103416,1770.0,0.4429378531073446,0.14576271186440679,0.3276836158192091,0.9648518308510329
large_long,rotatable_xlink,r0007,4.1,pulse_04,3.460394463276836,2.226247065387396,0.004718832391713705,-0.004718832391713705,1.0,0.4682274247491639,0.09941680625856084,0.016644965277777778,0.0023483962711543516,1770.0,0.4440677966101695,0.14576271186440679,0.3265536723163842,0.9643053627707107
large_long,rotatable_xlink,r0007,4.15,pulse_04,3.4299924293785313,2.236612453157791,0.016260659133709925,-0.016260659133709925,1.0,0.4691151919866444,0.08598815978314002,0.016861979166666666,0.005984199764620908,1770.0,0.44406779661016965,0.14689265536723164,0.327683615819209,0.9650219029227968
large_long,rotatable_xlink,r0007,4.2,pulse_04,3.3628305084745764,2.2621522639751213,0.016252622090991913,-0.016252622090991913,1.0,0.44816053511705684,0.08937478743659431,0.01662326388888889,0.004509210733439313,1770.0,0.4400452488687782,0.1481900452488688,0.33031674208144807,0.9645326038181163
large_long,rotatable_xlink,r0007,4.25,pulse_04,3.33247669683258,2.2636677175584268,0.010457667702022203,-0.010457667702022203,0.9095022624434389,0.44816053511705684,0.09100107138945884,0.016731770833333333,0.005165376517165014,1768.0,0.4423076923076922,0.14705882352941174,0.33597285067873306,0.9651242887631303
large_long,rotatable_xlink,r0007,4.3,pulse_04,3.300084502262443,2.2931445230781113,0.014235444947209816,-0.014235444947209816,0.9095022624434389,0.44093178036605657,0.12555680092027718,0.016644965277777778,0.0034670360784484857,1768.0,0.44343891402714936,0.14819004524886878,0.33710407239819007,0.9673828989604362
large_long,rotatable_xlink,r0007,4.35,pulse_04,3.247064027149321,2.2844699340291177,0.017809162895927527,-0.017809162895927527,1.0,0.43427620632279534,0.10986093102731793,0.016840277777777777,0.0029099241969331815,1768.0,0.4423076923076922,0.14932126696832576,0.33484162895927605,0.9657270717965103
large_long,rotatable_xlink,r0007,4.4,pulse_04,3.193229524886878,2.3106040682597104,0.012014498491704403,-0.012014498491704403,0.9095022624434389,0.4395973154362416,0.1315310605409757,0.016319444444444445,0.004731397098466224,1768.0,0.4366515837104073,0.1493212669683258,0.3337104072398191,0.964799407965917
large_long,rotatable_xlink,r0007,4.45,pulse_04,3.1749770361990945,2.312858316619915,0.006373001508295673,-0.006373001508295673,0.9095022624434389,0.4323873121869783,0.11047907685294905,0.016514756944444445,0.0006378189225506592,1768.0,0.4332579185520361,0.15045248868778277,0.33371040723981904,0.9657731363935697
large_long,rotatable_xlink,r0007,4.5,pulse_04,3.154991515837104,2.3144309817950144,0.005533484162895859,-0.005533484162895859,0.9095022624434389,0.4257095158597663,0.11858336762075528,0.016710069444444444,0.0011323702201715413,1768.0,0.4355203619909503,0.1504524886877828,0.33484162895927605,0.966708624983186
large_long,rotatable_xlink,r0007,4.55,pulse_04,3.1417761312217194,2.3196525379409443,0.005705796240876341,-0.005705796240876341,0.9095022624434389,0.431438127090301,0.10692830816508733,0.016514756944444445,0.002224827524260379,1768.0,0.432126696832579,0.15158371040723984,0.3348416289592761,0.9673908337826224
large_long,rotatable_xlink,r0007,4.6,pulse_04,3.120756738391846,2.3277799469405767,0.004096739122079714,-0.004096739122079714,0.9093997734994337,0.4161073825503356,0.1132406144908945,0.016710069444444444,0.001984480080678678,1766.0,0.43148357870894694,0.15402038505096266,0.33748584371460927,0.9677885893940589
large_long,rotatable_xlink,r0007,4.65,pulse_04,3.117195696489241,2.3315594184250164,3.6466591166443386e-05,3.6466591166443386e-05,0.9093997734994337,0.4271356783919598,0.127903683075231,0.016818576388888888,0.0008242425989762511,1766.0,0.43035107587768984,0.15402038505096266,0.3374858437146093,0.9676036131328571
large_long,rotatable_xlink,r0007,4.7,pulse_04,3.1209755379388446,2.332725402534434,0.0033101736504341783,-0.0033101736504341783,0.9093997734994337,0.4213197969543147,0.12891778866106482,0.01675347222222222,0.0009932044379214282,1766.0,0.42695356738391854,0.15402038505096263,0.3397508493771234,0.9688233316945277
large_long,rotatable_xlink,r0007,4.75,pulse_04,3.097334654586636,2.337518645052545,0.011914082475824076,-0.011914082475824076,0.9093997734994337,0.4208754208754209,0.10760816358986657,0.01657986111111111,0.0051520797897188775,1766.0,0.42242355605889026,0.15515288788221973,0.34201585503963755,0.9688268079078464
large_long,rotatable_xlink,r0007,4.8,pulse_04,3.0494910430839,2.3636378812727474,0.013866256279006098,-0.013866256279006098,0.909297052154195,0.4184873949579832,0.13001964479487646,0.016688368055555555,0.0075466445677776495,1764.0,0.4217687074829931,0.15646258503401358,0.346938775510204,0.9675373298746932
large_long,rotatable_xlink,r0007,4.85,pulse_04,3.0141371169125994,2.382798512459211,0.010256112174974685,-0.010256112174974685,0.9091940976163451,0.41216216216216217,0.10107908674184496,0.016731770833333333,0.0020587174808446296,1762.0,0.4188422247446084,0.16004540295119188,0.3484676503972759,0.9710080146554413
large_long,rotatable_xlink,r0007,4.9,pulse_04,2.987954370034052,2.375990186157815,0.010063827411106304,-0.010063827411106304,1.0,0.3969335604770017,0.09417902463506903,0.01675347222222222,0.0008796632901884779,1762.0,0.42111237230419984,0.1611804767309875,0.3507377979568672,0.9705589909465214
large_long,rotatable_xlink,r0007,4.95,pulse_04,2.9537541524459616,2.37752053271808,0.01807988551440724,-0.01807988551440724,1.0,0.38879456706281834,0.12937462624321444,0.016644965277777778,0.0018661695053732903,1758.0,0.41865756541524457,0.16609783845278725,0.3549488054607508,0.9688701254727282
large_long,rotatable_xlink,r0007,5.0,pulse_04,2.8794750569476086,2.387187203190055,0.024759698499450995,-0.024759698499450995,1.0,0.3684210526315789,0.11774475657380754,0.016818576388888888,0.0032222234906583345,1756.0,0.41571753986332577,0.17425968109339407,0.3553530751708428,0.969317774117171
large_long,rotatable_xlink,r0007,5.05,pulse_05,3.0937481759656653,2.406596255052086,0.05515396995708155,-0.05515396995708155,1.0,0.39968895800933124,0.11528208851177853,0.017578125,0.0016594786081391237,1864.0,0.4431330472103004,0.17381974248927035,0.35515021459227464,0.9695440895631015
large_long,rotatable_xlink,r0007,5.1,pulse_05,2.9282862660944207,2.4115746908765034,0.04081962430968974,-0.04081962430968974,1.0,0.37003058103975534,0.11705377186822573,0.017447916666666667,0.0017373494216643692,1864.0,0.436695278969957,0.19098712446351926,0.3583690987124463,0.9666017337768469
large_long,rotatable_xlink,r0007,5.15,pulse_05,2.848830430107527,2.3961721585221,0.02155349954620278,-0.02155349954620278,0.9139784946236559,0.3486238532110092,0.12597228796600168,0.0177734375,0.0024596819577407114,1860.0,0.4387096774193546,0.1946236559139785,0.35913978494623644,0.9688998062484295
large_long,rotatable_xlink,r0007,5.2,pulse_05,2.798965268817204,2.396816599130059,0.007084153134175135,-0.007084153134175135,1.0,0.3456221198156682,0.11412191496647509,0.01740451388888889,0.0033776604759917874,1860.0,0.43870967741935474,0.19569892473118283,0.35913978494623644,0.9679085574804827
large_long,rotatable_xlink,r0007,5.25,pulse_05,2.806325511302476,2.375906195666149,0.0018134311569461363,0.0018134311569461363,1.0,0.3507692307692308,0.11472834556081841,0.01759982638888889,0.00430739399807815,1858.0,0.43702906350914955,0.1959095801937567,0.35952637244348756,0.9666943015406906
large_long,rotatable_xlink,r0007,5.3,pulse_05,2.809845855758881,2.3709722351415903,0.006457520561906997,-0.006457520561906997,0.9138858988159311,0.34668721109399075,0.10326712310700348,0.017795138888888888,0.0021680144493538833,1858.0,0.43595263724434863,0.1948331539289559,0.36167922497308924,0.9666562371775406
large_long,rotatable_xlink,r0007,5.35,pulse_05,2.767580387931034,2.362898108970026,0.023881475241422628,-0.023881475241422628,0.9135135135135135,0.3323170731707317,0.1124614105239752,0.017447916666666667,0.0016819894392772945,1856.0,0.4302702702702703,0.20108108108108108,0.3632432432432432,0.9704259076076572
large_long,rotatable_xlink,r0007,5.4,pulse_05,2.666557004310345,2.3608802985059265,0.029955864727088926,-0.029955864727088926,0.8275862068965517,0.31603053435114503,0.1183409833032032,0.017447916666666667,0.005903298442853977,1856.0,0.4299568965517242,0.20689655172413798,0.36422413793103453,0.9698994584481679
large_long,rotatable_xlink,r0007,5.45,pulse_05,2.5878451995685006,2.327478318312902,0.023870023240913325,-0.023870023240913325,0.8274002157497303,0.31603053435114503,0.11328374883538825,0.017274305555555557,0.004301790441161746,1854.0,0.4261057173678534,0.21035598705501615,0.3646170442286946,0.9705619916255261
large_long,rotatable_xlink,r0007,5.5,pulse_05,2.523336864864865,2.335069555858956,0.02053476330836516,-0.02053476330836516,0.827027027027027,0.3241167434715822,0.1297433187108577,0.017534722222222222,0.002941225876379757,1850.0,0.4270270270270271,0.2205405405405406,0.36432432432432427,0.9729840725722024
large_long,rotatable_xlink,r0007,5.55,pulse_05,2.4646366197183096,2.3451256735711805,0.021108690189648005,-0.021108690189648005,0.8264642082429501,0.31797235023041476,0.10355044923127185,0.017469618055555556,0.0080181769691694,1846.0,0.4262472885032538,0.21691973969631234,0.3633405639913231,0.974659259513976
large_long,rotatable_xlink,r0007,5.6,pulse_05,2.396684723726977,2.2869604940439396,0.009298502852074378,-0.009298502852074378,0.8266522210184182,0.31402439024390244,0.11024302035081182,0.017144097222222224,0.01138828979183426,1846.0,0.4236186348862406,0.22318526543878656,0.3651137594799565,0.9756466884374099
large_long,rotatable_xlink,r0007,5.65,pulse_05,2.4088456026058633,2.276795934820175,0.004707787249711363,0.004707787249711363,0.8260869565217391,0.31402439024390244,0.10595383526233519,0.017165798611111113,0.0007286763405790856,1842.0,0.4250000000000001,0.22391304347826094,0.3684782608695654,0.9766740051317813
large_long,rotatable_xlink,r0007,5.7,pulse_05,2.4249314472252452,2.291332552087414,0.0009886998921312766,0.0009886998921312766,0.8258977149075082,0.31490015360983103,0.11805486487761029,0.01755642361111111,0.00221771907473182,1838.0,0.4232861806311208,0.22306855277475526,0.36779107725788895,0.9766937930883387
large_long,rotatable_xlink,r0007,5.75,pulse_05,2.414777801958651,2.290102249268566,0.0080591990836556,-0.0080591990836556,0.8255179934569248,0.30781010719754975,0.06480880347790745,0.017035590277777776,0.00183255144322166,1838.0,0.4274809160305343,0.22464558342420937,0.3718647764449292,0.9771365617186478
large_long,rotatable_xlink,r0007,5.8,pulse_05,2.3765762527233116,2.302327860746744,0.007212621664137275,-0.007212621664137275,0.9128540305010893,0.30959752321981426,0.10346614095959575,0.01694878472222222,0.0037604607085664674,1836.0,0.42374727668845324,0.224400871459695,0.36819172113289766,0.9764656059726264
large_long,rotatable_xlink,r0007,5.85,pulse_05,2.3715020719738273,2.3126650135199647,0.007404448234089071,-0.007404448234089071,1.0,0.31278890600924497,0.08683716367490425,0.017078993055555554,0.0001977718225717092,1834.0,0.4229508196721312,0.22076502732240438,0.3683060109289619,0.9741453300695873
large_long,rotatable_xlink,r0007,5.9,pulse_05,2.332149563318777,2.301141229811314,0.008729439215434084,-0.008729439215434084,1.0,0.3075734157650695,0.11926476155165497,0.016927083333333332,0.010313688289155243,1832.0,0.42358078602620086,0.21943231441048033,0.36899563318777295,0.9754122295487233
large_long,rotatable_xlink,r0007,5.95,pulse_05,2.319125436681223,2.250782883785033,0.0011034152210052846,0.0011034152210052846,1.0,0.2942989214175655,0.07267904754751335,0.0171875,0.012164159800720276,1832.0,0.4246724890829694,0.21943231441048033,0.36899563318777295,0.9755921996849799
large_long,rotatable_xlink,r0007,6.0,pulse_05,2.338770054644809,2.228156271006992,0.006548205987862025,0.006548205987862025,1.0,0.3006134969325153,0.08840778306079998,0.016840277777777777,0.007542204259347003,1830.0,0.4196721311475411,0.22076502732240438,0.36721311475409857,0.9741573827906214
large_long,rotatable_xlink,r0007,6.05,pulse_06,2.765132271325797,2.226354605088229,0.03268787255909563,-0.03268787255909563,1.0,0.3305084745762712,0.02538969483675907,0.018315972222222223,0.023876876975350125,1946.0,0.45323741007194246,0.21171634121274407,0.3463514902363823,0.9688298930179602
large_long,rotatable_xlink,r0007,6.1,pulse_06,2.66706865364851,2.1547239741621786,0.025619475847893147,-0.025619475847893147,1.0,0.3034965034965035,0.0626442160638387,0.018337673611111112,0.010111733855269053,1946.0,0.44809866392600206,0.21685508735868453,0.3566289825282632,0.9690049006573817
large_long,rotatable_xlink,r0007,6.15,pulse_06,2.611415416238438,2.1656842019566147,0.014818465227817823,-0.014818465227817823,1.0,0.30362116991643456,0.056206770116235594,0.018077256944444446,0.002485715122982383,1946.0,0.44809866392600206,0.2158273381294964,0.36176772867420354,0.9699396461434376
large_long,rotatable_xlink,r0007,6.2,pulse_06,2.578157862281603,2.1398096834242843,0.013457936314088093,-0.013457936314088093,1.0,0.3015427769985975,0.03014987488045726,0.018489583333333334,0.009191876906632738,1946.0,0.4439876670092497,0.2158273381294964,0.3648509763617677,0.9707878743891103
large_long,rotatable_xlink,r0007,6.25,pulse_06,2.5306677983539094,2.1105329405168183,0.013553131686109129,-0.013553131686109129,1.0,0.30337078651685395,0.04342755560292134,0.018012152777777776,0.005921903053685303,1944.0,0.4423868312757201,0.21502057613168724,0.37345679012345684,0.9731472646068147
large_long,rotatable_xlink,r0007,6.3,pulse_06,2.4968390721649483,2.1042782651021725,0.010919615876854305,-0.010919615876854305,1.0,0.3015427769985975,0.027205105504496337,0.01820746527777778,0.0006029403544696166,1940.0,0.443298969072165,0.2237113402061856,0.37422680412371145,0.973662506546272
large_long,rotatable_xlink,r0007,6.35,pulse_06,2.4651501030927836,2.114150582643636,0.008488247422680395,-0.008488247422680395,1.0,0.30337078651685395,0.039147305519048346,0.01794704861111111,0.004102198610203815,1940.0,0.44375644994840036,0.22291021671826622,0.3756449948400414,0.9722675920010193
large_long,rotatable_xlink,r0007,6.4,pulse_06,2.445909587628866,2.1288914567633954,0.002533685948244324,0.002533685948244324,1.0,0.3004231311706629,0.03725242378016774,0.0177734375,0.003886559596817829,1940.0,0.4422680412371135,0.2216494845360825,0.3773195876288661,0.9714217361236341
large_long,rotatable_xlink,r0007,6.45,pulse_06,2.4803522187822495,2.137469940224543,0.008329465013352078,0.008329465013352078,1.0,0.30140845070422534,0.10739240586682984,0.01820746527777778,0.00037527199562870095,1938.0,0.4406604747162022,0.22291021671826622,0.37667698658410725,0.9733320627873824
large_long,rotatable_xlink,r0007,6.5,pulse_06,2.4958863777089784,2.1311430887371676,0.0007147809540664074,-0.0007147809540664074,1.0,0.3022598870056497,0.0755408193485772,0.01820746527777778,0.006705498165606061,1938.0,0.4416924664602682,0.2239422084623323,0.37564499484004127,0.9718367999301702
large_long,rotatable_xlink,r0007,6.55,pulse_06,2.476063533057851,2.0972369512309066,0.0010133632269784993,-0.0010133632269784993,1.0,0.29178470254957506,0.06864185131767224,0.01796875,0.007468517227561773,1936.0,0.4390495867768595,0.22727272727272724,0.37500000000000006,0.9733734253928435
large_long,rotatable_xlink,r0007,6.6,pulse_06,2.4898061983471074,2.086331985371797,0.0033543370446498244,0.0033543370446498244,1.0,0.28591749644381226,0.08160001820931982,0.017816840277777777,0.0051277294081760365,1936.0,0.4364012409513963,0.22647362978283353,0.3722854188210964,0.9714015824146948
large_long,rotatable_xlink,r0007,6.65,pulse_06,2.49618955532575,2.0664705747818504,0.002857860427153932,0.002857860427153932,1.0,0.3,0.037811204855674706,0.01818576388888889,0.005026898624256389,1934.0,0.43892339544513465,0.2267080745341615,0.37060041407867483,0.9724036660136318
large_long,rotatable_xlink,r0007,6.7,pulse_06,2.506953360910031,2.0561705936262586,0.0017232333678041851,-0.0017232333678041851,1.0,0.30559540889526543,0.09364144487038956,0.018120659722222224,0.0011697655665801794,1934.0,0.4364012409513961,0.22337125129265772,0.3702171664943125,0.9702602769633365
large_long,rotatable_xlink,r0007,6.75,pulse_06,2.485850155118925,2.0734891681813314,0.00551311616683899,-0.00551311616683899,1.0,0.29512893982808025,0.07132823065516916,0.018229166666666668,0.0005254372313774347,1934.0,0.4337474120082815,0.2225672877846791,0.37060041407867483,0.9710990871150581
large_long,rotatable_xlink,r0007,6.8,pulse_06,2.473874663908997,2.0593232170145233,0.007863598759048665,-0.007863598759048665,1.0,0.2998565279770445,0.04881012740200023,0.01820746527777778,0.004196108079820811,1934.0,0.4337474120082816,0.22360248447204975,0.3695652173913043,0.9720465471141366
large_long,rotatable_xlink,r0007,6.85,pulse_06,2.438668562564633,2.0483125197024066,0.00721402964495003,-0.00721402964495003,1.0,0.28939828080229224,0.07228587675725727,0.01796875,0.0013087601354203244,1934.0,0.42857142857142866,0.22463768115942032,0.3757763975155278,0.9727107664047236
large_long,rotatable_xlink,r0007,6.9,pulse_06,2.430590486039297,2.067175777827045,0.0011036883833161297,-0.0011036883833161297,1.0,0.27635327635327633,0.06967270960960906,0.018229166666666668,0.0052302555181280574,1934.0,0.43226473629782836,0.22130299896587385,0.3722854188210964,0.9741373800146809
large_long,rotatable_xlink,r0007,6.95,pulse_06,2.432046432264736,2.079694052811175,0.01632014822475014,-0.01632014822475014,1.0,0.2761087267525036,0.08842696954584534,0.018012152777777776,0.006654338194163352,1934.0,0.42857142857142855,0.2225672877846791,0.37370600414078664,0.9742110406261466
large_long,rotatable_xlink,r0007,7.0,pulse_06,2.332669596690796,2.1071018069920253,0.033125611857980054,-0.033125611857980054,1.0,0.2769010043041607,0.035966854292963306,0.018467881944444445,0.009135918060283466,1934.0,0.4188210961737332,0.2264736297828335,0.3795243019648399,0.9747613739454535
large_long,rotatable_xlink,r0007,7.05,pulse_07,2.7371614035087717,2.204802019376197,0.028774756335282554,-0.028774756335282554,1.0,0.3157199471598415,0.052466718175517756,0.01953125,0.005563589455938267,2052.0,0.4522417153996101,0.21637426900584802,0.36354775828460045,0.9726386365755562
large_long,rotatable_xlink,r0007,7.1,pulse_07,2.650837134502924,2.221492787744012,0.016242170240415854,-0.016242170240415854,1.0,0.31488801054018445,0.05556908649488211,0.019227430555555557,0.002764315358324184,2052.0,0.4463937621832358,0.21734892787524368,0.36744639376218324,0.9725120779113582
large_long,rotatable_xlink,r0007,7.15,pulse_07,2.6397083820662766,2.188216127226252,0.020178849902534157,-0.020178849902534157,0.9220272904483431,0.316622691292876,0.04590098074431898,0.019314236111111112,0.02308743593824462,2052.0,0.4454191033138401,0.21442495126705655,0.3635477582846004,0.9741494370617767
large_long,rotatable_xlink,r0007,7.2,pulse_07,2.529764035087719,2.082968172114544,0.04503667966211822,-0.04503667966211822,0.8440545808966862,0.31488801054018445,0.05198224210443644,0.019314236111111112,0.03898857675856945,2052.0,0.4454191033138402,0.22319688109161798,0.3684210526315789,0.9748690054493021
large_long,rotatable_xlink,r0007,7.25,pulse_07,2.3694883040935673,1.9542846666748352,0.04811507472384665,-0.04811507472384665,0.9220272904483431,0.2978723404255319,0.031703927771384637,0.01916232638888889,0.044563520723326366,2052.0,0.43079922027290446,0.23294346978557506,0.37329434697855757,0.9738049923025763
large_long,rotatable_xlink,r0007,7.3,pulse_07,2.241073586744639,1.815587047774586,0.03739414824323687,-0.03739414824323687,0.9220272904483431,0.2859060402684564,0.0332126640459297,0.01890190972222222,0.03359746155472728,2052.0,0.42007797270955155,0.23489278752436643,0.37719298245614036,0.977952915438739
large_long,rotatable_xlink,r0007,7.35,pulse_07,2.145123414634146,1.7526998973464716,0.02797146770947238,-0.02797146770947238,0.8439024390243902,0.2682926829268293,0.02849933453157762,0.019314236111111112,0.01045486545706161,2050.0,0.4175609756097562,0.2341463414634147,0.38731707317073194,0.9776323332123155
large_long,rotatable_xlink,r0007,7.4,pulse_07,2.073244780487805,1.7528578550322162,0.02803136585365847,-0.02803136585365847,0.8439024390243902,0.2602739726027397,0.032420383179700286,0.019401041666666667,0.006971274830582537,2050.0,0.4097560975609758,0.23121951219512202,0.3912195121951222,0.9777078823798658
large_long,rotatable_xlink,r0007,7.45,pulse_07,1.9769352195121952,1.7108722483629764,0.030915479674796797,-0.030915479674796797,0.8439024390243902,0.2517193947730399,0.019843278084290667,0.018988715277777776,0.01339553897248158,2050.0,0.40585365853658545,0.23512195121951227,0.39609756097561,0.9794786230254809
large_long,rotatable_xlink,r0007,7.5,pulse_07,1.8877519024390241,1.6724846211973268,0.04270931707317075,-0.04270931707317075,0.9219512195121952,0.25139664804469275,0.007653552039967261,0.0193359375,0.012760863118260598,2050.0,0.3951219512195123,0.23317073170731714,0.39609756097561,0.9801043934562803
large_long,rotatable_xlink,r0007,7.55,pulse_07,1.7206793170731707,1.6343070696534128,0.03784728455284544,-0.03784728455284544,0.9219512195121952,0.23579545454545456,0.03470437802572214,0.019097222222222224,0.007031627293044444,2050.0,0.3863414634146343,0.23414634146341468,0.4029268292682929,0.9797201437966105
large_long,rotatable_xlink,r0007,7.6,pulse_07,1.6606681951219515,1.63029485743906,0.010389830840320117,-0.010389830840320117,0.8439024390243902,0.23209169054441262,0.04422568428097734,0.019032118055555554,0.0031009557024581267,2050.0,0.3873170731707319,0.23512195121951227,0.4078048780487807,0.9815790690030841
large_long,rotatable_xlink,r0007,7.65,pulse_07,1.65834033203125,1.615701335438664,0.0015123878120305578,0.0015123878120305578,0.84375,0.23142857142857143,0.009251141877420412,0.019314236111111112,0.001983016383264887,2048.0,0.3828125,0.234375,0.408203125,0.98228802973316
large_long,rotatable_xlink,r0007,7.7,pulse_07,1.6697425219941349,1.6183967591394708,0.0019656988706368006,-0.0019656988706368006,0.8435972629521017,0.21937321937321938,0.033075916019573603,0.019205729166666668,0.005709667535029809,2046.0,0.3870967741935482,0.23753665689149556,0.40273704789833803,0.9832087806841748
large_long,rotatable_xlink,r0007,7.75,pulse_07,1.6465461388074292,1.5814433302284852,0.01003914956011731,-0.01003914956011731,0.8435972629521017,0.2215909090909091,0.022760521613322725,0.018988715277777776,0.00562209696007987,2046.0,0.38318670576735087,0.23753665689149556,0.4066471163245355,0.9839316155929312
large_long,rotatable_xlink,r0007,7.8,pulse_07,1.609507624633431,1.5846641773789916,0.022008488887996187,-0.022008488887996187,0.8435972629521017,0.21418439716312057,0.01747762021019445,0.019292534722222223,0.0008459095666835484,2046.0,0.38318670576735075,0.2355816226783968,0.4086021505376342,0.9826820209366665
large_long,rotatable_xlink,r0007,7.85,pulse_07,1.514495205479452,1.5865187876285864,0.02499180293025353,-0.02499180293025353,0.9217221135029354,0.20402298850574713,0.006719275423398522,0.01892361111111111,0.002600226120835473,2044.0,0.3767123287671233,0.23776908023483365,0.41291585127201563,0.9820470288281486
large_long,rotatable_xlink,r0007,7.9,pulse_07,1.4595568070519098,1.6002655341040044,0.011256530328847658,-0.011256530328847658,1.0,0.19658119658119658,0.037771213447557114,0.019270833333333334,0.00398600675057655,2042.0,0.37512242899118514,0.2370225269343781,0.416258570029383,0.9829094042925582
large_long,rotatable_xlink,r0007,7.95,pulse_07,1.446956023506366,1.6104348281320457,0.006393176624224599,-0.006393176624224599,0.7649363369245837,0.20114122681883023,0.02234582820185059,0.019140625,0.005396574907748919,2042.0,0.3780607247796279,0.23604309500489715,0.41234084231145934,0.9825045079665181
large_long,rotatable_xlink,r0007,8.0,pulse_07,1.4211977473065622,1.567886084657511,0.008586092066601289,-0.008586092066601289,0.7649363369245837,0.20229555236728838,0.031248310819055918,0.019292534722222223,0.01418291449151162,2042.0,0.37708129285014685,0.23604309500489712,0.41429970617042117,0.9821317863710007
large_long,rotatable_xlink,r0008,0.0,initial,0.4941672064777329,1.9255638363592125,0.0870134674059731,0.0870134674059731,1.0,-0.075,0.0,0.004774305555555556,0.02883876636114069,494.0,0.251012145748988,0.19838056680161945,0.46558704453441313,0.9146663602242678
large_long,rotatable_xlink,r0008,0.05,initial,0.7552076086956522,2.0120801354426345,0.08085348818591456,0.08085348818591456,1.0,-0.08771929824561403,0.08965138473951816,0.005316840277777778,0.043403207351022655,552.0,0.2644927536231886,0.19202898550724637,0.4601449275362318,0.9209575117700888
large_long,rotatable_xlink,r0008,0.1,initial,0.9792881355932203,2.1859830804653484,0.08314904634946675,0.08314904634946675,1.0,0.0053475935828877,0.05178304513467342,0.005685763888888889,0.0279245303479884,590.0,0.2745762711864406,0.18305084745762712,0.45423728813559333,0.930411670980104
large_long,rotatable_xlink,r0008,0.15000000000000002,initial,1.2541018867924527,1.8445329533547041,0.0628591339813413,0.0628591339813413,1.0,0.01020408163265306,0.091876143338913,0.006358506944444444,0.050701569927092106,636.0,0.28930817610062903,0.16981132075471697,0.43396226415094363,0.9364026398368147
large_long,rotatable_xlink,r0008,0.2,initial,1.356442939481268,1.8817736609027957,0.05771052564299228,0.05771052564299228,1.0,0.0684931506849315,0.10190524131150717,0.006792534722222222,0.0011174485761417847,694.0,0.2881844380403459,0.16138328530259366,0.43804034582132567,0.9355906852031532
large_long,rotatable_xlink,r0008,0.25,initial,1.6003650406504064,1.8378282618978534,0.07044423230867758,0.07044423230867758,1.0,0.049773755656108594,0.021476022003719456,0.00703125,0.0020858720755597324,738.0,0.29810298102981025,0.14634146341463417,0.43360433604336046,0.939167723851375
large_long,rotatable_xlink,r0008,0.30000000000000004,initial,1.7791083333333335,1.8692584284494373,0.039879784891598935,0.039879784891598935,1.0,0.08571428571428572,0.09569538447040919,0.007725694444444445,0.009667154901827124,792.0,0.31565656565656564,0.1414141414141414,0.42676767676767674,0.94483696785319
large_long,rotatable_xlink,r0008,0.35000000000000003,initial,1.83964375,1.7798253324868907,0.03978335235920849,0.03978335235920849,1.0,0.1,0.03440235404886231,0.007942708333333333,0.020357429419547806,832.0,0.32211538461538464,0.13701923076923078,0.4230769230769232,0.9430945831811742
large_long,rotatable_xlink,r0008,0.4,initial,2.0178084474885845,1.7471138519321505,0.05717919384057968,0.05717919384057968,1.0,0.10861423220973783,0.0406537211559119,0.008463541666666666,0.012644139510358402,876.0,0.32876712328767127,0.12785388127853883,0.41780821917808225,0.9433963410746283
large_long,rotatable_xlink,r0008,0.45,initial,2.182718913043478,1.7039604954247403,0.05249564471681486,0.05249564471681486,1.0,0.15,0.0470763085187649,0.008810763888888889,0.02104595451695168,920.0,0.32826086956521733,0.11956521739130435,0.408695652173913,0.9414067193157661
large_long,rotatable_xlink,r0008,0.5,initial,2.3327823157894736,1.6208381248304404,0.04225601619691181,0.04225601619691181,1.0,0.16666666666666666,0.06373438554827743,0.009027777777777777,0.023672429496131575,950.0,0.33684210526315794,0.12000000000000002,0.4,0.9442587113515726
large_long,rotatable_xlink,r0008,0.55,initial,2.436255010224949,1.5619259184479508,0.02672904298595095,0.02672904298595095,1.0,0.18493150684931506,0.024381885859606663,0.009461805555555555,0.0012753221582187575,978.0,0.3374233128834356,0.11451942740286299,0.392638036809816,0.9437106889615658
large_long,rotatable_xlink,r0008,0.6000000000000001,initial,2.4931565737051793,1.628490057779753,0.016167194113332266,0.016167194113332266,1.0,0.19594594594594594,0.05276552666075081,0.009765625,0.02652694806399662,1004.0,0.33665338645418313,0.11155378486055778,0.38645418326693215,0.9465486335701522
large_long,rotatable_xlink,r0008,0.65,initial,2.5332581749049425,1.7210876068319305,0.0005025462348138277,-0.0005025462348138277,1.0,0.34185303514376997,0.0542554800805266,0.009852430555555555,0.014099522723418597,1052.0,0.34220532319391633,0.12167300380228138,0.3802281368821293,0.9546108106685615
large_long,rotatable_xlink,r0008,0.7000000000000001,initial,2.4901412962962963,1.7130871941202646,0.0032214800248442366,-0.0032214800248442366,1.0,0.36908517350157727,0.07334378411802284,0.010243055555555556,0.010163174468362493,1080.0,0.3444444444444444,0.12592592592592594,0.39629629629629626,0.9531690873877552
large_long,rotatable_xlink,r0008,0.75,initial,2.513929294755877,1.7820666536421055,0.008392438817873918,0.008392438817873918,1.0,0.38181818181818183,0.05889434028700838,0.010394965277777777,0.011544003216352183,1106.0,0.352622061482821,0.13381555153707053,0.3924050632911393,0.9555624017218057
large_long,rotatable_xlink,r0008,0.8,initial,2.54049592920354,1.7823512134183777,0.023039581308803053,0.023039581308803053,1.0,0.3488372093023256,0.06613985736857728,0.010677083333333334,0.008428432747024242,1130.0,0.3575221238938053,0.13628318584070798,0.38584070796460185,0.9600493738277971
large_long,rotatable_xlink,r0008,0.8500000000000001,initial,2.6521667826086954,1.73149605715996,0.027833898227575798,0.027833898227575798,1.0,0.39655172413793105,0.08346074949274673,0.011002604166666667,0.012290512146946245,1150.0,0.36173913043478256,0.13391304347826088,0.3773913043478262,0.9605672516510815
large_long,rotatable_xlink,r0008,0.9,initial,2.7074993185689946,1.7086081405367002,0.016192135896875737,0.016192135896875737,1.0,0.4101123595505618,0.022690703690756004,0.011219618055555556,0.019976634186782194,1174.0,0.37030716723549484,0.1331058020477816,0.37201365187713303,0.957875122176623
large_long,rotatable_xlink,r0008,0.9500000000000001,initial,2.74931959798995,1.8513558622806532,0.017371832407638694,0.017371832407638694,1.0,0.41208791208791207,0.04368643239116824,0.011241319444444444,0.028669851487089892,1194.0,0.3634840871021775,0.13400335008375208,0.3685092127303182,0.9571564581527819
large_long,rotatable_xlink,r0008,1.0,initial,2.811730313014827,1.8806272494592395,0.02080357167495898,0.02080357167495898,1.0,0.38666666666666666,0.0659782832679042,0.011393229166666666,0.009757129059528783,1214.0,0.36963696369636967,0.13366336633663367,0.36963696369636967,0.960473291345925
large_long,rotatable_xlink,r0008,1.05,pulse_01,3.4219077611940296,1.413887933363575,0.02051390778068433,0.02051390778068433,1.0,0.45958429561200925,0.0451867052318491,0.012738715277777778,0.016994655750124082,1340.0,0.41467065868263475,0.11826347305389222,0.3383233532934133,0.9567169704660278
large_long,rotatable_xlink,r0008,1.1,pulse_01,3.4834494845360826,1.4648719006139472,0.022605140913718902,0.022605140913718902,1.0,0.48299319727891155,0.05138883397273959,0.01286892361111111,0.007403585468912066,1358.0,0.4212076583210604,0.11634756995581737,0.3343151693667158,0.9555995654358161
large_long,rotatable_xlink,r0008,1.15,pulse_01,3.557538606676343,1.4583094461770474,0.029128352481945303,0.029128352481945303,1.0,0.49435665914221216,0.032906679137950985,0.012977430555555556,0.008545738669442712,1378.0,0.428156748911466,0.11465892597968066,0.3309143686502176,0.9549660632108538
large_long,rotatable_xlink,r0008,1.2,pulse_01,3.6582195994277544,1.5161463326306035,0.0007024686878459215,0.0007024686878459215,1.0,0.5100222717149221,0.0205078726319563,0.0130859375,0.03153324128980243,1398.0,0.4240687679083096,0.10888252148997138,0.3252148997134671,0.9537062862739892
large_long,rotatable_xlink,r0008,1.25,pulse_01,3.5617534188034186,1.647508893915862,0.03764407279477192,-0.03764407279477192,0.8858773181169758,0.49440715883668906,0.027499438329718382,0.013129340277777778,0.04610660239035128,1404.0,0.41512125534950073,0.11412268188302425,0.32382310984308127,0.9572487114191411
large_long,rotatable_xlink,r0008,1.3,pulse_01,3.432355162659123,1.7927859469727112,0.05522683562335451,-0.05522683562335451,1.0,0.4577777777777778,0.038900357091414185,0.013237847222222222,0.03242664872954185,1414.0,0.41301272984441295,0.12305516265912309,0.33380480905233373,0.9595913498392948
large_long,rotatable_xlink,r0008,1.35,pulse_01,3.2303924050632915,1.842068786293113,0.0658924802933744,-0.0658924802933744,1.0,0.42483660130718953,0.02939626088520777,0.01349826388888889,0.00036670411241831086,1422.0,0.4177215189873418,0.13502109704641352,0.33895921237693394,0.9603951192218144
large_long,rotatable_xlink,r0008,1.4,pulse_01,3.0370002808988765,1.794986171647221,0.05508779376753181,-0.05508779376753181,1.0,0.3926247288503254,0.039413654423895904,0.01325954861111111,0.010532471464901216,1424.0,0.4087078651685393,0.14185393258426965,0.34410112359550565,0.9647022320290491
large_long,rotatable_xlink,r0008,1.45,pulse_01,2.8998656424581006,1.7788739575037058,0.048989493585424114,-0.048989493585424114,1.0,0.35881104033970274,0.006872879227260689,0.0134765625,0.013752019475612146,1432.0,0.39860139860139865,0.15244755244755243,0.3538461538461539,0.9676751022097351
large_long,rotatable_xlink,r0008,1.5,pulse_01,2.743063319386332,1.7124740547935482,0.05865815495848644,-0.05865815495848644,1.0,0.3390191897654584,0.017025796402542218,0.0134765625,0.015409488027522919,1434.0,0.39191073919107394,0.1589958158995816,0.3570432357043235,0.9639479761437187
large_long,rotatable_xlink,r0008,1.55,pulse_01,2.547916712707182,1.6864170293385683,0.0653453537812616,-0.0653453537812616,1.0,0.32903225806451614,0.042997502642299484,0.013606770833333334,0.017256541630842077,1448.0,0.37067773167358237,0.16182572614107885,0.36514522821576767,0.9691420903116487
large_long,rotatable_xlink,r0008,1.6,pulse_01,2.350991196698762,1.6089348050084957,0.04820548321068485,-0.04820548321068485,1.0,0.30701754385964913,0.05842048938384596,0.01349826388888889,0.020409136519535426,1454.0,0.3645116918844567,0.16506189821182943,0.37276478679504804,0.9682676016957391
large_long,rotatable_xlink,r0008,1.65,pulse_01,2.258683813443073,1.5639622102213557,0.02450660534548536,-0.02450660534548536,1.0,0.31096196868008946,0.06641072106978259,0.013628472222222222,0.012580399133977757,1458.0,0.3539094650205762,0.1673525377229081,0.37585733882030187,0.9679279267250086
large_long,rotatable_xlink,r0008,1.7000000000000002,pulse_01,2.20395156462585,1.5334524102046292,0.011600802692183368,-0.011600802692183368,1.0,0.29646017699115046,0.05562544862619982,0.014040798611111112,0.007002637428883888,1470.0,0.34693877551020413,0.17006802721088432,0.3768707482993199,0.970019498641644
large_long,rotatable_xlink,r0008,1.75,pulse_01,2.1890789972899727,1.5219463856480524,0.0035549475718699153,-0.0035549475718699153,0.8913043478260869,0.27802690582959644,0.01810490129238375,0.013997395833333334,0.008316125515151115,1476.0,0.3423913043478261,0.17119565217391305,0.3763586956521739,0.9731939923609352
large_long,rotatable_xlink,r0008,1.8,pulse_01,2.1826218791946306,1.4835556571137225,0.0073231171297657065,-0.0073231171297657065,0.8926174496644296,0.2907488986784141,0.03688916866351638,0.013715277777777778,0.008949659190737943,1490.0,0.3516778523489933,0.1691275167785235,0.38926174496644295,0.9726556805295232
large_long,rotatable_xlink,r0008,1.85,pulse_01,2.1451402945113784,1.4682484305036247,0.0013239701139987254,-0.0013239701139987254,1.0,0.2910284463894967,0.030953476572445394,0.0140625,0.0030811334263371273,1494.0,0.34805890227576985,0.1700133868808568,0.394912985274431,0.9702446112277089
large_long,rotatable_xlink,r0008,1.9,pulse_01,2.1746780585106382,1.4650688565556997,0.010399266588059378,0.010399266588059378,1.0,0.2838427947598253,0.043236902363104096,0.014019097222222223,0.007856396458734927,1504.0,0.34399999999999986,0.16933333333333334,0.39333333333333326,0.9733992283017663
large_long,rotatable_xlink,r0008,1.9500000000000002,pulse_01,2.2075358940397347,1.5153868092560343,0.01255084619903942,0.01255084619903942,1.0,0.2987012987012987,0.05755313923946738,0.0142578125,0.012016777336614068,1510.0,0.35231788079470194,0.1668874172185431,0.3933774834437086,0.9724781981406379
large_long,rotatable_xlink,r0008,2.0,pulse_01,2.2499831357048747,1.5371695205753841,0.014149080555046675,0.014149080555046675,0.8945981554677207,0.3118279569892473,0.04634589411974961,0.014388020833333333,0.0072609037731166115,1518.0,0.3570487483530961,0.1660079051383399,0.39130434782608703,0.9725284912437065
large_long,rotatable_xlink,r0008,2.05,pulse_02,2.616652,1.4299879035342582,0.00967433333333334,-0.00967433333333334,0.9,0.35968379446640314,0.039948692529655966,0.015169270833333333,0.010500712885805378,1600.0,0.38625,0.16,0.36875,0.9709348888045579
large_long,rotatable_xlink,r0008,2.1,pulse_02,2.587629,1.398485764876842,0.006905729166666689,-0.006905729166666689,0.9,0.36363636363636365,0.03818223712305828,0.015147569444444444,0.0066061066912159,1600.0,0.37875,0.16250000000000003,0.37124999999999997,0.9727027491532122
large_long,rotatable_xlink,r0008,2.15,pulse_02,2.575217625,1.3903512633869628,0.0009531666666667457,-0.0009531666666667457,0.899874843554443,0.3652694610778443,0.01435874900497628,0.014952256944444445,0.007520760532269133,1600.0,0.38047559449311635,0.16270337922403,0.37171464330412995,0.9744195043952253
large_long,rotatable_xlink,r0008,2.2,pulse_02,2.5819099999999997,1.3533612016832273,0.005878782306007506,-0.005878782306007506,0.899874843554443,0.36633663366336633,0.03078068919630313,0.015169270833333333,0.00800828779787303,1600.0,0.3817271589486859,0.16270337922403003,0.37171464330413007,0.9729421152832164
large_long,rotatable_xlink,r0008,2.25,pulse_02,2.539944931163955,1.3423015365997246,0.018657236128493866,-0.018657236128493866,0.8996235884567126,0.36507936507936506,0.022118668550389017,0.01506076388888889,0.0018080093037490623,1598.0,0.37264742785445404,0.16562107904642404,0.37766624843161833,0.9741714736070751
large_long,rotatable_xlink,r0008,2.3,pulse_02,2.4699665832290365,1.342513145860733,0.03136712557363371,-0.03136712557363371,0.8994974874371859,0.3466135458167331,0.02280170058242761,0.014865451388888888,0.0032454773012406215,1598.0,0.36683417085427145,0.16457286432160806,0.3806532663316584,0.9716019773266403
large_long,rotatable_xlink,r0008,2.35,pulse_02,2.3517421777221528,1.3617744004071684,0.023107985258306412,-0.023107985258306412,1.0,0.3241106719367589,0.013318417002659743,0.015082465277777778,0.006557323268263045,1598.0,0.36511919698870754,0.1693851944792973,0.38268506900878274,0.9706163189580235
large_long,rotatable_xlink,r0008,2.4,pulse_02,2.331318671679198,1.3818570854703112,0.004137477717167437,0.004137477717167437,0.8996235884567126,0.32803180914512925,0.023420145139956872,0.015125868055555556,0.005748952803342496,1596.0,0.36386449184441644,0.1668757841907151,0.38143036386449164,0.971324851367093
large_long,rotatable_xlink,r0008,2.45,pulse_02,2.3765670440251574,1.3962681172272233,0.004395839835437639,0.004395839835437639,1.0,0.32665330661322645,0.03559331422699429,0.015364583333333333,0.0077343361543040405,1590.0,0.3660377358490566,0.16352201257861634,0.3811320754716981,0.9684770685493208
large_long,rotatable_xlink,r0008,2.5,pulse_02,2.357693710691824,1.4282631023961354,0.006864905660377414,-0.006864905660377414,1.0,0.323943661971831,0.02521996686223863,0.01482204861111111,0.014949010149106398,1590.0,0.3584905660377358,0.16855345911949685,0.3823899371069182,0.9685782533363504
large_long,rotatable_xlink,r0008,2.55,pulse_02,2.335377610062893,1.4859621781218617,0.017768637316561902,-0.017768637316561902,1.0,0.3006134969325153,0.018335925981572365,0.014930555555555556,0.0167029936996812,1590.0,0.3518284993694831,0.1664564943253468,0.38587641866330397,0.971026590681361
large_long,rotatable_xlink,r0008,2.6,pulse_02,2.2510818867924525,1.5284810645942226,0.013054601677148892,-0.013054601677148892,1.0,0.30184804928131415,0.029272670787994854,0.015169270833333333,0.008203490120938461,1590.0,0.345088161209068,0.16624685138539047,0.3853904282115869,0.9697000701686443
large_long,rotatable_xlink,r0008,2.65,pulse_02,2.2570499999999996,1.436741237396231,0.0034806637041966404,0.0034806637041966404,1.0,0.2985386221294363,0.021638723464221084,0.014887152777777777,0.025218644119847793,1588.0,0.3472222222222222,0.1691919191919192,0.3825757575757576,0.9691899462786434
large_long,rotatable_xlink,r0008,2.7,pulse_02,2.2719658690176323,1.3771691998751359,0.019589081546868375,-0.019589081546868375,1.0,0.27234927234927236,0.034145474531168604,0.015104166666666667,0.0036300155578313418,1588.0,0.3476070528967254,0.1700251889168766,0.3828715365239294,0.9684742190231675
large_long,rotatable_xlink,r0008,2.75,pulse_02,2.1395155107187893,1.458521330743219,0.03607430309604509,-0.03607430309604509,0.798234552332913,0.3181818181818182,0.04884633359178598,0.014583333333333334,0.019368594629367835,1586.0,0.3404791929382093,0.17150063051702402,0.3959646910466582,0.9718470851962803
large_long,rotatable_xlink,r0008,2.8,pulse_02,2.0555200504413618,1.4933807676513429,0.03643000515346828,-0.03643000515346828,0.8991172761664565,0.30578512396694213,0.04231152169971109,0.014691840277777778,0.01263695393074978,1586.0,0.3417402269861287,0.17528373266078184,0.3984867591424969,0.9715916952058327
large_long,rotatable_xlink,r0008,2.85,pulse_02,1.9209354797979796,1.5343430543277177,0.029497028608913862,-0.029497028608913862,0.898989898989899,0.2860125260960334,0.012593695250890205,0.0150390625,0.006849784474035651,1584.0,0.33207070707070707,0.17676767676767677,0.4053030303030303,0.9694387794726806
large_long,rotatable_xlink,r0008,2.9,pulse_02,1.8785378787878786,1.5344794744955568,0.013834274024484228,-0.013834274024484228,0.797979797979798,0.2985386221294363,0.05011301363106906,0.014973958333333334,0.004010559754033601,1584.0,0.3308080808080809,0.18055555555555555,0.4078282828282829,0.9676157557828654
large_long,rotatable_xlink,r0008,2.95,pulse_02,1.8379298356510743,1.510279695803516,0.018071062393849962,-0.018071062393849962,1.0,0.2769556025369979,0.055810092143862615,0.014778645833333333,0.0030714507611007877,1582.0,0.330379746835443,0.1810126582278481,0.410126582278481,0.9676718818702568
large_long,rotatable_xlink,r0008,3.0,pulse_02,1.7701115044247788,1.5529081790621615,0.022606110408765145,-0.022606110408765145,0.8988621997471555,0.2727272727272727,0.04237449056015371,0.014887152777777777,0.014209494419548477,1582.0,0.32111251580278133,0.18836915297092285,0.4083438685208596,0.9703381109076321
large_long,rotatable_xlink,r0008,3.05,pulse_03,2.3352524475524477,1.5700985486572003,0.02680534716158996,-0.02680534716158996,0.9066511085180864,0.34593572778827975,0.0458977582641114,0.016514756944444445,0.020911263985253187,1716.0,0.36989498249708286,0.18203033838973165,0.3768961493582264,0.9687621158551531
large_long,rotatable_xlink,r0008,3.1,pulse_03,2.2548364060676778,1.63283234061296,0.021494486105104516,-0.021494486105104516,1.0,0.3224043715846995,0.07926274151402676,0.01625434027777778,0.008823325506117197,1714.0,0.367561260210035,0.18319719953325558,0.37689614935822635,0.9690760567785286
large_long,rotatable_xlink,r0008,3.15,pulse_03,2.2062855309218206,1.6230385016939035,0.017191912693522642,-0.017191912693522642,1.0,0.3115942028985507,0.08777090764499379,0.016276041666666668,0.0005794247629233121,1714.0,0.3687281213535589,0.1843640606767795,0.38039673278879815,0.9680391810051715
large_long,rotatable_xlink,r0008,3.2,pulse_03,2.151684929906542,1.6363088891904998,0.026382403301784912,-0.026382403301784912,1.0,0.29044117647058826,0.05753843138628785,0.015625,0.0063372282109250095,1712.0,0.36565420560747663,0.1927570093457944,0.38317757009345793,0.9684171246227035
large_long,rotatable_xlink,r0008,3.25,pulse_03,2.047991111111111,1.5850151324283535,0.03058949691486527,-0.03058949691486527,1.0,0.27472527472527475,0.05286632163583811,0.01599392361111111,0.005342511321515864,1710.0,0.3637426900584796,0.19415204678362574,0.38830409356725154,0.971760176327066
large_long,rotatable_xlink,r0008,3.3,pulse_03,1.9681479484173503,1.6042538212614046,0.04423454821761974,-0.04423454821761974,0.8124267291910903,0.28233151183970856,0.04695562770969958,0.015928819444444443,0.0005230110282005151,1706.0,0.35990621336459555,0.19812426729191088,0.38686987104337633,0.9748345460473601
large_long,rotatable_xlink,r0008,3.35,pulse_03,1.7825838218053927,1.5818770662591504,0.05396225087924966,-0.05396225087924966,0.9061032863849765,0.2558983666061706,0.0765506589265185,0.0158203125,0.01540980366831927,1706.0,0.3544600938967136,0.20892018779342725,0.39084507042253536,0.9750846168462417
large_long,rotatable_xlink,r0008,3.4,pulse_03,1.6443744431418523,1.511794999251489,0.037200273544353256,-0.037200273544353256,0.8124267291910903,0.22382671480144403,0.07309670100034825,0.016102430555555554,0.01046703908894886,1706.0,0.34701055099648304,0.21688159437280183,0.39507620164126606,0.9760984842616508
large_long,rotatable_xlink,r0008,3.45,pulse_03,1.5593821805392731,1.5190748317254572,0.029981477139507606,-0.029981477139507606,0.9062133645955451,0.21234119782214156,0.09294192453330549,0.016276041666666668,0.0013061969661010513,1706.0,0.34349355216881594,0.2262602579132474,0.39976553341148885,0.9801044306822166
large_long,rotatable_xlink,r0008,3.5,pulse_03,1.4644855803048067,1.5039578174548827,0.024295779601406792,-0.024295779601406792,1.0,0.2014519056261343,0.09093996057495338,0.01640625,0.005243332931780809,1706.0,0.3446658851113716,0.2297772567409143,0.4079718640093785,0.9772151463962069
large_long,rotatable_xlink,r0008,3.55,pulse_03,1.4136075029308324,1.4876148341347724,0.018714751856193795,-0.018714751856193795,0.9062133645955451,0.1935483870967742,0.06856862168089758,0.016102430555555554,0.004072349036640739,1706.0,0.33880422039859326,0.23798358733880426,0.40679953106682304,0.9773168398881337
large_long,rotatable_xlink,r0008,3.6,pulse_03,1.352197069167644,1.4795237232350382,0.022118895245905563,-0.022118895245905563,1.0,0.15302491103202848,0.08694175050138181,0.015950520833333332,0.0008146948140411725,1706.0,0.33645955451348175,0.24736225087924973,0.4161781946072684,0.9755401626774429
large_long,rotatable_xlink,r0008,3.65,pulse_03,1.280894131455399,1.4827266652505253,0.020576080155391585,-0.020576080155391585,1.0,0.15675675675675677,0.0600742362740104,0.015690104166666666,0.0023583704550850606,1704.0,0.33098591549295764,0.24647887323943665,0.4107981220657277,0.9732975412817249
large_long,rotatable_xlink,r0008,3.7,pulse_03,1.2287405882352944,1.4653735005045279,0.012088041517076284,-0.012088041517076284,1.0,0.14963503649635038,0.05196791707372606,0.016276041666666668,0.002714481456709087,1700.0,0.32823529411764707,0.24352941176470586,0.41529411764705887,0.9750616871721842
large_long,rotatable_xlink,r0008,3.75,pulse_03,1.2083658823529413,1.4990135539907798,0.004067156862745169,-0.004067156862745169,0.9058823529411765,0.15636363636363637,0.08762192737154903,0.016059027777777776,0.0044944101784559765,1700.0,0.32352941176470584,0.24588235294117644,0.41647058823529415,0.9758778753579728
large_long,rotatable_xlink,r0008,3.8,pulse_03,1.2043376470588234,1.4923399615752637,0.0010899999999999983,0.0010899999999999983,0.9057714958775029,0.15539305301645337,0.08455884789714031,0.016015625,0.0004000092702319454,1700.0,0.3227326266195523,0.24381625441696117,0.4169611307420495,0.9762256380847528
large_long,rotatable_xlink,r0008,3.85,pulse_03,1.2149058823529413,1.4966134983693882,0.0009127282385274308,0.0009127282385274308,0.9058823529411765,0.15384615384615385,0.11179461926962017,0.015907118055555555,0.003026823638970481,1700.0,0.32352941176470595,0.2435294117647059,0.41647058823529426,0.9777274282022248
large_long,rotatable_xlink,r0008,3.9,pulse_03,1.209814016489988,1.5105009034090866,0.006576873599852225,-0.006576873599852225,1.0,0.163302752293578,0.06367991140072536,0.01599392361111111,0.0031694696322725666,1698.0,0.32155477031802115,0.24146054181389864,0.4204946996466431,0.9746562573157445
large_long,rotatable_xlink,r0008,3.95,pulse_03,1.175444640753828,1.5156303161630236,0.026110600706713744,-0.026110600706713744,0.9057714958775029,0.14972273567467653,0.11042469694488614,0.015907118055555555,0.001043930327080315,1698.0,0.3203769140164899,0.24028268551236748,0.42402826855123665,0.9778998304098615
large_long,rotatable_xlink,r0008,4.0,pulse_03,1.0531504122497055,1.5042373214466047,0.04076474283470747,-0.04076474283470747,0.9057714958775029,0.122040072859745,0.047052095260860356,0.015928819444444443,0.0037976649054729528,1698.0,0.31919905771495877,0.2532391048292108,0.431095406360424,0.9770079448915902
large_long,rotatable_xlink,r0008,4.05,pulse_04,1.4669842337375967,1.4711391822938136,0.05461150312385158,-0.05461150312385158,0.7353914002205071,0.1901639344262295,0.0739122344490243,0.017013888888888887,0.00020937501169219588,1814.0,0.3550165380374861,0.24696802646085994,0.4068357221609702,0.9769286229146114
large_long,rotatable_xlink,r0008,4.1,pulse_04,1.303149724366042,1.4717673073288902,0.029163138552002994,-0.029163138552002994,0.6471885336273429,0.16993464052287582,0.14661708108378513,0.017317708333333334,0.0038604051998171554,1814.0,0.3550165380374861,0.26350606394707826,0.4112458654906284,0.9794115095847465
large_long,rotatable_xlink,r0008,4.15,pulse_04,1.2920054024255787,1.4943016134927165,0.0028667954785879246,0.0028667954785879246,0.9117971334068358,0.1567043618739903,0.1103527127415391,0.017057291666666665,0.0067091410680802195,1814.0,0.35722160970231526,0.26791620727673643,0.41455347298787204,0.9741860790510976
large_long,rotatable_xlink,r0008,4.2,pulse_04,1.3203504972375695,1.5120221537373715,0.001173887809364893,0.001173887809364893,1.0,0.1525974025974026,0.09190751559462047,0.016861979166666666,0.0006994662662103875,1810.0,0.3535911602209944,0.2651933701657459,0.4099447513812155,0.9726057521010365
large_long,rotatable_xlink,r0008,4.25,pulse_04,1.299048729281768,1.4901048158954542,0.006548718566143585,-0.006548718566143585,1.0,0.15359477124183007,0.11524044806436771,0.01720920138888889,0.003774914272170656,1810.0,0.35138121546961326,0.2629834254143646,0.411049723756906,0.9745361747506124
large_long,rotatable_xlink,r0008,4.3,pulse_04,1.281058185840708,1.4893726681043475,0.003936508405580723,-0.003936508405580723,0.911504424778761,0.14845024469820556,0.11017928645933567,0.017339409722222223,0.0007650667073239026,1808.0,0.3517699115044247,0.2632743362831858,0.4115044247787609,0.971855152374374
large_long,rotatable_xlink,r0008,4.35,pulse_04,1.2754296788482837,1.4946952161393976,0.0005538652296344463,-0.0005538652296344463,0.91140642303433,0.16883116883116883,0.08038377149118674,0.017469618055555556,0.0033793831497103133,1806.0,0.35105204872646734,0.2635658914728682,0.4119601328903655,0.9757449843459871
large_long,rotatable_xlink,r0008,4.4,pulse_04,1.2777349944629013,1.4690963692060857,0.0025175156884459002,0.0025175156884459002,0.91140642303433,0.16097560975609757,0.05516193348404492,0.017165798611111113,0.008578783560341585,1806.0,0.35326688815060914,0.26245847176079734,0.4097452934662237,0.973983454331186
large_long,rotatable_xlink,r0008,4.45,pulse_04,1.2905347729789591,1.443222514777348,0.00017115171650058011,0.00017115171650058011,0.91140642303433,0.15875613747954173,0.08626110832405069,0.016905381944444443,0.008833871361074866,1806.0,0.3499446290143965,0.26135105204872644,0.4108527131782945,0.9738151221441343
large_long,rotatable_xlink,r0008,4.5,pulse_04,1.2787619047619048,1.4160931410396365,0.0007820513403547688,0.0007820513403547688,0.82281284606866,0.15737704918032788,0.07457245307681018,0.017144097222222224,0.004522572117520052,1806.0,0.35105204872646734,0.26135105204872644,0.4108527131782945,0.978136254254646
large_long,rotatable_xlink,r0008,4.55,pulse_04,1.2952270810210877,1.4160870820722278,0.00161084421189861,0.00161084421189861,0.9112097669256382,0.1540983606557377,0.09500232826773952,0.016840277777777777,0.0013516645213499379,1802.0,0.35183129855715867,0.26082130965593786,0.4095449500554939,0.9786406451634473
large_long,rotatable_xlink,r0008,4.6,pulse_04,1.2884269700332964,1.4079831539115368,0.005209217207218342,-0.005209217207218342,0.8224195338512763,0.15041322314049588,0.09930292379754825,0.0169921875,0.004623772790968299,1802.0,0.3529411764705883,0.26193118756936745,0.4162042175360711,0.9805211999550109
large_long,rotatable_xlink,r0008,4.65,pulse_04,1.2639717777777777,1.388344445326418,0.012122276499417847,-0.012122276499417847,0.8222222222222222,0.1537190082644628,0.1190238835965,0.0169921875,0.01238910114244666,1800.0,0.3455555555555556,0.26111111111111107,0.418888888888889,0.9783365643170318
large_long,rotatable_xlink,r0008,4.7,pulse_04,1.2156933110367893,1.3336485470568569,0.02290995627399972,-0.02290995627399972,0.8216276477146043,0.15100671140939598,0.11349801079865422,0.016861979166666666,0.016197983916130847,1794.0,0.34671125975473804,0.2608695652173913,0.4169453734671126,0.9805502065005067
large_long,rotatable_xlink,r0008,4.75,pulse_04,1.1265120401337794,1.291156541829633,0.025023560014864388,-0.025023560014864388,0.7324414715719063,0.1505016722408027,0.09388221139222838,0.017057291666666665,0.0056888011625548796,1794.0,0.3444816053511706,0.26086956521739124,0.4214046822742474,0.982578569692071
large_long,rotatable_xlink,r0008,4.8,pulse_04,1.065551950947603,1.2995157400815276,0.01832378298030472,-0.01832378298030472,0.7324414715719063,0.13131313131313133,0.0678212758084996,0.016840277777777777,0.003909675123494642,1794.0,0.3422519509476032,0.2653288740245262,0.4247491638795987,0.9799957095916922
large_long,rotatable_xlink,r0008,4.85,pulse_04,1.016569342251951,1.3146145925706008,0.014426607209215903,-0.014426607209215903,0.8216276477146043,0.12794612794612795,0.12405335584358897,0.016905381944444443,0.005933903579834181,1794.0,0.3377926421404682,0.2653288740245262,0.4258639910813824,0.9835773372120882
large_long,rotatable_xlink,r0008,4.9,pulse_04,0.9789923076923076,1.3351191615605327,0.008296042363433695,-0.008296042363433695,0.8216276477146043,0.12393887945670629,0.08765248632969122,0.016883680555555555,0.005902682319811022,1794.0,0.3322185061315496,0.2653288740245262,0.4280936454849497,0.9828409829456692
large_long,rotatable_xlink,r0008,4.95,pulse_04,0.9667930880713489,1.350030686489467,0.011579877369007785,-0.011579877369007785,0.8216276477146043,0.13131313131313133,0.11231393230830031,0.017361111111111112,0.0007057737370783634,1794.0,0.32887402452619846,0.26644370122630995,0.4258639910813825,0.9814261445263688
large_long,rotatable_xlink,r0008,5.0,pulse_04,0.9095130434782609,1.3308845191380625,0.019093348197695998,-0.019093348197695998,0.7324414715719063,0.116751269035533,0.12103711128230243,0.017035590277777776,0.006382055783801466,1794.0,0.32664437012263103,0.2686733556298774,0.43032329988851725,0.984061030007322
large_long,rotatable_xlink,r0008,5.05,pulse_05,1.4002378151260504,1.2177742257582973,0.00023174279175397494,-0.00023174279175397494,0.7478991596638656,0.1889400921658986,0.06558689395490182,0.01818576388888889,0.006853627334559335,1904.0,0.3686974789915966,0.2521008403361345,0.4044117647058824,0.983644325667455
large_long,rotatable_xlink,r0008,5.1,pulse_05,1.3995425867507885,1.2383351077619753,0.006342632699767574,-0.006342632699767574,0.8317560462670873,0.19384615384615383,0.07603389570285807,0.01794704861111111,0.005098863862991743,1902.0,0.3659305993690851,0.2502628811777077,0.4037854889589905,0.984270244391008
large_long,rotatable_xlink,r0008,5.15,pulse_05,1.362182018927445,1.2483674089362478,0.009875324220119164,-0.009875324220119164,0.6635120925341745,0.1786833855799373,0.032984000997294295,0.01794704861111111,0.0037026825168934296,1902.0,0.35962145110410104,0.24815983175604628,0.4048370136698212,0.9842226277956716
large_long,rotatable_xlink,r0008,5.2,pulse_05,1.3402906414300735,1.2605512028633359,0.0027074703129865707,-0.0027074703129865707,0.6635120925341745,0.18252730109204368,0.054285447149114624,0.01796875,0.004848821817907874,1902.0,0.3606729758149317,0.24921135646687703,0.405888538380652,0.9856483690125376
large_long,rotatable_xlink,r0008,5.25,pulse_05,1.3459371970495255,1.2192744780288005,0.00947371245471366,-0.00947371245471366,0.7471022128556375,0.18053375196232338,0.09705293284705059,0.018012152777777776,0.00862026222470765,1898.0,0.3603793466807165,0.24762908324552155,0.40569020021074803,0.9839179795199566
large_long,rotatable_xlink,r0008,5.3,pulse_05,1.2834483667017915,1.20882962951509,0.016284330019718112,-0.016284330019718112,0.8314014752370917,0.1640378548895899,0.09242654508887635,0.017838541666666666,0.0034463115175182115,1898.0,0.34773445732349845,0.25079030558482607,0.4099051633298207,0.9846906041250384
large_long,rotatable_xlink,r0008,5.35,pulse_05,1.2482312169312169,1.1985966089236912,0.01057599762490169,-0.01057599762490169,0.8306878306878307,0.16013071895424835,0.10410961081201978,0.017534722222222222,0.0034115642388757492,1890.0,0.3407407407407408,0.24550264550264553,0.4084656084656085,0.9843505122517787
large_long,rotatable_xlink,r0008,5.4,pulse_05,1.2199923809523814,1.1883602440818355,0.011060229276895909,-0.011060229276895909,0.6613756613756614,0.16013071895424835,0.11566328577767476,0.017903645833333332,0.006295611615596257,1890.0,0.33439153439153435,0.24444444444444452,0.4116402116402117,0.9841906968388696
large_long,rotatable_xlink,r0008,5.45,pulse_05,1.1818698412698414,1.1608229392301137,0.017594687079634186,-0.017594687079634186,0.5767195767195767,0.16908212560386474,0.09484145533155137,0.018098958333333335,0.007145608577876421,1890.0,0.3417989417989418,0.256084656084656,0.41375661375661377,0.9842348026417305
large_long,rotatable_xlink,r0008,5.5,pulse_05,1.1144242584745763,1.145486592614577,0.028573954436693343,-0.028573954436693343,0.7454931071049841,0.1616,0.11876379984410848,0.018120659722222224,0.00603915670009451,1888.0,0.3414634146341463,0.2566277836691411,0.4178154825026511,0.9818994610738154
large_long,rotatable_xlink,r0008,5.55,pulse_05,1.0104261146496814,1.1245879990295466,0.03169524038692464,-0.03169524038692464,0.5749202975557917,0.1592356687898089,0.08726324084267724,0.01773003472222222,0.01017316880005729,1884.0,0.33793836344314554,0.2603613177470776,0.4229543039319873,0.9866533557036972
large_long,rotatable_xlink,r0008,5.6,pulse_05,0.9242528161530285,1.0844475798142332,0.031154015562180948,-0.031154015562180948,0.6599362380446334,0.14832535885167464,0.10427724091481448,0.017838541666666666,0.01268813978383021,1882.0,0.3368756641870351,0.26567481402763027,0.41764080765143474,0.9826852405959313
large_long,rotatable_xlink,r0008,5.65,pulse_05,0.8235020212765957,1.0484591603265654,0.020022025979356373,-0.020022025979356373,0.6595744680851063,0.14603174603174604,0.0835366296630383,0.017534722222222222,0.007279557526388462,1880.0,0.3361702127659575,0.26595744680851063,0.4223404255319149,0.9811880420261099
large_long,rotatable_xlink,r0008,5.7,pulse_05,0.8041206602768902,1.0407702346559025,0.002414287891147171,-0.002414287891147171,0.744408945686901,0.14832535885167464,0.10902751648087618,0.018033854166666665,0.003220034880297392,1878.0,0.3343982960596379,0.2630457933972311,0.422790202342918,0.9781056353929645
large_long,rotatable_xlink,r0008,5.75,pulse_05,0.8090162939297126,1.029138951044781,0.0020743166489172924,-0.0020743166489172924,0.744408945686901,0.14285714285714285,0.10019604780810597,0.01796875,0.001671859590479811,1878.0,0.3280085197018104,0.26517571884984026,0.4206602768903089,0.982952976861577
large_long,rotatable_xlink,r0008,5.8,pulse_05,0.7916747603833865,1.0307390771130236,0.00044882854100105246,0.00044882854100105246,0.8296059637912673,0.13408723747980614,0.07927058867985691,0.017881944444444443,0.003959525319556234,1878.0,0.33013844515441954,0.2662406815761448,0.4206602768903088,0.9798378899763363
large_long,rotatable_xlink,r0008,5.85,pulse_05,0.811709265175719,1.0528961029621184,0.003910738374156934,0.003910738374156934,0.744136460554371,0.1456,0.09545789531062156,0.017990451388888887,0.004339014389914723,1878.0,0.3315565031982943,0.2665245202558636,0.417910447761194,0.9791819925765395
large_long,rotatable_xlink,r0008,5.9,pulse_05,0.8151391906283281,1.056773163452512,0.012087059792650826,0.012087059792650826,0.744408945686901,0.1424,0.08687196925918497,0.01796875,0.007300985402553343,1878.0,0.3343982960596379,0.2662406815761449,0.4195953141640044,0.9796089904645838
large_long,rotatable_xlink,r0008,5.95,pulse_05,0.8842316239316239,1.0967020153774385,0.022286320278522842,0.022286320278522842,0.7435897435897436,0.14009661835748793,0.10860240940136884,0.017903645833333332,0.008969508951709634,1872.0,0.3322649572649573,0.264957264957265,0.41559829059829073,0.9810766735287983
large_long,rotatable_xlink,r0008,6.0,pulse_05,0.9488571122994651,1.1105902171627697,0.02154182945594707,0.02154182945594707,0.828693790149893,0.14285714285714285,0.10778490200913406,0.017816840277777777,0.004629400595110411,1870.0,0.33083511777301927,0.2644539614561028,0.41970021413276226,0.9760645829214601
large_long,rotatable_xlink,r0008,6.05,pulse_06,1.5026113886113885,1.1891120041565433,0.012534965034965095,0.012534965034965095,0.8401598401598401,0.2316715542521994,0.0838435867480289,0.018467881944444445,0.03581047589330607,2002.0,0.3706293706293706,0.2447552447552447,0.3906093906093906,0.9773561097847528
large_long,rotatable_xlink,r0008,6.1,pulse_06,1.5402162837162838,1.2965434318364615,0.004177251898101919,0.004177251898101919,0.8401598401598401,0.22852983988355166,0.06062509023801094,0.01875,0.018050740015686295,2002.0,0.3736263736263736,0.24575424575424573,0.39060939060939065,0.9776196579875814
large_long,rotatable_xlink,r0008,6.15,pulse_06,1.5276749,1.297416444250661,0.014487647286047345,-0.014487647286047345,0.84,0.2316715542521994,0.0765817561390766,0.01890190972222222,0.017733951137006192,2000.0,0.372,0.246,0.391,0.9788724805310954
large_long,rotatable_xlink,r0008,6.2,pulse_06,1.4532903999999998,1.1901397250144243,0.019631333333333334,-0.019631333333333334,0.76,0.2287390029325513,0.04445848815028151,0.018359375,0.024031310379496833,2000.0,0.36699999999999994,0.244,0.3919999999999999,0.9780017906602715
large_long,rotatable_xlink,r0008,6.25,pulse_06,1.4098869,1.15322858197368,0.01500689999999997,-0.01500689999999997,0.6799999999999999,0.22418879056047197,0.10825045627135053,0.01857638888888889,0.0072176114755740555,2000.0,0.36500000000000005,0.24499999999999997,0.39199999999999996,0.980634717125646
large_long,rotatable_xlink,r0008,6.3,pulse_06,1.363249,1.14683405616098,0.011529150000000024,-0.011529150000000024,0.7597597597597597,0.21929824561403508,0.11027888160617844,0.018858506944444443,0.005250551622629218,2000.0,0.36636636636636627,0.2442442442442442,0.3953953953953953,0.9763415841131433
large_long,rotatable_xlink,r0008,6.35,pulse_06,1.340712,1.1847318917094554,0.0020444886439545673,0.0020444886439545673,0.6793587174348698,0.21522693997071743,0.1277181890617467,0.0189453125,0.011174067351547468,2000.0,0.36272545090180364,0.24549098196392788,0.3987975951903807,0.9816880494833485
large_long,rotatable_xlink,r0008,6.4,pulse_06,1.3755159318637273,1.2138784602702648,0.0006134308617234963,0.0006134308617234963,0.678714859437751,0.21354933726067746,0.0892391190002544,0.019032118055555554,0.0006665293678085327,1996.0,0.36345381526104426,0.24397590361445776,0.39759036144578297,0.9803614379120811
large_long,rotatable_xlink,r0008,6.45,pulse_06,1.3443925851703409,1.1887310679163066,0.0031965582101284675,0.0031965582101284675,0.8396793587174349,0.20531757754800592,0.09264142291292339,0.019227430555555557,0.01619606645549924,1996.0,0.3637274549098196,0.24448897795591185,0.3997995991983968,0.9796885521069618
large_long,rotatable_xlink,r0008,6.5,pulse_06,1.3946952811244981,1.3110548590032602,0.011413128602263178,0.011413128602263178,0.7590361445783133,0.21597633136094674,0.0699881731397415,0.01890190972222222,0.04081995471882083,1992.0,0.36546184738955817,0.2429718875502008,0.3985943775100401,0.981908733109093
large_long,rotatable_xlink,r0008,6.55,pulse_06,1.41287135678392,1.4336507962292315,0.004836400161342828,0.004836400161342828,0.8391959798994975,0.21013412816691504,0.0729079408301066,0.018619791666666666,0.01023729428526432,1990.0,0.36281407035175883,0.2412060301507537,0.39798994974874363,0.9803171834914186
large_long,rotatable_xlink,r0008,6.6,pulse_06,1.423713682092555,1.3724786247148462,0.004205923649097332,-0.004205923649097332,1.0,0.19880418535127056,0.032935090216585076,0.01890190972222222,0.02153755751989946,1988.0,0.3641851106639839,0.23943661971830982,0.3943661971830986,0.9779195269836344
large_long,rotatable_xlink,r0008,6.65,pulse_06,1.387635814889336,1.3044254511098348,0.0015515082775943896,-0.0015515082775943896,0.7585513078470825,0.20658682634730538,0.056549194836995956,0.018641493055555555,0.004302769960151813,1988.0,0.3651911468812876,0.24044265593561365,0.39537223340040245,0.9809061659714009
large_long,rotatable_xlink,r0008,6.7,pulse_06,1.4144046324269888,1.3466620049539353,0.011826055020961642,0.011826055020961642,0.8388721047331319,0.20902255639097744,0.03312381213569531,0.018663194444444444,0.017628665378137526,1986.0,0.3615307150050353,0.2416918429003021,0.3947633434038268,0.9795357197806581
large_long,rotatable_xlink,r0008,6.75,pulse_06,1.4585921450151058,1.41019744337866,0.004103865025609443,0.004103865025609443,0.919436052366566,0.19640179910044978,0.06156742998792961,0.018598090277777778,0.01018647933050513,1986.0,0.3675730110775429,0.23967774420946625,0.3977844914400806,0.9795880394016192
large_long,rotatable_xlink,r0008,6.8,pulse_06,1.4390278225806454,1.407780880936966,0.011315071884238082,-0.011315071884238082,0.9193548387096774,0.2077727952167414,0.0509274895572035,0.018815104166666666,0.002195491760058362,1984.0,0.36088709677419356,0.24092741935483875,0.40322580645161277,0.9791693273499926
large_long,rotatable_xlink,r0008,6.85,pulse_06,1.3907017137096773,1.3970244928183098,0.01619413642473122,-0.01619413642473122,0.7580645161290323,0.19523099850968703,0.06415365168325439,0.018880208333333332,0.003336601815214594,1984.0,0.3629032258064516,0.24092741935483875,0.3981854838709678,0.9780885228242683
large_long,rotatable_xlink,r0008,6.9,pulse_06,1.341863004032258,1.3877612700456785,0.009480930779569907,-0.009480930779569907,0.7580645161290323,0.20958083832335328,0.06185415853212275,0.018663194444444444,0.005915132224263949,1984.0,0.3598790322580645,0.2419354838709677,0.4062499999999999,0.9748871499498583
large_long,rotatable_xlink,r0008,6.95,pulse_06,1.3338161290322579,1.4325152861638935,0.005888776881720403,-0.005888776881720403,0.7580645161290323,0.20958083832335328,0.06621858543207433,0.018967013888888887,0.002291512777674328,1984.0,0.3629032258064516,0.2409274193548387,0.4042338709677419,0.9746270283065407
large_long,rotatable_xlink,r0008,7.0,pulse_06,1.3065303427419357,1.3740121933796325,0.009095262096774063,-0.009095262096774063,0.8385469223007064,0.2042042042042042,0.04974067226667199,0.018663194444444444,0.01950103092808697,1984.0,0.36427850655903127,0.24419778002018164,0.4066599394550958,0.9734049547136714
large_long,rotatable_xlink,r0008,7.05,pulse_07,1.850805703422053,1.1713888658371536,0.003594233206590728,0.003594233206590728,0.8477640342530923,0.260989010989011,0.05753611523935461,0.019769965277777777,0.007915303750113326,2104.0,0.3977164605137964,0.23120837297811608,0.3824928639391056,0.9748794303976144
large_long,rotatable_xlink,r0008,7.1,pulse_07,1.8615884030418253,1.1476429545868136,0.004759404646911232,0.004759404646911232,0.7716460513796384,0.2644628099173554,0.09663519902900901,0.020008680555555554,0.00035676524006655885,2104.0,0.39961941008563273,0.2302568981921979,0.38344433872502376,0.9749881800455819
large_long,rotatable_xlink,r0008,7.15,pulse_07,1.8793621313035205,1.1692482743967543,0.0033921009202412997,0.0033921009202412997,0.7716460513796384,0.26068965517241377,0.07321223168082902,0.01987847222222222,0.005548996994362436,2102.0,0.40057088487155096,0.22930542340627977,0.38058991436726924,0.9766321072054048
large_long,rotatable_xlink,r0008,7.2,pulse_07,1.881941008563273,1.1809369365529883,6.969552806849559e-05,6.969552806849559e-05,0.8477640342530923,0.2520775623268698,0.04614756887239075,0.019856770833333332,0.004978649951724738,2102.0,0.39676498572787816,0.2274024738344434,0.38344433872502376,0.9777736704157303
large_long,rotatable_xlink,r0008,7.25,pulse_07,1.8797803044719315,1.1991201741071027,0.00540060260069782,-0.00540060260069782,0.8477640342530923,0.26038781163434904,0.04344162006291777,0.01970486111111111,0.0006397803386261058,2102.0,0.3996194100856328,0.22930542340627977,0.38439581351094193,0.9766571868269172
large_long,rotatable_xlink,r0008,7.3,pulse_07,1.8495373929590861,1.184775618584745,0.005190279099270538,-0.005190279099270538,0.7716460513796385,0.2496551724137931,0.04470199466202627,0.019835069444444443,0.004652019110431671,2102.0,0.3996194100856326,0.22930542340627968,0.38534728829686005,0.9765149049605806
large_long,rotatable_xlink,r0008,7.35,pulse_07,1.8486386298763082,1.1712080594445127,0.0038812956519111617,-0.0038812956519111617,0.7716460513796384,0.25587828492392806,0.051754747012731084,0.019596354166666666,0.007300997492855214,2102.0,0.39771646051379644,0.2312083729781161,0.3853472882968601,0.9770312938925856
large_long,rotatable_xlink,r0008,7.4,pulse_07,1.8262496190476192,1.1409696336276136,0.004747835138114942,-0.004747835138114942,0.8476190476190476,0.2520775623268698,0.0582825391560362,0.01970486111111111,0.00587017533809268,2100.0,0.3942857142857143,0.2314285714285714,0.3838095238095239,0.97675011356232
large_long,rotatable_xlink,r0008,7.45,pulse_07,1.8201516190476186,1.1359870074159566,0.002491443899188169,0.002491443899188169,0.9238095238095239,0.2475795297372061,0.05239290684768118,0.01955295138888889,0.0009947805166912553,2100.0,0.3942857142857143,0.23142857142857146,0.38285714285714295,0.9762852404666914
large_long,rotatable_xlink,r0008,7.5,pulse_07,1.8411982824427482,1.1469383167277611,0.005880503059493614,0.005880503059493614,0.9236641221374046,0.24895688456189152,0.03144717232589144,0.019661458333333333,0.002995595239625152,2096.0,0.39503816793893126,0.2318702290076336,0.381679389312977,0.9785265318454622
large_long,rotatable_xlink,r0008,7.55,pulse_07,1.8554346374045803,1.1539605788537075,0.003462639013441978,0.003462639013441978,0.8473282442748091,0.25348189415041783,0.07032103512363003,0.01968315972222222,0.004905059810521954,2096.0,0.3950381679389313,0.23187022900763363,0.38549618320610685,0.97904719773202
large_long,rotatable_xlink,r0008,7.6,pulse_07,1.8619741165234,1.1763686755908929,0.002372901203851511,-0.002372901203851511,0.8471824259789875,0.2573018080667594,0.07285789380559647,0.019639756944444444,0.0012402705942874774,2094.0,0.3915950334288444,0.2320916905444126,0.3839541547277937,0.978564092654218
large_long,rotatable_xlink,r0008,7.65,pulse_07,1.8411972301814712,1.1614022024194324,0.0010846386501113987,-0.0010846386501113987,0.7705544933078394,0.2545201668984701,0.09875575896774023,0.019444444444444445,0.002374854246130339,2094.0,0.39388145315487577,0.23422562141491396,0.38145315487571707,0.9780262065936459
large_long,rotatable_xlink,r0008,7.7,pulse_07,1.8554662846227317,1.190617801067675,0.00033522763451121484,0.00033522763451121484,0.8471824259789875,0.24930747922437674,0.060254743812537,0.019791666666666666,0.001719164867800253,2094.0,0.3954154727793696,0.23304680038204398,0.3849092645654251,0.9785643851353312
large_long,rotatable_xlink,r0008,7.75,pulse_07,1.8432085959885385,1.171717191626234,6.060129308116391e-05,-6.060129308116391e-05,0.8471824259789875,0.2573018080667594,0.06407910765930669,0.0201171875,0.004470293324551067,2094.0,0.39350525310410694,0.23018147086915,0.3849092645654251,0.9788850210032998
large_long,rotatable_xlink,r0008,7.8,pulse_07,1.8551026768642447,1.1637960411203685,0.010448998369726311,0.010448998369726311,0.7705544933078394,0.25314685314685315,0.06706625347414116,0.019835069444444443,0.000295263280598775,2092.0,0.395793499043977,0.2284894837476099,0.3852772466539197,0.9785259731308441
large_long,rotatable_xlink,r0008,7.85,pulse_07,1.9059025862068963,1.1734887713098265,0.007829084057301502,0.007829084057301502,0.9233716475095786,0.2549019607843137,0.09304254580933986,0.019813368055555555,0.0039343036926850665,2088.0,0.39559386973180066,0.22413793103448273,0.38409961685823757,0.9787844280759951
large_long,rotatable_xlink,r0008,7.9,pulse_07,1.9020771812080537,1.187401863276479,0.0028060726408128955,0.0028060726408128955,0.9231508165225745,0.2598870056497175,0.07543277798125261,0.019835069444444443,0.01247389144465146,2086.0,0.39193083573487036,0.22382324687800198,0.38520653218059564,0.9779371375945006
large_long,rotatable_xlink,r0008,7.95,pulse_07,1.9227390220517737,1.2483321199777353,0.013376921928020499,0.013376921928020499,0.8465963566634708,0.25842696629213485,0.050621415336807925,0.019769965277777777,0.003483677703770819,2086.0,0.39117929050814954,0.2233940556088207,0.3873441994247363,0.9802126772314189
large_long,rotatable_xlink,r0008,8.0,pulse_07,1.9823387127761767,1.2083039294991038,0.01986656357480099,0.01986656357480099,0.8463016330451489,0.2655367231638418,0.08861736819993764,0.01935763888888889,0.013342730159543828,2082.0,0.39193083573487025,0.22190201729106634,0.3861671469740634,0.9796973696958451
large_long,rotatable_xlink,r0009,0.0,initial,0.11528571428571444,1.0901209494852624,0.0818750416250416,0.0818750416250416,1.0,0.0,0.0,0.005164930555555555,0.033664535951192155,518.0,0.2664092664092664,0.26640926640926643,0.4903474903474906,0.9453837909013931
large_long,rotatable_xlink,r0009,0.05,initial,0.3609108391608392,1.1911145573388389,0.061646163606508424,0.061646163606508424,1.0,-0.005714285714285714,0.06836167559512263,0.0056640625,0.012131474752200666,572.0,0.26223776223776224,0.2552447552447552,0.4790209790209792,0.9463082417087969
large_long,rotatable_xlink,r0009,0.1,initial,0.48516269592476496,1.0173321009720584,0.08438056619173336,0.08438056619173336,1.0,0.02564102564102564,0.09765431408332748,0.006293402777777778,0.068374920584842,638.0,0.25391849529780564,0.2507836990595611,0.463949843260188,0.9548569563515255
large_long,rotatable_xlink,r0009,0.15000000000000002,initial,0.8671942363112394,0.7808650338297869,0.07946405249080003,0.07946405249080003,1.0,0.07692307692307693,0.04703627722200972,0.006662326388888889,0.04217754786380149,694.0,0.276657060518732,0.23054755043227665,0.43804034582132567,0.9592911757831463
large_long,rotatable_xlink,r0009,0.2,initial,0.9619470108695651,0.7642668137892494,0.03433877610652538,0.03433877610652538,1.0,0.09174311926605505,0.008874798841276418,0.007052951388888889,0.0077072188522961564,736.0,0.27989130434782605,0.2201086956521739,0.43749999999999983,0.9594074684279797
large_long,rotatable_xlink,r0009,0.25,initial,1.0732268929503916,0.8271083469435638,0.04257595882492171,0.04257595882492171,1.0,0.11206896551724138,0.08141975834934735,0.007552083333333333,0.02601851066987067,766.0,0.2924281984334203,0.21932114882506526,0.42819843342036557,0.9628624638866203
large_long,rotatable_xlink,r0009,0.30000000000000004,initial,1.2174027638190954,0.9203778778084735,0.05977345322379202,0.05977345322379202,1.0,0.19166666666666668,0.028042074808805818,0.0076171875,0.00908627792320336,796.0,0.2989949748743719,0.22110552763819097,0.42462311557788945,0.9624804742280616
large_long,rotatable_xlink,r0009,0.35000000000000003,initial,1.4318676122931437,0.881626014482784,0.04877027842834084,0.04877027842834084,1.0,0.21912350597609562,0.038470119062894347,0.008333333333333333,0.0028179526351870265,846.0,0.3087885985748217,0.20427553444180524,0.4133016627078384,0.9630697088701008
large_long,rotatable_xlink,r0009,0.4,initial,1.5100244343891405,0.9372855936195956,0.06443219392815418,0.06443219392815418,1.0,0.23552123552123552,0.027860438243321593,0.008810763888888889,0.013634354597237145,884.0,0.30090497737556565,0.19683257918552036,0.40723981900452494,0.9618608882513067
large_long,rotatable_xlink,r0009,0.45,initial,1.8184607758620688,0.9634321420662069,0.07333051616526882,0.07333051616526882,1.0,0.25925925925925924,0.042603818955888814,0.009071180555555556,0.014851985228541031,928.0,0.3146551724137932,0.18750000000000003,0.3900862068965519,0.9637335447563743
large_long,rotatable_xlink,r0009,0.5,initial,1.9500075313807534,0.8481736822483494,0.025394901490476556,0.025394901490476556,1.0,0.28113879003558717,0.05420461014786555,0.009440104166666666,0.04087724196119258,956.0,0.32426778242677834,0.18410041841004185,0.3870292887029289,0.9649090378342194
large_long,rotatable_xlink,r0009,0.55,initial,1.970830184804928,0.7181686902990514,0.021934341882735353,0.021934341882735353,1.0,0.2847222222222222,0.03523462761262302,0.009309895833333333,0.03570941777243649,974.0,0.3326488706365502,0.17864476386036965,0.3839835728952772,0.9658873577676774
large_long,rotatable_xlink,r0009,0.6000000000000001,initial,2.0816135826771656,0.6339171756137305,0.022940036897437805,0.022940036897437805,1.0,0.2871287128712871,0.07026433066513485,0.009700520833333334,0.02267883704920204,1016.0,0.3425196850393702,0.17716535433070868,0.3799212598425198,0.9673166977392063
large_long,rotatable_xlink,r0009,0.65,initial,2.108470406189555,0.5820956680038392,0.0029043585271898062,0.0029043585271898062,1.0,0.2929936305732484,0.05621827267826644,0.010047743055555556,0.006658878836740693,1034.0,0.3481624758220504,0.17601547388781424,0.3791102514506769,0.9664681524522353
large_long,rotatable_xlink,r0009,0.7000000000000001,initial,2.0990397338403044,0.5939639025932864,0.008280603852412435,0.008280603852412435,1.0,0.2834890965732087,0.054993224999370115,0.01032986111111111,0.008682081570751196,1052.0,0.34857142857142853,0.1866666666666667,0.37523809523809526,0.9696318701406041
large_long,rotatable_xlink,r0009,0.75,initial,2.1581540293040296,0.6341881574283463,0.013616894893757095,0.013616894893757095,1.0,0.32142857142857145,0.026858697124458764,0.010785590277777778,0.008777287090780813,1092.0,0.3516483516483517,0.18131868131868134,0.36996336996337,0.9693158367839952
large_long,rotatable_xlink,r0009,0.8,initial,2.180741103202847,0.6466276251379712,0.016082324934389842,0.016082324934389842,1.0,0.3215339233038348,0.03375261654570732,0.011241319444444444,0.005098192633300025,1124.0,0.3469750889679715,0.17793594306049823,0.3594306049822063,0.972151971397754
large_long,rotatable_xlink,r0009,0.8500000000000001,initial,2.2546479789103686,0.6035990016285462,0.010757320435784848,0.010757320435784848,0.8591549295774648,0.3255131964809384,0.0522513097337974,0.011176215277777778,0.012531908284283485,1138.0,0.3485915492957745,0.17429577464788726,0.35563380281690127,0.9709623386358646
large_long,rotatable_xlink,r0009,0.9,initial,2.245285025817556,0.5714361754322703,0.02614731054401842,-0.02614731054401842,1.0,0.3390804597701149,0.038149531587395764,0.01130642361111111,0.0009257355123970709,1162.0,0.35,0.17413793103448277,0.35862068965517235,0.9669416772897498
large_long,rotatable_xlink,r0009,0.9500000000000001,initial,2.097764115646258,0.5980445885541638,0.030916380141852162,-0.030916380141852162,1.0,0.3237822349570201,0.018641356330888603,0.011653645833333334,0.010829945746005118,1176.0,0.34013605442176875,0.1768707482993197,0.3622448979591837,0.9685290622223752
large_long,rotatable_xlink,r0009,1.0,initial,2.059786744966443,0.636415849908301,0.012659123559938331,-0.012659123559938331,0.865546218487395,0.29914529914529914,0.033075954472317294,0.011436631944444444,0.012790420451379089,1192.0,0.3310924369747899,0.17815126050420166,0.36302521008403366,0.9696575734449625
large_long,rotatable_xlink,r0009,1.05,pulse_01,2.826540512048193,0.44520981815846167,0.0061510699749671716,0.0061510699749671716,1.0,0.3981042654028436,0.011675058596784037,0.012673611111111111,0.029380559648088445,1328.0,0.39517345399698334,0.1644042232277526,0.3288084464555052,0.9642888837085015
large_long,rotatable_xlink,r0009,1.1,pulse_01,2.8449937219730943,0.533351497102727,0.005043346320384797,0.005043346320384797,1.0,0.39906103286384975,0.041487626591119674,0.012847222222222222,0.011286683037983516,1338.0,0.3931240657698057,0.16442451420029897,0.3273542600896861,0.9672405545613458
large_long,rotatable_xlink,r0009,1.15,pulse_01,2.8568005899705016,0.5129299163863628,0.013428580564489737,-0.013428580564489737,1.0,0.40046838407494145,0.09640949309796493,0.012825520833333333,0.016515553007696488,1356.0,0.3967551622418879,0.163716814159292,0.327433628318584,0.9670513394558421
large_long,rotatable_xlink,r0009,1.2,pulse_01,2.764422238586156,0.43425817905654807,0.011385059455724988,-0.011385059455724988,0.882179675994109,0.39622641509433965,0.06528876557229571,0.013411458333333333,0.025208608990754822,1358.0,0.38144329896907214,0.1634756995581738,0.32695139911634763,0.9666188066817972
large_long,rotatable_xlink,r0009,1.25,pulse_01,2.7884902332361516,0.3616782624418338,0.01702365812184725,-0.01702365812184725,0.8833819241982507,0.3911007025761124,0.024891358514851896,0.013368055555555555,0.020100896441065375,1372.0,0.3848396501457726,0.1618075801749271,0.3236151603498542,0.9681256441773544
large_long,rotatable_xlink,r0009,1.3,pulse_01,2.6622802898550724,0.3136528004101558,0.017964822109686196,-0.017964822109686196,0.8840579710144928,0.3957845433255269,0.03580056001315652,0.013541666666666667,0.015206382203026586,1380.0,0.3695652173913045,0.16521739130434787,0.33043478260869574,0.9683210867566545
large_long,rotatable_xlink,r0009,1.35,pulse_01,2.6807013005780345,0.2704399692236743,0.00150678119273695,0.00150678119273695,1.0,0.3947990543735225,0.021406442823707475,0.013389756944444444,0.012453061568928803,1384.0,0.36705202312138746,0.16040462427745666,0.3280346820809249,0.9649074208277127
large_long,rotatable_xlink,r0009,1.4,pulse_01,2.671320977011494,0.23893443099658299,0.005088162554731879,-0.005088162554731879,0.8850574712643678,0.4074074074074074,0.013701386822862068,0.013389756944444444,0.0010856133996666277,1392.0,0.3706896551724139,0.1623563218390805,0.32614942528735646,0.9663291088875932
large_long,rotatable_xlink,r0009,1.45,pulse_01,2.650172325249643,0.27695364962167407,0.014372754371150117,-0.014372754371150117,0.8857142857142857,0.4214123006833713,0.06299372490122462,0.013628472222222222,0.001563503089027506,1402.0,0.3742857142857142,0.16285714285714287,0.33142857142857146,0.9661782360066885
large_long,rotatable_xlink,r0009,1.5,pulse_01,2.5850844507845934,0.24831544953074802,0.008921263488576914,-0.008921263488576914,0.8858773181169758,0.40825688073394495,0.03063488678296959,0.013693576388888889,0.012821277209183834,1402.0,0.3723252496433666,0.16405135520684735,0.33523537803138376,0.9655772720084127
large_long,rotatable_xlink,r0009,1.55,pulse_01,2.5966447443181817,0.20002598636657107,0.008270410059643426,0.008270410059643426,0.8863636363636364,0.3905191873589165,0.043510167164366335,0.013802083333333333,0.00550395748042735,1408.0,0.3735795454545455,0.16619318181818182,0.3352272727272728,0.9655431076158579
large_long,rotatable_xlink,r0009,1.6,pulse_01,2.634706911142454,0.21529170464818392,0.008372687948845048,0.008372687948845048,0.8871650211565585,0.4017857142857143,0.04809107467028658,0.013671875,0.015389861025059112,1418.0,0.37235543018335676,0.1650211565585331,0.33427362482369516,0.9653002813964909
large_long,rotatable_xlink,r0009,1.65,pulse_01,2.646880872011252,0.29236515251692574,0.0004519017559779422,0.0004519017559779422,0.8874824191279888,0.40311804008908686,0.061497414814545924,0.013758680555555555,0.0035402257894376343,1422.0,0.37412095639943743,0.16596343178621661,0.33473980309423335,0.9681198692201038
large_long,rotatable_xlink,r0009,1.7000000000000002,pulse_01,2.6374183216783216,0.23653305938480973,0.0038648212611345953,-0.0038648212611345953,0.8881118881118881,0.39325842696629215,0.03508909602080223,0.013736979166666666,0.006856243608232966,1430.0,0.37482517482517486,0.16643356643356644,0.3356643356643357,0.9680723542854647
large_long,rotatable_xlink,r0009,1.75,pulse_01,2.6236919444444444,0.25122769086752794,0.002462081390831372,-0.002462081390831372,0.8888888888888888,0.39325842696629215,0.02527381203543331,0.013650173611111111,0.003940422942326725,1440.0,0.37083333333333324,0.16527777777777777,0.33611111111111114,0.9716272012792466
large_long,rotatable_xlink,r0009,1.8,pulse_01,2.6226458333333333,0.2601755970387701,0.002698027675465564,0.002698027675465564,0.8888888888888888,0.3918918918918919,0.05436947302781899,0.013715277777777778,0.001960974871928839,1440.0,0.36944444444444446,0.1652777777777778,0.34027777777777785,0.9730984138369576
large_long,rotatable_xlink,r0009,1.85,pulse_01,2.639880110497238,0.262993540099101,0.005887049755799752,0.005887049755799752,0.8895027624309392,0.3870246085011186,0.016497760957545824,0.0140625,0.016057206578768062,1448.0,0.3715469613259669,0.16850828729281767,0.33701657458563533,0.9716670029888828
large_long,rotatable_xlink,r0009,1.9,pulse_01,2.657968131868132,0.1638323575661617,0.009286488869768203,0.009286488869768203,0.8901098901098901,0.3741794310722101,0.010082135294070146,0.014344618055555555,0.013999483539947843,1456.0,0.37225274725274726,0.16620879120879123,0.3351648351648352,0.9693073890779412
large_long,rotatable_xlink,r0009,1.9500000000000002,pulse_01,2.695599043715847,0.34699044133878804,0.0037216554477809507,-0.0037216554477809507,0.8907103825136612,0.3869565217391304,0.042690851380528444,0.014192708333333333,0.05116995928888212,1464.0,0.3729508196721311,0.1639344262295082,0.33333333333333337,0.9698044994124794
large_long,rotatable_xlink,r0009,2.0,pulse_01,2.635638199181446,0.4708521132994544,0.019986948178133623,-0.019986948178133623,0.8908594815825375,0.38562091503267976,0.05788961667450784,0.01423611111111111,0.0412872239868888,1466.0,0.37380627557980906,0.16507503410641197,0.33151432469304226,0.9663865207612921
large_long,rotatable_xlink,r0009,2.05,pulse_02,3.107993401015228,0.7606388000435533,0.004478130287647986,-0.004478130287647986,0.8984771573604061,0.44597249508840864,0.03628891597425086,0.014973958333333334,0.02963348979755716,1576.0,0.4073604060913706,0.15228426395939088,0.3045685279187818,0.9655915199358374
large_long,rotatable_xlink,r0009,2.1,pulse_02,3.094559010152284,0.8495392694362248,0.0027869289340101133,-0.0027869289340101133,1.0,0.4448818897637795,0.031633466616799145,0.015364583333333333,0.002377855416108706,1576.0,0.40609137055837563,0.15228426395939088,0.3045685279187818,0.9640222462157229
large_long,rotatable_xlink,r0009,2.15,pulse_02,3.0912718274111675,0.7749059325402056,0.0022765651438239796,-0.0022765651438239796,1.0,0.44422700587084146,0.03744544625513715,0.015386284722222223,0.012858707733940619,1576.0,0.4040660736975858,0.1512071156289708,0.30622617534942825,0.9621027325049211
large_long,rotatable_xlink,r0009,2.2,pulse_02,3.0808996192893403,0.7723870230325811,0.011701226734348591,-0.011701226734348591,1.0,0.44639376218323584,0.02939210530116787,0.015125868055555556,0.008776185026533453,1576.0,0.40862944162436554,0.15228426395939085,0.3083756345177665,0.9623188801007033
large_long,rotatable_xlink,r0009,2.25,pulse_02,3.021064467005076,0.8275630426994063,0.022178680203045698,-0.022178680203045698,1.0,0.43700787401574803,0.041752887710410254,0.014973958333333334,0.0025994493979344204,1576.0,0.39467005076142125,0.1535532994923858,0.30710659898477155,0.9604773379359726
large_long,rotatable_xlink,r0009,2.3,pulse_02,2.947827538071066,0.7879837194201876,0.006770177664974601,-0.006770177664974601,1.0,0.42115768463073855,0.06092130373452189,0.014908854166666667,0.016680783881349914,1576.0,0.39135959339263027,0.15628970775095302,0.3074968233799239,0.9651678927130353
large_long,rotatable_xlink,r0009,2.35,pulse_02,2.9804434010152283,0.7274783394113068,0.010781136708613026,0.010781136708613026,0.8984771573604061,0.4297029702970297,0.012393672979561824,0.015321180555555555,0.006731149631699462,1576.0,0.3883248730964467,0.15736040609137059,0.30710659898477155,0.9632946933788646
large_long,rotatable_xlink,r0009,2.4,pulse_02,3.0125143583227443,0.7475968216299909,0.0034936347736161575,0.0034936347736161575,0.8982188295165394,0.43824701195219123,0.04401738885649549,0.01545138888888889,0.0001368642828002605,1574.0,0.38804071246819344,0.15521628498727733,0.30534351145038163,0.966336377268674
large_long,rotatable_xlink,r0009,2.45,pulse_02,3.0014052096569253,0.7266571537145052,0.005746378653113042,-0.005746378653113042,0.8982188295165394,0.4393638170974155,0.04571870408058627,0.015364583333333333,0.002828810025575853,1574.0,0.39185750636132316,0.1552162849872773,0.3040712468193384,0.9667751449428577
large_long,rotatable_xlink,r0009,2.5,pulse_02,2.978036086404066,0.764569681783446,0.00042740364252439694,-0.00042740364252439694,0.8983481575603558,0.4392156862745098,0.025943142112924422,0.01545138888888889,0.025853685932985943,1574.0,0.3951715374841169,0.16137229987293522,0.3049555273189327,0.9651291417063398
large_long,rotatable_xlink,r0009,2.55,pulse_02,2.998840787801779,0.5715350381165896,0.0013379500211774993,0.0013379500211774993,0.8983481575603558,0.43984220907297833,0.049111957323919424,0.01545138888888889,0.03552153112319617,1574.0,0.397712833545108,0.16010165184243969,0.3074968233799239,0.9647045734699182
large_long,rotatable_xlink,r0009,2.6,pulse_02,2.986063786531131,0.551440495044269,0.003282316814908907,-0.003282316814908907,0.8983481575603558,0.4396887159533074,0.030860480037016004,0.015277777777777777,0.007013949057788719,1574.0,0.39771283354510795,0.16010165184243969,0.312579415501906,0.9666781458819405
large_long,rotatable_xlink,r0009,2.65,pulse_02,2.9791468869123254,0.5294513437698573,0.004129966116052541,-0.004129966116052541,1.0,0.43700787401574803,0.027587242677280292,0.015234375,0.022058508866139092,1574.0,0.3964421855146124,0.16010165184243966,0.315120711562897,0.9672625870910478
large_long,rotatable_xlink,r0009,2.7,pulse_02,2.9612839898348158,0.4190894418474344,9.98840358540735e-05,-9.98840358540735e-05,1.0,0.42857142857142855,0.050892887303935645,0.015256076388888888,0.028120277946915722,1574.0,0.39517153748411693,0.16010165184243966,0.315120711562897,0.9664099732581224
large_long,rotatable_xlink,r0009,2.75,pulse_02,2.978547582697201,0.3607296760883629,0.006758124836447961,0.006758124836447961,0.8980891719745223,0.4297029702970297,0.04283092211370968,0.015104166666666667,0.0020403716470027236,1572.0,0.39617834394904455,0.16178343949044585,0.3146496815286624,0.9650887837131226
large_long,rotatable_xlink,r0009,2.8,pulse_02,3.0018327388535035,0.43133167172945075,0.008975935025136605,0.008975935025136605,1.0,0.4274353876739563,0.04894375702915366,0.0154296875,0.0034246479021423637,1570.0,0.397452229299363,0.1592356687898089,0.31210191082802546,0.9638411733211492
large_long,rotatable_xlink,r0009,2.85,pulse_02,3.0324031928480206,0.3812775635012171,0.004956080348596552,0.004956080348596552,0.8976982097186701,0.43824701195219123,0.04819677137922591,0.014778645833333333,0.014008960907504022,1566.0,0.4002557544757034,0.15473145780051156,0.30946291560102307,0.9619303851896174
large_long,rotatable_xlink,r0009,2.9,pulse_02,3.031569220945083,0.3472779062844266,0.001063835674755283,-0.001063835674755283,0.8978288633461047,0.44288577154308617,0.020174426293143092,0.015190972222222222,0.006290173707703739,1566.0,0.39974457215836523,0.15836526181353766,0.31034482758620696,0.9643226888749914
large_long,rotatable_xlink,r0009,2.95,pulse_02,3.026020178799489,0.41901860574743954,0.0016134844886925108,0.0016134844886925108,0.8978288633461047,0.43887775551102204,0.03583123031366163,0.01521267361111111,0.0017329484869765082,1566.0,0.39719029374201786,0.16091954022988506,0.31162196679438064,0.9635027116373728
large_long,rotatable_xlink,r0009,3.0,pulse_02,3.041250127877238,0.33688021536256757,0.005076649692582998,0.005076649692582998,0.8976982097186701,0.4457831325301205,0.04855221723359357,0.015299479166666666,0.027379463461623992,1564.0,0.3976982097186702,0.15856777493606142,0.31457800511508965,0.9668332272121706
large_long,rotatable_xlink,r0009,3.05,pulse_03,3.5252495808383233,0.20209039841730758,0.010974120870967793,-0.010974120870967793,1.0,0.4954627949183303,0.03765267405687418,0.016037326388888887,0.030850134406308214,1670.0,0.4359281437125748,0.14730538922155686,0.2910179640718563,0.9611160380433208
large_long,rotatable_xlink,r0009,3.1,pulse_03,3.49232721822542,0.10953999519838294,0.007549570427490308,-0.007549570427490308,0.9039615846338536,0.4972677595628415,0.04625117623190694,0.016145833333333335,0.018793768538048334,1668.0,0.4345738295318127,0.14645858343337337,0.2917166866746698,0.963306396659977
large_long,rotatable_xlink,r0009,3.15,pulse_03,3.4799521582733814,0.3148530096455976,0.012710658819882795,-0.012710658819882795,0.8079231692677071,0.5107913669064749,0.03644233852578812,0.016015625,0.03543489591370732,1668.0,0.43937575030012005,0.1440576230492197,0.28691476590636256,0.9629920203316928
large_long,rotatable_xlink,r0009,3.2,pulse_03,3.416063265306123,0.3221493706806268,0.00972144876156844,-0.00972144876156844,0.9039615846338536,0.49264705882352944,0.03552184589545383,0.016189236111111113,0.01998340828865568,1666.0,0.42737094837935186,0.1440576230492197,0.2929171668667468,0.9647348904008962
large_long,rotatable_xlink,r0009,3.25,pulse_03,3.421623465703971,0.1949525599136635,0.015251387591181054,-0.015251387591181054,0.9037304452466908,0.5100548446069469,0.045239326993839174,0.01597222222222222,0.01625545570721379,1662.0,0.4247894103489772,0.1444043321299639,0.2924187725631769,0.9636620417897438
large_long,rotatable_xlink,r0009,3.3,pulse_03,3.324554939759037,0.41968210492390956,0.03610085874182641,-0.03610085874182641,0.9036144578313253,0.49056603773584906,0.03400532410388475,0.01599392361111111,0.01840236732447827,1660.0,0.41566265060240964,0.14337349397590365,0.2903614457831326,0.9593628349499151
large_long,rotatable_xlink,r0009,3.35,pulse_03,3.2050183132530123,0.30536676386053313,0.029984830128717627,-0.029984830128717627,0.8072289156626506,0.4722753346080306,0.028643267819738694,0.01579861111111111,0.020904193624654344,1660.0,0.40843373493975904,0.1493975903614458,0.29036144578313255,0.9625945538001655
large_long,rotatable_xlink,r0009,3.4,pulse_03,3.144645958986731,0.2942569431759835,0.03087518731136855,-0.03087518731136855,0.9033816425120773,0.45904761904761904,0.024474117313779745,0.015885416666666666,0.020876256459037817,1658.0,0.40700483091787437,0.15700483091787443,0.29468599033816434,0.965159098492478
large_long,rotatable_xlink,r0009,3.45,pulse_03,3.019767189384801,0.18010922510630623,0.03241544028950546,-0.03241544028950546,0.9034981905910736,0.45112781954887216,0.02225767911818898,0.01577690972222222,0.022575603396222253,1658.0,0.39927623642943305,0.1604342581423402,0.30759951749095293,0.963854229177019
large_long,rotatable_xlink,r0009,3.5,pulse_03,2.9501533172496983,0.15880332279864998,0.01441318858061913,-0.01441318858061913,0.9034981905910736,0.4446529080675422,0.020310603463020948,0.016080729166666665,0.013257008634412775,1658.0,0.39203860072376345,0.1640530759951749,0.307599517490953,0.9660409796659591
large_long,rotatable_xlink,r0009,3.55,pulse_03,2.9332880579010863,0.10056717329982957,0.0007347205468436849,0.0007347205468436849,1.0,0.4393939393939394,0.02777541873071439,0.016102430555555554,0.009479584022069295,1658.0,0.3956574185765983,0.16525934861278646,0.3075995174909529,0.9636189821379345
large_long,rotatable_xlink,r0009,3.6,pulse_03,2.9545616405307604,0.10192581866623421,0.005746273763667542,0.005746273763667542,0.8069963811821472,0.4318181818181818,0.0393877893890527,0.015950520833333332,0.009676338747540135,1658.0,0.39806996381182147,0.16284680337756335,0.3027744270205067,0.9652435687969022
large_long,rotatable_xlink,r0009,3.65,pulse_03,2.9677657004830915,0.1586252057850704,0.004916397270638158,0.004916397270638158,0.8067632850241546,0.4356060606060606,0.028926765591134558,0.015928819444444443,0.01528651973186051,1656.0,0.39613526570048313,0.16183574879227053,0.30314009661835756,0.96418961744307
large_long,rotatable_xlink,r0009,3.7,pulse_03,2.9840600241545894,0.19364493705739727,0.005576006441223876,0.005576006441223876,0.9032648125755743,0.4356060606060606,0.053279533181968756,0.015842013888888888,0.010124228725405332,1656.0,0.39903264812575573,0.16324062877871823,0.3059250302297461,0.9680636762412081
large_long,rotatable_xlink,r0009,3.75,pulse_03,3.0012217391304348,0.21937057813750238,0.005816033862183545,0.005816033862183545,0.9033816425120773,0.4425612052730697,0.019907539823174985,0.016080729166666665,0.0016015643634150107,1656.0,0.39975845410628025,0.16304347826086957,0.3031400966183576,0.9654814919300527
large_long,rotatable_xlink,r0009,3.8,pulse_03,3.0189562273276906,0.20325432323788734,0.001027432837390189,0.001027432837390189,0.9032648125755743,0.44045368620037806,0.017637273463111523,0.01597222222222222,0.0003931697881015689,1654.0,0.3954050785973397,0.16203143893591293,0.305925030229746,0.9654760837169931
large_long,rotatable_xlink,r0009,3.85,pulse_03,3.007386336154776,0.21701155940889297,0.0016403034246715482,-0.0016403034246715482,0.8062953995157385,0.4393939393939394,0.033993096188550065,0.01579861111111111,0.0018908501991033676,1654.0,0.3946731234866828,0.15859564164648915,0.3062953995157386,0.9659518689876241
large_long,rotatable_xlink,r0009,3.9,pulse_03,3.0091144067796614,0.21459942443250754,0.002212311070186749,-0.002212311070186749,0.9031476997578692,0.44528301886792454,0.01900999990843736,0.01599392361111111,0.0029061051279853,1652.0,0.3946731234866828,0.1573849878934625,0.3062953995157386,0.9684329900892671
large_long,rotatable_xlink,r0009,3.95,pulse_03,2.9941124697336554,0.23444819017680477,0.003631956685499057,-0.003631956685499057,0.8062953995157385,0.44212523719165087,0.021418418917694623,0.016037326388888887,0.005186420640177218,1652.0,0.3898305084745763,0.1585956416464891,0.3075060532687651,0.9656781754718248
large_long,rotatable_xlink,r0009,4.0,pulse_03,2.987322666666667,0.24571794827357085,0.0022632676889961325,-0.0022632676889961325,0.806060606060606,0.4373795761078998,0.05186391341533156,0.015690104166666666,0.003756586032255362,1650.0,0.3890909090909091,0.15636363636363637,0.3066666666666667,0.9660310998833155
large_long,rotatable_xlink,r0009,4.05,pulse_04,3.460114382785957,-0.1873819050118329,0.033849802786822515,0.033849802786822515,0.8187995469988675,0.49480968858131485,0.05003891093209356,0.016731770833333333,0.029081854145029697,1766.0,0.42242355605889015,0.1494903737259343,0.2887882219705548,0.9625554843775567
large_long,rotatable_xlink,r0009,4.1,pulse_04,3.5616637911464246,-0.10013634257674382,0.025531466505370748,0.025531466505370748,1.0,0.5085910652920962,0.03300332816102691,0.016840277777777777,0.033548163310401335,1762.0,0.4301929625425653,0.14642451759364364,0.282633371169126,0.9593817258136331
large_long,rotatable_xlink,r0009,4.15,pulse_04,3.6133031818181816,0.013907074850575097,0.0070767545058988785,0.0070767545058988785,0.9090909090909091,0.516295025728988,0.04478636632097622,0.016840277777777777,0.012448961880261502,1760.0,0.4329545454545454,0.14545454545454542,0.27954545454545443,0.9614837037754022
large_long,rotatable_xlink,r0009,4.2,pulse_04,3.604124318181818,-0.025442571295174805,0.007108068181818157,-0.007108068181818157,0.9090909090909091,0.5137931034482759,0.041722405631124705,0.01677517361111111,0.0065785797404716954,1760.0,0.42954545454545456,0.1443181818181818,0.2795454545454545,0.9609203150456725
large_long,rotatable_xlink,r0009,4.25,pulse_04,3.5706547727272726,-0.025564403592255078,0.00865242424242411,-0.00865242424242411,0.9090909090909091,0.5121107266435986,0.027969246654135554,0.017013888888888887,0.0033837022933465217,1760.0,0.425,0.14545454545454545,0.28181818181818186,0.9618305617087949
large_long,rotatable_xlink,r0009,4.3,pulse_04,3.5522097727272732,-0.005140357535095674,0.0034534469696969605,-0.0034534469696969605,0.9090909090909091,0.5,0.012921582713988581,0.016883680555555555,0.0030484399443536695,1760.0,0.42159090909090907,0.14659090909090908,0.28068181818181814,0.9625711256782236
large_long,rotatable_xlink,r0009,4.35,pulse_04,3.549934090909091,-0.00727376392613306,0.002736912878787967,-0.002736912878787967,0.8181818181818181,0.4973637961335677,0.007777069329492784,0.017078993055555554,0.010903041087425657,1760.0,0.4215909090909092,0.1477272727272727,0.2818181818181817,0.962934382190716
large_long,rotatable_xlink,r0009,4.4,pulse_04,3.5357882954545454,-0.07055860405964962,0.00171868485538762,-0.00171868485538762,0.8181818181818181,0.5034965034965035,0.04684034324447623,0.01697048611111111,0.003304167451283498,1760.0,0.4250000000000001,0.1477272727272727,0.2829545454545454,0.9632411119110824
large_long,rotatable_xlink,r0009,4.45,pulse_04,3.539621981776765,-0.027098768633834047,0.0015238275264029728,-0.0015238275264029728,0.8177676537585421,0.5034965034965035,0.06423389605841136,0.017100694444444446,0.003638256774975019,1756.0,0.42482915717539865,0.1446469248291572,0.28246013667425973,0.9640049305095757
large_long,rotatable_xlink,r0009,4.5,pulse_04,3.5266453302961276,-0.0487290634097995,0.001136160778833754,-0.001136160778833754,0.8177676537585421,0.5095652173913043,0.04965008924458248,0.01697048611111111,0.010159280432813311,1756.0,0.4225512528473804,0.1446469248291572,0.28246013667425973,0.9630441129401365
large_long,rotatable_xlink,r0009,4.55,pulse_04,3.5328050171037626,-0.08805445123071391,0.003254815323327165,-0.003254815323327165,0.8175598631698974,0.507908611599297,0.05469863524376677,0.016883680555555555,0.01194203169497239,1754.0,0.4253135689851767,0.14481185860889395,0.28164196123147084,0.9649924127323948
large_long,rotatable_xlink,r0009,4.6,pulse_04,3.5071164383561646,-0.12038125357963383,0.014358579715162856,-0.014358579715162856,0.908675799086758,0.5,0.04177361359638079,0.01657986111111111,0.0036399373781099698,1752.0,0.42237442922374446,0.1438356164383562,0.28082191780821925,0.9641871438831648
large_long,rotatable_xlink,r0009,4.65,pulse_04,3.4466535388127855,-0.10989407549937373,0.016082492106979762,-0.016082492106979762,0.908675799086758,0.4899817850637523,0.03405310400834957,0.01675347222222222,0.003949218163886402,1752.0,0.40639269406392703,0.14383561643835616,0.2853881278538814,0.9639383533016713
large_long,rotatable_xlink,r0009,4.7,pulse_04,3.410621485714286,-0.09668594459631542,0.008985429619064567,-0.008985429619064567,1.0,0.47619047619047616,0.07238898006307108,0.01675347222222222,0.008095402554868548,1750.0,0.4045714285714285,0.14285714285714288,0.28457142857142864,0.9639910369575039
large_long,rotatable_xlink,r0009,4.75,pulse_04,3.392740961098398,-0.15846649082858502,0.004885674773891235,-0.004885674773891235,0.816933638443936,0.4835164835164835,0.03597993145185664,0.016883680555555555,0.012356834144789287,1748.0,0.40389016018306634,0.14302059496567504,0.2837528604118993,0.9668913406593501
large_long,rotatable_xlink,r0009,4.8,pulse_04,3.3813074370709386,-0.17082694946505114,0.007653032036613272,-0.007653032036613272,0.816933638443936,0.48256880733944957,0.023674958943410516,0.017013888888888887,0.000850138563659277,1748.0,0.39931350114416475,0.14302059496567504,0.28489702517162463,0.9647978090827257
large_long,rotatable_xlink,r0009,4.85,pulse_04,3.3468227688787184,-0.15336565944662936,0.007221781703499408,-0.007221781703499408,0.816933638443936,0.4852941176470588,0.05137591081813051,0.016731770833333333,0.011323517228198694,1748.0,0.3981693363844393,0.14302059496567504,0.28489702517162463,0.96604339594445
large_long,rotatable_xlink,r0009,4.9,pulse_04,3.337976746849942,-0.10288584609585898,0.0027817444122033574,-0.0027817444122033574,0.8163030998851895,0.4880294659300184,0.04351271202100871,0.016840277777777777,0.001996306219719251,1746.0,0.399540757749713,0.14006888633754305,0.28243398392652125,0.9649191662181125
large_long,rotatable_xlink,r0009,4.95,pulse_04,3.3301323024054983,-0.14138782212831386,0.0021759191530234348,0.0021759191530234348,0.9083619702176403,0.4803738317757009,0.030409800124961285,0.016883680555555555,0.017001221442706528,1746.0,0.3974799541809852,0.14318442153493702,0.2829324169530355,0.9652375438746441
large_long,rotatable_xlink,r0009,5.0,pulse_04,3.3510322617680828,-0.20489317475209815,0.006966653120861495,0.006966653120861495,1.0,0.48314606741573035,0.04115470884911779,0.016731770833333333,0.021168450874594763,1742.0,0.39724454649827784,0.14006888633754305,0.28243398392652125,0.9639595246915783
large_long,rotatable_xlink,r0009,5.05,pulse_05,3.812808333333334,-0.5404490765613705,0.00611146723646705,0.00611146723646705,0.9145299145299145,0.5379426644182125,0.061666437046708864,0.018055555555555554,0.000794112222351484,1872.0,0.42948717948717957,0.13034188034188035,0.2628205128205129,0.9605429674041143
large_long,rotatable_xlink,r0009,5.1,pulse_05,3.831142735042735,-0.542831413228425,0.002968860665478227,0.002968860665478227,0.9145299145299145,0.5397631133671743,0.08897352427096701,0.01794704861111111,0.01245216965493151,1872.0,0.43162393162393176,0.12927350427350429,0.2628205128205129,0.9600927836826901
large_long,rotatable_xlink,r0009,5.15,pulse_05,3.830621497326203,-0.46573605863178147,0.003209564574858733,-0.003209564574858733,0.9144385026737968,0.5423728813559322,0.05892344312653674,0.018012152777777776,0.0036668836954716344,1870.0,0.42994652406417105,0.1304812834224599,0.26524064171122996,0.9608861147254886
large_long,rotatable_xlink,r0009,5.2,pulse_05,3.8118853475935826,-0.5208301110555952,0.004342323073282121,-0.004342323073282121,0.9144385026737968,0.5400340715502555,0.046811040315337574,0.017643229166666666,0.0011728140573768382,1870.0,0.4310160427807486,0.13048128342245988,0.2641711229946524,0.9612834078681516
large_long,rotatable_xlink,r0009,5.25,pulse_05,3.8045675588865104,-0.4727729429760425,0.0018851606475191278,-0.0018851606475191278,0.9143468950749465,0.5376712328767124,0.08146053160265011,0.017903645833333332,0.0013747041947930378,1868.0,0.4293361884368308,0.13169164882226983,0.26231263383297654,0.9604248221593021
large_long,rotatable_xlink,r0009,5.3,pulse_05,3.800574383708468,-0.512581885886837,0.0019482015793344705,-0.0019482015793344705,1.0,0.54421768707483,0.07826279562309796,0.017903645833333332,0.0030946861450089715,1866.0,0.4319399785637727,0.1296891747052519,0.26473740621650593,0.9596029866607945
large_long,rotatable_xlink,r0009,5.35,pulse_05,3.7928783494105036,-0.49134105984609633,0.01053656663093975,-0.01053656663093975,1.0,0.5418803418803418,0.07193889318534501,0.018033854166666665,0.007995621562747773,1866.0,0.4330117899249733,0.1296891747052519,0.2625937834941051,0.9609727942455828
large_long,rotatable_xlink,r0009,5.4,pulse_05,3.7373549839228293,-0.4646081565103503,0.01692395498392285,-0.01692395498392285,0.9142550911039657,0.5308219178082192,0.03347281019557348,0.017816840277777777,0.014636244896708209,1866.0,0.4297963558413719,0.13183279742765275,0.26259378349410506,0.9608244752914098
large_long,rotatable_xlink,r0009,5.45,pulse_05,3.6913346195069665,-0.5791585292263456,0.008413201143265455,-0.008413201143265455,1.0,0.5128644939965694,0.028407636304008672,0.017708333333333333,0.023461382009452553,1866.0,0.427652733118971,0.135048231511254,0.2647374062165059,0.9594850380932236
large_long,rotatable_xlink,r0009,5.5,pulse_05,3.6868757770632365,-0.6053764485670656,0.004511986423722784,-0.004511986423722784,0.9142550911039657,0.5120274914089347,0.024343262966440227,0.0177734375,0.0009154062910552985,1866.0,0.4265809217577707,0.135048231511254,0.26795284030010713,0.9605354334597349
large_long,rotatable_xlink,r0009,5.55,pulse_05,3.66426270096463,-0.5846509669726774,2.338622622740279e-05,2.338622622740279e-05,0.9142550911039657,0.5068493150684932,0.04352636540989208,0.01796875,0.004181167516629373,1866.0,0.42336548767416937,0.13504823151125403,0.2668810289389067,0.9626101840231955
large_long,rotatable_xlink,r0009,5.6,pulse_05,3.687016094420601,-0.5802894434672894,0.004550328558482697,-0.004550328558482697,0.9141630901287554,0.5060034305317325,0.032481045269788816,0.017643229166666666,0.008182573447751473,1864.0,0.42489270386266087,0.1351931330472103,0.2650214592274678,0.9609688040403295
large_long,rotatable_xlink,r0009,5.65,pulse_05,3.6369607296137336,-0.6337464076591862,0.01758442246788028,-0.01758442246788028,0.9141630901287554,0.5128644939965694,0.0453268767521545,0.017860243055555555,0.01281339534356892,1864.0,0.4216738197424892,0.13519313304721028,0.2703862660944206,0.9612295691002951
large_long,rotatable_xlink,r0009,5.7,pulse_05,3.5815095596133193,-0.6571698155287029,0.014443812973574296,-0.014443812973574296,0.9140708915145005,0.5060869565217392,0.044838885760907166,0.0177734375,0.003834785930739141,1862.0,0.4178302900107413,0.13963480128893663,0.2674543501611171,0.9636348995087363
large_long,rotatable_xlink,r0009,5.75,pulse_05,3.550297851772288,-0.6567551232436211,0.0031319190834229182,-0.0031319190834229182,0.8281417830290011,0.5086505190311419,0.02786145756752835,0.017491319444444445,0.009695524323764285,1862.0,0.41568206229860377,0.13963480128893663,0.26745435016111707,0.963433540567791
large_long,rotatable_xlink,r0009,5.8,pulse_05,3.562718045112782,-0.5989966695861172,0.00828196908926171,0.00828196908926171,0.8279569892473118,0.5086505190311419,0.04139367343254038,0.017816840277777777,0.006897534088276258,1862.0,0.418279569892473,0.13978494623655907,0.2677419354838708,0.9640327594356021
large_long,rotatable_xlink,r0009,5.85,pulse_05,3.599989666307858,-0.6153699187139635,0.0031095687280634867,0.0031095687280634867,0.8277717976318621,0.5147313691507799,0.03601028445681877,0.01759982638888889,0.005890117491457218,1858.0,0.41980624327233584,0.13778256189451024,0.2669537136706136,0.9639883110599344
large_long,rotatable_xlink,r0009,5.9,pulse_05,3.5813754574811627,-0.6343373745348605,0.004022748475062787,-0.004022748475062787,0.9138858988159311,0.5130434782608696,0.01737049932803219,0.018012152777777776,0.00791082302843188,1858.0,0.4165769644779333,0.13885898815931105,0.2680301399354143,0.9636423278216686
large_long,rotatable_xlink,r0009,5.95,pulse_05,3.5758531754574814,-0.6628348568845548,0.003255922316357814,0.003255922316357814,0.8277717976318623,0.5147313691507799,0.012012521617588406,0.018033854166666665,0.004800343165865324,1858.0,0.4155005382131324,0.13885898815931108,0.27018299246501615,0.9647991272361489
large_long,rotatable_xlink,r0009,6.0,pulse_05,3.6009109913793096,-0.6631394335300524,0.00835260530727607,0.00835260530727607,0.8275862068965517,0.5155709342560554,0.028843067809203135,0.017664930555555555,0.00010152554849921873,1856.0,0.4213362068965517,0.13793103448275865,0.2683189655172414,0.964901929100514
large_long,rotatable_xlink,r0009,6.05,pulse_06,4.008238259109312,-0.21809018256076912,0.008160674955449032,0.008160674955449032,0.8380566801619433,0.5604395604395604,0.06728582380690948,0.019032118055555554,0.00895263315011515,1976.0,0.4504048582995952,0.12955465587044537,0.2530364372469636,0.9611319358744085
large_long,rotatable_xlink,r0009,6.1,pulse_06,4.032720283975659,-0.19123228311042367,0.001782963583304209,0.001782963583304209,0.8377281947261663,0.5523809523809524,0.026424720376659643,0.018836805555555555,0.019022016321851142,1972.0,0.4503042596348884,0.127789046653144,0.2515212981744422,0.9595332238025402
large_long,rotatable_xlink,r0009,6.15,pulse_06,4.0189360406091375,-0.10395808462966227,0.0036254618808840475,-0.0036254618808840475,0.9187817258883249,0.5566188197767146,0.041038400232185364,0.018858506944444443,0.021602968149903295,1970.0,0.4497461928934011,0.12588832487309648,0.25076142131979695,0.9568694943063535
large_long,rotatable_xlink,r0009,6.2,pulse_06,4.010967512690355,-0.061614474211003925,0.0006896615905246742,-0.0006896615905246742,1.0,0.5534290271132376,0.03340084195152752,0.018858506944444443,0.01044994060364484,1970.0,0.4487309644670051,0.12588832487309648,0.2467005076142133,0.9557396289089223
large_long,rotatable_xlink,r0009,6.25,pulse_06,4.014798071065989,-0.04125844100779323,0.002291350353541629,-0.002291350353541629,0.9187817258883249,0.5544871794871795,0.03607101709740664,0.01916232638888889,0.016495549710815502,1970.0,0.4467005076142133,0.12588832487309645,0.24974619289340105,0.9592772886914253
large_long,rotatable_xlink,r0009,6.3,pulse_06,3.9972194105691052,0.037358824053889086,0.009032095347386582,-0.009032095347386582,0.9186991869918699,0.5591054313099042,0.0394203298756833,0.018684895833333333,0.006104122414852873,1968.0,0.4430894308943089,0.125,0.24695121951219523,0.956097338642559
large_long,rotatable_xlink,r0009,6.35,pulse_06,3.96060549898167,-0.07788317549691047,0.011334701489962887,-0.011334701489962887,0.9185336048879837,0.5623003194888179,0.025050592034434136,0.018771701388888888,0.048937253282898725,1964.0,0.43482688391038693,0.12321792260692463,0.24643584521384937,0.958895230287146
large_long,rotatable_xlink,r0009,6.4,pulse_06,3.929211201629328,-0.2562646956435033,0.011070841819416088,-0.011070841819416088,0.9185336048879837,0.5573505654281099,0.024581232201160222,0.018771701388888888,0.04116784379316745,1964.0,0.43279022403258666,0.12423625254582485,0.24745417515274948,0.9581861835785379
large_long,rotatable_xlink,r0009,6.45,pulse_06,3.8941804480651734,-0.3248902382559152,0.004062689228401324,-0.004062689228401324,0.9185336048879837,0.5541195476575121,0.026661335418401228,0.01870659722222222,0.026412227133243583,1964.0,0.42973523421588594,0.12525458248472504,0.2494908350305499,0.9587532034778405
large_long,rotatable_xlink,r0009,6.5,pulse_06,3.90483506625892,-0.4147380584429648,0.0028508867740291155,-0.0028508867740291155,0.9184505606523955,0.5479674796747968,0.0460798076841794,0.018598090277777778,0.004881204030668292,1962.0,0.4301732925586136,0.12436289500509683,0.2507645259938837,0.9600084818683359
large_long,rotatable_xlink,r0009,6.55,pulse_06,3.8770751274209987,-0.2956030140719054,0.005803191315262153,-0.005803191315262153,0.9184505606523955,0.5417348608837971,0.06072636272610469,0.018967013888888887,0.046825331673663075,1962.0,0.42507645259938825,0.12436289500509681,0.2497451580020386,0.9585080234957095
large_long,rotatable_xlink,r0009,6.6,pulse_06,3.870015918367347,-0.1337860684009863,0.0028579634137038123,-0.0028579634137038123,1.0,0.5338842975206611,0.055092630276725695,0.018359375,0.022725019260049287,1960.0,0.4244897959183674,0.12448979591836735,0.24795918367346942,0.9579116242310287
large_long,rotatable_xlink,r0009,6.65,pulse_06,3.859927346938776,-0.1592528985116097,0.0018433462578084647,0.0018433462578084647,1.0,0.538971807628524,0.0285362668176769,0.01870659722222222,0.029378832953361092,1960.0,0.42142857142857143,0.12448979591836735,0.24897959183673465,0.9577146034435536
large_long,rotatable_xlink,r0009,6.7,pulse_06,3.881075995914198,-0.31005906612115286,0.003670229374691599,0.003670229374691599,1.0,0.5463576158940397,0.036416476392985085,0.01840277777777778,0.026480773675679355,1958.0,0.4249233912155261,0.12053115423901942,0.2482124616956078,0.9585384703654113
large_long,rotatable_xlink,r0009,6.75,pulse_06,3.8819487231869254,-0.31813754056568583,0.00010153217568942274,-0.00010153217568942274,0.8365679264555669,0.5474209650582362,0.03446219669863494,0.018598090277777778,0.001162837505079987,1958.0,0.42390194075587323,0.12257405515832483,0.24719101123595508,0.9570310591830796
large_long,rotatable_xlink,r0009,6.8,pulse_06,3.8804668028600613,-0.30308204109067294,0.0037748893428668495,-0.0037748893428668495,0.9182839632277835,0.5433333333333333,0.046027616422792024,0.018771701388888888,0.007992128406747326,1958.0,0.4249233912155261,0.12155260469867209,0.24719101123595513,0.95813763529543
large_long,rotatable_xlink,r0009,6.85,pulse_06,3.8592993871297243,-0.27018477012520187,0.0009244092019666065,-0.0009244092019666065,0.918200408997955,0.5425709515859767,0.062223128132069414,0.018619791666666666,0.0011583537789265723,1958.0,0.4263803680981595,0.12269938650306747,0.2525562372188139,0.958943965091239
large_long,rotatable_xlink,r0009,6.9,pulse_06,3.8749203476482617,-0.2961319184171135,0.004452012755759016,0.004452012755759016,0.918200408997955,0.5392320534223706,0.061888401141980284,0.018446180555555556,0.0006526268175791605,1956.0,0.42842535787321073,0.12269938650306751,0.25562372188139065,0.9582938476939977
large_long,rotatable_xlink,r0009,6.95,pulse_06,3.8860114636642784,-0.27410053103067683,0.0014124394997695096,0.0014124394997695096,1.0,0.5369127516778524,0.04702249228757866,0.0185546875,0.01141457577535337,1954.0,0.42886386898669393,0.12077789150460594,0.25179119754350043,0.9565408636734078
large_long,rotatable_xlink,r0009,7.0,pulse_06,3.8833949846468787,-0.22764446376499328,0.0008721596724665659,-0.0008721596724665659,1.0,0.5425709515859767,0.09083994560404818,0.01853298611111111,0.01548535575522785,1954.0,0.4288638689866938,0.12180143295803476,0.24974411463664273,0.9561555779372326
large_long,rotatable_xlink,r0009,7.05,pulse_07,4.251480579710145,-0.0024828730869776963,0.013564412238325238,-0.013564412238325238,1.0,0.5920852359208524,0.05575313791323017,0.019856770833333332,0.06611591985627986,2070.0,0.4599033816425121,0.114975845410628,0.2367149758454105,0.9516883549809254
large_long,rotatable_xlink,r0009,7.1,pulse_07,4.210787342995169,0.1958648864818619,0.006160448004559911,-0.006160448004559911,0.9226305609284333,0.5914634146341463,0.03229601861099677,0.01990017361111111,0.07687220441871766,2070.0,0.460348162475822,0.11315280464216633,0.24081237911025144,0.9525394660063523
large_long,rotatable_xlink,r0009,7.15,pulse_07,4.214517891682785,0.45875035342532827,0.00223918235702684,0.00223918235702684,0.9226305609284333,0.5920852359208524,0.044943340745354624,0.019639756944444444,0.00039658022222321954,2068.0,0.460348162475822,0.11411992263056092,0.24081237911025144,0.9533399281951321
large_long,rotatable_xlink,r0009,7.2,pulse_07,4.22422243713733,0.19824436781520122,0.00020203094777556294,-0.00020203094777556294,0.8452611218568665,0.5908396946564886,0.049102039810975995,0.019921875,0.0034393193125502597,2068.0,0.45551257253384925,0.11315280464216634,0.2408123791102515,0.9540132732984399
large_long,rotatable_xlink,r0009,7.25,pulse_07,4.213305705996132,0.4381144375500267,0.0012085589941971027,-0.0012085589941971027,0.9226305609284333,0.5828220858895705,0.06406305373179275,0.019943576388888887,0.023749784399768454,2068.0,0.4574468085106383,0.11315280464216633,0.241779497098646,0.9557623322416486
large_long,rotatable_xlink,r0009,7.3,pulse_07,4.216971083172147,0.34074307421381195,0.0005525306254029102,0.0005525306254029102,0.9226305609284333,0.5908396946564886,0.04819074683228685,0.019661458333333333,0.0037174695934582467,2068.0,0.4593810444874274,0.11315280464216633,0.2446808510638298,0.9548842658512495
large_long,rotatable_xlink,r0009,7.35,pulse_07,4.216620889748549,0.41580961998927723,0.005913523533204401,-0.005913523533204401,0.9226305609284333,0.5895865237366003,0.046791448100911154,0.01953125,0.03314818833249042,2068.0,0.460348162475822,0.11411992263056092,0.24274661508704062,0.9544416736288432
large_long,rotatable_xlink,r0009,7.4,pulse_07,4.181489941972921,0.5396322042087545,0.007732378042957529,-0.007732378042957529,1.0,0.5870570107858244,0.03164035117175236,0.019748263888888888,0.11988219988810277,2068.0,0.4545454545454547,0.11411992263056092,0.24371373307543526,0.9523905628481404
large_long,rotatable_xlink,r0009,7.45,pulse_07,4.170226621490804,1.1351028193178938,0.0017571576414816548,-0.0017571576414816548,1.0,0.5851393188854489,0.01317032030914163,0.019466145833333334,0.03553195350159818,2066.0,0.4443368828654405,0.11326234269119069,0.24491771539206186,0.9542005620169614
large_long,rotatable_xlink,r0009,7.5,pulse_07,4.170946996124031,0.7528239252183435,9.225236135179671e-05,9.225236135179671e-05,0.9224806201550387,0.583203732503888,0.03828174158609565,0.019444444444444445,0.1502972431015346,2064.0,0.44186046511627897,0.11337209302325582,0.24321705426356588,0.9526890057980888
large_long,rotatable_xlink,r0009,7.55,pulse_07,4.170780135658915,0.23331936070868622,0.0033041182170543415,-0.0033041182170543415,0.9224806201550387,0.5765069551777434,0.0778887961043381,0.019943576388888887,0.0584908987723918,2064.0,0.443798449612403,0.11337209302325582,0.24321705426356588,0.9540811876470178
large_long,rotatable_xlink,r0009,7.6,pulse_07,4.151122286821705,0.4018785325839927,0.006339211886305041,-0.006339211886305041,0.9224054316197866,0.5738724727838258,0.057029538634639165,0.0193359375,0.050152979199595736,2064.0,0.4442289039767216,0.11348205625606209,0.24248302618816692,0.9545596583009751
large_long,rotatable_xlink,r0009,7.65,pulse_07,4.132744864341085,0.5342372359062606,0.005322819767441682,-0.005322819767441682,1.0,0.5738724727838258,0.061080122835105735,0.019856770833333332,0.007043223989009815,2064.0,0.4437984496124031,0.11337209302325583,0.24612403100775193,0.9523926986287604
large_long,rotatable_xlink,r0009,7.7,pulse_07,4.119185368217055,0.3596191886499338,0.008820736434108412,-0.008820736434108412,1.0,0.5751937984496124,0.06862438004238422,0.01968315972222222,0.022599399451529927,2064.0,0.43786407766990293,0.11359223300970873,0.2466019417475728,0.9505608549814035
large_long,rotatable_xlink,r0009,7.75,pulse_07,4.079820445736434,0.6698336326154402,0.005609156976744245,-0.005609156976744245,1.0,0.573208722741433,0.055376174317534076,0.01968315972222222,0.06907347843670399,2064.0,0.4292635658914728,0.11434108527131784,0.24612403100775193,0.9548951226564028
large_long,rotatable_xlink,r0009,7.8,pulse_07,4.0855304263565895,0.7740600592701578,0.0005120478036175768,0.0005120478036175768,1.0,0.5663026521060842,0.025458272251525745,0.019769965277777777,0.09812299142913454,2064.0,0.4349514563106795,0.11456310679611648,0.24854368932038828,0.9540798614757531
large_long,rotatable_xlink,r0009,7.85,pulse_07,4.08289273255814,1.2585715811902474,0.00023783914728688535,-0.00023783914728688535,1.0,0.5758513931888545,0.019007648352185113,0.019422743055555556,0.11747741066037833,2064.0,0.4370155038759688,0.11531007751937986,0.2480620155038759,0.9566024195443843
large_long,rotatable_xlink,r0009,7.9,pulse_07,4.084103391472868,1.4789245232324277,0.0010435885012921216,-0.0010435885012921216,1.0,0.5738724727838258,0.028518115669231566,0.019748263888888888,0.0834076893891943,2064.0,0.4379844961240309,0.11627906976744184,0.2480620155038759,0.9551774725634223
large_long,rotatable_xlink,r0009,7.95,pulse_07,4.076631201550387,1.7590177175254131,0.0032463257632772504,-0.0032463257632772504,0.9224806201550387,0.5778120184899846,0.029770964577990184,0.019596354166666666,0.051861176873973625,2064.0,0.43895348837209297,0.11627906976744184,0.24999999999999994,0.9537702167419047
large_long,rotatable_xlink,r0009,8.0,pulse_07,4.064625436893205,1.7900915844762695,0.004001921552394094,-0.004001921552394094,0.9223300970873787,0.5768025078369906,0.06662173357879952,0.019444444444444445,0.010357955650285447,2060.0,0.433009708737864,0.11262135922330094,0.24951456310679604,0.9514826000138988
large_long,rotatable_xlink,r0010,0.0,initial,1.7821642857142856,2.2543998840886483,0.1978215069566922,0.1978215069566922,1.0,0.21379310344827587,0.0,0.0042751736111111115,0.11444175022005816,420.0,0.3619047619047618,0.19523809523809524,0.3571428571428571,0.9254384301557085
large_long,rotatable_xlink,r0010,0.05,initial,2.3756288065843623,1.9110746334284738,0.11692894736842108,0.11692894736842108,1.0,0.2484076433121019,0.09282199802889289,0.004752604166666666,0.021247467245336066,486.0,0.37860082304526754,0.16049382716049382,0.3415637860082305,0.924557464334062
large_long,rotatable_xlink,r0010,0.1,initial,2.483737969924812,2.126915080616632,0.04665427936237639,0.04665427936237639,1.0,0.25443786982248523,0.06239060812022595,0.005230034722222222,0.0030818809686319706,532.0,0.3834586466165414,0.15413533834586465,0.3533834586466166,0.9357753805139007
large_long,rotatable_xlink,r0010,0.15000000000000002,initial,2.6555544827586206,1.892583347616682,0.04709876278316368,0.04709876278316368,1.0,0.26881720430107525,0.1367721178088351,0.005772569444444445,0.06601762517132574,580.0,0.3965517241379311,0.1482758620689655,0.35862068965517235,0.9325651881953536
large_long,rotatable_xlink,r0010,0.2,initial,2.766330546623794,1.7308093295886775,0.02932518975719245,0.02932518975719245,1.0,0.2857142857142857,0.07882659599690536,0.006119791666666667,0.043574399110059225,622.0,0.3890675241157556,0.1414790996784566,0.360128617363344,0.9368279322245745
large_long,rotatable_xlink,r0010,0.25,initial,2.8315056213017753,1.6311369529563267,0.026950643663059326,0.026950643663059326,1.0,0.2761904761904762,0.13291529245711645,0.006618923611111111,0.009395112820319684,676.0,0.3905325443786984,0.136094674556213,0.34615384615384626,0.9448567685469701
large_long,rotatable_xlink,r0010,0.30000000000000004,initial,2.92803440860215,1.6744386526667594,0.008222635153881516,0.008222635153881516,1.0,0.25663716814159293,0.09871116447365144,0.007248263888888889,0.008209037596649557,744.0,0.3763440860215052,0.1236559139784946,0.33870967741935465,0.9422745658110596
large_long,rotatable_xlink,r0010,0.35000000000000003,initial,2.8808414322250644,1.680391178536224,0.024047022434621052,0.024047022434621052,1.0,0.25957446808510637,0.06014106319355925,0.007703993055555556,0.011813993600009934,782.0,0.3631713554987213,0.12276214833759591,0.34015345268542213,0.9418389631791799
large_long,rotatable_xlink,r0010,0.4,initial,3.0723165432098765,1.745322614266819,0.03410086463692593,0.03410086463692593,1.0,0.2839506172839506,0.05486340704262967,0.007921006944444444,0.012345773185443573,810.0,0.3753086419753086,0.11358024691358024,0.3358024691358025,0.9377488131634713
large_long,rotatable_xlink,r0010,0.45,initial,3.08544662004662,1.7544658176488854,0.03618214916539501,0.03618214916539501,1.0,0.2908366533864542,0.044055910607808356,0.008463541666666666,0.03566910762664277,858.0,0.3636363636363637,0.10955710955710955,0.34032634032634024,0.9380607629672023
large_long,rotatable_xlink,r0010,0.5,initial,3.2894094382022465,1.5313079685069624,0.025520584970584997,0.025520584970584997,1.0,0.3231939163498099,0.12002592807377636,0.008637152777777778,0.056595013002550466,890.0,0.3775280898876403,0.10337078651685394,0.3325842696629213,0.943275804551525
large_long,rotatable_xlink,r0010,0.55,initial,3.23857012987013,1.4148957396335826,0.01787230179048353,0.01787230179048353,1.0,0.2616487455197133,0.13720963036946815,0.00896267361111111,0.04556121419235067,924.0,0.37662337662337664,0.10173160173160174,0.33333333333333337,0.9445932233267301
large_long,rotatable_xlink,r0010,0.6000000000000001,initial,3.3966432489451477,1.2579406833528584,0.035710752905462405,0.035710752905462405,1.0,0.27972027972027974,0.10134502068518987,0.00896267361111111,0.02141951637948869,948.0,0.3839662447257385,0.10126582278481014,0.3270042194092827,0.9393945695448458
large_long,rotatable_xlink,r0010,0.65,initial,3.4528346473029043,1.2863786413566505,0.016327177450078983,0.016327177450078983,1.0,0.28027681660899656,0.11180955353691485,0.009440104166666666,0.00226959398896757,964.0,0.38381742738589214,0.09751037344398342,0.32365145228215764,0.9360125009646192
large_long,rotatable_xlink,r0010,0.7000000000000001,initial,3.4946063136456216,1.244323119419053,0.023573532380208945,0.023573532380208945,1.0,0.28027681660899656,0.14203668381069826,0.009678819444444445,0.030934287086827328,982.0,0.3767820773930753,0.09164969450101834,0.3217922606924645,0.9408620881477938
large_long,rotatable_xlink,r0010,0.75,initial,3.594275841584158,1.1007729188356865,0.028425646443678437,0.028425646443678437,1.0,0.2953020134228188,0.131070859907607,0.009722222222222222,0.030631447924392135,1010.0,0.38217821782178224,0.09108910891089109,0.3148514851485149,0.9392833608763127
large_long,rotatable_xlink,r0010,0.8,initial,3.665160192307692,1.0605344318727001,0.02854843928142814,0.02854843928142814,1.0,0.29411764705882354,0.06839002947732854,0.010047743055555556,0.000653824372565078,1040.0,0.38150289017341044,0.08863198458574181,0.3121387283236994,0.9407408706051672
large_long,rotatable_xlink,r0010,0.8500000000000001,initial,3.765566477272727,1.104695865071077,0.01045422720797721,0.01045422720797721,1.0,0.3269230769230769,0.10899221221399856,0.01015625,0.013985206120100457,1056.0,0.3939393939393939,0.08712121212121211,0.3049242424242424,0.9381899867650403
large_long,rotatable_xlink,r0010,0.9,initial,3.7278855555555555,0.9766231951520974,0.004334556818181919,0.004334556818181919,1.0,0.3354632587859425,0.09243092082094258,0.010308159722222222,0.033757441114181296,1080.0,0.385899814471243,0.08163265306122448,0.29870129870129875,0.9356078365900231
large_long,rotatable_xlink,r0010,0.9500000000000001,initial,3.7915738181818184,0.9021512183859892,0.01761442779110049,0.01761442779110049,1.0,0.33962264150943394,0.15822851948347474,0.010590277777777778,0.023177339879446385,1100.0,0.3854545454545454,0.08181818181818183,0.2981818181818182,0.9384347753671092
large_long,rotatable_xlink,r0010,1.0,initial,3.8335721223021584,0.8375591558754191,0.01399943470678,0.01399943470678,1.0,0.3542319749216301,0.09347418293181972,0.010872395833333333,0.021530687503523382,1112.0,0.3884892086330935,0.08273381294964029,0.30035971223021585,0.9382068862489492
large_long,rotatable_xlink,r0010,1.05,pulse_01,4.150384415584416,0.6540864474524327,0.007891755435575595,-0.007891755435575595,1.0,0.4330708661417323,0.12659759123899386,0.011957465277777777,0.013372140538434496,1232.0,0.4334415584415584,0.08766233766233766,0.28409090909090906,0.9430860428246859
large_long,rotatable_xlink,r0010,1.1,pulse_01,4.126709149277689,0.6139700258371292,0.023244122174122268,-0.023244122174122268,1.0,0.4375,0.08971976964519734,0.012000868055555556,0.0835358098847571,1246.0,0.4340836012861737,0.09003215434083602,0.28295819935691313,0.9417428661432793
large_long,rotatable_xlink,r0010,1.15,pulse_01,4.010919682539682,0.15287158814389018,0.03146541812922229,-0.03146541812922229,1.0,0.4198473282442748,0.1447390515055753,0.012348090277777777,0.07218245919038878,1260.0,0.43650793650793657,0.0984126984126984,0.29365079365079366,0.9442906787595862
large_long,rotatable_xlink,r0010,1.2,pulse_01,3.937916640502355,0.18087527069479653,0.011317355073358218,-0.011317355073358218,1.0,0.4094292803970223,0.08667480324902267,0.012413194444444444,0.043865313222714884,1274.0,0.43799058084772363,0.10989010989010987,0.28885400313971743,0.9415889533216247
large_long,rotatable_xlink,r0010,1.25,pulse_01,3.9430155520995327,0.41606346748017947,0.0011811636862103885,-0.0011811636862103885,1.0,0.41854636591478694,0.13368779063127967,0.012434895833333333,0.03463573201910853,1286.0,0.43390357698289267,0.11197511664074651,0.28926905132192837,0.9451604595548272
large_long,rotatable_xlink,r0010,1.3,pulse_01,3.930829658385093,0.3886896628094477,0.0005727815022159947,0.0005727815022159947,1.0,0.41,0.15162844980803172,0.012543402777777778,0.016098733723096798,1288.0,0.43167701863354047,0.11490683229813665,0.2903726708074535,0.942092927075718
large_long,rotatable_xlink,r0010,1.35,pulse_01,3.9464522411128287,0.3194710651415987,0.006288816566018133,0.006288816566018133,1.0,0.40594059405940597,0.08709527962586092,0.012608506944444445,0.01586171439751009,1294.0,0.4358578052550232,0.11437403400309121,0.29366306027820716,0.9460222145163532
large_long,rotatable_xlink,r0010,1.4,pulse_01,3.9685625577812016,0.2935193764243872,0.003754066684757603,0.003754066684757603,1.0,0.4019607843137255,0.1069728968487858,0.012651909722222222,0.02427313583897925,1298.0,0.4320987654320989,0.11419753086419752,0.29475308641975306,0.9440026149295315
large_long,rotatable_xlink,r0010,1.45,pulse_01,3.9689766412213743,0.46510988017547417,0.0022169568061961944,-0.0022169568061961944,1.0,0.4043583535108959,0.12234966793183565,0.012717013888888889,0.03440651566347799,1310.0,0.4366412213740459,0.11145038167938932,0.2961832061068702,0.9413801163274806
large_long,rotatable_xlink,r0010,1.5,pulse_01,3.9552608169440244,0.49995847040525515,0.005061367914405812,-0.005061367914405812,1.0,0.40632603406326034,0.10159742802625679,0.012825520833333333,0.010240494474282344,1322.0,0.4311649016641453,0.11346444780635401,0.302571860816944,0.9421223456595292
large_long,rotatable_xlink,r0010,1.55,pulse_01,3.9386084337349394,0.5265528470211682,0.010621636405722853,-0.010621636405722853,1.0,0.40096618357487923,0.0650662955726776,0.012673611111111111,0.006069382509605249,1328.0,0.4337349397590362,0.11144578313253015,0.29969879518072295,0.9426706243205879
large_long,rotatable_xlink,r0010,1.6,pulse_01,3.8915309985096873,0.5363747654628866,0.008334517390092019,-0.008334517390092019,1.0,0.38717339667458434,0.09196055829523701,0.012760416666666666,0.043982973850101414,1342.0,0.42921013412816694,0.11177347242921014,0.30700447093889727,0.9454337146125897
large_long,rotatable_xlink,r0010,1.65,pulse_01,3.8886013293943873,0.7904506901217767,0.025401842860118966,-0.025401842860118966,1.0,0.4019138755980861,0.0957447746876723,0.013042534722222223,0.06567975829303903,1354.0,0.42688330871491875,0.10930576070901035,0.3042836041358936,0.9454453276109172
large_long,rotatable_xlink,r0010,1.7000000000000002,pulse_01,3.7391199413489735,0.9304533152211208,0.04247300176951585,-0.04247300176951585,1.0,0.4057971014492754,0.10053815215740078,0.013237847222222222,0.0656058151543701,1364.0,0.4193548387096773,0.10850439882697946,0.30645161290322565,0.9489244724224782
large_long,rotatable_xlink,r0010,1.75,pulse_01,3.633763318777292,1.1840855810479973,0.03676355577877185,-0.03676355577877185,1.0,0.39951573849878935,0.08630394064118593,0.013411458333333333,0.05295490273279837,1374.0,0.4104803493449782,0.10917030567685589,0.31586608442503633,0.9479554471116619
large_long,rotatable_xlink,r0010,1.8,pulse_01,3.5185386066763424,1.248182731617911,0.028054860896070604,-0.028054860896070604,1.0,0.38349514563106796,0.08654021907210532,0.013346354166666666,0.008016973531084179,1378.0,0.4020319303338171,0.11030478955007257,0.32220609579100146,0.9496418896410442
large_long,rotatable_xlink,r0010,1.85,pulse_01,3.4654341534008686,1.2321874222345024,0.009460613120408615,-0.009460613120408615,1.0,0.4029126213592233,0.10219933862825628,0.013129340277777778,0.0005480190250843897,1382.0,0.39363241678726485,0.11287988422575979,0.32561505065123014,0.9515701127622859
large_long,rotatable_xlink,r0010,1.9,pulse_01,3.4617749279538907,1.2514708457684174,0.005483015030413041,-0.005483015030413041,1.0,0.41119221411192214,0.08603321854401312,0.013302951388888888,0.007561346785495027,1388.0,0.3962536023054755,0.11239193083573487,0.32276657060518726,0.9513522922776502
large_long,rotatable_xlink,r0010,1.9500000000000002,pulse_01,3.4325360632183903,1.2775555029474726,0.0018617249975606913,-0.0018617249975606913,1.0,0.391304347826087,0.0946728419366561,0.013671875,0.023660143497174713,1392.0,0.3821839080459772,0.11350574712643682,0.3218390804597703,0.9508323845330323
large_long,rotatable_xlink,r0010,2.0,pulse_01,3.4506045779685266,1.3934317067514657,0.006022838250045422,0.006022838250045422,1.0,0.3872549019607843,0.08284556090056534,0.013541666666666667,0.038625401267997704,1398.0,0.3834048640915593,0.11015736766809726,0.3175965665236051,0.9517069066581251
large_long,rotatable_xlink,r0010,2.05,pulse_02,3.9625179183135706,1.2545252043875004,0.010822222222222363,-0.010822222222222363,1.0,0.452991452991453,0.10117175292503011,0.014518229166666667,0.03723771529134967,1518.0,0.4321475625823452,0.10144927536231885,0.29117259552042163,0.9497103771986661
large_long,rotatable_xlink,r0010,2.1,pulse_02,3.9300512516469035,1.3662383502615494,0.008263197189284144,-0.008263197189284144,1.0,0.4603854389721627,0.07387932637408977,0.014605034722222222,0.02653569771809246,1518.0,0.42819499341238476,0.10144927536231886,0.29380764163372863,0.9505505686294712
large_long,rotatable_xlink,r0010,2.15,pulse_02,3.9129387351778657,1.4137393906960551,0.00453981115502855,-0.00453981115502855,1.0,0.45021645021645024,0.13042637560677756,0.014626736111111111,0.011330683789245325,1518.0,0.42555994729907776,0.10144927536231882,0.2951251646903821,0.9484454766377088
large_long,rotatable_xlink,r0010,2.2,pulse_02,3.902812384716732,1.4342224529970213,0.0064380324989020314,-0.0064380324989020314,1.0,0.4458874458874459,0.08546876811837983,0.014691840277777778,0.015963000156890783,1518.0,0.43083003952569177,0.10144927536231882,0.2845849802371541,0.9473040309076524
large_long,rotatable_xlink,r0010,2.25,pulse_02,3.8743105401844535,1.5095173916373998,0.017831708388230078,-0.017831708388230078,1.0,0.4434782608695652,0.09872560830956637,0.0146484375,0.006208023738204949,1518.0,0.42480211081794206,0.10026385224274408,0.28100263852242746,0.948418397886555
large_long,rotatable_xlink,r0010,2.3,pulse_02,3.7958221343873517,1.471470595426251,0.019085441833732508,-0.019085441833732508,1.0,0.43680709534368073,0.13199247653881785,0.014670138888888889,0.0016638714021688372,1518.0,0.4163372859025034,0.10144927536231885,0.2859025032938078,0.9447880294506293
large_long,rotatable_xlink,r0010,2.35,pulse_02,3.7597978891820585,1.4995341632243868,0.007287879917680984,-0.007287879917680984,1.0,0.4419642857142857,0.10400002207693781,0.014453125,0.009312550975555537,1516.0,0.41479524438573323,0.10303830911492733,0.2879788639365918,0.9479119137781913
large_long,rotatable_xlink,r0010,2.4,pulse_02,3.752094854881266,1.5273459012795843,0.0015402250354069242,-0.0015402250354069242,1.0,0.45089285714285715,0.10387165822502568,0.014388020833333333,0.005644653639129138,1516.0,0.4105960264900662,0.0980132450331126,0.2900662251655629,0.9425831535937054
large_long,rotatable_xlink,r0010,2.45,pulse_02,3.750556538969617,1.5334020850591616,0.014944430899409555,-0.014944430899409555,1.0,0.44966442953020136,0.08319658778817622,0.01423611111111111,0.003289124005077896,1514.0,0.416116248348745,0.095112285336856,0.2932628797886393,0.9438825509660368
large_long,rotatable_xlink,r0010,2.5,pulse_02,3.6624282694848085,1.5470806453100516,0.019887311168657423,-0.019887311168657423,1.0,0.44874715261959,0.07479782710985206,0.014409722222222223,0.0002264223358378429,1514.0,0.41005291005291006,0.09656084656084657,0.29894179894179895,0.9417986353386956
large_long,rotatable_xlink,r0010,2.55,pulse_02,3.6312326719576724,1.5320435510441346,0.006237846501436328,-0.006237846501436328,1.0,0.4482758620689655,0.10112034387450253,0.014561631944444445,0.012032066817414644,1512.0,0.4113756613756615,0.09788359788359788,0.29894179894179895,0.9436455543196359
large_long,rotatable_xlink,r0010,2.6,pulse_02,3.6250011904761905,1.4748882444055638,0.005791269841269801,-0.005791269841269801,1.0,0.4590909090909091,0.0967106611729785,0.014626736111111111,0.01245963113987599,1512.0,0.4087301587301588,0.09656084656084657,0.29761904761904756,0.9452957396552227
large_long,rotatable_xlink,r0010,2.65,pulse_02,3.5964850529100536,1.4572857642048787,0.005526410934744226,-0.005526410934744226,1.0,0.45958429561200925,0.07354964319604113,0.014366319444444444,0.004621777818124562,1512.0,0.4087301587301587,0.10052910052910052,0.3002645502645503,0.9429909268607425
large_long,rotatable_xlink,r0010,2.7,pulse_02,3.591842724867725,1.4471575774968164,0.005107341269841396,-0.005107341269841396,1.0,0.46420323325635104,0.08326701066213993,0.014453125,0.002621533567782682,1512.0,0.4060846560846561,0.09920634920634921,0.30026455026455035,0.9453542380988003
large_long,rotatable_xlink,r0010,2.75,pulse_02,3.5658410052910052,1.4415565627981826,0.008547993827160575,-0.008547993827160575,1.0,0.46635730858468677,0.07796460019060368,0.01447482638888889,0.005166802137346845,1512.0,0.40185676392572933,0.10212201591511935,0.29708222811671087,0.9474386447769039
large_long,rotatable_xlink,r0010,2.8,pulse_02,3.5405547619047617,1.4161567646727353,0.013955445326278682,-0.013955445326278682,1.0,0.46543778801843316,0.08102404674198585,0.014539930555555556,0.0026995930433342994,1512.0,0.4034391534391535,0.10052910052910054,0.3042328042328043,0.9452066734476533
large_long,rotatable_xlink,r0010,2.85,pulse_02,3.482108333333333,1.4253590045381768,0.014958840388007063,-0.014958840388007063,1.0,0.46543778801843316,0.07054993137999184,0.014670138888888889,0.0021457198531025976,1512.0,0.3968253968253968,0.10317460317460317,0.30952380952380953,0.9422277592567727
large_long,rotatable_xlink,r0010,2.9,pulse_02,3.4508017195767193,1.429031083791351,0.01809228395061731,-0.01809228395061731,1.0,0.45794392523364486,0.05959881706221423,0.014409722222222223,0.017975036152694395,1512.0,0.38278145695364224,0.10596026490066224,0.30331125827814576,0.943311599156326
large_long,rotatable_xlink,r0010,2.95,pulse_02,3.3735546296296293,1.5332092214543431,0.02448961640211637,-0.02448961640211637,1.0,0.4541176470588235,0.08848754240513176,0.014518229166666667,0.030538376268049894,1512.0,0.37566137566137564,0.10317460317460317,0.30291005291005285,0.9476257594247528
large_long,rotatable_xlink,r0010,3.0,pulse_02,3.303864021164021,1.6122613413996503,0.023230202821869383,-0.023230202821869383,1.0,0.4430992736077482,0.06311248611463566,0.014561631944444445,0.026350706648435713,1512.0,0.37169312169312174,0.10185185185185186,0.3055555555555555,0.9483252003769731
large_long,rotatable_xlink,r0010,3.05,pulse_03,3.6565938725490197,1.6652303968208322,0.01133460373310887,-0.01133460373310887,1.0,0.5159235668789809,0.10056368455963363,0.015733506944444444,0.023237523693823814,1632.0,0.4093137254901961,0.09436274509803921,0.28799019607843135,0.9466764406535748
large_long,rotatable_xlink,r0010,3.1,pulse_03,3.622590061349693,1.5955178257393607,0.01352860611279727,-0.01352860611279727,1.0,0.5097613882863341,0.10041327530432823,0.015733506944444444,0.01092619009807394,1630.0,0.39509202453987724,0.09325153374233126,0.2907975460122698,0.9446565656251622
large_long,rotatable_xlink,r0010,3.15,pulse_03,3.575422235872236,1.5996732562323885,0.012566771076709745,-0.012566771076709745,1.0,0.5087719298245614,0.05775625798459131,0.015668402777777778,0.006981762328951017,1628.0,0.39680589680589684,0.0945945945945946,0.285012285012285,0.9455754243069291
large_long,rotatable_xlink,r0010,3.2,pulse_03,3.5471894348894346,1.5536272517656546,0.014710339885339799,-0.014710339885339799,1.0,0.5065502183406113,0.07838942238888556,0.01564670138888889,0.008668104813170782,1628.0,0.39189189189189194,0.0945945945945946,0.2837837837837837,0.9455210100844915
large_long,rotatable_xlink,r0010,3.25,pulse_03,3.4871601965601973,1.5476646273533639,0.014411302211302157,-0.014411302211302157,1.0,0.515695067264574,0.08545484984782535,0.015559895833333334,0.002764444028020563,1628.0,0.3808353808353808,0.09705159705159705,0.28378378378378377,0.9470901443133277
large_long,rotatable_xlink,r0010,3.3,pulse_03,3.4607216216216217,1.5370405875975313,0.007821130221130327,-0.007821130221130327,1.0,0.5133928571428571,0.12756913156546076,0.015603298611111111,0.0006491303600187903,1628.0,0.37761377613776137,0.09840098400984011,0.2878228782287822,0.9473714041891946
large_long,rotatable_xlink,r0010,3.35,pulse_03,3.4402334152334153,1.5515594095134766,0.006326617526617524,-0.006326617526617524,1.0,0.5100222717149221,0.07815931609138936,0.015603298611111111,0.0017081327348019333,1628.0,0.3808353808353807,0.09582309582309584,0.2899262899262899,0.9505055330951896
large_long,rotatable_xlink,r0010,3.4,pulse_03,3.4227619164619165,1.5472893840063429,0.006301899668873808,-0.006301899668873808,1.0,0.5033557046979866,0.09151878094788123,0.01545138888888889,0.006316071644878907,1628.0,0.3783783783783784,0.09705159705159706,0.2862407862407863,0.9475581730912891
large_long,rotatable_xlink,r0010,3.45,pulse_03,3.4024220172201725,1.58945583938275,0.0015822956300815723,-0.0015822956300815723,1.0,0.48878923766816146,0.06936508860290684,0.015299479166666666,0.004852864867953739,1626.0,0.3763837638376384,0.0959409594095941,0.2915129151291513,0.9482725223146278
large_long,rotatable_xlink,r0010,3.5,pulse_03,3.413268142681427,1.5764065732140653,0.002690159901598932,0.002690159901598932,1.0,0.481981981981982,0.05672419178883265,0.01577690972222222,0.006506515514226097,1626.0,0.37638376383763833,0.0959409594095941,0.28782287822878233,0.9473697274797054
large_long,rotatable_xlink,r0010,3.55,pulse_03,3.418562976629766,1.5504167462973935,0.002156334563345741,-0.002156334563345741,1.0,0.47884187082405344,0.11249223535509507,0.015342881944444444,0.0055965512343485084,1626.0,0.3763837638376384,0.0959409594095941,0.28905289052890526,0.9485800363578255
large_long,rotatable_xlink,r0010,3.6,pulse_03,3.4003301353013526,1.5428272658079742,0.0017676032382244096,0.0017676032382244096,1.0,0.48,0.06272478636841321,0.015516493055555556,0.007077623168962284,1626.0,0.3780788177339901,0.0960591133004926,0.29064039408866993,0.9508268294970649
large_long,rotatable_xlink,r0010,3.65,pulse_03,3.4291685960591125,1.5928824853111672,0.00820615706342028,0.00820615706342028,1.0,0.4955357142857143,0.0688133520056237,0.015625,0.012501241919076053,1624.0,0.373612823674476,0.09494451294697906,0.28976572133168926,0.9497509836950598
large_long,rotatable_xlink,r0010,3.7,pulse_03,3.4495670776818743,1.6178347173224306,0.0053043697926171696,0.0053043697926171696,1.0,0.516629711751663,0.06710488606527944,0.015581597222222222,0.0020875095147441605,1622.0,0.37731196054254007,0.09371146732429102,0.2909987669543773,0.9473711863035628
large_long,rotatable_xlink,r0010,3.75,pulse_03,3.4609948148148155,1.5803574282227022,0.004309224881135461,-0.004309224881135461,1.0,0.512087912087912,0.053915207988114174,0.015494791666666667,0.007290553279860205,1620.0,0.3790123456790123,0.0925925925925926,0.2901234567901235,0.9473933600070841
large_long,rotatable_xlink,r0010,3.8,pulse_03,3.4237117283950615,1.5740913976432693,0.01455810699588489,-0.01455810699588489,1.0,0.516629711751663,0.06406755657081639,0.015364583333333333,0.007411564125973287,1620.0,0.3777777777777777,0.09259259259259259,0.2913580246913579,0.9456952509249557
large_long,rotatable_xlink,r0010,3.85,pulse_03,3.373646172839506,1.5358880434668625,0.006747860082304473,-0.006747860082304473,1.0,0.515695067264574,0.10221014965809935,0.015538194444444445,0.019137247895555303,1620.0,0.36790123456790125,0.09382716049382715,0.28888888888888886,0.9499572639155327
large_long,rotatable_xlink,r0010,3.9,pulse_03,3.3832245679012347,1.4592679102699375,0.003383334912194854,-0.003383334912194854,1.0,0.5203619909502263,0.06645095730769714,0.015603298611111111,0.008050824546672422,1620.0,0.3688118811881188,0.09282178217821782,0.28960396039603964,0.9457443328801565
large_long,rotatable_xlink,r0010,3.95,pulse_03,3.353346163366337,1.487583096186828,0.012775423033044056,-0.012775423033044056,1.0,0.5205479452054794,0.07806601755990222,0.015234375,0.003525230837250426,1616.0,0.37252475247524747,0.09158415841584157,0.2858910891089109,0.9445865519156293
large_long,rotatable_xlink,r0010,4.0,pulse_03,3.3065720297029704,1.48041929529344,0.015591377887788896,-0.015591377887788896,1.0,0.5196304849884527,0.08067430227541868,0.01506076388888889,0.0023879336311292874,1616.0,0.3564356435643565,0.0891089108910891,0.2896039603960397,0.9458920238814365
large_long,rotatable_xlink,r0010,4.05,pulse_04,3.7265508139534886,1.4974264745326216,0.005337209302325618,-0.005337209302325618,1.0,0.5761316872427984,0.07894638948523436,0.016037326388888887,0.0066129877480943415,1720.0,0.39697322467986024,0.08498253783469148,0.27473806752037244,0.9472548499296808
large_long,rotatable_xlink,r0010,4.1,pulse_04,3.710539186046512,1.4775875112883385,0.002635000000000017,-0.002635000000000017,1.0,0.5619834710743802,0.06798520528943519,0.01625434027777778,0.00967110284644083,1720.0,0.38837209302325587,0.08372093023255814,0.2732558139534883,0.9453746163485174
large_long,rotatable_xlink,r0010,4.15,pulse_04,3.7107408139534885,1.4393998574539766,0.0063948507594011605,-0.0063948507594011605,1.0,0.5643153526970954,0.05297046144706828,0.0162109375,0.004833060703919645,1720.0,0.3853317811408614,0.08381839348079163,0.27240977881257267,0.9468369168217596
large_long,rotatable_xlink,r0010,4.2,pulse_04,3.672170081490105,1.4485891470648207,0.014957520214599654,-0.014957520214599654,1.0,0.5583864118895966,0.032697483777562694,0.016167534722222224,0.0039043475445076727,1718.0,0.3771827706635622,0.08381839348079163,0.2759022118742724,0.9450897771996402
large_long,rotatable_xlink,r0010,4.25,pulse_04,3.6209956926658906,1.4159737721869305,0.01608168412883197,-0.01608168412883197,1.0,0.5536480686695279,0.053228271907264514,0.01625434027777778,0.01354907163277678,1718.0,0.3713620488940629,0.08498253783469151,0.27590221187427233,0.9464341348416914
large_long,rotatable_xlink,r0010,4.3,pulse_04,3.575679976717113,1.36729471726816,0.011254824701413554,-0.011254824701413554,1.0,0.5536480686695279,0.02450761022045519,0.016644965277777778,0.0036943601451795796,1718.0,0.3713620488940628,0.0861466821885914,0.279394644935972,0.9441421148339598
large_long,rotatable_xlink,r0010,4.35,pulse_04,3.5534667444574093,1.393807611315853,0.00783542202383621,-0.00783542202383621,1.0,0.5464362850971922,0.056465210258654135,0.0162109375,0.0028120549183750323,1714.0,0.37106184364060674,0.08518086347724621,0.2847141190198367,0.9451067353846004
large_long,rotatable_xlink,r0010,4.4,pulse_04,3.5286674445740958,1.3841670467784102,0.011884558537534007,-0.011884558537534007,1.0,0.5412026726057907,0.0857822903272067,0.016145833333333335,0.011968416634092427,1714.0,0.366822429906542,0.08528037383177572,0.2873831775700935,0.9463995412529268
large_long,rotatable_xlink,r0010,4.45,pulse_04,3.4821593932322052,1.3219971115112985,0.009197724620770176,-0.009197724620770176,1.0,0.5422222222222223,0.062229443958247296,0.01642795138888889,0.01076640463927562,1714.0,0.366822429906542,0.08644859813084112,0.29088785046728965,0.946060892359997
large_long,rotatable_xlink,r0010,4.5,pulse_04,3.4734810968494747,1.3195686189427565,0.006203364449630507,-0.006203364449630507,1.0,0.5346756152125279,0.048202012659205096,0.016493055555555556,0.018267057346547804,1714.0,0.36639439906651117,0.08518086347724621,0.29171528588098017,0.9448748058016558
large_long,rotatable_xlink,r0010,4.55,pulse_04,3.444939206534422,1.2123947674320117,0.002650155581485736,-0.002650155581485736,1.0,0.5212527964205816,0.03282449520004886,0.016145833333333335,0.01655187503437942,1714.0,0.36565420560747663,0.08644859813084112,0.28738317757009346,0.9450834587217464
large_long,rotatable_xlink,r0010,4.6,pulse_04,3.4575801633605603,1.22025736873648,0.00010385064177365066,0.00010385064177365066,1.0,0.52,0.04768122085570633,0.016297743055555557,0.0014158439776280989,1714.0,0.37222870478413067,0.08751458576429405,0.2858809801633606,0.945320180837986
large_long,rotatable_xlink,r0010,4.65,pulse_04,3.445562310385064,1.2208898312977803,2.152858809808163e-05,-2.152858809808163e-05,1.0,0.5254988913525499,0.07663567242247002,0.016276041666666668,0.014290591535403204,1714.0,0.3710618436406068,0.08751458576429406,0.28354725787631274,0.945398540524675
large_long,rotatable_xlink,r0010,4.7,pulse_04,3.457450991831972,1.1345138195240607,7.744068455857918e-05,-7.744068455857918e-05,1.0,0.5233853006681515,0.09061339523180782,0.016124131944444446,0.01783405520091567,1714.0,0.36989498249708297,0.08634772462077013,0.28238039673278875,0.9446264067919501
large_long,rotatable_xlink,r0010,4.75,pulse_04,3.4450976662777126,1.1138855000922863,0.00027222870478419797,0.00027222870478419797,1.0,0.5278396436525612,0.08046038149577509,0.015928819444444443,0.0009065382205806586,1714.0,0.3733955659276547,0.08518086347724621,0.2847141190198367,0.9460173048643638
large_long,rotatable_xlink,r0010,4.8,pulse_04,3.459084364060677,1.1290745902005768,0.0012178140801245203,0.0012178140801245203,1.0,0.5288888888888889,0.07096696026163948,0.0162109375,0.004200105318687826,1714.0,0.3703271028037382,0.08644859813084109,0.2803738317757008,0.9437765659530724
large_long,rotatable_xlink,r0010,4.85,pulse_04,3.4524045507584598,1.1390861320044132,0.009201555814858079,-0.009201555814858079,1.0,0.5343680709534369,0.0443936615759033,0.01675347222222222,0.002077120674064107,1714.0,0.3684210526315789,0.08654970760233918,0.28304093567251465,0.9484978503481055
large_long,rotatable_xlink,r0010,4.9,pulse_04,3.4038750291715285,1.1415373142449614,0.008392784908595926,-0.008392784908595926,1.0,0.532293986636971,0.06508114893716746,0.016536458333333334,0.0006771453592614071,1714.0,0.37339556592765455,0.08751458576429405,0.2835472578763127,0.9459948962117695
large_long,rotatable_xlink,r0010,4.95,pulse_04,3.402047841306884,1.1350232598488448,0.0012810309636237527,0.0012810309636237527,1.0,0.5320088300220751,0.061178705184610084,0.016276041666666668,0.007606971085170056,1714.0,0.3722287047841307,0.08868144690781797,0.2847141190198367,0.9451229019181909
large_long,rotatable_xlink,r0010,5.0,pulse_04,3.411561214953271,1.095895487733941,0.0031711245487956083,0.0031711245487956083,1.0,0.5418502202643172,0.08575775577180789,0.016710069444444444,0.013042590704967902,1712.0,0.3738317757009346,0.08878504672897196,0.2827102803738318,0.9463796875016748
large_long,rotatable_xlink,r0010,5.05,pulse_05,3.8093833515881705,0.9368369400587072,0.005453994402918531,0.005453994402918531,1.0,0.5843137254901961,0.05476778550594298,0.017252604166666668,0.007747495816326204,1826.0,0.4052573932092005,0.08324205914567363,0.2650602409638555,0.9478825341524993
large_long,rotatable_xlink,r0010,5.1,pulse_05,3.825745334796926,0.9135944526097286,0.004404386456916616,0.004404386456916616,1.0,0.5976331360946746,0.06091586328190651,0.01697048611111111,0.000320330188802546,1822.0,0.40504939626783754,0.08122941822173436,0.2645444566410538,0.9465298259785082
large_long,rotatable_xlink,r0010,5.15,pulse_05,3.8358096703296702,0.9387589211915225,0.002831858119926182,0.002831858119926182,1.0,0.5936883629191322,0.05346034685281653,0.017144097222222224,0.0026410197124924393,1820.0,0.40219780219780227,0.08021978021978021,0.2648351648351648,0.9465813865258857
large_long,rotatable_xlink,r0010,5.2,pulse_05,3.8427364835164832,0.9294405708846832,0.0012216117216117262,0.0012216117216117262,1.0,0.5952848722986247,0.08790598074817874,0.01720920138888889,0.01395657524144637,1820.0,0.4076923076923077,0.08021978021978021,0.2670329670329671,0.9470928812098103
large_long,rotatable_xlink,r0010,5.25,pulse_05,3.8431393406593406,0.8550194697428443,0.0026192673992673963,-0.0026192673992673963,1.0,0.6,0.07823527971458237,0.017317708333333334,0.012556170225717422,1820.0,0.4021978021978022,0.08021978021978024,0.26703296703296703,0.9472569091875143
large_long,rotatable_xlink,r0010,5.3,pulse_05,3.827020879120879,0.8541035495303787,0.004784065934065884,-0.004784065934065884,1.0,0.5992141453831041,0.0666915576392156,0.017317708333333334,0.005941805860361804,1820.0,0.4043956043956044,0.08131868131868134,0.2692307692307693,0.9472395543594925
large_long,rotatable_xlink,r0010,5.35,pulse_05,3.8144349450549453,0.8906703049050151,0.011006043956043913,-0.011006043956043913,1.0,0.5905511811023622,0.0833858441975254,0.016905381944444443,0.01240666210757028,1820.0,0.40769230769230774,0.08021978021978024,0.2692307692307693,0.9456212092431087
large_long,rotatable_xlink,r0010,5.4,pulse_05,3.7609846153846154,0.9285435221758004,0.01401785714285723,-0.01401785714285723,1.0,0.5714285714285714,0.07761531516400115,0.017296006944444445,0.010382348927994852,1820.0,0.4043956043956044,0.08461538461538462,0.2725274725274725,0.9462750950706014
large_long,rotatable_xlink,r0010,5.45,pulse_05,3.730327802197802,0.9529643984729842,0.008427380952380936,-0.008427380952380936,1.0,0.5968688845401174,0.06131933346756357,0.017491319444444445,0.007722049262455344,1820.0,0.4010989010989012,0.08681318681318681,0.27032967032967037,0.9482652733090667
large_long,rotatable_xlink,r0010,5.5,pulse_05,3.7104203296703298,0.8822112266010683,0.009611172161172169,-0.009611172161172169,1.0,0.5976331360946746,0.06345335149942444,0.017100694444444446,0.013268854392128326,1820.0,0.40219780219780227,0.0879120879120879,0.2758241758241758,0.9449259210015786
large_long,rotatable_xlink,r0010,5.55,pulse_05,3.672660769230769,0.8733512721202142,0.003170842490842466,-0.003170842490842466,1.0,0.5976095617529881,0.09683360131076575,0.0171875,0.00491648331511509,1820.0,0.39427312775330414,0.08810572687224669,0.27753303964757714,0.9479633201357672
large_long,rotatable_xlink,r0010,5.6,pulse_05,3.691395274725275,0.8527123267103778,0.003971793320357723,0.003971793320357723,1.0,0.5952380952380952,0.09236293774577596,0.01740451388888889,0.0033638784232992527,1820.0,0.39603960396039584,0.0869086908690869,0.2761276127612762,0.9471223338509258
large_long,rotatable_xlink,r0010,5.65,pulse_05,3.6964915291529152,0.8531680015804187,0.000743546887655766,-0.000743546887655766,1.0,0.6047430830039525,0.07529135024472962,0.01755642361111111,0.007789246767176887,1818.0,0.4004400440044004,0.08690869086908691,0.2772277227722772,0.9498348020684702
large_long,rotatable_xlink,r0010,5.7,pulse_05,3.6869339933993404,0.8059768461073165,0.0054679501283461844,-0.0054679501283461844,1.0,0.5881188118811881,0.06966322241615908,0.017274305555555557,0.002566918875066271,1818.0,0.39933993399339923,0.08800880088008801,0.27612761276127606,0.9501205295435456
large_long,rotatable_xlink,r0010,5.75,pulse_05,3.663683828382838,0.8377664883300211,0.0044904290429043465,-0.0044904290429043465,1.0,0.5762376237623762,0.08720226250060208,0.017534722222222222,0.001394537775661009,1818.0,0.39713971397139697,0.09020902090209022,0.27612761276127606,0.9511075143642943
large_long,rotatable_xlink,r0010,5.8,pulse_05,3.6599914191419143,0.7976096194533504,0.006302480941926832,-0.006302480941926832,1.0,0.5643564356435643,0.05875037599276687,0.017361111111111112,0.016075789673900293,1818.0,0.3993399339933993,0.088008800880088,0.27722772277227714,0.9500244868739565
large_long,rotatable_xlink,r0010,5.85,pulse_05,3.625868942731277,0.7413117502866193,0.007075570591200083,-0.007075570591200083,1.0,0.6024096385542169,0.09305952715129472,0.01720920138888889,0.01137429939842923,1816.0,0.39757709251101325,0.0881057268722467,0.27973568281938327,0.9492377087353521
large_long,rotatable_xlink,r0010,5.9,pulse_05,3.617537995594714,0.729363823062775,0.004789794419970554,-0.004789794419970554,1.0,0.5855130784708249,0.0754646860448971,0.017296006944444445,0.0008659839486837942,1816.0,0.394273127753304,0.0881057268722467,0.2764317180616741,0.94894197662633
large_long,rotatable_xlink,r0010,5.95,pulse_05,3.597130176211454,0.7361158465945166,0.005965436857562419,-0.005965436857562419,1.0,0.596,0.10605640842371401,0.01723090277777778,0.002705038338838376,1816.0,0.3909691629955947,0.09030837004405286,0.27753303964757714,0.9469032511684414
large_long,rotatable_xlink,r0010,6.0,pulse_05,3.5817453744493393,0.7131335930297448,0.005128267254038181,-0.005128267254038181,1.0,0.6104417670682731,0.11720374970614275,0.017361111111111112,0.007660751188257264,1816.0,0.3887665198237886,0.09140969162995596,0.2786343612334802,0.9485011737966708
large_long,rotatable_xlink,r0010,6.05,pulse_06,3.8927758081334725,0.6377880494077305,0.004893952033368176,-0.004893952033368176,1.0,0.6284153005464481,0.06482031903657214,0.018294270833333334,0.013353518446631943,1918.0,0.4227557411273487,0.08559498956158665,0.26617954070981215,0.9464512318052771
large_long,rotatable_xlink,r0010,6.1,pulse_06,3.878093952033368,0.5977274940678347,0.005533594021550255,-0.005533594021550255,1.0,0.6419529837251357,0.06431994532746126,0.018120659722222224,0.012197923112256148,1918.0,0.4233576642335766,0.08550573514077164,0.26798748696558916,0.9495816809619564
large_long,rotatable_xlink,r0010,6.15,pulse_06,3.859574244004171,0.5646005107341936,0.014114876607577301,-0.014114876607577301,1.0,0.6380255941499086,0.058304912924630484,0.018033854166666665,0.02385353971054373,1918.0,0.4233576642335767,0.08237747653806048,0.27007299270073,0.9494487817493328
large_long,rotatable_xlink,r0010,6.2,pulse_06,3.793404692387904,0.45460625580457226,0.01054903022894845,-0.01054903022894845,1.0,0.5963302752293578,0.052972002953991106,0.01820746527777778,0.018940388303505685,1918.0,0.41188738269030234,0.08237747653806046,0.27007299270073,0.947663808517048
large_long,rotatable_xlink,r0010,6.25,pulse_06,3.7962800626304802,0.4509581809131595,0.002017570512806488,-0.002017570512806488,1.0,0.6052141527001862,0.06643258112755926,0.018120659722222224,0.0009061859849277728,1916.0,0.41336116910229653,0.08246346555323589,0.2682672233820459,0.9480506857099789
large_long,rotatable_xlink,r0010,6.3,pulse_06,3.781299269311065,0.4491691398950056,0.005234237995824638,-0.005234237995824638,1.0,0.6074766355140186,0.0621288378552791,0.018229166666666668,0.0010033221871201352,1916.0,0.41336116910229653,0.0824634655532359,0.26931106471816285,0.9487993801287581
large_long,rotatable_xlink,r0010,6.35,pulse_06,3.7648746346555324,0.4569781140358803,0.005881400336239961,-0.005881400336239961,1.0,0.6126629422718808,0.027429562516090834,0.018229166666666668,0.0005905092660599132,1916.0,0.4091858037578288,0.08350730688935282,0.2703549060542797,0.9485841442618467
large_long,rotatable_xlink,r0010,6.4,pulse_06,3.7460108672936254,0.4527121954913651,0.004294935622505121,-0.004294935622505121,1.0,0.6052141527001862,0.04586578689866123,0.01838107638888889,0.0008098122044056522,1914.0,0.41065830721003127,0.0825496342737722,0.26959247648902823,0.9492744599569027
large_long,rotatable_xlink,r0010,6.45,pulse_06,3.7391050209205017,0.4618369872623142,0.006621982066371324,-0.006621982066371324,1.0,0.6044362292051756,0.06253292726279125,0.018489583333333334,0.0017503119647537813,1912.0,0.41213389121338917,0.08158995815899579,0.26778242677824277,0.9469380046464126
large_long,rotatable_xlink,r0010,6.5,pulse_06,3.7062789748953975,0.4422103237028424,0.005527381322701401,-0.005527381322701401,1.0,0.6312849162011173,0.07747619713295976,0.018250868055555557,0.0007690408341886427,1912.0,0.41004184100418417,0.0815899581589958,0.26882845188284527,0.947217105353992
large_long,rotatable_xlink,r0010,6.55,pulse_06,3.7059407329842933,0.45722274225718235,0.0066623247862311885,-0.0066623247862311885,1.0,0.6022304832713755,0.051147440726178994,0.01792534722222222,0.0021871743384269484,1910.0,0.4104712041884816,0.08062827225130888,0.26701570680628267,0.9453670482982531
large_long,rotatable_xlink,r0010,6.6,pulse_06,3.6663050261780104,0.4553333697334041,0.011623630200387147,-0.011623630200387147,1.0,0.6075471698113207,0.05945157580838576,0.01818576388888889,0.004502850347211494,1910.0,0.4020942408376963,0.08062827225130888,0.26806282722513075,0.9440657177860567
large_long,rotatable_xlink,r0010,6.65,pulse_06,3.6361989517819704,0.4302056401739134,0.010467609184804605,-0.010467609184804605,1.0,0.6083650190114068,0.07652726628351021,0.01792534722222222,0.005606462522968665,1908.0,0.39937106918238985,0.07966457023060797,0.2662473794549266,0.9453624555848353
large_long,rotatable_xlink,r0010,6.7,pulse_06,3.6034993710691827,0.4216945945955921,0.00835368623340312,-0.00835368623340312,1.0,0.6053130929791272,0.09080286636940696,0.018294270833333334,0.01217863481400964,1908.0,0.38888888888888884,0.07966457023060797,0.26729559748427667,0.9414318439549362
large_long,rotatable_xlink,r0010,6.75,pulse_06,3.5860768343815517,0.35713383128985554,0.005812823200559129,-0.005812823200559129,1.0,0.6030534351145038,0.0649920268741801,0.017903645833333332,0.02485620790803157,1908.0,0.3920335429769392,0.08176100628930816,0.2693920335429769,0.9414176116282589
large_long,rotatable_xlink,r0010,6.8,pulse_06,3.568622431865828,0.2725573471474027,0.003296874357709534,-0.003296874357709534,1.0,0.6061776061776062,0.05676681456268314,0.018272569444444445,0.01840543977678376,1908.0,0.38259958071278827,0.08176100628930814,0.2693920335429769,0.942817124225381
large_long,rotatable_xlink,r0010,6.85,pulse_06,3.5662955882352945,0.24670119262915297,0.008641466235341047,-0.008641466235341047,1.0,0.61328125,0.069893387433582,0.018098958333333335,0.0029067411247182353,1904.0,0.3781512605042017,0.07983193277310924,0.26890756302521,0.9417387709093391
large_long,rotatable_xlink,r0010,6.9,pulse_06,3.5167736344537817,0.2551169003990933,0.016435626750700427,-0.016435626750700427,1.0,0.6046966731898239,0.07216907765624823,0.017881944444444443,0.000774837412000832,1904.0,0.3718487394957983,0.07983193277310925,0.2710084033613446,0.94363714839577
large_long,rotatable_xlink,r0010,6.95,pulse_06,3.467681827731092,0.25135021710115796,0.012789717203916418,-0.012789717203916418,1.0,0.6007827788649707,0.05797807839864035,0.017838541666666666,0.004202642789443166,1904.0,0.36764705882352944,0.07983193277310924,0.26995798319327735,0.9432891589914268
large_long,rotatable_xlink,r0010,7.0,pulse_06,3.440035331230283,0.2299010436624343,0.009215498833602917,-0.009215498833602917,1.0,0.6,0.07075292868768424,0.01794704861111111,0.0071497244795745525,1902.0,0.3638275499474237,0.07991587802313356,0.27339642481598314,0.9421385968563409
large_long,rotatable_xlink,r0010,7.05,pulse_07,3.767142053307009,0.37052314089328275,0.0011155314248108006,-0.0011155314248108006,1.0,0.63668430335097,0.06309264407764675,0.01918402777777778,0.011990429573614366,2026.0,0.39684106614017767,0.07601184600197433,0.2665350444225074,0.940836592703457
large_long,rotatable_xlink,r0010,7.1,pulse_07,3.7637954590325764,0.33455185217243966,0.0047125041131951635,-0.0047125041131951635,1.0,0.6474820143884892,0.04439892298514324,0.019032118055555554,0.013401659401310226,2026.0,0.3968410661401778,0.07403751233958539,0.263573543928924,0.9393291697107471
large_long,rotatable_xlink,r0010,7.15,pulse_07,3.738867028627838,0.2901131844854214,0.0061323297137215365,-0.0061323297137215365,1.0,0.6462093862815884,0.023921005308166494,0.019075520833333335,0.01550484893584834,2026.0,0.39684106614017767,0.07502467917077986,0.2625863770977295,0.9448233720548842
large_long,rotatable_xlink,r0010,7.2,pulse_07,3.727001480750247,0.4275809457875297,0.0025609244023998556,-0.0025609244023998556,1.0,0.6380255941499086,0.08658372929685434,0.01918402777777778,0.013920265848309632,2026.0,0.39289239881539983,0.07403751233958539,0.26357354392892396,0.9445222400316503
large_long,rotatable_xlink,r0010,7.25,pulse_07,3.7235014822134387,0.3736347795752792,0.0057086460011939915,-0.0057086460011939915,1.0,0.6311030741410488,0.06418148331808876,0.019140625,0.0076998858307739575,2024.0,0.39229249011857703,0.07411067193675891,0.26778656126482214,0.9427210225278921
large_long,rotatable_xlink,r0010,7.3,pulse_07,3.6927496047430832,0.38138163080288595,0.006714146903820921,-0.006714146903820921,1.0,0.6316758747697975,0.05871048688286131,0.019314236111111112,0.02059949284174768,2024.0,0.39031620553359686,0.07509881422924901,0.2687747035573123,0.9444636606622344
large_long,rotatable_xlink,r0010,7.35,pulse_07,3.683216600790513,0.49723173662576525,0.0015860946909424338,-0.0015860946909424338,1.0,0.6483516483516484,0.055847948140262255,0.019118923611111113,0.011407647944082963,2024.0,0.3883399209486166,0.07608695652173914,0.2687747035573123,0.9456915999920981
large_long,rotatable_xlink,r0010,7.4,pulse_07,3.6832330365974286,0.4498275184673837,0.0016331327727017175,-0.0016331327727017175,1.0,0.5664845173041895,0.03156896600824838,0.019010416666666665,0.056098368637699736,2022.0,0.3887240356083087,0.07616221562809102,0.26607319485657766,0.9447530117366963
large_long,rotatable_xlink,r0010,7.45,pulse_07,3.673417804154303,0.16064152479956686,0.005706347683729869,-0.005706347683729869,1.0,0.565377532228361,0.030944068580699095,0.01935763888888889,0.02481889128864952,2022.0,0.3897131552917904,0.07517309594460929,0.26706231454005935,0.9435031799957232
large_long,rotatable_xlink,r0010,7.5,pulse_07,3.6489949504950494,0.3009141707354866,0.01257153171548612,-0.01257153171548612,1.0,0.5830258302583026,0.04914438191936452,0.019032118055555554,0.038464504547917756,2020.0,0.38217821782178235,0.07326732673267329,0.26930693069306944,0.9448600096898253
large_long,rotatable_xlink,r0010,7.55,pulse_07,3.597988613861386,0.3914285520870734,0.01127107260726068,-0.01127107260726068,1.0,0.5888888888888889,0.04185942566228284,0.019292534722222223,0.023618252530888034,2020.0,0.37821782178217844,0.07326732673267329,0.2643564356435645,0.9446427987540874
large_long,rotatable_xlink,r0010,7.6,pulse_07,3.5813685148514853,0.1592046555501584,0.005602491749174894,-0.005602491749174894,1.0,0.5730337078651685,0.08626603050715188,0.019270833333333334,0.044822319188105746,2020.0,0.37821782178217833,0.07425742574257427,0.26534653465346547,0.9444689964669098
large_long,rotatable_xlink,r0010,7.65,pulse_07,3.5643736633663368,0.12249463695843894,0.006234504950494972,-0.006234504950494972,1.0,0.5526315789473685,0.06544110184941895,0.0193359375,0.031434216771381286,2020.0,0.37326732673267343,0.07326732673267329,0.26534653465346547,0.9450122304390718
large_long,rotatable_xlink,r0010,7.7,pulse_07,3.5439614851485155,-0.029400645078129346,0.00774917491749183,-0.00774917491749183,1.0,0.5526315789473685,0.08643091774656719,0.019270833333333334,0.027544227073378526,2020.0,0.37425742574257437,0.07623762376237626,0.2633663366336635,0.9447687850969589
large_long,rotatable_xlink,r0010,7.75,pulse_07,3.517878613861386,-0.042770725481832216,0.004481423606681911,-0.004481423606681911,1.0,0.5404896421845574,0.055887833590105435,0.01937934027777778,0.010777179657157174,2020.0,0.3702970297029704,0.07623762376237624,0.26831683168316844,0.9440931705716952
large_long,rotatable_xlink,r0010,7.8,pulse_07,3.517072943508424,-0.09406372302107238,0.00199371962567918,0.00199371962567918,1.0,0.5037593984962406,0.04473930864682353,0.019205729166666668,0.014316434558893995,2018.0,0.36769078295341906,0.07433102081268582,0.26957383548067393,0.9443219298171932
large_long,rotatable_xlink,r0010,7.85,pulse_07,3.529840931615461,-0.1286693328351962,0.00012234886025760025,-0.00012234886025760025,1.0,0.5141242937853108,0.04191031708124817,0.01937934027777778,0.0308281283716081,2018.0,0.3680555555555555,0.0773809523809524,0.2698412698412699,0.9445704927566588
large_long,rotatable_xlink,r0010,7.9,pulse_07,3.5163388503468784,-0.279032493250721,0.01157984803435741,-0.01157984803435741,1.0,0.5475285171102662,0.04107607349727699,0.018858506944444443,0.06809991467841552,2018.0,0.3657086223984142,0.07730426164519325,0.26759167492566893,0.9444395540578656
large_long,rotatable_xlink,r0010,7.95,pulse_07,3.4603618434093164,-0.5372688209056893,0.020524629819717848,-0.020524629819717848,1.0,0.5482625482625483,0.044274242570531246,0.018988715277777776,0.03358045203045756,2018.0,0.3597621407333993,0.07631318136769076,0.26461843409316155,0.9440405070088816
large_long,rotatable_xlink,r0010,8.0,pulse_07,3.3931910714285713,-0.4805152054334663,0.02239025732691502,-0.02239025732691502,1.0,0.53515625,0.027881150604869922,0.018793402777777777,0.018917871824074322,2016.0,0.3535253227408143,0.07547169811320756,0.26514399205561073,0.9428725832206598
small_long,nomotor_xlink,r0011,0.0,initial,-1.6694000000000002,0.6578580047620515,0.058717647058823465,-0.058717647058823465,1.0,-0.2857142857142857,0.0,0.0003255208333333333,0.15324351784017523,30.0,0.06666666666666667,0.6,0.6,0.5758091320092292
small_long,nomotor_xlink,r0011,0.05,initial,-1.8455529411764706,0.19812745124152578,0.09673833333333333,0.09673833333333333,1.0,-0.3333333333333333,0.6500808875991883,0.0003689236111111111,0.008764996351908435,34.0,0.058823529411764705,0.588235294117647,0.6470588235294117,0.6093344729305902
small_long,nomotor_xlink,r0011,0.1,initial,-1.0889700000000002,0.7104479828735021,0.1852128235294118,0.1852128235294118,1.0,-0.1111111111111111,0.36886512684485684,0.0004123263888888889,0.08593286515153477,40.0,0.15,0.5,0.55,0.6045510226505444
small_long,nomotor_xlink,r0011,0.15000000000000002,initial,-0.7342759999999999,0.7137246421507344,0.12377777777777782,0.12377777777777782,1.0,-0.14285714285714285,0.13964228350134017,0.0005425347222222222,0.024513697700195364,50.0,0.16,0.39999999999999997,0.56,0.6839458033810115
small_long,nomotor_xlink,r0011,0.2,initial,-0.3463033333333333,0.8575301690746743,0.05156427956989246,0.05156427956989246,1.0,-0.4,0.24361068689493579,0.0005642361111111111,0.02547008098794275,60.0,0.19999999999999998,0.33333333333333337,0.5333333333333332,0.7194631570097669
small_long,nomotor_xlink,r0011,0.25,initial,-0.4248903225806452,0.8665451280783909,0.03999579365079362,0.03999579365079362,1.0,-0.36363636363636365,0.28040737196441756,0.0006510416666666666,0.0029999460684225023,62.0,0.16129032258064516,0.3225806451612903,0.5483870967741935,0.7326270713156706
small_long,nomotor_xlink,r0011,0.30000000000000004,initial,-0.10632857142857155,0.8755298454852093,0.10701329937747595,0.10701329937747595,1.0,-0.16666666666666666,0.21434597693271454,0.0007378472222222222,0.022759552426695768,70.0,0.19999999999999996,0.2857142857142857,0.5142857142857141,0.7842313881307644
small_long,nomotor_xlink,r0011,0.35000000000000003,initial,0.21718947368421046,1.0031024426385655,0.0709783391405343,0.0709783391405343,1.0,-0.28,0.19722801408784613,0.0008029513888888889,0.007748104990588552,76.0,0.23684210526315788,0.2631578947368421,0.4736842105263158,0.7603707839019697
small_long,nomotor_xlink,r0011,0.4,initial,0.31954146341463424,0.9220184754287406,0.08206249512670565,0.08206249512670565,1.0,-0.23076923076923078,0.11753635858252556,0.0008680555555555555,0.0018124488762409352,82.0,0.2439024390243903,0.2439024390243903,0.43902439024390255,0.7780106860677314
small_long,nomotor_xlink,r0011,0.45,initial,0.7095644444444443,0.9922277493811199,0.12338662684586026,0.12338662684586026,1.0,-0.07142857142857142,0.18170052844164203,0.0008897569444444444,0.027426057700822886,90.0,0.2888888888888889,0.22222222222222224,0.42222222222222233,0.8054272399028919
small_long,nomotor_xlink,r0011,0.5,initial,1.0598612244897958,1.086574821633678,0.07184925925925928,0.07184925925925928,1.0,0.03225806451612903,0.08026618736124107,0.0009548611111111111,0.014840504129569184,98.0,0.3265306122448979,0.20408163265306123,0.38775510204081626,0.8211325142429489
small_long,nomotor_xlink,r0011,0.55,initial,1.14066,1.081270774158535,0.010146847200418621,0.010146847200418621,1.0,0.0625,0.14285477701658933,0.0010416666666666667,0.005034866325532739,100.0,0.34,0.20000000000000004,0.3600000000000001,0.8057131642809265
small_long,nomotor_xlink,r0011,0.6000000000000001,initial,1.1207423076923075,1.0563656236804815,0.006609811320754629,0.006609811320754629,1.0,0.0625,0.06614725594367726,0.0010633680555555555,0.011425812216016277,104.0,0.3269230769230769,0.1923076923076923,0.34615384615384615,0.8119269893518795
small_long,nomotor_xlink,r0011,0.65,initial,1.1803188679245278,1.0127159008624373,0.04678779720279717,0.04678779720279717,1.0,0.14285714285714285,0.11539581097276518,0.0010199652777777778,0.014598197825774243,106.0,0.33962264150943394,0.18867924528301888,0.3584905660377358,0.8142515196366972
small_long,nomotor_xlink,r0011,0.7000000000000001,initial,1.4014690909090906,1.143954810635127,0.07516380449845443,0.07516380449845443,1.0,0.14285714285714285,0.037387935731916955,0.0010850694444444445,0.0354352710037746,110.0,0.36363636363636365,0.18181818181818182,0.3636363636363636,0.8066152806260183
small_long,nomotor_xlink,r0011,0.75,initial,1.6313016949152543,1.225327526885085,0.05581348484848488,0.05581348484848488,1.0,0.24324324324324326,0.04166315649679889,0.0012369791666666666,0.025905029619748648,118.0,0.3728813559322034,0.1694915254237288,0.3389830508474576,0.81922594864727
small_long,nomotor_xlink,r0011,0.8,initial,1.7363499999999998,1.2993849883536188,0.025562415926822697,0.025562415926822697,1.0,0.3,0.05476558713212158,0.0013020833333333333,0.023111213787630886,124.0,0.3709677419354839,0.16129032258064516,0.3225806451612902,0.8301513267669932
small_long,nomotor_xlink,r0011,0.8500000000000001,initial,1.7846761904761905,1.3639948096108703,0.013393750000000018,0.013393750000000018,1.0,0.3170731707317073,0.07294874772638685,0.0012803819444444444,0.0031778797244619295,126.0,0.39682539682539675,0.1587301587301587,0.31746031746031733,0.8494092700139253
small_long,nomotor_xlink,r0011,0.9,initial,1.8167125,1.3184522667003904,0.022614913527600106,0.022614913527600106,1.0,0.28205128205128205,0.06279401966051341,0.0012586805555555556,0.014193490177486204,128.0,0.3492063492063492,0.15873015873015875,0.3174603174603174,0.8293229727517305
small_long,nomotor_xlink,r0011,0.9500000000000001,initial,1.9203656716417912,1.278833868545953,0.02583026960784322,0.02583026960784322,1.0,0.3333333333333333,0.05377975856701619,0.0013671875,0.00890568414744016,134.0,0.4029850746268656,0.14925373134328357,0.29850746268656714,0.8585919453214629
small_long,nomotor_xlink,r0011,1.0,initial,1.9716941176470593,1.2650181618157494,0.01710948200175603,0.01710948200175603,1.0,0.36363636363636365,0.033594894419889505,0.0014322916666666666,0.004605235576734534,136.0,0.39705882352941174,0.14705882352941174,0.2941176470588235,0.8267631954940025
small_long,nomotor_xlink,r0011,1.05,pulse_01,2.287240540540541,1.3613377869612715,0.03170870870870868,0.03170870870870868,1.0,0.42857142857142855,0.08482224512691862,0.0014756944444444444,0.019071999256615662,148.0,0.43243243243243235,0.13513513513513514,0.27027027027027023,0.7946407041918379
small_long,nomotor_xlink,r0011,1.1,pulse_01,2.382366666666667,1.4185537847311185,0.005892585348506267,0.005892585348506267,1.0,0.375,0.01636567019409442,0.0015190972222222222,0.0022662342010455103,150.0,0.43999999999999995,0.13333333333333333,0.26666666666666666,0.8262823575796401
small_long,nomotor_xlink,r0011,1.15,pulse_01,2.3225960526315785,1.3749351921675446,0.005503102453102408,-0.005503102453102408,1.0,0.3877551020408163,0.08506706554128739,0.0015190972222222222,0.013417316266304454,152.0,0.44000000000000006,0.13333333333333333,0.26666666666666666,0.8421209327560966
small_long,nomotor_xlink,r0011,1.2,pulse_01,2.3493480519480525,1.3380498871332918,0.027701290806129375,0.027701290806129375,1.0,0.44,0.015087968949427885,0.0014756944444444444,0.008345396210617806,154.0,0.4545454545454545,0.12987012987012986,0.2597402597402597,0.8157889342138924
small_long,nomotor_xlink,r0011,1.25,pulse_01,2.488803797468355,1.4250075694312514,0.03215615800865786,0.03215615800865786,1.0,0.46153846153846156,0.05998360935315723,0.0016493055555555556,0.016817929786702785,158.0,0.481012658227848,0.12658227848101264,0.24050632911392394,0.8333946870220975
small_long,nomotor_xlink,r0011,1.3,pulse_01,2.5422849999999997,1.4389574658535085,0.008615827993957362,0.008615827993957362,1.0,0.46153846153846156,0.04014179648893978,0.0016927083333333334,0.004224519920079957,160.0,0.475,0.125,0.2375,0.8324699073576102
small_long,nomotor_xlink,r0011,1.35,pulse_01,2.540498765432099,1.3996604499107717,0.02285904761904763,0.02285904761904763,1.0,0.4444444444444444,0.06757927069216685,0.001540798611111111,0.018237824641461692,162.0,0.48148148148148157,0.1358024691358025,0.23456790123456797,0.8531907565615224
small_long,nomotor_xlink,r0011,1.4,pulse_01,2.6794392857142855,1.3295305180047383,0.055297364852225916,0.055297364852225916,1.0,0.5,0.043421698622414046,0.001736111111111111,0.00021818915875826406,168.0,0.5,0.13095238095238096,0.2261904761904762,0.8241730107778169
small_long,nomotor_xlink,r0011,1.45,pulse_01,2.8722829545454545,1.398351314958222,0.0354485085607276,0.0354485085607276,1.0,0.5081967213114754,0.04263227517351424,0.0018012152777777779,0.006047327962833989,176.0,0.5172413793103448,0.12643678160919541,0.2183908045977012,0.8315497682099797
small_long,nomotor_xlink,r0011,1.5,pulse_01,2.892130337078651,1.3658144857817422,0.004754010942760845,-0.004754010942760845,1.0,0.5161290322580645,0.030667347074118383,0.0017578125,0.007851317197748195,178.0,0.5280898876404494,0.12359550561797752,0.22471910112359547,0.801455438113255
small_long,nomotor_xlink,r0011,1.55,pulse_01,2.8437588888888894,1.351243411771733,0.01138561173533074,-0.01138561173533074,1.0,0.5,0.055472128395961336,0.0017144097222222222,0.004733472741171492,180.0,0.5333333333333333,0.12222222222222223,0.22222222222222227,0.8289271196797636
small_long,nomotor_xlink,r0011,1.6,pulse_01,2.8238166666666666,1.3942153222287712,0.005074434269434214,0.005074434269434214,1.0,0.5,0.07199201596041817,0.001736111111111111,0.012830823156149215,180.0,0.5333333333333332,0.11111111111111112,0.22222222222222227,0.8358837807922608
small_long,nomotor_xlink,r0011,1.65,pulse_01,2.8742054945054947,1.4282283507086282,0.02283925120772941,0.02283925120772941,1.0,0.53125,0.08984270651110991,0.0017795138888888889,0.0020720881755456797,182.0,0.5384615384615385,0.1208791208791209,0.21978021978021983,0.8470698901727858
small_long,nomotor_xlink,r0011,1.7000000000000002,pulse_01,2.960852173913043,1.3817827931754971,0.010484953814301626,0.010484953814301626,1.0,0.5384615384615384,0.08725759610636016,0.0017795138888888889,0.00818832878729329,184.0,0.5434782608695653,0.11956521739130437,0.2065217391304348,0.8369926111256898
small_long,nomotor_xlink,r0011,1.75,pulse_01,2.9371152173913044,1.3790983779848685,0.00970869565217384,-0.00970869565217384,1.0,0.5454545454545454,0.08479397772648979,0.0018229166666666667,0.003458847002394738,184.0,0.5543478260869567,0.11956521739130437,0.2065217391304348,0.8435866419513025
small_long,nomotor_xlink,r0011,1.8,pulse_01,2.9026,1.3610297111611287,0.012189311594202964,-0.012189311594202964,1.0,0.5454545454545454,0.10589599586893829,0.0018229166666666667,0.006843368970638715,184.0,0.5543478260869567,0.11956521739130437,0.2065217391304348,0.8297552329290901
small_long,nomotor_xlink,r0011,1.85,pulse_01,2.8639793478260867,1.3380381641610362,0.017070833333333296,-0.017070833333333296,1.0,0.5692307692307692,0.10915116521826825,0.0018229166666666667,0.00246464212500741,184.0,0.5326086956521741,0.11956521739130437,0.2173913043478261,0.8508746478961349
small_long,nomotor_xlink,r0011,1.9,pulse_01,2.8001750000000003,1.3758175639111732,0.024888606864150287,0.024888606864150287,1.0,0.5757575757575758,0.11905634349029014,0.0017578125,0.011040201779235112,184.0,0.5434782608695653,0.13043478260869568,0.2173913043478261,0.8700371545892722
small_long,nomotor_xlink,r0011,1.9500000000000002,pulse_01,3.0133109890109884,1.2717969534856255,0.026075412087912014,0.026075412087912014,1.0,0.6307692307692307,0.07764821956999869,0.0017795138888888889,0.015206503654091411,182.0,0.5604395604395604,0.09890109890109891,0.19780219780219785,0.8494479126975129
small_long,nomotor_xlink,r0011,2.0,pulse_01,2.9566274725274724,1.2845785419866247,0.01889450549450533,-0.01889450549450533,1.0,0.625,0.07900590295393337,0.0016276041666666667,0.004260529500333066,182.0,0.5494505494505495,0.10989010989010992,0.2087912087912088,0.8238051870869215
small_long,nomotor_xlink,r0011,2.05,pulse_02,2.9955597826086957,1.2153627415756023,0.0034102501168772705,-0.0034102501168772705,1.0,0.625,0.10353633613093492,0.0018012152777777779,0.012468789760661384,184.0,0.5543478260869567,0.10869565217391305,0.2065217391304348,0.8412297496834646
small_long,nomotor_xlink,r0011,2.1,pulse_02,2.985329032258064,1.1779563722936182,0.0020233695652173513,0.0020233695652173513,1.0,0.6307692307692307,0.10035799812628604,0.001736111111111111,0.0030367963537664133,186.0,0.5591397849462364,0.1075268817204301,0.20430107526881716,0.830406056858674
small_long,nomotor_xlink,r0011,2.15,pulse_02,3.0077,1.2335835196982008,8.315412186391906e-05,8.315412186391906e-05,1.0,0.6363636363636364,0.07533839122348472,0.0018880208333333333,0.004618018672453557,186.0,0.5591397849462365,0.1075268817204301,0.20430107526881716,0.8301008470858813
small_long,nomotor_xlink,r0011,2.2,pulse_02,2.9858279569892474,1.2056644843283395,0.0013263440860214655,0.0013263440860214655,1.0,0.6417910447761194,0.06627056844468389,0.001974826388888889,0.006821453802440443,186.0,0.5591397849462365,0.1075268817204301,0.20430107526881716,0.8448420383415921
small_long,nomotor_xlink,r0011,2.25,pulse_02,3.0156580645161286,1.1926547968835581,0.018687007168458687,0.018687007168458687,1.0,0.6417910447761194,0.1083345487229901,0.0018880208333333333,0.0019576870742716488,186.0,0.5698924731182796,0.11827956989247312,0.20430107526881716,0.8593266226496629
small_long,nomotor_xlink,r0011,2.3,pulse_02,3.0979499999999995,1.2174106067739694,0.005293691374971414,0.005293691374971414,1.0,0.6470588235294118,0.11017703348608544,0.0019314236111111112,0.002204331401920704,188.0,0.574468085106383,0.10638297872340427,0.20212765957446815,0.8499558019913614
small_long,nomotor_xlink,r0011,2.35,pulse_02,3.047420212765957,1.179428808472034,0.021695212765957466,-0.021695212765957466,1.0,0.6417910447761194,0.007037920142780505,0.0019097222222222222,0.007695909826803756,188.0,0.574468085106383,0.10638297872340427,0.20212765957446815,0.8441201008122048
small_long,nomotor_xlink,r0011,2.4,pulse_02,2.9677787234042547,1.1712351478131469,0.0175994680851063,-0.0175994680851063,1.0,0.6470588235294118,0.06305267870329674,0.0019965277777777776,0.006028471843824712,188.0,0.574468085106383,0.11702127659574471,0.223404255319149,0.8347076360928065
small_long,nomotor_xlink,r0011,2.45,pulse_02,2.9418234042553193,1.1432579774090856,0.0001931952220979305,0.0001931952220979305,1.0,0.6176470588235294,0.05235463993081665,0.001953125,0.01228968450123095,188.0,0.5744680851063829,0.12765957446808512,0.22340425531914895,0.8547642881219915
small_long,nomotor_xlink,r0011,2.5,pulse_02,2.9689378947368423,1.0974970408057612,0.006385748413587189,0.006385748413587189,1.0,0.6176470588235294,0.025840910253772335,0.0019314236111111112,0.007104568419709301,190.0,0.5638297872340426,0.12765957446808512,0.23404255319148942,0.8568548981931712
small_long,nomotor_xlink,r0011,2.55,pulse_02,2.9801378947368424,1.1006305668908298,0.003328245614035108,0.003328245614035108,1.0,0.6,0.023459599580699517,0.0019314236111111112,0.002553194029510412,190.0,0.5684210526315789,0.12631578947368421,0.23157894736842097,0.8628661383297385
small_long,nomotor_xlink,r0011,2.6,pulse_02,2.988907368421053,1.0821778766286987,0.002771052631578952,-0.002771052631578952,1.0,0.6056338028169014,0.10111481762324483,0.0017578125,0.006991107311007568,190.0,0.5789473684210527,0.12631578947368421,0.21052631578947367,0.827051323472989
small_long,nomotor_xlink,r0011,2.65,pulse_02,2.9635115789473687,1.0586839230247844,0.0018041794590644145,-0.0018041794590644145,1.0,0.6,0.05584333977807848,0.0018880208333333333,0.002110944042958973,190.0,0.5638297872340426,0.12765957446808512,0.23404255319148942,0.852077974601658
small_long,nomotor_xlink,r0011,2.7,pulse_02,2.9780822916666665,1.0695122123709448,0.0005630007309941713,0.0005630007309941713,1.0,0.6056338028169014,0.02622819641433948,0.0018012152777777779,0.004084433936727601,192.0,0.5578947368421052,0.12631578947368421,0.23157894736842097,0.8338196309714195
small_long,nomotor_xlink,r0011,2.75,pulse_02,2.9668895833333337,1.0341773194044188,0.00040520833333324013,-0.00040520833333324013,1.0,0.6338028169014085,0.014532657118618564,0.001953125,0.0002656642152626028,192.0,0.5625000000000001,0.12500000000000003,0.22916666666666669,0.8508872253127098
small_long,nomotor_xlink,r0011,2.8,pulse_02,2.975651041666667,1.0711061976625205,0.0036359374999999825,0.0036359374999999825,1.0,0.6176470588235294,0.056300808768733036,0.0018446180555555555,0.0034144192895476655,192.0,0.5729166666666667,0.125,0.22916666666666669,0.855755562152286
small_long,nomotor_xlink,r0011,2.85,pulse_02,2.9887052083333336,1.0546638351417048,0.0054774305555554586,0.0054774305555554586,1.0,0.6470588235294118,0.047932724785151606,0.0017795138888888889,0.010935433045287843,192.0,0.5729166666666667,0.125,0.20833333333333334,0.8321940589148911
small_long,nomotor_xlink,r0011,2.9,pulse_02,3.008515625,1.0054935993907934,0.0003559027777778982,-0.0003559027777778982,1.0,0.6417910447761194,0.02064670010136397,0.001953125,0.010840906668493596,192.0,0.5684210526315789,0.12631578947368421,0.2210526315789473,0.8518236469848112
small_long,nomotor_xlink,r0011,2.95,pulse_02,2.9865697916666663,0.9896183951307432,0.007961111111111085,-0.007961111111111085,1.0,0.6470588235294118,0.06869720322289181,0.0018446180555555555,0.0015287882036517098,192.0,0.5729166666666666,0.125,0.21875,0.8520240685179806
small_long,nomotor_xlink,r0011,3.0,pulse_02,2.9607489583333333,0.9963208701688832,0.00860694444444432,-0.00860694444444432,1.0,0.6417910447761194,0.06214163498741377,0.0018229166666666667,0.0022341583460466405,192.0,0.5729166666666667,0.125,0.22916666666666669,0.8464435882022855
small_long,nomotor_xlink,r0011,3.05,pulse_03,3.030969999999999,0.9402218226671241,0.013755666666666352,-0.013755666666666352,1.0,0.6438356164383562,0.11740345405865417,0.0020616319444444445,0.0033224024495914772,200.0,0.5858585858585859,0.12121212121212122,0.21212121212121215,0.8654518345181328
small_long,nomotor_xlink,r0011,3.1,pulse_03,2.989703,0.9302546153183496,0.0033081666666664087,-0.0033081666666664087,1.0,0.6438356164383562,0.06733484280975335,0.0019965277777777776,0.007282514482379358,200.0,0.5900000000000001,0.12,0.22999999999999998,0.8532079018013442
small_long,nomotor_xlink,r0011,3.15,pulse_03,3.0111210000000006,0.8965267357728479,0.004065333333333365,-0.004065333333333365,1.0,0.6712328767123288,0.07144717091881514,0.001974826388888889,0.0024656486656860674,200.0,0.5900000000000001,0.12000000000000002,0.22000000000000006,0.8481156563652135
small_long,nomotor_xlink,r0011,3.2,pulse_03,2.965311,0.945048507312466,0.013120500000000016,-0.013120500000000016,1.0,0.6712328767123288,0.01979994315576893,0.0020399305555555557,0.011257108419577907,200.0,0.58,0.12,0.22000000000000006,0.8533405401955931
small_long,nomotor_xlink,r0011,3.25,pulse_03,2.9323980000000005,0.9640693862903154,0.007315666666666498,-0.007315666666666498,1.0,0.6712328767123288,0.058284765587912186,0.0020833333333333333,0.010588997036232117,200.0,0.5800000000000001,0.12000000000000002,0.23000000000000007,0.8531163847671395
small_long,nomotor_xlink,r0011,3.3,pulse_03,2.921417000000001,1.0085824895298587,0.01094033333333333,-0.01094033333333333,1.0,0.6388888888888888,0.08417642693550767,0.0019965277777777776,0.008613199902237856,200.0,0.5700000000000001,0.11000000000000001,0.23000000000000007,0.8476308256587323
small_long,nomotor_xlink,r0011,3.35,pulse_03,2.8667560000000005,1.0157485857037425,0.012868333333333556,-0.012868333333333556,1.0,0.6438356164383562,0.03884591144269449,0.0020833333333333333,0.005611696435254017,200.0,0.5800000000000001,0.12,0.23000000000000007,0.8642086888049284
small_long,nomotor_xlink,r0011,3.4,pulse_03,2.8442069999999995,1.0422526681413828,0.00619666666666685,-0.00619666666666685,1.0,0.6266666666666667,0.02764281186299418,0.0020616319444444445,0.0026316919224370996,200.0,0.58,0.12,0.23000000000000004,0.8209038577169355
small_long,nomotor_xlink,r0011,3.45,pulse_03,2.8295759999999994,1.031538737238365,0.004878999999999856,-0.004878999999999856,1.0,0.6266666666666667,0.04700089368025933,0.0020833333333333333,0.010482484279336957,200.0,0.5700000000000001,0.12000000000000002,0.24000000000000007,0.8615963774505194
small_long,nomotor_xlink,r0011,3.5,pulse_03,2.8149330000000004,0.9793577624653611,0.008303663299663441,0.008303663299663441,1.0,0.6164383561643836,0.11140653467990291,0.0019314236111111112,0.0045586832735997245,200.0,0.5599999999999999,0.12,0.2500000000000001,0.8603105213317757
small_long,nomotor_xlink,r0011,3.55,pulse_03,2.87939797979798,1.0041866375967667,0.014137765993265994,0.014137765993265994,1.0,0.6338028169014085,0.09984203235541222,0.001974826388888889,0.003113904932269799,198.0,0.5656565656565656,0.11111111111111112,0.24242424242424243,0.8408971443877576
small_long,nomotor_xlink,r0011,3.6,pulse_03,2.8997595959595963,0.9980411920589799,0.0045052188552188914,-0.0045052188552188914,1.0,0.6438356164383562,0.05753215117315489,0.0019097222222222222,0.001852201769591148,198.0,0.5656565656565659,0.11111111111111112,0.2424242424242425,0.854885472911152
small_long,nomotor_xlink,r0011,3.65,pulse_03,2.8523666666666667,1.0152998482143136,0.009718468700611474,0.009718468700611474,1.0,0.6338028169014085,0.1468754284196268,0.0019314236111111112,0.005371559815356901,198.0,0.5656565656565656,0.11111111111111112,0.25252525252525254,0.8536380605864441
small_long,nomotor_xlink,r0011,3.7,pulse_03,2.958070408163265,0.9658118331668385,0.011246712018140537,0.011246712018140537,1.0,0.6619718309859155,0.040770264058080895,0.002018229166666667,0.0028293263034003813,196.0,0.5714285714285715,0.10204081632653061,0.23469387755102042,0.826547416597383
small_long,nomotor_xlink,r0011,3.75,pulse_03,2.91984693877551,0.9983238903939113,0.007561394557823231,-0.007561394557823231,1.0,0.6571428571428571,0.12734180705354994,0.0019965277777777776,0.005707563154716266,196.0,0.5714285714285714,0.10204081632653061,0.24489795918367338,0.8581988952578178
small_long,nomotor_xlink,r0011,3.8,pulse_03,2.9127020408163258,1.000057212095136,0.0029982993197279484,0.0029982993197279484,1.0,0.6857142857142857,0.06334279365996366,0.0019314236111111112,0.0018712557882957597,196.0,0.5714285714285713,0.10204081632653061,0.26530612244897955,0.8412295944043563
small_long,nomotor_xlink,r0011,3.85,pulse_03,2.9378367346938776,0.9870963556641368,0.005288605442176945,0.005288605442176945,1.0,0.6811594202898551,0.08874225795742209,0.0018446180555555555,0.0035724598645400043,196.0,0.5714285714285714,0.10204081632653061,0.26530612244897955,0.8542470186503769
small_long,nomotor_xlink,r0011,3.9,pulse_03,2.9444336734693874,0.9786224529078961,0.006441836734693969,-0.006441836734693969,1.0,0.6619718309859155,0.07995259242694401,0.002018229166666667,0.007695167038309507,196.0,0.5714285714285713,0.10204081632653059,0.24489795918367338,0.8387690579384123
small_long,nomotor_xlink,r0011,3.95,pulse_03,2.899185714285714,0.9409253534342797,0.011566496598639434,-0.011566496598639434,1.0,0.6438356164383562,0.15042303902047924,0.0019314236111111112,0.011689699212171,196.0,0.5714285714285712,0.10204081632653059,0.24489795918367338,0.8587917006161406
small_long,nomotor_xlink,r0011,4.0,pulse_03,2.875034693877551,0.9084842576348701,0.008050340136054324,-0.008050340136054324,1.0,0.6712328767123288,0.10341102821229264,0.001953125,0.010813698599803226,196.0,0.5714285714285713,0.10204081632653059,0.24489795918367335,0.8274998683167197
small_long,nomotor_xlink,r0011,4.05,pulse_04,2.966838613861386,0.9123216194132426,0.0034019801980198494,0.0034019801980198494,1.0,0.6756756756756757,0.0738208677938732,0.001953125,0.009233159687350575,202.0,0.5800000000000001,0.09999999999999999,0.23000000000000004,0.8506617790832787
small_long,nomotor_xlink,r0011,4.1,pulse_04,2.9770445544554454,0.8846221403511909,0.006042064356435691,0.006042064356435691,1.0,0.6756756756756757,0.11240103724088904,0.0019965277777777776,0.0038006841311221673,202.0,0.5841584158415841,0.09900990099009901,0.25742574257425743,0.8315851970480534
small_long,nomotor_xlink,r0011,4.15,pulse_04,3.003091,0.9351257241999756,0.0011097590759074905,-0.0011097590759074905,1.0,0.6986301369863014,0.16845230087771584,0.002105034722222222,0.004345139688607835,200.0,0.5900000000000001,0.09,0.25,0.8532079018013442
small_long,nomotor_xlink,r0011,4.2,pulse_04,2.9703860000000004,0.8585513022195439,0.004890999999999905,-0.004890999999999905,1.0,0.6986301369863014,0.1320993346499274,0.0020616319444444445,0.017057027495957444,200.0,0.58,0.09,0.26,0.8419211111218713
small_long,nomotor_xlink,r0011,4.25,pulse_04,2.9737450000000005,0.832783559224231,0.00746233333333346,-0.00746233333333346,1.0,0.6944444444444444,0.09419291228938946,0.0020399305555555557,0.006734775950466028,200.0,0.5800000000000001,0.09,0.26000000000000006,0.8317354864766972
small_long,nomotor_xlink,r0011,4.3,pulse_04,2.9256119999999997,0.8181426465167477,0.010256978114478121,0.010256978114478121,1.0,0.6901408450704225,0.16075276397218527,0.001974826388888889,0.010607030756225969,200.0,0.58,0.09,0.25999999999999995,0.8521464622326155
small_long,nomotor_xlink,r0011,4.35,pulse_04,3.0352868686868693,0.7691413746868752,0.022795306397306463,0.022795306397306463,1.0,0.6338028169014085,0.13296432070368275,0.0019097222222222222,0.007258810266671319,198.0,0.5858585858585859,0.0808080808080808,0.2525252525252525,0.8372787263181282
small_long,nomotor_xlink,r0011,4.4,pulse_04,3.0623838383838384,0.8616955081167756,0.009656734006733872,0.009656734006733872,1.0,0.6571428571428571,0.09374379546269625,0.001953125,0.015453914866842814,198.0,0.5858585858585859,0.0808080808080808,0.24242424242424243,0.8399130404246941
small_long,nomotor_xlink,r0011,4.45,pulse_04,3.0932272727272725,0.861864863887932,0.005796969696969745,0.005796969696969745,1.0,0.6619718309859155,0.1303074416610471,0.001953125,0.005377194119906004,198.0,0.5858585858585859,0.0808080808080808,0.24242424242424243,0.8436698209015537
small_long,nomotor_xlink,r0011,4.5,pulse_04,3.097165656565657,0.8939586728362117,0.0028422558922558405,-0.0028422558922558405,1.0,0.6571428571428571,0.18844044280819044,0.001953125,0.00824440225151496,198.0,0.5858585858585859,0.0808080808080808,0.23232323232323232,0.8587974315730631
small_long,nomotor_xlink,r0011,4.55,pulse_04,3.0761737373737374,0.8123984503788423,0.007743602693602784,-0.007743602693602784,1.0,0.6388888888888888,0.1678237415820108,0.0019965277777777776,0.01643031357429192,198.0,0.585858585858586,0.0808080808080808,0.25252525252525254,0.8443560000411144
small_long,nomotor_xlink,r0011,4.6,pulse_04,3.05070404040404,0.7953767913904601,0.005799158249158258,-0.005799158249158258,1.0,0.6388888888888888,0.14936144418155126,0.0019314236111111112,0.001957650834113441,198.0,0.5757575757575759,0.0808080808080808,0.2525252525252525,0.8536380605864442
small_long,nomotor_xlink,r0011,4.65,pulse_04,3.041378787878788,0.8006525453741616,0.011594276094276138,-0.011594276094276138,1.0,0.6111111111111112,0.1285918396957654,0.001953125,0.009656026216386634,198.0,0.5858585858585859,0.0808080808080808,0.25252525252525254,0.8379951376883267
small_long,nomotor_xlink,r0011,4.7,pulse_04,2.9811383838383834,0.7374406340921403,0.010475757575757472,-0.010475757575757472,1.0,0.6111111111111112,0.07407658523054542,0.0020833333333333333,0.022497198416719988,198.0,0.5757575757575759,0.0808080808080808,0.25252525252525254,0.8492363739381883
small_long,nomotor_xlink,r0011,4.75,pulse_04,2.978524242424243,0.6656693548738417,0.0005089225589226162,-0.0005089225589226162,1.0,0.6111111111111112,0.10532088282956181,0.0020399305555555557,0.004992080646801751,198.0,0.5757575757575759,0.0808080808080808,0.25252525252525254,0.8295588186988304
small_long,nomotor_xlink,r0011,4.8,pulse_04,2.9780848484848477,0.7074881502113298,0.002358754208754051,0.002358754208754051,1.0,0.6056338028169014,0.11776141110081909,0.002018229166666667,0.001783062642450206,198.0,0.5757575757575758,0.0808080808080808,0.25252525252525254,0.845072411411313
small_long,nomotor_xlink,r0011,4.85,pulse_04,2.9926767676767674,0.676367730728543,0.004818013468013582,0.004818013468013582,1.0,0.6338028169014085,0.12305109732194719,0.0020399305555555557,0.0005037872895976755,198.0,0.5858585858585859,0.09090909090909091,0.25252525252525254,0.8410267383325456
small_long,nomotor_xlink,r0011,4.9,pulse_04,3.006992929292929,0.7105108739489159,0.00469393939393951,0.00469393939393951,1.0,0.6231884057971014,0.15563528578582955,0.001974826388888889,0.012446796022652418,198.0,0.5656565656565657,0.09090909090909091,0.23232323232323235,0.8601631333458789
small_long,nomotor_xlink,r0011,4.95,pulse_04,3.0208404040404044,0.7510485068644575,0.003390909090909148,-0.003390909090909148,1.0,0.6231884057971014,0.11137547182264476,0.0019314236111111112,0.013539215033178306,198.0,0.5656565656565657,0.09090909090909091,0.23232323232323235,0.8446751248736597
small_long,nomotor_xlink,r0011,5.0,pulse_04,2.9866474747474743,0.7917461641479857,0.011397643097643387,-0.011397643097643387,1.0,0.6231884057971014,0.1775117397897625,0.001974826388888889,0.013565885761176085,198.0,0.5555555555555557,0.09090909090909091,0.23232323232323232,0.8450355226743697
small_long,nomotor_xlink,r0011,5.05,pulse_05,3.0208059999999994,0.6633373965198424,0.0007269999999997742,-0.0007269999999997742,1.0,0.6285714285714286,0.1475850300221804,0.0019097222222222222,0.0012304389898036099,200.0,0.57,0.09,0.2500000000000001,0.8663770296913393
small_long,nomotor_xlink,r0011,5.1,pulse_05,3.018625,0.6596460795504315,0.003913000000000129,0.003913000000000129,1.0,0.6285714285714286,0.18681726062643086,0.0020399305555555557,0.003047463781522338,200.0,0.5510204081632653,0.09183673469387754,0.2551020408163264,0.8513829390625269
small_long,nomotor_xlink,r0011,5.15,pulse_05,3.044284,0.6450526138307083,0.004537333333333393,-0.004537333333333393,1.0,0.6285714285714286,0.18366057786222642,0.0020399305555555557,0.010878351222495272,200.0,0.56,0.09,0.23000000000000004,0.8438750931370671
small_long,nomotor_xlink,r0011,5.2,pulse_05,2.9914009999999998,0.5943759722154599,0.008501824915824852,0.008501824915824852,1.0,0.6571428571428571,0.23888646376045963,0.0019965277777777776,0.016698555648016384,200.0,0.56,0.09,0.23000000000000007,0.8494015124839572
small_long,nomotor_xlink,r0011,5.25,pulse_05,3.0952949494949493,0.54486127994261,0.015960439393939502,0.015960439393939502,1.0,0.6811594202898551,0.1592689770538703,0.001953125,0.009275232896175304,198.0,0.5656565656565656,0.0808080808080808,0.22222222222222224,0.8642456951615896
small_long,nomotor_xlink,r0011,5.3,pulse_05,3.0871636363636368,0.5387245748384081,0.0036772022950594487,0.0036772022950594487,1.0,0.6716417910447762,0.13346376547385191,0.0019314236111111112,0.002402977243293932,198.0,0.5656565656565657,0.0707070707070707,0.22222222222222224,0.8502573666381954
small_long,nomotor_xlink,r0011,5.35,pulse_05,3.117358163265306,0.5592791434023736,0.00942595856524416,0.00942595856524416,1.0,0.7014925373134329,0.2222963009225208,0.0020399305555555557,0.0025395799729389843,196.0,0.5612244897959184,0.061224489795918366,0.23469387755102042,0.8317480143780357
small_long,nomotor_xlink,r0011,5.4,pulse_05,3.1437193877551017,0.553962054676042,0.00045731292517000216,-0.00045731292517000216,1.0,0.7058823529411765,0.1768208989531768,0.0019965277777777776,0.009087506000016085,196.0,0.5612244897959183,0.0816326530612245,0.21428571428571422,0.8452490104366377
small_long,nomotor_xlink,r0011,5.45,pulse_05,3.114614285714286,0.5047541074022771,0.0028960884353741445,-0.0028960884353741445,1.0,0.696969696969697,0.23066365420413537,0.001974826388888889,0.008201405478399074,196.0,0.5612244897959183,0.0816326530612245,0.21428571428571422,0.8472023324260518
small_long,nomotor_xlink,r0011,5.5,pulse_05,3.126342857142857,0.5047536218056475,0.0016790816326530678,0.0016790816326530678,1.0,0.6764705882352942,0.23970517316719261,0.0020399305555555557,0.006284333229098937,196.0,0.5612244897959183,0.07142857142857144,0.21428571428571427,0.8381062440646849
small_long,nomotor_xlink,r0011,5.55,pulse_05,3.1246887755102044,0.4670481080276835,0.0031426870748299716,-0.0031426870748299716,1.0,0.7014925373134329,0.18271449946948093,0.0019965277777777776,0.00872108266587901,196.0,0.5612244897959184,0.07142857142857142,0.2142857142857142,0.8388299657549873
small_long,nomotor_xlink,r0011,5.6,pulse_05,3.107486734693877,0.4524271258103735,0.0019389455782313398,0.0019389455782313398,1.0,0.6764705882352942,0.2246703960745533,0.002018229166666667,0.009606928138317677,196.0,0.5612244897959183,0.07142857142857142,0.21428571428571425,0.8388975051798279
small_long,nomotor_xlink,r0011,5.65,pulse_05,3.1363224489795924,0.4094065391977774,0.0002819727891156069,-0.0002819727891156069,1.0,0.6716417910447762,0.15393895170904584,0.0020616319444444445,0.004135102124857949,196.0,0.5510204081632655,0.07142857142857144,0.21428571428571422,0.8406784831669343
small_long,nomotor_xlink,r0011,5.7,pulse_05,3.1057948979591834,0.4276165130612258,0.004861224489795942,-0.004861224489795942,1.0,0.6764705882352942,0.1689973590812092,0.0019965277777777776,0.0014219785040578414,196.0,0.5612244897959184,0.07142857142857144,0.21428571428571422,0.8569129089319795
small_long,nomotor_xlink,r0011,5.75,pulse_05,3.107155102040817,0.40087466817343037,0.00904608843537417,-0.00904608843537417,1.0,0.6811594202898551,0.17628431986303167,0.0020616319444444445,0.0024771734617560492,196.0,0.5612244897959183,0.07142857142857144,0.21428571428571427,0.8402512973810797
small_long,nomotor_xlink,r0011,5.8,pulse_05,3.0515183673469384,0.4127534722906895,0.0002549319727892148,-0.0002549319727892148,1.0,0.6716417910447762,0.15199695448342862,0.001974826388888889,0.0031708473327192364,196.0,0.5612244897959182,0.0816326530612245,0.21428571428571422,0.856886797177467
small_long,nomotor_xlink,r0011,5.85,pulse_05,3.1056255102040815,0.4198997521697458,0.014066496598639455,0.014066496598639455,1.0,0.6764705882352942,0.25423602282364205,0.0019965277777777776,0.02040594898549386,196.0,0.5612244897959183,0.0816326530612245,0.21428571428571427,0.8468687978195503
small_long,nomotor_xlink,r0011,5.9,pulse_05,3.135917346938775,0.5351891662036526,0.002335204081632606,0.002335204081632606,1.0,0.6716417910447762,0.20319620100859978,0.0020399305555555557,0.021923340818478992,196.0,0.5612244897959182,0.08163265306122448,0.21428571428571425,0.8402771426850194
small_long,nomotor_xlink,r0011,5.95,pulse_05,3.119636734693877,0.5514397970806197,0.0031372448979590426,-0.0031372448979590426,1.0,0.6716417910447762,0.14754101096430894,0.001953125,0.009974429444275032,196.0,0.5714285714285714,0.0816326530612245,0.21428571428571427,0.8268134117790439
small_long,nomotor_xlink,r0011,6.0,pulse_05,3.117093877551021,0.47534258953800246,0.0008476190476187639,-0.0008476190476187639,1.0,0.6666666666666666,0.1475646796833025,0.0019965277777777776,0.025365735847539095,196.0,0.5612244897959184,0.0816326530612245,0.21428571428571427,0.844072257656541
small_long,nomotor_xlink,r0011,6.05,pulse_06,3.238286915887851,0.5083226745930987,0.00352024922118351,0.00352024922118351,1.0,0.7142857142857143,0.11939618520559366,0.0021484375,0.025349294374040248,214.0,0.5981308411214953,0.07476635514018692,0.19626168224299068,0.8559928552410522
small_long,nomotor_xlink,r0011,6.1,pulse_06,3.2488476635514014,0.4322747914709779,0.00370934579439249,0.00370934579439249,1.0,0.7142857142857143,0.24357055407298936,0.002105034722222222,0.0032449712733131075,214.0,0.6074766355140186,0.07476635514018691,0.19626168224299065,0.826670198315885
small_long,nomotor_xlink,r0011,6.15,pulse_06,3.260542990654206,0.48885284695322,0.006710747663551213,-0.006710747663551213,1.0,0.7142857142857143,0.19943690745808323,0.002170138888888889,0.009291764160655006,214.0,0.6074766355140186,0.07476635514018692,0.19626168224299068,0.8474564238077025
small_long,nomotor_xlink,r0011,6.2,pulse_06,3.208583177570094,0.48802537643490795,0.014369937694704108,-0.014369937694704108,1.0,0.7105263157894737,0.15821135102770462,0.002191840277777778,0.004764895614630051,214.0,0.6074766355140185,0.07476635514018691,0.19626168224299065,0.8397984901558411
small_long,nomotor_xlink,r0011,6.25,pulse_06,3.174323364485981,0.5174422206410003,0.0014026479750777199,0.0014026479750777199,1.0,0.7105263157894737,0.18833300921067614,0.0022352430555555554,0.0015189656319412326,214.0,0.5981308411214954,0.07476635514018692,0.19626168224299068,0.8586305466772344
small_long,nomotor_xlink,r0011,6.3,pulse_06,3.2169990654205605,0.47891158264326056,0.012942367601246193,0.012942367601246193,1.0,0.7142857142857143,0.134462408201245,0.002126736111111111,0.011727181020559899,214.0,0.607476635514019,0.07476635514018692,0.19626168224299068,0.8413955355556453
small_long,nomotor_xlink,r0011,6.35,pulse_06,3.2519775700934583,0.4470791345176409,0.0039207165109034214,0.0039207165109034214,1.0,0.7142857142857143,0.10482618183710256,0.0020833333333333333,0.002041625086058152,214.0,0.6074766355140186,0.07476635514018691,0.19626168224299065,0.852287849531242
small_long,nomotor_xlink,r0011,6.4,pulse_06,3.240523364485981,0.46666183212691165,0.002262616822429934,-0.002262616822429934,1.0,0.7215189873417721,0.20074305914611656,0.0022135416666666666,0.00894207471404529,214.0,0.616822429906542,0.07476635514018691,0.19626168224299065,0.8549728837671642
small_long,nomotor_xlink,r0011,6.45,pulse_06,3.2384018691588787,0.3934266862333692,0.0022825545171339576,0.0022825545171339576,1.0,0.717948717948718,0.20719086384016108,0.002191840277777778,0.004095492521534396,214.0,0.6074766355140188,0.07476635514018692,0.19626168224299068,0.8461411873018335
small_long,nomotor_xlink,r0011,6.5,pulse_06,3.2542186915887847,0.44208887699770527,0.011174454828660455,0.011174454828660455,1.0,0.717948717948718,0.17261153688854025,0.0022786458333333335,0.008879226696399492,214.0,0.6074766355140188,0.07476635514018692,0.19626168224299068,0.8576858898800316
small_long,nomotor_xlink,r0011,6.55,pulse_06,3.3054485981308415,0.44670204641176614,0.0027464174454829107,0.0027464174454829107,1.0,0.717948717948718,0.1533776883774854,0.0021484375,0.013771381858545687,214.0,0.6074766355140185,0.07476635514018691,0.19626168224299065,0.8489636387919222
small_long,nomotor_xlink,r0011,6.6,pulse_06,3.270697196261682,0.5247171681489794,0.008103582554517189,-0.008103582554517189,1.0,0.717948717948718,0.19182424241231688,0.002126736111111111,0.009433399483082602,214.0,0.6261682242990655,0.07476635514018692,0.19626168224299068,0.8327074151680722
small_long,nomotor_xlink,r0011,6.65,pulse_06,3.2568271028037383,0.5033024433102617,0.01075342679127722,0.01075342679127722,1.0,0.717948717948718,0.24457643562464618,0.0022352430555555554,0.009352905460466965,214.0,0.6168224299065421,0.07476635514018692,0.19626168224299068,0.851171888818179
small_long,nomotor_xlink,r0011,6.7,pulse_06,3.3352177570093455,0.4685997353861776,0.015190809968847363,0.015190809968847363,1.0,0.717948717948718,0.17830892044017252,0.0022352430555555554,0.004501614348534762,214.0,0.6168224299065421,0.07476635514018692,0.19626168224299068,0.8415772987721722
small_long,nomotor_xlink,r0011,6.75,pulse_06,3.3479719626168225,0.4762927572190532,0.0028292834890964644,0.0028292834890964644,1.0,0.717948717948718,0.2195083530427139,0.002191840277777778,0.004422373515911275,214.0,0.616822429906542,0.07476635514018692,0.19626168224299068,0.8423020052140788
small_long,nomotor_xlink,r0011,6.8,pulse_06,3.3521934579439243,0.44206549429070996,0.0034908099688473935,-0.0034908099688473935,1.0,0.717948717948718,0.1655945496859962,0.002191840277777778,0.002979253594235528,214.0,0.6074766355140186,0.07476635514018691,0.19626168224299065,0.8582629638059477
small_long,nomotor_xlink,r0011,6.85,pulse_06,3.327027102803738,0.45841723565364,0.009407320872274028,-0.009407320872274028,1.0,0.7142857142857143,0.1967389562394558,0.002126736111111111,0.008850049735106141,214.0,0.5981308411214952,0.07476635514018691,0.205607476635514,0.8450150113269462
small_long,nomotor_xlink,r0011,6.9,pulse_06,3.29574953271028,0.4951657927013468,0.010747196261682227,-0.010747196261682227,1.0,0.717948717948718,0.0778707959793574,0.0021484375,0.011785691098457377,214.0,0.6074766355140186,0.07476635514018692,0.20560747663551404,0.8328313762841928
small_long,nomotor_xlink,r0011,6.95,pulse_06,3.262543925233645,0.5291313822443843,0.017052180685358225,-0.017052180685358225,1.0,0.717948717948718,0.22353397044122225,0.002126736111111111,0.0020477851116282217,214.0,0.607476635514019,0.07476635514018692,0.19626168224299068,0.8470135262597307
small_long,nomotor_xlink,r0011,7.0,pulse_06,3.193436448598131,0.4828790820315775,0.023035825545171324,-0.023035825545171324,1.0,0.717948717948718,0.15758622856942883,0.0021484375,0.015417433404268932,214.0,0.607476635514019,0.07476635514018692,0.19626168224299068,0.8313819634003794
small_long,nomotor_xlink,r0011,7.05,pulse_07,3.3138872727272735,0.5399719150120407,0.0030342424242422914,0.0030342424242422914,1.0,0.7283950617283951,0.18607779534206187,0.0022352430555555554,0.008779366488727755,220.0,0.6272727272727271,0.07272727272727274,0.1909090909090909,0.8426113661607402
small_long,nomotor_xlink,r0011,7.1,pulse_07,3.3229900000000003,0.5136338155458574,0.002108484848484693,0.002108484848484693,1.0,0.7283950617283951,0.18328301822023668,0.0022569444444444442,0.005469653046459762,220.0,0.6272727272727272,0.07272727272727272,0.1909090909090909,0.8466563188312306
small_long,nomotor_xlink,r0011,7.15,pulse_07,3.3265381818181816,0.5071539967332821,0.002004848484848424,0.002004848484848424,1.0,0.725,0.22167471865486923,0.0021484375,0.0004868891770259953,220.0,0.6272727272727272,0.07272727272727274,0.2,0.836071242011071
small_long,nomotor_xlink,r0011,7.2,pulse_07,3.335019090909091,0.5165551506080134,0.009171212121212116,0.009171212121212116,1.0,0.725,0.1243288524724564,0.002170138888888889,0.009153182244187005,220.0,0.6272727272727271,0.07272727272727272,0.19999999999999998,0.829543969630627
small_long,nomotor_xlink,r0011,7.25,pulse_07,3.3815654545454543,0.5620730901984041,0.0011051515151515219,0.0011051515151515219,1.0,0.7283950617283951,0.1420713161696202,0.0021484375,0.0030459298476220495,220.0,0.6272727272727271,0.07272727272727274,0.1909090909090909,0.8344474068603008
small_long,nomotor_xlink,r0011,7.3,pulse_07,3.34165,0.5348307296937457,0.005659393939394075,-0.005659393939394075,1.0,0.725,0.16058326223860528,0.0021484375,0.0009464257962998879,220.0,0.618181818181818,0.07272727272727272,0.2,0.8225296530467607
small_long,nomotor_xlink,r0011,7.35,pulse_07,3.34760909090909,0.5677516449762035,0.0022580303030301785,0.0022580303030301785,1.0,0.725,0.147316762148198,0.002170138888888889,0.0033669440597865106,220.0,0.6181818181818179,0.07272727272727274,0.2,0.8249107097896818
small_long,nomotor_xlink,r0011,7.4,pulse_07,3.355198181818181,0.5146290653350266,0.014814545454545266,-0.014814545454545266,1.0,0.7215189873417721,0.07244064111098192,0.0022352430555555554,0.0067380483820325505,220.0,0.609090909090909,0.07272727272727274,0.20909090909090908,0.8484135861096342
small_long,nomotor_xlink,r0011,7.45,pulse_07,3.2587218181818183,0.5273233546840081,0.007836818181818103,-0.007836818181818103,1.0,0.725,0.09144433367452878,0.002191840277777778,0.004198228630526694,220.0,0.6090909090909089,0.07272727272727274,0.21818181818181817,0.8431355560355104
small_long,nomotor_xlink,r0011,7.5,pulse_07,3.3081772727272725,0.48943969355186645,0.0004722727272726453,0.0004722727272726453,1.0,0.7283950617283951,0.13588431271819057,0.002191840277777778,0.010404126121742602,220.0,0.609090909090909,0.07272727272727274,0.2181818181818182,0.8398188082852588
small_long,nomotor_xlink,r0011,7.55,pulse_07,3.261555454545454,0.46489859795355254,0.01572454545454538,-0.01572454545454538,1.0,0.7283950617283951,0.20236687585295363,0.002105034722222222,0.008251274624334429,220.0,0.609090909090909,0.07272727272727272,0.21818181818181817,0.8538744130773275
small_long,nomotor_xlink,r0011,7.6,pulse_07,3.21383,0.4399320458058599,0.013269848484848431,-0.013269848484848431,1.0,0.717948717948718,0.08964056641018166,0.002170138888888889,0.00258930926354628,220.0,0.5999999999999999,0.07272727272727272,0.21818181818181817,0.8340398515358396
small_long,nomotor_xlink,r0011,7.65,pulse_07,3.1819363636363636,0.44936274237227486,0.009958939393939437,-0.009958939393939437,1.0,0.7283950617283951,0.10967732830689099,0.002170138888888889,0.004568615282666527,220.0,0.5999999999999999,0.07272727272727274,0.21818181818181817,0.8312742652846944
small_long,nomotor_xlink,r0011,7.7,pulse_07,3.1540763636363636,0.46734373750185904,0.01076606060606052,-0.01076606060606052,1.0,0.7215189873417721,0.06331262454922262,0.002126736111111111,0.004768421300695075,220.0,0.5999999999999999,0.07272727272727272,0.2181818181818182,0.8432189907225707
small_long,nomotor_xlink,r0011,7.75,pulse_07,3.1173400000000004,0.4207522145681044,0.012196752849596834,0.012196752849596834,1.0,0.7283950617283951,0.11059778386105801,0.0022352430555555554,0.028317756176060055,220.0,0.5999999999999999,0.07272727272727272,0.21818181818181817,0.8516701623723008
small_long,nomotor_xlink,r0011,7.8,pulse_07,3.2272568807339446,0.2974372004454987,0.010905412844036752,0.010905412844036752,1.0,0.75,0.09418804243565361,0.0022569444444444442,0.017386708781206312,218.0,0.6055045871559633,0.06422018348623852,0.21100917431192653,0.8392689847991052
small_long,nomotor_xlink,r0011,7.85,pulse_07,3.182772477064221,0.31643196188086653,0.013412538226299656,-0.013412538226299656,1.0,0.7368421052631579,0.04703116331310971,0.0022352430555555554,0.004362112430659639,218.0,0.6055045871559631,0.06422018348623852,0.21100917431192653,0.8463748719816949
small_long,nomotor_xlink,r0011,7.9,pulse_07,3.1467816513761466,0.32360987502945654,0.004049847094801384,-0.004049847094801384,1.0,0.7468354430379747,0.1444717524429098,0.0022569444444444442,0.001244467558056378,218.0,0.6055045871559631,0.06422018348623852,0.21100917431192653,0.853420035644703
small_long,nomotor_xlink,r0011,7.95,pulse_07,3.1584733944954126,0.3238987672292048,0.002155810397553489,0.002155810397553489,1.0,0.7402597402597403,0.10115281992244825,0.0022786458333333335,0.00826557768089467,218.0,0.605504587155963,0.06422018348623852,0.2110091743119266,0.8310341087976609
small_long,nomotor_xlink,r0011,8.0,pulse_07,3.1597165137614676,0.2740164089440885,0.0004143730886849717,0.0004143730886849717,1.0,0.65,0.1080624722611319,0.0022569444444444442,0.016627452761705425,218.0,0.6055045871559633,0.06422018348623854,0.21100917431192662,0.8405093928312957
small_long,nomotor_xlink,r0012,0.0,initial,1.3157333333333332,-1.9962604591337285,0.061497660818713516,0.061497660818713516,1.0,0.2857142857142857,0.0,0.0003255208333333333,0.800221590201081,30.0,0.4666666666666666,0.3333333333333333,0.3333333333333333,0.5968997441345335
small_long,nomotor_xlink,r0012,0.05,initial,1.5002263157894737,0.4044043114695142,0.10500577777777786,0.10500577777777786,1.0,0.06666666666666667,0.4347131292872475,0.00034722222222222224,0.47142001755426327,38.0,0.42105263157894735,0.3157894736842105,0.36842105263157887,0.6386344699047145
small_long,nomotor_xlink,r0012,0.1,initial,1.9457680000000004,0.8322596461918508,0.06631474983755685,0.06631474983755685,1.0,0.2631578947368421,0.26344761348089735,0.0004991319444444444,0.015912849390719176,50.0,0.48,0.24,0.36,0.6966001706561942
small_long,nomotor_xlink,r0012,0.15000000000000002,initial,1.8981148148148148,0.4998814078138293,0.01693981609195394,0.01693981609195394,1.0,0.4,0.3909118975198949,0.0004991319444444444,0.0736855151067497,54.0,0.4814814814814814,0.22222222222222218,0.33333333333333326,0.7052581331117799
small_long,nomotor_xlink,r0012,0.2,initial,2.047406896551724,0.3901465555513526,0.03551321713870729,0.03551321713870729,1.0,0.3333333333333333,0.48849133922186405,0.0005642361111111111,0.005502855261173574,58.0,0.48275862068965536,0.20689655172413796,0.31034482758620696,0.7466155719901321
small_long,nomotor_xlink,r0012,0.25,initial,2.1111941176470586,0.46686427624678783,0.02340475302889089,-0.02340475302889089,1.0,0.391304347826087,0.33675315001083433,0.0006510416666666666,0.026227415695621575,68.0,0.4705882352941176,0.17647058823529413,0.3235294117647059,0.7675140638703725
small_long,nomotor_xlink,r0012,0.30000000000000004,initial,1.9069783783783787,0.547511049725082,0.01706994984040115,-0.01706994984040115,1.0,0.391304347826087,0.30240903153001036,0.0007161458333333333,0.020332883800848144,74.0,0.43243243243243235,0.13513513513513511,0.35135135135135126,0.7812779616005234
small_long,nomotor_xlink,r0012,0.35000000000000003,initial,2.0087744186046517,0.344866973441699,0.019268755118755032,0.019268755118755032,1.0,0.4166666666666667,0.3303002568236089,0.0009114583333333333,0.022590267615940508,86.0,0.4186046511627907,0.11627906976744187,0.32558139534883723,0.7865557757527212
small_long,nomotor_xlink,r0012,0.4,initial,2.022590909090909,0.41196944402943897,0.04306951179284176,0.04306951179284176,1.0,0.46153846153846156,0.40597965850245005,0.0008463541666666667,0.0005555969845688624,88.0,0.40909090909090906,0.11363636363636362,0.3181818181818181,0.7475794984477887
small_long,nomotor_xlink,r0012,0.45,initial,2.2671914893617022,0.34820055534911215,0.04160219542362401,0.04160219542362401,1.0,0.48148148148148145,0.3016883870219871,0.0009114583333333333,0.009253029792854204,94.0,0.425531914893617,0.10638297872340426,0.297872340425532,0.7793067596542894
small_long,nomotor_xlink,r0012,0.5,initial,2.272204081632653,0.4674876227865642,0.003670751773049578,0.003670751773049578,1.0,0.5172413793103449,0.12050593384660532,0.0009331597222222223,0.03556597933864187,98.0,0.4285714285714285,0.10204081632653059,0.2857142857142857,0.7339092210236454
small_long,nomotor_xlink,r0012,0.55,initial,2.2892159999999997,0.5615964313809634,0.03635992578849723,0.03635992578849723,1.0,0.5333333333333333,0.18569963570546438,0.0008897569444444444,0.018959975295665992,100.0,0.42000000000000004,0.1,0.27999999999999997,0.7906706410797886
small_long,nomotor_xlink,r0012,0.6000000000000001,initial,2.4903636363636363,0.5812474745605601,0.03208721428571434,0.03208721428571434,1.0,0.5757575757575758,0.23636576608589424,0.0010850694444444445,0.016118786176808547,110.0,0.4545454545454546,0.09090909090909091,0.23636363636363633,0.7915303760925471
small_long,nomotor_xlink,r0012,0.65,initial,2.4817392857142857,0.6583091484418147,0.050720268256333835,0.050720268256333835,1.0,0.5625,0.24296308623029172,0.0011067708333333333,0.0001149810739830374,112.0,0.46428571428571414,0.08928571428571427,0.24999999999999994,0.8373829484665659
small_long,nomotor_xlink,r0012,0.7000000000000001,initial,2.7946852459016394,0.5819373610044584,0.06517991071428571,0.06517991071428571,1.0,0.6666666666666666,0.18814796798288855,0.0012586805555555556,0.014925994252400784,122.0,0.4918032786885246,0.06557377049180328,0.19672131147540986,0.8045511939026522
small_long,nomotor_xlink,r0012,0.75,initial,2.87281875,0.56875318292741,0.021253484657419053,0.021253484657419053,1.0,0.65,0.22267293509550243,0.0012803819444444444,0.013355932801219364,128.0,0.515625,0.078125,0.1875,0.7790493455614055
small_long,nomotor_xlink,r0012,0.8,initial,2.9222061538461537,0.5018017641971422,0.019295159313725458,0.019295159313725458,1.0,0.6585365853658537,0.26683696710765425,0.0013671875,0.03007614187228529,130.0,0.523076923076923,0.07692307692307693,0.18461538461538463,0.7866954840538437
small_long,nomotor_xlink,r0012,0.8500000000000001,initial,2.9885897058823527,0.3882963316936982,0.006686655518394646,0.006686655518394646,1.0,0.6818181818181818,0.25213437926252974,0.0013237847222222223,0.00804824671806271,136.0,0.5303030303030304,0.07575757575757576,0.19696969696969696,0.7951370537004225
small_long,nomotor_xlink,r0012,0.9,initial,2.9623260869565216,0.4535122838887659,0.0003475800883734337,-0.0003475800883734337,1.0,0.6818181818181818,0.2482099042707617,0.0013237847222222223,0.00011798539570343862,138.0,0.5362318840579713,0.07246376811594203,0.18840579710144928,0.7838814576356087
small_long,nomotor_xlink,r0012,0.9500000000000001,initial,2.986504225352112,0.38900424406791884,0.0031409675443967444,-0.0031409675443967444,1.0,0.6956521739130435,0.20835080568805098,0.0013020833333333333,0.01130680247617206,142.0,0.5492957746478873,0.07042253521126761,0.1830985915492958,0.8181849756697148
small_long,nomotor_xlink,r0012,1.0,initial,2.943480281690141,0.38567146903173355,0.014341314553990347,-0.014341314553990347,1.0,0.6956521739130435,0.2487098725438937,0.0014105902777777778,0.0011109250120617624,142.0,0.5492957746478873,0.07042253521126761,0.1830985915492958,0.8156335009320979
small_long,nomotor_xlink,r0012,1.05,pulse_01,2.9909689189189193,0.4621981287196411,0.00752591591591593,0.00752591591591593,1.0,0.7142857142857143,0.14819282268419548,0.0014539930555555556,0.0016293271775122224,148.0,0.5675675675675674,0.06756756756756756,0.17567567567567566,0.8150924627822488
small_long,nomotor_xlink,r0012,1.1,pulse_01,3.013546666666667,0.4670861102521778,0.020478257103257125,0.020478257103257125,1.0,0.6862745098039216,0.3178708673445257,0.0015190972222222222,0.009691350020743126,150.0,0.5733333333333334,0.06666666666666667,0.17333333333333334,0.8020075375530619
small_long,nomotor_xlink,r0012,1.15,pulse_01,3.113838461538462,0.40405002859518235,0.01656423076923071,0.01656423076923071,1.0,0.7037037037037037,0.26049770322035476,0.0015625,0.01229827461081411,156.0,0.6025641025641026,0.06410256410256411,0.16666666666666669,0.8081613652005868
small_long,nomotor_xlink,r0012,1.2,pulse_01,3.1129320512820513,0.3932964625872931,0.0060826192794546,0.0060826192794546,1.0,0.7037037037037037,0.17386655715757768,0.0014756944444444444,0.0061537798373161685,156.0,0.6025641025641026,0.0641025641025641,0.16666666666666666,0.8276491728842378
small_long,nomotor_xlink,r0012,1.25,pulse_01,3.1503341772151896,0.36712734957128534,0.010951333441523214,-0.010951333441523214,1.0,0.6727272727272727,0.1899504884422766,0.0014973958333333334,0.0035734898795367807,158.0,0.5949367088607593,0.06329113924050632,0.16455696202531644,0.8269488067231979
small_long,nomotor_xlink,r0012,1.3,pulse_01,3.047224050632912,0.37185552331007243,0.021725316455696086,-0.021725316455696086,1.0,0.6727272727272727,0.14442326062369673,0.001540798611111111,0.001560968342119699,158.0,0.5949367088607592,0.06329113924050632,0.16455696202531644,0.8473714556829424
small_long,nomotor_xlink,r0012,1.35,pulse_01,3.019982278481013,0.37649315962400354,0.013543728186695692,0.013543728186695692,1.0,0.6666666666666666,0.10112872228129184,0.001584201388888889,0.008328642961502422,158.0,0.5822784810126581,0.06329113924050633,0.16455696202531647,0.8126420693559891
small_long,nomotor_xlink,r0012,1.4,pulse_01,3.128486419753086,0.42182738107908696,0.03431607858649791,0.03431607858649791,1.0,0.6666666666666666,0.18184454471579617,0.0014973958333333334,0.013978433655062933,162.0,0.5875,0.0625,0.1625,0.8365391198258123
small_long,nomotor_xlink,r0012,1.45,pulse_01,3.2258787500000006,0.46036376155438113,0.014343513374485584,0.014343513374485584,1.0,0.6923076923076923,0.20222883519570578,0.0014973958333333334,0.003047287106488337,160.0,0.6,0.05,0.15,0.8078938220314364
small_long,nomotor_xlink,r0012,1.5,pulse_01,3.2145474999999997,0.440111103718017,0.014707708333333422,-0.014707708333333422,1.0,0.6923076923076923,0.16051405949030453,0.001540798611111111,0.0047933138614713695,160.0,0.5769230769230769,0.05128205128205128,0.15384615384615383,0.7959088471329832
small_long,nomotor_xlink,r0012,1.55,pulse_01,3.1376325,0.4316038783855529,0.016312042181070074,0.016312042181070074,1.0,0.6923076923076923,0.19628921685428855,0.0016059027777777777,0.0027900266692989875,160.0,0.5875,0.05,0.1625,0.8350465223720902
small_long,nomotor_xlink,r0012,1.6,pulse_01,3.31241975308642,0.4568512637338109,0.035484861111111154,0.035484861111111154,1.0,0.6296296296296297,0.17801646327733534,0.001540798611111111,0.008955274545528163,162.0,0.5875,0.0375,0.15,0.8208038965272638
small_long,nomotor_xlink,r0012,1.65,pulse_01,3.350541666666667,0.4853355256587219,0.01204180585814559,0.01204180585814559,1.0,0.6491228070175439,0.18308719371538265,0.0016927083333333334,0.00753593436564783,168.0,0.5833333333333333,0.03571428571428571,0.14285714285714285,0.8053907502355607
small_long,nomotor_xlink,r0012,1.7000000000000002,pulse_01,3.3846705882352937,0.5020668699276979,0.007061683006535979,0.007061683006535979,1.0,0.6842105263157895,0.1670078950555644,0.001736111111111111,0.00010784858831583422,170.0,0.588235294117647,0.03529411764705882,0.1411764705882353,0.8252135898671017
small_long,nomotor_xlink,r0012,1.75,pulse_01,3.392911764705883,0.4846884341288269,0.0013572275421798174,0.0013572275421798174,1.0,0.6785714285714286,0.2634603156705693,0.0016059027777777777,0.006324814966195506,170.0,0.5882352941176471,0.03529411764705882,0.15294117647058825,0.825585276436772
small_long,nomotor_xlink,r0012,1.8,pulse_01,3.3928139534883726,0.5400157597248709,0.0029025421796626074,-0.0029025421796626074,1.0,0.6491228070175439,0.2154433290620832,0.0017144097222222222,0.009056863028991446,172.0,0.5813953488372094,0.03488372093023256,0.1511627906976744,0.8141567929105503
small_long,nomotor_xlink,r0012,1.85,pulse_01,3.375496511627907,0.5390296123027756,0.006005426356589257,-0.006005426356589257,1.0,0.6842105263157895,0.19245713132637304,0.0017578125,0.0016239910576440104,172.0,0.5697674418604652,0.03488372093023256,0.1744186046511628,0.8343480609230499
small_long,nomotor_xlink,r0012,1.9,pulse_01,3.356781395348837,0.5302718133790069,0.008964922480620011,-0.008964922480620011,1.0,0.6428571428571429,0.25848179573920177,0.0016493055555555556,0.00644030849550407,172.0,0.5697674418604652,0.03488372093023256,0.18604651162790697,0.8015013505268789
small_long,nomotor_xlink,r0012,1.9500000000000002,pulse_01,3.321706976744187,0.5776714632758,0.00672666399358457,0.00672666399358457,1.0,0.6491228070175439,0.21289783962478598,0.001736111111111111,0.003921122265275874,172.0,0.5697674418604651,0.03488372093023256,0.18604651162790697,0.8125076843158626
small_long,nomotor_xlink,r0012,2.0,pulse_01,3.3971413793103444,0.5537985469706621,0.025144800855385768,0.025144800855385768,1.0,0.6551724137931034,0.17354037111901122,0.0016059027777777777,0.007957638768379294,174.0,0.5697674418604652,0.03488372093023256,0.1744186046511628,0.8081880653819299
small_long,nomotor_xlink,r0012,2.05,pulse_02,3.4229777777777777,0.7452643364523264,0.003470370370370605,0.003470370370370605,1.0,0.6721311475409836,0.08228319965397497,0.0018229166666666667,0.005639298529974542,180.0,0.5888888888888889,0.03333333333333333,0.17777777777777778,0.798549234509077
small_long,nomotor_xlink,r0012,2.1,pulse_02,3.4333888888888895,0.76218223204225,0.002665059015059127,0.002665059015059127,1.0,0.6774193548387096,0.17557843065126674,0.0018229166666666667,0.008244398042740742,180.0,0.588888888888889,0.03333333333333333,0.1777777777777778,0.8148564284012616
small_long,nomotor_xlink,r0012,2.15,pulse_02,3.4389681318681324,0.6957979481958819,0.00678862433862452,-0.00678862433862452,1.0,0.6721311475409836,0.21255057563820112,0.0017795138888888889,0.007269285131269676,182.0,0.5934065934065934,0.03296703296703297,0.18681318681318684,0.8141503864398889
small_long,nomotor_xlink,r0012,2.2,pulse_02,3.3926571428571424,0.7185665212546319,0.016761721611721736,-0.016761721611721736,1.0,0.6666666666666666,0.18778777211009326,0.0018446180555555555,0.007588932711364312,182.0,0.5824175824175825,0.03296703296703297,0.17582417582417587,0.8031151601533247
small_long,nomotor_xlink,r0012,2.25,pulse_02,3.338397802197802,0.7413315444640678,0.019371611721611615,-0.019371611721611615,1.0,0.6610169491525424,0.1505124927612005,0.0018012152777777779,0.003085952417841209,182.0,0.5824175824175825,0.03296703296703297,0.18681318681318687,0.8265983544815987
small_long,nomotor_xlink,r0012,2.3,pulse_02,3.2764274725274727,0.7370822357616792,0.01053713369963368,-0.01053713369963368,1.0,0.6666666666666666,0.12176444772243432,0.0018663194444444445,0.006820505651869942,182.0,0.5824175824175826,0.03296703296703297,0.18681318681318687,0.8218097063697599
small_long,nomotor_xlink,r0012,2.35,pulse_02,3.275175,0.7822545783752874,0.002504578754578842,-0.002504578754578842,1.0,0.6721311475409836,0.19791389281416366,0.0018446180555555555,0.01592812949671672,184.0,0.5760869565217392,0.03260869565217391,0.19565217391304351,0.8153340416388685
small_long,nomotor_xlink,r0012,2.4,pulse_02,3.2613999999999996,0.8326510127419795,0.0010076086956521586,-0.0010076086956521586,1.0,0.6666666666666666,0.10930409796320312,0.0017578125,0.008024794218776924,184.0,0.5714285714285715,0.03296703296703297,0.18681318681318687,0.7971672366649712
small_long,nomotor_xlink,r0012,2.45,pulse_02,3.269129347826087,0.830403343687949,0.005757608695652265,-0.005757608695652265,1.0,0.6896551724137931,0.09832745288016712,0.0017578125,0.002314335692592521,184.0,0.5760869565217392,0.03260869565217391,0.17391304347826092,0.8068428820878598
small_long,nomotor_xlink,r0012,2.5,pulse_02,3.226854347826086,0.8187649985864244,0.009918297101449314,-0.009918297101449314,1.0,0.6551724137931034,0.1611844932645692,0.0018229166666666667,0.00983829936240808,184.0,0.5760869565217392,0.03260869565217391,0.19565217391304351,0.8072307014603628
small_long,nomotor_xlink,r0012,2.55,pulse_02,3.209619565217391,0.7713735475135005,0.011673731884057847,-0.011673731884057847,1.0,0.6610169491525424,0.0972708828188633,0.0018880208333333333,0.015288332252853106,184.0,0.5652173913043478,0.032608695652173905,0.20652173913043478,0.8106693882199232
small_long,nomotor_xlink,r0012,2.6,pulse_02,3.156811956521739,0.910494992103543,0.013849999999999918,-0.013849999999999918,1.0,0.6896551724137931,0.17589199337048583,0.0018663194444444445,0.02747744350129337,184.0,0.5543478260869567,0.03260869565217391,0.19565217391304351,0.8224550623628304
small_long,nomotor_xlink,r0012,2.65,pulse_02,3.1265195652173916,0.9362382085212607,0.0034155797101448706,-0.0034155797101448706,1.0,0.6551724137931034,0.222086999113288,0.0018663194444444445,0.001811696898162481,184.0,0.5652173913043478,0.032608695652173905,0.20652173913043478,0.8388056310597194
small_long,nomotor_xlink,r0012,2.7,pulse_02,3.1363184782608697,0.9213651734925179,0.007477173913043626,-0.007477173913043626,1.0,0.6,0.1538510960246918,0.0019097222222222222,0.007926489735996375,184.0,0.5760869565217392,0.03260869565217391,0.19565217391304351,0.8315129073008556
small_long,nomotor_xlink,r0012,2.75,pulse_02,3.08165652173913,0.983797146937239,0.002826556412654021,-0.002826556412654021,1.0,0.5932203389830508,0.13070881160714656,0.0018663194444444445,0.031214959344771736,184.0,0.5543478260869567,0.04347826086956522,0.2065217391304348,0.8401479551917419
small_long,nomotor_xlink,r0012,2.8,pulse_02,3.1193591397849456,1.1086549295611483,0.006137914913510863,-0.006137914913510863,1.0,0.5932203389830508,0.2324678270841514,0.0018446180555555555,0.013669842966467283,186.0,0.5591397849462365,0.04301075268817204,0.2150537634408602,0.8148513102577164
small_long,nomotor_xlink,r0012,2.85,pulse_02,3.0448290322580647,1.0658162047360427,0.02414516129032244,-0.02414516129032244,1.0,0.5932203389830508,0.14973093441867105,0.0017795138888888889,0.010547931283036696,186.0,0.5483870967741934,0.05376344086021505,0.22580645161290316,0.8306863528565532
small_long,nomotor_xlink,r0012,2.9,pulse_02,2.974488172043011,1.0453673418629281,0.02116792114695339,-0.02116792114695339,1.0,0.5789473684210527,0.12332679499721896,0.0018446180555555555,0.011585364862264247,186.0,0.5268817204301075,0.05376344086021506,0.22580645161290325,0.8421754425547947
small_long,nomotor_xlink,r0012,2.95,pulse_02,2.9178215053763443,1.1353283939096281,0.014827419354838703,-0.014827419354838703,1.0,0.5714285714285714,0.11676010252732545,0.0019314236111111112,0.02854489460495191,186.0,0.5053763440860214,0.05376344086021505,0.2258064516129032,0.8457909466939221
small_long,nomotor_xlink,r0012,3.0,pulse_02,2.8855236559139787,1.2166367094926396,0.010765949820788526,-0.010765949820788526,1.0,0.5636363636363636,0.264886355056964,0.0018663194444444445,0.02710277186100381,186.0,0.5161290322580644,0.05376344086021505,0.22580645161290316,0.8421754425547947
small_long,nomotor_xlink,r0012,3.05,pulse_03,2.9324326315789477,1.2763049059665184,0.0007424561403506225,0.0007424561403506225,1.0,0.5862068965517241,0.11453241503301044,0.0018663194444444445,0.012671753639541835,190.0,0.5157894736842105,0.05263157894736842,0.22105263157894733,0.843492515118658
small_long,nomotor_xlink,r0012,3.1,pulse_03,2.9346599999999996,1.3143201668851439,0.006724035087719275,-0.006724035087719275,1.0,0.6,0.1662910695720914,0.0018880208333333333,0.0026668587005947617,190.0,0.5157894736842106,0.05263157894736842,0.22105263157894733,0.8403717100784445
small_long,nomotor_xlink,r0012,3.15,pulse_03,2.892088421052632,1.292306058170087,0.0017596491228069056,-0.0017596491228069056,1.0,0.5932203389830508,0.15741087870329604,0.0018663194444444445,0.0004508651168622461,190.0,0.5052631578947369,0.05263157894736842,0.22105263157894733,0.8217131577601693
small_long,nomotor_xlink,r0012,3.2,pulse_03,2.924102105263158,1.3116149761839704,0.007276842105263137,0.007276842105263137,1.0,0.5932203389830508,0.1556785515684746,0.0019097222222222222,0.002923596561842342,190.0,0.5052631578947369,0.05263157894736842,0.2210526315789473,0.8431599534510581
small_long,nomotor_xlink,r0012,3.25,pulse_03,2.935749473684211,1.309847637541141,0.0005828070175439107,-0.0005828070175439107,1.0,0.5862068965517241,0.2418235365084855,0.0018229166666666667,0.0038452517974428835,190.0,0.5,0.05319148936170213,0.22340425531914895,0.8476536738025298
small_long,nomotor_xlink,r0012,3.3,pulse_03,2.9206052631578947,1.3346864869686277,0.006302105263157924,-0.006302105263157924,1.0,0.5862068965517241,0.12083515106853202,0.0018663194444444445,0.0025041435377539667,190.0,0.5052631578947369,0.05263157894736842,0.22105263157894733,0.8349684409472723
small_long,nomotor_xlink,r0012,3.35,pulse_03,2.8979368421052634,1.2948227763146172,0.000343157894736897,-0.000343157894736897,1.0,0.6271186440677966,0.24406056766777856,0.0018663194444444445,0.009542574952953445,190.0,0.5052631578947369,0.05263157894736842,0.2210526315789474,0.8222980218162699
small_long,nomotor_xlink,r0012,3.4,pulse_03,2.9185463157894733,1.277431037250907,0.0050482456140349035,0.0050482456140349035,1.0,0.6140350877192983,0.2514561880893813,0.0018663194444444445,0.012697418135845573,190.0,0.5052631578947366,0.05263157894736842,0.22105263157894733,0.8285129704252644
small_long,nomotor_xlink,r0012,3.45,pulse_03,2.928226315789473,1.2186382674995437,0.0027754385964912456,0.0027754385964912456,1.0,0.6206896551724138,0.15137830614238265,0.0018446180555555555,0.019287280653862166,190.0,0.49473684210526303,0.05263157894736842,0.22105263157894733,0.8518933192335941
small_long,nomotor_xlink,r0012,3.5,pulse_03,2.935198947368421,1.161707353327734,0.00488456140350868,-0.00488456140350868,1.0,0.5862068965517241,0.1534765924692329,0.0019314236111111112,0.005759428381657328,190.0,0.4947368421052632,0.05263157894736842,0.22105263157894733,0.8441424825931109
small_long,nomotor_xlink,r0012,3.55,pulse_03,2.8989189473684207,1.1840816972095998,0.005580350877192848,-0.005580350877192848,1.0,0.5862068965517241,0.10906881685495752,0.0018663194444444445,0.003928308198873021,190.0,0.49473684210526303,0.05263157894736842,0.22105263157894733,0.8510073986765584
small_long,nomotor_xlink,r0012,3.6,pulse_03,2.9017168421052637,1.1852772025209721,0.0032014035087718864,0.0032014035087718864,1.0,0.559322033898305,0.3126379711949785,0.0017795138888888889,0.010997471108841897,190.0,0.4947368421052631,0.05263157894736842,0.22105263157894733,0.8443517742042613
small_long,nomotor_xlink,r0012,3.65,pulse_03,2.918127368421052,1.1180968705565484,0.006518070175438743,-0.006518070175438743,1.0,0.559322033898305,0.34953712569920903,0.0019314236111111112,0.004069429292246148,190.0,0.48936170212765956,0.05319148936170213,0.22340425531914893,0.8286650342310076
small_long,nomotor_xlink,r0012,3.7,pulse_03,2.8626084210526312,1.1608606267674952,0.008275964912280628,-0.008275964912280628,1.0,0.559322033898305,0.21092593406318264,0.001953125,0.007464029247298424,190.0,0.4947368421052632,0.052631578947368425,0.24210526315789482,0.8491701792793328
small_long,nomotor_xlink,r0012,3.75,pulse_03,2.8684715789473683,1.162881046040339,0.00874578947368406,-0.00874578947368406,1.0,0.559322033898305,0.18435280396738357,0.0018446180555555555,0.010174701453372256,190.0,0.4731182795698924,0.05376344086021505,0.24731182795698925,0.8421042719780809
small_long,nomotor_xlink,r0012,3.8,pulse_03,2.810133684210527,1.2219088354877288,0.008264210526315763,-0.008264210526315763,1.0,0.5517241379310345,0.19442384501529747,0.001974826388888889,0.010201169292972398,190.0,0.48421052631578937,0.05263157894736842,0.25263157894736843,0.8445831584564135
small_long,nomotor_xlink,r0012,3.85,pulse_03,2.8188863157894737,1.2240880617981733,0.011877719298245548,0.011877719298245548,1.0,0.5517241379310345,0.11253917177027506,0.0019097222222222222,0.010082189153763946,190.0,0.48421052631578937,0.05263157894736842,0.25263157894736843,0.8474029069956918
small_long,nomotor_xlink,r0012,3.9,pulse_03,2.8814,1.161415700565145,0.013482422545725958,0.013482422545725958,1.0,0.4576271186440678,0.12057046645980626,0.0018012152777777779,0.004423249770159028,188.0,0.4787234042553192,0.0425531914893617,0.24468085106382978,0.8474421556848778
small_long,nomotor_xlink,r0012,3.95,pulse_03,2.8997808510638294,1.2506275604191275,0.004085992907801428,-0.004085992907801428,1.0,0.4666666666666667,0.16247527249637791,0.0018663194444444445,0.01732549853879946,188.0,0.5,0.0425531914893617,0.24468085106382978,0.8394842818954246
small_long,nomotor_xlink,r0012,4.0,pulse_03,2.8568840425531916,1.2653686917979419,0.014298936170212606,-0.014298936170212606,1.0,0.4915254237288136,0.0410569719243649,0.001953125,0.004913710459604796,188.0,0.48936170212765956,0.0425531914893617,0.24468085106382978,0.8520510294975507
small_long,nomotor_xlink,r0012,4.05,pulse_04,3.007360606060606,1.501214771510457,0.030487878787878692,-0.030487878787878692,1.0,0.53125,0.1728615812064758,0.0019314236111111112,0.016312679706053324,198.0,0.5151515151515152,0.0404040404040404,0.23232323232323235,0.8467058057769941
small_long,nomotor_xlink,r0012,4.1,pulse_04,2.91589696969697,1.5501528106286169,0.015850505050505042,-0.015850505050505042,1.0,0.5555555555555556,0.051043835208278335,0.0019965277777777776,0.014730396451635838,198.0,0.494949494949495,0.05050505050505051,0.23232323232323235,0.8546590532864513
small_long,nomotor_xlink,r0012,4.15,pulse_04,2.9122575757575757,1.589597150220272,0.0011234006734005912,0.0011234006734005912,1.0,0.5555555555555556,0.15603246018547337,0.0020616319444444445,0.005499495841139179,198.0,0.5050505050505052,0.0404040404040404,0.23232323232323235,0.8380207219285902
small_long,nomotor_xlink,r0012,4.2,pulse_04,2.9226373737373734,1.583149785675452,0.0018727272727273963,0.0018727272727273963,1.0,0.5625,0.0908611653466664,0.002018229166666667,0.0025566281305953176,198.0,0.505050505050505,0.0404040404040404,0.23232323232323235,0.841412720373519
small_long,nomotor_xlink,r0012,4.25,pulse_04,2.92349393939394,1.5742573814367,0.002174074074074106,0.002174074074074106,1.0,0.5555555555555556,0.10635592359585387,0.0019314236111111112,0.003182360323076431,198.0,0.5050505050505051,0.0404040404040404,0.23232323232323235,0.8427269899066548
small_long,nomotor_xlink,r0012,4.3,pulse_04,2.935681818181818,1.5640556237369934,0.005363804713804932,-0.005363804713804932,1.0,0.5555555555555556,0.08752478658488812,0.0020399305555555557,0.005657220177574529,198.0,0.4949494949494951,0.0404040404040404,0.23232323232323235,0.8400101298637598
small_long,nomotor_xlink,r0012,4.35,pulse_04,2.8913111111111105,1.6082007025021472,0.008151851851851891,-0.008151851851851891,1.0,0.5806451612903226,0.12747146245939583,0.0020616319444444445,0.0024126279483181654,198.0,0.494949494949495,0.0404040404040404,0.23232323232323235,0.8620185631050393
small_long,nomotor_xlink,r0012,4.4,pulse_04,2.8867707070707067,1.5785313914269024,0.00631936026936016,-0.00631936026936016,1.0,0.5555555555555556,0.18176587719516074,0.001974826388888889,0.001411627670879767,198.0,0.494949494949495,0.05050505050505051,0.23232323232323235,0.8632659754297471
small_long,nomotor_xlink,r0012,4.45,pulse_04,2.8533949494949495,1.5997309364768686,0.004521380471380547,0.004521380471380547,1.0,0.53125,0.2734912039505424,0.001974826388888889,0.007508366757020972,198.0,0.48979591836734676,0.05102040816326529,0.23469387755102034,0.8491703463212915
small_long,nomotor_xlink,r0012,4.5,pulse_04,2.91389898989899,1.6235815919690282,0.007440067340067191,0.007440067340067191,1.0,0.53125,0.15895584900432339,0.001953125,0.0034236625777221974,198.0,0.5050505050505052,0.0404040404040404,0.23232323232323235,0.8612765674945774
small_long,nomotor_xlink,r0012,4.55,pulse_04,2.8980353535353527,1.6202729119432018,0.0021994949494950067,-0.0021994949494950067,1.0,0.53125,0.12867651943265906,0.0019314236111111112,0.0015483996122568344,198.0,0.4949494949494951,0.0404040404040404,0.23232323232323232,0.8571381892079658
small_long,nomotor_xlink,r0012,4.6,pulse_04,2.90070202020202,1.6142911942954872,0.004919865319865435,0.004919865319865435,1.0,0.5555555555555556,0.20666812343264981,0.0019314236111111112,0.0013447781223795419,198.0,0.4949494949494951,0.0404040404040404,0.23232323232323232,0.8506433486791687
small_long,nomotor_xlink,r0012,4.65,pulse_04,2.9275545454545453,1.6122042432089245,0.008154545454545525,0.008154545454545525,1.0,0.5555555555555556,0.1123308774424363,0.001974826388888889,0.002277757152913414,198.0,0.4949494949494951,0.0404040404040404,0.23232323232323232,0.812456343594888
small_long,nomotor_xlink,r0012,4.7,pulse_04,2.949629292929293,1.6279577372129677,0.005732154882155023,0.005732154882155023,1.0,0.53125,0.15083280906596166,0.0020399305555555557,0.004701329549707367,198.0,0.494949494949495,0.0404040404040404,0.23232323232323235,0.8424224085768461
small_long,nomotor_xlink,r0012,4.75,pulse_04,2.9619474747474754,1.6404122205071687,2.2390572390618146e-05,-2.2390572390618146e-05,1.0,0.53125,0.04337524470581818,0.002018229166666667,0.004424691031194213,198.0,0.4949494949494951,0.0404040404040404,0.23232323232323235,0.840474273609841
small_long,nomotor_xlink,r0012,4.8,pulse_04,2.9494949494949494,1.654505883400133,0.012429966329966438,-0.012429966329966438,1.0,0.53125,0.08507243456680144,0.001953125,0.004027164873160165,198.0,0.494949494949495,0.0404040404040404,0.23232323232323235,0.8674668266935658
small_long,nomotor_xlink,r0012,4.85,pulse_04,2.887367676767677,1.6645752097461297,0.011016329966330026,-0.011016329966330026,1.0,0.5076923076923077,0.07082021357854408,0.0019314236111111112,0.0016886208867777548,198.0,0.505050505050505,0.0404040404040404,0.23232323232323235,0.8843873941470288
small_long,nomotor_xlink,r0012,4.9,pulse_04,2.8833969696969692,1.6646376087207995,0.002218350168350147,-0.002218350168350147,1.0,0.53125,0.16222557365623055,0.002018229166666667,0.003633421938920319,198.0,0.4949494949494951,0.0404040404040404,0.23232323232323232,0.860229990554307
small_long,nomotor_xlink,r0012,4.95,pulse_04,2.874057575757576,1.6427746781126078,0.0036570707070706643,-0.0036570707070706643,1.0,0.5555555555555556,0.05420427559377271,0.0020616319444444445,0.00639805254825158,198.0,0.5050505050505052,0.0404040404040404,0.23232323232323232,0.8746411898556179
small_long,nomotor_xlink,r0012,5.0,pulse_04,2.8614545454545453,1.62624929343129,0.0042010101010102234,-0.0042010101010102234,1.0,0.5625,0.16633751130212696,0.002018229166666667,0.005508461560439271,198.0,0.5151515151515154,0.0404040404040404,0.23232323232323235,0.848653940743999
small_long,nomotor_xlink,r0012,5.05,pulse_05,2.8727384615384612,1.4117365235039436,0.003253525641025471,-0.003253525641025471,1.0,0.6,0.05733225640531701,0.0020399305555555557,0.015323958103941345,208.0,0.5384615384615385,0.03846153846153846,0.22115384615384617,0.8626825758779766
small_long,nomotor_xlink,r0012,5.1,pulse_05,2.862977884615385,1.3657646491921196,0.009133974358974303,-0.009133974358974303,1.0,0.5882352941176471,0.14396564318825303,0.002105034722222222,0.0012077725059759976,208.0,0.5288461538461537,0.03846153846153846,0.22115384615384617,0.8691094772821053
small_long,nomotor_xlink,r0012,5.15,pulse_05,2.8179346153846154,1.4189831585397996,0.009474038461538528,-0.009474038461538528,1.0,0.5362318840579711,0.10765825719170795,0.0021484375,0.0149037631379307,208.0,0.5192307692307692,0.04807692307692307,0.23076923076923075,0.8596406606675963
small_long,nomotor_xlink,r0012,5.2,pulse_05,2.8061336538461537,1.4551872280197038,0.004757371794871827,-0.004757371794871827,1.0,0.5428571428571428,0.053270169836634476,0.0020833333333333333,0.007371638878292471,208.0,0.5192307692307693,0.04807692307692307,0.24038461538461536,0.8691094772821054
small_long,nomotor_xlink,r0012,5.25,pulse_05,2.7893903846153845,1.4632129918095544,0.00022435897435898097,0.00022435897435898097,1.0,0.5277777777777778,0.151352142137137,0.002126736111111111,0.001990936480864495,208.0,0.5288461538461539,0.04807692307692308,0.24038461538461536,0.8672157139592037
small_long,nomotor_xlink,r0012,5.3,pulse_05,2.8074798076923075,1.4671328469048908,0.004266025641025702,0.004266025641025702,1.0,0.5492957746478874,0.1807216318509515,0.0020399305555555557,0.004440983369490096,208.0,0.5288461538461537,0.04807692307692307,0.24038461538461534,0.8770234281062068
small_long,nomotor_xlink,r0012,5.35,pulse_05,2.8149865384615387,1.489858892026495,0.012039583333333326,0.012039583333333326,1.0,0.5492957746478874,0.04129285539697195,0.0021484375,0.003409303567058449,208.0,0.5288461538461539,0.04807692307692308,0.24038461538461536,0.8683638658466822
small_long,nomotor_xlink,r0012,5.4,pulse_05,2.8797173076923075,1.4875886683072415,0.007121955128205053,0.007121955128205053,1.0,0.5492957746478874,0.2031478396545121,0.0020616319444444445,0.0011423079695811837,208.0,0.5288461538461539,0.05769230769230769,0.22115384615384617,0.8480030771956769
small_long,nomotor_xlink,r0012,5.45,pulse_05,2.857718269230769,1.4967127398439821,0.004749839743589668,-0.004749839743589668,1.0,0.5714285714285714,0.13720034082396673,0.002105034722222222,0.0035855249388418997,208.0,0.5288461538461536,0.05769230769230769,0.23076923076923084,0.8343483669341827
small_long,nomotor_xlink,r0012,5.5,pulse_05,2.8512182692307695,1.5091018179402929,0.004420673076923028,-0.004420673076923028,1.0,0.5428571428571428,0.13953186880553692,0.0020833333333333333,0.005447831487999359,208.0,0.528846153846154,0.0673076923076923,0.2211538461538462,0.8561962050051605
small_long,nomotor_xlink,r0012,5.55,pulse_05,2.831194230769231,1.5293997287719783,0.003090865384615412,-0.003090865384615412,1.0,0.5362318840579711,0.08330562290552443,0.001974826388888889,0.013123053069658849,208.0,0.528846153846154,0.06730769230769232,0.22115384615384617,0.8682119747004229
small_long,nomotor_xlink,r0012,5.6,pulse_05,2.832673076923077,1.587840136358246,0.004840224358974317,0.004840224358974317,1.0,0.5142857142857142,0.027402779836034123,0.0020833333333333333,0.006211231693273496,208.0,0.528846153846154,0.0673076923076923,0.23076923076923075,0.8570937075868432
small_long,nomotor_xlink,r0012,5.65,pulse_05,2.8602355769230767,1.5666671189316193,0.004406570512820525,0.004406570512820525,1.0,0.5428571428571428,0.14705897409588814,0.002126736111111111,0.012202361792718719,208.0,0.5288461538461537,0.06730769230769232,0.23076923076923078,0.8426297429703646
small_long,nomotor_xlink,r0012,5.7,pulse_05,2.8591125,1.5146259656019336,0.0007868589743589283,-0.0007868589743589283,1.0,0.5714285714285714,0.22036498122830403,0.002105034722222222,5.548259712588137e-06,208.0,0.528846153846154,0.0673076923076923,0.22115384615384612,0.851854246761042
small_long,nomotor_xlink,r0012,5.75,pulse_05,2.855514423076923,1.5666338293733437,0.005222756410256417,-0.005222756410256417,1.0,0.5714285714285714,0.1795215934805198,0.002018229166666667,0.008013100860182143,208.0,0.528846153846154,0.05769230769230769,0.23076923076923075,0.8554262393410248
small_long,nomotor_xlink,r0012,5.8,pulse_05,2.8277759615384617,1.5627045707630265,0.007928365384615388,-0.007928365384615388,1.0,0.5714285714285714,0.012455978994003108,0.0020833333333333333,0.0007837578078165134,208.0,0.5288461538461537,0.0673076923076923,0.23076923076923075,0.8599837316509642
small_long,nomotor_xlink,r0012,5.85,pulse_05,2.807944230769231,1.5713363762202428,0.00859688666915607,0.00859688666915607,1.0,0.5882352941176471,0.1482933089151705,0.0020616319444444445,0.0030152644448226593,208.0,0.519230769230769,0.0673076923076923,0.23076923076923075,0.8469185682277597
small_long,nomotor_xlink,r0012,5.9,pulse_05,2.879357281553398,1.5807961574319624,0.020412369305451945,0.020412369305451945,1.0,0.4492753623188406,0.12086940297032836,0.002105034722222222,0.0012150409433593357,206.0,0.524271844660194,0.058252427184466014,0.22330097087378636,0.8507012018674724
small_long,nomotor_xlink,r0012,5.95,pulse_05,2.9304184466019425,1.5786266218803988,0.007239158576051767,0.007239158576051767,1.0,0.45714285714285713,0.05783766123426698,0.0020616319444444445,0.0027832344540580736,206.0,0.5339805825242717,0.038834951456310676,0.22330097087378636,0.8500374564916724
small_long,nomotor_xlink,r0012,6.0,pulse_05,2.9227922330097087,1.564096750707614,0.00254207119741127,-0.00254207119741127,1.0,0.45714285714285713,0.08005086371477585,0.002105034722222222,0.004843290390928272,206.0,0.5339805825242717,0.04854368932038835,0.22330097087378636,0.848764461815357
small_long,nomotor_xlink,r0012,6.05,pulse_06,2.973062037037038,1.6281648783145297,0.0027246913580243337,0.0027246913580243337,1.0,0.49333333333333335,0.07780847360071975,0.0021484375,0.007732096829283923,216.0,0.5555555555555555,0.046296296296296294,0.21296296296296294,0.874417301249146
small_long,nomotor_xlink,r0012,6.1,pulse_06,2.981236111111111,1.6513611688023815,0.008141666666666788,-0.008141666666666788,1.0,0.49333333333333335,0.06321705823427531,0.002126736111111111,0.006387228341933171,216.0,0.5555555555555555,0.037037037037037035,0.22222222222222218,0.8749277461235778
small_long,nomotor_xlink,r0012,6.15,pulse_06,2.9242120370370372,1.6664882483661287,0.003774999999999936,-0.003774999999999936,1.0,0.5135135135135135,0.07724473846755157,0.002170138888888889,0.007555121925494642,216.0,0.537037037037037,0.046296296296296294,0.22222222222222218,0.8785984462249639
small_long,nomotor_xlink,r0012,6.2,pulse_06,2.9585861111111114,1.6060304372494136,0.006761419753086455,-0.006761419753086455,1.0,0.47368421052631576,0.03189803718325928,0.002191840277777778,0.01690893079113261,216.0,0.5462962962962962,0.037037037037037035,0.22222222222222218,0.8456352292828775
small_long,nomotor_xlink,r0012,6.25,pulse_06,2.8836435185185185,1.565034663619333,0.013594290123456773,-0.013594290123456773,1.0,0.47368421052631576,0.07328656408483117,0.0020616319444444445,0.016398893204517446,216.0,0.5277777777777778,0.03703703703703704,0.24074074074074076,0.8426108771488838
small_long,nomotor_xlink,r0012,6.3,pulse_06,2.8770203703703707,1.507637078022309,0.004133024691357938,-0.004133024691357938,1.0,0.49333333333333335,0.1239224379975291,0.0021484375,0.005429688623387811,216.0,0.537037037037037,0.046296296296296294,0.2407407407407407,0.8584240490871242
small_long,nomotor_xlink,r0012,6.35,pulse_06,2.858845370370371,1.5324565318790062,0.004100925925925998,-0.004100925925925998,1.0,0.49333333333333335,0.10613599829850363,0.0021484375,0.005001303801767221,216.0,0.5462962962962962,0.05555555555555556,0.23148148148148145,0.858570314635374
small_long,nomotor_xlink,r0012,6.4,pulse_06,2.8524148148148147,1.4776292552117056,0.001106172839506166,0.001106172839506166,1.0,0.4864864864864865,0.08469404373068481,0.002105034722222222,0.013498097951222143,216.0,0.5462962962962962,0.05555555555555556,0.23148148148148145,0.8701748704989357
small_long,nomotor_xlink,r0012,6.45,pulse_06,2.865482407407408,1.4514679441716734,0.0018265432098765189,0.0018265432098765189,1.0,0.4444444444444444,0.09575703300874742,0.0021484375,0.006066543980592809,216.0,0.5555555555555555,0.05555555555555556,0.23148148148148145,0.8723523113104
small_long,nomotor_xlink,r0012,6.5,pulse_06,2.863374074074074,1.4412299913281488,0.004876851851851753,0.004876851851851753,1.0,0.4594594594594595,0.11362181727335682,0.002105034722222222,0.0020217911278380316,216.0,0.5462962962962962,0.05555555555555556,0.23148148148148145,0.8710391322442599
small_long,nomotor_xlink,r0012,6.55,pulse_06,2.8947435185185184,1.4393371974046452,0.00808503086419754,0.00808503086419754,1.0,0.47368421052631576,0.053283569497357894,0.002105034722222222,0.004470677096475158,216.0,0.5555555555555555,0.05555555555555556,0.23148148148148145,0.8555286120785854
small_long,nomotor_xlink,r0012,6.6,pulse_06,2.911884259259259,1.4144059287492978,0.0015563271604937718,-0.0015563271604937718,1.0,0.47368421052631576,0.10661580803389817,0.0021484375,0.002984187792639833,216.0,0.5555555555555556,0.055555555555555566,0.23148148148148148,0.8563078940500525
small_long,nomotor_xlink,r0012,6.65,pulse_06,2.885405555555556,1.4572423241604842,0.006701697530864174,0.006701697530864174,1.0,0.47368421052631576,0.1429565865777884,0.002126736111111111,0.0027982435163729225,216.0,0.5462962962962962,0.05555555555555556,0.23148148148148145,0.8703824218215781
small_long,nomotor_xlink,r0012,6.7,pulse_06,2.952094444444444,1.4311953898475354,0.010218672839506096,0.010218672839506096,1.0,0.47368421052631576,0.10258557919910292,0.002105034722222222,0.001850397445933405,216.0,0.5555555555555555,0.05555555555555556,0.21296296296296294,0.86356455625819
small_long,nomotor_xlink,r0012,6.75,pulse_06,2.9467175925925924,1.4683447088360846,0.006433950617283912,-0.006433950617283912,1.0,0.47368421052631576,0.1291699914273905,0.002126736111111111,0.008728542302836595,216.0,0.5555555555555555,0.05555555555555556,0.21296296296296294,0.8607815701223698
small_long,nomotor_xlink,r0012,6.8,pulse_06,2.9134907407407407,1.483566643664555,0.010858487654320959,-0.010858487654320959,1.0,0.4666666666666667,0.06911123759766571,0.002126736111111111,0.0005396726565336518,216.0,0.5555555555555555,0.05555555555555556,0.22222222222222218,0.8608194036765208
small_long,nomotor_xlink,r0012,6.85,pulse_06,2.8815666666666666,1.4651066728968827,0.004245370370370279,-0.004245370370370279,1.0,0.4666666666666667,0.03297583310651868,0.0022786458333333335,0.010711247435303902,216.0,0.5555555555555555,0.055555555555555546,0.23148148148148145,0.8609145041264445
small_long,nomotor_xlink,r0012,6.9,pulse_06,2.888018518518519,1.4192991590527315,0.001309413580246943,-0.001309413580246943,1.0,0.4666666666666667,0.03250539724791117,0.002191840277777778,0.006093231066994997,216.0,0.5555555555555556,0.055555555555555566,0.23148148148148148,0.8699947902751547
small_long,nomotor_xlink,r0012,6.95,pulse_06,2.873710185185185,1.4285472864949127,0.001147530864197499,-0.001147530864197499,1.0,0.49333333333333335,0.060631455565127106,0.0021484375,0.0005241713982463795,216.0,0.5555555555555555,0.05555555555555556,0.23148148148148145,0.8355577473847687
small_long,nomotor_xlink,r0012,7.0,pulse_06,2.881133333333334,1.4224441874422098,0.00247438271604968,0.00247438271604968,1.0,0.5135135135135135,0.08021672042240438,0.002170138888888889,0.002034366350900966,216.0,0.5462962962962962,0.055555555555555546,0.2407407407407407,0.8497313944848377
small_long,nomotor_xlink,r0012,7.05,pulse_07,2.894033333333333,1.3827665724480989,0.003984084084084127,-0.003984084084084127,1.0,0.5,0.13854103649478677,0.002191840277777778,0.015497211388884047,222.0,0.5585585585585584,0.05405405405405406,0.23423423423423423,0.8445012754996993
small_long,nomotor_xlink,r0012,7.1,pulse_07,2.8820810810810804,1.429258206614751,0.0019528528528528117,-0.0019528528528528117,1.0,0.5064935064935064,0.0480470098693418,0.0022786458333333335,0.011053181844017637,222.0,0.5495495495495495,0.05405405405405406,0.2342342342342342,0.8532534654860425
small_long,nomotor_xlink,r0012,7.15,pulse_07,2.882316216216216,1.4490856635122047,0.007315315315315374,0.007315315315315374,1.0,0.48717948717948717,0.12208256957324733,0.0021484375,0.0017977327833385015,222.0,0.5585585585585584,0.05405405405405406,0.22522522522522523,0.8482518909412217
small_long,nomotor_xlink,r0012,7.2,pulse_07,2.9259729729729727,1.440044603314782,0.007175525525525768,0.007175525525525768,1.0,0.4936708860759494,0.10060804635488907,0.0020833333333333333,0.003871104253116838,222.0,0.5675675675675674,0.05405405405405406,0.21621621621621617,0.8443589630743753
small_long,nomotor_xlink,r0012,7.25,pulse_07,2.9253693693693705,1.4258590379935037,0.00047687687687673436,-0.00047687687687673436,1.0,0.48717948717948717,0.07199916867153917,0.00234375,0.0035636471211034637,222.0,0.5585585585585584,0.05405405405405406,0.2342342342342342,0.8589865316906958
small_long,nomotor_xlink,r0012,7.3,pulse_07,2.9231117117117122,1.4186627205881612,0.007854804804805049,-0.007854804804805049,1.0,0.4936708860759494,0.16061709106645972,0.0022569444444444442,0.006274934647581369,222.0,0.5585585585585584,0.05405405405405406,0.2252252252252252,0.8511716854518996
small_long,nomotor_xlink,r0012,7.35,pulse_07,2.8782405405405402,1.3882094301080155,0.015960210210210324,-0.015960210210210324,1.0,0.45,0.23172299194790139,0.0022135416666666666,0.0024787706720976743,222.0,0.5585585585585584,0.05405405405405406,0.2342342342342342,0.8545044245893411
small_long,nomotor_xlink,r0012,7.4,pulse_07,2.8273504504504503,1.4335353446207473,0.011959909909909769,-0.011959909909909769,1.0,0.45,0.057457129742235644,0.0022135416666666666,0.007981755790293218,222.0,0.5585585585585584,0.05405405405405406,0.2342342342342342,0.8604433428817087
small_long,nomotor_xlink,r0012,7.45,pulse_07,2.8064810810810816,1.4360999648497748,0.005649699699699677,-0.005649699699699677,1.0,0.4936708860759494,0.09676796920898134,0.0020616319444444445,0.008750580575784003,222.0,0.5585585585585584,0.06306306306306306,0.2342342342342342,0.8462159829046313
small_long,nomotor_xlink,r0012,7.5,pulse_07,2.7934522522522522,1.4860388280754513,0.013685735735735838,-0.013685735735735838,1.0,0.4805194805194805,0.028224214898802252,0.002170138888888889,0.011371646891304876,222.0,0.5585585585585584,0.06306306306306307,0.2342342342342342,0.8665206633391219
small_long,nomotor_xlink,r0012,7.55,pulse_07,2.7243666666666666,1.504329846197604,0.010700450450450427,-0.010700450450450427,1.0,0.45454545454545453,0.05970370752594294,0.002322048611111111,0.002915086809357185,222.0,0.5495495495495495,0.06306306306306306,0.2342342342342342,0.8660011958956557
small_long,nomotor_xlink,r0012,7.6,pulse_07,2.7292495495495497,1.5035293489315944,0.002504054054054109,-0.002504054054054109,1.0,0.4666666666666667,0.12488606443749815,0.0021484375,0.0022248109015475435,222.0,0.5545454545454543,0.06363636363636364,0.23636363636363633,0.8673726281313767
small_long,nomotor_xlink,r0012,7.65,pulse_07,2.709342342342342,1.5176787116068893,0.003461861861861889,-0.003461861861861889,1.0,0.4594594594594595,0.08546387070971799,0.002170138888888889,0.0069884862003667765,222.0,0.5495495495495495,0.06306306306306306,0.2342342342342342,0.863472549052329
small_long,nomotor_xlink,r0012,7.7,pulse_07,2.7084783783783783,1.545460266133795,0.002042192192192186,-0.002042192192192186,1.0,0.46153846153846156,0.09006496833846088,0.0022786458333333335,0.005183117068977301,222.0,0.5495495495495495,0.06306306306306306,0.2432432432432432,0.874551444054563
small_long,nomotor_xlink,r0012,7.75,pulse_07,2.697089189189189,1.4865800091930255,0.011570120120120153,-0.011570120120120153,1.0,0.4666666666666667,0.10571178933502298,0.0022135416666666666,0.011434645641917984,222.0,0.5495495495495495,0.07207207207207209,0.2432432432432432,0.8792813649809059
small_long,nomotor_xlink,r0012,7.8,pulse_07,2.6390576576576574,1.4768523922822872,0.007508558558558587,-0.007508558558558587,1.0,0.4473684210526316,0.25059487395910346,0.0022352430555555554,0.002647434279571407,222.0,0.5495495495495495,0.07207207207207207,0.2432432432432432,0.8747992578795512
small_long,nomotor_xlink,r0012,7.85,pulse_07,2.6520378378378373,1.502464614870454,0.002195795795796022,0.002195795795796022,1.0,0.45454545454545453,0.11762241448029842,0.0023003472222222223,0.0039924664679878985,222.0,0.5495495495495495,0.07207207207207207,0.2432432432432432,0.8673019372567853
small_long,nomotor_xlink,r0012,7.9,pulse_07,2.6522324324324336,1.5008071910902145,0.0034684684684684144,-0.0034684684684684144,1.0,0.4473684210526316,0.2106784937315495,0.002191840277777778,0.003837589720959267,222.0,0.5315315315315314,0.07207207207207207,0.2432432432432432,0.8677387216770386
small_long,nomotor_xlink,r0012,7.95,pulse_07,2.631227027027027,1.5254901531962095,0.006009309309309503,-0.006009309309309503,1.0,0.42105263157894735,0.03275857612414948,0.0022135416666666666,0.0018095582860869393,222.0,0.5225225225225224,0.07207207207207207,0.2432432432432432,0.8751206937558598
small_long,nomotor_xlink,r0012,8.0,pulse_07,2.6161765765765765,1.489949841373693,0.00501681681681676,-0.00501681681681676,1.0,0.4430379746835443,0.14858869703930666,0.0021484375,0.011846770607505533,222.0,0.5315315315315314,0.07207207207207207,0.2432432432432432,0.8669476006150946
small_long,nomotor_xlink,r0013,0.0,initial,-1.5410357142857143,1.230491717970962,0.0550119047619048,0.0550119047619048,1.0,-0.3333333333333333,0.0,0.00030381944444444445,0.0892851323089429,28.0,0.14285714285714285,0.35714285714285715,0.7857142857142858,0.6022458441336385
small_long,nomotor_xlink,r0013,0.05,initial,-1.376,1.4983471148977907,0.1247900103519669,0.1247900103519669,1.0,-0.3333333333333333,0.5432602412274099,0.0003255208333333333,0.07670481009999053,34.0,0.1764705882352941,0.23529411764705882,0.764705882352941,0.6023104849130743
small_long,nomotor_xlink,r0013,0.1,initial,-0.7922956521739128,1.6907205785709052,0.1437955128205128,0.1437955128205128,1.0,-0.375,0.18976020498047447,0.0004557291666666667,0.049810146431181423,46.0,0.1739130434782609,0.21739130434782608,0.7826086956521741,0.6036770205802829
small_long,nomotor_xlink,r0013,0.15000000000000002,initial,-0.5132269230769231,1.7972079934848793,0.1286159420289855,0.1286159420289855,1.0,-0.4444444444444444,0.09504757548369021,0.0005208333333333333,0.06729787920916046,52.0,0.15384615384615383,0.11538461538461538,0.6923076923076923,0.6705076668035331
small_long,nomotor_xlink,r0013,0.2,initial,-0.02059999999999998,2.094507853825868,0.11793872141372141,0.11793872141372141,1.0,-0.5454545454545454,0.31973819674025067,0.0005859375,0.02747265069806833,64.0,0.1875,0.125,0.59375,0.6981904411609785
small_long,nomotor_xlink,r0013,0.25,initial,0.19440540540540538,1.9620438976732892,0.07090528455284552,0.07090528455284552,1.0,-0.52,0.24661219578196147,0.0007161458333333333,0.029788434987265317,74.0,0.18918918918918914,0.10810810810810809,0.5675675675675674,0.7117445112748405
small_long,nomotor_xlink,r0013,0.30000000000000004,initial,0.40483170731707313,1.915777243902276,0.08926917485667485,0.08926917485667485,1.0,-0.5172413793103449,0.4007470533190641,0.0006944444444444445,0.012577568087473678,82.0,0.17073170731707316,0.09756097560975609,0.5609756097560976,0.7519500679717198
small_long,nomotor_xlink,r0013,0.35000000000000003,initial,0.7300204545454545,2.0375093061981313,0.05363212285456188,0.05363212285456188,1.0,-0.4838709677419355,0.1493975340218931,0.0008463541666666667,0.025623853179319662,88.0,0.18181818181818182,0.06818181818181818,0.4772727272727272,0.7619594612604963
small_long,nomotor_xlink,r0013,0.4,initial,0.7266244444444444,2.069520362978194,0.024504924242424248,0.024504924242424248,1.0,-0.4666666666666667,0.14539461895150274,0.0008897569444444444,0.023516104649582353,90.0,0.1777777777777778,0.06666666666666667,0.4666666666666666,0.7693459039826346
small_long,nomotor_xlink,r0013,0.45,initial,0.87705,2.1786059340956254,0.011160856481481463,0.011160856481481463,1.0,-0.41935483870967744,0.010871203312504591,0.0009548611111111111,0.028530172057741405,96.0,0.1875,0.0625,0.4166666666666667,0.8018496258853346
small_long,nomotor_xlink,r0013,0.5,initial,0.7935895833333332,2.2407013953246424,0.03143300000000002,0.03143300000000002,1.0,-0.4,0.10890130623123873,0.0009331597222222223,0.003963044881622728,96.0,0.20833333333333331,0.08333333333333334,0.4375,0.7993619634624645
small_long,nomotor_xlink,r0013,0.55,initial,1.0656480000000002,2.154827664805889,0.07633833741830066,0.07633833741830066,1.0,-0.3125,0.09638762259398707,0.0010416666666666667,0.010598374057700847,100.0,0.22000000000000003,0.04,0.42000000000000004,0.7804044297305613
small_long,nomotor_xlink,r0013,0.6000000000000001,initial,1.2516196078431372,2.1771111509784373,0.06901841509433959,0.06901841509433959,1.0,-0.25,0.13876714607130827,0.0010199652777777778,0.006432159888842752,102.0,0.23529411764705882,0.0392156862745098,0.39215686274509803,0.7661755079454938
small_long,nomotor_xlink,r0013,0.65,initial,1.4797584905660377,2.1934206241389456,0.024957738315451932,0.024957738315451932,1.0,-0.2,0.13743335797326175,0.0009982638888888888,0.0004911279755448472,106.0,0.2641509433962264,0.03773584905660378,0.3773584905660377,0.7844063137990025
small_long,nomotor_xlink,r0013,0.7000000000000001,initial,1.4013660377358488,2.1741643831251682,0.005626112064036626,-0.005626112064036626,1.0,-0.17647058823529413,0.07745880608947324,0.0010199652777777778,0.0028720139337855923,106.0,0.2641509433962264,0.03773584905660378,0.37735849056603776,0.8000604600129821
small_long,nomotor_xlink,r0013,0.75,initial,1.446001818181818,2.210652707741659,0.009264145225843401,0.009264145225843401,1.0,-0.1111111111111111,0.14146681238115802,0.0010199652777777778,0.010291377361543915,110.0,0.2909090909090909,0.07272727272727272,0.38181818181818183,0.7951113103758525
small_long,nomotor_xlink,r0013,0.8,initial,1.4569509090909092,2.2359126472944317,0.01001308982683983,0.01001308982683983,1.0,-0.1111111111111111,0.1664763543119654,0.0010416666666666667,0.0018039097162613575,110.0,0.3090909090909091,0.07272727272727272,0.3818181818181818,0.7929402595340747
small_long,nomotor_xlink,r0013,0.8500000000000001,initial,1.506080357142857,2.2214761660392273,0.026790940438871536,0.026790940438871536,1.0,-0.13513513513513514,0.33573188973576557,0.0011284722222222221,0.011888931847136686,112.0,0.3214285714285714,0.07142857142857142,0.37499999999999994,0.802739746711367
small_long,nomotor_xlink,r0013,0.9,initial,1.6176965517241384,2.307246238377252,0.03069705912025829,0.03069705912025829,1.0,-0.07692307692307693,0.18790896390964248,0.0012369791666666666,0.014021009051302361,116.0,0.3448275862068967,0.06896551724137931,0.36206896551724144,0.8331652737670163
small_long,nomotor_xlink,r0013,0.9500000000000001,initial,1.6902627118644067,2.3056022203470414,0.02577680422084035,0.02577680422084035,1.0,-0.05,0.17975270839082774,0.0012152777777777778,0.00507502636885578,118.0,0.3559322033898305,0.0847457627118644,0.3559322033898305,0.8172020876930705
small_long,nomotor_xlink,r0013,1.0,initial,1.7723573770491805,2.276796080164117,0.027364888394924607,0.027364888394924607,1.0,0.0,0.2718672432841844,0.001171875,0.009602046727641422,122.0,0.37704918032786894,0.0819672131147541,0.34426229508196726,0.8168811309527653
small_long,nomotor_xlink,r0013,1.05,pulse_01,2.0174838235294117,2.2883686154079728,0.009030630252100824,0.009030630252100824,1.0,0.16666666666666666,0.2577457539367852,0.0013020833333333333,0.002883703552568099,136.0,0.44117647058823534,0.08823529411764705,0.3088235294117646,0.8238668515883879
small_long,nomotor_xlink,r0013,1.1,pulse_01,2.044575714285714,2.2797175047502685,0.007230791316526671,0.007230791316526671,1.0,0.2,0.1911809846309954,0.001345486111111111,0.007857124887583314,140.0,0.4571428571428572,0.08571428571428572,0.3,0.8280037699244382
small_long,nomotor_xlink,r0013,1.15,pulse_01,2.0608685714285717,2.3355113647334727,0.006174000670690812,0.006174000670690812,1.0,0.17647058823529413,0.1736535421512498,0.0014105902777777778,0.00994894709236808,140.0,0.4428571428571428,0.0857142857142857,0.29999999999999993,0.8042989199432689
small_long,nomotor_xlink,r0013,1.2,pulse_01,2.081619718309859,2.339411187304477,0.02273722007722001,0.02273722007722001,1.0,0.19230769230769232,0.1431820501303039,0.0014756944444444444,0.014401844242867204,142.0,0.464788732394366,0.08450704225352113,0.29577464788732394,0.8139517009842421
small_long,nomotor_xlink,r0013,1.25,pulse_01,2.197291891891892,2.421922430190676,0.01675797487628472,0.01675797487628472,1.0,0.23636363636363636,0.2729732594089335,0.0014756944444444444,0.0129787357562093,148.0,0.4729729729729729,0.09459459459459459,0.2837837837837837,0.8202362321300687
small_long,nomotor_xlink,r0013,1.3,pulse_01,2.1821675675675674,2.4172836018417327,0.006513963963963976,-0.006513963963963976,1.0,0.23636363636363636,0.18233738928092447,0.0014973958333333334,0.004216951828310019,148.0,0.4864864864864864,0.09459459459459459,0.2837837837837837,0.8237321550443231
small_long,nomotor_xlink,r0013,1.35,pulse_01,2.158208108108108,2.447224141160536,0.01475765765765765,-0.01475765765765765,1.0,0.23636363636363636,0.13773834902271181,0.0014539930555555556,0.005848078542322129,148.0,0.4864864864864864,0.09459459459459459,0.2837837837837837,0.8333302895449064
small_long,nomotor_xlink,r0013,1.4,pulse_01,2.0936216216216215,2.4523720730956655,0.011371621621621605,-0.011371621621621605,1.0,0.23636363636363636,0.23297309924195733,0.0014539930555555556,0.006336959729241827,148.0,0.4729729729729729,0.09459459459459459,0.32432432432432423,0.8218498509989576
small_long,nomotor_xlink,r0013,1.45,pulse_01,2.0899783783783783,2.485245899535987,0.005503729729729789,0.005503729729729789,1.0,0.2222222222222222,0.2585536149789023,0.001540798611111111,0.00796411195069576,148.0,0.4729729729729729,0.09459459459459459,0.32432432432432423,0.8367709959206704
small_long,nomotor_xlink,r0013,1.5,pulse_01,2.126644,2.50015674479984,0.0020680480480480177,0.0020680480480480177,1.0,0.23636363636363636,0.25293735180187193,0.001540798611111111,0.007932375650232007,150.0,0.4800000000000001,0.09333333333333334,0.31999999999999995,0.8443993841931504
small_long,nomotor_xlink,r0013,1.55,pulse_01,2.1023866666666664,2.532840153437379,0.016417885964912227,0.016417885964912227,1.0,0.21428571428571427,0.2698451332805438,0.001540798611111111,0.0021874838363975524,150.0,0.48,0.12000000000000002,0.3333333333333333,0.8465496775706374
small_long,nomotor_xlink,r0013,1.6,pulse_01,2.2251513157894736,2.5132816478182254,0.010484239766081963,0.010484239766081963,1.0,0.20689655172413793,0.32465281410232716,0.0015190972222222222,0.007647147213899992,152.0,0.48684210526315796,0.10526315789473684,0.3289473684210527,0.8607431489990727
small_long,nomotor_xlink,r0013,1.65,pulse_01,2.165292105263158,2.578723036720779,0.013812938596491206,-0.013812938596491206,1.0,0.22807017543859648,0.3319232893987133,0.001584201388888889,0.012177496283157785,152.0,0.4868421052631578,0.10526315789473684,0.3421052631578948,0.8313969522573891
small_long,nomotor_xlink,r0013,1.7000000000000002,pulse_01,2.1422736842105263,2.586346625517172,0.006355482456140408,-0.006355482456140408,1.0,0.20689655172413793,0.19458174769461276,0.0015190972222222222,0.007043418537855469,152.0,0.4736842105263158,0.10526315789473684,0.34210526315789475,0.8370436379750595
small_long,nomotor_xlink,r0013,1.75,pulse_01,2.1271592105263157,2.536462525493646,0.01983919609149439,0.01983919609149439,1.0,0.1864406779661017,0.20216402834566358,0.001540798611111111,0.004070000954485027,152.0,0.48684210526315796,0.10526315789473684,0.3421052631578948,0.842521510527809
small_long,nomotor_xlink,r0013,1.8,pulse_01,2.2613088607594927,2.561926619790262,0.020909751832111967,0.020909751832111967,1.0,0.22580645161290322,0.27532429466452246,0.0016059027777777777,0.005112490667503374,158.0,0.5063291139240504,0.11392405063291138,0.34177215189873406,0.8484830308459269
small_long,nomotor_xlink,r0013,1.85,pulse_01,2.2526177215189875,2.5671374694986664,0.00395977320675119,0.00395977320675119,1.0,0.21311475409836064,0.29079153762812177,0.0016493055555555556,0.012421396710354063,158.0,0.5063291139240506,0.10126582278481013,0.35443037974683544,0.8315994548810451
small_long,nomotor_xlink,r0013,1.9,pulse_01,2.2850675,2.4873982395281375,0.002447671413502069,0.002447671413502069,1.0,0.23809523809523808,0.2505971967590786,0.0016059027777777777,0.006877733410309987,160.0,0.5125,0.1,0.35,0.8405763453947366
small_long,nomotor_xlink,r0013,1.9500000000000002,pulse_01,2.26730375,2.5258710690368065,0.0014720833333333367,0.0014720833333333367,1.0,0.2786885245901639,0.12576637733725157,0.001540798611111111,0.009136850681200404,160.0,0.5,0.1125,0.35,0.8274177371106681
small_long,nomotor_xlink,r0013,2.0,pulse_01,2.2939,2.54221934361534,0.008865416666666626,0.008865416666666626,1.0,0.3,0.1844151801034347,0.0016276041666666667,0.005449424859511165,160.0,0.5,0.1,0.3375,0.8214929971077469
small_long,nomotor_xlink,r0013,2.05,pulse_02,2.402736144578313,2.5006327555813916,0.0007811244979921325,0.0007811244979921325,1.0,0.3548387096774194,0.24759638604382303,0.0016710069444444444,0.0008014811689226834,166.0,0.5180722891566265,0.09638554216867468,0.3253012048192771,0.8534914489271513
small_long,nomotor_xlink,r0013,2.1,pulse_02,2.4050795180722893,2.4982283120746236,0.008236144578313084,-0.008236144578313084,1.0,0.3548387096774194,0.25108573135777273,0.001736111111111111,0.004635216721981639,166.0,0.5180722891566265,0.0963855421686747,0.3373493975903614,0.8540450661664533
small_long,nomotor_xlink,r0013,2.15,pulse_02,2.3533192771084344,2.5284440559132815,0.018109437751004043,-0.018109437751004043,1.0,0.3548387096774194,0.15301374421839434,0.0017144097222222222,0.0033477275465546943,166.0,0.5060240963855421,0.10843373493975905,0.3373493975903615,0.8337389574136267
small_long,nomotor_xlink,r0013,2.2,pulse_02,2.296422891566265,2.5183146773539518,0.01365321285140575,-0.01365321285140575,1.0,0.30158730158730157,0.23907292546276843,0.0016059027777777777,0.0017774800257641665,166.0,0.506024096385542,0.10843373493975905,0.3493975903614459,0.8428007183781675
small_long,nomotor_xlink,r0013,2.25,pulse_02,2.2714,2.5391089360678665,0.01350987521514635,0.01350987521514635,1.0,0.3125,0.2173226554576699,0.0016493055555555556,0.005166030261380146,166.0,0.5060240963855425,0.1204819277108434,0.3614457831325303,0.8296573342241695
small_long,nomotor_xlink,r0013,2.3,pulse_02,2.377482142857143,2.487318495785671,0.011668650793650833,0.011668650793650833,1.0,0.34375,0.2011468013799799,0.0016927083333333334,0.011533124142563947,168.0,0.5119047619047619,0.10714285714285714,0.34523809523809523,0.8773979245079079
small_long,nomotor_xlink,r0013,2.35,pulse_02,2.341411904761905,2.469910191212483,0.006767857142857177,-0.006767857142857177,1.0,0.30303030303030304,0.1874212191981297,0.0015625,0.0005012754971120229,168.0,0.5119047619047619,0.10714285714285714,0.35714285714285715,0.8566471160232729
small_long,nomotor_xlink,r0013,2.4,pulse_02,2.336875,2.4843108428029987,0.008301984126984093,0.008301984126984093,1.0,0.25,0.22218708137106635,0.001584201388888889,0.010386768450440545,168.0,0.5119047619047619,0.10714285714285714,0.35714285714285715,0.8489266988450573
small_long,nomotor_xlink,r0013,2.45,pulse_02,2.3912238095238094,2.532230801915126,0.009107500000000046,0.009107500000000046,1.0,0.2727272727272727,0.26110534125297913,0.0016710069444444444,0.003918564330775236,168.0,0.5119047619047618,0.10714285714285714,0.34523809523809523,0.8564590603183804
small_long,nomotor_xlink,r0013,2.5,pulse_02,2.3915200000000003,2.50782222878765,0.0051080859010271444,-0.0051080859010271444,1.0,0.3230769230769231,0.2250284808268311,0.0016710069444444444,0.003587958437373547,170.0,0.5176470588235295,0.10588235294117647,0.3647058823529412,0.8306340777843362
small_long,nomotor_xlink,r0013,2.55,pulse_02,2.3605752941176465,2.5537585525393673,0.022592549019607944,-0.022592549019607944,1.0,0.28125,0.23735852431309432,0.0016927083333333334,0.009928178828141121,170.0,0.5176470588235295,0.10588235294117647,0.3647058823529412,0.8551263441070924
small_long,nomotor_xlink,r0013,2.6,pulse_02,2.2559647058823526,2.567391301756497,0.020963333333333223,-0.020963333333333223,1.0,0.28125,0.35933310718575157,0.001736111111111111,0.0004817647864054179,170.0,0.5176470588235293,0.10588235294117647,0.3647058823529412,0.8462778010475995
small_long,nomotor_xlink,r0013,2.65,pulse_02,2.234795294117647,2.550867963820935,0.0020419607843136975,0.0020419607843136975,1.0,0.3125,0.2310688241355015,0.0017795138888888889,0.0015020112573564208,170.0,0.5176470588235292,0.10588235294117647,0.3647058823529412,0.8581698534677374
small_long,nomotor_xlink,r0013,2.7,pulse_02,2.268216470588235,2.5764033693006354,0.002358431372548949,0.002358431372548949,1.0,0.30158730158730157,0.2902977367622968,0.0016493055555555556,0.008711874035243724,170.0,0.511904761904762,0.10714285714285714,0.36904761904761907,0.8618348181444317
small_long,nomotor_xlink,r0013,2.75,pulse_02,2.248945882352941,2.603139208032397,0.010100627917833874,0.010100627917833874,1.0,0.28125,0.1598598016377074,0.0016276041666666667,0.008419941150496232,170.0,0.49411764705882344,0.10588235294117647,0.3647058823529412,0.835838617099768
small_long,nomotor_xlink,r0013,2.8,pulse_02,2.328820238095238,2.626923016203613,0.007562789449112965,0.007562789449112965,1.0,0.3225806451612903,0.21548923652566318,0.0016710069444444444,0.0010693802495775155,168.0,0.4999999999999999,0.09523809523809523,0.35714285714285715,0.8496131379667803
small_long,nomotor_xlink,r0013,2.85,pulse_02,2.2943226190476187,2.6095554895298623,0.014836507936507962,-0.014836507936507962,1.0,0.28125,0.2954769971951374,0.0016710069444444444,0.002083335577980794,168.0,0.4999999999999999,0.09523809523809525,0.35714285714285715,0.8505362759344474
small_long,nomotor_xlink,r0013,2.9,pulse_02,2.2398011904761903,2.6394230296714976,0.02459543650793646,-0.02459543650793646,1.0,0.30158730158730157,0.18877723401096466,0.0016059027777777777,0.0018663436231463788,168.0,0.4999999999999999,0.08333333333333333,0.34523809523809523,0.84750517746056
small_long,nomotor_xlink,r0013,2.95,pulse_02,2.14675,2.6207535512687405,0.019951785714285613,-0.019951785714285613,1.0,0.30158730158730157,0.35075722718345653,0.0016276041666666667,0.004016510921172352,168.0,0.4999999999999999,0.10714285714285714,0.36904761904761907,0.8463453406469492
small_long,nomotor_xlink,r0013,3.0,pulse_02,2.1200904761904766,2.6153239641444634,0.008886507936507767,-0.008886507936507767,1.0,0.30158730158730157,0.279328217374369,0.0017144097222222222,0.001809862374759034,168.0,0.48809523809523797,0.10714285714285714,0.36904761904761907,0.8729453046495235
small_long,nomotor_xlink,r0013,3.05,pulse_03,2.30363595505618,2.530876625660235,0.017052808988764045,-0.017052808988764045,1.0,0.35294117647058826,0.2525218104083619,0.0017795138888888889,0.0036051183860304667,178.0,0.5168539325842695,0.10112359550561797,0.34831460674157294,0.8531683060220082
small_long,nomotor_xlink,r0013,3.1,pulse_03,2.2524775280898877,2.5416919808183263,0.021165543071161103,-0.021165543071161103,1.0,0.35294117647058826,0.20930265472848783,0.0018663194444444445,0.008925864798528341,178.0,0.5168539325842696,0.11235955056179776,0.3595505617977528,0.8430208081031695
small_long,nomotor_xlink,r0013,3.15,pulse_03,2.176642696629213,2.584431814451405,0.013403370786516877,-0.013403370786516877,1.0,0.3235294117647059,0.16939640608057427,0.001736111111111111,0.0011349622973455542,178.0,0.5056179775280898,0.12359550561797754,0.3595505617977528,0.8543324758769159
small_long,nomotor_xlink,r0013,3.2,pulse_03,2.1720573033707864,2.5485017546023996,0.006563857677902574,-0.006563857677902574,1.0,0.34328358208955223,0.1346918106132399,0.0018012152777777779,0.0052143493275730686,178.0,0.5056179775280899,0.12359550561797757,0.3595505617977529,0.8443165583554106
small_long,nomotor_xlink,r0013,3.25,pulse_03,2.1372595505617977,2.5531457184859665,0.0009400749063670499,-0.0009400749063670499,1.0,0.34328358208955223,0.25799522867365193,0.0018663194444444445,0.002977436311062546,178.0,0.50561797752809,0.12359550561797752,0.35955056179775285,0.8559211196999746
small_long,nomotor_xlink,r0013,3.3,pulse_03,2.166416853932584,2.566366372468775,0.0044616104868913835,0.0044616104868913835,1.0,0.35294117647058826,0.16946169058087845,0.0018446180555555555,0.00866669621449101,178.0,0.5168539325842696,0.12359550561797757,0.34831460674157305,0.8605703946912427
small_long,nomotor_xlink,r0013,3.35,pulse_03,2.164029213483146,2.6051458957729126,0.004364232209737769,-0.004364232209737769,1.0,0.34328358208955223,0.18643222290893838,0.0018446180555555555,0.006291980602055232,178.0,0.5056179775280898,0.12359550561797754,0.3483146067415731,0.86108668942003
small_long,nomotor_xlink,r0013,3.4,pulse_03,2.1402314606741575,2.6041182560811063,0.0055387640449438,-0.0055387640449438,1.0,0.3142857142857143,0.23764735730206266,0.0018012152777777779,0.006379310227565697,178.0,0.5056179775280898,0.12359550561797754,0.348314606741573,0.8698925267063093
small_long,nomotor_xlink,r0013,3.45,pulse_03,2.1307966292134832,2.5668700344075184,0.007529588014981196,0.007529588014981196,1.0,0.3142857142857143,0.13264523190179733,0.0017578125,0.013754362493061315,178.0,0.5168539325842696,0.13483146067415733,0.35955056179775274,0.8754825703945157
small_long,nomotor_xlink,r0013,3.5,pulse_03,2.1854089887640447,2.5215920811227384,0.025119879979570953,0.025119879979570953,1.0,0.3142857142857143,0.20040865520912826,0.0016276041666666667,0.0002017277308872245,178.0,0.5168539325842697,0.13483146067415733,0.348314606741573,0.8565454127935651
small_long,nomotor_xlink,r0013,3.55,pulse_03,2.281515909090909,2.5680804007928417,0.016018767024174336,0.016018767024174336,1.0,0.34328358208955223,0.19623498643949255,0.0015625,0.003765074768049844,176.0,0.5113636363636364,0.11363636363636362,0.3522727272727272,0.8523563905542595
small_long,nomotor_xlink,r0013,3.6,pulse_03,2.2815215909090907,2.5441825297310374,0.0039945075757575514,-0.0039945075757575514,1.0,0.3235294117647059,0.28465005191358334,0.001736111111111111,0.0037756465056326682,176.0,0.5227272727272727,0.11363636363636362,0.3522727272727272,0.8462270940171671
small_long,nomotor_xlink,r0013,3.65,pulse_03,2.2575488636363636,2.5454265217590457,0.009586742424242326,-0.009586742424242326,1.0,0.3333333333333333,0.2544981583272435,0.0017795138888888889,0.003891391850486962,176.0,0.5113636363636364,0.11363636363636362,0.3522727272727273,0.8538928050486772
small_long,nomotor_xlink,r0013,3.7,pulse_03,2.2240011363636367,2.567530880833959,0.006112689393939386,-0.006112689393939386,1.0,0.31343283582089554,0.21007979979750852,0.0017578125,0.004029659211689296,176.0,0.49425287356321856,0.1149425287356322,0.35632183908045983,0.8507278280042591
small_long,nomotor_xlink,r0013,3.75,pulse_03,2.2208727272727273,2.5696044770291815,0.0012028409090908039,0.0012028409090908039,1.0,0.3235294117647059,0.2914508450777065,0.0017795138888888889,0.003596547998042654,176.0,0.4999999999999999,0.12499999999999997,0.3522727272727272,0.85972587967892
small_long,nomotor_xlink,r0013,3.8,pulse_03,2.2312181818181815,2.589110168822215,0.004131250000000068,-0.004131250000000068,1.0,0.31343283582089554,0.23355115182214098,0.0018012152777777779,0.002522071734321063,176.0,0.5,0.12499999999999997,0.3522727272727272,0.8563103966940497
small_long,nomotor_xlink,r0013,3.85,pulse_03,2.196085227272727,2.584736907435108,0.007002083333333298,-0.007002083333333298,1.0,0.30303030303030304,0.19038779828655153,0.0017578125,0.0024009015675974243,176.0,0.48275862068965525,0.13793103448275862,0.35632183908045983,0.8575192550932864
small_long,nomotor_xlink,r0013,3.9,pulse_03,2.1892056818181818,2.5747047594166306,0.0012403409090908646,-0.0012403409090908646,1.0,0.2835820895522388,0.22468777549371927,0.001736111111111111,0.010362869454941803,176.0,0.4886363636363636,0.125,0.35227272727272724,0.8684522755796913
small_long,nomotor_xlink,r0013,3.95,pulse_03,2.1886431818181817,2.6469141241647587,0.00415738636363631,-0.00415738636363631,1.0,0.2835820895522388,0.19506287530551897,0.001736111111111111,0.014341698418482096,176.0,0.4999999999999999,0.12499999999999997,0.3522727272727273,0.8592501500537637
small_long,nomotor_xlink,r0013,4.0,pulse_03,2.164261363636364,2.660754949927523,0.008127272727272613,-0.008127272727272613,1.0,0.30303030303030304,0.1440815542158581,0.0018229166666666667,0.004613608587588154,176.0,0.4886363636363635,0.12499999999999997,0.35227272727272724,0.8729284434338229
small_long,nomotor_xlink,r0013,4.05,pulse_04,2.320328125,2.686747911037076,0.007820138888888994,0.007820138888888994,1.0,0.36,0.16523316547602643,0.0018663194444444445,0.000694680426315486,192.0,0.5416666666666667,0.11458333333333333,0.3333333333333333,0.866077872075749
small_long,nomotor_xlink,r0013,4.1,pulse_04,2.343788541666667,2.6888319523160225,0.013780208333333377,0.013780208333333377,1.0,0.36,0.19545854137509927,0.001953125,0.0006555189208898119,192.0,0.5416666666666667,0.11458333333333334,0.32291666666666663,0.842180406832664
small_long,nomotor_xlink,r0013,4.15,pulse_04,2.4030093750000003,2.682814797511737,0.0016343750000000767,-0.0016343750000000767,1.0,0.38666666666666666,0.12543149586891458,0.0019314236111111112,0.006796446787740236,192.0,0.5416666666666666,0.11458333333333333,0.32291666666666663,0.8727112511133263
small_long,nomotor_xlink,r0013,4.2,pulse_04,2.3339822916666666,2.729610633042464,0.013464756944444526,-0.013464756944444526,1.0,0.37662337662337664,0.16540076196236975,0.001974826388888889,0.007165749940022466,192.0,0.5416666666666666,0.125,0.32291666666666663,0.8661204348241686
small_long,nomotor_xlink,r0013,4.25,pulse_04,2.322220833333333,2.725809297151872,0.01091093750000005,-0.01091093750000005,1.0,0.36,0.19976154052099465,0.0018229166666666667,0.0001114499143623308,192.0,0.53125,0.12500000000000003,0.32291666666666663,0.8555910134105048
small_long,nomotor_xlink,r0013,4.3,pulse_04,2.2685166666666663,2.72894193355629,0.014144791666666675,-0.014144791666666675,1.0,0.3684210526315789,0.31710771592694514,0.0018446180555555555,0.00013138219015355426,192.0,0.5416666666666667,0.15625,0.3229166666666667,0.8516949710344184
small_long,nomotor_xlink,r0013,4.35,pulse_04,2.237352083333333,2.7265975902927932,0.007113020833333279,-0.007113020833333279,1.0,0.40540540540540543,0.18270637807851178,0.0019965277777777776,0.00017560929422562785,192.0,0.53125,0.13541666666666666,0.3229166666666667,0.8508182788165184
small_long,nomotor_xlink,r0013,4.4,pulse_04,2.2258385416666666,2.727888277790936,0.011000091374269013,0.011000091374269013,1.0,0.38666666666666666,0.25761052425093345,0.0018663194444444445,0.002593465027413089,192.0,0.5416666666666665,0.13541666666666666,0.32291666666666663,0.8555910134105048
small_long,nomotor_xlink,r0013,4.45,pulse_04,2.303352631578947,2.7110368001283147,0.008977436038011785,0.008977436038011785,1.0,0.40540540540540543,0.1949997960548937,0.0018229166666666667,0.005649210804639093,190.0,0.5368421052631579,0.12631578947368421,0.31578947368421045,0.8510073986765584
small_long,nomotor_xlink,r0013,4.5,pulse_04,2.2797031578947373,2.6939930129631016,0.003051228070175475,-0.003051228070175475,1.0,0.4166666666666667,0.29656098014209153,0.0019097222222222222,0.002706809619711,190.0,0.536842105263158,0.12631578947368421,0.31578947368421034,0.8598104367078773
small_long,nomotor_xlink,r0013,4.55,pulse_04,2.2850452631578944,2.7272776578465807,0.007344912280701814,-0.007344912280701814,1.0,0.3783783783783784,0.21893826045696624,0.0018446180555555555,0.009324355292744224,190.0,0.5319148936170213,0.12765957446808512,0.3191489361702128,0.8528759612984446
small_long,nomotor_xlink,r0013,4.6,pulse_04,2.2356336842105264,2.749939144719567,0.008698947368420992,-0.008698947368420992,1.0,0.36,0.23144814575207917,0.0019097222222222222,0.001646252040323611,190.0,0.5368421052631579,0.12631578947368421,0.31578947368421045,0.8593697608445746
small_long,nomotor_xlink,r0013,4.65,pulse_04,2.2328515789473684,2.7371551700885224,0.0029901754385964394,-0.0029901754385964394,1.0,0.36,0.26441036850957317,0.0017578125,0.0021306028283719267,190.0,0.5368421052631578,0.12631578947368421,0.32631578947368417,0.8482306609146306
small_long,nomotor_xlink,r0013,4.7,pulse_04,2.217692631578948,2.7371555277493353,0.001289298245614005,-0.001289298245614005,1.0,0.3783783783783784,0.25410657654433194,0.0018880208333333333,0.0037295794758801883,190.0,0.536842105263158,0.12631578947368421,0.3157894736842105,0.854407167576705
small_long,nomotor_xlink,r0013,4.75,pulse_04,2.2251157894736844,2.7147776932332413,0.0035459089212392936,0.0035459089212392936,1.0,0.38666666666666666,0.1398156243350378,0.0019097222222222222,0.0006120791113976379,190.0,0.5368421052631579,0.12631578947368421,0.3157894736842105,0.8483969417484304
small_long,nomotor_xlink,r0013,4.8,pulse_04,2.2389680851063836,2.7334830530809495,0.0017868514371034057,-0.0017868514371034057,1.0,0.3783783783783784,0.1823945741689857,0.0019097222222222222,0.0038417333182291604,188.0,0.5425531914893618,0.11702127659574468,0.30851063829787234,0.8480990377069314
small_long,nomotor_xlink,r0013,4.85,pulse_04,2.214394680851064,2.6917272933238663,0.001120212765957529,-0.001120212765957529,1.0,0.3888888888888889,0.29817591221875517,0.0018229166666666667,0.007461474553474234,188.0,0.5319148936170212,0.11702127659574471,0.3191489361702128,0.8664084675873024
small_long,nomotor_xlink,r0013,4.9,pulse_04,2.2322468085106384,2.688714205760104,0.0012120567375886182,0.0012120567375886182,1.0,0.40540540540540543,0.19066585652415075,0.0019314236111111112,0.0017329591251386371,188.0,0.5425531914893618,0.11702127659574468,0.3085106382978723,0.8561003798351963
small_long,nomotor_xlink,r0013,4.95,pulse_04,2.2216670212765957,2.702125048074698,0.006241312056737576,0.006241312056737576,1.0,0.40540540540540543,0.2516694136807759,0.0018229166666666667,0.0040500289114398695,188.0,0.5319148936170214,0.11702127659574468,0.3085106382978723,0.8495373831910672
small_long,nomotor_xlink,r0013,5.0,pulse_04,2.269694680851064,2.7130143792287433,0.016009219858156065,0.016009219858156065,1.0,0.4246575342465753,0.21957417504935553,0.0018663194444444445,0.0036297770513484076,188.0,0.5425531914893618,0.11702127659574468,0.31914893617021267,0.8419979282019082
small_long,nomotor_xlink,r0013,5.05,pulse_05,2.428189898989899,2.7836219829463342,0.006028282828282716,0.006028282828282716,1.0,0.4430379746835443,0.2622113879531876,0.0018229166666666667,0.000289468828232368,198.0,0.5656565656565659,0.13131313131313133,0.29292929292929304,0.8489172491056431
small_long,nomotor_xlink,r0013,5.1,pulse_05,2.4462747474747473,2.7844903894310313,3.2828282828282575e-05,3.2828282828282575e-05,1.0,0.4430379746835443,0.2593902723062154,0.0018880208333333333,0.0012789314650732593,198.0,0.5656565656565657,0.11111111111111112,0.292929292929293,0.8478706721653726
small_long,nomotor_xlink,r0013,5.15,pulse_05,2.428386868686869,2.791295571736774,0.0015329966329965898,-0.0015329966329965898,1.0,0.4430379746835443,0.24497216642550584,0.001953125,0.006639804717030924,198.0,0.5656565656565657,0.11111111111111112,0.292929292929293,0.8187984500888889
small_long,nomotor_xlink,r0013,5.2,pulse_05,2.4370767676767677,2.744651561128846,0.006513804713804768,-0.006513804713804768,1.0,0.4358974358974359,0.1745298356191794,0.0020399305555555557,0.012556684392045714,198.0,0.5656565656565659,0.11111111111111112,0.29292929292929304,0.8635292837913912
small_long,nomotor_xlink,r0013,5.25,pulse_05,2.38930404040404,2.7159554653844995,0.012013804713804754,-0.012013804713804754,1.0,0.4358974358974359,0.1663147905709479,0.0018663194444444445,0.0005516727862414269,198.0,0.5555555555555556,0.11111111111111112,0.292929292929293,0.8598695927535971
small_long,nomotor_xlink,r0013,5.3,pulse_05,2.364993939393939,2.7413415244113972,0.004223737373737342,-0.004223737373737342,1.0,0.41025641025641024,0.24213123274547937,0.0020399305555555557,0.000337095697135877,198.0,0.5555555555555557,0.11111111111111112,0.3030303030303031,0.8556018842813503
small_long,nomotor_xlink,r0013,5.35,pulse_05,2.363961616161616,2.7139328912016842,0.0009138047138047186,-0.0009138047138047186,1.0,0.41025641025641024,0.2621848211080064,0.0019097222222222222,0.006797205737040605,198.0,0.5555555555555558,0.11111111111111112,0.292929292929293,0.8606528613322236
small_long,nomotor_xlink,r0013,5.4,pulse_05,2.359511111111111,2.7005582899891536,0.00808047138047141,-0.00808047138047141,1.0,0.42857142857142855,0.19262375759835698,0.002018229166666667,0.007889963821996027,198.0,0.5454545454545456,0.11111111111111112,0.29292929292929304,0.8605860041237955
small_long,nomotor_xlink,r0013,5.45,pulse_05,2.3154787878787877,2.666593108269708,0.005701683501683504,-0.005701683501683504,1.0,0.4358974358974359,0.18150966913747904,0.0018446180555555555,0.009987477668873165,198.0,0.5454545454545456,0.12121212121212122,0.31313131313131326,0.8719097863099864
small_long,nomotor_xlink,r0013,5.5,pulse_05,2.32530101010101,2.6406334239759146,0.0014755892255893244,0.0014755892255893244,1.0,0.42857142857142855,0.2529061292970006,0.0018880208333333333,0.005293032325044707,198.0,0.5555555555555557,0.12121212121212122,0.31313131313131326,0.8764710353745149
small_long,nomotor_xlink,r0013,5.55,pulse_05,2.3243323232323236,2.63483491431944,0.004906565656565591,-0.004906565656565591,1.0,0.42857142857142855,0.1591308467915588,0.0019314236111111112,0.003906850595465139,198.0,0.5555555555555556,0.12121212121212122,0.31313131313131326,0.8700799407910893
small_long,nomotor_xlink,r0013,5.6,pulse_05,2.2958616161616163,2.6171923204031238,0.006469023569023606,-0.006469023569023606,1.0,0.42857142857142855,0.1905852462366667,0.001953125,0.003611861535452935,198.0,0.5555555555555557,0.12121212121212122,0.3131313131313132,0.8542617667487981
small_long,nomotor_xlink,r0013,5.65,pulse_05,2.285518181818182,2.6131637451067222,0.008688552188552245,-0.008688552188552245,1.0,0.42857142857142855,0.1992352491462984,0.001953125,0.0018455889858869738,198.0,0.5555555555555557,0.12121212121212122,0.31313131313131326,0.8562511746839677
small_long,nomotor_xlink,r0013,5.7,pulse_05,2.243730303030303,2.6282658543184456,0.0060991582491582985,-0.0060991582491582985,1.0,0.41025641025641024,0.21903910207659316,0.0019314236111111112,0.003220108613930147,198.0,0.5555555555555557,0.12121212121212122,0.31313131313131326,0.8624414338829561
small_long,nomotor_xlink,r0013,5.75,pulse_05,2.248923232323232,2.632484396790303,0.0034850168350168964,0.0034850168350168964,1.0,0.41025641025641024,0.20999579735957866,0.001974826388888889,0.001275277608968987,198.0,0.5555555555555557,0.12121212121212122,0.31313131313131326,0.841361288133839
small_long,nomotor_xlink,r0013,5.8,pulse_05,2.2646404040404042,2.6206141886646317,0.0004523569023568985,0.0004523569023568985,1.0,0.42857142857142855,0.22592228000814665,0.001974826388888889,0.0009945862914336374,198.0,0.5555555555555558,0.12121212121212122,0.3131313131313132,0.8427269899066547
small_long,nomotor_xlink,r0013,5.85,pulse_05,2.2516373737373736,2.6265168790417013,0.0023255892255892676,-0.0023255892255892676,1.0,0.41025641025641024,0.25740819725941594,0.001974826388888889,0.0009855440646088602,198.0,0.5555555555555557,0.12121212121212122,0.31313131313131326,0.8452988310360137
small_long,nomotor_xlink,r0013,5.9,pulse_05,2.2506868686868686,2.626527453052285,0.009941245791245779,-0.009941245791245779,1.0,0.41025641025641024,0.2957869396045917,0.001953125,0.001009561713686269,198.0,0.5454545454545454,0.12121212121212122,0.31313131313131326,0.8626422692673933
small_long,nomotor_xlink,r0013,5.95,pulse_05,2.191989898989899,2.632574249323819,0.016188215488215585,-0.016188215488215585,1.0,0.3924050632911392,0.3086519499372418,0.001953125,0.006032647113271598,198.0,0.5353535353535356,0.13131313131313133,0.3131313131313132,0.8579214577865921
small_long,nomotor_xlink,r0013,6.0,pulse_05,2.153557575757575,2.6627233357319144,0.012810774410774606,-0.012810774410774606,1.0,0.42857142857142855,0.3254833233706291,0.001953125,0.010049695469365183,198.0,0.5151515151515151,0.13131313131313133,0.3131313131313132,0.8659973789753787
small_long,nomotor_xlink,r0013,6.05,pulse_06,2.2171233009708735,2.6913482625423257,0.0009673139158574706,-0.0009673139158574706,1.0,0.42168674698795183,0.2257342718672849,0.001974826388888889,0.00960984147386427,206.0,0.553398058252427,0.13592233009708737,0.3009708737864077,0.8633934439503075
small_long,nomotor_xlink,r0013,6.1,pulse_06,2.214221359223301,2.662518738120733,0.002231229773462795,0.002231229773462795,1.0,0.42168674698795183,0.28319094000904604,0.0020833333333333333,0.004326679002917795,206.0,0.553398058252427,0.13592233009708737,0.3009708737864077,0.8712951242428311
small_long,nomotor_xlink,r0013,6.15,pulse_06,2.2305106796116503,2.665388188524819,0.0014108414239482059,-0.0014108414239482059,1.0,0.4146341463414634,0.1359489217984719,0.0020616319444444445,0.0005696833299124737,206.0,0.5436893203883494,0.13592233009708737,0.30097087378640774,0.8698785284856329
small_long,nomotor_xlink,r0013,6.2,pulse_06,2.205756310679612,2.659100638141258,0.005583514182372055,0.005583514182372055,1.0,0.4146341463414634,0.29355621792136943,0.001974826388888889,0.0010253015151856875,206.0,0.553398058252427,0.13592233009708737,0.30097087378640774,0.8781908713597549
small_long,nomotor_xlink,r0013,6.25,pulse_06,2.2640117647058826,2.671539997615933,0.008525092010914337,0.008525092010914337,1.0,0.43902439024390244,0.3395894678329667,0.0020833333333333333,0.00781252309861872,204.0,0.5294117647058825,0.12745098039215688,0.3039215686274511,0.8586321915766324
small_long,nomotor_xlink,r0013,6.3,pulse_06,2.256906862745098,2.7059757767329704,0.0015663398692810453,-0.0015663398692810453,1.0,0.43209876543209874,0.2745774997703416,0.002018229166666667,0.006368817848297829,204.0,0.5294117647058824,0.12745098039215688,0.3039215686274511,0.8543847980629926
small_long,nomotor_xlink,r0013,6.35,pulse_06,2.2546137254901963,2.70975290470572,0.007481699346405228,-0.007481699346405228,1.0,0.43902439024390244,0.270208611100155,0.0020833333333333333,0.0019310483404850753,204.0,0.5588235294117647,0.12745098039215688,0.3039215686274511,0.8464056503166206
small_long,nomotor_xlink,r0013,6.4,pulse_06,2.2120166666666665,2.717562066775881,0.006580882352941186,-0.006580882352941186,1.0,0.43209876543209874,0.28861043576398643,0.0020399305555555557,0.0003516180276790977,204.0,0.5392156862745099,0.13725490196078433,0.3039215686274511,0.8494823791606745
small_long,nomotor_xlink,r0013,6.45,pulse_06,2.2151284313725492,2.7076431965396455,0.006251842684268445,0.006251842684268445,1.0,0.43209876543209874,0.28675458181470936,0.001953125,0.0047303400240510385,204.0,0.5490196078431373,0.12745098039215688,0.3039215686274511,0.8586970823965773
small_long,nomotor_xlink,r0013,6.5,pulse_06,2.249527722772277,2.745944106920187,0.0033300799197566455,0.0033300799197566455,1.0,0.45,0.28501072202614103,0.0020833333333333333,0.00783067305255214,202.0,0.5643564356435645,0.1386138613861386,0.2970297029702971,0.8455589207164663
small_long,nomotor_xlink,r0013,6.55,pulse_06,2.235108910891089,2.7546272348549583,0.0018165462046204617,0.0018165462046204617,1.0,0.45,0.2657114897997692,0.002018229166666667,0.0016262155275588164,202.0,0.5346534653465348,0.12871287128712872,0.2970297029702971,0.854238383568773
small_long,nomotor_xlink,r0013,6.6,pulse_06,2.260427,2.75570140008554,0.0011240148514850556,0.0011240148514850556,1.0,0.46835443037974683,0.2522281604737085,0.0020616319444444445,0.0016670047366572256,200.0,0.5499999999999999,0.13,0.29000000000000015,0.8616625660868633
small_long,nomotor_xlink,r0013,6.65,pulse_06,2.2418529999999994,2.744625206435015,0.004900500000000048,-0.004900500000000048,1.0,0.46835443037974683,0.2919203177221816,0.001974826388888889,0.0015386984347261674,200.0,0.54,0.15,0.29000000000000004,0.8511356794596084
small_long,nomotor_xlink,r0013,6.7,pulse_06,2.2310239999999997,2.746469209477183,0.007295499999999899,-0.007295499999999899,1.0,0.46153846153846156,0.22047490702397393,0.0019965277777777776,0.00029586276549816343,200.0,0.5399999999999998,0.16,0.2900000000000001,0.8511356794596084
small_long,nomotor_xlink,r0013,6.75,pulse_06,2.19808,2.746400383028004,0.012815833333333249,-0.012815833333333249,1.0,0.46153846153846156,0.216550223097124,0.0018880208333333333,0.0012204558838427488,200.0,0.55,0.16,0.29000000000000004,0.8444925622377973
small_long,nomotor_xlink,r0013,6.8,pulse_06,2.154129,2.7537919447802395,0.013709333333333351,-0.013709333333333351,1.0,0.46153846153846156,0.222247830861741,0.002018229166666667,0.005649918066449766,200.0,0.55,0.15999999999999998,0.2900000000000001,0.8598510190231551
small_long,nomotor_xlink,r0013,6.85,pulse_06,2.115824,2.7802998914267025,0.018483833333333255,-0.018483833333333255,1.0,0.46153846153846156,0.377686107081829,0.0020399305555555557,0.0012893548842941953,200.0,0.52,0.16,0.2900000000000001,0.8538253709020744
small_long,nomotor_xlink,r0013,6.9,pulse_06,2.0432260000000007,2.7615280740860046,0.013582833333333285,-0.013582833333333285,1.0,0.45454545454545453,0.27644183770276215,0.002018229166666667,0.003729517440736574,200.0,0.48999999999999994,0.16000000000000003,0.29000000000000015,0.8705105440446589
small_long,nomotor_xlink,r0013,6.95,pulse_06,2.034327,2.802676996071122,0.005337833333333227,0.005337833333333227,1.0,0.46153846153846156,0.23510830152966053,0.001953125,0.006414295819124005,200.0,0.51,0.16,0.2900000000000001,0.8367471452087747
small_long,nomotor_xlink,r0013,7.0,pulse_06,2.075253,2.8000138490007487,0.013641999999999932,0.013641999999999932,1.0,0.46153846153846156,0.32847257017324,0.001953125,0.0008877156901244317,200.0,0.5100000000000001,0.16,0.29000000000000004,0.8691838276874322
small_long,nomotor_xlink,r0013,7.05,pulse_07,2.1506844660194173,2.9064321995988123,0.005380258899676378,-0.005380258899676378,1.0,0.475,0.2433964274452187,0.001974826388888889,0.004021721720231408,206.0,0.5145631067961164,0.17475728155339804,0.28155339805825236,0.8666182581356525
small_long,nomotor_xlink,r0013,7.1,pulse_07,2.134543689320388,2.894367034438118,0.005368446601941764,-0.005368446601941764,1.0,0.475,0.24439717480863044,0.001974826388888889,4.397486898066738e-05,206.0,0.5048543689320387,0.16504854368932037,0.28155339805825236,0.8714484900604135
small_long,nomotor_xlink,r0013,7.15,pulse_07,2.1184737864077667,2.9066960488126963,0.004711650485436832,-0.004711650485436832,1.0,0.42105263157894735,0.24833626322569474,0.002018229166666667,0.0022047851152540896,206.0,0.5145631067961164,0.17475728155339804,0.2718446601941747,0.8496416198509094
small_long,nomotor_xlink,r0013,7.2,pulse_07,2.106273786407767,2.9075957451296426,0.005091585760517899,0.005091585760517899,1.0,0.45,0.26825370668075227,0.001953125,0.001848958955456892,206.0,0.5145631067961164,0.17475728155339804,0.28155339805825236,0.8825353144038328
small_long,nomotor_xlink,r0013,7.25,pulse_07,2.149023300970874,2.895602295079955,0.014011326860841425,0.014011326860841425,1.0,0.45,0.3586879906743674,0.0019314236111111112,0.00373148594646174,206.0,0.5048543689320387,0.17475728155339804,0.28155339805825236,0.8638395626965408
small_long,nomotor_xlink,r0013,7.3,pulse_07,2.1903417475728157,2.885206829450872,0.0016122977346277878,0.0016122977346277878,1.0,0.475,0.29585040063105184,0.002018229166666667,0.0038742153671991186,206.0,0.524271844660194,0.17475728155339804,0.28155339805825236,0.8831347989676487
small_long,nomotor_xlink,r0013,7.35,pulse_07,2.158697087378641,2.87235700287676,0.011033009708737737,-0.011033009708737737,1.0,0.45,0.21077602135615958,0.0018880208333333333,0.004511885922155938,206.0,0.5145631067961165,0.17475728155339806,0.27184466019417475,0.8512364256193041
small_long,nomotor_xlink,r0013,7.4,pulse_07,2.1241436893203893,2.8581355139179365,0.0037255663430420713,-0.0037255663430420713,1.0,0.475,0.3140711437492716,0.001974826388888889,0.0002250638287083125,206.0,0.524271844660194,0.17475728155339804,0.2718446601941747,0.8663115265004879
small_long,nomotor_xlink,r0013,7.45,pulse_07,2.1363436893203884,2.87370738584901,0.00235113268608426,-0.00235113268608426,1.0,0.48148148148148145,0.28323748842009794,0.0019965277777777776,0.0038285571461270282,206.0,0.524271844660194,0.17475728155339804,0.2718446601941747,0.8603219955825447
small_long,nomotor_xlink,r0013,7.5,pulse_07,2.1100368932038838,2.8811068567946987,0.0021210355987055785,-0.0021210355987055785,1.0,0.475,0.4384260460640522,0.002018229166666667,0.002391352397386489,206.0,0.524271844660194,0.17475728155339804,0.28155339805825236,0.8643351163139231
small_long,nomotor_xlink,r0013,7.55,pulse_07,2.123617475728155,2.888055500233329,0.0035650485436892567,0.0035650485436892567,1.0,0.48148148148148145,0.3395824061797747,0.0019965277777777776,0.000624133003150007,206.0,0.524271844660194,0.17475728155339804,0.2718446601941747,0.865994182894302
small_long,nomotor_xlink,r0013,7.6,pulse_07,2.1314271844660193,2.8848516548135987,0.0032996763754046623,0.0032996763754046623,1.0,0.45,0.28658603533235955,0.0021484375,0.0011515738265294544,206.0,0.5339805825242717,0.17475728155339804,0.28155339805825236,0.8685058168326985
small_long,nomotor_xlink,r0013,7.65,pulse_07,2.143415533980583,2.8811460572741523,0.0011582524271844807,-0.0011582524271844807,1.0,0.45,0.32553614725709884,0.0020399305555555557,0.001281069483657804,206.0,0.524271844660194,0.17475728155339804,0.2718446601941747,0.8679309229464173
small_long,nomotor_xlink,r0013,7.7,pulse_07,2.1244776699029124,2.8925380717155456,0.0010619534868962315,0.0010619534868962315,1.0,0.4634146341463415,0.35125972026825897,0.0019314236111111112,0.0029779772207792674,206.0,0.524271844660194,0.17475728155339804,0.28155339805825236,0.8452714853788957
small_long,nomotor_xlink,r0013,7.75,pulse_07,2.1497872549019603,2.899013920598828,0.0043233295259851685,0.0043233295259851685,1.0,0.475,0.37458395077599405,0.0019965277777777776,0.0027027498341543796,204.0,0.5294117647058825,0.16666666666666669,0.2745098039215687,0.8515788605117327
small_long,nomotor_xlink,r0013,7.8,pulse_07,2.1504176470588234,2.908754570720472,0.0029013071895424383,0.0029013071895424383,1.0,0.475,0.3223706045269698,0.001953125,0.006997256929918594,204.0,0.5098039215686275,0.16666666666666666,0.27450980392156865,0.8628643577955445
small_long,nomotor_xlink,r0013,7.85,pulse_07,2.167195098039215,2.9409974621783395,0.002096568627451001,0.002096568627451001,1.0,0.475,0.4103835205626704,0.0018663194444444445,0.0017807577893046063,204.0,0.5196078431372549,0.16666666666666666,0.26470588235294124,0.8570759252675593
small_long,nomotor_xlink,r0013,7.9,pulse_07,2.1629970588235294,2.9194391174562995,0.0008753267973857041,0.0008753267973857041,1.0,0.475,0.30538533340170826,0.0019314236111111112,0.0076598781770123026,204.0,0.5294117647058825,0.16666666666666669,0.26470588235294124,0.8459952169145252
small_long,nomotor_xlink,r0013,7.95,pulse_07,2.172447058823529,2.8950381931162656,0.002847875816993417,-0.002847875816993417,1.0,0.475,0.35328297123247127,0.0020399305555555557,0.006319225381074507,204.0,0.5392156862745099,0.16666666666666666,0.26470588235294124,0.8668310995469782
small_long,nomotor_xlink,r0013,8.0,pulse_07,2.145909803921569,2.8815237651698524,0.008845751633986746,-0.008845751633986746,1.0,0.46835443037974683,0.4356036484024812,0.0018012152777777779,0.004504809315471074,204.0,0.5098039215686275,0.16666666666666669,0.2647058823529413,0.8511684271096372
small_long,nomotor_xlink,r0014,0.0,initial,1.043094117647059,-0.2519607196963934,0.14236362745098022,0.14236362745098022,1.0,0.38461538461538464,0.0,0.00034722222222222224,0.028965097062418354,34.0,0.29411764705882354,0.11764705882352941,0.29411764705882354,0.5837011212730998
small_long,nomotor_xlink,r0014,0.05,initial,1.4701849999999996,-0.16506542850913833,0.10078698039215683,0.10078698039215683,1.0,0.42857142857142855,0.019446449180268013,0.0003689236111111111,0.012870565391226376,40.0,0.4,0.1,0.25,0.6678228590264573
small_long,nomotor_xlink,r0014,0.1,initial,1.647816,-0.32918411204375164,0.11120626344086026,0.11120626344086026,1.0,0.5294117647058824,0.03238327698452521,0.0005208333333333333,0.09741679985873407,50.0,0.39999999999999997,0.08,0.24,0.6791694915291007
small_long,nomotor_xlink,r0014,0.15000000000000002,initial,2.137422580645161,-0.7495662276615427,0.10673268686868682,0.10673268686868682,1.0,0.6363636363636364,0.3529814044453367,0.0005208333333333333,0.02536819183462587,62.0,0.4838709677419354,0.06451612903225806,0.2258064516129032,0.7045130727235844
small_long,nomotor_xlink,r0014,0.2,initial,2.288212121212121,-0.48139326305150687,0.03426878557874765,0.03426878557874765,1.0,0.6363636363636364,0.14951371360061425,0.0006727430555555556,0.06433523097435769,66.0,0.515151515151515,0.06060606060606061,0.2121212121212121,0.6888487196430125
small_long,nomotor_xlink,r0014,0.25,initial,2.343035294117647,-0.36355484181539655,0.04938789207868166,0.04938789207868166,1.0,0.5238095238095238,0.30555000923056946,0.0006944444444444445,0.007815648242202211,68.0,0.5,0.058823529411764705,0.20588235294117646,0.686052621292959
small_long,nomotor_xlink,r0014,0.30000000000000004,initial,2.584539473684211,-0.4344993735982936,0.0780989956958394,0.0780989956958394,1.0,0.5,0.3366154143620642,0.00078125,0.005269784224784681,76.0,0.5263157894736843,0.05263157894736842,0.18421052631578946,0.7072770237026234
small_long,nomotor_xlink,r0014,0.35000000000000003,initial,2.8116292682926836,-0.39517354716410463,0.08031273923444959,0.08031273923444959,1.0,0.6153846153846154,0.1945947191290806,0.00078125,0.016944645940688608,82.0,0.5365853658536587,0.048780487804878044,0.17073170731707316,0.712348601717779
small_long,nomotor_xlink,r0014,0.4,initial,3.0664159090909084,-0.33283149795416195,0.0629433103570165,0.0629433103570165,1.0,0.6551724137931034,0.18020650930532492,0.0008246527777777778,0.005309641043934767,88.0,0.5681818181818181,0.045454545454545456,0.1590909090909091,0.7386271627395256
small_long,nomotor_xlink,r0014,0.45,initial,3.1892891304347826,-0.42703139342771324,0.05084201515151521,0.05084201515151521,1.0,0.6774193548387096,0.056729789451129366,0.0008463541666666667,0.031246533185993214,92.0,0.5869565217391306,0.04347826086956522,0.1521739130434783,0.7447304040781703
small_long,nomotor_xlink,r0014,0.5,initial,3.3714679999999997,-0.5203106970701212,0.03136161551577158,0.03136161551577158,1.0,0.6666666666666666,0.20491538398363784,0.0008897569444444444,0.02867395437000945,100.0,0.6000000000000001,0.04,0.14,0.7172143138316143
small_long,nomotor_xlink,r0014,0.55,initial,3.377458823529412,-0.5990751196477699,0.009810026143790859,-0.009810026143790859,1.0,0.7222222222222222,0.17747498342756618,0.0009982638888888888,0.011652833971512103,102.0,0.6078431372549021,0.0392156862745098,0.13725490196078433,0.749597734836633
small_long,nomotor_xlink,r0014,0.6000000000000001,initial,3.3126078431372545,-0.5902277008991939,0.01092815904139425,0.01092815904139425,1.0,0.7142857142857143,0.20554469189564067,0.0010199652777777778,0.003138073183419928,102.0,0.6078431372549019,0.0392156862745098,0.1372549019607843,0.7673862316724162
small_long,nomotor_xlink,r0014,0.65,initial,3.4430277777777776,-0.5802466805472504,0.06008317556907827,0.06008317556907827,1.0,0.7222222222222222,0.1810353984017303,0.0009765625,0.019962839438311435,108.0,0.648148148148148,0.037037037037037035,0.12962962962962962,0.7887131726598897
small_long,nomotor_xlink,r0014,0.7000000000000001,initial,3.673106896551724,-0.7100047375290625,0.06262078020643587,0.06262078020643587,1.0,0.6585365853658537,0.09526757373747988,0.0010633680555555555,0.02563339409115138,116.0,0.6724137931034486,0.034482758620689655,0.12068965517241378,0.7690486083657965
small_long,nomotor_xlink,r0014,0.75,initial,3.818752459016393,-0.7340470450941586,0.040994683908046024,0.040994683908046024,1.0,0.6818181818181818,0.07497462808225965,0.0011284722222222221,0.0008389748747594054,122.0,0.6885245901639345,0.03278688524590164,0.11475409836065573,0.7695188876096533
small_long,nomotor_xlink,r0014,0.8,initial,3.9190750000000003,-0.704970888280506,0.017228692728037176,0.017228692728037176,1.0,0.7021276595744681,0.06589648922324629,0.0012803819444444444,0.0011956795736690802,128.0,0.703125,0.03125,0.109375,0.7794566506833236
small_long,nomotor_xlink,r0014,0.8500000000000001,initial,3.922124615384616,-0.7268729676521442,0.01781386815920394,0.01781386815920394,1.0,0.6888888888888889,0.09708440309562362,0.0013020833333333333,0.006729083023274259,130.0,0.6923076923076923,0.03076923076923077,0.10769230769230771,0.7610259869114061
small_long,nomotor_xlink,r0014,0.9,initial,4.025958208955224,-0.7453453864201516,0.02600048680787803,0.02600048680787803,1.0,0.6956521739130435,0.06134121767866098,0.0012803819444444444,0.018028800699184184,134.0,0.6865671641791045,0.029850746268656712,0.1044776119402985,0.7664332990705774
small_long,nomotor_xlink,r0014,0.9500000000000001,initial,4.078127536231884,-0.8350457718472493,0.008770491744177544,0.008770491744177544,1.0,0.7142857142857143,0.05766784830694372,0.001345486111111111,0.01423098995705043,138.0,0.710144927536232,0.028985507246376812,0.10144927536231885,0.7504342903652903
small_long,nomotor_xlink,r0014,1.0,initial,4.078581159420289,-0.8307313261624542,0.00015120772946837965,0.00015120772946837965,1.0,0.7254901960784313,0.012042380228591746,0.0013020833333333333,0.0014381485615983698,138.0,0.710144927536232,0.028985507246376812,0.10144927536231885,0.7498275627274099
small_long,nomotor_xlink,r0014,1.05,pulse_01,4.157711538461538,-0.8218933856352381,0.04446324786324792,0.04446324786324792,1.0,0.7666666666666667,0.042234688375740084,0.001540798611111111,0.002063773787555623,156.0,0.717948717948718,0.02564102564102564,0.08974358974358974,0.7647432788905841
small_long,nomotor_xlink,r0014,1.1,pulse_01,4.291101282051282,-0.8157020642725712,0.016520228821810996,0.016520228821810996,1.0,0.7777777777777778,0.08485554145213384,0.0014322916666666666,0.004458168975601899,156.0,0.7435897435897436,0.01282051282051282,0.07692307692307691,0.7560567474873806
small_long,nomotor_xlink,r0014,1.15,pulse_01,4.256832911392404,-0.8486423994888495,0.008021737544298357,0.008021737544298357,1.0,0.7857142857142857,0.09809708301693638,0.001540798611111111,0.005126502574364145,158.0,0.7341772151898733,0.012658227848101264,0.07594936708860758,0.7766528717222196
small_long,nomotor_xlink,r0014,1.2,pulse_01,4.339231707317072,-0.8464610797187561,0.01845813265411156,0.01845813265411156,1.0,0.7894736842105263,0.0831207832388799,0.001540798611111111,0.00386120348168952,164.0,0.7317073170731709,0.012195121951219511,0.07317073170731707,0.777711730656261
small_long,nomotor_xlink,r0014,1.25,pulse_01,4.367581707317074,-0.8254751785987123,0.01200761227255128,0.01200761227255128,1.0,0.7931034482758621,0.07146088358798097,0.0015190972222222222,0.004605562857320574,164.0,0.7439024390243902,0.012195121951219511,0.07317073170731707,0.7475276390588484
small_long,nomotor_xlink,r0014,1.3,pulse_01,4.41127738095238,-0.8188277025748326,0.0033336575687186176,-0.0033336575687186176,1.0,0.8,0.015766191019726414,0.0014322916666666666,0.0060100396536016025,168.0,0.7349397590361446,0.012048192771084336,0.07228915662650601,0.7502972414395173
small_long,nomotor_xlink,r0014,1.35,pulse_01,4.347579761904762,-0.861535416520322,0.004215770388614833,-0.004215770388614833,1.0,0.8,0.07873689504940283,0.001540798611111111,0.002484482750595781,168.0,0.7142857142857142,0.011904761904761904,0.07142857142857142,0.753486145916033
small_long,nomotor_xlink,r0014,1.4,pulse_01,4.385982758620691,-0.8337345990784073,0.015975470394150076,0.015975470394150076,1.0,0.8095238095238095,0.0892539959193113,0.001584201388888889,0.011992932622287863,174.0,0.7126436781609193,0.011494252873563218,0.09195402298850575,0.7554157438834096
small_long,nomotor_xlink,r0014,1.45,pulse_01,4.4434325842696625,-0.9334930122540491,0.01978152524861147,0.01978152524861147,1.0,0.8153846153846154,0.01667752599855319,0.0016927083333333334,0.013538115480055105,178.0,0.7528089887640449,0.011235955056179775,0.08988764044943823,0.7479770442349933
small_long,nomotor_xlink,r0014,1.5,pulse_01,4.50467191011236,-0.9149632919587379,0.004831606325426711,0.004831606325426711,1.0,0.8260869565217391,0.10281448296436634,0.0016927083333333334,0.012182468258232604,178.0,0.7528089887640449,0.02247191011235955,0.08988764044943821,0.760871768151101
small_long,nomotor_xlink,r0014,1.55,pulse_01,4.472422222222223,-0.8603982027046535,0.001489762796504331,-0.001489762796504331,1.0,0.8208955223880597,0.16843506801975758,0.0016059027777777777,0.0059654811761115645,180.0,0.752808988764045,0.011235955056179775,0.08988764044943823,0.756566173952439
small_long,nomotor_xlink,r0014,1.6,pulse_01,4.495733333333334,-0.9507561790154073,0.007784366471734898,0.007784366471734898,1.0,0.8260869565217391,0.18627202016341146,0.0018012152777777779,0.018400192468727188,186.0,0.7500000000000002,0.010869565217391306,0.08695652173913045,0.7675921271711676
small_long,nomotor_xlink,r0014,1.65,pulse_01,4.519128421052632,-0.9707993575170166,0.006651145475372082,0.006651145475372082,1.0,0.8285714285714286,0.1696004945830105,0.0017144097222222222,0.0009929439289465918,190.0,0.7553191489361701,0.010638297872340425,0.08510638297872342,0.761566088118965
small_long,nomotor_xlink,r0014,1.7000000000000002,pulse_01,4.535640206185566,-0.9567138425890869,0.00624776315789477,0.00624776315789477,1.0,0.8333333333333334,0.07774038272806515,0.0018446180555555555,0.0068788428019078696,194.0,0.7319587628865978,0.020618556701030927,0.0824742268041237,0.7602996599159871
small_long,nomotor_xlink,r0014,1.75,pulse_01,4.556615000000001,-1.0120724143284638,0.002211534364260951,-0.002211534364260951,1.0,0.84,0.10285005633705747,0.002018229166666667,0.004827178276903339,200.0,0.75,0.019999999999999997,0.08999999999999998,0.746988028160141
small_long,nomotor_xlink,r0014,1.8,pulse_01,4.522371000000001,-0.9856769122505069,0.010476333333333384,-0.010476333333333384,1.0,0.8461538461538461,0.08982991813991238,0.0018880208333333333,0.0017213752436326206,200.0,0.75,0.02,0.1,0.7728069218148483
small_long,nomotor_xlink,r0014,1.85,pulse_01,4.4937570000000004,-1.0017441628666681,0.014405166666666839,-0.014405166666666839,1.0,0.8441558441558441,0.11058060364239014,0.0018880208333333333,0.007576197505160902,200.0,0.76,0.02,0.1,0.7852945505549607
small_long,nomotor_xlink,r0014,1.9,pulse_01,4.4359399999999996,-0.9402197272195415,0.019094666666666853,-0.019094666666666853,1.0,0.8441558441558441,0.0888715573889028,0.0018880208333333333,0.016662411485624844,200.0,0.7300000000000001,0.030000000000000006,0.1,0.7903658079821395
small_long,nomotor_xlink,r0014,1.9500000000000002,pulse_01,4.379188999999999,-0.9017696939529191,0.024196499999999805,-0.024196499999999805,1.0,0.8378378378378378,0.14756481486249012,0.0019097222222222222,0.02170163686598923,200.0,0.7,0.030000000000000006,0.1,0.8046517247121978
small_long,nomotor_xlink,r0014,2.0,pulse_01,4.290761000000001,-0.8100099060236061,0.02947599999999954,-0.02947599999999954,1.0,0.8421052631578947,0.1398970047370315,0.001953125,0.030586595976437647,200.0,0.7,0.030000000000000006,0.1,0.7844572664146857
small_long,nomotor_xlink,r0014,2.05,pulse_02,4.2654300970873775,-0.7640785628391707,0.005424595469255482,-0.005424595469255482,1.0,0.8441558441558441,0.15618483610396233,0.0020399305555555557,0.004703459131959538,206.0,0.7087378640776697,0.029126213592233007,0.09708737864077668,0.8090929297984573
small_long,nomotor_xlink,r0014,2.1,pulse_02,4.249156310679611,-0.7499681854432921,0.0023464401294496597,-0.0023464401294496597,1.0,0.8421052631578947,0.1545762950498326,0.0019965277777777776,0.002393014100369628,206.0,0.6893203883495144,0.029126213592233007,0.09708737864077668,0.7971987589983547
small_long,nomotor_xlink,r0014,2.15,pulse_02,4.25135145631068,-0.7784366474413885,0.0026718446601941004,-0.0026718446601941004,1.0,0.8378378378378378,0.16130777442285094,0.0020399305555555557,0.013545718502267415,206.0,0.6796116504854368,0.029126213592233007,0.09708737864077668,0.7917838684506134
small_long,nomotor_xlink,r0014,2.2,pulse_02,4.2331252427184465,-0.8312424964568966,0.007116666666666512,-0.007116666666666512,1.0,0.84,0.17464013999442646,0.001953125,0.017650660693891762,206.0,0.699029126213592,0.029126213592233007,0.09708737864077668,0.7797421724577746
small_long,nomotor_xlink,r0014,2.25,pulse_02,4.2086514563106805,-0.8843406116047391,0.0015321710853871313,0.0015321710853871313,1.0,0.8421052631578947,0.1635030838266296,0.0020616319444444445,0.005140956384111624,206.0,0.728155339805825,0.029126213592233007,0.09708737864077668,0.7964897927212203
small_long,nomotor_xlink,r0014,2.3,pulse_02,4.242318269230769,-0.8620882347615664,0.0033987957430916538,0.0033987957430916538,1.0,0.8421052631578947,0.1504540777341298,0.001953125,0.0015435332975894944,208.0,0.6730769230769231,0.028846153846153844,0.09615384615384615,0.7836959630969204
small_long,nomotor_xlink,r0014,2.35,pulse_02,4.22904423076923,-0.8750794118192021,0.005606016616878169,0.005606016616878169,1.0,0.8421052631578947,0.21462056980488092,0.0019965277777777776,0.0087927363681752,208.0,0.6826923076923077,0.028846153846153844,0.09615384615384615,0.792630528890953
small_long,nomotor_xlink,r0014,2.4,pulse_02,4.275954368932038,-0.8093318165525152,0.01485945668409272,0.01485945668409272,1.0,0.7567567567567568,0.1207266842167767,0.0020616319444444445,0.018190246185640673,206.0,0.6893203883495144,0.019417475728155338,0.08737864077669902,0.7726422515131672
small_long,nomotor_xlink,r0014,2.45,pulse_02,4.318200970873787,-0.7659379347053581,0.003028640776698991,0.003028640776698991,1.0,0.7534246575342466,0.15592054524327884,0.002018229166666667,0.010827574441280166,206.0,0.676470588235294,0.0196078431372549,0.08823529411764704,0.7776212414586505
small_long,nomotor_xlink,r0014,2.5,pulse_02,4.294126213592232,-0.7443663699048342,0.016741341455676295,0.016741341455676295,1.0,0.7567567567567568,0.11543949890173552,0.002018229166666667,0.008347388452028056,206.0,0.6893203883495144,0.019417475728155338,0.08737864077669902,0.8027569971108998
small_long,nomotor_xlink,r0014,2.55,pulse_02,4.4186490196078445,-0.7158536039931898,0.011908376166000453,0.011908376166000453,1.0,0.7777777777777778,0.10195586270763159,0.0019314236111111112,0.00030585235350220435,204.0,0.7254901960784315,0.019607843137254905,0.08823529411764706,0.7641633999923522
small_long,nomotor_xlink,r0014,2.6,pulse_02,4.365576470588235,-0.7462014840258474,0.005122058823529674,-0.005122058823529674,1.0,0.7777777777777778,0.15662905745325267,0.0019097222222222222,0.0011304579716415002,204.0,0.7058823529411766,0.019607843137254905,0.08823529411764706,0.7864255112924577
small_long,nomotor_xlink,r0014,2.65,pulse_02,4.3879166666666665,-0.7226363518230388,0.0009266339869280493,0.0009266339869280493,1.0,0.7534246575342466,0.1285515035973287,0.001953125,0.0060879955538810275,204.0,0.7156862745098039,0.019607843137254905,0.08823529411764705,0.7825995231923971
small_long,nomotor_xlink,r0014,2.7,pulse_02,4.371136274509803,-0.7827294573491336,0.0037954248366013723,-0.0037954248366013723,1.0,0.7534246575342466,0.11565535042709808,0.0020616319444444445,0.0034324446410378684,204.0,0.7254901960784315,0.019607843137254905,0.08823529411764705,0.7736587549904608
small_long,nomotor_xlink,r0014,2.75,pulse_02,4.365144117647058,-0.743231019669266,0.001362745098039131,-0.001362745098039131,1.0,0.7567567567567568,0.1283112731786907,0.0019965277777777776,0.009070050360012202,204.0,0.7254901960784315,0.019607843137254905,0.08823529411764705,0.790492092097388
small_long,nomotor_xlink,r0014,2.8,pulse_02,4.3629598039215685,-0.7283091551890604,0.0010852941176470547,0.0010852941176470547,1.0,0.7777777777777778,0.08761798060172502,0.001974826388888889,0.001966504958103225,204.0,0.7254901960784313,0.0196078431372549,0.08823529411764704,0.7915078873629446
small_long,nomotor_xlink,r0014,2.85,pulse_02,4.371655882352941,-0.7550300494178853,0.0023346405228757603,0.0023346405228757603,1.0,0.7567567567567568,0.13639165870247433,0.002018229166666667,0.007497097537249679,204.0,0.7352941176470588,0.0196078431372549,0.08823529411764705,0.7792965733976607
small_long,nomotor_xlink,r0014,2.9,pulse_02,4.376967647058823,-0.7732917404125584,0.005529411764706005,0.005529411764706005,1.0,0.7808219178082192,0.11071567945695077,0.0019097222222222222,0.0001389136692582412,204.0,0.7171717171717171,0.0202020202020202,0.09090909090909091,0.7998862943091539
small_long,nomotor_xlink,r0014,2.95,pulse_02,4.404832352941177,-0.7541965674023359,0.004875000000000036,-0.004875000000000036,1.0,0.7534246575342466,0.13076814156025332,0.0019097222222222222,0.004299305782241932,204.0,0.715686274509804,0.019607843137254905,0.08823529411764705,0.7827300918943761
small_long,nomotor_xlink,r0014,3.0,pulse_02,4.347717647058823,-0.7474959057191068,0.01903823529411793,-0.01903823529411793,1.0,0.7534246575342466,0.1063581930168129,0.002018229166666667,0.0022335538944096753,204.0,0.696078431372549,0.0196078431372549,0.08823529411764704,0.7857151995517154
small_long,nomotor_xlink,r0014,3.05,pulse_03,4.28687641509434,-0.6935209698661144,0.007363836477987699,0.007363836477987699,1.0,0.76,0.10136351494921764,0.0019314236111111112,0.00782862080075919,212.0,0.7075471698113208,0.01886792452830189,0.0849056603773585,0.7976492154136386
small_long,nomotor_xlink,r0014,3.1,pulse_03,4.308967924528303,-0.6700351074638369,0.011437893081761056,-0.011437893081761056,1.0,0.76,0.10265927624306022,0.002105034722222222,0.006700553118469769,212.0,0.7169811320754718,0.01886792452830189,0.0849056603773585,0.7909766203724483
small_long,nomotor_xlink,r0014,3.15,pulse_03,4.218249056603773,-0.6533176511552958,0.014475314465408987,-0.014475314465408987,1.0,0.76,0.11057452959079343,0.0019314236111111112,0.007728847699183934,212.0,0.6981132075471699,0.01886792452830189,0.08490566037735849,0.801687224558654
small_long,nomotor_xlink,r0014,3.2,pulse_03,4.222116037735849,-0.6236620212687333,0.0066136792452828885,-0.0066136792452828885,1.0,0.7631578947368421,0.0755354239191402,0.002018229166666667,0.0015073082754370286,212.0,0.7075471698113207,0.018867924528301886,0.08490566037735847,0.7885360704134405
small_long,nomotor_xlink,r0014,3.25,pulse_03,4.178566981132076,-0.662361500807918,0.008409119496855263,-0.008409119496855263,1.0,0.76,0.10965620595976908,0.0018880208333333333,0.0013873042940248752,212.0,0.679245283018868,0.01886792452830189,0.0849056603773585,0.7877942154860897
small_long,nomotor_xlink,r0014,3.3,pulse_03,4.171661320754717,-0.615338195504584,0.0008913522012579852,-0.0008913522012579852,1.0,0.76,0.06057424469384077,0.0020399305555555557,0.0015312567227375913,212.0,0.688679245283019,0.01886792452830189,0.0849056603773585,0.7772301224865664
small_long,nomotor_xlink,r0014,3.35,pulse_03,4.173218867924528,-0.6715490411443436,0.0014191823899372125,-0.0014191823899372125,1.0,0.76,0.12969145383465044,0.0020616319444444445,0.008854252235562743,212.0,0.679245283018868,0.01886792452830189,0.0849056603773585,0.8138087848575848
small_long,nomotor_xlink,r0014,3.4,pulse_03,4.163146226415094,-0.6684637089179605,0.00132232704402524,0.00132232704402524,1.0,0.7631578947368421,0.09801518922290395,0.0020399305555555557,0.01918976493040314,212.0,0.6886792452830189,0.01886792452830189,0.0849056603773585,0.7960892340253384
small_long,nomotor_xlink,r0014,3.45,pulse_03,4.18115283018868,-0.7866876307267624,0.0026152515723270042,-0.0026152515723270042,1.0,0.76,0.06403625972163361,0.0020833333333333333,0.02629851144106221,212.0,0.679245283018868,0.01886792452830189,0.0849056603773585,0.8152091829969953
small_long,nomotor_xlink,r0014,3.5,pulse_03,4.147454716981132,-0.8262547775643337,0.00443993710691822,-0.00443993710691822,1.0,0.7837837837837838,0.10659985838312848,0.0020399305555555557,0.0042389249337947965,212.0,0.6603773584905662,0.01886792452830189,0.0849056603773585,0.7854546550316356
small_long,nomotor_xlink,r0014,3.55,pulse_03,4.15451320754717,-0.8121211803295312,0.004106603773584923,-0.004106603773584923,1.0,0.76,0.11387200528629433,0.001974826388888889,0.009498045567993921,212.0,0.6415094339622643,0.01886792452830189,0.0849056603773585,0.7976348090749023
small_long,nomotor_xlink,r0014,3.6,pulse_03,4.1228150943396225,-0.7692665041563702,0.0038468553459121146,-0.0038468553459121146,1.0,0.7808219178082192,0.1245659132826162,0.0020399305555555557,0.009173749596378697,212.0,0.6285714285714286,0.019047619047619046,0.08571428571428572,0.7976772263842723
small_long,nomotor_xlink,r0014,3.65,pulse_03,4.1314320754716976,-0.757078682751259,0.0029661949685535483,0.0029661949685535483,1.0,0.7808219178082192,0.05905418204134802,0.002018229166666667,0.000820501046425078,212.0,0.6320754716981132,0.01886792452830189,0.0849056603773585,0.7940497605250456
small_long,nomotor_xlink,r0014,3.7,pulse_03,4.140612264150944,-0.7643434978778197,0.009628616352201321,-0.009628616352201321,1.0,0.7808219178082192,0.11800846552459235,0.001953125,0.0025204123647687426,212.0,0.6320754716981133,0.01886792452830189,0.0849056603773585,0.7995696894628478
small_long,nomotor_xlink,r0014,3.75,pulse_03,4.07366037735849,-0.7419562085626465,0.014468396226415159,-0.014468396226415159,1.0,0.7808219178082192,0.13130296936058586,0.0020833333333333333,0.0016468345568608211,212.0,0.6320754716981132,0.028301886792452834,0.0849056603773585,0.8032086585521591
small_long,nomotor_xlink,r0014,3.8,pulse_03,4.053801886792453,-0.7742245052189847,0.0024249999999998253,-0.0024249999999998253,1.0,0.7808219178082192,0.11343854446748855,0.0018880208333333333,0.002588254178743791,212.0,0.6226415094339623,0.03773584905660378,0.0849056603773585,0.7920021195122133
small_long,nomotor_xlink,r0014,3.85,pulse_03,4.059110377358491,-0.7574857336351093,0.006270125786163631,0.006270125786163631,1.0,0.7808219178082192,0.1259474596088721,0.0020833333333333333,0.010261057761383974,212.0,0.6320754716981133,0.03773584905660378,0.09433962264150944,0.7991361967188663
small_long,nomotor_xlink,r0014,3.9,pulse_03,4.091422641509435,-0.7126581586506808,0.006584748427672871,0.006584748427672871,1.0,0.7837837837837838,0.1377430496654148,0.0020399305555555557,0.0054942614086483,212.0,0.6415094339622641,0.03773584905660378,0.0849056603773585,0.7903098019311807
small_long,nomotor_xlink,r0014,3.95,pulse_03,4.098618867924528,-0.7245201651832195,0.0006949685534592595,-0.0006949685534592595,1.0,0.7808219178082192,0.1511012180126423,0.002105034722222222,0.002520401258610009,212.0,0.6320754716981133,0.03773584905660378,0.09433962264150943,0.8030596332765838
small_long,nomotor_xlink,r0014,4.0,pulse_03,4.087252830188679,-0.6975357510990208,0.003788679245282959,-0.003788679245282959,1.0,0.7808219178082192,0.09051853020007107,0.0019965277777777776,0.008994804694732905,212.0,0.6509433962264151,0.03773584905660378,0.0849056603773585,0.804397589306236
small_long,nomotor_xlink,r0014,4.05,pulse_04,4.0738,-0.6960585364749295,0.016188990825688403,-0.016188990825688403,1.0,0.7894736842105263,0.16280031197005557,0.002126736111111111,0.0056974618672245665,218.0,0.6697247706422019,0.03669724770642201,0.09174311926605504,0.7988181055031913
small_long,nomotor_xlink,r0014,4.1,pulse_04,4.025233027522935,-0.7131509220766032,0.011630581039755375,-0.011630581039755375,1.0,0.7922077922077922,0.11933749792481568,0.0020833333333333333,0.005169193766934792,218.0,0.6697247706422018,0.03669724770642201,0.10091743119266054,0.8054579371654591
small_long,nomotor_xlink,r0014,4.15,pulse_04,4.004016513761468,-0.7270736990765383,0.0020967889908255857,-0.0020967889908255857,1.0,0.7894736842105263,0.111009051159349,0.0020399305555555557,0.003357908999015465,218.0,0.6788990825688074,0.03669724770642201,0.10091743119266054,0.8150386780490348
small_long,nomotor_xlink,r0014,4.2,pulse_04,4.012652293577982,-0.6930034680825105,0.0007108562691131581,0.0007108562691131581,1.0,0.7894736842105263,0.0970153391326969,0.0021484375,0.0010615516851131268,218.0,0.6666666666666665,0.037037037037037035,0.10185185185185183,0.8046297245845164
small_long,nomotor_xlink,r0014,4.25,pulse_04,4.008281651376147,-0.7207043889658595,0.0028477064220183332,-0.0028477064220183332,1.0,0.7894736842105263,0.12152224097936304,0.001974826388888889,0.003506275360679582,218.0,0.6605504587155963,0.03669724770642201,0.11009174311926606,0.7899347638616151
small_long,nomotor_xlink,r0014,4.3,pulse_04,3.9955660550458716,-0.714041120246588,0.007058868501529074,-0.007058868501529074,1.0,0.7948717948717948,0.09393546947385566,0.002105034722222222,0.003366287841611156,218.0,0.6513761467889908,0.03669724770642201,0.12844036697247704,0.789521249581193
small_long,nomotor_xlink,r0014,4.35,pulse_04,3.9659284403669726,-0.7005066619161926,0.013490061162079478,-0.013490061162079478,1.0,0.7922077922077922,0.09875896144413869,0.0019965277777777776,0.0022685377549918986,218.0,0.6605504587155964,0.03669724770642201,0.11926605504587155,0.8037290419381988
small_long,nomotor_xlink,r0014,4.4,pulse_04,3.9146256880733947,-0.7004298937166366,0.010123088685015214,-0.010123088685015214,1.0,0.7894736842105263,0.08359758065054963,0.0020399305555555557,0.0005357619575623677,218.0,0.6697247706422017,0.03669724770642201,0.13761467889908258,0.7977266031416603
small_long,nomotor_xlink,r0014,4.45,pulse_04,3.9051899082568813,-0.7037212336615668,0.0007896024464830731,0.0007896024464830731,1.0,0.7866666666666666,0.07215868260167396,0.0019965277777777776,0.00010354139209386067,218.0,0.6513761467889907,0.03669724770642201,0.13761467889908255,0.8138022520250178
small_long,nomotor_xlink,r0014,4.5,pulse_04,3.919363302752293,-0.7010511420691997,0.0010805810397552424,0.0010805810397552424,1.0,0.7837837837837838,0.0545899941388442,0.0021484375,0.0007098879377747299,218.0,0.6422018348623852,0.03669724770642201,0.13761467889908258,0.808658209776446
small_long,nomotor_xlink,r0014,4.55,pulse_04,3.9116733944954127,-0.6994619060349184,0.0026212538226297877,-0.0026212538226297877,1.0,0.7894736842105263,0.09947246860031642,0.0019965277777777776,0.0032994992503327936,218.0,0.6605504587155964,0.03669724770642201,0.13761467889908255,0.7826210095806709
small_long,nomotor_xlink,r0014,4.6,pulse_04,3.9036357798165144,-0.681254146567203,0.010053669724770545,-0.010053669724770545,1.0,0.7922077922077922,0.09115983092027002,0.0020616319444444445,0.0004474638085486908,218.0,0.6697247706422018,0.03669724770642201,0.13761467889908255,0.7900207260964064
small_long,nomotor_xlink,r0014,4.65,pulse_04,3.8513513761467895,-0.7021466888862106,0.007908409785932843,-0.007908409785932843,1.0,0.7837837837837838,0.12328757459295521,0.002170138888888889,0.013653681360357328,218.0,0.6330275229357796,0.03669724770642201,0.13761467889908255,0.8087696289897817
small_long,nomotor_xlink,r0014,4.7,pulse_04,3.8561853211009174,-0.7631762347293469,0.0001238532110091247,0.0001238532110091247,1.0,0.7808219178082192,0.10185166675416811,0.002018229166666667,0.003962345869422938,218.0,0.6238532110091743,0.03669724770642201,0.13761467889908255,0.7950258905001457
small_long,nomotor_xlink,r0014,4.75,pulse_04,3.852094495412844,-0.7259207641027482,0.005399235474006077,-0.005399235474006077,1.0,0.7808219178082192,0.06861394257636243,0.0020399305555555557,0.009265230089894735,218.0,0.6238532110091742,0.03669724770642201,0.13761467889908255,0.8063080679794852
small_long,nomotor_xlink,r0014,4.8,pulse_04,3.823789908256881,-0.7075848541899785,0.013094036697247699,-0.013094036697247699,1.0,0.7808219178082192,0.0800024393977007,0.0020399305555555557,0.010072186760785898,218.0,0.6238532110091743,0.03669724770642201,0.13761467889908258,0.812824232686303
small_long,nomotor_xlink,r0014,4.85,pulse_04,3.773530275229358,-0.6654876435380328,0.013858409785932816,-0.013858409785932816,1.0,0.7808219178082192,0.10982449498373086,0.0020833333333333333,0.011905512051896864,218.0,0.6146788990825688,0.03669724770642201,0.13761467889908258,0.8256509149178711
small_long,nomotor_xlink,r0014,4.9,pulse_04,3.740639449541284,-0.6361517818785973,0.009664067278287503,-0.009664067278287503,1.0,0.7567567567567568,0.05475925801444664,0.002105034722222222,0.004134155324926632,218.0,0.6146788990825688,0.03669724770642201,0.13761467889908258,0.8277811601376983
small_long,nomotor_xlink,r0014,4.95,pulse_04,3.715545871559633,-0.6902925754875926,0.0012874617737002787,0.0012874617737002787,1.0,0.7534246575342466,0.10289993320165818,0.0020616319444444445,0.0044417186010502485,218.0,0.6146788990825689,0.03669724770642201,0.13761467889908258,0.8249395058418709
small_long,nomotor_xlink,r0014,5.0,pulse_04,3.7483642201834857,-0.6628020934848988,0.01093944954128423,0.01093944954128423,1.0,0.7567567567567568,0.10123883578625463,0.002105034722222222,0.009163494000897924,218.0,0.6055045871559633,0.03669724770642201,0.13761467889908258,0.8289141309647264
small_long,nomotor_xlink,r0014,5.05,pulse_05,3.7220027027027025,-0.6715141514258305,0.0005561561561561549,0.0005561561561561549,1.0,0.7567567567567568,0.09454875458041813,0.0022135416666666666,0.015759696946917885,222.0,0.6126126126126126,0.03603603603603604,0.13513513513513514,0.8203073422139909
small_long,nomotor_xlink,r0014,5.1,pulse_05,3.723671171171171,-0.7187932422665841,0.003686936936937002,-0.003686936936937002,1.0,0.7808219178082192,0.08071082340162507,0.002170138888888889,0.0030496996473157365,222.0,0.6126126126126125,0.03603603603603604,0.13513513513513514,0.827120064591515
small_long,nomotor_xlink,r0014,5.15,pulse_05,3.6998810810810805,-0.6898123493097249,0.003643093093092853,-0.003643093093092853,1.0,0.7837837837837838,0.1415433324308314,0.0021484375,0.006467134905153438,222.0,0.6036036036036034,0.03603603603603604,0.13513513513513514,0.8324987941544777
small_long,nomotor_xlink,r0014,5.2,pulse_05,3.701812612612614,-0.6799904328356635,0.005760360360360206,-0.005760360360360206,1.0,0.7808219178082192,0.16949867461234092,0.002126736111111111,0.004351673218701242,222.0,0.6036036036036034,0.03603603603603604,0.13513513513513514,0.8417476332078356
small_long,nomotor_xlink,r0014,5.25,pulse_05,3.6653189189189193,-0.6637023099975174,0.009703153153153362,-0.009703153153153362,1.0,0.7808219178082192,0.0977036454287792,0.0022352430555555554,0.0036349115322393266,222.0,0.6036036036036034,0.03603603603603604,0.13513513513513514,0.8128328399676762
small_long,nomotor_xlink,r0014,5.3,pulse_05,3.6435936936936937,-0.6581809636422276,0.0029663663663665276,-0.0029663663663665276,1.0,0.7567567567567568,0.17604136416086438,0.0022786458333333335,0.0025069753402939634,222.0,0.6036036036036035,0.03603603603603604,0.14414414414414414,0.8128245022420283
small_long,nomotor_xlink,r0014,5.35,pulse_05,3.64752072072072,-0.6787441620392812,0.00025075075075083514,0.00025075075075083514,1.0,0.7567567567567568,0.06960469831019706,0.0020833333333333333,0.003391961218743633,222.0,0.6126126126126125,0.03603603603603604,0.14414414414414414,0.8166163561745802
small_long,nomotor_xlink,r0014,5.4,pulse_05,3.6450981981981987,-0.6378291963297658,0.01362548594048607,0.01362548594048607,1.0,0.7808219178082192,0.05452676375527376,0.0020616319444444445,3.70164019229402e-05,222.0,0.5945945945945945,0.03603603603603604,0.14414414414414414,0.8228420792353914
small_long,nomotor_xlink,r0014,5.45,pulse_05,3.7292736363636365,-0.6789662604508189,0.014835300300300188,0.014835300300300188,1.0,0.7808219178082192,0.19296974841964787,0.0020399305555555557,0.003819956044724867,220.0,0.6090909090909089,0.02727272727272727,0.13636363636363638,0.8098899225518948
small_long,nomotor_xlink,r0014,5.5,pulse_05,3.73411,-0.660748932598115,0.004768333333333412,-0.004768333333333412,1.0,0.8055555555555556,0.12408574535938251,0.002126736111111111,0.0013500598389659668,220.0,0.5999999999999999,0.02727272727272727,0.13636363636363635,0.8174986918495447
small_long,nomotor_xlink,r0014,5.55,pulse_05,3.700663636363636,-0.6870666194846147,0.011840606060605921,-0.011840606060605921,1.0,0.8055555555555556,0.16813018016154863,0.002105034722222222,0.0053678110280455105,220.0,0.5999999999999999,0.02727272727272727,0.13636363636363633,0.8212192864993962
small_long,nomotor_xlink,r0014,5.6,pulse_05,3.6630663636363643,-0.692955798766388,0.0062143939393938625,-0.0062143939393938625,1.0,0.8055555555555556,0.1757463538232395,0.0020616319444444445,0.002767338731730314,220.0,0.5909090909090908,0.02727272727272727,0.13636363636363638,0.8046059016220962
small_long,nomotor_xlink,r0014,5.65,pulse_05,3.663377272727273,-0.7036706518749966,0.0035928787878787283,0.0035928787878787283,1.0,0.8055555555555556,0.05757986062207621,0.0020399305555555557,0.0009392785606180584,220.0,0.5909090909090908,0.02727272727272727,0.13636363636363635,0.8133564220201209
small_long,nomotor_xlink,r0014,5.7,pulse_05,3.6846236363636367,-0.6985914701300964,0.00063727272727269,0.00063727272727269,1.0,0.8055555555555556,0.09395059992921911,0.001974826388888889,0.00023924601661545752,220.0,0.6,0.02727272727272727,0.13636363636363635,0.8148767944686287
small_long,nomotor_xlink,r0014,5.75,pulse_05,3.667200909090909,-0.7022351757753038,0.009461666666666702,-0.009461666666666702,1.0,0.8082191780821918,0.0648605211633975,0.0021484375,0.011008929021536237,220.0,0.6,0.02727272727272727,0.13636363636363635,0.8197240060188165
small_long,nomotor_xlink,r0014,5.8,pulse_05,3.6278536363636364,-0.7646450442593138,0.009513939393939333,-0.009513939393939333,1.0,0.8082191780821918,0.10838036887106536,0.0021484375,0.0032760294895378683,220.0,0.5999999999999999,0.02727272727272727,0.13636363636363635,0.8195100543095739
small_long,nomotor_xlink,r0014,5.85,pulse_05,3.610117272727273,-0.721891352712531,0.003610909090909035,-0.003610909090909035,1.0,0.8082191780821918,0.05953145093983029,0.002105034722222222,0.003724288158261498,220.0,0.5999999999999999,0.02727272727272727,0.13636363636363635,0.8155445905180445
small_long,nomotor_xlink,r0014,5.9,pulse_05,3.6061881818181822,-0.7422993153097448,0.004186060606060564,0.004186060606060564,1.0,0.8082191780821918,0.11578252439253367,0.0020833333333333333,0.0005581102091186119,220.0,0.5999999999999999,0.02727272727272727,0.13636363636363635,0.8103368232829341
small_long,nomotor_xlink,r0014,5.95,pulse_05,3.6352336363636364,-0.7185426914578193,0.009860303030302978,0.009860303030302978,1.0,0.8082191780821918,0.09161178822188372,0.0020833333333333333,0.008071926788842554,220.0,0.5999999999999999,0.02727272727272727,0.13636363636363638,0.8218950568605942
small_long,nomotor_xlink,r0014,6.0,pulse_05,3.66535,-0.6938677545766895,0.010038787878787906,0.010038787878787906,1.0,0.8055555555555556,0.05031775920865803,0.0020399305555555557,0.008224978960376625,220.0,0.6,0.02727272727272727,0.13636363636363635,0.8032893895314027
small_long,nomotor_xlink,r0014,6.05,pulse_06,3.6718660714285716,-0.711975788694395,0.011738690476190547,-0.011738690476190547,1.0,0.8108108108108109,0.06163750669226568,0.002126736111111111,0.0017875648400234034,224.0,0.6071428571428573,0.026785714285714284,0.13392857142857142,0.8212271764713548
small_long,nomotor_xlink,r0014,6.1,pulse_06,3.63665,-0.7173384832144653,0.011723214285714286,-0.011723214285714286,1.0,0.8108108108108109,0.06487523011100313,0.002191840277777778,0.006867499246146251,224.0,0.6071428571428572,0.026785714285714284,0.13392857142857142,0.825268754064243
small_long,nomotor_xlink,r0014,6.15,pulse_06,3.601526785714286,-0.7531807841712725,0.013396279761904717,-0.013396279761904717,1.0,0.8082191780821918,0.054383944813613784,0.0021484375,0.004516513651648975,224.0,0.6071428571428572,0.026785714285714284,0.14285714285714285,0.8185435826975282
small_long,nomotor_xlink,r0014,6.2,pulse_06,3.5562723214285716,-0.7444375651243591,0.019472470238095212,-0.019472470238095212,1.0,0.7837837837837838,0.009716195407292811,0.002105034722222222,0.0001631531963052768,224.0,0.6071428571428572,0.026785714285714284,0.14285714285714285,0.8152958218090235
small_long,nomotor_xlink,r0014,6.25,pulse_06,3.4846919642857146,-0.7522018649934409,0.015014583333333276,-0.015014583333333276,1.0,0.8082191780821918,0.10208020561722919,0.0022135416666666666,0.012489027934012353,224.0,0.5892857142857143,0.026785714285714284,0.14285714285714285,0.8133271961518944
small_long,nomotor_xlink,r0014,6.3,pulse_06,3.466184821428572,-0.8193717327284332,0.010824612558987479,0.010824612558987479,1.0,0.8082191780821918,0.08826842743488782,0.002170138888888889,0.02774217626992868,224.0,0.5892857142857142,0.03571428571428571,0.1607142857142857,0.8288350808658753
small_long,nomotor_xlink,r0014,6.35,pulse_06,3.5496396396396395,-0.918654922613013,0.009033911143286,0.009033911143286,1.0,0.8333333333333334,0.08195411943643113,0.002126736111111111,0.009282568294428714,222.0,0.5945945945945945,0.01801801801801802,0.14414414414414414,0.8061494587833057
small_long,nomotor_xlink,r0014,6.4,pulse_06,3.520388288288288,-0.8750671424950055,0.005742942942942901,-0.005742942942942901,1.0,0.8333333333333334,0.05791324655231589,0.002170138888888889,0.006087289092223835,222.0,0.5945945945945945,0.01801801801801802,0.15315315315315314,0.8255577520008384
small_long,nomotor_xlink,r0014,6.45,pulse_06,3.515181981981982,-0.88213118805967,0.001020270270270481,0.001020270270270481,1.0,0.8333333333333334,0.05292685922371398,0.001953125,0.0030775079226767477,222.0,0.5945945945945945,0.02702702702702703,0.15315315315315314,0.83590515534324
small_long,nomotor_xlink,r0014,6.5,pulse_06,3.526509909909911,-0.856602094958945,0.00112267267267252,0.00112267267267252,1.0,0.8333333333333334,0.06543596181269555,0.002170138888888889,0.00248044843638164,222.0,0.5945945945945945,0.02702702702702703,0.15315315315315314,0.832779508744848
small_long,nomotor_xlink,r0014,6.55,pulse_06,3.521918018018017,-0.8672484974413801,0.006225375375375449,-0.006225375375375449,1.0,0.8333333333333334,0.030415955538480442,0.0019965277777777776,0.0008800912512991754,222.0,0.5945945945945945,0.02702702702702703,0.15315315315315314,0.8334223804974655
small_long,nomotor_xlink,r0014,6.6,pulse_06,3.489157657657658,-0.85132154745115,0.0011151651651650034,-0.0011151651651650034,1.0,0.8082191780821918,0.07072799122438746,0.002018229166666667,0.0005979393336435305,222.0,0.5945945945945945,0.02702702702702703,0.14414414414414414,0.8300717384505364
small_long,nomotor_xlink,r0014,6.65,pulse_06,3.515227027027027,-0.8708361334432413,0.0045228228228229765,-0.0045228228228229765,1.0,0.8082191780821918,0.14120303505812315,0.0022352430555555554,0.00820649402047056,222.0,0.5945945945945945,0.02702702702702703,0.14414414414414414,0.8521777195734498
small_long,nomotor_xlink,r0014,6.7,pulse_06,3.4620207207207203,-0.9005605115739733,0.015760960960961024,-0.015760960960961024,1.0,0.8082191780821918,0.14367663004067452,0.002170138888888889,0.01077605808581609,222.0,0.5909090909090908,0.03636363636363636,0.14545454545454548,0.8403660239762663
small_long,nomotor_xlink,r0014,6.75,pulse_06,3.420661261261261,-0.9354924819581378,0.008452702702702597,-0.008452702702702597,1.0,0.7837837837837838,0.09137474004093643,0.002191840277777778,0.0033721003843679154,222.0,0.5945945945945945,0.03603603603603604,0.14414414414414414,0.8439818080562334
small_long,nomotor_xlink,r0014,6.8,pulse_06,3.4113045045045047,-0.9207931138801808,0.0036842342342341774,-0.0036842342342341774,1.0,0.8356164383561644,0.15564823055714064,0.002170138888888889,0.0014192202455251917,222.0,0.5999999999999999,0.03636363636363636,0.14545454545454545,0.8529555196473212
small_long,nomotor_xlink,r0014,6.85,pulse_06,3.398555855855856,-0.944007803431289,0.00459639639639627,-0.00459639639639627,1.0,0.8611111111111112,0.13473427638375363,0.002105034722222222,0.002004857528091301,222.0,0.6036036036036034,0.03603603603603604,0.15315315315315314,0.8206616788556815
small_long,nomotor_xlink,r0014,6.9,pulse_06,3.383726126126127,-0.9328222590487286,0.0050412912912913095,0.0050412912912913095,1.0,0.8356164383561644,0.12459137059281136,0.0020616319444444445,0.003795806241939296,222.0,0.6036036036036034,0.03603603603603604,0.15315315315315317,0.8311246659866777
small_long,nomotor_xlink,r0014,6.95,pulse_06,3.428803603603604,-0.9212329659796532,0.00811411411411389,0.00811411411411389,1.0,0.8611111111111112,0.1430056575051724,0.002170138888888889,0.0014010069012488728,222.0,0.6036036036036034,0.03603603603603604,0.14414414414414414,0.8205053737811483
small_long,nomotor_xlink,r0014,7.0,pulse_06,3.4324108108108105,-0.9244162176412354,0.001202402402402214,0.001202402402402214,1.0,0.8611111111111112,0.0053184352531096615,0.0021484375,0.0010610838871940587,222.0,0.6036036036036034,0.03603603603603604,0.14414414414414414,0.8384835844443976
small_long,nomotor_xlink,r0014,7.05,pulse_07,3.4162863247863253,-0.8941521967808786,0.010116239316239136,-0.010116239316239136,1.0,0.868421052631579,0.12091711979299645,0.0023003472222222223,0.005197094448706714,234.0,0.5982905982905982,0.03418803418803419,0.13675213675213677,0.8422815265083002
small_long,nomotor_xlink,r0014,7.1,pulse_07,3.385937606837608,-0.8785609134347585,0.0009534188034187411,0.0009534188034187411,1.0,0.8701298701298701,0.1268073068509684,0.0022569444444444442,0.0023122728414074665,234.0,0.5982905982905982,0.03418803418803419,0.14529914529914528,0.8475797193563782
small_long,nomotor_xlink,r0014,7.15,pulse_07,3.4220068376068378,-0.9080258338293234,0.006822079772079641,0.006822079772079641,1.0,0.8701298701298701,0.15519126662187466,0.0021484375,0.0064921125225006855,234.0,0.6068376068376069,0.03418803418803419,0.14529914529914528,0.8415091043731034
small_long,nomotor_xlink,r0014,7.2,pulse_07,3.4268700854700858,-0.9175135885697626,0.0019806267806268263,-0.0019806267806268263,1.0,0.868421052631579,0.1735296825794457,0.002191840277777778,0.0017994978017742413,234.0,0.6034482758620692,0.025862068965517244,0.15517241379310348,0.8445313597416865
small_long,nomotor_xlink,r0014,7.25,pulse_07,3.410123076923077,-0.9188228206399689,0.0018646723646724706,-0.0018646723646724706,1.0,0.8701298701298701,0.19361675263105035,0.002191840277777778,0.007382313804558689,234.0,0.5982905982905983,0.03418803418803419,0.15384615384615385,0.8392414363449906
small_long,nomotor_xlink,r0014,7.3,pulse_07,3.415682051282051,-0.8732197057424105,0.0016839031339030974,0.0016839031339030974,1.0,0.868421052631579,0.17532374424812713,0.0022135416666666666,0.006460776050213779,234.0,0.6068376068376068,0.03418803418803419,0.15384615384615385,0.8384436562723836
small_long,nomotor_xlink,r0014,7.35,pulse_07,3.4202264957264954,-0.8800581643386862,0.003307122507122321,-0.003307122507122321,1.0,0.8441558441558441,0.09364178494685998,0.0022786458333333335,0.00038031185851346755,234.0,0.6068376068376067,0.034188034188034185,0.1538461538461538,0.8516620371785242
small_long,nomotor_xlink,r0014,7.4,pulse_07,3.395839316239317,-0.8709378345913297,0.004906552706552529,-0.004906552706552529,1.0,0.8227848101265823,0.15381636508445182,0.0022135416666666666,0.0023659758896042993,234.0,0.6153846153846155,0.03418803418803419,0.15384615384615383,0.8341478812298307
small_long,nomotor_xlink,r0014,7.45,pulse_07,3.3907871794871802,-0.8658623090010604,0.0008468660968662759,-0.0008468660968662759,1.0,0.8666666666666667,0.15290984043266462,0.0022569444444444442,0.0029082172196352083,234.0,0.5982905982905983,0.025641025641025633,0.1538461538461538,0.8401835729323508
small_long,nomotor_xlink,r0014,7.5,pulse_07,3.3907581196581194,-0.8883871379091409,0.004746296296296526,-0.004746296296296526,1.0,0.8441558441558441,0.11894779270829824,0.002322048611111111,0.0068015750980090495,234.0,0.5982905982905983,0.03418803418803419,0.14529914529914528,0.8435502632841765
small_long,nomotor_xlink,r0014,7.55,pulse_07,3.362309401709401,-0.9066717595891147,0.004871652421652402,-0.004871652421652402,1.0,0.7974683544303798,0.15821919577371932,0.002170138888888889,0.008401921112612823,234.0,0.6068376068376068,0.03418803418803419,0.14529914529914528,0.839055405189133
small_long,nomotor_xlink,r0014,7.6,pulse_07,3.361528205128205,-0.9387986645848179,0.0012034188034190467,0.0012034188034190467,1.0,0.8461538461538461,0.14840701020555433,0.0022786458333333335,0.004488336370452632,234.0,0.6153846153846153,0.034188034188034185,0.14529914529914525,0.8379857514657472
small_long,nomotor_xlink,r0014,7.65,pulse_07,3.3695299145299153,-0.9336017778118305,0.004854415954415936,0.004854415954415936,1.0,0.8717948717948718,0.20272008987303158,0.002126736111111111,0.0031085589626823618,234.0,0.6153846153846153,0.03418803418803419,0.14529914529914528,0.8258133079525534
small_long,nomotor_xlink,r0014,7.7,pulse_07,3.3906547008547006,-0.9201473108087237,0.0017725071225069093,0.0017725071225069093,1.0,0.8717948717948718,0.08885219849981103,0.0022786458333333335,0.002861639123007076,234.0,0.623931623931624,0.03418803418803419,0.1452991452991453,0.8337900674946706
small_long,nomotor_xlink,r0014,7.75,pulse_07,3.380164957264957,-0.9164319430737881,0.0008954415954414893,-0.0008954415954414893,1.0,0.8481012658227848,0.08223176628823668,0.0022352430555555554,0.003602263777112702,234.0,0.6153846153846153,0.03418803418803419,0.14529914529914528,0.839957063815311
small_long,nomotor_xlink,r0014,7.8,pulse_07,3.3852820512820516,-0.8985337281460475,0.0034609686609686405,-0.0034609686609686405,1.0,0.8481012658227848,0.147802337455651,0.0022786458333333335,0.00440719032472107,234.0,0.6153846153846154,0.03418803418803419,0.15384615384615383,0.8472531191678624
small_long,nomotor_xlink,r0014,7.85,pulse_07,3.359399145299145,-0.8899888011254616,0.0016287749287749638,-0.0016287749287749638,1.0,0.8461538461538461,0.17594233109148655,0.0022135416666666666,0.008556398170260882,234.0,0.6068376068376067,0.03418803418803419,0.14529914529914528,0.8373665053327926
small_long,nomotor_xlink,r0014,7.9,pulse_07,3.375509401709402,-0.8471953391244822,0.0002329059829058918,-0.0002329059829058918,1.0,0.8481012658227848,0.03376078061842703,0.0022352430555555554,0.00034016290403597144,234.0,0.6153846153846154,0.03418803418803419,0.15384615384615383,0.8270473446284967
small_long,nomotor_xlink,r0014,7.95,pulse_07,3.3580017094017096,-0.8879478237012458,0.00905484330484326,-0.00905484330484326,1.0,0.8481012658227848,0.16078121900973258,0.0021484375,0.003305318018743083,234.0,0.6086956521739131,0.034782608695652174,0.15652173913043477,0.8264148222886298
small_long,nomotor_xlink,r0014,8.0,pulse_07,3.3211803418803423,-0.8670272472369407,0.01227378917378911,-0.01227378917378911,1.0,0.825,0.09332277349824591,0.0020833333333333333,0.006973525488101706,234.0,0.6153846153846154,0.03418803418803419,0.15384615384615383,0.855433770587042
small_long,nomotor_xlink,r0015,0.0,initial,1.1441904761904762,-0.3277646581842632,0.28227099069512845,0.28227099069512845,1.0,-0.16666666666666666,0.0,0.00043402777777777775,0.02404145502507815,42.0,0.23809523809523808,0.14285714285714285,0.42857142857142855,0.6345160814262394
small_long,nomotor_xlink,r0015,0.05,initial,1.9910034482758616,-0.25564029310902875,0.1739731559290383,0.1739731559290383,1.0,0.17647058823529413,0.26519337743149873,0.00043402777777777775,0.027620356705766392,58.0,0.4137931034482759,0.06896551724137931,0.27586206896551724,0.7247976973777482
small_long,nomotor_xlink,r0015,0.1,initial,2.188029411764706,-0.16204251794966484,0.029400814176245293,0.029400814176245293,1.0,0.3,0.24475492198090995,0.0006727430555555556,0.019031228074416515,68.0,0.4242424242424243,0.06060606060606061,0.30303030303030304,0.7176086452684275
small_long,nomotor_xlink,r0015,0.15000000000000002,initial,2.1674083333333334,-0.14145292466252965,0.009097291021671783,0.009097291021671783,1.0,0.21739130434782608,0.06889004166209263,0.0006510416666666666,0.0034539219959223897,72.0,0.44444444444444436,0.05555555555555556,0.2777777777777778,0.7353699432171136
small_long,nomotor_xlink,r0015,0.2,initial,2.242613157894737,-0.1413189859741305,0.0032408591731265535,0.0032408591731265535,1.0,0.36,0.23927511465511625,0.0007595486111111111,0.04827895267850015,76.0,0.47368421052631576,0.05263157894736842,0.23684210526315788,0.7884888192160872
small_long,nomotor_xlink,r0015,0.25,initial,2.1868534883720927,0.14822079140847122,0.05165631041890443,0.05165631041890443,1.0,0.3076923076923077,0.10836659232585252,0.0008463541666666667,0.08270363018537724,86.0,0.44186046511627913,0.046511627906976744,0.2558139534883721,0.7966898915242872
small_long,nomotor_xlink,r0015,0.30000000000000004,initial,2.5525510204081634,0.35490279513813294,0.09303275193798455,0.09303275193798455,1.0,0.375,0.03487769749091014,0.0008680555555555555,0.06663969167078097,98.0,0.48979591836734676,0.04081632653061224,0.24489795918367338,0.7928703811038461
small_long,nomotor_xlink,r0015,0.35000000000000003,initial,2.74505,0.548058941433157,0.04002542517006802,0.04002542517006802,1.0,0.3939393939393939,0.3081361736639615,0.0010633680555555555,0.052266702724313885,104.0,0.48076923076923067,0.03846153846153846,0.2115384615384615,0.8142232931268366
small_long,nomotor_xlink,r0015,0.4,initial,2.7927035714285715,0.6685030114840163,0.021467372881355844,0.021467372881355844,1.0,0.3939393939393939,0.2602536448664578,0.0010199652777777778,0.039139429175749384,112.0,0.4821428571428571,0.03571428571428571,0.19642857142857145,0.7769807215320677
small_long,nomotor_xlink,r0015,0.45,initial,2.873854237288135,0.7828955164876533,0.02353079365079373,0.02353079365079373,1.0,0.42857142857142855,0.40423847875249375,0.0012152777777777778,0.022022271437057445,118.0,0.5084745762711865,0.03389830508474576,0.1864406779661017,0.7983826038125583
small_long,nomotor_xlink,r0015,0.5,initial,2.933888333333334,0.8006366401063609,0.01581165937670866,0.01581165937670866,1.0,0.4444444444444444,0.2890762323862124,0.0011284722222222221,0.004278620537696361,120.0,0.5333333333333332,0.03333333333333333,0.19999999999999998,0.8071081286040142
small_long,nomotor_xlink,r0015,0.55,initial,2.968724193548387,0.7572237932614752,0.042151431623931535,0.042151431623931535,1.0,0.47368421052631576,0.28622622352127747,0.0012803819444444444,0.002339242624365708,124.0,0.5322580645161291,0.04838709677419355,0.1935483870967742,0.8378550555603977
small_long,nomotor_xlink,r0015,0.6000000000000001,initial,3.186796923076923,0.8146720958525552,0.06114403537478571,0.06114403537478571,1.0,0.5,0.3321600885631546,0.0012586805555555556,0.0685446684201448,130.0,0.5538461538461539,0.04615384615384615,0.16923076923076918,0.8087466778148308
small_long,nomotor_xlink,r0015,0.65,initial,3.3355884057971013,1.168491803782344,0.028728681834597314,0.028728681834597314,1.0,0.5348837209302325,0.2978186658195957,0.001388888888888889,0.12013977787258646,138.0,0.5507246376811595,0.04347826086956522,0.15942028985507245,0.8113909517120925
small_long,nomotor_xlink,r0015,0.7000000000000001,initial,3.359169014084507,1.535510763088074,0.006256099033816446,0.006256099033816446,1.0,0.5555555555555556,0.29607113664284657,0.0013020833333333333,0.06273657910222497,142.0,0.5492957746478873,0.04225352112676056,0.15492957746478875,0.8067219746819693
small_long,nomotor_xlink,r0015,0.75,initial,3.373125,1.5449112783956938,0.030399164319248866,0.030399164319248866,1.0,0.5555555555555556,0.24313209836433725,0.0013020833333333333,0.04293739152186604,144.0,0.5416666666666667,0.04166666666666667,0.15277777777777773,0.7792228181345047
small_long,nomotor_xlink,r0015,0.8,initial,3.541564,1.7931351122192702,0.05352790084388189,0.05352790084388189,1.0,0.5833333333333334,0.3288878718885496,0.0015190972222222222,0.03117477341500885,150.0,0.56,0.04,0.14666666666666667,0.7806180515231526
small_long,nomotor_xlink,r0015,0.8500000000000001,initial,3.6942924050632913,1.7319599188857469,0.017445583333333348,0.017445583333333348,1.0,0.5555555555555556,0.27673945957983326,0.0012586805555555556,0.0050106378434151555,158.0,0.5949367088607593,0.03797468354430379,0.15189873417721517,0.7629977300699634
small_long,nomotor_xlink,r0015,0.9,initial,3.6462375000000002,1.8231989392797612,0.008656758868573164,-0.008656758868573164,1.0,0.6,0.343448677231879,0.0015625,0.023452100101752138,160.0,0.5949367088607594,0.0379746835443038,0.16455696202531647,0.8118604628993684
small_long,nomotor_xlink,r0015,0.9500000000000001,initial,3.6423518518518523,1.8726725194962597,0.0011723142570282767,-0.0011723142570282767,1.0,0.6,0.2476790043603944,0.0014973958333333334,0.03922243213304233,162.0,0.580246913580247,0.03703703703703704,0.16049382716049385,0.7955630511428875
small_long,nomotor_xlink,r0015,1.0,initial,3.6392036144578306,2.058533532078015,0.0010494124646739007,-0.0010494124646739007,1.0,0.6140350877192983,0.30395126879783685,0.0016710069444444444,0.061953670860585154,166.0,0.6024096385542167,0.036144578313253004,0.15662650602409633,0.7670739782507272
small_long,nomotor_xlink,r0015,1.05,pulse_01,3.7563465116279073,2.0484264273130943,0.041739177771970816,0.041739177771970816,1.0,0.6065573770491803,0.32044990018769975,0.0017144097222222222,0.003916435263082422,172.0,0.6162790697674418,0.03488372093023256,0.1511627906976744,0.7971522799675265
small_long,nomotor_xlink,r0015,1.1,pulse_01,3.88156404494382,2.036677121523847,0.03263620410597149,0.03263620410597149,1.0,0.6507936507936508,0.21803089551524835,0.001736111111111111,0.026465586838629356,178.0,0.6179775280898878,0.033707865168539325,0.1460674157303371,0.7823407897346529
small_long,nomotor_xlink,r0015,1.15,pulse_01,3.9521637362637363,2.2072199483448705,0.0211940359876243,0.0211940359876243,1.0,0.65625,0.2579758603466677,0.001736111111111111,0.03489862905470701,182.0,0.6153846153846155,0.03296703296703297,0.14285714285714288,0.7772284819699176
small_long,nomotor_xlink,r0015,1.2,pulse_01,4.008728260869566,2.246068895852089,0.009400790332855383,0.009400790332855383,1.0,0.6363636363636364,0.2237924823504593,0.0017795138888888889,0.017890427686116928,184.0,0.6304347826086958,0.03260869565217391,0.14130434782608697,0.7763941602829246
small_long,nomotor_xlink,r0015,1.25,pulse_01,4.008568478260869,2.314562514461572,0.0030406303568645634,0.0030406303568645634,1.0,0.6615384615384615,0.21496131808661945,0.0015625,0.020118980263570396,184.0,0.6086956521739132,0.04347826086956522,0.14130434782608697,0.7514032018619315
small_long,nomotor_xlink,r0015,1.3,pulse_01,4.026972043010753,2.3667827774335115,0.0035249344742524316,0.0035249344742524316,1.0,0.6666666666666666,0.21087722694515287,0.001736111111111111,0.015778719158669945,186.0,0.6086956521739131,0.04347826086956522,0.14130434782608697,0.7817346935819125
small_long,nomotor_xlink,r0015,1.35,pulse_01,4.029718085106383,2.4092348294135917,0.009212186379928303,0.009212186379928303,1.0,0.6666666666666666,0.2244590552948883,0.0018663194444444445,0.026636698211972638,188.0,0.6129032258064516,0.043010752688172046,0.13978494623655913,0.7994509386292326
small_long,nomotor_xlink,r0015,1.4,pulse_01,4.082245161290323,2.5266029667053473,0.010091489361702047,0.010091489361702047,1.0,0.6666666666666666,0.15940591705971333,0.0018229166666666667,0.022781752206406953,186.0,0.6195652173913044,0.03260869565217391,0.13043478260869568,0.754824417401501
small_long,nomotor_xlink,r0015,1.45,pulse_01,4.0902670212765955,2.5459253426520334,0.0006875608375778164,0.0006875608375778164,1.0,0.696969696969697,0.2184697962598191,0.0017578125,0.016039726587591858,188.0,0.6170212765957447,0.03191489361702128,0.11702127659574468,0.767647540884566
small_long,nomotor_xlink,r0015,1.5,pulse_01,4.08637052631579,2.6228413262308985,0.003657177157210404,-0.003657177157210404,1.0,0.6811594202898551,0.18634260913846662,0.0018446180555555555,0.005652947106655537,190.0,0.6210526315789473,0.031578947368421054,0.11578947368421053,0.7685757995311459
small_long,nomotor_xlink,r0015,1.55,pulse_01,4.068323958333333,2.5798430252919666,0.011689589437511453,-0.011689589437511453,1.0,0.6811594202898551,0.19968869567338401,0.0018663194444444445,0.006760333482397722,192.0,0.6210526315789473,0.031578947368421054,0.11578947368421053,0.779656732822993
small_long,nomotor_xlink,r0015,1.6,pulse_01,4.016232989690721,2.663403327125285,0.0018059079345436047,0.0018059079345436047,1.0,0.6811594202898551,0.1489925259689279,0.0019097222222222222,0.024918591435863835,194.0,0.6288659793814434,0.04123711340206186,0.154639175257732,0.770284466202658
small_long,nomotor_xlink,r0015,1.65,pulse_01,4.079159405940595,2.7293545739071496,0.019929795835860187,0.019929795835860187,1.0,0.6986301369863014,0.0957592024297616,0.0020399305555555557,0.006403988743678202,202.0,0.6435643564356435,0.039603960396039604,0.1485148514851485,0.7725860450149885
small_long,nomotor_xlink,r0015,1.7000000000000002,pulse_01,4.135811764705882,2.701827259587354,0.019707727215029152,0.019707727215029152,1.0,0.7297297297297297,0.09487334517154972,0.0019965277777777776,0.004168522868659356,204.0,0.6470588235294118,0.02941176470588236,0.14705882352941177,0.7757576086050022
small_long,nomotor_xlink,r0015,1.75,pulse_01,4.19740576923077,2.7043434366951935,0.011912141779788795,0.011912141779788795,1.0,0.7368421052631579,0.10109897394608508,0.001974826388888889,0.014262071333717005,208.0,0.6538461538461537,0.028846153846153844,0.12499999999999997,0.7610346972200838
small_long,nomotor_xlink,r0015,1.8,pulse_01,4.207284615384615,2.787399687589656,0.012185737179487196,-0.012185737179487196,1.0,0.7368421052631579,0.12164858747084933,0.001974826388888889,0.01752800589213277,208.0,0.6504854368932038,0.029126213592233007,0.13592233009708737,0.7519344095034833
small_long,nomotor_xlink,r0015,1.85,pulse_01,4.124291346153846,2.80951147204799,0.016356483516483333,-0.016356483516483333,1.0,0.7368421052631579,0.05555035858790665,0.002018229166666667,0.026444482993757124,208.0,0.6442307692307692,0.028846153846153844,0.13461538461538464,0.7570708377328252
small_long,nomotor_xlink,r0015,1.9,pulse_01,4.109145714285715,2.946066585552199,0.01003855769230766,-0.01003855769230766,1.0,0.7402597402597403,0.1073015941292233,0.002105034722222222,0.023100754022171266,210.0,0.6476190476190476,0.03809523809523809,0.15238095238095237,0.7530294174715328
small_long,nomotor_xlink,r0015,1.9500000000000002,pulse_01,4.0640600000000004,2.9481159961810177,0.022859523809523868,-0.022859523809523868,1.0,0.7402597402597403,0.16697531936052878,0.0020399305555555557,0.0016222442615936306,210.0,0.6442307692307692,0.03846153846153846,0.15384615384615383,0.7628949563171284
small_long,nomotor_xlink,r0015,2.0,pulse_01,3.9719885714285716,2.9558000511217606,0.030690476190476268,-0.030690476190476268,1.0,0.7368421052631579,0.16318136946676498,0.0020833333333333333,0.0025613516469142894,210.0,0.6380952380952382,0.03809523809523809,0.16190476190476194,0.7685322485501376
small_long,nomotor_xlink,r0015,2.05,pulse_02,3.99800625,2.9000117493207185,0.007430665204678721,0.007430665204678721,1.0,0.7619047619047619,0.1471856650099952,0.002126736111111111,0.01283984074952856,224.0,0.6607142857142857,0.03571428571428571,0.16071428571428573,0.785628510121025
small_long,nomotor_xlink,r0015,2.1,pulse_02,4.020298245614036,2.938531271569304,0.0027840826023391627,-0.0027840826023391627,1.0,0.7647058823529411,0.08396137038150824,0.0022352430555555554,0.0023442516888566947,228.0,0.6666666666666666,0.03508771929824561,0.1578947368421053,0.7973540953933707
small_long,nomotor_xlink,r0015,2.15,pulse_02,3.981301754385965,2.9140772594538586,0.009933187134503196,-0.009933187134503196,1.0,0.7560975609756098,0.1186825347826483,0.002322048611111111,0.00045519963885591136,228.0,0.6578947368421053,0.03508771929824561,0.15789473684210525,0.7843643578853244
small_long,nomotor_xlink,r0015,2.2,pulse_02,3.960699122807017,2.9412624694024396,0.008215935672514663,-0.008215935672514663,1.0,0.7590361445783133,0.11660690435240091,0.0022786458333333335,0.009802638064037547,228.0,0.6460176991150443,0.035398230088495575,0.15929203539823006,0.7912898361713524
small_long,nomotor_xlink,r0015,2.25,pulse_02,3.932006140350877,2.972893087838084,0.0007778248156623165,-0.0007778248156623165,1.0,0.7647058823529411,0.07269518138945043,0.0022135416666666666,0.004113749713376895,228.0,0.6666666666666667,0.03508771929824561,0.15789473684210525,0.7995509614112389
small_long,nomotor_xlink,r0015,2.3,pulse_02,3.956032173913043,2.965944967682701,0.007137834986015686,-0.007137834986015686,1.0,0.7674418604651163,0.11141306567896977,0.0022786458333333335,0.004346059880897535,230.0,0.6608695652173912,0.034782608695652174,0.1565217391304348,0.7852964623472506
small_long,nomotor_xlink,r0015,2.35,pulse_02,3.889179130434783,2.9468167285526987,0.00016194126620890556,-0.00016194126620890556,1.0,0.7804878048780488,0.1004964366275967,0.0022352430555555554,0.003384634728954339,230.0,0.6403508771929826,0.03508771929824561,0.15789473684210525,0.8000238043795446
small_long,nomotor_xlink,r0015,2.4,pulse_02,3.9550605263157896,2.945637159308975,0.01081637681159416,0.01081637681159416,1.0,0.7831325301204819,0.10168029213608248,0.0023003472222222223,0.0030507813814600513,228.0,0.6491228070175439,0.02631578947368421,0.14912280701754385,0.7863154117341679
small_long,nomotor_xlink,r0015,2.45,pulse_02,3.954077391304348,2.9285120402639384,0.0030132761250953135,-0.0030132761250953135,1.0,0.8072289156626506,0.07334244255143234,0.002018229166666667,0.012180382498110006,230.0,0.6521739130434783,0.02608695652173913,0.14782608695652172,0.7760408161030057
small_long,nomotor_xlink,r0015,2.5,pulse_02,3.9369808695652178,3.018719454297635,0.010196956521739095,-0.010196956521739095,1.0,0.8072289156626506,0.12904189972317062,0.002126736111111111,0.014423695813284398,230.0,0.6521739130434783,0.02608695652173913,0.14782608695652172,0.7729613607547882
small_long,nomotor_xlink,r0015,2.55,pulse_02,3.8928956521739133,3.015054215143645,0.009192608695652268,-0.009192608695652268,1.0,0.8048780487804879,0.12609659868012707,0.0022352430555555554,0.01854281413706767,230.0,0.6434782608695652,0.034782608695652174,0.14782608695652172,0.8037608379862968
small_long,nomotor_xlink,r0015,2.6,pulse_02,3.881825217391304,3.129976339120041,0.012310144927536312,-0.012310144927536312,1.0,0.8048780487804879,0.13720516905768362,0.002322048611111111,0.009828609590630219,230.0,0.6434782608695653,0.02608695652173913,0.14782608695652175,0.776386602243167
small_long,nomotor_xlink,r0015,2.65,pulse_02,3.8190347826086954,3.074025872687426,0.003292133933033403,-0.003292133933033403,1.0,0.7804878048780488,0.1898849023580616,0.0022352430555555554,0.015956398515566923,230.0,0.6347826086956521,0.043478260869565216,0.17391304347826086,0.780850172395005
small_long,nomotor_xlink,r0015,2.7,pulse_02,3.8620724137931037,3.0342379480266395,0.00331201899050478,0.00331201899050478,1.0,0.7831325301204819,0.18138557248052142,0.0022135416666666666,0.01232068333707074,232.0,0.6379310344827587,0.04310344827586207,0.15517241379310348,0.7811402327276942
small_long,nomotor_xlink,r0015,2.75,pulse_02,3.838906896551724,3.0001017726650017,0.0001418103448277789,-0.0001418103448277789,1.0,0.7857142857142857,0.05603931285420767,0.0023003472222222223,0.004225164216391668,232.0,0.6293103448275862,0.04310344827586207,0.16379310344827588,0.7881664946542303
small_long,nomotor_xlink,r0015,2.8,pulse_02,3.861221551724137,3.0595889333249895,0.0036557471264367556,-0.0036557471264367556,1.0,0.8024691358024691,0.10939344788842498,0.0023003472222222223,0.0025315370550770635,232.0,0.6260869565217391,0.034782608695652174,0.16521739130434782,0.7794459099299329
small_long,nomotor_xlink,r0015,2.85,pulse_02,3.8169724137931036,3.015290994995464,0.010799568965517,-0.010799568965517,1.0,0.8,0.13476503748944088,0.0022569444444444442,0.0011221018146977773,232.0,0.6086956521739131,0.043478260869565216,0.16521739130434782,0.7805716732879365
small_long,nomotor_xlink,r0015,2.9,pulse_02,3.796424137931035,3.052856322436803,0.008004310344827589,-0.008004310344827589,1.0,0.8048780487804879,0.12199014611987066,0.002191840277777778,0.01716285394267884,232.0,0.6120689655172413,0.04310344827586207,0.17241379310344826,0.771647372957232
small_long,nomotor_xlink,r0015,2.95,pulse_02,3.768946551724138,3.118268118651537,0.01039626436781623,-0.01039626436781623,1.0,0.8048780487804879,0.19739210239143773,0.002126736111111111,0.0021511523152770717,232.0,0.6206896551724139,0.04310344827586207,0.18965517241379312,0.7873477340269028
small_long,nomotor_xlink,r0015,3.0,pulse_02,3.7340465517241377,3.0657632363284653,0.011633333333333459,-0.011633333333333459,1.0,0.8,0.1271599656207035,0.0023003472222222223,0.017501627441023942,232.0,0.6206896551724138,0.04310344827586207,0.17241379310344832,0.7931851824975473
small_long,nomotor_xlink,r0015,3.05,pulse_03,3.771500000000001,2.9704837754895945,0.017260784313725946,-0.017260784313725946,1.0,0.7906976744186046,0.17154255498708523,0.00234375,0.03558603540360217,238.0,0.6302521008403361,0.04201680672268907,0.1680672268907563,0.7937492389672669
small_long,nomotor_xlink,r0015,3.1,pulse_03,3.719717647058823,3.077241881700401,0.009521008403361453,-0.009521008403361453,1.0,0.7647058823529411,0.15238606596056922,0.0024522569444444444,0.011720273668606396,238.0,0.6302521008403361,0.04201680672268907,0.1764705882352941,0.8150500115169859
small_long,nomotor_xlink,r0015,3.15,pulse_03,3.7143739495798322,3.040805417501233,0.006237535014005517,-0.006237535014005517,1.0,0.7647058823529411,0.10320924291010104,0.002322048611111111,0.009977151120402908,238.0,0.6302521008403361,0.04201680672268907,0.1764705882352941,0.8199650131196837
small_long,nomotor_xlink,r0015,3.2,pulse_03,3.68229243697479,3.1371047884228185,0.007707002801120503,-0.007707002801120503,1.0,0.7647058823529411,0.14124081825227197,0.00234375,0.004908101885400029,238.0,0.6302521008403361,0.04201680672268907,0.17647058823529413,0.8145654662545931
small_long,nomotor_xlink,r0015,3.25,pulse_03,3.6681319327731092,3.070254028813633,0.0057570028011205325,-0.0057570028011205325,1.0,0.7857142857142857,0.15988920651339578,0.0023003472222222223,0.013257891204895364,238.0,0.6271186440677965,0.0423728813559322,0.19491525423728812,0.8221022403526956
small_long,nomotor_xlink,r0015,3.3,pulse_03,3.647750420168067,3.0575574411934463,0.007622689075630129,-0.007622689075630129,1.0,0.7831325301204819,0.17564160199734172,0.0024088541666666668,0.0029622743991735887,238.0,0.6218487394957983,0.04201680672268907,0.17647058823529413,0.8197460347054943
small_long,nomotor_xlink,r0015,3.35,pulse_03,3.6223957983193285,3.0524803824185915,0.0007186274509805024,0.0007186274509805024,1.0,0.7831325301204819,0.08189702579441509,0.002387152777777778,6.153723904793e-05,238.0,0.6120689655172413,0.04310344827586207,0.18103448275862072,0.8313922647143321
small_long,nomotor_xlink,r0015,3.4,pulse_03,3.65206218487395,3.0571882177591587,0.0024819327731093,-0.0024819327731093,1.0,0.7647058823529411,0.06232423220965672,0.0022352430555555554,0.0035171919093291613,238.0,0.6302521008403361,0.04201680672268907,0.18487394957983191,0.8043854004877788
small_long,nomotor_xlink,r0015,3.45,pulse_03,3.6075042016806727,3.0313772309626166,0.017209523809523935,-0.017209523809523935,1.0,0.7647058823529411,0.19004113018691723,0.00234375,0.01664189414553152,238.0,0.6302521008403362,0.04201680672268907,0.20168067226890757,0.8169797407356325
small_long,nomotor_xlink,r0015,3.5,pulse_03,3.5488050420168062,2.9573368528859696,0.011024649859943928,-0.011024649859943928,1.0,0.7241379310344828,0.17929334983246592,0.002322048611111111,0.004240114698689308,238.0,0.6101694915254237,0.0423728813559322,0.20338983050847456,0.8142009235825194
small_long,nomotor_xlink,r0015,3.55,pulse_03,3.541356302521009,3.0568179191547524,0.008699999999999783,-0.008699999999999783,1.0,0.7011494252873564,0.15765147197827792,0.002387152777777778,0.01252399423215548,238.0,0.6218487394957983,0.04201680672268907,0.21008403361344535,0.8101981253102518
small_long,nomotor_xlink,r0015,3.6,pulse_03,3.4966050420168076,3.0324808182789025,0.0014427170868350399,-0.0014427170868350399,1.0,0.7441860465116279,0.1231001355569204,0.0024305555555555556,0.017091626939978715,238.0,0.6134453781512604,0.04201680672268907,0.21008403361344538,0.8212683431623918
small_long,nomotor_xlink,r0015,3.65,pulse_03,3.532699999999999,2.95426815751488,0.006652380952380854,0.006652380952380854,1.0,0.6976744186046512,0.15654448684020283,0.0022135416666666666,0.011733166676702211,238.0,0.6134453781512604,0.04201680672268907,0.21008403361344535,0.7965733930804652
small_long,nomotor_xlink,r0015,3.7,pulse_03,3.5365193277310927,3.1028798183391157,0.0034404761904760495,-0.0034404761904760495,1.0,0.6976744186046512,0.24014551185274857,0.0023003472222222223,0.03887523931873541,238.0,0.6134453781512604,0.04201680672268907,0.21848739495798317,0.8060155223945419
small_long,nomotor_xlink,r0015,3.75,pulse_03,3.5120571428571425,-3.0956657137522936,0.009220728291316446,-0.009220728291316446,1.0,0.6976744186046512,0.1413671419033965,0.0022786458333333335,0.009955240550529876,238.0,0.6101694915254237,0.0423728813559322,0.22033898305084745,0.8064041691163939
small_long,nomotor_xlink,r0015,3.8,pulse_03,3.481194957983194,3.0431483750359365,0.011139495798319299,-0.011139495798319299,1.0,0.6976744186046512,0.1439206119267415,0.0024088541666666668,0.019602208254536773,238.0,0.6050420168067226,0.04201680672268907,0.21848739495798317,0.8121995177050881
small_long,nomotor_xlink,r0015,3.85,pulse_03,3.4452201680672268,3.069906343900072,0.0005889355742296024,0.0005889355742296024,1.0,0.6941176470588235,0.17603147673417655,0.0023003472222222223,0.011615878086729628,238.0,0.6050420168067225,0.04201680672268907,0.226890756302521,0.8394265451244862
small_long,nomotor_xlink,r0015,3.9,pulse_03,3.4847285714285716,3.1128436435563143,0.00455378151260503,0.00455378151260503,1.0,0.6976744186046512,0.1460576371648755,0.002322048611111111,0.0023482536684814224,238.0,0.6050420168067228,0.04201680672268907,0.226890756302521,0.8323254326063265
small_long,nomotor_xlink,r0015,3.95,pulse_03,3.472542857142857,3.0839958659109605,0.003207282913165225,-0.003207282913165225,1.0,0.6976744186046512,0.171395815293076,0.002387152777777778,0.010664180303062784,238.0,0.6050420168067226,0.04201680672268907,0.226890756302521,0.8256839335969713
small_long,nomotor_xlink,r0015,4.0,pulse_03,3.4654848739495803,-3.1063565818048953,0.002352661064425554,-0.002352661064425554,1.0,0.6976744186046512,0.2029995135322884,0.002191840277777778,0.030944286487910144,238.0,0.6016949152542372,0.0423728813559322,0.22033898305084745,0.7849401318518807
small_long,nomotor_xlink,r0015,4.05,pulse_04,3.6141666666666667,3.0282736875449503,0.002569647696477014,0.002569647696477014,1.0,0.7333333333333333,0.18998882293092942,0.002387152777777778,0.02018048183960038,246.0,0.6260162601626017,0.03252032520325203,0.20325203252032517,0.8160162792203912
small_long,nomotor_xlink,r0015,4.1,pulse_04,3.621875609756098,2.967732242026149,0.006136991869918636,-0.006136991869918636,1.0,0.75,0.14727304497207647,0.0025173611111111113,0.008389343886343973,246.0,0.6229508196721312,0.03278688524590164,0.21311475409836067,0.8344733668562619
small_long,nomotor_xlink,r0015,4.15,pulse_04,3.577344715447155,2.9779376242268865,0.01521029810298106,-0.01521029810298106,1.0,0.7303370786516854,0.19981166523381355,0.0025173611111111113,0.007262712205885702,246.0,0.6260162601626016,0.03252032520325203,0.21138211382113817,0.8294880070058782
small_long,nomotor_xlink,r0015,4.2,pulse_04,3.5306138211382114,2.924155968790835,0.00346124661246631,-0.00346124661246631,1.0,0.7555555555555555,0.14975508357618006,0.0024088541666666668,0.009287852911678515,246.0,0.6260162601626017,0.03252032520325203,0.21138211382113817,0.8330233036776702
small_long,nomotor_xlink,r0015,4.25,pulse_04,3.556577235772357,2.9222105067568154,0.0033837398373982954,0.0033837398373982954,1.0,0.7333333333333333,0.2269906103221355,0.0024088541666666668,0.013208312665528984,246.0,0.6260162601626016,0.04065040650406504,0.21138211382113817,0.8389634346106657
small_long,nomotor_xlink,r0015,4.3,pulse_04,3.550916260162601,3.003405844784009,0.012645799457994489,-0.012645799457994489,1.0,0.7333333333333333,0.2531568652545199,0.0024739583333333332,0.01698944916397327,246.0,0.6229508196721312,0.04098360655737705,0.21311475409836067,0.8287339655187987
small_long,nomotor_xlink,r0015,4.35,pulse_04,3.48070243902439,3.024147201740655,0.016180216802168006,-0.016180216802168006,1.0,0.7362637362637363,0.14260318808247796,0.0024522569444444444,0.0008986538866961139,246.0,0.6178861788617886,0.04878048780487805,0.2113821138211382,0.8264252866934183
small_long,nomotor_xlink,r0015,4.4,pulse_04,3.453834959349593,3.0087977681041855,0.0031079945799457795,0.0031079945799457795,1.0,0.7333333333333333,0.23126913180652842,0.002495659722222222,0.009858485247017526,246.0,0.6097560975609756,0.04878048780487805,0.21138211382113817,0.8479592208324029
small_long,nomotor_xlink,r0015,4.45,pulse_04,3.499350406504065,3.08329811322276,0.0003285907859078563,-0.0003285907859078563,1.0,0.7303370786516854,0.20742380132263769,0.0024305555555555556,0.024426789688884194,246.0,0.6097560975609757,0.04878048780487805,0.2113821138211382,0.8338193828727866
small_long,nomotor_xlink,r0015,4.5,pulse_04,3.451863414634146,-3.1278268009420955,0.01059769647696481,-0.01059769647696481,1.0,0.7303370786516854,0.24808333686605233,0.0024305555555555556,0.0013171644283233401,246.0,0.6097560975609756,0.04878048780487805,0.2113821138211382,0.8333362127182655
small_long,nomotor_xlink,r0015,4.55,pulse_04,3.435764227642276,3.07539512665282,0.0007105691056911537,0.0007105691056911537,1.0,0.7333333333333333,0.20335321889635796,0.0025173611111111113,0.0026731041352126006,246.0,0.6178861788617886,0.04878048780487805,0.21138211382113817,0.8404253834113191
small_long,nomotor_xlink,r0015,4.6,pulse_04,3.456126829268293,3.139319881426215,0.0008771002710027028,0.0008771002710027028,1.0,0.7333333333333333,0.20556048672992466,0.0024522569444444444,0.017664184549509503,246.0,0.6178861788617885,0.056910569105691054,0.21138211382113817,0.8327520646434969
small_long,nomotor_xlink,r0015,4.65,pulse_04,3.441026829268292,-3.101805073229709,0.0029612466124660695,0.0029612466124660695,1.0,0.7333333333333333,0.22304026718805536,0.0024088541666666668,0.0015529723240563047,246.0,0.6147540983606559,0.05737704918032786,0.21311475409836067,0.8482529172162389
small_long,nomotor_xlink,r0015,4.7,pulse_04,3.4738943089430894,-3.1345475918090333,0.004882384823848396,0.004882384823848396,1.0,0.7362637362637363,0.1998311310185799,0.002387152777777778,0.007775949215339158,246.0,0.6260162601626016,0.04878048780487805,0.21138211382113817,0.8447379220337807
small_long,nomotor_xlink,r0015,4.75,pulse_04,3.4703211382113826,3.134724538657842,0.004928184281842718,-0.004928184281842718,1.0,0.7391304347826086,0.2404255167255958,0.0025173611111111113,0.014898032885617122,246.0,0.6260162601626016,0.056910569105691054,0.21138211382113817,0.849511923430431
small_long,nomotor_xlink,r0015,4.8,pulse_04,3.444325203252033,-3.0451593944953306,0.0009097560975610541,-0.0009097560975610541,1.0,0.7333333333333333,0.21513697235115262,0.002387152777777778,0.03678009827719634,246.0,0.6097560975609755,0.056910569105691054,0.21951219512195114,0.8427281374889737
small_long,nomotor_xlink,r0015,4.85,pulse_04,3.4648626016260162,-2.927780178858566,0.0077448509485094075,0.0077448509485094075,1.0,0.7391304347826086,0.22413980540582826,0.00234375,0.017435677779808218,246.0,0.6260162601626015,0.04878048780487805,0.21951219512195114,0.8322500572445292
small_long,nomotor_xlink,r0015,4.9,pulse_04,3.4907943089430895,-2.9405453278164813,0.004440379403794159,0.004440379403794159,1.0,0.7391304347826086,0.12814147486332908,0.0023654513888888887,0.013704155925794067,246.0,0.6341463414634145,0.04878048780487805,0.2195121951219512,0.8294116356701403
small_long,nomotor_xlink,r0015,4.95,pulse_04,3.491504878048781,-2.8455552433038016,0.007979268292683065,-0.007979268292683065,1.0,0.7608695652173914,0.12579939671119686,0.0022786458333333335,0.020612151539885753,246.0,0.6311475409836065,0.06557377049180327,0.22131147540983606,0.8334892873980012
small_long,nomotor_xlink,r0015,5.0,pulse_04,3.442918699186991,-2.8168724185771667,0.01619539295393002,-0.01619539295393002,1.0,0.717391304347826,0.11849261114737447,0.0023654513888888887,0.009560941575544954,246.0,0.6229508196721312,0.06557377049180328,0.22131147540983606,0.8343103938803662
small_long,nomotor_xlink,r0015,5.05,pulse_05,3.4084929687499996,-2.1053014803097128,0.007668749999999965,-0.007668749999999965,1.0,0.7319587628865979,0.19990876518325154,0.0025173611111111113,0.1100803063385049,256.0,0.625,0.0625,0.2109375,0.8330733370899968
small_long,nomotor_xlink,r0015,5.1,pulse_05,3.3854867187499997,-2.4355423993252274,0.002563671875000025,-0.002563671875000025,1.0,0.7319587628865979,0.1628035272638814,0.002495659722222222,0.025401128474055252,256.0,0.640625,0.0625,0.21875,0.8270022382240241
small_long,nomotor_xlink,r0015,5.15,pulse_05,3.3931109374999995,-2.2577082511540443,0.0021869791666666583,-0.0021869791666666583,1.0,0.7708333333333334,0.25852243484058235,0.0024305555555555556,0.04469220456626566,256.0,0.6269841269841269,0.06349206349206349,0.23015873015873015,0.835996264718958
small_long,nomotor_xlink,r0015,5.2,pulse_05,3.37236484375,-2.1673891719276335,0.00205578863188971,0.00205578863188971,1.0,0.7525773195876289,0.23884067403337506,0.0025173611111111113,0.006374082264404279,256.0,0.625,0.0625,0.234375,0.8416364616341006
small_long,nomotor_xlink,r0015,5.25,pulse_05,3.4054456692913377,-2.2194637575676186,0.0028823685613518593,0.0028823685613518593,1.0,0.7473684210526316,0.19773955921318268,0.0024305555555555556,0.0003028019070940857,254.0,0.6220472440944882,0.055118110236220465,0.22834645669291337,0.8315284825166596
small_long,nomotor_xlink,r0015,5.3,pulse_05,3.389659055118111,-2.165572360485069,0.0005154855643043632,-0.0005154855643043632,1.0,0.7446808510638298,0.21429827191740083,0.002495659722222222,0.05444853902364777,254.0,0.6141732283464567,0.055118110236220465,0.22834645669291337,0.8290878826980429
small_long,nomotor_xlink,r0015,5.35,pulse_05,3.4023527559055116,-1.892772523425732,0.0031097112860892415,-0.0031097112860892415,1.0,0.7419354838709677,0.3181156871022873,0.0024739583333333332,0.06268044055129844,254.0,0.6141732283464566,0.055118110236220465,0.22834645669291337,0.8341299535269684
small_long,nomotor_xlink,r0015,5.4,pulse_05,3.3710007874015755,-1.7894897171772783,0.010087007874015693,-0.010087007874015693,1.0,0.7446808510638298,0.18978606092690253,0.002387152777777778,0.04282259922037087,254.0,0.619047619047619,0.05555555555555556,0.23015873015873015,0.8425775005161804
small_long,nomotor_xlink,r0015,5.45,pulse_05,3.3418307086614174,-1.6358369281035068,0.010012467191601168,-0.010012467191601168,1.0,0.7446808510638298,0.3101018463828808,0.0024739583333333332,0.03248660205484999,254.0,0.6220472440944882,0.055118110236220465,0.22834645669291337,0.8428220655803863
small_long,nomotor_xlink,r0015,5.5,pulse_05,3.3109259842519685,-1.5945701048481784,0.008874934383202193,-0.008874934383202193,1.0,0.7333333333333333,0.31911179654374083,0.0025824652777777777,0.005043521004923705,254.0,0.5887096774193548,0.0564516129032258,0.23387096774193544,0.8633839188003071
small_long,nomotor_xlink,r0015,5.55,pulse_05,3.2885811023622042,-1.666098054133049,0.007662204724409409,-0.007662204724409409,1.0,0.7582417582417582,0.2476442986256004,0.002495659722222222,0.017589261686585183,254.0,0.5826771653543308,0.06299212598425195,0.22834645669291334,0.8415594945901138
small_long,nomotor_xlink,r0015,5.6,pulse_05,3.264952755905512,-1.7001056749676895,0.006583464566929154,-0.006583464566929154,1.0,0.7608695652173914,0.14935642536909438,0.002560763888888889,0.03998747959367984,254.0,0.5826771653543308,0.06299212598425195,0.22834645669291334,0.8442810344266065
small_long,nomotor_xlink,r0015,5.65,pulse_05,3.2490803149606293,-1.906022931695128,0.005120209973753287,-0.005120209973753287,1.0,0.7582417582417582,0.31487905622017576,0.0024522569444444444,0.00562434662743642,254.0,0.6062992125984252,0.06299212598425195,0.22834645669291337,0.8519106426840709
small_long,nomotor_xlink,r0015,5.7,pulse_05,3.2342314960629923,-1.733851754732308,0.012823884514435502,-0.012823884514435502,1.0,0.7333333333333333,0.208955114879993,0.0024739583333333332,0.025061856702965124,254.0,0.6062992125984251,0.06299212598425195,0.23622047244094485,0.8480402102255983
small_long,nomotor_xlink,r0015,5.75,pulse_05,3.1721370078740163,-1.7556517914773373,0.014423228346456707,-0.014423228346456707,1.0,0.7362637362637363,0.32226893271331664,0.0025173611111111113,0.015838383263832762,254.0,0.5826771653543308,0.06299212598425197,0.2362204724409449,0.8570640600777281
small_long,nomotor_xlink,r0015,5.8,pulse_05,3.147692125984252,-1.8288820543153046,0.0019212598425198586,-0.0019212598425198586,1.0,0.7333333333333333,0.23957324508181801,0.0025173611111111113,0.029999982957734688,254.0,0.5826771653543308,0.06299212598425195,0.2440944881889764,0.8515288862222746
small_long,nomotor_xlink,r0015,5.85,pulse_05,3.160609448818897,-1.9356516892237454,0.00868425196850405,-0.00868425196850405,1.0,0.7333333333333333,0.2659162196124072,0.0024739583333333332,0.03601564173216328,254.0,0.5905511811023623,0.07086614173228346,0.2440944881889764,0.851474863903301
small_long,nomotor_xlink,r0015,5.9,pulse_05,3.095586614173228,-2.0449759047082843,0.006829133858267629,-0.006829133858267629,1.0,0.7142857142857143,0.22196021537959726,0.0024305555555555556,0.0007850432397354945,254.0,0.5826771653543308,0.07086614173228346,0.24409448818897644,0.8558229575710027
small_long,nomotor_xlink,r0015,5.95,pulse_05,3.1196346456692914,-1.9403619486621584,0.0007792650918635827,0.0007792650918635827,1.0,0.6853932584269663,0.25560458027363653,0.0024739583333333332,0.009616159573420288,254.0,0.5748031496062992,0.07086614173228346,0.24409448818897644,0.8635139215527399
small_long,nomotor_xlink,r0015,6.0,pulse_05,3.1002622047244093,-1.9872789472677626,0.006457480314960702,-0.006457480314960702,1.0,0.7045454545454546,0.31686397408484146,0.0024305555555555556,0.015638999535201387,254.0,0.5669291338582678,0.07086614173228345,0.23622047244094485,0.8286825593792928
small_long,nomotor_xlink,r0015,6.05,pulse_06,3.088053787878788,-1.2917502976551025,0.01655580808080807,-0.01655580808080807,1.0,0.6989247311827957,0.30934902556117133,0.0026041666666666665,0.06781852006002727,264.0,0.5681818181818181,0.06818181818181819,0.22727272727272724,0.8499597814116989
small_long,nomotor_xlink,r0015,6.1,pulse_06,3.0383863636363637,-1.4952058578351843,0.004619949494949482,-0.004619949494949482,1.0,0.717391304347826,0.3231785768486174,0.002495659722222222,0.006770013234844126,264.0,0.5757575757575759,0.06818181818181819,0.2348484848484848,0.8440284964926232
small_long,nomotor_xlink,r0015,6.15,pulse_06,3.060334090909091,-1.3323703770641673,0.0009364898989899414,-0.0009364898989899414,1.0,0.7204301075268817,0.3137791581175948,0.0026041666666666665,0.05236869215088824,264.0,0.5757575757575757,0.06818181818181818,0.2348484848484848,0.8615429999270483
small_long,nomotor_xlink,r0015,6.2,pulse_06,3.032767424242424,-1.180993704929855,0.0046087121212120925,-0.0046087121212120925,1.0,0.723404255319149,0.2344622749353877,0.0025824652777777777,0.05278655059547762,264.0,0.5606060606060607,0.06060606060606061,0.23484848484848486,0.8656710599716191
small_long,nomotor_xlink,r0015,6.25,pulse_06,3.0326818181818185,-1.0156510734913016,0.00013573232323234782,0.00013573232323234782,1.0,0.7083333333333334,0.30408230528056734,0.0026258680555555558,0.024143916703252295,264.0,0.5757575757575758,0.06060606060606061,0.23484848484848486,0.867001581757616
small_long,nomotor_xlink,r0015,6.3,pulse_06,3.033581818181818,-1.0361302047103411,0.006419065656565692,-0.006419065656565692,1.0,0.7083333333333334,0.2799802800996912,0.0026692708333333334,0.00900824053365438,264.0,0.5757575757575758,0.06060606060606061,0.23484848484848486,0.8737237835422044
small_long,nomotor_xlink,r0015,6.35,pulse_06,2.9941674242424243,-0.9616016302893753,0.015225126262626251,-0.015225126262626251,1.0,0.7083333333333334,0.3036356475856946,0.0026475694444444446,0.041301158578751884,264.0,0.568181818181818,0.06818181818181818,0.24242424242424235,0.8763405994552003
small_long,nomotor_xlink,r0015,6.4,pulse_06,2.9422310606060607,-0.7883232532378298,0.008260353535353518,-0.008260353535353518,1.0,0.723404255319149,0.2700276380318359,0.0026041666666666665,0.030400180499216074,264.0,0.5606060606060607,0.06818181818181819,0.24242424242424238,0.8738519337269187
small_long,nomotor_xlink,r0015,6.45,pulse_06,2.944605303030303,-0.7792005472940788,0.009806818181818278,-0.009806818181818278,1.0,0.6739130434782609,0.30405820467755873,0.0025390625,0.01583697955041961,264.0,0.553030303030303,0.06060606060606062,0.23484848484848492,0.851989145890725
small_long,nomotor_xlink,r0015,6.5,pulse_06,2.883390151515151,-0.6933013759353122,0.015936616161616197,-0.015936616161616197,1.0,0.7111111111111111,0.2583114899711757,0.0025824652777777777,0.031089240683711477,264.0,0.5530303030303032,0.06060606060606062,0.2500000000000001,0.872471071215236
small_long,nomotor_xlink,r0015,6.55,pulse_06,2.848985606060606,-0.59266510319181,0.00026311685557859715,-0.00026311685557859715,1.0,0.7021276595744681,0.2540303281457375,0.0025390625,0.034498003803195475,264.0,0.5530303030303031,0.0681818181818182,0.2500000000000001,0.8727690361184759
small_long,nomotor_xlink,r0015,6.6,pulse_06,2.8818114503816794,-0.4863133531161393,0.006281533849949931,0.006281533849949931,1.0,0.6989247311827957,0.292088300552538,0.002560763888888889,0.04080316537338266,262.0,0.549618320610687,0.06870229007633588,0.25190839694656486,0.8822580433044969
small_long,nomotor_xlink,r0015,6.65,pulse_06,2.8866748091603056,-0.347846110951514,0.002824300254452942,0.002824300254452942,1.0,0.7078651685393258,0.23392557296006447,0.0024739583333333332,0.028991690782212576,262.0,0.5419847328244274,0.06870229007633588,0.25190839694656486,0.8604851872105176
small_long,nomotor_xlink,r0015,6.7,pulse_06,2.898757251908397,-0.31236320842286386,0.0009674300254452669,0.0009674300254452669,1.0,0.7303370786516854,0.2622072603804608,0.0025390625,0.03148967265707126,262.0,0.5572519083969466,0.06106870229007634,0.2519083969465649,0.8585293122178023
small_long,nomotor_xlink,r0015,6.75,pulse_06,2.892479389312977,-0.15890807500908644,0.0009950381679388147,0.0009950381679388147,1.0,0.7045454545454546,0.2035085747965003,0.0025390625,0.04840346110659949,262.0,0.5572519083969465,0.06106870229007634,0.25190839694656486,0.8589694716546323
small_long,nomotor_xlink,r0015,6.8,pulse_06,2.90472748091603,-0.02194244178326691,0.0009881679389312688,0.0009881679389312688,1.0,0.7078651685393258,0.19790255711631582,0.002495659722222222,0.024685187007132514,262.0,0.5496183206106869,0.06106870229007634,0.25190839694656486,0.8610841877970133
small_long,nomotor_xlink,r0015,6.85,pulse_06,2.898408396946565,-0.010796952966291339,0.0016558524173028537,0.0016558524173028537,1.0,0.6976744186046512,0.23084449715900843,0.0025824652777777777,0.010107536324466754,262.0,0.5343511450381679,0.06106870229007634,0.25190839694656486,0.8454735775541452
small_long,nomotor_xlink,r0015,6.9,pulse_06,2.914662595419847,-0.08258765973006743,0.006479262086514022,-0.006479262086514022,1.0,0.6976744186046512,0.2177777130334253,0.0025824652777777777,0.04619133399842309,262.0,0.5343511450381679,0.06106870229007634,0.2442748091603053,0.872687615272775
small_long,nomotor_xlink,r0015,6.95,pulse_06,2.8595328244274807,-0.28794495695682987,0.010308015267175508,-0.010308015267175508,1.0,0.6976744186046512,0.3102385000914673,0.0024739583333333332,0.04265394852449142,262.0,0.5190839694656487,0.06106870229007634,0.25190839694656486,0.8529244978670333
small_long,nomotor_xlink,r0015,7.0,pulse_06,2.852814503816794,-0.33851135087701595,0.0022394402035622227,-0.0022394402035622227,1.0,0.6976744186046512,0.2718999531592104,0.0024739583333333332,0.016855464640062028,262.0,0.5190839694656488,0.06870229007633588,0.24427480916030536,0.8708957865037119
small_long,nomotor_xlink,r0015,7.05,pulse_07,2.908671323529412,-0.11260123352654822,0.015978676470588333,-0.015978676470588333,1.0,0.717391304347826,0.22943607501715166,0.0026258680555555558,0.07753803503682644,272.0,0.536764705882353,0.058823529411764705,0.23529411764705882,0.8767645424212164
small_long,nomotor_xlink,r0015,7.1,pulse_07,2.860735294117647,-0.3452153386370275,0.010231985294117655,-0.010231985294117655,1.0,0.717391304347826,0.2727011886681158,0.002777777777777778,0.030337903714599,272.0,0.5441176470588236,0.058823529411764705,0.23529411764705882,0.8756428193419373
small_long,nomotor_xlink,r0015,7.15,pulse_07,2.8472794117647062,-0.2946286558141422,0.01032892156862745,-0.01032892156862745,1.0,0.6595744680851063,0.18578415799973116,0.0026041666666666665,0.031888680146316996,272.0,0.536764705882353,0.0661764705882353,0.24264705882352944,0.8718985212271354
small_long,nomotor_xlink,r0015,7.2,pulse_07,2.7987617647058824,-0.15388325775912556,0.013088725490196204,-0.013088725490196204,1.0,0.6595744680851063,0.24488634837374243,0.0026258680555555558,0.011700425087167588,272.0,0.5367647058823529,0.07352941176470587,0.24264705882352938,0.8853528544445617
small_long,nomotor_xlink,r0015,7.25,pulse_07,2.768747058823529,-0.22442610529113668,0.0009905637254901862,-0.0009905637254901862,1.0,0.6631578947368421,0.25683059367587424,0.0026692708333333334,0.00868917606714189,272.0,0.536764705882353,0.07352941176470587,0.25,0.8829592000515016
small_long,nomotor_xlink,r0015,7.3,pulse_07,2.7928183823529413,-0.2060183141619769,0.006730759803921682,0.006730759803921682,1.0,0.6808510638297872,0.21439971130938223,0.002690972222222222,0.009642622304547188,272.0,0.5367647058823529,0.07352941176470588,0.24264705882352944,0.8722738302167704
small_long,nomotor_xlink,r0015,7.35,pulse_07,2.809131617647059,-0.16657037146385356,0.012499877450980357,0.012499877450980357,1.0,0.7142857142857143,0.2684026154699949,0.0025173611111111113,0.008214088608210976,272.0,0.536764705882353,0.07352941176470587,0.24264705882352944,0.8839533506067131
small_long,nomotor_xlink,r0015,7.4,pulse_07,2.8678176470588235,-0.15673378251271106,0.007155759803921506,0.007155759803921506,1.0,0.717391304347826,0.17476110904446035,0.002560763888888889,0.002697635700720421,272.0,0.536764705882353,0.07352941176470587,0.24264705882352944,0.8655031909802725
small_long,nomotor_xlink,r0015,7.45,pulse_07,2.852066176470588,-0.18275618566817609,0.003493872549019598,-0.003493872549019598,1.0,0.6774193548387096,0.25111260585238726,0.002560763888888889,0.008277049569907817,272.0,0.536764705882353,0.07352941176470587,0.24264705882352938,0.8614649129769583
small_long,nomotor_xlink,r0015,7.5,pulse_07,2.846854411764706,-0.10707148509326415,0.008735143427741473,0.008735143427741473,1.0,0.6808510638297872,0.30964630115001507,0.0026258680555555558,0.027895604355227713,272.0,0.536764705882353,0.07352941176470587,0.23529411764705882,0.8711753463750014
small_long,nomotor_xlink,r0015,7.55,pulse_07,2.904477037037037,-0.015382559536809799,0.005087968409586067,0.005087968409586067,1.0,0.7362637362637363,0.2312273127899807,0.0026041666666666665,0.02776955345181091,270.0,0.5333333333333333,0.06666666666666667,0.23703703703703702,0.8790078788172029
small_long,nomotor_xlink,r0015,7.6,pulse_07,2.8773822222222223,0.059545835617601316,0.0005140832872673565,-0.0005140832872673565,1.0,0.7142857142857143,0.177399639671817,0.0026258680555555558,0.003537811621633862,270.0,0.5333333333333332,0.06666666666666667,0.23703703703703702,0.8804938297100858
small_long,nomotor_xlink,r0015,7.65,pulse_07,2.901392537313433,0.005844310192993375,0.010065368978000588,0.010065368978000588,1.0,0.7528089887640449,0.18924011959242046,0.0026258680555555558,0.0068028360130477335,268.0,0.5373134328358209,0.06716417910447761,0.23880597014925375,0.8779241958006747
small_long,nomotor_xlink,r0015,7.7,pulse_07,2.937774436090226,0.018728819539314916,0.0041092638312199,0.0041092638312199,1.0,0.4791666666666667,0.20865936168695065,0.002560763888888889,0.0032187655008617997,266.0,0.5413533834586466,0.06766917293233082,0.2255639097744361,0.8787356191180788
small_long,nomotor_xlink,r0015,7.75,pulse_07,2.9260481203007522,-0.01346828281217742,0.001786215538847058,-0.001786215538847058,1.0,0.46236559139784944,0.28586850045227097,0.0026041666666666665,0.010915524524791713,266.0,0.5413533834586466,0.06015037593984962,0.22556390977443605,0.8681737602693922
small_long,nomotor_xlink,r0015,7.8,pulse_07,2.9270571428571435,-0.046764327609435365,0.0007842105263157576,0.0007842105263157576,1.0,0.47368421052631576,0.30195167158061165,0.0025824652777777777,0.0006747139910866217,266.0,0.5413533834586466,0.06015037593984962,0.22556390977443613,0.8733488012399837
small_long,nomotor_xlink,r0015,7.85,pulse_07,2.9307533834586468,-0.01751656675869715,0.002522907647907783,-0.002522907647907783,1.0,0.47368421052631576,0.27007281444784953,0.0026692708333333334,0.042141574248521156,266.0,0.5413533834586465,0.06015037593984962,0.22556390977443613,0.8622538701093913
small_long,nomotor_xlink,r0015,7.9,pulse_07,2.9119196969696968,0.20608511788169157,0.0037825168983063318,0.0037825168983063318,1.0,0.4782608695652174,0.1989272666555476,0.0025173611111111113,0.05654715087776758,264.0,0.5378787878787878,0.06060606060606061,0.21969696969696972,0.8712769801670988
small_long,nomotor_xlink,r0015,7.95,pulse_07,2.9534484848484848,0.3217663385079083,0.004719444444444498,0.004719444444444498,1.0,0.4725274725274725,0.28507311875053615,0.0025390625,0.01554063719492005,264.0,0.5378787878787878,0.06060606060606061,0.21969696969696972,0.8690501344168398
small_long,nomotor_xlink,r0015,8.0,pulse_07,2.9402363636363638,0.11284129471217126,0.0044040404040403365,-0.0044040404040403365,1.0,0.4725274725274725,0.18292461331359625,0.0025390625,0.06964168126524568,264.0,0.5378787878787878,0.06060606060606061,0.21969696969696972,0.8694710593056999
small_long,rotatable_xlink,r0016,0.0,initial,0.21342727272727274,1.6855372531512072,0.3247438502673796,0.3247438502673796,1.0,-0.2,0.0,0.00023871527777777777,0.04803475514616514,22.0,0.3636363636363637,0.27272727272727276,0.5454545454545455,0.5472114783201966
small_long,rotatable_xlink,r0016,0.05,initial,1.1876588235294117,1.8296415185897026,0.19891515151515146,0.19891515151515146,1.0,-0.06666666666666667,0.1895440993976442,0.00030381944444444445,0.012472183625453511,34.0,0.4117647058823529,0.1764705882352941,0.47058823529411764,0.5907251092906158
small_long,rotatable_xlink,r0016,0.1,initial,1.4069181818181815,1.7603703549039282,0.007726093514328847,0.007726093514328847,1.0,0.0,0.11512872722971039,0.0004123263888888889,0.048374882667831264,44.0,0.4545454545454545,0.18181818181818182,0.4545454545454545,0.6082560381748457
small_long,rotatable_xlink,r0016,0.15000000000000002,initial,1.2340153846153847,1.539392222582715,0.04499914141414133,-0.04499914141414133,1.0,-0.08333333333333333,0.28530153555407556,0.0004557291666666667,0.035615289612404566,52.0,0.4230769230769231,0.15384615384615385,0.5000000000000001,0.6537473984120972
small_long,rotatable_xlink,r0016,0.2,initial,1.1369233333333335,1.5466786172295008,0.055492385392385324,0.055492385392385324,1.0,-0.08333333333333333,0.08350275238889207,0.0006293402777777778,0.0294743324207493,60.0,0.3666666666666667,0.13333333333333333,0.4999999999999999,0.7194631570097669
small_long,rotatable_xlink,r0016,0.25,initial,1.5669696969696967,1.3625462280582192,0.05933483660130715,0.05933483660130715,1.0,-0.037037037037037035,0.13890331540463227,0.0005859375,0.0422245932316622,66.0,0.375,0.125,0.46875,0.7179628900284514
small_long,rotatable_xlink,r0016,0.30000000000000004,initial,1.4929323529411764,1.2933310578395276,0.1050879671717172,0.1050879671717172,1.0,-0.07142857142857142,0.03149636117376981,0.0006944444444444445,0.03327833606887132,68.0,0.4117647058823529,0.11764705882352941,0.4705882352941176,0.7360880244016529
small_long,rotatable_xlink,r0016,0.35000000000000003,initial,2.1974975,1.1628762116449913,0.1349715919701214,0.1349715919701214,1.0,0.15151515151515152,0.17721032109726367,0.0008246527777777778,0.035932457596284384,80.0,0.5,0.1,0.375,0.748851244228449
small_long,rotatable_xlink,r0016,0.4,initial,2.302761904761905,1.0777363122618213,0.0323875378787879,0.0323875378787879,1.0,0.17647058823529413,0.21467710498798423,0.0008029513888888889,0.011272170481197516,84.0,0.5238095238095238,0.09523809523809523,0.35714285714285715,0.7644125024080636
small_long,rotatable_xlink,r0016,0.45,initial,2.3918227272727273,1.0952431887578062,0.04674961161769664,0.04674961161769664,1.0,0.2222222222222222,0.1661047883608034,0.0008897569444444444,1.581265861908913e-05,88.0,0.5227272727272726,0.09090909090909091,0.3636363636363636,0.7431033305936572
small_long,rotatable_xlink,r0016,0.5,initial,2.5832595744680846,1.0776414363101068,0.03601571566731132,0.03601571566731132,1.0,0.2631578947368421,0.08670126190777473,0.0009331597222222223,0.0045774057693488785,94.0,0.5319148936170213,0.0851063829787234,0.3191489361702128,0.7574637567835933
small_long,rotatable_xlink,r0016,0.55,initial,2.607917021276595,1.1227076233738995,0.012954654255319165,0.012954654255319165,1.0,0.2631578947368421,0.12774425784546478,0.0010199652777777778,0.005040006669367658,94.0,0.5319148936170213,0.0851063829787234,0.31914893617021284,0.7885783974878497
small_long,rotatable_xlink,r0016,0.6000000000000001,initial,2.6609874999999996,1.0474013962939008,0.01948338106928545,0.01948338106928545,1.0,0.28205128205128205,0.09429568381593414,0.0009765625,0.02183826408196234,96.0,0.5625000000000001,0.08333333333333334,0.31250000000000006,0.7833635709777167
small_long,rotatable_xlink,r0016,0.65,initial,2.724817307692308,0.9916780388821255,0.017346955128205204,0.017346955128205204,1.0,0.3170731707317073,0.2030256381693963,0.0010633680555555555,0.012239010680115922,104.0,0.5576923076923077,0.05769230769230769,0.28846153846153844,0.7815078372480752
small_long,rotatable_xlink,r0016,0.7000000000000001,initial,2.765069230769231,0.9739673322132053,0.010788624818577638,0.010788624818577638,1.0,0.3170731707317073,0.18285371522738803,0.0010416666666666667,0.015842991126971646,104.0,0.5576923076923078,0.07692307692307693,0.2884615384615385,0.759851179014206
small_long,rotatable_xlink,r0016,0.75,initial,2.7895490566037737,0.8966200921202956,0.023242330586080568,0.023242330586080568,1.0,0.3170731707317073,0.1956883557229957,0.0010633680555555555,0.028297393316411346,106.0,0.5576923076923077,0.09615384615384616,0.2884615384615385,0.779211533473118
small_long,rotatable_xlink,r0016,0.8,initial,2.9045232142857142,0.8041829723147372,0.030664237692474394,0.030664237692474394,1.0,0.36363636363636365,0.17689542477415843,0.0011501736111111111,0.0078011952567277705,112.0,0.5892857142857142,0.07142857142857142,0.26785714285714285,0.7914412045013826
small_long,rotatable_xlink,r0016,0.8500000000000001,initial,2.97353448275862,0.849812920579929,0.02488501984126971,0.02488501984126971,1.0,0.391304347826087,0.2331132927903585,0.0011501736111111111,0.0002993089173842593,116.0,0.5862068965517244,0.06896551724137931,0.25862068965517243,0.7915882796508311
small_long,rotatable_xlink,r0016,0.9,initial,3.0538333333333325,0.8023871188104317,0.004170919540229967,0.004170919540229967,1.0,0.4166666666666667,0.2324197374507301,0.0011067708333333333,0.007349372673328025,120.0,0.6166666666666668,0.05,0.25,0.7675116906628728
small_long,rotatable_xlink,r0016,0.9500000000000001,initial,2.99856,0.8057166845399608,0.01680343915343922,0.01680343915343922,1.0,0.4166666666666667,0.2439468022059104,0.0012369791666666666,0.019606798607610592,120.0,0.5932203389830508,0.06779661016949153,0.2542372881355932,0.7914385453316334
small_long,rotatable_xlink,r0016,1.0,initial,3.154653968253968,0.6847463271647681,0.05203132275132264,0.05203132275132264,1.0,0.44,0.17268844274510997,0.0012586805555555556,0.04032345245839756,126.0,0.6129032258064515,0.08064516129032258,0.24193548387096775,0.7932485551767887
small_long,rotatable_xlink,r0016,1.05,pulse_01,3.191087878787878,0.8172998518319535,0.005159641187999202,-0.005159641187999202,1.0,0.4716981132075472,0.159633132085926,0.0012369791666666666,0.016388259767510755,132.0,0.6363636363636364,0.07575757575757576,0.22727272727272735,0.7946030333461898
small_long,rotatable_xlink,r0016,1.1,pulse_01,3.1756089552238804,0.7681350725294213,0.0165184417706478,0.0165184417706478,1.0,0.48148148148148145,0.10059103547891607,0.001388888888888889,0.005383071241951698,134.0,0.6417910447761194,0.08955223880597014,0.22388059701492535,0.8105135467390691
small_long,rotatable_xlink,r0016,1.15,pulse_01,3.290198529411765,0.7850014243802433,0.013017793176972306,0.013017793176972306,1.0,0.5,0.21705371344615346,0.0012803819444444444,0.015650632136211633,136.0,0.6470588235294117,0.07352941176470588,0.2205882352941176,0.7889825237720485
small_long,rotatable_xlink,r0016,1.2,pulse_01,3.2537157142857143,0.6742312797121515,0.004700459127312835,-0.004700459127312835,1.0,0.45454545454545453,0.20698722806484587,0.0014105902777777778,9.75917211890424e-05,140.0,0.5942028985507247,0.08695652173913043,0.24637681159420297,0.8161247202696482
small_long,rotatable_xlink,r0016,1.25,pulse_01,3.261995774647888,0.7855869747073776,0.00595778336686803,-0.00595778336686803,1.0,0.4909090909090909,0.16494035491402653,0.001388888888888889,0.02556689615447753,142.0,0.6338028169014085,0.08450704225352113,0.2394366197183099,0.7825388706692005
small_long,rotatable_xlink,r0016,1.3,pulse_01,3.217969014084506,0.8276326566390166,0.013482911432559272,0.013482911432559272,1.0,0.5087719298245614,0.1773039291830555,0.0014756944444444444,0.0041301257709323025,142.0,0.6338028169014085,0.08450704225352114,0.2394366197183099,0.7906382717612342
small_long,rotatable_xlink,r0016,1.35,pulse_01,3.3428932432432434,0.8103677293329714,0.013598182337267062,0.013598182337267062,1.0,0.5161290322580645,0.1803619619197118,0.0014756944444444444,0.004592357912191702,148.0,0.635135135135135,0.08108108108108107,0.2297297297297297,0.7927584001464721
small_long,rotatable_xlink,r0016,1.4,pulse_01,3.2995581081081085,0.8000785091658664,0.0023301801801802005,-0.0023301801801802005,1.0,0.49206349206349204,0.1694747883165198,0.0015190972222222222,0.00567967940484726,148.0,0.635135135135135,0.09459459459459459,0.2297297297297297,0.7754996517291619
small_long,rotatable_xlink,r0016,1.45,pulse_01,3.3289121621621622,0.844445805762055,0.10935855855855865,-0.10935855855855865,1.0,0.5161290322580645,0.19230231221418656,0.0014322916666666666,0.010998605130516648,148.0,0.635135135135135,0.10810810810810809,0.2432432432432432,0.7935033737469945
small_long,rotatable_xlink,r0016,1.5,pulse_01,2.6434067567567565,0.8660701399489663,0.1958888691322902,-0.1958888691322902,1.0,0.38181818181818183,0.1662666116632444,0.0014105902777777778,0.00904518557841518,148.0,0.5135135135135134,0.1216216216216216,0.27027027027027023,0.8226842687026471
small_long,rotatable_xlink,r0016,1.55,pulse_01,2.153578947368421,0.898716919232546,0.10821129928629925,-0.10821129928629925,1.0,0.2982456140350877,0.12043335472872989,0.0014756944444444444,0.012922456344895547,152.0,0.4868421052631581,0.13157894736842105,0.2894736842105263,0.8300336480851946
small_long,rotatable_xlink,r0016,1.6,pulse_01,1.994138961038961,0.788535401879593,0.10464172932330829,-0.10464172932330829,1.0,0.288135593220339,0.11576379428139622,0.0014973958333333334,0.006763712474840293,154.0,0.48051948051948046,0.11688311688311688,0.3376623376623376,0.853600783392791
small_long,rotatable_xlink,r0016,1.65,pulse_01,1.5257285714285713,0.8581346443835043,0.1938861471861472,-0.1938861471861472,1.0,0.12727272727272726,0.0756571648265851,0.0014105902777777778,0.05173149771913608,154.0,0.41558441558441556,0.14285714285714285,0.38961038961038963,0.8463907213866209
small_long,rotatable_xlink,r0016,1.7000000000000002,pulse_01,0.8308220779220777,1.0989243881944095,0.16862186147186142,-0.16862186147186142,1.0,0.11538461538461539,0.09493232502441264,0.0013237847222222223,0.056583058152588496,154.0,0.36363636363636354,0.15584415584415584,0.4805194805194805,0.8407844752265035
small_long,rotatable_xlink,r0016,1.75,pulse_01,0.5139974025974028,1.1976329932990353,0.03905560273060269,-0.03905560273060269,1.0,0.058823529411764705,0.11338273736880074,0.0014322916666666666,0.01654958627930525,154.0,0.32467532467532456,0.15584415584415584,0.5324675324675323,0.8307583860951244
small_long,rotatable_xlink,r0016,1.8,pulse_01,0.5964884615384616,1.198221905870241,0.03488397720423033,0.03488397720423033,1.0,0.038461538461538464,0.11395437066143964,0.0015625,0.00855844203102285,156.0,0.3333333333333333,0.15384615384615383,0.4871794871794872,0.8276491728842378
small_long,rotatable_xlink,r0016,1.85,pulse_01,0.7233012658227848,1.1462823411128982,0.0024375283998701778,-0.0024375283998701778,1.0,0.0,0.06766833882650401,0.0015625,0.014733808321677514,158.0,0.3291139240506328,0.16455696202531644,0.46835443037974667,0.863919568778284
small_long,rotatable_xlink,r0016,1.9,pulse_01,0.5818632911392405,1.286624755800306,0.07537616033755273,-0.07537616033755273,1.0,-0.038461538461538464,0.049132562664899404,0.0015190972222222222,0.05729686889324792,158.0,0.3164556962025315,0.16455696202531644,0.5063291139240504,0.8591851375364574
small_long,rotatable_xlink,r0016,1.9500000000000002,pulse_01,0.27104430379746836,1.4900635544723857,0.05155864978902952,-0.05155864978902952,1.0,-0.2653061224489796,0.07040906873307315,0.001540798611111111,0.0535299881262847,158.0,0.240506329113924,0.16455696202531644,0.5189873417721518,0.8221626536605068
small_long,rotatable_xlink,r0016,2.0,pulse_01,0.2725113924050634,1.6078046845580143,0.0004890295358650117,0.0004890295358650117,1.0,-0.17647058823529413,0.12003274628223612,0.0014973958333333334,0.0392470433618762,158.0,0.29113924050632906,0.13924050632911394,0.5569620253164557,0.8213810472038863
small_long,rotatable_xlink,r0016,2.05,pulse_02,0.5154036144578314,1.4658942579223915,0.004351807228915705,-0.004351807228915705,1.0,-0.05263157894736842,0.12607966365369963,0.0017144097222222222,0.010640716348614928,166.0,0.3253012048192772,0.1325301204819277,0.530120481927711,0.825371905921673
small_long,rotatable_xlink,r0016,2.1,pulse_02,0.5023481927710843,1.4339721088765467,0.003481526104417635,0.003481526104417635,1.0,-0.0847457627118644,0.1488520473276074,0.0016276041666666667,0.009849694069236525,166.0,0.3253012048192772,0.1325301204819277,0.5301204819277109,0.8073416130143461
small_long,rotatable_xlink,r0016,2.15,pulse_02,0.5362927710843373,1.4067960935069723,0.008793975903614451,0.008793975903614451,1.0,-0.05263157894736842,0.13729626246011192,0.0016927083333333334,0.0008419223375992028,166.0,0.3253012048192771,0.1566265060240964,0.5180722891566265,0.8587416534835051
small_long,rotatable_xlink,r0016,2.2,pulse_02,0.555112048192771,1.439023642902142,0.028779116465863435,-0.028779116465863435,1.0,-0.034482758620689655,0.162854065002969,0.0015625,0.017173399636480347,166.0,0.3253012048192772,0.1566265060240964,0.5180722891566265,0.8387988405337031
small_long,rotatable_xlink,r0016,2.25,pulse_02,0.36361807228915666,1.5098364913258544,0.029042570281124492,-0.029042570281124492,1.0,-0.0967741935483871,0.2327310560043949,0.0016276041666666667,0.018324901293702678,166.0,0.33734939759036153,0.1686746987951807,0.530120481927711,0.8264299111972849
small_long,rotatable_xlink,r0016,2.3,pulse_02,0.3808566265060241,1.548973050664358,0.010019955431482014,0.010019955431482014,1.0,-0.08196721311475409,0.2168128833500123,0.001540798611111111,0.014604878311636926,166.0,0.3253012048192772,0.16867469879518068,0.5301204819277109,0.8571126838990621
small_long,rotatable_xlink,r0016,2.35,pulse_02,0.42373780487804874,1.597465761195676,0.011525301204819269,0.011525301204819269,1.0,-0.0847457627118644,0.1747247076455705,0.0016059027777777777,0.0029745835630038777,164.0,0.31707317073170743,0.15853658536585366,0.5243902439024393,0.8402242508993362
small_long,rotatable_xlink,r0016,2.4,pulse_02,0.4500084337349397,1.5668205520423812,0.016676630913899492,0.016676630913899492,1.0,0.0,0.15751371824780025,0.0015625,0.01401304638588611,166.0,0.3253012048192771,0.15662650602409636,0.49397590361445776,0.8266202326335617
small_long,rotatable_xlink,r0016,2.45,pulse_02,0.5237975903614457,1.5133874828803593,0.011214257028112426,0.011214257028112426,1.0,0.0,0.16564706415378255,0.001736111111111111,0.0066697286148157025,166.0,0.3253012048192772,0.15662650602409636,0.48192771084337355,0.8509282192308529
small_long,rotatable_xlink,r0016,2.5,pulse_02,0.5172939759036143,1.526802180353487,0.004290963855421649,-0.004290963855421649,1.0,0.01818181818181818,0.09556187191129739,0.001540798611111111,0.007748038624629546,166.0,0.32530120481927716,0.15662650602409642,0.5060240963855424,0.8518624793427086
small_long,rotatable_xlink,r0016,2.55,pulse_02,0.4980518072289158,1.5598757146281366,0.001341164658634486,-0.001341164658634486,1.0,0.037037037037037035,0.1121123036533087,0.0017144097222222222,0.0045945947939984855,166.0,0.3132530120481929,0.15662650602409642,0.4819277108433737,0.8758563993399664
small_long,rotatable_xlink,r0016,2.6,pulse_02,0.5092469879518073,1.554369749117478,0.0038174698795180964,-0.0038174698795180964,1.0,0.01818181818181818,0.14131273909202016,0.0016710069444444444,0.005049926290916866,166.0,0.3253012048192772,0.15662650602409636,0.48192771084337355,0.8549300970753174
small_long,rotatable_xlink,r0016,2.65,pulse_02,0.4751469879518072,1.5295761568826354,0.006827710843373515,-0.006827710843373515,1.0,-0.05263157894736842,0.0678619118566507,0.0016276041666666667,0.005450396316121912,166.0,0.3132530120481929,0.16867469879518068,0.49397590361445787,0.8534914489271516
small_long,rotatable_xlink,r0016,2.7,pulse_02,0.46828072289156625,1.5216673712207465,0.0004854613576256532,0.0004854613576256532,1.0,-0.05263157894736842,0.06539096893673083,0.0017144097222222222,0.005045984908418233,166.0,0.3132530120481929,0.1686746987951807,0.4939759036144579,0.8892341047490052
small_long,rotatable_xlink,r0016,2.75,pulse_02,0.47805975609756113,1.499300247432126,0.008354838867665776,0.008354838867665776,1.0,-0.06896551724137931,0.07117912570850732,0.0016493055555555556,0.004908069338519283,164.0,0.31707317073170743,0.17073170731707318,0.5121951219512195,0.8565522300817017
small_long,rotatable_xlink,r0016,2.8,pulse_02,0.5184097560975609,1.4922189551896308,0.003493495934959382,-0.003493495934959382,1.0,-0.0847457627118644,0.09247133204896084,0.0016493055555555556,0.00012108644657501018,164.0,0.3170731707317074,0.15853658536585366,0.5,0.8618664615228887
small_long,rotatable_xlink,r0016,2.85,pulse_02,0.45709878048780483,1.498573728752676,0.01513455284552844,-0.01513455284552844,1.0,-0.06896551724137931,0.12031707516512084,0.0016927083333333334,0.002206188217498961,164.0,0.31707317073170743,0.17073170731707318,0.5121951219512196,0.8525015488488902
small_long,rotatable_xlink,r0016,2.9,pulse_02,0.42760243902439027,1.478981825884637,0.03340325203252032,-0.03340325203252032,1.0,-0.11864406779661017,0.08958930649943239,0.0016927083333333334,0.0038781444312316893,164.0,0.3170731707317073,0.17073170731707316,0.5121951219512196,0.8416804435371137
small_long,rotatable_xlink,r0016,2.95,pulse_02,0.2566792682926829,1.521842595340066,0.1082560975609756,-0.1082560975609756,1.0,-0.15789473684210525,0.11687514343980836,0.0016710069444444444,0.00838409959842438,164.0,0.28048780487804886,0.17073170731707318,0.5121951219512196,0.8609208079950349
small_long,rotatable_xlink,r0016,3.0,pulse_02,-0.22193414634146333,1.5292864234751833,0.15953780487804872,-0.15953780487804872,1.0,-0.34615384615384615,0.0921438080436956,0.0016710069444444444,0.002481276045039079,164.0,0.20731707317073172,0.1951219512195122,0.5243902439024392,0.853447202376744
small_long,rotatable_xlink,r0016,3.05,pulse_03,-0.2161539325842697,1.44310049582504,0.01230187265917601,-0.01230187265917601,1.0,-0.2413793103448276,0.027768902817383402,0.0018012152777777779,0.005437557052902091,178.0,0.20224719101123595,0.202247191011236,0.5393258426966293,0.8605703946912429
small_long,rotatable_xlink,r0016,3.1,pulse_03,-0.25305955056179774,1.4594131669837462,0.026589513108614213,-0.026589513108614213,1.0,-0.19230769230769232,0.12066043687168325,0.0017795138888888889,9.237739688664852e-05,178.0,0.21348314606741572,0.20224719101123595,0.5393258426966292,0.8379011487634321
small_long,rotatable_xlink,r0016,3.15,pulse_03,-0.375691011235955,1.44254623144372,0.12616891385767787,-0.12616891385767787,1.0,-0.2830188679245283,0.09683749543094332,0.0016276041666666667,0.009008980727017576,178.0,0.20224719101123595,0.21348314606741572,0.5617977528089886,0.8594062248363352
small_long,rotatable_xlink,r0016,3.2,pulse_03,-1.010073033707865,1.4053592826216408,0.14689868913857682,-0.14689868913857682,1.0,-0.35714285714285715,0.028125679578278225,0.0016493055555555556,0.007452018370187681,178.0,0.17977528089887643,0.28089887640449435,0.6516853932584267,0.847917066284937
small_long,rotatable_xlink,r0016,3.25,pulse_03,-1.257083146067416,1.4872583416648462,0.04727827715355807,-0.04727827715355807,1.0,-0.41935483870967744,0.02739244192774504,0.0018229166666666667,0.014872851911179893,178.0,0.17977528089887646,0.33707865168539325,0.6741573033707863,0.8689468811679002
small_long,rotatable_xlink,r0016,3.3,pulse_03,-1.2937426966292134,1.4945963940887201,0.013424719101123564,-0.013424719101123564,1.0,-0.4098360655737705,0.09339337698497918,0.0018012152777777779,0.009976566849521381,178.0,0.17977528089887646,0.37078651685393255,0.6629213483146066,0.8472232807784985
small_long,rotatable_xlink,r0016,3.35,pulse_03,-1.3376314606741573,1.5471177427619744,0.015625842696629255,-0.015625842696629255,1.0,-0.4098360655737705,0.044568879619932514,0.0017578125,0.005877837001596127,178.0,0.17977528089887643,0.3595505617977527,0.6741573033707862,0.8521195389602664
small_long,rotatable_xlink,r0016,3.4,pulse_03,-1.387497752808989,1.529863416098297,0.006293258426966338,-0.006293258426966338,1.0,-0.43333333333333335,0.06175086955350831,0.0018012152777777779,0.005207109161817732,178.0,0.17977528089887643,0.38202247191011235,0.6741573033707863,0.8338761668657544
small_long,rotatable_xlink,r0016,3.45,pulse_03,-1.3753910112359553,1.515875087791068,0.005463295880149821,0.005463295880149821,1.0,-0.3870967741935484,0.05238936805310526,0.001736111111111111,0.0014170851592938776,178.0,0.17977528089887643,0.3707865168539325,0.6741573033707864,0.8480945570625888
small_long,rotatable_xlink,r0016,3.5,pulse_03,-1.35471797752809,1.5383659270540602,0.004582022471910123,-0.004582022471910123,1.0,-0.43333333333333335,0.06192286376751741,0.0016927083333333334,0.008137999101076746,178.0,0.1797752808988764,0.3707865168539325,0.6741573033707864,0.8698925267063093
small_long,rotatable_xlink,r0016,3.55,pulse_03,-1.402883146067416,1.5647030823975285,0.020323220973782846,-0.020323220973782846,1.0,-0.36666666666666664,0.13690544831827262,0.0017795138888888889,0.009943832243150355,178.0,0.15730337078651688,0.3820224719101123,0.6741573033707864,0.8645258841760725
small_long,rotatable_xlink,r0016,3.6,pulse_03,-1.476657303370787,1.5980289205129623,0.010325280898876374,-0.010325280898876374,1.0,-0.41935483870967744,0.039843028172667556,0.0017795138888888889,0.008764835830505394,178.0,0.14606741573033707,0.404494382022472,0.6853932584269662,0.8499066020436171
small_long,rotatable_xlink,r0016,3.65,pulse_03,-1.4648348314606743,1.617292097380561,0.0011917602996256067,0.0011917602996256067,1.0,-0.41935483870967744,0.047604341081255476,0.001736111111111111,0.005736792189106499,178.0,0.1460674157303371,0.393258426966292,0.685393258426966,0.8672092054411908
small_long,rotatable_xlink,r0016,3.7,pulse_03,-1.4695067415730334,1.6324496736476013,0.00042958801498131177,0.00042958801498131177,1.0,-0.41935483870967744,0.11968491454412475,0.0017578125,0.002356202852692779,178.0,0.13483146067415736,0.39325842696629215,0.6853932584269662,0.86767958978966
small_long,rotatable_xlink,r0016,3.75,pulse_03,-1.4622573033707864,1.6031548802644042,0.006436704119850127,0.006436704119850127,1.0,-0.4098360655737705,0.09552871765722377,0.001736111111111111,0.0073606151200745025,178.0,0.12359550561797757,0.3932584269662921,0.6853932584269662,0.8457041293682879
small_long,rotatable_xlink,r0016,3.8,pulse_03,-1.4308865168539326,1.6766133643680483,0.018729588014981185,0.018729588014981185,1.0,-0.41935483870967744,0.08157971036460472,0.0018012152777777779,0.018769904923841563,178.0,0.16853932584269665,0.3932584269662921,0.6741573033707865,0.8430208081031694
small_long,rotatable_xlink,r0016,3.85,pulse_03,-1.3498797752808993,1.7157743098074536,0.01540599250936329,0.01540599250936329,1.0,-0.4915254237288136,0.061576422681959786,0.0018012152777777779,0.00776161080739135,178.0,0.16853932584269665,0.3932584269662921,0.6853932584269662,0.858064564203776
small_long,rotatable_xlink,r0016,3.9,pulse_03,-1.338450561797753,1.7231830292123964,0.005148314606741626,0.005148314606741626,1.0,-0.3448275862068966,0.024740957248635877,0.0018012152777777779,0.013520118055525332,178.0,0.16853932584269665,0.3820224719101124,0.6853932584269662,0.8507778783277071
small_long,rotatable_xlink,r0016,3.95,pulse_03,-1.3189898876404496,1.7968950181406056,0.013278651685393253,0.013278651685393253,1.0,-0.3684210526315789,0.070426747765452,0.001736111111111111,0.017248567407299853,178.0,0.16853932584269665,0.39325842696629215,0.685393258426966,0.8881358988008216
small_long,rotatable_xlink,r0016,4.0,pulse_03,-1.2587786516853934,1.8266744336561955,0.020070411985018726,0.020070411985018726,1.0,-0.4,0.030439074933763466,0.001736111111111111,0.009926471838529979,178.0,0.15730337078651685,0.3707865168539326,0.6853932584269662,0.8434168231973196
small_long,rotatable_xlink,r0016,4.05,pulse_04,-1.0370967391304347,1.828813714792137,0.0016786231884057627,-0.0016786231884057627,1.0,-0.3103448275862069,0.026455114056649166,0.0018663194444444445,0.023868261460556466,184.0,0.17391304347826086,0.34782608695652173,0.6630434782608696,0.8597210943105906
small_long,rotatable_xlink,r0016,4.1,pulse_04,-1.042132608695652,1.9004184991738065,0.0033086956521739173,-0.0033086956521739173,1.0,-0.3793103448275862,0.08544448646825259,0.0019314236111111112,0.009100525561541284,184.0,0.17391304347826086,0.34782608695652173,0.6521739130434783,0.8788391877010291
small_long,rotatable_xlink,r0016,4.15,pulse_04,-1.0569489130434782,1.8834168681613848,0.003230253623188369,0.003230253623188369,1.0,-0.3684210526315789,0.09672695568406717,0.0018012152777777779,0.003572529827584566,184.0,0.1630434782608696,0.35869565217391314,0.6521739130434784,0.8616901672059255
small_long,rotatable_xlink,r0016,4.2,pulse_04,-1.0227510869565217,1.878983320208299,0.0021846014492753474,0.0021846014492753474,1.0,-0.2857142857142857,0.03512798623042154,0.0019314236111111112,1.6155089500258235e-05,184.0,0.17391304347826092,0.3478260869565218,0.6521739130434784,0.837791062923904
small_long,rotatable_xlink,r0016,4.25,pulse_04,-1.043841304347826,1.8835137986983863,0.004184601449275349,-0.004184601449275349,1.0,-0.32142857142857145,0.03242872556253767,0.0018012152777777779,0.00528294230734309,184.0,0.16483516483516483,0.3186813186813187,0.6483516483516482,0.8690673210339306
small_long,rotatable_xlink,r0016,4.3,pulse_04,-1.0478586956521738,1.9106809740523576,0.007196376811594203,0.007196376811594203,1.0,-0.37037037037037035,0.08749467095418204,0.001736111111111111,0.0018127518913484408,184.0,0.14130434782608697,0.3152173913043479,0.6521739130434784,0.8728046792828216
small_long,rotatable_xlink,r0016,4.35,pulse_04,-1.0006630434782608,1.894390310046477,0.0038853260869565385,0.0038853260869565385,1.0,-0.32142857142857145,0.08646175039500134,0.0018446180555555555,0.0021809045017033477,184.0,0.17391304347826092,0.3043478260869566,0.6521739130434784,0.8723496335544112
small_long,rotatable_xlink,r0016,4.4,pulse_04,-1.0245467391304346,1.8975955470421375,0.0018476449275362332,0.0018476449275362332,1.0,-0.32142857142857145,0.10356745664439453,0.0017578125,0.0029268761904116905,184.0,0.17391304347826086,0.31521739130434784,0.6521739130434783,0.8746020491432541
small_long,rotatable_xlink,r0016,4.45,pulse_04,-0.9895771739130435,1.911951567188947,0.0032164855072463285,0.0032164855072463285,1.0,-0.3333333333333333,0.030654514895883733,0.0016710069444444444,0.006705312999237416,184.0,0.16304347826086954,0.31521739130434784,0.6630434782608696,0.8783841419726188
small_long,rotatable_xlink,r0016,4.5,pulse_04,-1.0052478260869566,1.937827425037562,0.005510507246376806,0.005510507246376806,1.0,-0.4230769230769231,0.04691570174305536,0.0018012152777777779,0.004200625161754086,184.0,0.1521739130434783,0.3260869565217392,0.6521739130434784,0.8861043805926532
small_long,rotatable_xlink,r0016,4.55,pulse_04,-0.9565141304347826,1.9371553181594716,0.005357789855072477,0.005357789855072477,1.0,-0.37037037037037035,0.04825161487534273,0.0018012152777777779,0.0069138773824808375,184.0,0.1521739130434783,0.3152173913043479,0.6521739130434784,0.8661434221013015
small_long,rotatable_xlink,r0016,4.6,pulse_04,-0.9731010869565218,1.896344160742677,0.05581250000000004,-0.05581250000000004,1.0,-0.3333333333333333,0.1231589534924057,0.0018880208333333333,0.015797545019704134,184.0,0.1521739130434783,0.3260869565217392,0.6521739130434784,0.8738636607213356
small_long,rotatable_xlink,r0016,4.65,pulse_04,-1.2913891304347829,1.8423700480412468,0.1799382246376812,-0.1799382246376812,1.0,-0.3559322033898305,0.12112703582878082,0.0018012152777777779,0.024328692110287726,184.0,0.14130434782608697,0.35869565217391314,0.6847826086956523,0.8419009117494758
small_long,rotatable_xlink,r0016,4.7,pulse_04,-2.052730434782609,1.7503720080809506,0.16239057971014484,-0.16239057971014484,1.0,-0.52,0.20497356436190223,0.0016710069444444444,0.0763276423026098,184.0,0.1521739130434783,0.5108695652173914,0.7173913043478263,0.8409307569163594
small_long,rotatable_xlink,r0016,4.75,pulse_04,-2.265732608695652,2.3003359018569056,0.03363025362318842,-0.03363025362318842,1.0,-0.6338028169014085,0.17227366867074562,0.0017795138888888889,0.03957931942585972,184.0,0.1318681318681319,0.5934065934065932,0.7142857142857139,0.8309996911277301
small_long,rotatable_xlink,r0016,4.8,pulse_04,-2.2545119565217395,1.5128960915257923,0.009976449275362306,0.009976449275362306,1.0,-0.6571428571428571,0.2432363584141677,0.001736111111111111,0.07519885626428895,184.0,0.13043478260869565,0.5434782608695652,0.7173913043478262,0.8484949425750885
small_long,rotatable_xlink,r0016,4.85,pulse_04,-2.205873913043478,1.849142764271172,0.0061536231884058434,0.0061536231884058434,1.0,-0.6571428571428571,0.2271368087907312,0.0018229166666666667,0.028339112519139453,184.0,0.13043478260869565,0.5434782608695652,0.7173913043478262,0.8463541666448516
small_long,rotatable_xlink,r0016,4.9,pulse_04,-2.2175902173913045,1.682930766640629,0.007680434782608714,-0.007680434782608714,1.0,-0.589041095890411,0.22595725154636911,0.0016927083333333334,0.1538354563894827,184.0,0.13043478260869568,0.5434782608695653,0.7173913043478263,0.8442133907146148
small_long,rotatable_xlink,r0016,4.95,pulse_04,-2.2519565217391304,2.772155502608068,0.0016331521739130956,-0.0016331521739130956,1.0,-0.5945945945945946,0.1835240696450684,0.0018446180555555555,0.22971341005633694,184.0,0.14130434782608695,0.5543478260869565,0.7173913043478262,0.830913689404783
small_long,rotatable_xlink,r0016,5.0,pulse_04,-2.227389130434783,3.0612112269786507,0.008189130434782458,0.008189130434782458,1.0,-0.5733333333333334,0.23300007149609758,0.0017795138888888889,0.0963519081235275,184.0,0.14130434782608697,0.5434782608695653,0.7173913043478263,0.8502478991328225
small_long,rotatable_xlink,r0016,5.05,pulse_05,-1.914520618556701,-2.953386003060716,0.006714432989690729,0.006714432989690729,1.0,-0.475,0.1878640017567668,0.0019097222222222222,0.04943913559512018,194.0,0.1752577319587629,0.5463917525773194,0.6804123711340204,0.8651654010581953
small_long,rotatable_xlink,r0016,5.1,pulse_05,-1.8943773195876288,-2.8050685962753557,0.004597422680412411,0.004597422680412411,1.0,-0.5121951219512195,0.28867937909963043,0.0019314236111111112,0.02975295424025992,194.0,0.17525773195876287,0.5567010309278349,0.6804123711340202,0.8569754587286948
small_long,rotatable_xlink,r0016,5.15,pulse_05,-1.8869360824742265,-3.1319037285022757,0.009484020618556688,0.009484020618556688,1.0,-0.5,0.2979673337011531,0.0019314236111111112,0.07047336736103856,194.0,0.16494845360824748,0.5360824742268042,0.6907216494845361,0.8572486707564646
small_long,rotatable_xlink,r0016,5.2,pulse_05,-1.8374731958762887,3.055276506737999,0.021714604810996557,0.021714604810996557,1.0,-0.525,0.3157237183030064,0.0019097222222222222,0.0250776163056583,194.0,0.16494845360824742,0.5463917525773194,0.6804123711340203,0.8290208801460512
small_long,rotatable_xlink,r0016,5.25,pulse_05,-1.7566484536082472,3.0008158808433607,0.02379362292382592,0.02379362292382592,1.0,-0.5,0.31342018214186473,0.0018663194444444445,0.0015000433902050414,194.0,0.16494845360824742,0.515463917525773,0.6701030927835049,0.835312661804956
small_long,rotatable_xlink,r0016,5.3,pulse_05,-1.6947114583333331,3.0642767670792295,0.02268099226804121,0.02268099226804121,1.0,-0.4936708860759494,0.33241651689333623,0.0018446180555555555,0.0016739729196621294,192.0,0.16666666666666669,0.53125,0.6666666666666666,0.8613051374817624
small_long,rotatable_xlink,r0016,5.35,pulse_05,-1.6205625,3.0108597183613335,0.015117534722222178,0.015117534722222178,1.0,-0.5,0.3551768312233686,0.0019314236111111112,0.017085321603517906,192.0,0.19791666666666663,0.5312499999999999,0.6666666666666666,0.8468796736920121
small_long,rotatable_xlink,r0016,5.4,pulse_05,-1.60400625,2.961764837458122,0.0019281249999999843,0.0019281249999999843,1.0,-0.48148148148148145,0.34659306788368893,0.0019965277777777776,0.027428028114090546,192.0,0.20833333333333334,0.5416666666666667,0.6666666666666667,0.8216002122434827
small_long,rotatable_xlink,r0016,5.45,pulse_05,-1.60899375,-3.1077574201337095,0.0006197916666667395,0.0006197916666667395,1.0,-0.4457831325301205,0.26736488111797235,0.0018663194444444445,0.06663588119608788,192.0,0.2083333333333334,0.5520833333333333,0.6666666666666666,0.8353824790533055
small_long,rotatable_xlink,r0016,5.5,pulse_05,-1.6002874999999996,-2.921605182544937,0.0021998263888888627,0.0021998263888888627,1.0,-0.4457831325301205,0.28239443737205366,0.0019097222222222222,0.016113793396397808,192.0,0.20833333333333334,0.5625000000000001,0.6666666666666667,0.8267091808447855
small_long,rotatable_xlink,r0016,5.55,pulse_05,-1.5957947916666668,-3.0110746597553226,0.007214756944444363,0.007214756944444363,1.0,-0.4878048780487805,0.286239463760918,0.001974826388888889,0.02110486397410109,192.0,0.20833333333333334,0.5520833333333333,0.6666666666666667,0.8294348597440754
small_long,rotatable_xlink,r0016,5.6,pulse_05,-1.5569989583333335,-3.0482343663895435,0.006221354166666693,0.006221354166666693,1.0,-0.4523809523809524,0.28474320942255843,0.0018012152777777779,0.012381654933269889,192.0,0.21875,0.4895833333333333,0.6666666666666667,0.8186097663630185
small_long,rotatable_xlink,r0016,5.65,pulse_05,-1.5584666666666667,-3.085364589354942,0.005035416666666626,-0.005035416666666626,1.0,-0.4523809523809524,0.22380966305812372,0.0018446180555555555,0.020470557391721655,192.0,0.21875,0.5208333333333333,0.6666666666666667,0.8363547735167952
small_long,rotatable_xlink,r0016,5.7,pulse_05,-1.5872114583333332,3.112127596439712,0.004457291666666678,-0.004457291666666678,1.0,-0.4418604651162791,0.23442959894768084,0.0019314236111111112,0.0018043572387858031,192.0,0.20833333333333334,0.5208333333333333,0.6666666666666667,0.824624083640116
small_long,rotatable_xlink,r0016,5.75,pulse_05,-1.5852104166666667,-3.074538445922228,0.011185416666666614,0.011185416666666614,1.0,-0.4939759036144578,0.20415531111285068,0.0018229166666666667,0.021742973904910496,192.0,0.17708333333333337,0.5104166666666666,0.6666666666666666,0.8181402553571226
small_long,rotatable_xlink,r0016,5.8,pulse_05,-1.5200989583333335,-3.0405998673104113,0.015439630847953226,0.015439630847953226,1.0,-0.4939759036144578,0.2711667077206753,0.0018880208333333333,0.009902057874077608,192.0,0.17708333333333334,0.5,0.6666666666666667,0.8212021682637288
small_long,rotatable_xlink,r0016,5.85,pulse_05,-1.4925726315789474,-3.1339507931666937,0.015378422880117001,0.015378422880117001,1.0,-0.46987951807228917,0.24105346773574268,0.0019314236111111112,0.007936165011359334,190.0,0.19999999999999996,0.4947368421052631,0.6631578947368421,0.8164110660444446
small_long,rotatable_xlink,r0016,5.9,pulse_05,-1.4278284210526315,-2.9929828772422553,0.022309473684210584,0.022309473684210584,1.0,-0.40476190476190477,0.1882260152384639,0.0019097222222222222,0.019513849789096243,190.0,0.19999999999999998,0.4631578947368421,0.6631578947368422,0.8224643026500698
small_long,rotatable_xlink,r0016,5.95,pulse_05,-1.3587157894736839,-3.016867694432116,0.013037017543859664,-0.013037017543859664,1.0,-0.4523809523809524,0.2520329649944908,0.0019097222222222222,0.0975972254487012,190.0,0.22105263157894725,0.4526315789473684,0.6631578947368422,0.8343184734728193
small_long,rotatable_xlink,r0016,6.0,pulse_05,-1.5060505263157895,2.7046190772451237,0.04911157894736854,-0.04911157894736854,1.0,-0.5,0.3766175756747878,0.0019097222222222222,0.18723284516744876,190.0,0.15789473684210525,0.47368421052631576,0.673684210526316,0.8372078942608804
small_long,rotatable_xlink,r0016,6.05,pulse_06,-1.4513613861386139,1.3092899890912588,0.051403960396039526,-0.051403960396039526,1.0,-0.4567901234567901,0.3186229731276802,0.0019314236111111112,0.07711437845016385,202.0,0.17821782178217824,0.4257425742574258,0.7029702970297032,0.8499238590323639
small_long,rotatable_xlink,r0016,6.1,pulse_06,-1.6055732673267324,1.0779468537407673,0.02642343234323437,-0.02642343234323437,1.0,-0.5061728395061729,0.335353945813011,0.001974826388888889,0.058491561964792826,202.0,0.1683168316831683,0.4257425742574257,0.7326732673267328,0.8260479614210889
small_long,rotatable_xlink,r0016,6.15,pulse_06,-1.60990198019802,0.9583406173025019,0.00161897689768975,0.00161897689768975,1.0,-0.5121951219512195,0.30271667248744766,0.001974826388888889,0.006857565941026859,202.0,0.16831683168316836,0.4356435643564357,0.7425742574257427,0.836307693989309
small_long,rotatable_xlink,r0016,6.2,pulse_06,-1.595859405940594,1.036801458094606,0.024409900990098987,-0.024409900990098987,1.0,-0.5308641975308642,0.22632910340061413,0.001953125,0.03173560692171042,202.0,0.16831683168316838,0.4257425742574258,0.7326732673267328,0.8336260802278396
small_long,rotatable_xlink,r0016,6.25,pulse_06,-1.756361386138614,0.7679269757722393,0.07839917491749171,-0.07839917491749171,1.0,-0.45,0.23875081935874062,0.0019314236111111112,0.027695523213483952,202.0,0.17000000000000004,0.48999999999999994,0.73,0.8395174233552938
small_long,rotatable_xlink,r0016,6.3,pulse_06,-2.066254455445544,0.8706283188137024,0.05597887788778877,-0.05597887788778877,1.0,-0.475,0.12757246218509968,0.0018446180555555555,0.02445373750486927,202.0,0.18811881188118815,0.514851485148515,0.7227722772277231,0.8517830032898408
small_long,rotatable_xlink,r0016,6.35,pulse_06,-2.0922346534653466,0.914649400801455,0.006674257425742569,-0.006674257425742569,1.0,-0.4878048780487805,0.14450666660927722,0.002018229166666667,0.009024683980605167,202.0,0.15841584158415845,0.5346534653465347,0.7326732673267329,0.8395416546870452
small_long,rotatable_xlink,r0016,6.4,pulse_06,-2.1062999999999996,0.9247764226973334,0.0038905940594059865,0.0038905940594059865,1.0,-0.48148148148148145,0.19575219621577097,0.0019965277777777776,0.005729896992793064,202.0,0.15841584158415845,0.5247524752475249,0.7326732673267329,0.8511716477445632
small_long,rotatable_xlink,r0016,6.45,pulse_06,-2.0688910891089107,0.9490287827582133,0.009672607260725977,0.009672607260725977,1.0,-0.475,0.1561050683584285,0.0019965277777777776,0.010352659739225648,202.0,0.16831683168316838,0.5445544554455446,0.722772277227723,0.8621948412077649
small_long,rotatable_xlink,r0016,6.5,pulse_06,-2.0482643564356438,0.9868923811326873,0.005821617161716104,0.005821617161716104,1.0,-0.46835443037974683,0.1576907231263929,0.0020399305555555557,0.009019350809644297,202.0,0.17821782178217824,0.5445544554455447,0.732673267326733,0.8456093344959545
small_long,rotatable_xlink,r0016,6.55,pulse_06,-2.033961386138614,1.0031448876160791,0.003599339933993454,0.003599339933993454,1.0,-0.475,0.22935313478053881,0.002018229166666667,0.005238994751945521,202.0,0.18181818181818182,0.5555555555555556,0.7272727272727274,0.8379951376883267
small_long,rotatable_xlink,r0016,6.6,pulse_06,-2.026668316831683,0.9554584126210142,0.002301650165016378,-0.002301650165016378,1.0,-0.48148148148148145,0.21180129003114748,0.002018229166666667,0.013322193978923183,202.0,0.1782178217821782,0.5742574257425742,0.7326732673267328,0.8532125309243493
small_long,rotatable_xlink,r0016,6.65,pulse_06,-2.0477712871287124,0.92321172374254,0.014093564356435643,-0.014093564356435643,1.0,-0.4878048780487805,0.20991909997155747,0.0020616319444444445,0.008876079156164987,202.0,0.16000000000000003,0.57,0.7299999999999998,0.865759560590609
small_long,rotatable_xlink,r0016,6.7,pulse_06,-2.111229702970297,0.9022019376840242,0.011004118811881236,-0.011004118811881236,1.0,-0.4878048780487805,0.12240483638860454,0.002018229166666667,0.008314265326467821,202.0,0.16831683168316836,0.5742574257425744,0.7227722772277231,0.8705766180549636
small_long,rotatable_xlink,r0016,6.75,pulse_06,-2.113796,0.8733261317837331,0.006993283828382897,0.006993283828382897,1.0,-0.48148148148148145,0.2090882908005891,0.0019965277777777776,0.002174100183053677,200.0,0.16000000000000003,0.5700000000000001,0.72,0.8644075158355214
small_long,rotatable_xlink,r0016,6.8,pulse_06,-2.0692699999999995,0.9152465387823463,0.014496666666666602,0.014496666666666602,1.0,-0.48148148148148145,0.16991011200599626,0.002018229166666667,0.00011304921633659148,200.0,0.16,0.5600000000000002,0.72,0.8725053862983378
small_long,rotatable_xlink,r0016,6.85,pulse_06,-2.026816,0.8740044270817526,0.0067629124579124955,-0.0067629124579124955,1.0,-0.4457831325301205,0.24887360611683146,0.0019314236111111112,0.0681623150439963,200.0,0.19000000000000006,0.5700000000000002,0.72,0.8588514277018613
small_long,rotatable_xlink,r0016,6.9,pulse_06,-2.1098474747474745,0.5062726485183685,0.022537905723905682,-0.022537905723905682,1.0,-0.4939759036144578,0.318547958382358,0.0020399305555555557,0.046416273550781185,198.0,0.18181818181818182,0.5757575757575759,0.7171717171717176,0.8522055016052005
small_long,rotatable_xlink,r0016,6.95,pulse_06,-2.1620434343434343,0.5955067857770655,0.024762121212121253,-0.024762121212121253,1.0,-0.4878048780487805,0.2509922125285775,0.0017795138888888889,0.006687696743693923,198.0,0.18181818181818182,0.5959595959595961,0.7171717171717173,0.8285790989669879
small_long,rotatable_xlink,r0016,7.0,pulse_06,-2.258420202020202,0.46614646805620497,0.032125589225589245,-0.032125589225589245,1.0,-0.4939759036144578,0.3532938518428288,0.0019965277777777776,0.04312010590695351,198.0,0.1717171717171717,0.5757575757575759,0.7171717171717175,0.8506177644389052
small_long,rotatable_xlink,r0016,7.05,pulse_07,-2.151174,0.3598921918486088,0.02668600000000006,0.02668600000000006,1.0,-0.4117647058823529,0.36277830532819877,0.001974826388888889,0.007308177441185115,200.0,0.21000000000000002,0.5700000000000001,0.7,0.8648261579056589
small_long,rotatable_xlink,r0016,7.1,pulse_07,-2.071116,0.38181672417216417,0.015608166666666756,0.015608166666666756,1.0,-0.42857142857142855,0.46062151089261405,0.001953125,0.0012255425212327014,200.0,0.18000000000000008,0.5599999999999999,0.6999999999999997,0.8600498460537479
small_long,rotatable_xlink,r0016,7.15,pulse_07,-2.0575249999999996,0.3525389367212126,0.0029879999999999907,0.0029879999999999907,1.0,-0.4523809523809524,0.4127652133259918,0.0019097222222222222,0.007290039766837435,200.0,0.19000000000000003,0.57,0.7,0.8584989742680674
small_long,rotatable_xlink,r0016,7.2,pulse_07,-2.053188,0.33807648557113956,0.004610666666666689,0.004610666666666689,1.0,-0.42168674698795183,0.44258445863326545,0.0018880208333333333,0.0019261845640886528,200.0,0.21212121212121215,0.5252525252525253,0.6969696969696973,0.8499638260459137
small_long,rotatable_xlink,r0016,7.25,pulse_07,-2.0298609999999995,0.3409818293366807,0.010000666666666658,0.010000666666666658,1.0,-0.4146341463414634,0.44165621145927464,0.0019314236111111112,0.0021395506151105173,200.0,0.1919191919191919,0.5353535353535356,0.6868686868686873,0.8770278843284407
small_long,rotatable_xlink,r0016,7.3,pulse_07,-1.993184,0.32523918188047646,0.011138333333333139,0.011138333333333139,1.0,-0.38271604938271603,0.4145456091252554,0.001974826388888889,0.005593723868148696,200.0,0.19000000000000003,0.55,0.6899999999999997,0.8780571340430888
small_long,rotatable_xlink,r0016,7.35,pulse_07,-1.9630310000000006,0.3074194861277885,0.0010983333333333494,0.0010983333333333494,1.0,-0.38271604938271603,0.40507801386613634,0.0020399305555555557,0.005498789869646942,200.0,0.19,0.56,0.6899999999999997,0.8780979942815718
small_long,rotatable_xlink,r0016,7.4,pulse_07,-1.986594,0.2922464426625948,0.0026711666666665948,-0.0026711666666665948,1.0,-0.45,0.4429778300688046,0.0019965277777777776,0.006582159201950284,200.0,0.19,0.5599999999999999,0.6899999999999996,0.8750923692548861
small_long,rotatable_xlink,r0016,7.45,pulse_07,-1.9790580000000002,0.2679265309160868,0.0010345000000000122,-0.0010345000000000122,1.0,-0.4074074074074074,0.3185885077776704,0.002018229166666667,0.0043413492330832875,200.0,0.19,0.55,0.6899999999999997,0.8806441169996371
small_long,rotatable_xlink,r0016,7.5,pulse_07,-1.992801,0.2661983472640951,3.1666666666282004e-06,-3.1666666666282004e-06,1.0,-0.4177215189873418,0.36776137968351885,0.0019097222222222222,0.0035494603033815,200.0,0.19000000000000006,0.5599999999999999,0.6899999999999997,0.8731228553990681
small_long,rotatable_xlink,r0016,7.55,pulse_07,-1.979077,0.2892232927363758,0.0011923333333333508,-0.0011923333333333508,1.0,-0.425,0.34156005043950155,0.002018229166666667,0.007619397302797713,200.0,0.19,0.5599999999999998,0.6899999999999996,0.8648261579056588
small_long,rotatable_xlink,r0016,7.6,pulse_07,-1.9999550000000001,0.31191473108088136,0.004465333333333284,-0.004465333333333284,1.0,-0.4074074074074074,0.30764866990222256,0.0020399305555555557,0.0037613590763716973,200.0,0.19000000000000003,0.5599999999999998,0.6899999999999996,0.8794500390366594
small_long,rotatable_xlink,r0016,7.65,pulse_07,-2.0058689999999997,0.311791447194606,0.005976338383838338,0.005976338383838338,1.0,-0.4074074074074074,0.3520393181740389,0.0019965277777777776,0.007406376288626393,200.0,0.2,0.56,0.6899999999999998,0.8614384106584095
small_long,rotatable_xlink,r0016,7.7,pulse_07,-1.9640969696969701,0.267476473349123,0.018966045454545388,0.018966045454545388,1.0,-0.4177215189873418,0.2823926825331918,0.0020399305555555557,0.007422945218390681,198.0,0.18181818181818182,0.5555555555555557,0.6969696969696972,0.8653480885727612
small_long,rotatable_xlink,r0016,7.75,pulse_07,-1.8920727272727274,0.2672537758842619,0.01804082148010729,0.01804082148010729,1.0,-0.4177215189873418,0.36969554360136503,0.0018663194444444445,0.01263411328933245,198.0,0.1919191919191919,0.5555555555555557,0.6868686868686872,0.8480302345816451
small_long,rotatable_xlink,r0016,7.8,pulse_07,-1.8558520408163264,0.3432811530851177,0.002091372912801518,0.002091372912801518,1.0,-0.41025641025641024,0.3466747960777341,0.0019097222222222222,0.013574437950992363,196.0,0.20408163265306123,0.5306122448979591,0.6836734693877549,0.8681120900382674
small_long,rotatable_xlink,r0016,7.85,pulse_07,-1.8795244897959182,0.3487004035902161,0.007526700680272021,0.007526700680272021,1.0,-0.41025641025641024,0.369878946873307,0.002018229166666667,0.006974888461192995,196.0,0.2040816326530612,0.5408163265306122,0.693877551020408,0.8612285944181362
small_long,rotatable_xlink,r0016,7.9,pulse_07,-1.8106918367346942,0.38513048385227566,0.01424608843537408,0.01424608843537408,1.0,-0.3924050632911392,0.3013429549696724,0.0019314236111111112,0.013125527366280818,196.0,0.21428571428571427,0.5306122448979591,0.693877551020408,0.8581469381993656
small_long,rotatable_xlink,r0016,7.95,pulse_07,-1.7940479591836738,0.427453567787901,0.0004714285714286041,0.0004714285714286041,1.0,-0.3924050632911392,0.3413812964189633,0.001974826388888889,0.00917994395342057,196.0,0.22448979591836732,0.5306122448979591,0.6836734693877549,0.8526013859635246
small_long,rotatable_xlink,r0016,8.0,pulse_07,-1.8078632653061226,0.4402101475727991,0.004605102040816285,-0.004605102040816285,1.0,-0.3924050632911392,0.24944474099856048,0.0019965277777777776,0.004252193261632693,196.0,0.1938775510204082,0.5306122448979591,0.683673469387755,0.8763752231635905
small_long,rotatable_xlink,r0017,0.0,initial,0.2163058823529411,-3.000384107944785,0.004645016339869208,-0.004645016339869208,1.0,0.16666666666666666,0.0,0.00030381944444444445,0.015971533016910417,34.0,0.1764705882352941,0.29411764705882354,0.29411764705882354,0.5721157456506414
small_long,rotatable_xlink,r0017,0.05,initial,0.20237083333333347,-3.0482987069955163,0.04732580532212888,0.04732580532212888,1.0,0.05263157894736842,0.281113578977549,0.00043402777777777775,0.01195718234607764,48.0,0.25,0.25,0.37499999999999994,0.6593393299467378
small_long,rotatable_xlink,r0017,0.1,initial,0.5002607142857144,-3.072127202021251,0.04471486111111115,0.04471486111111115,1.0,0.047619047619047616,0.3133380164957729,0.0005425347222222222,0.05251622392698992,56.0,0.2857142857142857,0.21428571428571427,0.3928571428571429,0.6841050535065303
small_long,rotatable_xlink,r0017,0.15000000000000002,initial,0.47066000000000036,-2.733201363433577,0.0770883658008658,0.0770883658008658,1.0,0.043478260869565216,0.4503937702416442,0.0006076388888888889,0.097783539137876,60.0,0.3,0.19999999999999998,0.4,0.7339887229490115
small_long,rotatable_xlink,r0017,0.2,initial,0.9627909090909091,-2.485425967193995,0.09089333333333331,0.09089333333333331,1.0,0.2,0.5589331679402332,0.0006944444444444445,0.029770639712518514,66.0,0.36363636363636365,0.18181818181818182,0.393939393939394,0.7271952871435657
small_long,rotatable_xlink,r0017,0.25,initial,1.0160200000000001,-2.5545775251584657,0.01643309409888355,0.01643309409888355,1.0,0.08333333333333333,0.560225934800478,0.0006727430555555556,0.039943232287039,70.0,0.37142857142857133,0.1714285714285714,0.37142857142857133,0.7299983855228391
small_long,rotatable_xlink,r0017,0.30000000000000004,initial,1.0613894736842104,-2.725085360916229,0.06627534883720927,0.06627534883720927,1.0,0.12,0.5200099638735631,0.00078125,0.08560175549728115,76.0,0.3684210526315789,0.15789473684210525,0.3947368421052631,0.7353950590167408
small_long,rotatable_xlink,r0017,0.35000000000000003,initial,1.4136720930232558,-3.0681880581421526,0.012070594965675049,0.012070594965675049,1.0,0.2,0.3954690711985052,0.0008463541666666667,0.11105686273982474,86.0,0.4186046511627907,0.16279069767441862,0.37209302325581395,0.7893327012480182
small_long,rotatable_xlink,r0017,0.4,initial,1.1338130434782607,2.891758769824408,0.07951337604809365,-0.07951337604809365,1.0,0.16129032258064516,0.4743475853578081,0.0009114583333333333,0.08378211804876338,92.0,0.36956521739130443,0.17391304347826092,0.39130434782608703,0.7997493922311381
small_long,rotatable_xlink,r0017,0.45,initial,0.9365918367346939,2.7123045407448525,0.0005924801750068301,0.0005924801750068301,1.0,0.0625,0.5821511134854277,0.0008897569444444444,0.0012565681650991885,98.0,0.3469387755102041,0.20408163265306123,0.38775510204081626,0.7621713541627483
small_long,rotatable_xlink,r0017,0.5,initial,1.1373679245283017,2.899298178815003,0.0734732903687791,0.0734732903687791,1.0,0.14285714285714285,0.4314716452914149,0.0010199652777777778,0.0034595648697641015,106.0,0.3773584905660377,0.18867924528301888,0.41509433962264153,0.7821533365103652
small_long,rotatable_xlink,r0017,0.55,initial,1.3774315789473686,2.691547151526268,0.03624212752114516,0.03624212752114516,1.0,0.21052631578947367,0.3879552025388062,0.0010416666666666667,0.047629141183288315,114.0,0.4035087719298246,0.17543859649122803,0.38596491228070173,0.7921611180769423
small_long,rotatable_xlink,r0017,0.6000000000000001,initial,1.3548206896551727,2.6135233317152733,0.02456322642543855,0.02456322642543855,1.0,0.3333333333333333,0.28627277545017005,0.0012152777777777778,0.01705235635487079,116.0,0.39655172413793116,0.17241379310344826,0.37931034482758624,0.8004384618484407
small_long,rotatable_xlink,r0017,0.65,initial,1.5248109374999999,2.7938612896554926,0.03055732095490708,0.03055732095490708,1.0,0.35,0.27720876477431466,0.0011284722222222221,0.018981875565842854,128.0,0.40625,0.15625,0.40625,0.8464838076670244
small_long,rotatable_xlink,r0017,0.7000000000000001,initial,1.5381646153846151,2.7274145851103304,0.02981018688725497,0.02981018688725497,1.0,0.38095238095238093,0.2129983931339844,0.0012586805555555556,0.010852430845110858,130.0,0.4307692307692307,0.1538461538461538,0.3846153846153844,0.8312449564779085
small_long,rotatable_xlink,r0017,0.75,initial,1.7036720588235297,2.7287467045848275,0.031945752508361215,0.031945752508361215,1.0,0.4222222222222222,0.31565586429442816,0.001388888888888889,0.0021623316203343754,136.0,0.42647058823529405,0.14705882352941174,0.38235294117647045,0.8459882092371203
small_long,rotatable_xlink,r0017,0.8,initial,1.7298391304347824,2.714440595388324,0.01678548398232534,-0.01678548398232534,1.0,0.4222222222222222,0.26337066205107107,0.001388888888888889,0.019790461577321377,138.0,0.4347826086956522,0.13043478260869565,0.37681159420289867,0.830337342067629
small_long,rotatable_xlink,r0017,0.8500000000000001,initial,1.6029591549295776,2.8474894740487557,0.006451469128449479,0.006451469128449479,1.0,0.4222222222222222,0.26686111942851476,0.0013237847222222223,0.004152154675606923,142.0,0.4225352112676056,0.14084507042253522,0.39436619718309857,0.8493753175451649
small_long,rotatable_xlink,r0017,0.9,initial,1.7685479452054793,2.7393535234419657,0.04148698769191724,0.04148698769191724,1.0,0.4782608695652174,0.2989591220920684,0.0014105902777777778,0.022435349680512973,146.0,0.46575342465753433,0.136986301369863,0.3972602739726027,0.8244257762288099
small_long,rotatable_xlink,r0017,0.9500000000000001,initial,1.851881081081081,2.712877375965678,0.03260066714107812,0.03260066714107812,1.0,0.48936170212765956,0.2393347774605089,0.0012803819444444444,0.008505651203813969,148.0,0.4459459459459459,0.1216216216216216,0.3783783783783783,0.8113830712300081
small_long,rotatable_xlink,r0017,1.0,initial,1.964151948051948,2.688319616219082,0.03742362232362232,0.03742362232362232,1.0,0.5102040816326531,0.283216568032242,0.0014322916666666666,0.008185919915532006,154.0,0.4545454545454545,0.1038961038961039,0.37662337662337664,0.8268549769695586
small_long,rotatable_xlink,r0017,1.05,pulse_01,2.093881707317073,2.474080503659653,0.06008455284552835,-0.06008455284552835,1.0,0.5272727272727272,0.28152614018260347,0.0015625,0.01932163324354515,164.0,0.4878048780487805,0.1097560975609756,0.3658536585365853,0.8151092863311786
small_long,rotatable_xlink,r0017,1.1,pulse_01,1.913628048780488,2.5320454033902884,0.003963225729316067,-0.003963225729316067,1.0,0.5,0.3399485210755911,0.001584201388888889,0.004428336823616726,164.0,0.47560975609756106,0.13414634146341461,0.36585365853658536,0.8090865801934595
small_long,rotatable_xlink,r0017,1.15,pulse_01,2.0701023529411766,2.5006505246013533,0.022556371714879824,0.022556371714879824,1.0,0.5,0.2776365254055359,0.0016276041666666667,0.016712283665559696,170.0,0.5058823529411766,0.12941176470588237,0.35294117647058826,0.8219361663528181
small_long,rotatable_xlink,r0017,1.2,pulse_01,2.048966279069767,2.43177170139693,0.008816675681766917,-0.008816675681766917,1.0,0.5333333333333333,0.3134662129694319,0.0015190972222222222,0.06620082526205147,172.0,0.5116279069767442,0.12790697674418605,0.34883720930232565,0.8439953835898047
small_long,rotatable_xlink,r0017,1.25,pulse_01,2.017202298850575,2.1034455730290444,0.0032730358853759376,0.0032730358853759376,1.0,0.46875,0.4247354233044669,0.0016493055555555556,0.06524195223197404,174.0,0.5058823529411766,0.18823529411764708,0.35294117647058826,0.8170434101749587
small_long,rotatable_xlink,r0017,1.3,pulse_01,2.0686044943820225,2.040319988005086,0.021204616858237452,0.021204616858237452,1.0,0.5076923076923077,0.3475335232079165,0.0016276041666666667,0.024981393557829096,178.0,0.5168539325842696,0.1797752808988764,0.3370786516853932,0.825895695483247
small_long,rotatable_xlink,r0017,1.35,pulse_01,2.14443,1.9535572116820699,0.012694250936329624,0.012694250936329624,1.0,0.5151515151515151,0.3801151410364439,0.0016710069444444444,0.005956312513604252,180.0,0.5111111111111113,0.15555555555555559,0.33333333333333337,0.8229340297323845
small_long,rotatable_xlink,r0017,1.4,pulse_01,2.1447700000000003,2.0045821129234604,0.005977962962962898,-0.005977962962962898,1.0,0.47692307692307695,0.356309096638481,0.001584201388888889,0.012308299759765476,180.0,0.5333333333333334,0.14444444444444446,0.33333333333333337,0.8269596898739578
small_long,rotatable_xlink,r0017,1.45,pulse_01,2.1085622222222224,2.0274070102406627,0.061696992753623135,-0.061696992753623135,1.0,0.49206349206349204,0.37541587035384566,0.0016710069444444444,0.031941049418987566,180.0,0.5168539325842697,0.14606741573033707,0.3595505617977528,0.8360891037824038
small_long,rotatable_xlink,r0017,1.5,pulse_01,1.7745880434782615,2.196228409437386,0.16350602254428345,-0.16350602254428345,1.0,0.45454545454545453,0.18915766016298316,0.0016276041666666667,0.018527414389008623,184.0,0.5000000000000001,0.15217391304347827,0.34782608695652184,0.842400370780585
small_long,rotatable_xlink,r0017,1.55,pulse_01,1.1275260869565218,2.1385714965747145,0.17272052497687337,-0.17272052497687337,1.0,0.2982456140350877,0.2338132679284899,0.0016276041666666667,0.02392933601860873,184.0,0.39130434782608703,0.19565217391304351,0.4021739130434783,0.8549844967217066
small_long,rotatable_xlink,r0017,1.6,pulse_01,0.7382648936170212,2.0526523933257335,0.07446224256292909,-0.07446224256292909,1.0,0.20689655172413793,0.22025259669912617,0.001736111111111111,0.014427272834203123,188.0,0.34042553191489355,0.18085106382978727,0.45744680851063835,0.8394138684525055
small_long,rotatable_xlink,r0017,1.65,pulse_01,0.6807526315789473,2.0520078595694957,0.02040204367301231,-0.02040204367301231,1.0,0.14754098360655737,0.18846947407640316,0.0016710069444444444,0.000924526112266714,190.0,0.34736842105263155,0.1894736842105263,0.4947368421052631,0.865986943369952
small_long,rotatable_xlink,r0017,1.7000000000000002,pulse_01,0.6158526315789473,2.047105236652133,0.0207233333333333,-0.0207233333333333,1.0,0.13333333333333333,0.13892163766025173,0.0017144097222222222,0.012784968659485493,190.0,0.34736842105263155,0.2210526315789474,0.4947368421052632,0.8778144527212688
small_long,rotatable_xlink,r0017,1.75,pulse_01,0.5564126315789475,1.9752980476125828,0.005017019352504963,-0.005017019352504963,1.0,0.13846153846153847,0.17219476075813214,0.0018446180555555555,0.02289830446397582,190.0,0.3473684210526315,0.23157894736842102,0.5157894736842106,0.8677275541821605
small_long,rotatable_xlink,r0017,1.8,pulse_01,0.5857505154639175,1.9097154098682783,0.007496520166395367,0.007496520166395367,1.0,0.15151515151515152,0.1414691938016412,0.0018012152777777779,0.012656619789954212,194.0,0.3711340206185567,0.2268041237113402,0.4845360824742266,0.8782111405171464
small_long,rotatable_xlink,r0017,1.85,pulse_01,0.6013917525773197,1.8993583288728575,0.0070450171821306124,-0.0070450171821306124,1.0,0.16666666666666666,0.09345497604082505,0.0018663194444444445,0.003301070743856771,194.0,0.38144329896907225,0.21649484536082478,0.4845360824742267,0.8716882707876711
small_long,rotatable_xlink,r0017,1.9,pulse_01,0.5434804123711339,1.8899089854051376,0.003819415807560141,-0.003819415807560141,1.0,0.18840579710144928,0.1538137208109076,0.001736111111111111,0.009221348157999723,194.0,0.37113402061855677,0.21649484536082478,0.48453608247422675,0.8594419497749468
small_long,rotatable_xlink,r0017,1.9500000000000002,pulse_01,0.5784752577319588,1.8440302399248591,0.001968163966617568,-0.001968163966617568,1.0,0.0958904109589041,0.1580369801666821,0.0018012152777777779,0.008313332693252148,194.0,0.3711340206185568,0.2268041237113402,0.48453608247422686,0.8674645651137063
small_long,rotatable_xlink,r0017,2.0,pulse_01,0.5316714285714285,1.8400289892456247,0.015601276386843463,-0.015601276386843463,1.0,0.15492957746478872,0.09565275157399956,0.0017144097222222222,0.0013337502264114676,196.0,0.3673469387755101,0.24489795918367344,0.48979591836734687,0.8699606074502143
small_long,rotatable_xlink,r0017,2.05,pulse_02,0.6782386138613863,1.8540382910194937,0.044484128712871183,0.044484128712871183,1.0,0.21621621621621623,0.17506799748440205,0.0019314236111111112,0.000509787604834111,202.0,0.3762376237623763,0.21782178217821785,0.4554455445544556,0.8609217163377214
small_long,rotatable_xlink,r0017,2.1,pulse_02,0.8116909999999998,1.8525089282049914,0.04764906435643562,0.04764906435643562,1.0,0.2222222222222222,0.13693397694971807,0.001974826388888889,0.013646643384212101,200.0,0.41000000000000003,0.22000000000000006,0.45000000000000007,0.8889408144930463
small_long,rotatable_xlink,r0017,2.15,pulse_02,0.964133,1.9359181513247663,0.015229999999999985,0.015229999999999985,1.0,0.11392405063291139,0.0900641906673661,0.0019965277777777776,0.014662258263512862,200.0,0.42000000000000004,0.19,0.42000000000000004,0.8832310999561854
small_long,rotatable_xlink,r0017,2.2,pulse_02,0.9030709999999997,1.9404824777860685,0.01432750000000003,-0.01432750000000003,1.0,0.10256410256410256,0.07044281704846224,0.0019097222222222222,0.008047298939684847,200.0,0.39000000000000007,0.2,0.43,0.8768630560801112
small_long,rotatable_xlink,r0017,2.25,pulse_02,0.8781679999999998,1.9842019449628754,0.01519966666666663,-0.01519966666666663,1.0,0.09090909090909091,0.12036421675335535,0.0019965277777777776,0.006835618088816202,200.0,0.39000000000000007,0.2,0.43,0.891104814990548
small_long,rotatable_xlink,r0017,2.3,pulse_02,0.811873,1.9814961863189657,0.021117166666666614,-0.021117166666666614,1.0,0.11392405063291139,0.11154380025220732,0.0018446180555555555,0.003359298694055083,200.0,0.39,0.23000000000000004,0.44000000000000006,0.8658622690765267
small_long,rotatable_xlink,r0017,2.35,pulse_02,0.7514650000000002,1.9640461527985449,0.008342499999999975,-0.008342499999999975,1.0,0.11392405063291139,0.0708231046614813,0.001953125,0.0009298941379071168,200.0,0.4,0.23000000000000004,0.4400000000000001,0.8719287774360904
small_long,rotatable_xlink,r0017,2.4,pulse_02,0.7618180000000001,1.975916821491523,0.0027106188118811527,0.0027106188118811527,1.0,0.10256410256410256,0.1292423844222065,0.001974826388888889,0.011541900351226375,200.0,0.38,0.25000000000000006,0.43999999999999995,0.8868133338451185
small_long,rotatable_xlink,r0017,2.45,pulse_02,0.7677287128712871,2.033297554905903,0.0017436996699670138,0.0017436996699670138,1.0,0.1282051282051282,0.12716564765212446,0.0020616319444444445,0.004450241318581405,202.0,0.38613861386138615,0.20792079207920794,0.4356435643564357,0.8564103333551807
small_long,rotatable_xlink,r0017,2.5,pulse_02,0.7722801980198022,1.9492153735800346,0.0031498349834983377,0.0031498349834983377,1.0,0.125,0.14129791330583244,0.001974826388888889,0.017605951621723997,202.0,0.3861386138613862,0.20792079207920794,0.4455445544554456,0.8674990601216928
small_long,rotatable_xlink,r0017,2.55,pulse_02,0.7866277227722771,1.9276618451755592,0.005017326732673318,-0.005017326732673318,1.0,0.13157894736842105,0.1090337020049668,0.001953125,0.014158386193184658,202.0,0.3861386138613862,0.22772277227722776,0.43564356435643575,0.876517528672013
small_long,rotatable_xlink,r0017,2.6,pulse_02,0.7421762376237623,1.8642650564209267,0.0005255775577557668,-0.0005255775577557668,1.0,0.11392405063291139,0.16406871949634846,0.0019965277777777776,0.012762493951792816,202.0,0.3861386138613862,0.19801980198019803,0.43564356435643575,0.8681716515555196
small_long,rotatable_xlink,r0017,2.65,pulse_02,0.7834742574257425,1.8510868814648023,0.007099834983498328,0.007099834983498328,1.0,0.1282051282051282,0.11855516746717758,0.002018229166666667,0.0014053181130737242,202.0,0.41584158415841593,0.2178217821782178,0.4356435643564357,0.8668329933821656
small_long,rotatable_xlink,r0017,2.7,pulse_02,0.7847752475247523,1.872696965099369,0.0012504481330485318,-0.0012504481330485318,1.0,0.11392405063291139,0.11339973368110577,0.0019314236111111112,0.003031368374545762,202.0,0.42574257425742584,0.24752475247524752,0.44554455445544566,0.8717588734638523
small_long,rotatable_xlink,r0017,2.75,pulse_02,0.7759715686274513,1.8328986712175277,0.0032004497508574072,-0.0032004497508574072,1.0,0.1282051282051282,0.07635899115348412,0.002018229166666667,0.010471829500787585,204.0,0.39215686274509803,0.2647058823529412,0.4411764705882352,0.8698277102763595
small_long,rotatable_xlink,r0017,2.8,pulse_02,0.7655725490196078,1.8098659880946435,0.007410130718954226,0.007410130718954226,1.0,0.11392405063291139,0.09340808811555064,0.0018663194444444445,0.0035089246498214064,204.0,0.392156862745098,0.27450980392156865,0.4411764705882352,0.8469861804174731
small_long,rotatable_xlink,r0017,2.85,pulse_02,0.8204323529411767,1.8539522191164561,0.017302471603528158,0.017302471603528158,1.0,0.10256410256410256,0.13772308973900582,0.0019314236111111112,0.002967256912780251,204.0,0.3823529411764707,0.25490196078431376,0.44117647058823534,0.8702133119158465
small_long,rotatable_xlink,r0017,2.9,pulse_02,0.8693873786407768,1.827669529571325,0.01608700266514368,0.01608700266514368,1.0,0.13924050632911392,0.10967375396529566,0.0019965277777777776,0.02321413360356021,206.0,0.3883495145631067,0.2427184466019417,0.4271844660194174,0.8835166569018978
small_long,rotatable_xlink,r0017,2.95,pulse_02,0.9169543689320387,1.7146674174950949,0.0012810679611649685,0.0012810679611649685,1.0,0.11688311688311688,0.11539363232827887,0.0019097222222222222,0.04426505704428685,206.0,0.39805825242718434,0.20388349514563103,0.41747572815533973,0.8799099847823035
small_long,rotatable_xlink,r0017,3.0,pulse_02,0.8770737864077666,1.562079187305604,0.013293527508090727,-0.013293527508090727,1.0,0.17333333333333334,0.2391285302511992,0.001974826388888889,0.05086274339649699,206.0,0.36893203883495135,0.20388349514563103,0.4271844660194174,0.8856067627715957
small_long,rotatable_xlink,r0017,3.05,pulse_03,0.8551682692307693,1.5459700132378873,0.0005871794871794567,0.0005871794871794567,1.0,0.1232876712328767,0.1744436933876393,0.0018446180555555555,0.00806822738710252,208.0,0.3557692307692308,0.2115384615384615,0.423076923076923,0.8810859582865187
small_long,rotatable_xlink,r0017,3.1,pulse_03,0.8569298076923076,1.5217653310765797,0.01954278846153847,-0.01954278846153847,1.0,0.1232876712328767,0.1986428620691302,0.001974826388888889,0.013610367611212074,208.0,0.35576923076923084,0.1923076923076923,0.4230769230769231,0.8931017279817809
small_long,rotatable_xlink,r0017,3.15,pulse_03,0.7379115384615385,1.6276322189051597,0.046317788461538445,-0.046317788461538445,1.0,0.1111111111111111,0.20293567587731856,0.002018229166666667,0.03658021728123454,208.0,0.34615384615384615,0.20192307692307693,0.44230769230769224,0.8783871140595063
small_long,rotatable_xlink,r0017,3.2,pulse_03,0.579023076923077,1.741246634763987,0.03542435897435897,-0.03542435897435897,1.0,0.09859154929577464,0.25892579807992816,0.0020616319444444445,0.015923399612212823,208.0,0.33653846153846156,0.1923076923076923,0.49038461538461525,0.8827641875435996
small_long,rotatable_xlink,r0017,3.25,pulse_03,0.5253653846153846,1.7231726165784367,0.00978285256410257,-0.00978285256410257,1.0,0.1111111111111111,0.14037562792456776,0.0020833333333333333,0.007695892969023325,208.0,0.326923076923077,0.21153846153846154,0.4903846153846153,0.8898442787055797
small_long,rotatable_xlink,r0017,3.3,pulse_03,0.5203259615384616,1.787421992578127,0.0024189102564102414,0.0024189102564102414,1.0,0.1267605633802817,0.1547410324781833,0.001974826388888889,0.007862256826806191,208.0,0.3269230769230769,0.20192307692307693,0.49038461538461514,0.8788884126710979
small_long,rotatable_xlink,r0017,3.35,pulse_03,0.5398788461538461,1.7703461575392738,0.000727403846153829,0.000727403846153829,1.0,0.0958904109589041,0.1947487746755353,0.0020399305555555557,0.016278288812718755,208.0,0.3269230769230769,0.21153846153846154,0.4903846153846154,0.8984399469671185
small_long,rotatable_xlink,r0017,3.4,pulse_03,0.5246903846153845,1.6897522597018144,0.008376602564102553,-0.008376602564102553,1.0,0.0958904109589041,0.21225207434855656,0.0019965277777777776,0.016776633649530266,208.0,0.3269230769230769,0.23076923076923075,0.4903846153846153,0.9041212369358239
small_long,rotatable_xlink,r0017,3.45,pulse_03,0.48961923076923075,1.6696863556420922,0.007872275641025633,-0.007872275641025633,1.0,0.0684931506849315,0.26768341749291336,0.0019097222222222222,0.008188506936163686,208.0,0.3076923076923078,0.23076923076923078,0.4903846153846153,0.8820822190277379
small_long,rotatable_xlink,r0017,3.5,pulse_03,0.47745673076923073,1.6406212180848323,0.0026517628205128077,0.0026517628205128077,1.0,0.07042253521126761,0.22096714939793344,0.0020399305555555557,0.0012190773612199557,208.0,0.3076923076923077,0.23076923076923075,0.4903846153846153,0.8840152710414886
small_long,rotatable_xlink,r0017,3.55,pulse_03,0.5055298076923076,1.677000819809412,0.007848397435897464,0.007848397435897464,1.0,0.08333333333333333,0.2085031965796378,0.0019314236111111112,0.005832584226314201,208.0,0.298076923076923,0.23076923076923078,0.49038461538461525,0.895741102740106
small_long,rotatable_xlink,r0017,3.6,pulse_03,0.5245471153846155,1.6756167234427175,0.005652884615384639,0.005652884615384639,1.0,0.08333333333333333,0.2243312914582489,0.0020399305555555557,0.017015493959684713,208.0,0.2980769230769231,0.24038461538461534,0.48076923076923067,0.8786377633653021
small_long,rotatable_xlink,r0017,3.65,pulse_03,0.5394471153846154,1.5749078560513037,0.003084294871794883,-0.003084294871794883,1.0,0.014492753623188406,0.19165147675334493,0.001953125,0.005606997941080512,208.0,0.29807692307692324,0.23076923076923078,0.47115384615384615,0.9020755824666626
small_long,rotatable_xlink,r0017,3.7,pulse_03,0.5060413461538462,1.6419747357962344,0.008582211538461523,0.008582211538461523,1.0,0.13043478260869565,0.16057363125225982,0.0019965277777777776,0.029892636280272795,208.0,0.27884615384615385,0.24038461538461536,0.46153846153846156,0.8790403038173572
small_long,rotatable_xlink,r0017,3.75,pulse_03,0.5909403846153846,1.7542636737329405,0.008935256410256406,0.008935256410256406,1.0,0.16923076923076924,0.25702726470963794,0.0020616319444444445,0.01656906035469119,208.0,0.28846153846153844,0.2115384615384616,0.451923076923077,0.9081201241965745
small_long,rotatable_xlink,r0017,3.8,pulse_03,0.5596528846153846,1.7413890979243816,0.006846153846153853,-0.006846153846153853,1.0,0.12121212121212122,0.23847474338037128,0.002191840277777778,0.02950741012781699,208.0,0.2884615384615385,0.22115384615384617,0.4615384615384615,0.9035668053375091
small_long,rotatable_xlink,r0017,3.85,pulse_03,0.5498634615384614,1.9313081344998424,0.008947756410256413,-0.008947756410256413,1.0,0.15625,0.3083242455047814,0.0020616319444444445,0.034491514250052514,208.0,0.28846153846153844,0.2115384615384615,0.48076923076923084,0.8900598127714004
small_long,rotatable_xlink,r0017,3.9,pulse_03,0.5059663461538462,1.9483381834246967,0.0004439102564102552,0.0004439102564102552,1.0,0.07936507936507936,0.31545833341209933,0.001974826388888889,0.0008294729795816173,208.0,0.28846153846153844,0.22115384615384612,0.4807692307692307,0.8978462266779547
small_long,rotatable_xlink,r0017,3.95,pulse_03,0.552526923076923,1.936284972377332,0.0052181089743589815,0.0052181089743589815,1.0,0.030303030303030304,0.3012923132792296,0.0020833333333333333,0.0010128326091493056,208.0,0.28846153846153844,0.21153846153846154,0.4807692307692307,0.8932536191280404
small_long,rotatable_xlink,r0017,4.0,pulse_03,0.5372750000000001,1.9544151790795925,0.005083974358974304,-0.005083974358974304,1.0,0.030303030303030304,0.374675466775427,0.002018229166666667,0.006043402234086799,208.0,0.2884615384615385,0.2115384615384615,0.48076923076923056,0.877641502624083
small_long,rotatable_xlink,r0017,4.05,pulse_04,0.7177574074074073,1.8209946777986767,0.009597222222222257,0.009597222222222257,1.0,0.05714285714285714,0.29391149766767416,0.001974826388888889,0.033514488004726374,216.0,0.31481481481481477,0.20370370370370366,0.4629629629629629,0.9069316008704161
small_long,rotatable_xlink,r0017,4.1,pulse_04,0.7465490740740741,1.9215381418128559,0.011870524691358039,0.011870524691358039,1.0,0.05714285714285714,0.32990014487298064,0.0021484375,0.015694667691332837,216.0,0.31481481481481477,0.22222222222222218,0.4629629629629629,0.8999674697587782
small_long,rotatable_xlink,r0017,4.15,pulse_04,0.7889805555555556,1.9151626839466738,0.0023433641975308395,0.0023433641975308395,1.0,0.14705882352941177,0.386751082555377,0.002170138888888889,0.009270597498248212,216.0,0.31481481481481477,0.21296296296296294,0.44444444444444436,0.917930611409622
small_long,rotatable_xlink,r0017,4.2,pulse_04,0.7606092592592592,1.8659145568233666,0.0030890432098765186,-0.0030890432098765186,1.0,0.14705882352941177,0.34015813614082435,0.0020399305555555557,0.009656034392237426,216.0,0.31481481481481477,0.21296296296296294,0.44444444444444436,0.9146709950749012
small_long,rotatable_xlink,r0017,4.25,pulse_04,0.7704462962962965,1.8572264775932492,0.005223456790123482,0.005223456790123482,1.0,0.12121212121212122,0.31764019355183737,0.0020833333333333333,0.004238999882722583,216.0,0.31481481481481477,0.21296296296296294,0.4537037037037036,0.9113541118444077
small_long,rotatable_xlink,r0017,4.3,pulse_04,0.79195,1.840480557527031,0.012681068997346223,0.012681068997346223,1.0,0.13432835820895522,0.3471281653532158,0.0021484375,0.015164823141478267,216.0,0.3148148148148148,0.20370370370370372,0.4444444444444445,0.9159607219208004
small_long,rotatable_xlink,r0017,4.35,pulse_04,0.8465327102803738,1.7662375387443796,0.004686682242990607,0.004686682242990607,1.0,0.15151515151515152,0.32905475654132466,0.0020616319444444445,0.017073557435977233,214.0,0.3177570093457944,0.21495327102803738,0.4392523364485982,0.9007335275327084
small_long,rotatable_xlink,r0017,4.4,pulse_04,0.8200700934579437,1.7380392129111677,0.00667180685358254,0.00667180685358254,1.0,0.13432835820895522,0.33427862400307995,0.0019965277777777776,0.008443281514219692,214.0,0.3271028037383178,0.21495327102803738,0.4392523364485982,0.9049919357685646
small_long,rotatable_xlink,r0017,4.45,pulse_04,0.886563551401869,1.7155778496590615,0.018923852348204373,0.018923852348204373,1.0,0.13043478260869565,0.3294067911812661,0.002105034722222222,0.0008352923739445295,214.0,0.33644859813084116,0.21495327102803738,0.4392523364485982,0.917357334027845
small_long,rotatable_xlink,r0017,4.5,pulse_04,0.9336132075471699,1.7430509671548349,0.01670371627578911,0.01670371627578911,1.0,0.14705882352941177,0.2857126149620791,0.0020399305555555557,0.004784610380834664,212.0,0.339622641509434,0.20754716981132076,0.4339622641509435,0.9089662876189478
small_long,rotatable_xlink,r0017,4.55,pulse_04,0.9867858490566037,1.7442855119440694,0.013079245283018848,0.013079245283018848,1.0,0.11764705882352941,0.280353961087926,0.0021484375,0.01189507986147124,212.0,0.3523809523809524,0.2,0.43809523809523815,0.8863968797545995
small_long,rotatable_xlink,r0017,4.6,pulse_04,1.012088679245283,1.8144214463236623,0.007506289308176095,0.007506289308176095,1.0,0.19402985074626866,0.28420220849401867,0.0020399305555555557,0.031474786756678995,212.0,0.3584905660377359,0.18867924528301885,0.4245283018867926,0.8921273053574093
small_long,rotatable_xlink,r0017,4.65,pulse_04,1.0318235849056603,1.9331342324841434,0.0025053459119496932,0.0025053459119496932,1.0,0.20588235294117646,0.32299196198084307,0.0020833333333333333,0.012307094711144217,212.0,0.3584905660377359,0.18867924528301885,0.41509433962264153,0.9078397989746294
small_long,rotatable_xlink,r0017,4.7,pulse_04,1.0271207547169812,1.8882640145905276,0.011065751722072506,0.011065751722072506,1.0,0.19402985074626866,0.34518951788083213,0.0020833333333333333,0.010166033653679666,212.0,0.3584905660377359,0.1792452830188679,0.4150943396226416,0.8977597485790022
small_long,rotatable_xlink,r0017,4.75,pulse_04,1.0982180952380953,1.8721380305620654,0.010067810721772985,0.010067810721772985,1.0,0.22388059701492538,0.282718917294024,0.0020616319444444445,0.0038656829842695175,210.0,0.3619047619047619,0.17142857142857143,0.4095238095238095,0.8758221221455497
small_long,rotatable_xlink,r0017,4.8,pulse_04,1.087527619047619,1.8650699166849105,0.0003426984126984056,0.0003426984126984056,1.0,0.18181818181818182,0.32817994696304675,0.001953125,0.005544835725232826,210.0,0.35238095238095246,0.18095238095238095,0.40952380952380957,0.9072003151975127
small_long,rotatable_xlink,r0017,4.85,pulse_04,1.1002742857142858,1.8388690162106685,0.008707619047619039,-0.008707619047619039,1.0,0.18181818181818182,0.26649956131503605,0.002018229166666667,0.008987527215666128,210.0,0.34285714285714286,0.18095238095238098,0.4095238095238097,0.8891615621743786
small_long,rotatable_xlink,r0017,4.9,pulse_04,1.0352819047619048,1.8111447533909137,0.012014126984126997,-0.012014126984126997,1.0,0.18181818181818182,0.29338949191633534,0.0020399305555555557,0.0024853922486178792,210.0,0.3238095238095238,0.19047619047619052,0.40952380952380957,0.875083611771416
small_long,rotatable_xlink,r0017,4.95,pulse_04,1.0281895238095238,1.8537813697023757,0.002969365079365035,0.002969365079365035,1.0,0.23529411764705882,0.20314719024808797,0.002018229166666667,0.017052903088288884,210.0,0.35238095238095246,0.18095238095238106,0.4190476190476192,0.8909983751432689
small_long,rotatable_xlink,r0017,5.0,pulse_04,1.053098095238095,1.913462171920647,0.008302857142857093,0.008302857142857093,1.0,0.21212121212121213,0.2686164771709194,0.0020616319444444445,0.019893600739423773,210.0,0.35238095238095246,0.18095238095238098,0.41904761904761917,0.8915864409534885
small_long,rotatable_xlink,r0017,5.05,pulse_05,1.151934862385321,1.7766915922595214,0.020200305810397518,0.020200305810397518,1.0,0.2602739726027397,0.26160117882679446,0.0020833333333333333,0.021548017818091198,218.0,0.35779816513761464,0.17431192660550454,0.39449541284403655,0.8983785210278361
small_long,rotatable_xlink,r0017,5.1,pulse_05,1.2125357798165135,1.7120475388052478,0.016432568807339454,0.016432568807339454,1.0,0.2876712328767123,0.28534566779586773,0.0020833333333333333,0.015002791714491925,218.0,0.3669724770642201,0.17431192660550454,0.39449541284403655,0.8730020342143071
small_long,rotatable_xlink,r0017,5.15,pulse_05,1.2505302752293577,1.68667484197257,0.004727217125382303,0.004727217125382303,1.0,0.2676056338028169,0.29595993954146027,0.002126736111111111,0.01065526836899866,218.0,0.3669724770642201,0.17431192660550454,0.4036697247706421,0.8882485694296092
small_long,rotatable_xlink,r0017,5.2,pulse_05,1.2408990825688073,1.6481159285912559,0.0038022935779816747,0.0038022935779816747,1.0,0.2777777777777778,0.33750528646794764,0.002170138888888889,0.0001844760486832501,218.0,0.36697247706422015,0.17431192660550454,0.3944954128440365,0.8835767846258196
small_long,rotatable_xlink,r0017,5.25,pulse_05,1.2733440366972477,1.6877816982646694,0.004402293577981609,-0.004402293577981609,1.0,0.2972972972972973,0.31708149282996634,0.0020399305555555557,0.003112635011434032,218.0,0.3761467889908256,0.16513761467889904,0.39449541284403655,0.894764734136427
small_long,rotatable_xlink,r0017,5.3,pulse_05,1.2144853211009177,1.66679173865986,0.005043586476384698,0.005043586476384698,1.0,0.28,0.31824686848093464,0.0022135416666666666,0.009196862751092253,218.0,0.38532110091743105,0.17431192660550454,0.39449541284403655,0.9005694897672448
small_long,rotatable_xlink,r0017,5.35,pulse_05,1.303605555555556,1.6326005217581159,0.006255995865896424,0.006255995865896424,1.0,0.2777777777777778,0.2389730822490552,0.002191840277777778,0.0038321373012049817,216.0,0.38888888888888884,0.16666666666666663,0.3888888888888888,0.9038898983136275
small_long,rotatable_xlink,r0017,5.4,pulse_05,1.2520212962962962,1.6437989148526302,0.0009461419753086971,-0.0009461419753086971,1.0,0.2676056338028169,0.2531814759938742,0.0020399305555555557,0.013570502200302462,216.0,0.37962962962962954,0.17592592592592587,0.3888888888888888,0.9007805664057763
small_long,rotatable_xlink,r0017,5.45,pulse_05,1.2979287037037037,1.551177508556301,0.0071063271604938265,0.0071063271604938265,1.0,0.2676056338028169,0.3119169727301616,0.0020616319444444445,0.015027194384697315,216.0,0.37962962962962954,0.16666666666666663,0.39814814814814803,0.8934288037477147
small_long,rotatable_xlink,r0017,5.5,pulse_05,1.2946592592592592,1.5536357485444463,0.0028552469135802263,0.0028552469135802263,1.0,0.2676056338028169,0.28079060710707865,0.002126736111111111,0.013443064758409099,216.0,0.37962962962962954,0.15740740740740738,0.39814814814814803,0.885212779344329
small_long,rotatable_xlink,r0017,5.55,pulse_05,1.315060185185185,1.6318358971067557,0.01160336333217952,0.01160336333217952,1.0,0.2676056338028169,0.30667188189262284,0.0020833333333333333,0.02171021144636313,216.0,0.37962962962962954,0.15740740740740738,0.3888888888888888,0.8892476587718968
small_long,rotatable_xlink,r0017,5.6,pulse_05,1.3642794392523363,1.683897017222625,0.010834205895927132,0.010834205895927132,1.0,0.323943661971831,0.33497502610298213,0.0020399305555555557,0.005038170601021963,214.0,0.383177570093458,0.15887850467289721,0.3831775700934581,0.8972380128775279
small_long,rotatable_xlink,r0017,5.65,pulse_05,1.3800654205607479,1.6620649207128875,0.0024984423676012537,0.0024984423676012537,1.0,0.323943661971831,0.3378735125805346,0.0019965277777777776,0.003089591691820067,214.0,0.38317757009345804,0.15887850467289721,0.3925233644859814,0.8904906053223332
small_long,rotatable_xlink,r0017,5.7,pulse_05,1.3792700934579438,1.7024345673735455,0.0017261682242990517,0.0017261682242990517,1.0,0.3150684931506849,0.3387559307983492,0.0019314236111111112,0.020414269587422724,214.0,0.3831775700934579,0.1588785046728972,0.39252336448598135,0.8879768750022714
small_long,rotatable_xlink,r0017,5.75,pulse_05,1.3904224299065422,1.7845505382374238,0.0034468847352024192,0.0034468847352024192,1.0,0.36,0.24782828071016177,0.0020616319444444445,0.0072237903461701185,214.0,0.39252336448598135,0.15887850467289721,0.3925233644859814,0.8873998010763553
small_long,rotatable_xlink,r0017,5.8,pulse_05,1.3999514018691583,1.7457773094505662,0.0033031152647975035,0.0033031152647975035,1.0,0.3142857142857143,0.2416886587375125,0.0020399305555555557,0.0015997025680976051,214.0,0.383177570093458,0.15887850467289721,0.39252336448598135,0.8854115014053948
small_long,rotatable_xlink,r0017,5.85,pulse_05,1.4102411214953272,1.7749523228288382,0.003187071651090445,0.003187071651090445,1.0,0.35135135135135137,0.24011897231187038,0.0020833333333333333,0.0031176850266380063,214.0,0.39252336448598135,0.15887850467289721,0.3925233644859814,0.8751303920562503
small_long,rotatable_xlink,r0017,5.9,pulse_05,1.419073831775701,1.7644834196103942,0.006212772585669768,0.006212772585669768,1.0,0.3055555555555556,0.24015692453543852,0.0020833333333333333,0.0016356472100545656,214.0,0.3925233644859814,0.14953271028037385,0.3831775700934581,0.8832755692184436
small_long,rotatable_xlink,r0017,5.95,pulse_05,1.4475177570093458,1.7651384395685108,0.005903115264797476,0.005903115264797476,1.0,0.29577464788732394,0.2447319120841037,0.002105034722222222,0.004277446252724896,214.0,0.37383177570093457,0.1588785046728972,0.38317757009345793,0.8838526431443597
small_long,rotatable_xlink,r0017,6.0,pulse_05,1.4544925233644859,1.7901480971267436,0.0023249221183800164,0.0023249221183800164,1.0,0.3333333333333333,0.20124080426085258,0.0021484375,0.008336552519410937,214.0,0.38317757009345793,0.14953271028037382,0.383177570093458,0.8953973457225579
small_long,rotatable_xlink,r0017,6.05,pulse_06,1.6347603603603602,1.7764084228355788,0.04301921921921922,-0.04301921921921922,1.0,0.35064935064935066,0.28013678728666125,0.002191840277777778,0.010204170082151428,222.0,0.43243243243243235,0.13513513513513514,0.3693693693693693,0.8809133893626246
small_long,rotatable_xlink,r0017,6.1,pulse_06,1.5057027027027026,1.807020933082033,0.010379453999453947,-0.010379453999453947,1.0,0.31645569620253167,0.16849575059227798,0.002105034722222222,0.002525654943851411,222.0,0.43243243243243235,0.15315315315315314,0.3873873873873873,0.8866135548018962
small_long,rotatable_xlink,r0017,6.15,pulse_06,1.5724836363636365,1.7915623524986872,0.03285408681408682,-0.03285408681408682,1.0,0.3333333333333333,0.14433498619023735,0.0019097222222222222,0.01510767372336815,220.0,0.409090909090909,0.13636363636363635,0.3636363636363635,0.883218700065098
small_long,rotatable_xlink,r0017,6.2,pulse_06,1.3085781818181816,1.7163748907418241,0.06702212121212121,-0.06702212121212121,1.0,0.225,0.23217192517156335,0.002126736111111111,0.02357639678654111,220.0,0.409090909090909,0.1818181818181818,0.418181818181818,0.8983036045985693
small_long,rotatable_xlink,r0017,6.25,pulse_06,1.1703509090909092,1.6501039717794406,0.023188939393939362,-0.023188939393939362,1.0,0.21951219512195122,0.22062763162280807,0.0021484375,0.006879002780853331,220.0,0.409090909090909,0.21818181818181817,0.409090909090909,0.8878851597692922
small_long,rotatable_xlink,r0017,6.3,pulse_06,1.1694445454545455,1.6751008740567042,0.001971666666666594,0.001971666666666594,1.0,0.2,0.27383485466424345,0.002191840277777778,0.004354522604335702,220.0,0.409090909090909,0.21818181818181817,0.4181818181818181,0.9015601808612357
small_long,rotatable_xlink,r0017,6.35,pulse_06,1.1821809090909088,1.6762311074054548,0.014065909090909101,0.014065909090909101,1.0,0.21951219512195122,0.2580147908798203,0.002105034722222222,0.009093189615025884,220.0,0.409090909090909,0.22727272727272724,0.4181818181818181,0.891285342206604
small_long,rotatable_xlink,r0017,6.4,pulse_06,1.25384,1.6205417363665489,0.02038515151515156,0.02038515151515156,1.0,0.21951219512195122,0.30396832503582727,0.0022135416666666666,0.010638128242513941,220.0,0.4181818181818181,0.20909090909090908,0.409090909090909,0.8749985150851725
small_long,rotatable_xlink,r0017,6.45,pulse_06,1.3044918181818181,1.6124023379503711,0.009024999999999986,0.009024999999999986,1.0,0.23809523809523808,0.26211029877356457,0.0022135416666666666,0.0010727206991660483,220.0,0.42727272727272714,0.21818181818181817,0.39090909090909076,0.8953342406851935
small_long,rotatable_xlink,r0017,6.5,pulse_06,1.30799,1.6141054121715526,0.0024895454545454574,0.0024895454545454574,1.0,0.23809523809523808,0.3147686226670703,0.0020833333333333333,0.006423401416124667,220.0,0.42727272727272714,0.21818181818181812,0.38181818181818167,0.8937807510690207
small_long,rotatable_xlink,r0017,6.55,pulse_06,1.3194290909090909,1.5738619294536231,0.0015392424242423781,0.0015392424242423781,1.0,0.21951219512195122,0.24469817296036217,0.0022352430555555554,0.0030228088141347476,220.0,0.4181818181818181,0.21818181818181817,0.3818181818181817,0.8855705027528692
small_long,rotatable_xlink,r0017,6.6,pulse_06,1.3172254545454543,1.595968559286744,0.007070454545454556,-0.007070454545454556,1.0,0.23809523809523808,0.3363381463415589,0.0020616319444444445,0.002385328283026585,220.0,0.42727272727272714,0.21818181818181817,0.37272727272727263,0.8914660940525975
small_long,rotatable_xlink,r0017,6.65,pulse_06,1.2770063636363636,1.5595499597554636,0.006963030303030175,-0.006963030303030175,1.0,0.21951219512195122,0.36375532887187045,0.002170138888888889,0.007158885850201339,220.0,0.4181818181818181,0.23636363636363633,0.37272727272727263,0.8829817225396184
small_long,rotatable_xlink,r0017,6.7,pulse_06,1.2754472727272732,1.553015244185536,0.00046651515151518996,0.00046651515151518996,1.0,0.23809523809523808,0.2707186497815841,0.002191840277777778,0.002513238278118446,220.0,0.4181818181818181,0.22727272727272724,0.37272727272727263,0.8846285835066257
small_long,rotatable_xlink,r0017,6.75,pulse_06,1.2798054545454547,1.5746293894241743,0.0014200000000000879,-0.0014200000000000879,1.0,0.2289156626506024,0.3014506771535032,0.0020833333333333333,0.0009283512904130209,220.0,0.42727272727272725,0.22727272727272724,0.3727272727272726,0.8962159884438518
small_long,rotatable_xlink,r0017,6.8,pulse_06,1.2669272727272727,1.5585853519280142,0.001999090909090969,-0.001999090909090969,1.0,0.2289156626506024,0.27321422745028273,0.0023003472222222223,0.004765771668463111,220.0,0.39999999999999986,0.22727272727272724,0.3727272727272726,0.895895576231312
small_long,rotatable_xlink,r0017,6.85,pulse_06,1.2678109090909089,1.603224019434953,0.001102424242424201,0.001102424242424201,1.0,0.21951219512195122,0.27795746318310466,0.0020833333333333333,0.0028298346289600262,220.0,0.4181818181818181,0.22727272727272724,0.37272727272727263,0.890941904177827
small_long,rotatable_xlink,r0017,6.9,pulse_06,1.2735418181818179,1.5755643597017743,0.002015454545454598,0.002015454545454598,1.0,0.2289156626506024,0.19666722007720125,0.0021484375,0.005694282400656577,220.0,0.418181818181818,0.22727272727272724,0.37272727272727263,0.8905613204777021
small_long,rotatable_xlink,r0017,6.95,pulse_06,1.2799036363636365,1.5690583250310135,0.005525151515151612,0.005525151515151612,1.0,0.2289156626506024,0.29107781605030897,0.002126736111111111,0.0015008653318605198,220.0,0.409090909090909,0.22727272727272724,0.3727272727272727,0.8996533165525118
small_long,rotatable_xlink,r0017,7.0,pulse_06,1.3066927272727276,1.5665591677106112,0.008929696969697032,0.008929696969697032,1.0,0.21951219512195122,0.252838147454662,0.0022135416666666666,0.0008330524401340966,220.0,0.4181818181818181,0.22727272727272724,0.37272727272727263,0.9027662866405328
small_long,rotatable_xlink,r0017,7.05,pulse_07,1.4887060344827583,1.5909967310648576,0.003450862068965647,0.003450862068965647,1.0,0.2808988764044944,0.24431985399393483,0.0022786458333333335,0.004185667551853678,232.0,0.43965517241379315,0.22413793103448282,0.3534482758620691,0.8841029162039743
small_long,rotatable_xlink,r0017,7.1,pulse_07,1.4990586206896552,1.5784397284092966,0.001261494252873548,-0.001261494252873548,1.0,0.2808988764044944,0.2281946285623264,0.0022569444444444442,0.0036380345281135837,232.0,0.43965517241379315,0.22413793103448282,0.35344827586206906,0.8991293637273309
small_long,rotatable_xlink,r0017,7.15,pulse_07,1.481137068965517,1.5691685238961761,0.006752729885057485,-0.006752729885057485,1.0,0.28888888888888886,0.2657436973673542,0.0022569444444444442,0.016202329849682284,232.0,0.43965517241379326,0.22413793103448282,0.3534482758620691,0.8906085972371037
small_long,rotatable_xlink,r0017,7.2,pulse_07,1.4585422413793103,1.6756537075073903,0.01509913793103442,-0.01509913793103442,1.0,0.28888888888888886,0.2462784775842117,0.0022786458333333335,0.020340599895078342,232.0,0.43965517241379315,0.22413793103448282,0.3706896551724139,0.8944004334614625
small_long,rotatable_xlink,r0017,7.25,pulse_07,1.3905422413793105,1.6912121232666462,0.01651781609195402,-0.01651781609195402,1.0,0.2727272727272727,0.27573867327562884,0.0022569444444444442,0.012986651037492192,232.0,0.43965517241379315,0.2241379310344828,0.37068965517241387,0.9014165806177551
small_long,rotatable_xlink,r0017,7.3,pulse_07,1.3594353448275862,1.7535736137323434,0.0033083333333333576,-0.0033083333333333576,1.0,0.2558139534883721,0.1917600408876538,0.0021484375,0.01625685235961431,232.0,0.43965517241379315,0.22413793103448282,0.37931034482758635,0.8996834995019785
small_long,rotatable_xlink,r0017,7.35,pulse_07,1.3706922413793103,1.788753237424332,0.0011702586206896088,-0.0011702586206896088,1.0,0.2727272727272727,0.22704135070809126,0.002191840277777778,0.01394071352519218,232.0,0.44827586206896564,0.2241379310344828,0.37931034482758635,0.8925569757217389
small_long,rotatable_xlink,r0017,7.4,pulse_07,1.3524137931034486,1.8372178948834965,0.00251839080459774,-0.00251839080459774,1.0,0.26436781609195403,0.27820608587563705,0.0022786458333333335,0.017945480629306603,232.0,0.43965517241379326,0.2241379310344828,0.3793103448275863,0.9078652024816223
small_long,rotatable_xlink,r0017,7.45,pulse_07,1.355581896551724,1.8964261212001716,0.0019235632183908595,-0.0019235632183908595,1.0,0.26436781609195403,0.2798409322915734,0.0022569444444444442,0.007604362477316477,232.0,0.4482758620689656,0.21551724137931036,0.3793103448275863,0.8951480317792265
small_long,rotatable_xlink,r0017,7.5,pulse_07,1.3408724137931034,1.8828440697473954,0.01064051724137934,0.01064051724137934,1.0,0.26436781609195403,0.2225299425356858,0.0022352430555555554,0.01300801952191355,232.0,0.45689655172413807,0.21551724137931036,0.38793103448275873,0.9124264718494873
small_long,rotatable_xlink,r0017,7.55,pulse_07,1.419425,1.974474238331653,0.008737931034482727,0.008737931034482727,1.0,0.2727272727272727,0.22612310491116447,0.0022786458333333335,0.01769090447588591,232.0,0.43965517241379326,0.18965517241379315,0.37931034482758635,0.8950689126794282
small_long,rotatable_xlink,r0017,7.6,pulse_07,1.3932999999999998,1.9889894966027108,0.006619971264367863,-0.006619971264367863,1.0,0.26436781609195403,0.20428066639467424,0.0022786458333333335,0.02129863318514591,232.0,0.43103448275862083,0.1896551724137931,0.3793103448275863,0.8870233879688446
small_long,rotatable_xlink,r0017,7.65,pulse_07,1.3797051724137928,1.8466824392207775,0.0009160919540229425,-0.0009160919540229425,1.0,0.2558139534883721,0.144392167351818,0.0023654513888888887,0.021592722014836124,232.0,0.43965517241379326,0.1896551724137931,0.37931034482758635,0.8987903002167476
small_long,rotatable_xlink,r0017,7.7,pulse_07,1.387803448275862,1.8594331645136941,0.0031869252873562384,-0.0031869252873562384,1.0,0.3253012048192771,0.23084376794829647,0.00234375,0.014528270777911079,232.0,0.4224137931034484,0.18103448275862072,0.3793103448275863,0.8798140033742299
small_long,rotatable_xlink,r0017,7.75,pulse_07,1.3605836206896553,1.759512814553311,0.0017571839080460228,-0.0017571839080460228,1.0,0.3253012048192771,0.3105825804181435,0.002322048611111111,1.4506428658263756e-05,232.0,0.4224137931034483,0.18965517241379315,0.3793103448275863,0.8804033634923972
small_long,rotatable_xlink,r0017,7.8,pulse_07,1.377260344827586,1.8593461259417445,0.0016880747126436872,0.0016880747126436872,1.0,0.3253012048192771,0.27445839331101873,0.002191840277777778,0.001910996471856663,232.0,0.43965517241379326,0.1810344827586207,0.3793103448275863,0.8885850664720412
small_long,rotatable_xlink,r0017,7.85,pulse_07,1.3707120689655174,1.770978793384451,0.00334985632183904,0.00334985632183904,1.0,0.3170731707317073,0.21351982063131672,0.002322048611111111,0.0007005042156473055,232.0,0.43965517241379326,0.18965517241379315,0.370689655172414,0.8979323252750363
small_long,rotatable_xlink,r0017,7.9,pulse_07,1.3973594827586202,1.8635491512356284,0.0012334770114942328,0.0012334770114942328,1.0,0.3253012048192771,0.1341916778448201,0.002170138888888889,0.0004614991990618729,232.0,0.44827586206896564,0.18103448275862072,0.37068965517241387,0.8918093774039748
small_long,rotatable_xlink,r0017,7.95,pulse_07,1.3781129310344828,1.7682097981900797,0.00030833333333324386,-0.00030833333333324386,1.0,0.3253012048192771,0.20433980909299237,0.0022569444444444442,0.002772023384914742,232.0,0.44827586206896564,0.20689655172413796,0.37068965517241387,0.9223060316013881
small_long,rotatable_xlink,r0017,8.0,pulse_07,1.3955094827586207,1.8801812915451168,0.005798850574712633,0.005798850574712633,1.0,0.34146341463414637,0.23575527501140295,0.002387152777777778,0.037323831118345696,232.0,0.44827586206896564,0.20689655172413796,0.37068965517241387,0.8892183213464872
small_long,rotatable_xlink,r0018,0.0,initial,1.2719588235294115,-0.45741971337496146,0.1377379679144386,0.1377379679144386,1.0,0.06666666666666667,0.0,0.00034722222222222224,0.05684743411172357,34.0,0.4705882352941176,0.11764705882352941,0.5294117647058824,0.5650917576331255
small_long,rotatable_xlink,r0018,0.05,initial,1.6851727272727273,-0.28687741103979075,0.17200513860716712,0.17200513860716712,1.0,0.2222222222222222,0.33885525562847824,0.0004557291666666667,0.06380670701831916,44.0,0.49999999999999983,0.09090909090909091,0.4545454545454545,0.6568235537174123
small_long,rotatable_xlink,r0018,0.1,initial,2.303989655172414,-0.07457947126504649,0.018993761140819965,0.018993761140819965,1.0,0.36363636363636365,0.49918791495649856,0.0005859375,0.03070374514500593,58.0,0.5862068965517242,0.10344827586206898,0.3793103448275862,0.659344073540597
small_long,rotatable_xlink,r0018,0.15000000000000002,initial,1.799135294117647,-0.10265494016975518,0.03198545534924846,-0.03198545534924846,1.0,0.23076923076923078,0.24270380167008154,0.0006293402777777778,0.038984158481276086,68.0,0.5294117647058824,0.2058823529411765,0.3529411764705882,0.7267833425816658
small_long,rotatable_xlink,r0018,0.2,initial,2.1120769230769234,-0.308484422152703,0.018195704948646085,0.018195704948646085,1.0,0.3103448275862069,0.17491363260110368,0.0006293402777777778,0.023333033179325124,78.0,0.5384615384615385,0.17948717948717952,0.3076923076923077,0.75492502198837
small_long,rotatable_xlink,r0018,0.25,initial,1.9083095238095236,-0.24265313924570592,0.019728762541806,-0.019728762541806,1.0,0.26666666666666666,0.2630088354573725,0.0008246527777777778,0.029496307428576726,84.0,0.5,0.16666666666666666,0.30952380952380953,0.7465047366924232
small_long,rotatable_xlink,r0018,0.30000000000000004,initial,1.9937043478260874,-0.13150657758124265,0.06165174603174602,0.06165174603174602,1.0,0.3125,0.3801445501823066,0.0008897569444444444,0.03031305410136999,92.0,0.45652173913043487,0.1521739130434783,0.28260869565217395,0.7696440764960069
small_long,rotatable_xlink,r0018,0.35000000000000003,initial,2.2782199999999997,-0.06077481463748596,0.03351267405512922,0.03351267405512922,1.0,0.37142857142857144,0.15100884551473825,0.0010416666666666667,0.0004759786305419446,100.0,0.4800000000000001,0.13999999999999999,0.26,0.8207556874820645
small_long,rotatable_xlink,r0018,0.4,initial,2.1947803921568627,-0.12865070579799098,0.011460909090909022,-0.011460909090909022,1.0,0.3333333333333333,0.23001267539697032,0.0010633680555555555,0.03153764696171885,102.0,0.47058823529411786,0.13725490196078433,0.25490196078431376,0.7956706514771372
small_long,rotatable_xlink,r0018,0.45,initial,2.2094545454545456,0.12845106713282717,0.005776256479603337,0.005776256479603337,1.0,0.35135135135135137,0.22512782364521924,0.0010850694444444445,0.03567969715367431,110.0,0.4545454545454545,0.1090909090909091,0.2909090909090909,0.8101962149093237
small_long,rotatable_xlink,r0018,0.5,initial,2.2294379310344827,0.08542747712405489,0.0064782654127482076,0.0064782654127482076,1.0,0.38461538461538464,0.17178921155499358,0.001171875,0.003167968281018845,116.0,0.4655172413793104,0.10344827586206898,0.27586206896551735,0.8147431126991461
small_long,rotatable_xlink,r0018,0.55,initial,2.248324137931035,0.1094432574467141,0.03577432332220994,0.03577432332220994,1.0,0.38461538461538464,0.0762392584274834,0.001171875,0.002780607293014032,116.0,0.4655172413793104,0.10344827586206898,0.2758620689655173,0.8263738466779889
small_long,rotatable_xlink,r0018,0.6000000000000001,initial,2.4440838709677424,0.0687438333659707,0.03136581828133559,0.03136581828133559,1.0,0.38095238095238093,0.10638481279617583,0.0012586805555555556,0.010709420500032747,124.0,0.4838709677419355,0.0967741935483871,0.27419354838709675,0.8257239884627059
small_long,rotatable_xlink,r0018,0.65,initial,2.4365190476190484,0.04518673444651762,0.017617271505376248,0.017617271505376248,1.0,0.3953488372093023,0.15470217640092143,0.001171875,0.006793144563612988,126.0,0.492063492063492,0.09523809523809523,0.26984126984126977,0.832449185221283
small_long,rotatable_xlink,r0018,0.7000000000000001,initial,2.5497875,0.10950270074764863,0.03494455266955251,0.03494455266955251,1.0,0.4222222222222222,0.2782394042658077,0.001171875,0.011135802894674163,128.0,0.5,0.09375,0.25,0.811531779291988
small_long,rotatable_xlink,r0018,0.75,initial,2.6461863636363634,0.1120015518145626,0.01927919776119406,0.01927919776119406,1.0,0.43478260869565216,0.19617165458100058,0.001193576388888889,0.01091274645496655,132.0,0.5151515151515152,0.09090909090909091,0.24242424242424243,0.8088827103462551
small_long,rotatable_xlink,r0018,0.8,initial,2.6654626865671642,0.17497917947744793,0.05179278198653203,0.05179278198653203,1.0,0.5217391304347826,0.16283261278927008,0.0013237847222222223,0.036274081041261265,134.0,0.5223880597014925,0.08955223880597014,0.25373134328358204,0.8355155792449324
small_long,rotatable_xlink,r0018,0.8500000000000001,initial,2.9569430555555556,0.3296460380621302,0.037315015201768865,0.037315015201768865,1.0,0.5510204081632653,0.11270534253373227,0.0012586805555555556,0.02787945740781259,144.0,0.5352112676056338,0.08450704225352113,0.23943661971830985,0.8169995890088924
small_long,rotatable_xlink,r0018,0.9,initial,2.8893527777777774,0.34225592392432347,0.011948148148148189,-0.011948148148148189,1.0,0.49019607843137253,0.16489787573241038,0.0014756944444444444,0.009032635858459703,144.0,0.5416666666666666,0.08333333333333333,0.23611111111111108,0.8180527705710995
small_long,rotatable_xlink,r0018,0.9500000000000001,initial,2.8852541666666665,0.275450222911372,0.00041494799594121723,0.00041494799594121723,1.0,0.56,0.05883708283182911,0.0014322916666666666,0.013261683762672819,144.0,0.5416666666666666,0.08333333333333334,0.24999999999999994,0.821589052123968
small_long,rotatable_xlink,r0018,1.0,initial,2.8918424657534247,0.26268582134828655,0.0021960996955860956,0.0021960996955860956,1.0,0.6,0.11596348642570901,0.0014105902777777778,0.004254800521028483,146.0,0.5342465753424658,0.0821917808219178,0.24657534246575344,0.8050664744111968
small_long,rotatable_xlink,r0018,1.05,pulse_01,2.930257142857142,0.3093775872531279,0.0006976190476194096,0.0006976190476194096,1.0,0.6226415094339622,0.1443852494883005,0.0015190972222222222,0.008519328661441561,154.0,0.5454545454545453,0.0909090909090909,0.24675324675324672,0.8253042263682886
small_long,rotatable_xlink,r0018,1.1,pulse_01,2.93235,0.3349355732374526,0.006161874236874014,-0.006161874236874014,1.0,0.5272727272727272,0.04359390169405846,0.0016059027777777777,0.0052728126123605485,156.0,0.5384615384615385,0.08974358974358976,0.25641025641025644,0.8415502244374103
small_long,rotatable_xlink,r0018,1.15,pulse_01,2.8932858974358977,0.3410144629272912,0.005067916666666654,0.005067916666666654,1.0,0.5272727272727272,0.028660944111991375,0.0016493055555555556,0.015967819517385674,156.0,0.5384615384615385,0.08974358974358974,0.2564102564102564,0.8315025383030658
small_long,rotatable_xlink,r0018,1.2,pulse_01,2.9627575,0.43074249034176665,0.013286712567268063,0.013286712567268063,1.0,0.543859649122807,0.10545341574331084,0.0016493055555555556,0.013634025490610907,160.0,0.5443037974683543,0.08860759493670885,0.2531645569620252,0.8296418202015876
small_long,rotatable_xlink,r0018,1.25,pulse_01,2.973006172839506,0.42281861587095665,0.00407862804878049,0.00407862804878049,1.0,0.6071428571428571,0.1338371374119041,0.001540798611111111,0.0003351366665409565,162.0,0.5555555555555556,0.08641975308641976,0.24691358024691362,0.8262915603777363
small_long,rotatable_xlink,r0018,1.3,pulse_01,2.987229268292683,0.4327533103410124,0.012985479129923613,0.012985479129923613,1.0,0.559322033898305,0.10999923305195122,0.0015625,0.002784107250512239,164.0,0.5609756097560977,0.08536585365853659,0.24390243902439032,0.8606474477164329
small_long,rotatable_xlink,r0018,1.35,pulse_01,3.0509190476190478,0.4061139723678832,0.013745121951219538,0.013745121951219538,1.0,0.5666666666666667,0.09023261019969137,0.0016927083333333334,0.016978786916364064,168.0,0.5595238095238095,0.08333333333333336,0.25000000000000006,0.8274842841090458
small_long,rotatable_xlink,r0018,1.4,pulse_01,3.0697,0.5346260318391968,0.014338396278051299,0.014338396278051299,1.0,0.5737704918032787,0.11984217446423262,0.0016493055555555556,0.008827394369561778,170.0,0.5647058823529412,0.0823529411764706,0.24705882352941178,0.8321167443717732
small_long,rotatable_xlink,r0018,1.45,pulse_01,3.1369494252873555,0.4590783385852539,0.007496360153256647,0.007496360153256647,1.0,0.5873015873015873,0.16947481119290508,0.0016927083333333334,0.010580135974082722,174.0,0.569767441860465,0.08139534883720931,0.2441860465116279,0.8311137939483615
small_long,rotatable_xlink,r0018,1.5,pulse_01,3.11467816091954,0.47114521599470044,0.01169463601532561,-0.01169463601532561,1.0,0.6333333333333333,0.18588478536807193,0.0017144097222222222,0.0035245037371846124,174.0,0.5581395348837209,0.08139534883720931,0.2441860465116279,0.8282251027034421
small_long,rotatable_xlink,r0018,1.55,pulse_01,3.066781609195402,0.48022536100836155,0.00792777777777783,-0.00792777777777783,1.0,0.6610169491525424,0.08911481261816509,0.001736111111111111,0.0034642238028665304,174.0,0.5632183908045978,0.08045977011494253,0.24137931034482762,0.8163708627621991
small_long,rotatable_xlink,r0018,1.6,pulse_01,3.067111494252873,0.4919305588118996,0.002772028498859195,-0.002772028498859195,1.0,0.6333333333333333,0.0897329504041107,0.0016276041666666667,0.008319674072275554,174.0,0.5632183908045978,0.08045977011494253,0.24137931034482762,0.8426402765415851
small_long,rotatable_xlink,r0018,1.65,pulse_01,3.0501494382022467,0.4303073165747082,0.002734499978475006,-0.002734499978475006,1.0,0.59375,0.10247474336165721,0.0016927083333333334,0.015801906121890374,178.0,0.5730337078651686,0.07865168539325844,0.23595505617977527,0.8322416126623776
small_long,rotatable_xlink,r0018,1.7000000000000002,pulse_01,3.050704494382023,0.3971191220805574,0.015429449693564893,0.015429449693564893,1.0,0.639344262295082,0.06628944355828319,0.0018012152777777779,0.007470845136125541,178.0,0.5517241379310345,0.08045977011494253,0.24137931034482762,0.8406341174296723
small_long,rotatable_xlink,r0018,1.75,pulse_01,3.142726136363636,0.385482245757955,0.02127097378277143,0.02127097378277143,1.0,0.639344262295082,0.042989358062627395,0.0017795138888888889,0.004158746615709696,176.0,0.5681818181818181,0.06818181818181818,0.2272727272727272,0.8398845752313481
small_long,rotatable_xlink,r0018,1.8,pulse_01,3.1783303370786515,0.42207160177481556,0.014823800505050425,-0.014823800505050425,1.0,0.6507936507936508,0.05634894519974189,0.0017578125,0.0016616814158070166,178.0,0.5730337078651685,0.06741573033707866,0.22471910112359553,0.8282527874620762
small_long,rotatable_xlink,r0018,1.85,pulse_01,3.0537833333333335,0.3755121572631129,0.07042375988347886,-0.07042375988347886,1.0,0.6825396825396826,0.09697867569418978,0.0017144097222222222,0.07542978887588238,180.0,0.5777777777777778,0.06666666666666668,0.24444444444444452,0.8201504047550707
small_long,rotatable_xlink,r0018,1.9,pulse_01,2.7557877777777784,-0.03050713148047868,0.09911388888888895,-0.09911388888888895,1.0,0.6206896551724138,0.06254853157156459,0.0018012152777777779,0.09626226437772407,180.0,0.5222222222222224,0.06666666666666668,0.30000000000000004,0.83237350142572
small_long,rotatable_xlink,r0018,1.9500000000000002,pulse_01,2.4591,-0.20206142900323162,0.04037854904354924,-0.04037854904354924,1.0,0.5238095238095238,0.07808551259348162,0.0018012152777777779,0.031545664191328794,180.0,0.5222222222222223,0.06666666666666668,0.35555555555555557,0.829585053794063
small_long,rotatable_xlink,r0018,2.0,pulse_01,2.513516483516483,-0.21978111662845146,0.018138827838827698,0.018138827838827698,1.0,0.4411764705882353,0.011625749036930325,0.0017795138888888889,0.005906562541739944,182.0,0.5222222222222223,0.1,0.3555555555555557,0.8435594840019804
small_long,rotatable_xlink,r0018,2.05,pulse_02,2.6209840425531907,-0.1086072186220523,0.010301773049645154,-0.010301773049645154,1.0,0.4444444444444444,0.07847899854338639,0.0019097222222222222,0.004070712002495609,188.0,0.5425531914893618,0.09574468085106383,0.34042553191489355,0.8328943401471882
small_long,rotatable_xlink,r0018,2.1,pulse_02,2.5900787234042553,-0.12081935462953913,0.006404609929077913,-0.006404609929077913,1.0,0.40540540540540543,0.08103671088599589,0.0018880208333333333,0.00457571703716161,188.0,0.5425531914893617,0.11702127659574468,0.34042553191489355,0.8330207039858151
small_long,rotatable_xlink,r0018,2.15,pulse_02,2.5825563829787233,-0.08115291639908265,0.00596914893617025,-0.00596914893617025,1.0,0.40540540540540543,0.10082643137758508,0.0018663194444444445,0.021368405460359886,188.0,0.5483870967741935,0.12903225806451613,0.3333333333333332,0.8333529486433505
small_long,rotatable_xlink,r0018,2.2,pulse_02,2.5542638297872338,0.007391078132620183,0.005469023889510982,0.005469023889510982,1.0,0.3972602739726027,0.06888617917246732,0.0018446180555555555,0.0074382495979210496,188.0,0.5376344086021506,0.1290322580645161,0.33333333333333315,0.8303348862819602
small_long,rotatable_xlink,r0018,2.25,pulse_02,2.615370526315789,-0.03652341881155635,0.002081642403882015,0.002081642403882015,1.0,0.40540540540540543,0.04634853263447211,0.0018880208333333333,0.014286966729035374,190.0,0.5473684210526316,0.14736842105263157,0.32631578947368417,0.815804109347342
small_long,rotatable_xlink,r0018,2.3,pulse_02,2.566753684210526,-0.07833072224159206,0.017649122807017543,-0.017649122807017543,1.0,0.40540540540540543,0.020860601887870683,0.0019097222222222222,0.01078932400651831,190.0,0.5473684210526315,0.1473684210526316,0.3263157894736841,0.8127340969208723
small_long,rotatable_xlink,r0018,2.35,pulse_02,2.509475789473684,-0.10125936285066621,0.015087543859649019,-0.015087543859649019,1.0,0.40540540540540543,0.07462077091842237,0.0019097222222222222,0.0038384288879167935,190.0,0.5473684210526315,0.15789473684210525,0.3263157894736841,0.8216480543418169
small_long,rotatable_xlink,r0018,2.4,pulse_02,2.4762284210526317,-0.055300148914091296,0.0055343859649122544,-0.0055343859649122544,1.0,0.4246575342465753,0.08602230648420485,0.0019097222222222222,0.026534179214609734,190.0,0.5473684210526315,0.15789473684210525,0.3263157894736841,0.8399264653847112
small_long,rotatable_xlink,r0018,2.45,pulse_02,2.4762694736842104,0.05794571243699218,0.0020810526315789466,0.0020810526315789466,1.0,0.4857142857142857,0.11148419963129366,0.0017578125,0.01257538868357346,190.0,0.5473684210526314,0.15789473684210525,0.3263157894736842,0.849379470890483
small_long,rotatable_xlink,r0018,2.5,pulse_02,2.4887147368421054,0.020152183187349456,0.00011263157894732719,-0.00011263157894732719,1.0,0.4857142857142857,0.06152324671732165,0.0019097222222222222,0.009528852237832727,190.0,0.5425531914893617,0.14893617021276598,0.3191489361702128,0.8493035374043175
small_long,rotatable_xlink,r0018,2.55,pulse_02,2.4755936842105264,0.0007725990099958218,0.007489122807017597,-0.007489122807017597,1.0,0.4857142857142857,0.04402774597462347,0.001953125,0.00841714744997067,190.0,0.5368421052631579,0.15789473684210523,0.3157894736842104,0.8368753325932807
small_long,rotatable_xlink,r0018,2.6,pulse_02,2.44378,-0.030350701512474567,0.0003966424038820045,-0.0003966424038820045,1.0,0.45714285714285713,0.030854191481324306,0.0018446180555555555,0.007888001510581307,190.0,0.5368421052631578,0.16842105263157894,0.3157894736842104,0.8479132551077774
small_long,rotatable_xlink,r0018,2.65,pulse_02,2.4732138297872344,-0.046555410053492015,0.0130136842105264,0.0130136842105264,1.0,0.5,0.12640161706987507,0.0018446180555555555,0.012621773875224783,188.0,0.5425531914893617,0.148936170212766,0.3191489361702128,0.8288988800177572
small_long,rotatable_xlink,r0018,2.7,pulse_02,2.5218621052631582,-0.10608134476382326,0.0018652874206794845,-0.0018652874206794845,1.0,0.4857142857142857,0.11654260859674245,0.0018663194444444445,0.006898710869848884,190.0,0.5473684210526315,0.14736842105263157,0.30526315789473674,0.8518933192335941
small_long,rotatable_xlink,r0018,2.75,pulse_02,2.4620221052631575,-0.08794767527258532,0.013037719298245598,-0.013037719298245598,1.0,0.4857142857142857,0.023098967239351672,0.0019314236111111112,0.002216482698849389,190.0,0.5473684210526316,0.14736842105263157,0.31578947368421045,0.8556374302768281
small_long,rotatable_xlink,r0018,2.8,pulse_02,2.4436357894736846,-0.09278244857072693,0.005715087719298184,-0.005715087719298184,1.0,0.49295774647887325,0.0919712660048439,0.001953125,0.001846693388564848,190.0,0.5473684210526315,0.14736842105263154,0.3157894736842104,0.8582745486763884
small_long,rotatable_xlink,r0018,2.85,pulse_02,2.4277315789473684,-0.0990278356039744,0.005736842105263189,-0.005736842105263189,1.0,0.4857142857142857,0.02966214749917379,0.0018663194444444445,0.007884967217990863,190.0,0.5473684210526316,0.14736842105263157,0.3157894736842104,0.8445831584564135
small_long,rotatable_xlink,r0018,2.9,pulse_02,2.4092147368421055,-0.1400922518786721,0.009902105263157823,-0.009902105263157823,1.0,0.4647887323943662,0.037611287082430826,0.0018446180555555555,0.005570618133026862,190.0,0.5473684210526317,0.14736842105263157,0.31578947368421045,0.8474029069956919
small_long,rotatable_xlink,r0018,2.95,pulse_02,2.3683189473684214,-0.13245154440213558,0.007662631578947421,-0.007662631578947421,1.0,0.4857142857142857,0.06232124258978863,0.0018880208333333333,0.002145987962141322,190.0,0.5473684210526315,0.15789473684210525,0.3157894736842104,0.8490469092228834
small_long,rotatable_xlink,r0018,3.0,pulse_02,2.363238947368421,-0.15296817965152004,0.0016933333333334726,-0.0016933333333334726,1.0,0.4857142857142857,0.05578341499490895,0.0019314236111111112,0.006838878416461487,190.0,0.536842105263158,0.13684210526315788,0.3157894736842104,0.8780504058038517
small_long,rotatable_xlink,r0018,3.05,pulse_03,2.431415306122449,-0.10507437679762945,0.0012098639455779825,-0.0012098639455779825,1.0,0.5,0.05820976222341707,0.002018229166666667,0.015982583553427285,196.0,0.5510204081632654,0.14285714285714282,0.3061224489795917,0.8350134344478004
small_long,rotatable_xlink,r0018,3.1,pulse_03,2.427785714285715,-0.1530221274579113,0.009171598639455825,0.009171598639455825,1.0,0.5135135135135135,0.06523807498536527,0.0020399305555555557,0.009694875468641846,196.0,0.5408163265306122,0.1530612244897959,0.3163265306122448,0.8755581167445076
small_long,rotatable_xlink,r0018,3.15,pulse_03,2.486444897959184,-0.16324362960948052,0.008190476190476081,0.008190476190476081,1.0,0.5068493150684932,0.06403534580203714,0.001974826388888889,0.013806377802056083,196.0,0.5612244897959181,0.1428571428571428,0.3265306122448978,0.8574751735675153
small_long,rotatable_xlink,r0018,3.2,pulse_03,2.4769285714285716,-0.2358603942702478,0.007148469387755189,-0.007148469387755189,1.0,0.5068493150684932,0.02108963186801049,0.002018229166666667,0.05398600618432789,196.0,0.5612244897959183,0.1530612244897959,0.3163265306122448,0.8593498027339749
small_long,rotatable_xlink,r0018,3.25,pulse_03,2.443554081632653,-0.48715966671544786,0.03208741496598644,-0.03208741496598644,1.0,0.4864864864864865,0.03393054872588267,0.001953125,0.11386853044069634,196.0,0.5510204081632653,0.1530612244897959,0.3367346938775509,0.8519410411803612
small_long,rotatable_xlink,r0018,3.3,pulse_03,2.284404081632653,-0.9190715769144258,0.04619489795918367,-0.04619489795918367,1.0,0.4594594594594595,0.1052070871289598,0.001974826388888889,0.1456203372767835,196.0,0.5408163265306121,0.19387755102040816,0.346938775510204,0.8457810007999593
small_long,rotatable_xlink,r0018,3.35,pulse_03,2.166384693877551,-1.360881690376149,0.05628882460200572,-0.05628882460200572,1.0,0.4444444444444444,0.11354240514098235,0.0018446180555555555,0.14429802400339778,196.0,0.5306122448979592,0.19387755102040816,0.346938775510204,0.8614945895997969
small_long,rotatable_xlink,r0018,3.4,pulse_03,1.9466711340206186,-1.7848597209348125,0.07680140086962617,-0.07680140086962617,1.0,0.4117647058823529,0.12664309148917413,0.0018446180555555555,0.04768136570481629,194.0,0.4948453608247424,0.18556701030927839,0.35051546391752586,0.8556919578212094
small_long,rotatable_xlink,r0018,3.45,pulse_03,1.7055762886597938,-1.6469698846050467,0.0601314432989691,-0.0601314432989691,1.0,0.34285714285714286,0.16698077112144907,0.001974826388888889,0.04823974744086845,194.0,0.47422680412371127,0.22680412371134023,0.35051546391752586,0.8572065467992657
small_long,rotatable_xlink,r0018,3.5,pulse_03,1.585882474226804,-1.4954212362896018,0.05189776632302404,-0.05189776632302404,1.0,0.29577464788732394,0.13912958418049787,0.0019097222222222222,0.04320543329677725,194.0,0.4639175257731959,0.23711340206185563,0.38144329896907214,0.8723248368708982
small_long,rotatable_xlink,r0018,3.55,pulse_03,1.3941896907216496,-1.3877372848243832,0.034968384879725055,-0.034968384879725055,1.0,0.29577464788732394,0.057263910044382256,0.001953125,0.0250678628691056,194.0,0.4639175257731959,0.24742268041237114,0.38144329896907225,0.8737186974431533
small_long,rotatable_xlink,r0018,3.6,pulse_03,1.3760721649484537,-1.3450140590749682,0.0002950171821305414,0.0002950171821305414,1.0,0.29577464788732394,0.08200849897446792,0.001953125,0.012724314519435972,194.0,0.46391752577319584,0.2474226804123712,0.38144329896907225,0.8730183702800967
small_long,rotatable_xlink,r0018,3.65,pulse_03,1.3959597938144328,-1.3113913977077674,0.004334707903780062,0.004334707903780062,1.0,0.29577464788732394,0.07925106716066341,0.0019097222222222222,0.015860651325281177,194.0,0.47422680412371127,0.2474226804123711,0.38144329896907214,0.8922829118651541
small_long,rotatable_xlink,r0018,3.7,pulse_03,1.4020804123711341,-1.4401779670266552,0.13129329896907213,-0.13129329896907213,1.0,0.34285714285714286,0.057820047689828374,0.0019097222222222222,0.08867014424158744,194.0,0.47422680412371143,0.2164948453608248,0.3917525773195878,0.8775745744339194
small_long,rotatable_xlink,r0018,3.75,pulse_03,0.6082,-1.843412263157292,0.2811932989690722,-0.2811932989690722,1.0,0.18309859154929578,0.2801996838131086,0.0016493055555555556,0.0950518823010826,194.0,0.40206185567010316,0.28865979381443313,0.48453608247422697,0.9073590779795877
small_long,rotatable_xlink,r0018,3.8,pulse_03,-0.2850793814432989,-2.010489260833151,0.29886786941580756,-0.29886786941580756,1.0,0.0,0.45330892095488967,0.0017795138888888889,0.0697610109911246,194.0,0.3402061855670103,0.35051546391752586,0.5257731958762886,0.9004046184870839
small_long,rotatable_xlink,r0018,3.85,pulse_03,-1.1850072164948455,-2.2619783291040396,0.2460420962199313,-0.2460420962199313,1.0,-0.12,0.4970399803768211,0.0017795138888888889,0.03420561622661548,194.0,0.2474226804123712,0.42268041237113413,0.5876288659793814,0.8782111405171464
small_long,rotatable_xlink,r0018,3.9,pulse_03,-1.7613319587628866,-2.2157229581928437,0.15764931271477664,-0.15764931271477664,1.0,-0.2972972972972973,0.40882981136480795,0.0020399305555555557,0.002009592956584797,194.0,0.2061855670103093,0.4948453608247421,0.6391752577319585,0.8774117220709194
small_long,rotatable_xlink,r0018,3.95,pulse_03,-2.1309030927835053,-2.249920771364531,0.08200274914089345,-0.08200274914089345,1.0,-0.37662337662337664,0.4166538374239626,0.0019314236111111112,0.02474420056024962,194.0,0.18556701030927836,0.5463917525773195,0.6804123711340202,0.8650025486951954
small_long,rotatable_xlink,r0018,4.0,pulse_03,-2.2533484536082473,-2.3641881615543414,0.040815120274914,-0.040815120274914,1.0,-0.4,0.4681647072783174,0.0018880208333333333,0.03808913006327019,194.0,0.18556701030927839,0.5567010309278349,0.6804123711340201,0.8584535672153479
small_long,rotatable_xlink,r0018,4.05,pulse_04,-2.0379229999999997,-2.473334775710552,0.00032199999999985945,0.00032199999999985945,1.0,-0.35802469135802467,0.45454439332339563,0.001953125,0.01447392768999256,200.0,0.21000000000000005,0.5299999999999998,0.6599999999999997,0.8646681911135489
small_long,rotatable_xlink,r0018,4.1,pulse_04,-2.036957,-2.51675655878053,0.003698500000000123,-0.003698500000000123,1.0,-0.35802469135802467,0.3695157171500431,0.001974826388888889,0.03776717460827254,200.0,0.19000000000000003,0.53,0.6699999999999999,0.8573048963050898
small_long,rotatable_xlink,r0018,4.15,pulse_04,-2.0601140000000004,-2.6999378233601874,0.00869416666666667,-0.00869416666666667,1.0,-0.34146341463414637,0.363732238869718,0.0020399305555555557,0.04062857448713849,200.0,0.19,0.5499999999999999,0.6699999999999997,0.8529175577365465
small_long,rotatable_xlink,r0018,4.2,pulse_04,-2.089122,-2.7605280057033608,0.03022466666666679,0.03022466666666679,1.0,-0.35802469135802467,0.30812083215364044,0.0018663194444444445,0.06196957225662877,200.0,0.2142857142857143,0.5408163265306122,0.6632653061224488,0.8563920719667719
small_long,rotatable_xlink,r0018,4.25,pulse_04,-1.8787659999999997,-3.07175525689996,0.019974166666666775,0.019974166666666775,1.0,-0.34146341463414637,0.1477986723302959,0.002018229166666667,0.13402391569846808,200.0,0.21000000000000005,0.5499999999999999,0.6699999999999997,0.8446252006320463
small_long,rotatable_xlink,r0018,4.3,pulse_04,-1.9692769999999995,2.718513807285417,0.05324516666666675,-0.05324516666666675,1.0,-0.35802469135802467,0.13572472438584793,0.0019097222222222222,0.14705104602869326,200.0,0.22000000000000003,0.5499999999999999,0.6599999999999998,0.8212197913011555
small_long,rotatable_xlink,r0018,4.35,pulse_04,-2.198237,2.3291237741074666,0.09144216666666678,-0.09144216666666678,1.0,-0.3902439024390244,0.2399461039704284,0.0019097222222222222,0.04633395430208109,200.0,0.21000000000000002,0.5599999999999997,0.6999999999999995,0.8411091553794571
small_long,rotatable_xlink,r0018,4.4,pulse_04,-2.5179300000000002,2.4405100814729304,0.06206450000000004,-0.06206450000000004,1.0,-0.4523809523809524,0.13693480866631452,0.002018229166666667,0.017091857884928324,200.0,0.21212121212121215,0.6060606060606062,0.7171717171717175,0.8256727080363355
small_long,rotatable_xlink,r0018,4.45,pulse_04,-2.5706240000000005,2.4316749214170366,0.004513666666666675,-0.004513666666666675,1.0,-0.4523809523809524,0.06231406457251088,0.0019097222222222222,0.001732460786923129,200.0,0.2121212121212121,0.6060606060606062,0.7171717171717175,0.8280480980124786
small_long,rotatable_xlink,r0018,4.5,pulse_04,-2.5450120000000003,2.4301153167513916,0.02923600000000004,0.02923600000000004,1.0,-0.4523809523809524,0.04280043036166723,0.0020833333333333333,0.006567735273312447,200.0,0.21000000000000005,0.5999999999999999,0.72,0.8143413271991776
small_long,rotatable_xlink,r0018,4.55,pulse_04,-2.3952080000000002,2.392268509777162,0.026055000000000012,0.026055000000000012,1.0,-0.4523809523809524,0.09481621665533119,0.001974826388888889,0.008907370935881861,200.0,0.20202020202020204,0.5959595959595962,0.7171717171717177,0.8334707773607415
small_long,rotatable_xlink,r0018,4.6,pulse_04,-2.388682,2.3766710911361004,0.051712833333333354,0.051712833333333354,1.0,-0.4457831325301205,0.0701466314855027,0.0019314236111111112,0.0044802485711551805,200.0,0.19,0.5999999999999999,0.7199999999999996,0.8076573497388836
small_long,rotatable_xlink,r0018,4.65,pulse_04,-2.084931,2.365387018350231,0.03469233333333325,0.03469233333333325,1.0,-0.4523809523809524,0.08669007123535356,0.001974826388888889,0.0007621210027812056,200.0,0.19000000000000003,0.5999999999999999,0.7199999999999998,0.8428798422046822
small_long,rotatable_xlink,r0018,4.7,pulse_04,-2.1805280000000007,2.3812438171527877,0.05547683333333331,-0.05547683333333331,1.0,-0.4523809523809524,0.10410222022790254,0.0019965277777777776,0.04738890673868412,200.0,0.19,0.5999999999999999,0.7199999999999996,0.8434564510669296
small_long,rotatable_xlink,r0018,4.75,pulse_04,-2.417792,2.6497204587823355,0.033046999999999827,-0.033046999999999827,1.0,-0.4523809523809524,0.2038458097322607,0.0020616319444444445,0.07499774081087891,200.0,0.19,0.5999999999999999,0.7199999999999999,0.8224391976619939
small_long,rotatable_xlink,r0018,4.8,pulse_04,-2.3788099999999996,2.831230262018061,0.02878383333333338,-0.02878383333333338,1.0,-0.46987951807228917,0.2604869778749799,0.0019314236111111112,0.014445444243403363,200.0,0.19000000000000006,0.6099999999999998,0.7199999999999998,0.8133825961163667
small_long,rotatable_xlink,r0018,4.85,pulse_04,-2.590495,2.7363931242427557,0.061376666666666635,-0.061376666666666635,1.0,-0.4823529411764706,0.27691407715283967,0.001953125,0.03969757089486311,200.0,0.19000000000000003,0.6199999999999999,0.7199999999999996,0.8122138465512497
small_long,rotatable_xlink,r0018,4.9,pulse_04,-2.7470699999999995,2.5930448366488825,0.06319166666666669,-0.06319166666666669,1.0,-0.4823529411764706,0.2702155714244425,0.0019314236111111112,0.026010371251833808,200.0,0.19000000000000003,0.63,0.7199999999999999,0.8045346181585709
small_long,rotatable_xlink,r0018,4.95,pulse_04,-2.9696450000000003,2.580330896731753,0.0007694999999999416,0.0007694999999999416,1.0,-0.4823529411764706,0.2126332249701634,0.0019097222222222222,0.010645150990620763,200.0,0.19000000000000003,0.63,0.7199999999999998,0.7856083255519891
small_long,rotatable_xlink,r0018,5.0,pulse_04,-2.742453,2.529173930705158,0.07573066666666683,0.07573066666666683,1.0,-0.4823529411764706,0.22113336652746576,0.0019314236111111112,0.017052322008864973,200.0,0.19000000000000003,0.6299999999999999,0.7199999999999998,0.8072430480576551
small_long,rotatable_xlink,r0018,5.05,pulse_05,-2.4777307692307695,2.4619147153868344,0.03983717948717939,0.03983717948717939,1.0,-0.4157303370786517,0.2771524633777235,0.0019097222222222222,0.029393283539654796,208.0,0.2233009708737864,0.6019417475728156,0.6893203883495146,0.8118073644255849
small_long,rotatable_xlink,r0018,5.1,pulse_05,-2.3582192307692313,2.37373486476787,0.029792788461538544,0.029792788461538544,1.0,-0.4157303370786517,0.17791690479292724,0.001974826388888889,0.015522593110809243,208.0,0.22115384615384617,0.6057692307692307,0.6923076923076922,0.7979336326363157
small_long,rotatable_xlink,r0018,5.15,pulse_05,-2.2989740384615382,2.368779156721979,0.018943658202638842,0.018943658202638842,1.0,-0.4157303370786517,0.18765316801829846,0.0020616319444444445,0.007858042120674277,208.0,0.22330097087378636,0.5922330097087378,0.6893203883495145,0.8025951150380162
small_long,rotatable_xlink,r0018,5.2,pulse_05,-2.2445572815533983,2.4208831174919156,0.030659990353497573,-0.030659990353497573,1.0,-0.4090909090909091,0.1412639553652914,0.0019314236111111112,0.007951131700489297,206.0,0.21568627450980396,0.588235294117647,0.6862745098039212,0.8084018600065729
small_long,rotatable_xlink,r0018,5.25,pulse_05,-2.4829339805825237,2.321072366519043,0.04030695792880253,-0.04030695792880253,1.0,-0.40229885057471265,0.15271425591875107,0.0020616319444444445,0.003942771264623761,206.0,0.21568627450980396,0.5784313725490196,0.6862745098039212,0.805560118681221
small_long,rotatable_xlink,r0018,5.3,pulse_05,-2.4863990291262135,2.444539745079658,0.009940291262135878,0.009940291262135878,1.0,-0.40229885057471265,0.17226581858762452,0.0019097222222222222,0.022240417414439422,206.0,0.21568627450980396,0.5882352941176469,0.6862745098039211,0.8113237194465972
small_long,rotatable_xlink,r0018,5.35,pulse_05,-2.4232922330097084,2.4545148710056797,0.010565357890729135,-0.010565357890729135,1.0,-0.40229885057471265,0.17022519606902295,0.0020616319444444445,0.024923156329226925,206.0,0.2233009708737864,0.5825242718446602,0.6893203883495145,0.8166730525149806
small_long,rotatable_xlink,r0018,5.4,pulse_05,-2.5497911764705883,2.5940786830550198,0.04055390887746683,-0.04055390887746683,1.0,-0.3953488372093023,0.19580216852989293,0.0020399305555555557,0.036672275239806686,204.0,0.22222222222222224,0.5656565656565657,0.6767676767676771,0.8166728835866078
small_long,rotatable_xlink,r0018,5.45,pulse_05,-2.6666156862745094,2.67454852244452,0.027207679738562085,-0.027207679738562085,1.0,-0.40229885057471265,0.210005495877741,0.001953125,0.02076409197028295,204.0,0.20588235294117646,0.5980392156862744,0.6862745098039212,0.8022788569079206
small_long,rotatable_xlink,r0018,5.5,pulse_05,-2.713037254901961,2.469494131233322,0.00015032679738583946,-0.00015032679738583946,1.0,-0.40229885057471265,0.23061842638568167,0.002018229166666667,0.06957838637306457,204.0,0.21568627450980396,0.5980392156862743,0.6862745098039212,0.7937191790606962
small_long,rotatable_xlink,r0018,5.55,pulse_05,-2.6675176470588244,2.2570782042061324,0.008726633986928153,0.008726633986928153,1.0,-0.40229885057471265,0.177242003228275,0.0018880208333333333,0.04859497136206311,204.0,0.20588235294117654,0.5980392156862745,0.6862745098039214,0.7922681186304352
small_long,rotatable_xlink,r0018,5.6,pulse_05,-2.660677450980392,2.1779243030609434,0.008286764705882485,0.008286764705882485,1.0,-0.40229885057471265,0.1412167227051643,0.002018229166666667,0.010842563451673337,204.0,0.20588235294117654,0.5980392156862743,0.6862745098039212,0.8084667508265176
small_long,rotatable_xlink,r0018,5.65,pulse_05,-2.6177970588235295,2.1920228234960923,0.02191617647058819,0.02191617647058819,1.0,-0.40229885057471265,0.22170050423277893,0.0020399305555555557,0.015980346329721302,204.0,0.2058823529411765,0.5980392156862744,0.6862745098039212,0.8080314856618136
small_long,rotatable_xlink,r0018,5.7,pulse_05,-2.5291803921568627,2.2738063810392712,0.016949019607843157,0.016949019607843157,1.0,-0.40229885057471265,0.16007499603103578,0.0019965277777777776,0.011008847981808234,204.0,0.2058823529411765,0.5980392156862744,0.6862745098039215,0.8083519404798247
small_long,rotatable_xlink,r0018,5.75,pulse_05,-2.5161029411764706,2.2580759113869417,0.01224803921568629,0.01224803921568629,1.0,-0.38636363636363635,0.1368945077909927,0.0020399305555555557,0.004455140221053829,204.0,0.19607843137254907,0.5980392156862743,0.6862745098039211,0.8262261606164482
small_long,rotatable_xlink,r0018,5.8,pulse_05,-2.455692156862745,2.2470755397129483,0.033807352941176504,0.033807352941176504,1.0,-0.38636363636363635,0.11552537913515053,0.0020399305555555557,0.008617246730666439,204.0,0.20588235294117654,0.5980392156862744,0.6862745098039212,0.8237299618732469
small_long,rotatable_xlink,r0018,5.85,pulse_05,-2.3132588235294116,2.206372431002943,0.08902614379084965,0.08902614379084965,1.0,-0.38636363636363635,0.18185105771710647,0.0020399305555555557,0.011474535450851198,204.0,0.19801980198019806,0.594059405940594,0.6831683168316832,0.8294426222980518
small_long,rotatable_xlink,r0018,5.9,pulse_05,-1.9215352941176471,2.3159227524180555,0.07019705882352938,0.07019705882352938,1.0,-0.4186046511627907,0.14231671294011494,0.0018880208333333333,0.0606937465469759,204.0,0.19607843137254904,0.5784313725490196,0.6862745098039214,0.8685021762027445
small_long,rotatable_xlink,r0018,5.95,pulse_05,-1.8920764705882354,2.5705349102847985,0.019357352941176426,-0.019357352941176426,1.0,-0.42528735632183906,0.22839515630925974,0.0019314236111111112,0.08979706031305312,204.0,0.2058823529411765,0.5784313725490196,0.6862745098039214,0.8430594977233755
small_long,rotatable_xlink,r0018,6.0,pulse_05,-2.0376794117647057,2.854705114296374,0.04853431372549011,-0.04853431372549011,1.0,-0.4186046511627907,0.40974493320896627,0.001953125,0.09472340133719188,204.0,0.19607843137254907,0.5882352941176471,0.6862745098039215,0.853409061854772
small_long,rotatable_xlink,r0018,6.05,pulse_06,-2.0207177570093457,2.7856522428184585,0.042316510903426696,-0.042316510903426696,1.0,-0.34065934065934067,0.28546432534152316,0.0019965277777777776,0.045410914917550414,214.0,0.23364485981308417,0.5700934579439253,0.6542056074766357,0.8321343976803888
small_long,rotatable_xlink,r0018,6.1,pulse_06,-2.147667289719626,2.9218849875711097,0.008435825545171305,-0.008435825545171305,1.0,-0.34065934065934067,0.37624090081362854,0.0019965277777777776,0.0074549813911028995,214.0,0.23364485981308417,0.5700934579439252,0.6728971962616824,0.7941276768058814
small_long,rotatable_xlink,r0018,6.15,pulse_06,-2.0713327102803736,2.830382131165076,0.0038367601246106866,-0.0038367601246106866,1.0,-0.34065934065934067,0.4215553426576392,0.0021484375,0.04941817880994511,214.0,0.2358490566037736,0.5660377358490567,0.6698113207547172,0.8161930238163628
small_long,rotatable_xlink,r0018,6.2,pulse_06,-2.17068785046729,2.625375914711439,0.010975389408099797,-0.010975389408099797,1.0,-0.3191489361702128,0.3411283272767899,0.0019097222222222222,0.04345408615014749,214.0,0.23584905660377364,0.5660377358490567,0.6698113207547172,0.8311374850471627
small_long,rotatable_xlink,r0018,6.25,pulse_06,-2.1371850467289724,2.569657614264191,0.014732710280373743,-0.014732710280373743,1.0,-0.3333333333333333,0.41612894798835,0.002018229166666667,0.04768665526668495,214.0,0.24528301886792456,0.5660377358490567,0.6698113207547173,0.8413144302408252
small_long,rotatable_xlink,r0018,6.3,pulse_06,-2.2590841121495324,2.3392559831113293,0.000352024922118425,0.000352024922118425,1.0,-0.3333333333333333,0.3570736020808944,0.0020616319444444445,0.05473927016157395,214.0,0.2547169811320755,0.5660377358490567,0.6698113207547173,0.8197153839153652
small_long,rotatable_xlink,r0018,6.35,pulse_06,-2.135072897196262,2.2412219932947473,0.007239252336448547,0.007239252336448547,1.0,-0.3333333333333333,0.35895436687250154,0.0020399305555555557,0.03554981804922982,214.0,0.2336448598130841,0.5700934579439251,0.6728971962616824,0.8308048894744631
small_long,rotatable_xlink,r0018,6.4,pulse_06,-2.215648598130841,2.1259570748159504,0.03185373831775699,-0.03185373831775699,1.0,-0.3333333333333333,0.3614654710358075,0.001953125,0.017835844071081002,214.0,0.24299065420560745,0.5700934579439253,0.6728971962616824,0.8236662276481117
small_long,rotatable_xlink,r0018,6.45,pulse_06,-2.3261953271028037,2.1342069288682612,0.02429937694704054,0.02429937694704054,1.0,-0.3333333333333333,0.23777729160107802,0.002126736111111111,0.016011621897228896,214.0,0.24299065420560756,0.5700934579439253,0.6728971962616823,0.7938624010220522
small_long,rotatable_xlink,r0018,6.5,pulse_06,-2.069852336448598,2.222026806199324,0.03668099688473525,0.03668099688473525,1.0,-0.32608695652173914,0.3001793626031224,0.002018229166666667,0.010512314229694711,214.0,0.23364485981308417,0.5700934579439252,0.6728971962616823,0.8197412715830058
small_long,rotatable_xlink,r0018,6.55,pulse_06,-2.1061093457943922,2.1972808142464295,0.009814797507788242,-0.009814797507788242,1.0,-0.32608695652173914,0.308242521793735,0.002018229166666667,0.0007274217983948006,214.0,0.23364485981308417,0.5700934579439254,0.6728971962616825,0.8064559475272457
small_long,rotatable_xlink,r0018,6.6,pulse_06,-2.1287411214953273,2.2263913369896926,0.002518847352024937,-0.002518847352024937,1.0,-0.32608695652173914,0.29150410771870444,0.002170138888888889,0.018868320062426076,214.0,0.23364485981308417,0.5700934579439252,0.6728971962616825,0.8230891537221956
small_long,rotatable_xlink,r0018,6.65,pulse_06,-2.121222429906542,2.310490734620986,0.008477102803738257,-0.008477102803738257,1.0,-0.32608695652173914,0.36129523677989966,0.002126736111111111,0.03303358166197349,214.0,0.24299065420560756,0.5700934579439253,0.6635514018691591,0.8075512336778187
small_long,rotatable_xlink,r0018,6.7,pulse_06,-2.179603738317757,2.4245928269615336,0.002973235173102884,0.002973235173102884,1.0,-0.32608695652173914,0.3018687998492433,0.0020399305555555557,0.017693656604217622,214.0,0.2429906542056075,0.5700934579439251,0.6728971962616822,0.8296031547840482
small_long,rotatable_xlink,r0018,6.75,pulse_06,-2.1033830188679246,2.4166526742462917,0.030964115116451585,0.030964115116451585,1.0,-0.31868131868131866,0.3868218149811169,0.0020399305555555557,0.0005819610821946597,212.0,0.2452830188679246,0.5660377358490567,0.6509433962264153,0.8250777660072887
small_long,rotatable_xlink,r0018,6.8,pulse_06,-1.9938190476190474,2.4211010604683656,0.031340661874812804,0.031340661874812804,1.0,-0.3111111111111111,0.39409834356544177,0.0020399305555555557,0.009698088573388977,210.0,0.24761904761904763,0.5619047619047618,0.6476190476190473,0.8094395235746716
small_long,rotatable_xlink,r0018,6.85,pulse_06,-1.9153390476190477,2.4748412056866256,0.007707936507936479,0.007707936507936479,1.0,-0.3111111111111111,0.41330216876074866,0.002105034722222222,0.0033956410669490436,210.0,0.2571428571428572,0.5619047619047619,0.6476190476190473,0.8341311460995245
small_long,rotatable_xlink,r0018,6.9,pulse_06,-1.9475714285714285,2.44147490687006,0.009926349206349197,-0.009926349206349197,1.0,-0.3111111111111111,0.3204751552275221,0.0020399305555555557,0.0012075977575296548,210.0,0.24761904761904768,0.5619047619047618,0.6476190476190474,0.8131909785381344
small_long,rotatable_xlink,r0018,6.95,pulse_06,-1.974897142857143,2.4820867922318035,0.00577619047619049,0.00577619047619049,1.0,-0.2967032967032967,0.31233639441486855,0.0020616319444444445,0.0018096216239636604,210.0,0.24761904761904757,0.5619047619047619,0.6476190476190475,0.8259812672695847
small_long,rotatable_xlink,r0018,7.0,pulse_06,-1.9129142857142856,2.452332636613842,0.020660952380952446,0.020660952380952446,1.0,-0.2967032967032967,0.31772171570162666,0.001953125,0.009918051872653896,210.0,0.24761904761904763,0.561904761904762,0.6476190476190476,0.8215081499584773
small_long,rotatable_xlink,r0018,7.05,pulse_07,-1.7048972222222223,2.462953161978618,0.006533641975308664,-0.006533641975308664,1.0,-0.26881720430107525,0.35036378159686665,0.002105034722222222,0.0007737151863116409,216.0,0.2685185185185185,0.5462962962962963,0.6296296296296297,0.8226645144650427
small_long,rotatable_xlink,r0018,7.1,pulse_07,-1.7244981481481483,2.460632016419683,0.015380555555555472,-0.015380555555555472,1.0,-0.26881720430107525,0.3008292779369039,0.002170138888888889,0.0011448930280623475,216.0,0.2685185185185185,0.5462962962962962,0.6296296296296295,0.8243173708473891
small_long,rotatable_xlink,r0018,7.15,pulse_07,-1.7971805555555551,2.469822520146992,0.012337499999999965,-0.012337499999999965,1.0,-0.26881720430107525,0.3585840138529409,0.002105034722222222,0.0064434003396248345,216.0,0.2685185185185185,0.5462962962962963,0.6296296296296297,0.8506673044598445
small_long,rotatable_xlink,r0018,7.2,pulse_07,-1.798523148148148,2.421971614381934,0.006678846486673458,0.006678846486673458,1.0,-0.26881720430107525,0.3006240488342026,0.0020399305555555557,0.011026574518790152,216.0,0.2685185185185185,0.5462962962962962,0.6296296296296295,0.8375041846533492
small_long,rotatable_xlink,r0018,7.25,pulse_07,-1.7571074766355144,2.403663073034251,0.010888509576554703,-0.010888509576554703,1.0,-0.27472527472527475,0.27617377494579703,0.0020399305555555557,0.008836724277956787,214.0,0.27102803738317766,0.5420560747663552,0.6261682242990657,0.8445957851788445
small_long,rotatable_xlink,r0018,7.3,pulse_07,-1.8638542056074763,2.368951268714193,0.006486137071650984,-0.006486137071650984,1.0,-0.28888888888888886,0.272304679420268,0.0019314236111111112,0.0035268455413440445,214.0,0.26168224299065423,0.5420560747663552,0.6261682242990656,0.8347061741396993
small_long,rotatable_xlink,r0018,7.35,pulse_07,-1.7960242990654203,2.4248241462823152,0.012419158878504533,0.012419158878504533,1.0,-0.2608695652173913,0.3362410094074511,0.0021484375,0.0026928713457473976,214.0,0.27102803738317766,0.5420560747663552,0.6261682242990656,0.8284314093417855
small_long,rotatable_xlink,r0018,7.4,pulse_07,-1.789339252336449,2.3851084967886775,0.00416339563862933,-0.00416339563862933,1.0,-0.27472527472527475,0.249429313090034,0.001953125,0.021215907957323605,214.0,0.2710280373831776,0.5327102803738321,0.6261682242990657,0.831334376561797
small_long,rotatable_xlink,r0018,7.45,pulse_07,-1.8210046728971963,2.2975286985383736,0.01082897196261671,-0.01082897196261671,1.0,-0.27472527472527475,0.21688387005530813,0.0020833333333333333,0.012709411079597555,214.0,0.2710280373831776,0.5327102803738317,0.6261682242990656,0.8377142012457051
small_long,rotatable_xlink,r0018,7.5,pulse_07,-1.8543130841121493,2.461364963266263,0.015755919003115237,-0.015755919003115237,1.0,-0.27472527472527475,0.3270718369358272,0.0020616319444444445,0.031766912362138765,214.0,0.2710280373831776,0.532710280373832,0.6261682242990657,0.8502137758829299
small_long,rotatable_xlink,r0018,7.55,pulse_07,-1.9155401869158877,2.488130172711206,0.014497819314641744,-0.014497819314641744,1.0,-0.27472527472527475,0.2742836473608313,0.0020399305555555557,0.013289423689801424,214.0,0.27358490566037735,0.537735849056604,0.6226415094339626,0.8281529644633931
small_long,rotatable_xlink,r0018,7.6,pulse_07,-1.9412999999999998,2.5411015054050714,0.0008401869158878306,0.0008401869158878306,1.0,-0.27472527472527475,0.389207033295519,0.0020616319444444445,0.0012196935837137286,214.0,0.2710280373831776,0.5420560747663554,0.6261682242990657,0.8116579529594516
small_long,rotatable_xlink,r0018,7.65,pulse_07,-1.9104990654205607,2.4954483342134886,0.00971931464174458,-0.00971931464174458,1.0,-0.27472527472527475,0.2751010522229046,0.0020833333333333333,0.018834040051654972,214.0,0.2710280373831776,0.5420560747663552,0.6261682242990656,0.833713930503914
small_long,rotatable_xlink,r0018,7.7,pulse_07,-1.9996158878504673,2.6541057457150012,0.03511682242990655,0.03511682242990655,1.0,-0.28888888888888886,0.34382181913964466,0.0020616319444444445,0.05405652794064656,214.0,0.2761904761904762,0.5333333333333332,0.6190476190476188,0.825301659988246
small_long,rotatable_xlink,r0018,7.75,pulse_07,-1.6997981308411214,2.819787501857368,0.025761993769470377,0.025761993769470377,1.0,-0.3626373626373626,0.3480501504618334,0.0018880208333333333,0.039742091994238025,214.0,0.2710280373831776,0.5233644859813086,0.6261682242990657,0.8390501123140645
small_long,rotatable_xlink,r0018,7.8,pulse_07,-1.845043925233645,2.8925582976804294,0.03159844236760123,-0.03159844236760123,1.0,-0.3409090909090909,0.43096273257579515,0.002105034722222222,0.012190951792875104,214.0,0.2710280373831776,0.5420560747663552,0.6261682242990656,0.8411725883629695
small_long,rotatable_xlink,r0018,7.85,pulse_07,-1.8893887850467288,2.8929332126146186,0.015461838006230503,-0.015461838006230503,1.0,-0.34831460674157305,0.38691901777152077,0.002018229166666667,0.00734531941157283,214.0,0.26168224299065423,0.5420560747663553,0.6261682242990657,0.8420685987207369
small_long,rotatable_xlink,r0018,7.9,pulse_07,-1.937814953271028,2.9366302141498664,0.015013539646152929,0.015013539646152929,1.0,-0.3111111111111111,0.42750526121217863,0.0020833333333333333,0.004769645764404344,214.0,0.2616822429906542,0.5420560747663553,0.6261682242990658,0.8414915247948207
small_long,rotatable_xlink,r0018,7.95,pulse_07,-1.7993075471698112,2.9215510872010446,0.021228121142655598,0.021228121142655598,1.0,-0.30337078651685395,0.264535041873342,0.001974826388888889,0.00035134047512112393,212.0,0.2641509433962265,0.537735849056604,0.6226415094339626,0.8467009533888072
small_long,rotatable_xlink,r0018,8.0,pulse_07,-1.8104462264150945,2.9345221712991396,0.003712893081761074,-0.003712893081761074,1.0,-0.3181818181818182,0.38864599465823013,0.0019314236111111112,0.004323694699364999,212.0,0.25471698113207547,0.5377358490566039,0.6320754716981134,0.8434944074463899
small_long,rotatable_xlink,r0019,0.0,initial,0.9090600000000002,-2.5125361442512153,0.05945777777777783,-0.05945777777777783,1.0,0.1111111111111111,0.0,0.00021701388888888888,0.235196069379665,20.0,0.5,0.3,0.5,0.5254612271806532
small_long,rotatable_xlink,r0019,0.05,initial,0.7306866666666667,3.065060954789376,0.044109122807017585,-0.044109122807017585,1.0,0.09090909090909091,0.8306052357477178,0.00030381944444444445,0.11463737628516853,30.0,0.4,0.26666666666666666,0.4666666666666666,0.554718519883925
small_long,rotatable_xlink,r0019,0.1,initial,0.6444052631578947,3.0828249052173597,0.013993611111111137,-0.013993611111111137,1.0,0.2,0.46701197789099186,0.0004123263888888889,0.004089995316200283,38.0,0.3684210526315789,0.2631578947368421,0.47368421052631576,0.6156993657901179
small_long,rotatable_xlink,r0019,0.15000000000000002,initial,0.6467249999999999,3.0896009266865776,0.12135051169590645,0.12135051169590645,1.0,0.25,0.5768431957224351,0.000390625,0.050955200936656876,40.0,0.35,0.25,0.45,0.6836408181204356
small_long,rotatable_xlink,r0019,0.2,initial,1.3725083333333334,-2.894629196342285,0.08059861111111112,0.08059861111111112,1.0,0.2222222222222222,0.15578298110279082,0.0004123263888888889,0.03983272690760383,48.0,0.4583333333333333,0.20833333333333334,0.37499999999999994,0.6807272702576276
small_long,rotatable_xlink,r0019,0.25,initial,1.1303166666666666,-2.9545880190473857,0.10434694444444448,0.10434694444444448,1.0,0.3684210526315789,0.12295196505338232,0.0004123263888888889,0.016521222853049872,48.0,0.45833333333333337,0.20833333333333334,0.37499999999999994,0.672520962525053
small_long,rotatable_xlink,r0019,0.30000000000000004,initial,1.9985900000000003,-2.9937565334605845,0.2315436868686869,0.2315436868686869,1.0,0.4166666666666667,0.05291251178906493,0.0005859375,0.0064537520021300905,60.0,0.4999999999999999,0.16666666666666666,0.3,0.7445340290116637
small_long,rotatable_xlink,r0019,0.35000000000000003,initial,2.519578787878788,-2.915865507034605,0.06778071428571426,0.06778071428571426,1.0,0.46153846153846156,0.1313005906444619,0.0006727430555555556,0.03901421775447619,66.0,0.5454545454545456,0.15151515151515152,0.27272727272727276,0.7271952871435658
small_long,rotatable_xlink,r0019,0.4,initial,2.405274285714286,-2.7596712269337274,0.015455672105672077,0.015455672105672077,1.0,0.48148148148148145,0.08153443632819957,0.0006510416666666666,0.03381682542459008,70.0,0.5428571428571427,0.14285714285714285,0.28571428571428564,0.7446644017360207
small_long,rotatable_xlink,r0019,0.45,initial,2.6123128205128205,-2.7129645544870646,0.05986891986062711,0.05986891986062711,1.0,0.5333333333333333,0.03930299698470893,0.0007595486111111111,0.0407049881698219,78.0,0.5641025641025641,0.12820512820512822,0.25641025641025644,0.7873721175657612
small_long,rotatable_xlink,r0019,0.5,initial,2.7644878048780486,-2.515441297914796,0.07908839355089355,0.07908839355089355,1.0,0.6129032258064516,0.11053993559027002,0.00078125,0.02486702189508964,82.0,0.5853658536585367,0.12195121951219515,0.2439024390243903,0.7644698379098018
small_long,rotatable_xlink,r0019,0.55,initial,3.086843181818182,-2.563762423116527,0.039233093126385864,0.039233093126385864,1.0,0.6363636363636364,0.08285203719079919,0.0008897569444444444,0.006627413834705924,88.0,0.6136363636363636,0.11363636363636365,0.2272727272727273,0.7331995356350814
small_long,rotatable_xlink,r0019,0.6000000000000001,initial,2.9998863636363637,-2.5552057809230315,0.005069614624505947,0.005069614624505947,1.0,0.6363636363636364,0.09183347746794282,0.0008897569444444444,0.004682941673820107,88.0,0.6136363636363635,0.11363636363636362,0.22727272727272724,0.7574832934063646
small_long,rotatable_xlink,r0019,0.65,initial,3.1172608695652175,-2.535664773073606,0.028607133838383758,0.028607133838383758,1.0,0.6571428571428571,0.12005229905470619,0.0009114583333333333,0.0006428471491468635,92.0,0.6304347826086958,0.10869565217391305,0.2173913043478261,0.7765214500151277
small_long,rotatable_xlink,r0019,0.7000000000000001,initial,3.1715291666666663,-2.5513486980281503,0.010297146739130403,0.010297146739130403,1.0,0.6756756756756757,0.06506574577130478,0.0009114583333333333,0.0012768843175258542,96.0,0.6041666666666666,0.10416666666666667,0.20833333333333331,0.772998698305834
small_long,rotatable_xlink,r0019,0.75,initial,3.17904375,-2.5433260789787613,0.01327048611111111,-0.01327048611111111,1.0,0.6756756756756757,0.11741644686112994,0.0009548611111111111,0.0031682441522444815,96.0,0.6041666666666666,0.10416666666666667,0.20833333333333331,0.7639202195938062
small_long,rotatable_xlink,r0019,0.8,initial,3.0919062499999996,-2.5323392331146835,0.0037986249999999444,-0.0037986249999999444,1.0,0.6666666666666666,0.024360037094278173,0.0009548611111111111,0.005619339610961616,96.0,0.6041666666666666,0.10416666666666667,0.20833333333333334,0.7771018521721215
small_long,rotatable_xlink,r0019,0.8500000000000001,initial,3.1562520000000003,-2.5096100413129916,0.007191625000000072,0.007191625000000072,1.0,0.6842105263157895,0.07723865858639642,0.0009982638888888888,0.0030852652238183196,100.0,0.6000000000000001,0.1,0.19999999999999998,0.7693009342410593
small_long,rotatable_xlink,r0019,0.9,initial,3.135056,-2.5508508244575934,0.01142566013071892,-0.01142566013071892,1.0,0.6756756756756757,0.05891608774175144,0.0009331597222222223,0.0039565780042079,100.0,0.6000000000000001,0.1,0.19999999999999998,0.7891197692941081
small_long,rotatable_xlink,r0019,0.9500000000000001,initial,3.0876980392156868,-2.533349509338239,0.012654503144654106,0.012654503144654106,1.0,0.6410256410256411,0.10154076413583399,0.0009331597222222223,0.0018468257386804094,102.0,0.627450980392157,0.0980392156862745,0.196078431372549,0.7509884157317239
small_long,rotatable_xlink,r0019,1.0,initial,3.2109830188679247,-2.539769870025511,0.04109499321741265,0.04109499321741265,1.0,0.6585365853658537,0.1611484162801871,0.0010850694444444445,0.00214012022909064,106.0,0.6226415094339622,0.09433962264150944,0.18867924528301888,0.7799003592217281
small_long,rotatable_xlink,r0019,1.05,pulse_01,3.162758928571429,-2.5561666389852977,0.020416194581280855,-0.020416194581280855,1.0,0.6744186046511628,0.09084573307360354,0.0011501736111111111,0.01699184648804941,112.0,0.5892857142857143,0.08928571428571429,0.17857142857142858,0.7935734865781285
small_long,rotatable_xlink,r0019,1.1,pulse_01,3.1015103448275863,-2.5051910995211495,0.013576205609362532,-0.013576205609362532,1.0,0.6744186046511628,0.20049837914581795,0.001171875,0.005993185614682058,116.0,0.5862068965517243,0.08620689655172414,0.17241379310344832,0.8092886440460503
small_long,rotatable_xlink,r0019,1.15,pulse_01,3.0813016949152536,-2.5202075252972054,0.025257565479555193,0.025257565479555193,1.0,0.6818181818181818,0.1915375012274469,0.0011067708333333333,0.009284825491901941,118.0,0.6101694915254237,0.0847457627118644,0.1694915254237288,0.7990921666432997
small_long,rotatable_xlink,r0019,1.2,pulse_01,3.2530557377049174,-2.560900052472561,0.021296165601556078,0.021296165601556078,1.0,0.6956521739130435,0.09546666477619167,0.0011067708333333333,0.017117009845846187,122.0,0.6101694915254238,0.0847457627118644,0.1694915254237288,0.8131543657846714
small_long,rotatable_xlink,r0019,1.25,pulse_01,3.20907868852459,-2.6229095843722825,0.0029912568306009746,-0.0029912568306009746,1.0,0.6956521739130435,0.1537274059426686,0.0012369791666666666,0.02250696127882912,122.0,0.6065573770491804,0.0819672131147541,0.16393442622950818,0.786089780326239
small_long,rotatable_xlink,r0019,1.3,pulse_01,3.2351081967213116,-2.695941820145536,0.0199030054644808,-0.0199030054644808,1.0,0.6521739130434783,0.24367060164961052,0.0012152777777777778,0.027297259149949776,122.0,0.6065573770491803,0.08196721311475409,0.16393442622950816,0.7868430627993871
small_long,rotatable_xlink,r0019,1.35,pulse_01,3.0896606557377053,-2.786693139271981,0.018473761953551993,-0.018473761953551993,1.0,0.6521739130434783,0.2644639797683853,0.0012369791666666666,0.02380936710221822,122.0,0.5737704918032788,0.09836065573770492,0.16393442622950818,0.8142373276197896
small_long,rotatable_xlink,r0019,1.4,pulse_01,3.1242656249999996,-2.838798022758845,0.032565411543715804,0.032565411543715804,1.0,0.5918367346938775,0.2835550038435894,0.001193576388888889,0.001610315557234306,128.0,0.578125,0.109375,0.203125,0.7976101758463153
small_long,rotatable_xlink,r0019,1.45,pulse_01,3.285053125,-2.796355032615387,0.04597836598258712,0.04597836598258712,1.0,0.6326530612244898,0.2791922319186839,0.0012369791666666666,0.020307834970623828,128.0,0.59375,0.09375,0.1875,0.7717468403020411
small_long,rotatable_xlink,r0019,1.5,pulse_01,3.4001358208955224,-2.716951012935102,0.0028274203431373213,0.0028274203431373213,1.0,0.660377358490566,0.24174372710161807,0.001345486111111111,0.021161703796758486,134.0,0.6119402985074627,0.08955223880597014,0.19402985074626863,0.7975055772412382
small_long,rotatable_xlink,r0019,1.55,pulse_01,3.302017647058824,-2.669384809834836,0.010634541577825285,-0.010634541577825285,1.0,0.6226415094339622,0.20152950128083955,0.0012369791666666666,0.0060862625848139285,136.0,0.6029411764705883,0.08823529411764706,0.20588235294117646,0.796628544817574
small_long,rotatable_xlink,r0019,1.6,pulse_01,3.3363285714285706,-2.753468588443986,0.019115603424468386,0.019115603424468386,1.0,0.7037037037037037,0.20664489963638394,0.0014322916666666666,0.015112275833210509,140.0,0.6142857142857141,0.0857142857142857,0.21428571428571425,0.7954857530211527
small_long,rotatable_xlink,r0019,1.65,pulse_01,3.4167112676056344,-2.760058464834099,0.02464133597883585,-0.02464133597883585,1.0,0.7090909090909091,0.24048892278943781,0.001345486111111111,0.010970283874103925,142.0,0.619718309859155,0.08450704225352114,0.1971830985915493,0.7992340861403012
small_long,rotatable_xlink,r0019,1.7000000000000002,pulse_01,3.1884805555555555,-2.6876468851993622,0.07833384140459199,-0.07833384140459199,1.0,0.6981132075471698,0.22236556688133388,0.0014539930555555556,0.015145850354085036,144.0,0.6056338028169014,0.08450704225352114,0.2394366197183099,0.8089934113483287
small_long,rotatable_xlink,r0019,1.75,pulse_01,2.9467082191780825,-2.8509335669586093,0.03292053703703698,-0.03292053703703698,1.0,0.660377358490566,0.1646051082086668,0.0015190972222222222,0.01693510666644153,146.0,0.5753424657534246,0.0821917808219178,0.24657534246575347,0.8289758565177214
small_long,rotatable_xlink,r0019,1.8,pulse_01,2.9909573333333337,-2.7892575251980114,0.0008168523592084753,0.0008168523592084753,1.0,0.6727272727272727,0.15038325270575503,0.0014105902777777778,0.006342356097603474,150.0,0.5866666666666667,0.10666666666666666,0.26666666666666666,0.8134173679149775
small_long,rotatable_xlink,r0019,1.85,pulse_01,2.9516093333333333,-2.8128794303729885,0.01173377777777788,-0.01173377777777788,1.0,0.6666666666666666,0.17406503342033514,0.0014973958333333334,0.0009319813656722964,150.0,0.5866666666666667,0.10666666666666666,0.26666666666666666,0.8379028103310358
small_long,rotatable_xlink,r0019,1.9,pulse_01,2.9205546666666664,-2.7836656370039776,0.0021583128654970216,0.0021583128654970216,1.0,0.6666666666666666,0.21822780329188085,0.0015190972222222222,0.0013726728879022894,150.0,0.6,0.10666666666666666,0.26666666666666666,0.8085528045479417
small_long,rotatable_xlink,r0019,1.9500000000000002,pulse_01,2.9645592105263154,-2.8046433930455748,0.006509330409356788,-0.006509330409356788,1.0,0.6727272727272727,0.0728064128739852,0.0014756944444444444,0.004331870231126504,152.0,0.5921052631578948,0.10526315789473684,0.26315789473684215,0.8111884564871816
small_long,rotatable_xlink,r0019,2.0,pulse_01,2.8814986842105257,-2.8096568583907366,0.02768684210526325,-0.02768684210526325,1.0,0.6727272727272727,0.12314603977527515,0.001540798611111111,0.0016711551150539645,152.0,0.5789473684210529,0.10526315789473685,0.2894736842105264,0.8097380620040084
small_long,rotatable_xlink,r0019,2.05,pulse_02,2.937501265822785,-2.79236913832017,0.008880590717299519,-0.008880590717299519,1.0,0.6949152542372882,0.11966502129499967,0.0016493055555555556,0.021885959305042668,158.0,0.5949367088607594,0.10126582278481013,0.2784810126582277,0.8214327690247507
small_long,rotatable_xlink,r0019,2.1,pulse_02,2.9108594936708863,-2.726711260405042,0.014497257383966197,-0.014497257383966197,1.0,0.6842105263157895,0.1576255214042047,0.0014973958333333334,0.021152087953204408,158.0,0.5822784810126582,0.10126582278481013,0.29113924050632906,0.8155812684567633
small_long,rotatable_xlink,r0019,2.15,pulse_02,2.8505177215189876,-2.6654566106009434,0.06771265822784807,-0.06771265822784807,1.0,0.6785714285714286,0.16532934355777248,0.0015625,0.06891997646742613,158.0,0.5696202531645568,0.10126582278481011,0.291139240506329,0.8179581490897403
small_long,rotatable_xlink,r0019,2.2,pulse_02,2.504583544303798,-2.313191401600485,0.21077257383966252,-0.21077257383966252,1.0,0.4666666666666667,0.24662294524448308,0.0015190972222222222,0.14448701750310142,158.0,0.5443037974683544,0.10126582278481013,0.32911392405063283,0.8161629169486879
small_long,rotatable_xlink,r0019,2.25,pulse_02,1.5858822784810125,-1.798534505582335,0.2963017445634535,-0.2963017445634535,1.0,0.21428571428571427,0.2225516958038514,0.0014756944444444444,0.13859145753687632,158.0,0.4177215189873418,0.21518987341772156,0.40506329113924044,0.8519059289600728
small_long,rotatable_xlink,r0019,2.3,pulse_02,0.726773076923077,-1.481642656379227,0.2261017472682029,-0.2261017472682029,1.0,0.0,0.3656993765158715,0.0014539930555555556,0.0566759110612635,156.0,0.37179487179487175,0.2948717948717948,0.5000000000000001,0.8486678497511938
small_long,rotatable_xlink,r0019,2.35,pulse_02,0.22927179487179494,-1.458479039214754,0.086483547008547,-0.086483547008547,1.0,-0.09090909090909091,0.257062582110348,0.0015190972222222222,0.01140025374797371,156.0,0.34615384615384615,0.39743589743589747,0.5384615384615387,0.8284407999364564
small_long,rotatable_xlink,r0019,2.4,pulse_02,0.207871794871795,-1.4132411338913848,0.028345940170940182,-0.028345940170940182,1.0,-0.07462686567164178,0.2816288359583847,0.0014756944444444444,0.0014107416591033022,156.0,0.3461538461538461,0.39743589743589736,0.5384615384615388,0.8492569552750662
small_long,rotatable_xlink,r0019,2.45,pulse_02,0.05919615384615385,-1.4669434891693738,0.03183803418803421,-0.03183803418803421,1.0,-0.08823529411764706,0.33842492486536335,0.0014756944444444444,0.017132404649068622,156.0,0.358974358974359,0.4230769230769232,0.5384615384615387,0.8469344590395431
small_long,rotatable_xlink,r0019,2.5,pulse_02,0.01684358974358975,-1.5160355617857966,0.011105341880341865,-0.011105341880341865,1.0,-0.06060606060606061,0.19543520973764533,0.001584201388888889,0.003853010251343251,156.0,0.3589743589743589,0.4230769230769231,0.5512820512820514,0.847136980567889
small_long,rotatable_xlink,r0019,2.55,pulse_02,-0.007435897435897334,-1.4900615506774333,0.012259615384615377,-0.012259615384615377,1.0,-0.06060606060606061,0.3073025558979468,0.001540798611111111,0.0007595867576775847,156.0,0.358974358974359,0.4230769230769232,0.5512820512820515,0.8454035898562383
small_long,rotatable_xlink,r0019,2.6,pulse_02,-0.056714102564102524,-1.520593082331862,0.006337820512820533,-0.006337820512820533,1.0,-0.09090909090909091,0.2989196133924528,0.001540798611111111,0.0018194993635413843,156.0,0.358974358974359,0.4230769230769231,0.5512820512820513,0.8233907644087181
small_long,rotatable_xlink,r0019,2.65,pulse_02,-0.04546282051282053,-1.479144554496185,0.008445512820512814,0.008445512820512814,1.0,-0.09090909090909091,0.2791696071294427,0.0015625,0.003036969032316724,156.0,0.34615384615384615,0.4230769230769231,0.5384615384615385,0.84461196280402
small_long,rotatable_xlink,r0019,2.7,pulse_02,-0.006041025641025636,-1.5023712681379617,0.005991025641025674,0.005991025641025674,1.0,-0.1044776119402985,0.31380913775084107,0.001540798611111111,0.0022575537218289345,156.0,0.34615384615384615,0.435897435897436,0.5641025641025645,0.8454035898562383
small_long,rotatable_xlink,r0019,2.75,pulse_02,-0.009516666666666488,-1.4655992321652114,0.0035846153846153844,-0.0035846153846153844,1.0,-0.1044776119402985,0.24761128486247652,0.0015190972222222222,0.012515258914099511,156.0,0.33333333333333337,0.435897435897436,0.5512820512820517,0.8247191120636769
small_long,rotatable_xlink,r0019,2.8,pulse_02,-0.027548717948717945,-1.4272797146533647,0.018742735042735072,-0.018742735042735072,1.0,-0.13432835820895522,0.26403207469209644,0.0014756944444444444,0.01161064573290412,156.0,0.3333333333333333,0.44871794871794873,0.5512820512820515,0.8446643477251519
small_long,rotatable_xlink,r0019,2.85,pulse_02,-0.12197307692307692,-1.3959353577677867,0.008696425796425775,-0.008696425796425775,1.0,-0.15151515151515152,0.2724807222183874,0.0015190972222222222,0.0008971079407514478,156.0,0.33333333333333337,0.4615384615384617,0.5512820512820518,0.8299716691197612
small_long,rotatable_xlink,r0019,2.9,pulse_02,-0.07972727272727259,-1.4326623622978734,0.013563261738261742,0.013563261738261742,1.0,-0.15625,0.27732846013786316,0.001584201388888889,0.012078602193799267,154.0,0.3246753246753246,0.4545454545454547,0.5454545454545457,0.8348669468987552
small_long,rotatable_xlink,r0019,2.95,pulse_02,-0.04059350649350647,-1.4684069709305823,0.0018461038961038827,0.0018461038961038827,1.0,-0.13846153846153847,0.2566086480401966,0.0014973958333333334,0.00963980527971168,154.0,0.32467532467532456,0.4545454545454546,0.5454545454545455,0.8198974950175231
small_long,rotatable_xlink,r0019,3.0,pulse_02,-0.0686506493506493,-1.4905011939761434,0.00935238095238094,-0.00935238095238094,1.0,-0.15625,0.27604668829914586,0.0014539930555555556,0.007364741015187064,154.0,0.3246753246753247,0.4545454545454546,0.5454545454545456,0.8204411860177018
small_long,rotatable_xlink,r0019,3.05,pulse_03,0.08848354430379744,-1.4628440844390616,0.011795358649789053,0.011795358649789053,1.0,-0.12121212121212122,0.24324012452907315,0.0015190972222222222,0.004300383074913465,158.0,0.36708860759493656,0.44303797468354417,0.5316455696202529,0.8439485575687963
small_long,rotatable_xlink,r0019,3.1,pulse_03,0.1238696202531646,-1.475745233663802,0.0016274261603375663,0.0016274261603375663,1.0,-0.12121212121212122,0.2232119720683166,0.0014973958333333334,0.010125040964850859,158.0,0.3670886075949367,0.4430379746835443,0.5443037974683542,0.8260834171825977
small_long,rotatable_xlink,r0019,3.15,pulse_03,0.09824810126582284,-1.5235943302281667,0.03251540084388186,-0.03251540084388186,1.0,-0.12121212121212122,0.2899664402095209,0.0015190972222222222,0.011881865342447876,158.0,0.36708860759493667,0.44303797468354417,0.5443037974683541,0.8326648023863412
small_long,rotatable_xlink,r0019,3.2,pulse_03,-0.07122278481012656,-1.5470364257184892,0.06557827004219412,-0.06557827004219412,1.0,-0.13432835820895522,0.2706464790370689,0.001540798611111111,0.1704485939273197,158.0,0.36708860759493656,0.44303797468354417,0.5443037974683541,0.8568920399874599
small_long,rotatable_xlink,r0019,3.25,pulse_03,-0.29522151898734184,-2.546285893792085,0.028214978902953578,-0.028214978902953578,1.0,-0.23529411764705882,0.1849263576901868,0.0014322916666666666,0.46538033783829746,158.0,0.31645569620253156,0.41772151898734167,0.5569620253164556,0.8494128734463791
small_long,rotatable_xlink,r0019,3.3,pulse_03,-0.24051265822784804,1.9438668544313122,0.01992257383966245,-0.01992257383966245,1.0,-0.1875,0.31640805169119524,0.0016059027777777777,0.25815601564534135,158.0,0.31645569620253167,0.4177215189873418,0.5569620253164557,0.8279303711445146
small_long,rotatable_xlink,r0019,3.35,pulse_03,-0.41475696202531653,2.187963319515453,0.09836687763713081,-0.09836687763713081,1.0,-0.1875,0.3043041039401143,0.0014973958333333334,0.15414534728859652,158.0,0.3164556962025316,0.4556962025316455,0.582278481012658,0.8351578579000348
small_long,rotatable_xlink,r0019,3.4,pulse_03,-0.8307139240506329,2.8687389381628914,0.15714071729957804,-0.15714071729957804,1.0,-0.36507936507936506,0.2388981569330339,0.001540798611111111,0.12832258084158865,158.0,0.22784810126582275,0.46835443037974667,0.6202531645569617,0.8326648023863412
small_long,rotatable_xlink,r0019,3.45,pulse_03,-1.3576012658227847,2.957898804564985,0.14719388185654006,-0.14719388185654006,1.0,-0.5072463768115942,0.17879380828251398,0.0014756944444444444,0.006192333308374209,158.0,0.20253164556962022,0.481012658227848,0.7088607594936707,0.7963918637038963
small_long,rotatable_xlink,r0019,3.5,pulse_03,-1.7138772151898733,2.831584938312646,0.07169978902953582,-0.07169978902953582,1.0,-0.5616438356164384,0.2691141846282207,0.0015190972222222222,0.04303687530423302,158.0,0.18987341772151897,0.5189873417721518,0.7341772151898731,0.7699959299865223
small_long,rotatable_xlink,r0019,3.55,pulse_03,-1.7877999999999996,2.699677552739587,0.008143459915611865,-0.008143459915611865,1.0,-0.5833333333333334,0.27248092811945873,0.0014756944444444444,0.017995369386288058,158.0,0.189873417721519,0.5316455696202531,0.7468354430379747,0.7597692957573379
small_long,rotatable_xlink,r0019,3.6,pulse_03,-1.7627379746835445,2.7236127219949178,0.006327004219409201,0.006327004219409201,1.0,-0.5833333333333334,0.2627502726123226,0.001584201388888889,0.015799603035972387,158.0,0.18987341772151897,0.5443037974683542,0.7468354430379744,0.772080843018798
small_long,rotatable_xlink,r0019,3.65,pulse_03,-1.7498379746835444,2.6048799345237525,0.0011210970464135366,-0.0011210970464135366,1.0,-0.5492957746478874,0.2551390126443047,0.0015625,0.011171457382497548,158.0,0.18987341772151897,0.5696202531645569,0.7468354430379744,0.7740243113036821
small_long,rotatable_xlink,r0019,3.7,pulse_03,-1.7694645569620258,2.6565839776999325,0.013996413502109636,-0.013996413502109636,1.0,-0.5428571428571428,0.3544106415502254,0.001540798611111111,0.002372401175671094,158.0,0.18987341772151897,0.5822784810126581,0.7468354430379744,0.7979033547962732
small_long,rotatable_xlink,r0019,3.75,pulse_03,-1.8338164556962022,2.590645527469726,0.005311603375527348,-0.005311603375527348,1.0,-0.5362318840579711,0.3024181703051362,0.0014973958333333334,0.011061392223627195,158.0,0.189873417721519,0.5949367088607597,0.7468354430379747,0.8030377019674919
small_long,rotatable_xlink,r0019,3.8,pulse_03,-1.8013341772151898,2.5902156243581693,0.000321729957805883,-0.000321729957805883,1.0,-0.5362318840579711,0.29842367795222663,0.0016276041666666667,0.008749705100335348,158.0,0.20253164556962022,0.5949367088607593,0.7468354430379742,0.7846619649343605
small_long,rotatable_xlink,r0019,3.85,pulse_03,-1.8357468354430375,2.538147296867714,0.020972573839662445,-0.020972573839662445,1.0,-0.5362318840579711,0.3238550234673763,0.001584201388888889,0.0026051772703202434,158.0,0.20253164556962025,0.5949367088607594,0.7468354430379746,0.7821171875998024
small_long,rotatable_xlink,r0019,3.9,pulse_03,-1.9271696202531645,2.574584560736248,0.012276371308016879,-0.012276371308016879,1.0,-0.5362318840579711,0.2901720693625942,0.0015190972222222222,0.005873766300665532,158.0,0.20253164556962022,0.6202531645569619,0.7468354430379743,0.8006284295377778
small_long,rotatable_xlink,r0019,3.95,pulse_03,-1.9094050632911388,2.573389894671707,0.01120042194092826,0.01120042194092826,1.0,-0.5294117647058824,0.29125188911603345,0.001584201388888889,0.007753796652662404,158.0,0.18987341772151897,0.6329113924050632,0.7468354430379744,0.7893126130922077
small_long,rotatable_xlink,r0019,4.0,pulse_03,-1.859967088607595,2.6211073406522223,0.01647932489451461,0.01647932489451461,1.0,-0.5294117647058824,0.28233473711606966,0.001540798611111111,0.015905815326838397,158.0,0.20253164556962022,0.6202531645569619,0.7468354430379743,0.8008283875024738
small_long,rotatable_xlink,r0019,4.05,pulse_04,-1.2946511627906978,1.6344239125042106,0.011679069767441819,0.011679069767441819,1.0,-0.38666666666666666,0.2987536613899126,0.0017795138888888889,0.003803122058266384,172.0,0.25581395348837216,0.546511627906977,0.6744186046511633,0.8215139831868192
small_long,rotatable_xlink,r0019,4.1,pulse_04,-1.2596139534883724,1.6230145463294114,0.005460465116278994,0.005460465116278994,1.0,-0.38666666666666666,0.2893539896397772,0.0017144097222222222,0.021230681255195078,172.0,0.2674418604651164,0.5697674418604652,0.6744186046511631,0.8084617245449145
small_long,rotatable_xlink,r0019,4.15,pulse_04,-1.2618883720930238,1.761808000035381,0.007116279069767417,-0.007116279069767417,1.0,-0.38666666666666666,0.28772260091505647,0.0018012152777777779,0.03208387254613043,172.0,0.25581395348837216,0.5465116279069769,0.6511627906976748,0.8191763388911206
small_long,rotatable_xlink,r0019,4.2,pulse_04,-1.3023116279069769,1.815517781606194,0.010526162790697624,-0.010526162790697624,1.0,-0.38666666666666666,0.24194926816386014,0.0017578125,0.015386112603035426,172.0,0.2558139534883722,0.5581395348837211,0.662790697674419,0.7901060610583381
small_long,rotatable_xlink,r0019,4.25,pulse_04,-1.3250453488372096,1.8541246756535936,0.00019767441860466897,0.00019767441860466897,1.0,-0.3684210526315789,0.28396659953402165,0.001736111111111111,0.0393087356409176,172.0,0.26744186046511637,0.558139534883721,0.6511627906976746,0.8143059766376898
small_long,rotatable_xlink,r0019,4.3,pulse_04,-1.3011255813953488,2.0513701954516996,0.007624806201550409,0.007624806201550409,1.0,-0.38666666666666666,0.2295847127760397,0.0016710069444444444,0.03084844850580626,172.0,0.26744186046511625,0.5581395348837209,0.6511627906976745,0.8160320487630098
small_long,rotatable_xlink,r0019,4.35,pulse_04,-1.2792965116279071,2.039215366688431,0.0006728682170542566,0.0006728682170542566,1.0,-0.38666666666666666,0.18987981267245996,0.0018229166666666667,0.02515343215409238,172.0,0.2674418604651163,0.5348837209302326,0.6511627906976746,0.7996260946744193
small_long,rotatable_xlink,r0019,4.4,pulse_04,-1.2970883720930233,1.9004496025271453,0.0037594961240309996,-0.0037594961240309996,1.0,-0.38666666666666666,0.19173893751390955,0.0018229166666666667,0.020899054785280646,172.0,0.26744186046511637,0.5697674418604652,0.6511627906976747,0.8099144411369725
small_long,rotatable_xlink,r0019,4.45,pulse_04,-1.3018534883720931,1.9138210379767473,0.005256007751938019,0.005256007751938019,1.0,-0.38666666666666666,0.21061531020009266,0.0017578125,0.007953288621809626,172.0,0.24418604651162795,0.5348837209302326,0.6511627906976746,0.8131087531554021
small_long,rotatable_xlink,r0019,4.5,pulse_04,-1.2655523255813952,1.8527298707962876,0.005443023255813954,0.005443023255813954,1.0,-0.3783783783783784,0.21241928425186796,0.0016710069444444444,0.014509640284673794,172.0,0.2674418604651163,0.5000000000000001,0.6511627906976747,0.8373086687347537
small_long,rotatable_xlink,r0019,4.55,pulse_04,-1.2691953488372094,2.00087887968479,0.006599031007751943,-0.006599031007751943,1.0,-0.3783783783783784,0.20651566451856013,0.0016276041666666667,0.01767772893916275,172.0,0.24418604651162795,0.5000000000000001,0.6395348837209306,0.8433543597940064
small_long,rotatable_xlink,r0019,4.6,pulse_04,-1.3051465116279068,1.958796244431264,0.002936434108527101,-0.002936434108527101,1.0,-0.3783783783783784,0.18064013424311456,0.0016710069444444444,0.001571925933607073,172.0,0.24418604651162795,0.5000000000000002,0.6395348837209306,0.837569314581793
small_long,rotatable_xlink,r0019,4.65,pulse_04,-1.286813953488372,1.9914473240831476,0.013698536251709989,0.013698536251709989,1.0,-0.38666666666666666,0.15314458542292167,0.0017144097222222222,0.01714690117007615,172.0,0.22093023255813954,0.5232558139534885,0.6395348837209306,0.8343480609230499
small_long,rotatable_xlink,r0019,4.7,pulse_04,-1.222955294117647,1.8559148374108072,0.013177619699042409,0.013177619699042409,1.0,-0.3972602739726027,0.15103630280452857,0.0016710069444444444,0.030997241263800508,170.0,0.21176470588235294,0.5058823529411763,0.6352941176470585,0.8218634037087772
small_long,rotatable_xlink,r0019,4.75,pulse_04,-1.2077482352941176,1.8054638765003446,0.005777058823529376,0.005777058823529376,1.0,-0.4084507042253521,0.1010119034686434,0.001736111111111111,0.007934155704075222,170.0,0.2235294117647059,0.49411764705882344,0.6352941176470586,0.8393265756741245
small_long,rotatable_xlink,r0019,4.8,pulse_04,-1.1882929411764707,1.9035197716352585,0.005565098039215677,0.005565098039215677,1.0,-0.37142857142857144,0.10149270782184014,0.0017144097222222222,0.0072951915565988195,170.0,0.2235294117647059,0.48235294117647054,0.6352941176470586,0.8190487021618778
small_long,rotatable_xlink,r0019,4.85,pulse_04,-1.1743576470588235,1.8492350258399375,0.004533725490196076,-0.004533725490196076,1.0,-0.373134328358209,0.16669755056217989,0.0016493055555555556,0.06236047921386434,170.0,0.2235294117647059,0.4823529411764705,0.6352941176470586,0.830184522230732
small_long,rotatable_xlink,r0019,4.9,pulse_04,-1.2154952941176471,1.5293568963520725,0.0535070588235295,-0.0535070588235295,1.0,-0.391304347826087,0.25217756498610516,0.0016276041666666667,0.19455170972314187,170.0,0.21176470588235294,0.4705882352941176,0.6352941176470586,0.8367938591496671
small_long,rotatable_xlink,r0019,4.95,pulse_04,-1.4954000000000005,0.6819247675010863,0.09801588235294112,-0.09801588235294112,1.0,-0.43661971830985913,0.24415506974634604,0.0015625,0.2328325901025727,170.0,0.21176470588235294,0.5647058823529411,0.6470588235294115,0.8144196582527874
small_long,rotatable_xlink,r0019,5.0,pulse_04,-1.8035905882352938,0.13236135573663627,0.1027301960784311,-0.1027301960784311,1.0,-0.4246575342465753,0.33745142187090393,0.0016276041666666667,0.18318780392148337,170.0,0.2,0.6117647058823528,0.6588235294117644,0.8155607435875215
small_long,rotatable_xlink,r0019,5.05,pulse_05,-1.8911000000000002,0.033365973636475775,0.047616287878787876,-0.047616287878787876,1.0,-0.3684210526315789,0.2660900374839008,0.0017795138888888889,0.005705931522146675,176.0,0.2045454545454545,0.5909090909090906,0.6704545454545451,0.8145738471212235
small_long,rotatable_xlink,r0019,5.1,pulse_05,-2.033948863636364,0.0504837682029158,0.025660416666666668,-0.025660416666666668,1.0,-0.39473684210526316,0.17823117199599883,0.0016710069444444444,0.004551211672966459,176.0,0.2045454545454545,0.5909090909090906,0.6818181818181814,0.8219433362458839
small_long,rotatable_xlink,r0019,5.15,pulse_05,-2.0450625000000002,0.006058703598677022,0.01079905303030304,-0.01079905303030304,1.0,-0.45454545454545453,0.2875046295432541,0.0017795138888888889,0.03169943220901351,176.0,0.2045454545454545,0.6136363636363635,0.6818181818181817,0.8116340937615096
small_long,rotatable_xlink,r0019,5.2,pulse_05,-2.098743181818182,-0.13971282505116522,0.006360606060605993,-0.006360606060605993,1.0,-0.4177215189873418,0.25749834484807416,0.0017144097222222222,0.027490686388418336,176.0,0.2159090909090909,0.6250000000000001,0.6704545454545454,0.7979270181111539
small_long,rotatable_xlink,r0019,5.25,pulse_05,-2.083226136363636,-0.15888541473183299,0.0049768939393940075,0.0049768939393940075,1.0,-0.4177215189873418,0.27595580996002167,0.0018012152777777779,0.002196528174932035,176.0,0.2159090909090909,0.6363636363636364,0.6818181818181818,0.8000143765902094
small_long,rotatable_xlink,r0019,5.3,pulse_05,-2.068881818181818,-0.15289199410075743,0.0003371212121211868,0.0003371212121211868,1.0,-0.45454545454545453,0.22467333655154187,0.0018229166666666667,0.005700488673409924,176.0,0.21590909090909088,0.6363636363636362,0.6818181818181817,0.8054008005946393
small_long,rotatable_xlink,r0019,5.35,pulse_05,-2.081203409090909,-0.12468248269137344,0.006940340909090977,-0.006940340909090977,1.0,-0.47368421052631576,0.2460527939568918,0.0018012152777777779,0.0063487422170048794,176.0,0.21590909090909088,0.636363636363636,0.6818181818181814,0.8219848360749452
small_long,rotatable_xlink,r0019,5.4,pulse_05,-2.110523863636364,-0.11479954079872816,0.006040530303030274,-0.006040530303030274,1.0,-0.45454545454545453,0.28330452395978917,0.0016710069444444444,0.0040080012194788255,176.0,0.2159090909090909,0.6363636363636364,0.6818181818181818,0.7987617631729235
small_long,rotatable_xlink,r0019,5.45,pulse_05,-2.1174465909090907,-0.10063447537450049,0.007299053030302982,-0.007299053030302982,1.0,-0.45454545454545453,0.25116087825224237,0.001736111111111111,0.005245429870763918,176.0,0.21590909090909088,0.6363636363636362,0.6818181818181815,0.7979558003814502
small_long,rotatable_xlink,r0019,5.5,pulse_05,-2.154318181818182,-0.08332696157414465,0.0015946969696969404,0.0015946969696969404,1.0,-0.47368421052631576,0.21047332293259133,0.0017144097222222222,0.00301990213201498,176.0,0.2159090909090909,0.6363636363636364,0.6818181818181817,0.8030169234796871
small_long,rotatable_xlink,r0019,5.55,pulse_05,-2.107878409090909,-0.0825150625824106,0.013466477272727317,0.013466477272727317,1.0,-0.45454545454545453,0.19815044159746242,0.0017144097222222222,0.004986948427966619,176.0,0.2159090909090909,0.6363636363636364,0.6818181818181818,0.8036093672933863
small_long,rotatable_xlink,r0019,5.6,pulse_05,-2.073519318181818,-0.053405271006344936,0.007047159090909065,0.007047159090909065,1.0,-0.45454545454545453,0.18278260436035645,0.0016493055555555556,0.012866760621495624,176.0,0.2159090909090909,0.6249999999999999,0.6818181818181815,0.8073838657148699
small_long,rotatable_xlink,r0019,5.65,pulse_05,-2.0655954545454547,-0.0053144988534368585,0.003963636363636391,0.003963636363636391,1.0,-0.47368421052631576,0.3285328447248383,0.001736111111111111,0.05765618554886449,176.0,0.2159090909090909,0.6249999999999999,0.6818181818181817,0.8171081529551389
small_long,rotatable_xlink,r0019,5.7,pulse_05,-2.0497374999999995,0.292531842286842,0.012421590909090932,0.012421590909090932,1.0,-0.4473684210526316,0.34280888517922636,0.0017795138888888889,0.049584268520574404,176.0,0.21590909090909088,0.6249999999999998,0.6818181818181814,0.814168696324472
small_long,rotatable_xlink,r0019,5.75,pulse_05,-1.991065909090909,0.29219111227000955,0.017153977272727234,0.017153977272727234,1.0,-0.4666666666666667,0.372010002035601,0.0017795138888888889,0.005972390664776857,176.0,0.2159090909090909,0.6136363636363635,0.6818181818181815,0.7999679445010242
small_long,rotatable_xlink,r0019,5.8,pulse_05,-1.9468136363636361,0.3283661862755031,0.004190151515151526,0.004190151515151526,1.0,-0.44,0.3643942173299503,0.0018663194444444445,0.001854422743656492,176.0,0.2159090909090909,0.6136363636363636,0.6704545454545455,0.7623410587761223
small_long,rotatable_xlink,r0019,5.85,pulse_05,-1.965925,0.2810645758080706,0.0015115530303031106,-0.0015115530303031106,1.0,-0.4025974025974026,0.3369503206529989,0.0016927083333333334,0.007841140536907062,176.0,0.2159090909090909,0.6136363636363636,0.6818181818181817,0.8071291436370815
small_long,rotatable_xlink,r0019,5.9,pulse_05,-1.9558829545454548,0.28131934305406076,0.0009937500000000525,-0.0009937500000000525,1.0,-0.42857142857142855,0.1772123593262586,0.0018229166666666667,0.0013063753288085993,176.0,0.21590909090909088,0.6136363636363634,0.6818181818181814,0.8255383269490607
small_long,rotatable_xlink,r0019,5.95,pulse_05,-1.9718875000000002,0.273226323835219,0.0025304924242423774,-0.0025304924242423774,1.0,-0.45454545454545453,0.32898658628375105,0.0017795138888888889,0.001778680273060551,176.0,0.21590909090909097,0.6136363636363636,0.6704545454545453,0.8054132214243571
small_long,rotatable_xlink,r0019,6.0,pulse_05,-1.971065909090909,0.29199142469242406,0.0002738636363637248,0.0002738636363637248,1.0,-0.42105263157894735,0.3073081629388863,0.0018229166666666667,0.006255033619068355,176.0,0.2159090909090909,0.6136363636363635,0.6704545454545453,0.810682634511197
small_long,rotatable_xlink,r0019,6.05,pulse_06,-1.6695741935483865,0.3357805976019358,0.004687096774193729,-0.004687096774193729,1.0,-0.35,0.2887395015971721,0.0018229166666666667,0.009023105588482128,186.0,0.2197802197802198,0.5714285714285714,0.6263736263736261,0.840576987351408
small_long,rotatable_xlink,r0019,6.1,pulse_06,-1.6836354838709677,0.3087112808364894,0.0033913978494622596,0.0033913978494622596,1.0,-0.3670886075949367,0.30848117909108164,0.0019097222222222222,0.008939269523810115,186.0,0.2043010752688172,0.5806451612903225,0.6344086021505375,0.8556718498550796
small_long,rotatable_xlink,r0019,6.15,pulse_06,-1.649225806451613,0.2821449804590751,0.011536021505376323,0.011536021505376323,1.0,-0.3333333333333333,0.2939235732365291,0.001974826388888889,0.001566688771391822,186.0,0.2150537634408602,0.5806451612903224,0.6236559139784944,0.8199598946169098
small_long,rotatable_xlink,r0019,6.2,pulse_06,-1.6144193548387098,0.31811141346484034,0.0072455197132617055,0.0072455197132617055,1.0,-0.30120481927710846,0.32884649460595106,0.0018229166666666667,0.004373466549717431,186.0,0.2150537634408602,0.5806451612903225,0.6344086021505375,0.8344717137613901
small_long,rotatable_xlink,r0019,6.25,pulse_06,-1.6057526881720428,0.3083857797573797,0.000464874551971306,0.000464874551971306,1.0,-0.30952380952380953,0.2552863456106106,0.0018012152777777779,0.005117922260077734,186.0,0.21505376344086016,0.5806451612903224,0.6344086021505374,0.8062543618954596
small_long,rotatable_xlink,r0019,6.3,pulse_06,-1.611630107526882,0.34881894702530675,0.0035355929562100132,0.0035355929562100132,1.0,-0.3253012048192771,0.2926991519506551,0.0018012152777777779,0.009921385004628108,186.0,0.2150537634408602,0.5806451612903224,0.6344086021505374,0.8331830918776408
small_long,rotatable_xlink,r0019,6.35,pulse_06,-1.5845391304347827,0.36791408978514833,0.0033210690353747685,-0.0033210690353747685,1.0,-0.3170731707317073,0.2621255848336486,0.001736111111111111,0.0018019701143997535,184.0,0.20652173913043478,0.5760869565217391,0.6304347826086957,0.8176584013976504
small_long,rotatable_xlink,r0019,6.4,pulse_06,-1.6315565217391306,0.35963076771170527,0.014057971014492798,0.014057971014492798,1.0,-0.3670886075949367,0.17742880237465783,0.0018012152777777779,0.044473589346705304,184.0,0.22826086956521738,0.5760869565217391,0.6304347826086957,0.8412297496834645
small_long,rotatable_xlink,r0019,6.45,pulse_06,-1.5001913043478259,0.10107255370491654,0.0353722826086957,0.0353722826086957,1.0,-0.38461538461538464,0.17602407246081933,0.0017795138888888889,0.055372890886154984,184.0,0.2391304347826087,0.5760869565217391,0.6304347826086957,0.8355783428237282
small_long,rotatable_xlink,r0019,6.5,pulse_06,-1.4193228260869564,0.027393422394775397,0.0014364130434782647,0.0014364130434782647,1.0,-0.375,0.16110353754028248,0.0018012152777777779,0.01832672558397556,184.0,0.23913043478260873,0.5760869565217392,0.6304347826086958,0.7925611451512686
small_long,rotatable_xlink,r0019,6.55,pulse_06,-1.4915728260869563,-0.008887799798936816,0.009436775362318869,-0.009436775362318869,1.0,-0.3670886075949367,0.23615758479564578,0.0018663194444444445,0.000996813573446214,184.0,0.25000000000000006,0.5760869565217392,0.6304347826086958,0.7967429381467793
small_long,rotatable_xlink,r0019,6.6,pulse_06,-1.4759434782608696,0.03337430383545268,0.01789221014492755,0.01789221014492755,1.0,-0.38461538461538464,0.24747584638345232,0.0018229166666666667,0.007615646871297375,184.0,0.2391304347826087,0.5760869565217391,0.6304347826086957,0.8253066958477456
small_long,rotatable_xlink,r0019,6.65,pulse_06,-1.384219565217391,0.036806081428847434,0.01801032608695648,0.01801032608695648,1.0,-0.358974358974359,0.21685036812470132,0.0018880208333333333,0.0009965330965300782,184.0,0.23913043478260873,0.5760869565217392,0.6413043478260871,0.8298318949130605
small_long,rotatable_xlink,r0019,6.7,pulse_06,-1.3678815217391307,0.02739510525627221,0.0019492753623188142,0.0019492753623188142,1.0,-0.358974358974359,0.2555243706727313,0.0018446180555555555,9.033910281989212e-05,184.0,0.2391304347826087,0.5760869565217391,0.6195652173913043,0.8472642581016723
small_long,rotatable_xlink,r0019,6.75,pulse_06,-1.372523913043478,0.03626404681192808,0.007557971014492774,0.007557971014492774,1.0,-0.39473684210526316,0.26821303882480496,0.0018229166666666667,0.004769651935809504,184.0,0.2391304347826087,0.5760869565217391,0.6304347826086957,0.8454393573739993
small_long,rotatable_xlink,r0019,6.8,pulse_06,-1.322533695652174,0.05601301687112924,0.008408514492753557,0.008408514492753557,1.0,-0.39473684210526316,0.20879141104488133,0.0018229166666666667,0.004213621245454629,184.0,0.23913043478260873,0.5760869565217392,0.6304347826086958,0.8514738657922072
small_long,rotatable_xlink,r0019,6.85,pulse_06,-1.3220728260869568,0.06154577428465585,0.01464993828635138,0.01464993828635138,1.0,-0.37662337662337664,0.24622110862143964,0.0019314236111111112,0.0013577495120905673,184.0,0.23913043478260873,0.5760869565217392,0.6195652173913044,0.8513741069272441
small_long,rotatable_xlink,r0019,6.9,pulse_06,-1.2346340659340658,0.06415951394367264,0.023596104077082385,-0.023596104077082385,1.0,-0.38666666666666666,0.24360402711409926,0.0018880208333333333,0.02595570024649775,182.0,0.24175824175824173,0.5714285714285713,0.6153846153846151,0.8290538814296807
small_long,rotatable_xlink,r0019,6.95,pulse_06,-1.463649450549451,0.21727997576364236,0.02362087912087914,-0.02362087912087914,1.0,-0.38666666666666666,0.3523313350141575,0.0018663194444444445,0.03564265066690586,182.0,0.24175824175824184,0.5714285714285713,0.6153846153846151,0.8433919923609546
small_long,rotatable_xlink,r0019,7.0,pulse_06,-1.3763593406593406,0.2780154179451078,0.02909670329670348,0.02909670329670348,1.0,-0.38666666666666666,0.32330585520103344,0.0018012152777777779,0.020245147393821817,182.0,0.24175824175824184,0.5714285714285713,0.626373626373626,0.8192302605593506
small_long,rotatable_xlink,r0019,7.05,pulse_07,-0.9988287234042551,0.2486578788432661,0.06687943262411351,-0.06687943262411351,1.0,-0.3333333333333333,0.25222301399126484,0.001974826388888889,0.07265766206503353,188.0,0.2659574468085107,0.5319148936170213,0.6063829787234043,0.8202795067712406
small_long,rotatable_xlink,r0019,7.1,pulse_07,-1.1994670212765957,0.030684892648165474,0.06119308510638297,-0.06119308510638297,1.0,-0.34177215189873417,0.28373780522919706,0.0019097222222222222,0.033099887471498425,188.0,0.26595744680851063,0.5531914893617021,0.6063829787234044,0.8261632937242186
small_long,rotatable_xlink,r0019,7.15,pulse_07,-1.365987234042553,0.050058554014275544,0.014671099290780143,0.014671099290780143,1.0,-0.35,0.27840078112907973,0.0017795138888888889,0.006911859639333945,188.0,0.2659574468085107,0.5638297872340426,0.6063829787234044,0.8240950113221367
small_long,rotatable_xlink,r0019,7.2,pulse_07,-1.1114404255319148,-0.010786265187838196,0.039189716312056665,0.039189716312056665,1.0,-0.358974358974359,0.21695177286811443,0.0018880208333333333,0.004014076261063061,188.0,0.26595744680851063,0.5638297872340425,0.6063829787234043,0.8026315763479329
small_long,rotatable_xlink,r0019,7.25,pulse_07,-1.130848936170213,0.07414301158065391,0.0037781914893616855,-0.0037781914893616855,1.0,-0.30864197530864196,0.28198974399826243,0.0018663194444444445,0.01544091495165608,188.0,0.26595744680851063,0.5638297872340425,0.6063829787234043,0.8118328007385743
small_long,rotatable_xlink,r0019,7.3,pulse_07,-1.134109574468085,-0.10343175489777467,0.010880319148936132,-0.010880319148936132,1.0,-0.35,0.16658925833360974,0.0018880208333333333,0.027611181141884978,188.0,0.26595744680851063,0.5425531914893615,0.6170212765957446,0.8379755229683699
small_long,rotatable_xlink,r0019,7.35,pulse_07,-1.1961308510638298,-0.09152407527065595,0.011755851063829814,-0.011755851063829814,1.0,-0.325,0.26223650302170476,0.0018229166666666667,0.010586022898619053,188.0,0.2659574468085107,0.5425531914893618,0.6170212765957449,0.8383820359689694
small_long,rotatable_xlink,r0019,7.4,pulse_07,-1.2046446808510638,-0.03991561750606036,0.02137819148936171,-0.02137819148936171,1.0,-0.325,0.21410239144654478,0.0019097222222222222,0.0007454112483206548,188.0,0.2553191489361702,0.553191489361702,0.6170212765957448,0.8441201008122047
small_long,rotatable_xlink,r0019,7.45,pulse_07,-1.3244,-0.08705160778073202,0.027823226950354663,-0.027823226950354663,1.0,-0.34177215189873417,0.24020333904299127,0.0019965277777777776,0.014716226962090807,188.0,0.25531914893617025,0.5425531914893618,0.6170212765957448,0.8178093288035687
small_long,rotatable_xlink,r0019,7.5,pulse_07,-1.3715840425531918,-0.1282129792786052,0.008814361702127719,-0.008814361702127719,1.0,-0.34177215189873417,0.2217233876523281,0.0018663194444444445,0.004576116607142533,188.0,0.25531914893617025,0.5319148936170214,0.6170212765957449,0.8403092136963184
small_long,rotatable_xlink,r0019,7.55,pulse_07,-1.3772861702127663,-0.11450830742358722,0.002874290780141897,0.002874290780141897,1.0,-0.34177215189873417,0.21673046523764639,0.0018880208333333333,0.009789531028071627,188.0,0.2553191489361702,0.5425531914893614,0.6170212765957445,0.8294436626566785
small_long,rotatable_xlink,r0019,7.6,pulse_07,-1.3543382978723404,-0.06947579311017543,0.0032251773049644106,-0.0032251773049644106,1.0,-0.34177215189873417,0.3437620565010601,0.001974826388888889,0.009714113515108373,188.0,0.25531914893617025,0.5319148936170213,0.6170212765957448,0.8154802555106299
small_long,rotatable_xlink,r0019,7.65,pulse_07,-1.3966372340425528,-0.05622362633293699,0.0038820921985815624,-0.0038820921985815624,1.0,-0.358974358974359,0.2870607196493093,0.0018229166666666667,0.0008596942877456317,188.0,0.2553191489361702,0.5425531914893614,0.6170212765957445,0.8014047489814489
small_long,rotatable_xlink,r0019,7.7,pulse_07,-1.3776308510638298,-0.07463395883664922,0.007900354609928995,0.007900354609928995,1.0,-0.358974358974359,0.3089542018186166,0.0019314236111111112,0.0006276570039061152,188.0,0.25531914893617025,0.5425531914893617,0.6170212765957446,0.8189017291178227
small_long,rotatable_xlink,r0019,7.75,pulse_07,-1.3492351063829788,-0.0524576843095003,0.002854609929078008,0.002854609929078008,1.0,-0.358974358974359,0.3426546407415867,0.0018880208333333333,0.004935776983228484,188.0,0.25531914893617025,0.5425531914893618,0.6170212765957448,0.8209633338974016
small_long,rotatable_xlink,r0019,7.8,pulse_07,-1.3605031914893617,-0.04501929693727832,0.0019037234042553752,0.0019037234042553752,1.0,-0.358974358974359,0.26119349870561565,0.0018880208333333333,0.0001278954966153096,188.0,0.25531914893617025,0.5425531914893618,0.6170212765957447,0.8286062487988882
small_long,rotatable_xlink,r0019,7.85,pulse_07,-1.3378127659574466,-0.05169031132980844,0.0021265957446808446,-0.0021265957446808446,1.0,-0.358974358974359,0.2545572140544164,0.001974826388888889,0.0029157973135596105,188.0,0.25531914893617025,0.5212765957446809,0.6170212765957449,0.8331281859339378
small_long,rotatable_xlink,r0019,7.9,pulse_07,-1.3732627659574468,-0.027524513055920654,0.0006196808510637863,0.0006196808510637863,1.0,-0.34177215189873417,0.30218132440233864,0.0018012152777777779,0.0053105782891135446,188.0,0.25531914893617025,0.5425531914893618,0.6170212765957449,0.8270151706292199
small_long,rotatable_xlink,r0019,7.95,pulse_07,-1.3340946808510639,-0.019826841595127175,0.008534397163120619,0.008534397163120619,1.0,-0.34177215189873417,0.3033476940893658,0.0019097222222222222,0.007038816315816737,188.0,0.25531914893617025,0.5212765957446809,0.6063829787234044,0.8306580079662659
small_long,rotatable_xlink,r0019,8.0,pulse_07,-1.322056382978723,0.014708384838979766,0.004012765957446929,0.004012765957446929,1.0,-0.358974358974359,0.2244543917012272,0.0019314236111111112,0.011511742144702313,188.0,0.25531914893617025,0.5212765957446808,0.6063829787234043,0.8289423483565688
small_long,rotatable_xlink,r0020,0.0,initial,2.3944384615384617,0.690329888579666,0.09991680911680915,0.09991680911680915,1.0,0.7777777777777778,0.0,0.00026041666666666666,0.048340100215446734,26.0,0.3846153846153846,0.0,0.07692307692307691,0.5366633975467943
small_long,rotatable_xlink,r0020,0.05,initial,2.694188888888889,0.5453095879333258,0.12867275641025633,0.12867275641025633,1.0,0.5555555555555556,0.23967665727716322,0.0003255208333333333,0.023833283220650776,36.0,0.38888888888888884,0.0,0.11111111111111112,0.6002367342034679
small_long,rotatable_xlink,r0020,0.1,initial,3.1664749999999997,0.5473301892557614,0.1699167328042328,0.1699167328042328,1.0,0.5384615384615384,0.44090417861769104,0.00043402777777777775,0.028242567876958113,48.0,0.5,0.0,0.04166666666666667,0.6461576973684225
small_long,rotatable_xlink,r0020,0.15000000000000002,initial,3.713689285714286,0.37585418067157716,0.11952689393939393,0.11952689393939393,1.0,0.6470588235294118,0.0792087039479263,0.0005642361111111111,0.006273048986296252,56.0,0.607142857142857,0.0,0.03571428571428571,0.6883696176600221
small_long,rotatable_xlink,r0020,0.2,initial,3.8836363636363633,0.5096918953379839,0.04374530423280413,0.04374530423280413,1.0,0.7,0.10685313524478725,0.0006293402777777778,0.027092163411522596,66.0,0.6363636363636365,0.0,0.030303030303030304,0.7271952871435658
small_long,rotatable_xlink,r0020,0.25,initial,3.976161111111111,0.5384071611407127,0.07835169133192399,0.07835169133192399,1.0,0.7391304347826086,0.12278360091152808,0.0006510416666666666,0.04206606992854453,72.0,0.6944444444444443,0.0,0.05555555555555556,0.7023729115994959
small_long,rotatable_xlink,r0020,0.30000000000000004,initial,4.353746511627907,0.2572954757667167,0.081608655394525,0.081608655394525,1.0,0.7692307692307693,0.16841893728325993,0.0008463541666666667,0.08040348725045245,86.0,0.7380952380952382,0.0,0.04761904761904762,0.7163752907991313
small_long,rotatable_xlink,r0020,0.35000000000000003,initial,4.465813043478261,0.055986237637998086,0.03200924806201547,0.03200924806201547,1.0,0.7931034482758621,0.07213959016075612,0.0008463541666666667,0.06678997355751193,92.0,0.7391304347826088,0.0,0.04347826086956522,0.7051518931652709
small_long,rotatable_xlink,r0020,0.4,initial,4.545802,-0.1434443655783549,0.0536171713250518,0.0536171713250518,1.0,0.8181818181818182,0.06779411234829401,0.0009114583333333333,0.039074382356248376,100.0,0.7600000000000001,0.0,0.04,0.7131935656430126
small_long,rotatable_xlink,r0020,0.45,initial,4.787516071428572,-0.17846005649949218,0.05498102259886976,0.05498102259886976,1.0,0.8378378378378378,0.0887954342315812,0.0009982638888888888,0.022319925961771184,112.0,0.8035714285714285,0.0,0.03571428571428571,0.7244704910782982
small_long,rotatable_xlink,r0020,0.5,initial,4.875688135593219,-0.277363921348982,0.042130923579108824,0.042130923579108824,1.0,0.8604651162790697,0.060825297613132746,0.0011067708333333333,0.03940260936991583,118.0,0.7966101694915254,0.0,0.03389830508474576,0.7260477471515011
small_long,rotatable_xlink,r0020,0.55,initial,5.0403016129032245,-0.41487571271898716,0.01533262256242048,0.01533262256242048,1.0,0.8297872340425532,0.06500834236693598,0.0012152777777777778,0.017534398591762135,124.0,0.8225806451612903,0.0,0.03225806451612903,0.7259192604266697
small_long,rotatable_xlink,r0020,0.6000000000000001,initial,4.9676838709677416,-0.38257031289955484,0.0024082175351526716,-0.0024082175351526716,1.0,0.8181818181818182,0.05139928563679401,0.0010850694444444445,0.016704391518464905,124.0,0.7833333333333332,0.0,0.03333333333333333,0.731258642230718
small_long,rotatable_xlink,r0020,0.65,initial,5.0258523076923085,-0.5151020618297766,0.014875667970022969,0.014875667970022969,1.0,0.7916666666666666,0.047163984184520134,0.0012369791666666666,0.007076639968759985,130.0,0.8,0.0,0.03076923076923077,0.7234236476779309
small_long,rotatable_xlink,r0020,0.7000000000000001,initial,5.056937878787879,-0.42503015271211475,0.02236240881184533,0.02236240881184533,1.0,0.76,0.04274338535740457,0.0013020833333333333,0.010996980141894578,132.0,0.8030303030303031,0.0,0.030303030303030304,0.7414815404904629
small_long,rotatable_xlink,r0020,0.75,initial,5.1600267605633805,-0.581083942681144,0.02354190909090918,0.02354190909090918,1.0,0.7454545454545455,0.1111569727327053,0.001345486111111111,0.04179197908505831,142.0,0.8309859154929577,0.0,0.028169014084507043,0.695830423066211
small_long,rotatable_xlink,r0020,0.8,initial,5.198189333333334,-0.6757820272224646,0.00440312676056361,-0.00440312676056361,1.0,0.7627118644067796,0.044931300826192885,0.0014105902777777778,0.017583423886454026,150.0,0.821917808219178,0.0,0.0410958904109589,0.73369070614098
small_long,rotatable_xlink,r0020,0.8500000000000001,initial,5.133607999999999,-0.6865844859998682,0.016000415204678504,-0.016000415204678504,1.0,0.7627118644067796,0.04774109726961376,0.0014322916666666666,0.008863254044929677,150.0,0.8133333333333335,0.0,0.04,0.713692069334241
small_long,rotatable_xlink,r0020,0.9,initial,5.102186842105263,-0.7289615514920427,0.008437264069263891,-0.008437264069263891,1.0,0.7586206896551724,0.017501920638621368,0.0016276041666666667,0.008948702391835262,152.0,0.7894736842105263,0.0,0.039473684210526314,0.7156438513349985
small_long,rotatable_xlink,r0020,0.9500000000000001,initial,5.0829844155844155,-0.7402767003508798,0.002957401315789513,0.002957401315789513,1.0,0.7333333333333333,0.043712611819846266,0.0014756944444444444,0.0071188223320859945,154.0,0.7792207792207793,0.0,0.03896103896103896,0.718656079043931
small_long,rotatable_xlink,r0020,1.0,initial,5.1199312500000005,-0.7716744854845586,0.012315611471861665,0.012315611471861665,1.0,0.746031746031746,0.00735927741978184,0.0014973958333333334,0.010465928377892952,160.0,0.7875,0.0,0.0375,0.7162419091980192
small_long,rotatable_xlink,r0020,1.05,pulse_01,5.098494047619048,-0.66048121550557,0.0043525256769374465,-0.0043525256769374465,1.0,0.7575757575757576,0.05286573159647852,0.0016710069444444444,0.014713443538217833,168.0,0.7976190476190477,0.0,0.03571428571428571,0.7281310458624579
small_long,rotatable_xlink,r0020,1.1,pulse_01,5.085436470588236,-0.7046215461202235,0.007502302924915198,0.007502302924915198,1.0,0.7611940298507462,0.08678656751193607,0.0016710069444444444,0.012777696100154815,170.0,0.7882352941176471,0.0,0.03529411764705882,0.7206294669135748
small_long,rotatable_xlink,r0020,1.15,pulse_01,5.143507865168539,-0.7371473921064989,0.009723366013071852,0.009723366013071852,1.0,0.7746478873239436,0.06557291315973238,0.0018229166666666667,0.005721556273074857,178.0,0.8089887640449438,0.0,0.033707865168539325,0.7257086902428037
small_long,rotatable_xlink,r0020,1.2,pulse_01,5.143776666666667,-0.7389508837586727,0.009479008287512988,0.009479008287512988,1.0,0.7777777777777778,0.04716725008197714,0.0017795138888888889,0.0027363232222937053,180.0,0.8111111111111112,0.0,0.03333333333333333,0.7226911193354354
small_long,rotatable_xlink,r0020,1.25,pulse_01,5.200381914893617,-0.7535653314402612,0.008211432748537936,0.008211432748537936,1.0,0.7894736842105263,0.048836291596813845,0.0017795138888888889,0.0026970206188198418,188.0,0.815217391304348,0.0,0.03260869565217391,0.7226058566033731
small_long,rotatable_xlink,r0020,1.3,pulse_01,5.193045263157894,-0.7551330074715917,0.008019617394550297,-0.008019617394550297,1.0,0.7948717948717948,0.039229664971056066,0.0016276041666666667,0.0009475145638697854,190.0,0.7999999999999999,0.0,0.031578947368421054,0.7190334941428035
small_long,rotatable_xlink,r0020,1.35,pulse_01,5.152264210526315,-0.7478802440570425,0.015517439692982471,-0.015517439692982471,1.0,0.7948717948717948,0.0811113156643041,0.0018880208333333333,0.006014101520612454,190.0,0.8,0.0,0.031578947368421054,0.7333633725410684
small_long,rotatable_xlink,r0020,1.4,pulse_01,5.0999406249999995,-0.7912176165952665,0.0016608701045542535,-0.0016608701045542535,1.0,0.7922077922077922,0.06461403675490915,0.0018663194444444445,0.012424783573151613,192.0,0.7894736842105263,0.0,0.031578947368421054,0.7295727795824435
small_long,rotatable_xlink,r0020,1.45,pulse_01,5.14229898989899,-0.8224289454959521,0.00012807765151527187,0.00012807765151527187,1.0,0.8227848101265823,0.09336251169101249,0.0019314236111111112,0.005661589092299524,198.0,0.7959183673469389,0.0,0.05102040816326531,0.7268645347993204
small_long,rotatable_xlink,r0020,1.5,pulse_01,5.100709090909091,-0.8251871511490636,0.006673759042570726,-0.006673759042570726,1.0,0.7777777777777778,0.11499307535020623,0.0018229166666666667,0.007107814081624864,198.0,0.7857142857142857,0.0,0.06122448979591836,0.7003472714058331
small_long,rotatable_xlink,r0020,1.55,pulse_01,5.102256435643565,-0.8650758299857013,0.01349111911191129,-0.01349111911191129,1.0,0.7831325301204819,0.12368327291088126,0.0019097222222222222,0.0018192607264423215,202.0,0.7821782178217822,0.0,0.0693069306930693,0.7041270381117891
small_long,rotatable_xlink,r0020,1.6,pulse_01,5.019762376237623,-0.8361027155077175,0.017614961496149828,-0.017614961496149828,1.0,0.7804878048780488,0.08380305491235451,0.001974826388888889,0.0076608841055927175,202.0,0.7623762376237624,0.0,0.06930693069306931,0.7181956701199184
small_long,rotatable_xlink,r0020,1.65,pulse_01,4.996566666666666,-0.819110525352145,0.01309977512457102,-0.01309977512457102,1.0,0.7831325301204819,0.12990491757080347,0.0020399305555555557,0.011127739529114741,204.0,0.764705882352941,0.009803921568627449,0.058823529411764684,0.7184739459700429
small_long,rotatable_xlink,r0020,1.7000000000000002,pulse_01,4.941163725490197,-0.7693362783330291,0.0965292483660128,-0.0965292483660128,1.0,0.7831325301204819,0.05176135105606736,0.0019097222222222222,0.008870719071812657,204.0,0.7647058823529413,0.009803921568627453,0.058823529411764705,0.7370278056001621
small_long,rotatable_xlink,r0020,1.75,pulse_01,4.4173911764705895,-0.872334839783021,0.12919199346405255,-0.12919199346405255,1.0,0.7142857142857143,0.03313959274183156,0.002018229166666667,0.12048470645845488,204.0,0.7254901960784315,0.009803921568627453,0.09803921568627452,0.7835936304365179
small_long,rotatable_xlink,r0020,1.8,pulse_01,4.166011764705882,-1.4922445170837584,0.052034937178755104,-0.052034937178755104,1.0,0.6857142857142857,0.05879411388236408,0.0019314236111111112,0.14291219321658058,204.0,0.6764705882352942,0.009803921568627453,0.09803921568627451,0.8012272578682716
small_long,rotatable_xlink,r0020,1.85,pulse_01,4.105181553398059,-1.7298079990825044,0.009791928421853946,-0.009791928421853946,1.0,0.6666666666666666,0.05748877840804665,0.0019314236111111112,0.03442278593185196,206.0,0.6601941747572815,0.009708737864077669,0.11650485436893203,0.7961851568017754
small_long,rotatable_xlink,r0020,1.9,pulse_01,4.107260194174758,-1.6987812326748701,0.002060355987054822,0.002060355987054822,1.0,0.6619718309859155,0.046418648293794405,0.0020399305555555557,0.001491972225511599,206.0,0.6666666666666665,0.00980392156862745,0.10784313725490195,0.7829655530724001
small_long,rotatable_xlink,r0020,1.9500000000000002,pulse_01,4.117543689320388,-1.7208561657294348,0.005875566343042167,-0.005875566343042167,1.0,0.6666666666666666,0.05961700115177627,0.0020833333333333333,0.006442526157824331,206.0,0.6699029126213593,0.00970873786407767,0.11650485436893206,0.7665731268102461
small_long,rotatable_xlink,r0020,2.0,pulse_01,4.072006796116505,-1.7374363896218161,0.015178964401294218,-0.015178964401294218,1.0,0.6712328767123288,0.0983899926193797,0.0020833333333333333,0.005526741297460447,206.0,0.6504854368932037,0.009708737864077669,0.11650485436893203,0.7669856695629553
small_long,rotatable_xlink,r0020,2.05,pulse_02,4.048672641509434,-1.7959229211999224,0.01384842767295602,-0.01384842767295602,1.0,0.6842105263157895,0.10017007978642663,0.002105034722222222,0.05519250103048109,212.0,0.6571428571428571,0.009523809523809523,0.11428571428571428,0.7702819024388332
small_long,rotatable_xlink,r0020,2.1,pulse_02,4.007127358490566,-1.9615004242913656,0.012689937106918237,-0.012689937106918237,1.0,0.6842105263157895,0.08792886377615712,0.002105034722222222,0.07130007984659781,212.0,0.6415094339622642,0.009433962264150945,0.11320754716981132,0.7991664688844536
small_long,rotatable_xlink,r0020,2.15,pulse_02,3.9725330188679244,-2.223723400279509,0.009749371069182352,-0.009749371069182352,1.0,0.6842105263157895,0.09623450214177934,0.0020833333333333333,0.09848060771951166,212.0,0.6415094339622642,0.01886792452830189,0.12264150943396226,0.8069871645408192
small_long,rotatable_xlink,r0020,2.2,pulse_02,3.9486311320754717,-2.5523840706084355,0.00867814465408808,-0.00867814465408808,1.0,0.6578947368421053,0.1034407418707166,0.0020616319444444445,0.10614818710880976,212.0,0.6226415094339623,0.01886792452830189,0.14150943396226415,0.7813634458119926
small_long,rotatable_xlink,r0020,2.25,pulse_02,3.920464150943396,-2.860612522932368,0.01970345911949689,-0.01970345911949689,1.0,0.6153846153846154,0.046637951119934136,0.002105034722222222,0.41533645606145564,212.0,0.6320754716981132,0.01886792452830189,0.14150943396226415,0.7879448213792901
small_long,rotatable_xlink,r0020,2.3,pulse_02,3.8304103773584903,1.238782500202417,0.0195606918238993,-0.0195606918238993,1.0,0.5844155844155844,0.08881476406624436,0.0020616319444444445,0.43636760561464877,212.0,0.6226415094339623,0.01886792452830189,0.14150943396226415,0.8009597759700399
small_long,rotatable_xlink,r0020,2.35,pulse_02,3.8031,0.8043671505593263,0.004388679245282967,-0.004388679245282967,1.0,0.5949367088607594,0.0968860766482566,0.0019965277777777776,0.092710641794523,212.0,0.6320754716981133,0.01886792452830189,0.14150943396226415,0.8044361367010313
small_long,rotatable_xlink,r0020,2.4,pulse_02,3.8040783018867925,0.6825186494352784,0.004183333333333428,-0.004183333333333428,1.0,0.5733333333333334,0.06461037783902007,0.0020833333333333333,0.0025688226575277064,212.0,0.6320754716981133,0.01886792452830189,0.1320754716981132,0.788277324618718
small_long,rotatable_xlink,r0020,2.45,pulse_02,3.7779999999999996,0.819780086504492,0.011348270440251588,-0.011348270440251588,1.0,0.5733333333333334,0.10597751897403572,0.0020399305555555557,0.0020013949187487334,212.0,0.6226415094339623,0.01886792452830189,0.1320754716981132,0.7867903433134904
small_long,rotatable_xlink,r0020,2.5,pulse_02,3.735988679245283,0.6705102799227863,0.028266823899371,-0.028266823899371,1.0,0.5675675675675675,0.09255883164093413,0.002126736111111111,0.10350576219823789,212.0,0.6226415094339621,0.01886792452830189,0.15094339622641512,0.8103730079243991
small_long,rotatable_xlink,r0020,2.55,pulse_02,3.6083990566037736,0.19874551331506476,0.05938798859695541,-0.05938798859695541,1.0,0.5405405405405406,0.09180414213295794,0.0020399305555555557,0.13513225395664494,212.0,0.5849056603773586,0.01886792452830189,0.16037735849056603,0.8326589190406676
small_long,rotatable_xlink,r0020,2.6,pulse_02,3.3796607476635505,-0.14028324381708315,0.0697401854464234,-0.0697401854464234,1.0,0.4794520547945205,0.09469012832815824,0.0020399305555555557,0.046642080556502354,214.0,0.5794392523364486,0.028037383177570093,0.17757009345794392,0.8362411169620217
small_long,rotatable_xlink,r0020,2.65,pulse_02,3.1899579439252332,-0.08110697002394908,0.04393239875389391,-0.04393239875389391,1.0,0.5405405405405406,0.06746352398847769,0.0020616319444444445,0.02507676344720992,214.0,0.5700934579439252,0.04672897196261683,0.22429906542056077,0.8382294166329823
small_long,rotatable_xlink,r0020,2.7,pulse_02,3.116066355140187,0.010177336866176619,0.007775233644859769,-0.007775233644859769,1.0,0.5342465753424658,0.0201169336648456,0.002126736111111111,0.03233779055161964,214.0,0.5514018691588786,0.07476635514018692,0.22429906542056077,0.8521060863147151
small_long,rotatable_xlink,r0020,2.75,pulse_02,3.1433065420560746,0.11291977328576841,0.003125389408099514,0.003125389408099514,1.0,0.5135135135135135,0.04079073524021649,0.0021484375,0.025917727127827472,214.0,0.5514018691588785,0.06542056074766354,0.2336448598130841,0.8496988045344952
small_long,rotatable_xlink,r0020,2.8,pulse_02,3.134818691588784,0.16568369963314108,0.01320809968847351,-0.01320809968847351,1.0,0.5405405405405406,0.11626145888202133,0.001953125,0.03321525405516749,214.0,0.5700934579439253,0.06542056074766356,0.21495327102803738,0.8330408673388224
small_long,rotatable_xlink,r0020,2.85,pulse_02,3.0640579439252336,0.3122112976167732,0.03690186915887835,-0.03690186915887835,1.0,0.5616438356164384,0.14565004980525778,0.002126736111111111,0.04957783159479027,214.0,0.5514018691588783,0.07476635514018691,0.21495327102803735,0.8529506974345097
small_long,rotatable_xlink,r0020,2.9,pulse_02,2.913407476635514,0.4631506892018826,0.034396884735202526,-0.034396884735202526,1.0,0.7027027027027027,0.19049373991838392,0.0020399305555555557,0.025756561521800503,214.0,0.5420560747663552,0.09345794392523366,0.22429906542056077,0.8478818087793952
small_long,rotatable_xlink,r0020,2.95,pulse_02,2.8576766355140184,0.46675066674757665,0.021095794392523553,-0.021095794392523553,1.0,0.6986301369863014,0.20149219328235715,0.0020399305555555557,0.006437999408404653,214.0,0.5283018867924529,0.08490566037735849,0.23584905660377356,0.8505899372582475
small_long,rotatable_xlink,r0020,3.0,pulse_02,2.7868327102803727,0.5017786856523111,0.023614641744548564,-0.023614641744548564,1.0,0.6756756756756757,0.21055690631936558,0.001953125,0.011676006301578093,214.0,0.5377358490566039,0.09433962264150944,0.2358490566037736,0.8468114312695874
small_long,rotatable_xlink,r0020,3.05,pulse_03,2.9013734513274336,0.6277452428008581,0.010019469026548489,0.010019469026548489,1.0,0.725,0.13599609566769602,0.0022135416666666666,0.019652734075915057,226.0,0.5575221238938053,0.09734513274336284,0.23893805309734512,0.8584852610920274
small_long,rotatable_xlink,r0020,3.1,pulse_03,2.931431858407079,0.6867034450286033,0.001546165191740408,0.001546165191740408,1.0,0.6962025316455697,0.12921112349328312,0.0022786458333333335,0.02292668681785348,226.0,0.5575221238938053,0.09734513274336284,0.23008849557522124,0.8442525400646691
small_long,rotatable_xlink,r0020,3.15,pulse_03,2.910650442477876,0.765305363707979,0.00681721449641796,-0.00681721449641796,1.0,0.7,0.18581377698844365,0.0022786458333333335,0.01611442902841992,226.0,0.5575221238938053,0.09734513274336283,0.23893805309734512,0.8527100304122184
small_long,rotatable_xlink,r0020,3.2,pulse_03,2.8905285714285713,0.7833900191991228,0.003875371365360314,-0.003875371365360314,1.0,0.7215189873417721,0.15352520896978247,0.002105034722222222,0.009022976332916766,224.0,0.5624999999999998,0.08928571428571429,0.24107142857142852,0.8660208346162311
small_long,rotatable_xlink,r0020,3.25,pulse_03,2.887398214285714,0.8194432217054796,0.009120684523809505,-0.009120684523809505,1.0,0.7142857142857143,0.23238259406310113,0.002191840277777778,0.012860423799754014,224.0,0.5585585585585584,0.09009009009009009,0.2342342342342342,0.8555472697365517
small_long,rotatable_xlink,r0020,3.3,pulse_03,2.8358044642857143,0.8605525619976468,0.017133779761904815,-0.017133779761904815,1.0,0.7105263157894737,0.2092263536601361,0.002105034722222222,0.019137429552965417,224.0,0.5624999999999999,0.08928571428571429,0.24107142857142852,0.860243377150167
small_long,rotatable_xlink,r0020,3.35,pulse_03,2.7845955357142853,0.9342677990232721,0.008433482142857182,-0.008433482142857182,1.0,0.7105263157894737,0.16688908408572567,0.002191840277777778,0.006319043840243436,224.0,0.5675675675675674,0.09009009009009009,0.2252252252252252,0.8547063664167769
small_long,rotatable_xlink,r0020,3.4,pulse_03,2.7852035714285712,0.8984668250391075,0.005559226190476292,0.005559226190476292,1.0,0.7105263157894737,0.22890205383234402,0.0020399305555555557,0.007237309676355534,224.0,0.5714285714285716,0.08928571428571429,0.23214285714285712,0.8391591860427705
small_long,rotatable_xlink,r0020,3.45,pulse_03,2.817950892857143,0.9776916570814053,0.0017023809523808442,-0.0017023809523808442,1.0,0.7105263157894737,0.19595667343069786,0.002018229166666667,0.017210525381070374,224.0,0.5625000000000001,0.08928571428571429,0.23214285714285715,0.8707085241057316
small_long,rotatable_xlink,r0020,3.5,pulse_03,2.774989285714286,1.0017299773255297,0.009032886904762005,-0.009032886904762005,1.0,0.7105263157894737,0.19469667809368812,0.0020616319444444445,0.004339333339127745,224.0,0.5625,0.08928571428571429,0.22321428571428573,0.8700526529857697
small_long,rotatable_xlink,r0020,3.55,pulse_03,2.763753571428571,1.0037276571161717,0.0030541666666666543,0.0030541666666666543,1.0,0.7142857142857143,0.20472358845355523,0.0022786458333333335,0.00048003129106410913,224.0,0.5714285714285714,0.08928571428571429,0.23214285714285715,0.8809409252773431
small_long,rotatable_xlink,r0020,3.6,pulse_03,2.793314285714286,0.998849789579145,0.013173660714285754,0.013173660714285754,1.0,0.6923076923076923,0.16140872532833547,0.0022352430555555554,0.0022252741144623465,224.0,0.5714285714285714,0.08928571428571429,0.23214285714285712,0.8777751091707724
small_long,rotatable_xlink,r0020,3.65,pulse_03,2.8427955357142856,1.0170793018029458,0.005646428571428534,0.005646428571428534,1.0,0.6923076923076923,0.13678860996694633,0.0022352430555555554,0.0004555327146158472,224.0,0.5675675675675674,0.09009009009009009,0.2342342342342342,0.8632566145756841
small_long,rotatable_xlink,r0020,3.7,pulse_03,2.8271928571428573,1.0015829858668401,0.0021181547619047634,-0.0021181547619047634,1.0,0.7142857142857143,0.1807198148481819,0.002191840277777778,0.007911512271270885,224.0,0.5765765765765765,0.09009009009009009,0.2342342342342342,0.8783479314936373
small_long,rotatable_xlink,r0020,3.75,pulse_03,2.830086607142857,1.0645483754305711,0.013004166666666706,-0.013004166666666706,1.0,0.6883116883116883,0.1692627118806765,0.0022135416666666666,0.0031112691053897246,224.0,0.5803571428571428,0.08035714285714286,0.23214285714285715,0.878116289724847
small_long,rotatable_xlink,r0020,3.8,pulse_03,2.749167857142857,1.0202506004991785,0.014145982142857116,-0.014145982142857116,1.0,0.7142857142857143,0.19925555583361304,0.002170138888888889,0.015468794887854761,224.0,0.5714285714285713,0.08928571428571429,0.24107142857142855,0.8777977238117196
small_long,rotatable_xlink,r0020,3.85,pulse_03,2.7452107142857143,1.1573611447576997,0.0049955357142856815,-0.0049955357142856815,1.0,0.6923076923076923,0.23530396091667832,0.0022135416666666666,0.01624018581424998,224.0,0.5625,0.08928571428571429,0.24107142857142855,0.8719157069227742
small_long,rotatable_xlink,r0020,3.9,pulse_03,2.719194642857143,1.1176917153846784,0.005001339285714224,-0.005001339285714224,1.0,0.7105263157894737,0.22295021021352,0.001974826388888889,0.005264472465224064,224.0,0.5714285714285714,0.08928571428571429,0.23214285714285712,0.8696749900759068
small_long,rotatable_xlink,r0020,3.95,pulse_03,2.715202678571429,1.1257743099663553,0.0012574404761905484,-0.0012574404761905484,1.0,0.7142857142857143,0.2084729957476944,0.0021484375,0.0035608619316962833,224.0,0.5625000000000001,0.08928571428571429,0.24107142857142852,0.8851502677813397
small_long,rotatable_xlink,r0020,4.0,pulse_03,2.7116499999999997,1.139056886974856,0.0011842261904764229,-0.0011842261904764229,1.0,0.7105263157894737,0.1855572335832223,0.0020833333333333333,0.004427525669500258,224.0,0.5714285714285714,0.09821428571428573,0.24107142857142852,0.8777425021622243
small_long,rotatable_xlink,r0020,4.05,pulse_04,2.7538236842105257,1.1413244841465378,0.0014187134502921712,-0.0014187134502921712,1.0,0.7,0.21759360952961634,0.0022352430555555554,0.01716124478353794,228.0,0.5789473684210527,0.09649122807017545,0.2368421052631579,0.8480658011335506
small_long,rotatable_xlink,r0020,4.1,pulse_04,2.749567543859649,1.089840749795924,0.0024948830409355547,-0.0024948830409355547,1.0,0.6962025316455697,0.25869813488734933,0.0021484375,0.012626968736866454,228.0,0.5789473684210524,0.09649122807017545,0.2368421052631579,0.8636466296878798
small_long,rotatable_xlink,r0020,4.15,pulse_04,2.7388543859649124,1.065562671725339,0.010078801169590626,-0.010078801169590626,1.0,0.6962025316455697,0.22097154030523103,0.00234375,0.002516091148988394,228.0,0.5789473684210525,0.09649122807017545,0.23684210526315788,0.868059258800771
small_long,rotatable_xlink,r0020,4.2,pulse_04,2.6890947368421054,1.0747442029019936,0.005385526315789442,-0.005385526315789442,1.0,0.6962025316455697,0.16864478419869688,0.0022786458333333335,0.005426882958305697,228.0,0.5701754385964911,0.09649122807017545,0.22807017543859653,0.8698992155898906
small_long,rotatable_xlink,r0020,4.25,pulse_04,2.7065412280701757,1.0330013739755048,0.0006627192982456472,0.0006627192982456472,1.0,0.6962025316455697,0.15862171919201298,0.0022786458333333335,0.005617820752803149,228.0,0.5526315789473684,0.10526315789473686,0.2368421052631579,0.8745405072273672
small_long,rotatable_xlink,r0020,4.3,pulse_04,2.6930710526315793,1.0410372783851747,0.005644590643274938,-0.005644590643274938,1.0,0.6790123456790124,0.15273229318481607,0.002322048611111111,0.0025073326062466186,228.0,0.543859649122807,0.10526315789473686,0.2456140350877193,0.8828977838115435
small_long,rotatable_xlink,r0020,4.35,pulse_04,2.672673684210526,1.0480453696129846,0.0028305555555555952,-0.0028305555555555952,1.0,0.6962025316455697,0.1845813424464053,0.002018229166666667,0.011289470167562507,228.0,0.5438596491228072,0.10526315789473688,0.2456140350877193,0.8678401842850904
small_long,rotatable_xlink,r0020,4.4,pulse_04,2.6760877192982457,1.1087740993905497,0.0009742690058479978,0.0009742690058479978,1.0,0.6708860759493671,0.21695126992306749,0.0022569444444444442,0.0036069637245870942,228.0,0.5350877192982456,0.09649122807017545,0.24561403508771926,0.8844326073345902
small_long,rotatable_xlink,r0020,4.45,pulse_04,2.678519298245614,1.0696871519605071,0.005476023391812894,-0.005476023391812894,1.0,0.6923076923076923,0.19481106658406536,0.0022352430555555554,0.001968698219574313,228.0,0.5438596491228069,0.09649122807017545,0.24561403508771926,0.8743438796585483
small_long,rotatable_xlink,r0020,4.5,pulse_04,2.6432315789473684,1.1205862887079956,0.044541812865497,-0.044541812865497,1.0,0.6708860759493671,0.19647785183110097,0.002170138888888889,0.02387632487465874,228.0,0.5438596491228069,0.09649122807017543,0.24561403508771923,0.8787080365730252
small_long,rotatable_xlink,r0020,4.55,pulse_04,2.411268421052632,1.2129451012084596,0.08783333333333328,-0.08783333333333328,1.0,0.6455696202531646,0.12035071650077721,0.0022352430555555554,0.0496526110939061,228.0,0.5263157894736843,0.10526315789473686,0.2543859649122807,0.8686231162556755
small_long,rotatable_xlink,r0020,4.6,pulse_04,2.1162315789473687,1.4185019552714322,0.07034576023391821,-0.07034576023391821,1.0,0.6111111111111112,0.19542149274827766,0.0021484375,0.03622309841689908,228.0,0.4690265486725663,0.09734513274336284,0.2920353982300885,0.8931014730832153
small_long,rotatable_xlink,r0020,4.65,pulse_04,1.9891938596491228,1.430283691709854,0.029097953216374317,-0.029097953216374317,1.0,0.5774647887323944,0.21551701199386236,0.0022352430555555554,0.003383630736953136,228.0,0.4561403508771929,0.10526315789473684,0.3157894736842105,0.8875070404932537
small_long,rotatable_xlink,r0020,4.7,pulse_04,1.9416438596491228,1.3982001708497134,0.016969736842105232,-0.016969736842105232,1.0,0.6056338028169014,0.20285091393547552,0.0022135416666666666,0.013639562189446655,228.0,0.45614035087719296,0.10526315789473684,0.32456140350877194,0.8889217071889689
small_long,rotatable_xlink,r0020,4.75,pulse_04,1.8873754385964914,1.348446318573174,0.007844152046783607,-0.007844152046783607,1.0,0.5833333333333334,0.24582611211433203,0.0020833333333333333,0.0041431608635465285,228.0,0.45614035087719296,0.10526315789473684,0.3333333333333333,0.85559852278247
small_long,rotatable_xlink,r0020,4.8,pulse_04,1.8945789473684211,1.3733412056684342,0.004260526315789548,-0.004260526315789548,1.0,0.6056338028169014,0.22515839929872722,0.002105034722222222,0.007440689378555058,228.0,0.4385964912280702,0.10526315789473684,0.3333333333333333,0.8938275036654899
small_long,rotatable_xlink,r0020,4.85,pulse_04,1.861812280701754,1.3038021823018437,0.044268713450292374,-0.044268713450292374,1.0,0.5714285714285714,0.22454892440191762,0.0020616319444444445,0.031294531706367236,228.0,0.42105263157894735,0.10526315789473684,0.31578947368421045,0.895922377284749
small_long,rotatable_xlink,r0020,4.9,pulse_04,1.628966666666667,1.1855740154302308,0.11836038011695904,-0.11836038011695904,1.0,0.5072463768115942,0.17204482532815904,0.002105034722222222,0.058970809832453584,228.0,0.4159292035398229,0.11504424778761062,0.327433628318584,0.8815324382643482
small_long,rotatable_xlink,r0020,4.95,pulse_04,1.1516499999999998,0.9499773233071223,0.14375950292397666,-0.14375950292397666,1.0,0.29577464788732394,0.26833206240241475,0.002191840277777778,0.041776167608588356,228.0,0.37719298245614036,0.1666666666666667,0.3596491228070175,0.8762100907532219
small_long,rotatable_xlink,r0020,5.0,pulse_04,0.766409649122807,0.9349170097787006,0.12841345029239762,-0.12841345029239762,1.0,0.2,0.3401730709364685,0.0022135416666666666,0.005020104509473877,228.0,0.3771929824561403,0.21052631578947362,0.41228070175438597,0.9102455170390313
small_long,rotatable_xlink,r0020,5.05,pulse_05,0.8222338842975208,1.1294405017107503,0.005025927456381973,0.005025927456381973,1.0,0.24705882352941178,0.30005740581579277,0.0024305555555555556,0.004386635401349981,242.0,0.40495867768595045,0.23966942148760326,0.3884297520661157,0.9101856272472921
small_long,rotatable_xlink,r0020,5.1,pulse_05,0.8373116666666667,1.1162805955067003,0.006091574839302116,0.006091574839302116,1.0,0.2619047619047619,0.30518292902751887,0.0023654513888888887,0.0008329403995259351,240.0,0.39999999999999997,0.2333333333333333,0.39166666666666666,0.9051152270612927
small_long,rotatable_xlink,r0020,5.15,pulse_05,0.8587833333333335,1.1244428593135947,0.00940169701213824,0.00940169701213824,1.0,0.2619047619047619,0.3040165551198747,0.0023654513888888887,0.0010958683459726763,240.0,0.4083333333333333,0.225,0.3916666666666667,0.9187773670248139
small_long,rotatable_xlink,r0020,5.2,pulse_05,0.8937218487394961,1.1097053854308643,0.006668744164332385,0.006668744164332385,1.0,0.2619047619047619,0.3163886463149955,0.0022786458333333335,0.004720724375766723,238.0,0.3949579831932773,0.2436974789915966,0.3781512605042018,0.911094058328884
small_long,rotatable_xlink,r0020,5.25,pulse_05,0.8987957983193278,1.0961185130589943,0.017375770308123206,0.017375770308123206,1.0,0.27710843373493976,0.3686515815065928,0.002387152777777778,0.010264096967798878,238.0,0.3865546218487395,0.2352941176470588,0.3781512605042017,0.9074321509492425
small_long,rotatable_xlink,r0020,5.3,pulse_05,0.9979764705882354,1.1712899672376575,0.02302815126050421,0.02302815126050421,1.0,0.23809523809523808,0.36361871752197217,0.0023003472222222223,0.013580752998129997,238.0,0.4117647058823529,0.2352941176470588,0.3781512605042017,0.9164629926860488
small_long,rotatable_xlink,r0020,5.35,pulse_05,1.036964705882353,1.1776030310477743,0.006687675070028006,0.006687675070028006,1.0,0.2558139534883721,0.34063777557885244,0.0023003472222222223,0.011042115161319773,238.0,0.3865546218487394,0.21008403361344538,0.3781512605042018,0.9056443520854376
small_long,rotatable_xlink,r0020,5.4,pulse_05,1.0381025210084034,1.2375426582055762,0.0003861344537814763,0.0003861344537814763,1.0,0.29411764705882354,0.3846400212691285,0.00234375,0.013544372953709102,238.0,0.39495798319327735,0.21848739495798317,0.3781512605042016,0.9100906314692389
small_long,rotatable_xlink,r0020,5.45,pulse_05,1.0392815126050419,1.258869268770029,0.015907563025210052,-0.015907563025210052,1.0,0.3103448275862069,0.4040082544426217,0.0022135416666666666,0.0015769263262054671,238.0,0.403361344537815,0.21008403361344535,0.37815126050420167,0.8865161068482108
small_long,rotatable_xlink,r0020,5.5,pulse_05,0.9426571428571431,1.247004216162809,0.017067086834733864,-0.017067086834733864,1.0,0.27906976744186046,0.37975732445425636,0.0022135416666666666,0.002529859230849326,238.0,0.40336134453781514,0.21848739495798317,0.38655462184873945,0.8935224578834142
small_long,rotatable_xlink,r0020,5.55,pulse_05,0.9368789915966387,1.2740484241551249,0.003721848739495844,-0.003721848739495844,1.0,0.27058823529411763,0.3462240723074112,0.0022786458333333335,0.0011241357308780693,238.0,0.4117647058823529,0.21848739495798317,0.37815126050420167,0.8971843652630559
small_long,rotatable_xlink,r0020,5.6,pulse_05,0.920326050420168,1.2537490305480774,9.397759103639085e-05,9.397759103639085e-05,1.0,0.27058823529411763,0.26325965574427707,0.0023003472222222223,0.0046790026362582005,238.0,0.40336134453781514,0.21008403361344535,0.38655462184873957,0.8876866152461693
small_long,rotatable_xlink,r0020,5.65,pulse_05,0.937442857142857,1.2459744083375757,0.002329131652661095,0.002329131652661095,1.0,0.25301204819277107,0.2835088550403586,0.0022786458333333335,0.002185491415834795,238.0,0.40677966101694907,0.17796610169491525,0.37288135593220334,0.9075129952410933
small_long,rotatable_xlink,r0020,5.7,pulse_05,0.9343008403361346,1.2668619790430862,0.005888095238095248,0.005888095238095248,1.0,0.27710843373493976,0.2898758296234152,0.0022135416666666666,0.011235164595495561,238.0,0.3781512605042016,0.19327731092436976,0.3865546218487395,0.8832746721972277
small_long,rotatable_xlink,r0020,5.75,pulse_05,0.9727714285714285,1.313385395910549,0.0052858543417367105,-0.0052858543417367105,1.0,0.39473684210526316,0.24556770001596642,0.002322048611111111,0.025834424400776063,238.0,0.3613445378151261,0.15966386554621845,0.40336134453781514,0.897536165321995
small_long,rotatable_xlink,r0020,5.8,pulse_05,0.9025857142857143,1.4218685254477426,0.009700140056022377,-0.009700140056022377,1.0,0.3684210526315789,0.27773619431732244,0.002322048611111111,0.01082735877339521,238.0,0.3529411764705882,0.1764705882352941,0.4201680672268907,0.893003576286162
small_long,rotatable_xlink,r0020,5.85,pulse_05,0.9145705882352942,1.3783495485509203,0.0015567226890756218,0.0015567226890756218,1.0,0.34210526315789475,0.2182478597355397,0.0023003472222222223,0.0005705747950272011,238.0,0.3529411764705882,0.1848739495798319,0.39495798319327724,0.9108285679219766
small_long,rotatable_xlink,r0020,5.9,pulse_05,0.911926050420168,1.4252919742179058,0.005890056022408959,-0.005890056022408959,1.0,0.3076923076923077,0.23198268758853194,0.002387152777777778,0.01671088933568417,238.0,0.36974789915966383,0.19327731092436973,0.39495798319327735,0.9045081800223388
small_long,rotatable_xlink,r0020,5.95,pulse_05,0.8792302521008405,1.4786148845650253,0.010713025210084048,-0.010713025210084048,1.0,0.3670886075949367,0.19071229037384255,0.0023654513888888887,0.006576072865599174,238.0,0.36974789915966383,0.19327731092436973,0.3781512605042017,0.9114801947226827
small_long,rotatable_xlink,r0020,6.0,pulse_05,0.8476478991596638,1.4647484114115008,0.010527450980392242,-0.010527450980392242,1.0,0.3684210526315789,0.2628637048449853,0.0022569444444444442,0.004622157717841506,238.0,0.35593220338983045,0.1864406779661017,0.39830508474576265,0.9029419944337703
small_long,rotatable_xlink,r0020,6.05,pulse_06,0.9322652892561986,1.3236322222249521,0.15931763085399453,-0.15931763085399453,1.0,0.34210526315789475,0.24108362259447003,0.002191840277777778,0.14171661747642017,242.0,0.3636363636363636,0.18181818181818177,0.38842975206611574,0.9152503847737371
small_long,rotatable_xlink,r0020,6.1,pulse_06,0.45431239669421497,1.7487820746542126,0.19192493112947662,-0.19192493112947662,1.0,0.2602739726027397,0.2591325062451064,0.0021484375,0.10162435035337473,242.0,0.2975206611570248,0.21487603305785125,0.43801652892561993,0.9168780821752395
small_long,rotatable_xlink,r0020,6.15,pulse_06,-0.2192842975206612,1.9333783243452005,0.20551501377410472,-0.20551501377410472,1.0,0.13157894736842105,0.2783286999077464,0.0021484375,0.0895619282873212,242.0,0.2396694214876033,0.2727272727272728,0.4793388429752067,0.9002040087242051
small_long,rotatable_xlink,r0020,6.2,pulse_06,-0.7787776859504132,2.28615364437814,0.17405716253443523,-0.17405716253443523,1.0,-0.1388888888888889,0.3066702346051599,0.0023003472222222223,0.12935120240908338,242.0,0.17355371900826447,0.3305785123966943,0.5619834710743803,0.9014400529221294
small_long,rotatable_xlink,r0020,6.25,pulse_06,-1.2636272727272726,2.7094855387997008,0.13593856749311292,-0.13593856749311292,1.0,-0.2894736842105263,0.35243760039253275,0.0023654513888888887,0.09553131095130792,242.0,0.17355371900826447,0.3884297520661157,0.6446280991735537,0.9026879963495652
small_long,rotatable_xlink,r0020,6.3,pulse_06,-1.5944090909090907,2.8593415100859874,0.06433774104683199,-0.06433774104683199,1.0,-0.37349397590361444,0.378699110481881,0.0022569444444444442,0.028660949038737577,242.0,0.16528925619834708,0.4545454545454545,0.7107438016528925,0.9000734576563456
small_long,rotatable_xlink,r0020,6.35,pulse_06,-1.6496537190082645,2.8814512330321262,0.023784435261708037,-0.023784435261708037,1.0,-0.37349397590361444,0.34873668275003644,0.0022135416666666666,0.01668335736748272,242.0,0.1487603305785124,0.4462809917355372,0.7355371900826446,0.8628081272812711
small_long,rotatable_xlink,r0020,6.4,pulse_06,-1.7371157024793389,2.9594416542908837,0.02047438016528924,-0.02047438016528924,1.0,-0.39759036144578314,0.4311410459355364,0.0024088541666666668,0.013760471947979283,242.0,0.16528925619834708,0.45454545454545475,0.7272727272727274,0.8739071381639346
small_long,rotatable_xlink,r0020,6.45,pulse_06,-1.7725,2.964014064720002,0.0017137741046832078,-0.0017137741046832078,1.0,-0.36585365853658536,0.44257443990174966,0.002387152777777778,0.012029989685967912,242.0,0.1487603305785124,0.4545454545454546,0.7272727272727273,0.8700993573956295
small_long,rotatable_xlink,r0020,6.5,pulse_06,-1.7473983471074381,2.887261716175076,0.002384022038567468,0.002384022038567468,1.0,-0.3902439024390244,0.43554477609653036,0.0024088541666666668,0.014526712903327596,242.0,0.1487603305785124,0.4462809917355372,0.7272727272727273,0.8883126581036812
small_long,rotatable_xlink,r0020,6.55,pulse_06,-1.7581958677685952,2.8768537873000364,0.0028243801652892975,0.0028243801652892975,1.0,-0.4146341463414634,0.40394368673642317,0.0024088541666666668,0.0024716448122806454,242.0,0.14876033057851237,0.4545454545454545,0.7272727272727273,0.8865242279404567
small_long,rotatable_xlink,r0020,6.6,pulse_06,-1.7304520661157023,2.90209158504876,0.0237572279614325,0.0237572279614325,1.0,-0.4074074074074074,0.3829070893492314,0.002191840277777778,0.0007533958496833323,242.0,0.1487603305785124,0.4545454545454546,0.7272727272727272,0.8888686311672537
small_long,rotatable_xlink,r0020,6.65,pulse_06,-1.6156525000000002,2.8813741623981364,0.013490899908172612,0.013490899908172612,1.0,-0.4146341463414634,0.31101167492187193,0.00234375,0.004829780809199269,240.0,0.15,0.425,0.7249999999999999,0.8763669149860914
small_long,rotatable_xlink,r0020,6.7,pulse_06,-1.6495066666666667,2.8731129001935645,0.023590416666666652,-0.023590416666666652,1.0,-0.38461538461538464,0.32148267644870404,0.00234375,0.015753945288681754,240.0,0.15,0.4166666666666667,0.725,0.8692017208111582
small_long,rotatable_xlink,r0020,6.75,pulse_06,-1.757195,2.786850490666046,0.04475986111111115,-0.04475986111111115,1.0,-0.3924050632911392,0.3056183111237593,0.002387152777777778,0.013167319900715476,240.0,0.14999999999999997,0.4416666666666667,0.6916666666666667,0.8745048070504626
small_long,rotatable_xlink,r0020,6.8,pulse_06,-1.9180658333333336,2.7941089807892716,0.041171944444444386,-0.041171944444444386,1.0,-0.5128205128205128,0.30985474553237596,0.0022352430555555554,0.001171372573283073,240.0,0.13333333333333333,0.4583333333333333,0.7083333333333333,0.8739137676700489
small_long,rotatable_xlink,r0020,6.85,pulse_06,-2.0042266666666664,2.7798222552263474,0.012686111111111065,-0.012686111111111065,1.0,-0.5324675324675324,0.2754818396047463,0.002322048611111111,0.003490591754195268,240.0,0.13333333333333336,0.44166666666666676,0.7000000000000002,0.8728331122959697
small_long,rotatable_xlink,r0020,6.9,pulse_06,-1.9941825,2.7731654302641,0.0018086111111110432,0.0018086111111110432,1.0,-0.52,0.22695605463992805,0.002322048611111111,0.0029108203679449516,240.0,0.1333333333333333,0.4583333333333333,0.6916666666666665,0.86119515246948
small_long,rotatable_xlink,r0020,6.95,pulse_06,-1.9933750000000001,2.7623573330186777,0.0004270833333333002,-0.0004270833333333002,1.0,-0.52,0.24942901761515715,0.0023654513888888887,0.014618475770384665,240.0,0.12499999999999997,0.4583333333333333,0.6999999999999998,0.8866609414516514
small_long,rotatable_xlink,r0020,7.0,pulse_06,-1.9967449999999998,2.685454575641792,0.001123333333333217,-0.001123333333333217,1.0,-0.49333333333333335,0.2575882708769986,0.00234375,0.025634252458961893,240.0,0.13333333333333333,0.45,0.6916666666666667,0.8704480653773985
small_long,rotatable_xlink,r0020,7.05,pulse_07,-1.865874380165289,2.66052999015879,0.021940495867768472,0.021940495867768472,1.0,-0.5189873417721519,0.24339962397364445,0.002322048611111111,0.009973121932730292,242.0,0.14049586776859502,0.4462809917355372,0.669421487603306,0.8809793470659485
small_long,rotatable_xlink,r0020,7.1,pulse_07,-1.8000528925619836,2.690449355956981,7.630853994492852e-05,7.630853994492852e-05,1.0,-0.5064935064935064,0.25546228295276135,0.0024088541666666668,0.00714926195964664,242.0,0.1487603305785124,0.4380165289256198,0.6694214876033059,0.8587511436067589
small_long,rotatable_xlink,r0020,7.15,pulse_07,-1.8654165289256195,2.70342556191667,0.0437338842975206,-0.0437338842975206,1.0,-0.49333333333333335,0.2615884822269869,0.0023003472222222223,0.00215661482470438,242.0,0.12396694214876032,0.4380165289256198,0.6776859504132233,0.8601388872357014
small_long,rotatable_xlink,r0020,7.2,pulse_07,-2.0624561983471073,2.6775096670087546,0.04152203856749318,-0.04152203856749318,1.0,-0.696969696969697,0.2535140531269745,0.0023003472222222223,0.014064353469066907,242.0,0.08264462809917356,0.4545454545454546,0.7024793388429752,0.8464289247580903
small_long,rotatable_xlink,r0020,7.25,pulse_07,-2.1145487603305786,2.6190394411022684,0.002329338842975185,0.002329338842975185,1.0,-0.6923076923076923,0.20854389443223278,0.0023654513888888887,0.011339366246612506,242.0,0.08264462809917356,0.4545454545454546,0.7107438016528926,0.8371574838854143
small_long,rotatable_xlink,r0020,7.3,pulse_07,-2.048480165289256,2.6094734695290795,0.0018838842975206216,0.0018838842975206216,1.0,-0.6666666666666666,0.22111144961087106,0.0022569444444444442,0.004876980201691176,242.0,0.08264462809917354,0.4545454545454545,0.7107438016528926,0.8555295175958887
small_long,rotatable_xlink,r0020,7.35,pulse_07,-2.103245454545455,2.6483013223124154,0.017389944903581256,-0.017389944903581256,1.0,-0.6764705882352942,0.16182555947560912,0.0024088541666666668,0.017313137950947615,242.0,0.08264462809917354,0.4545454545454546,0.71900826446281,0.8407442436820756
small_long,rotatable_xlink,r0020,7.4,pulse_07,-2.1528198347107437,2.7133522972347652,0.01253195592286486,-0.01253195592286486,1.0,-0.7101449275362319,0.20460795665505171,0.0023654513888888887,0.01295919615093477,242.0,0.08264462809917354,0.46280991735537186,0.7355371900826446,0.8476102676036643
small_long,rotatable_xlink,r0020,7.45,pulse_07,-2.178437190082644,2.726056499218024,0.0007904958677686924,-0.0007904958677686924,1.0,-0.7101449275362319,0.17606645545955357,0.002322048611111111,0.011078967113384334,242.0,0.08264462809917354,0.46280991735537197,0.7272727272727273,0.8496505507689606
small_long,rotatable_xlink,r0020,7.5,pulse_07,-2.157562809917356,2.7798260999150712,0.01269063360881558,-0.01269063360881558,1.0,-0.6944444444444444,0.19521351763923475,0.0024305555555555556,0.02973415036954045,242.0,0.08264462809917354,0.46280991735537186,0.7355371900826447,0.8739280707241502
small_long,rotatable_xlink,r0020,7.55,pulse_07,-2.2545809917355375,2.9044614014352668,0.033846556473829136,-0.033846556473829136,1.0,-0.6857142857142857,0.1254376331237347,0.0022352430555555554,0.03907534793170764,242.0,0.08264462809917354,0.47107438016528935,0.7685950413223143,0.8903410420394657
small_long,rotatable_xlink,r0020,7.6,pulse_07,-2.3606421487603306,3.014278187505317,0.028187052341597834,-0.028187052341597834,1.0,-0.7066666666666667,0.1339267927741639,0.002322048611111111,0.017991115173312384,242.0,0.08264462809917356,0.4793388429752067,0.7768595041322313,0.8707822944287893
small_long,rotatable_xlink,r0020,7.65,pulse_07,-2.4237033057851245,3.012408092475141,0.04056366965105599,-0.04056366965105599,1.0,-0.7027027027027027,0.08254048919645876,0.002191840277777778,0.0650182845585235,242.0,0.08264462809917357,0.487603305785124,0.7685950413223142,0.8590971287886907
small_long,rotatable_xlink,r0020,7.7,pulse_07,-2.6040241666666666,-2.878797412323128,0.026389587924701436,-0.026389587924701436,1.0,-0.7297297297297297,0.18328378345661117,0.002105034722222222,0.4480857040795246,240.0,0.08333333333333334,0.49166666666666686,0.825,0.8536350413142721
small_long,rotatable_xlink,r0020,7.75,pulse_07,-2.582040833333333,-0.5822629902272972,0.006719166666666683,-0.006719166666666683,1.0,-0.7183098591549296,0.10002970312632051,0.0024088541666666668,0.4122465381290879,240.0,0.08333333333333336,0.4499999999999999,0.8583333333333334,0.8456745215610877
small_long,rotatable_xlink,r0020,7.8,pulse_07,-2.6443391666666667,-0.4053181835486003,0.013429444444444494,-0.013429444444444494,1.0,-0.7333333333333333,0.12474219961525392,0.0022569444444444442,0.0390512971836953,240.0,0.08333333333333334,0.4833333333333333,0.8583333333333334,0.8334899703758808
small_long,rotatable_xlink,r0020,7.85,pulse_07,-2.6626175,-0.347955207125126,0.0011883333333332728,-0.0011883333333332728,1.0,-0.7142857142857143,0.17635223082924195,0.002387152777777778,0.008168781458031127,240.0,0.08333333333333333,0.49999999999999983,0.8583333333333334,0.8369325492463533
small_long,rotatable_xlink,r0020,7.9,pulse_07,-2.6514691666666663,-0.45433087229678737,0.0014818055555555858,0.0014818055555555858,1.0,-0.7105263157894737,0.12144390432777848,0.0023654513888888887,0.024662438959611215,240.0,0.08333333333333334,0.4916666666666667,0.8583333333333334,0.8291341016945717
small_long,rotatable_xlink,r0020,7.95,pulse_07,-2.6537266666666666,-0.49592984088279285,0.003412361111111132,-0.003412361111111132,1.0,-0.6842105263157895,0.1717461037966101,0.00234375,0.019951994925051657,240.0,0.08333333333333334,0.4833333333333333,0.8583333333333334,0.8142771573710059
small_long,rotatable_xlink,r0020,8.0,pulse_07,-2.671943333333333,-0.3346189027464772,0.006072222222222183,-0.006072222222222183,1.0,-0.6923076923076923,0.16870831072578604,0.002322048611111111,0.053770312712105195,240.0,0.08333333333333334,0.5083333333333335,0.8583333333333334,0.8522359507563896
