scenario,condition,time_min,phase_name,n_replicates,vz_abs_mean,vz_abs_sd,vz_abs_sem,vz_abs_n,speckle_length_proxy_um_mean,speckle_length_proxy_um_sd,speckle_length_proxy_um_sem,speckle_length_proxy_um_n,chewer_band_mass_fraction_mean,chewer_band_mass_fraction_sd,chewer_band_mass_fraction_sem,chewer_band_mass_fraction_n,bottom_half_mass_fraction_mean,bottom_half_mass_fraction_sd,bottom_half_mass_fraction_sem,bottom_half_mass_fraction_n,axial_spread_entropy_mean,axial_spread_entropy_sd,axial_spread_entropy_sem,axial_spread_entropy_n
large_long,nomotor_xlink,0.0,initial,5,0.08948859767212568,0.015971514310084686,0.007142678340192003,5,480.0,9.591663046625438,4.289522117905443,5,0.22648579206716085,0.02230234474489785,0.00997391178144536,5,0.46745653015767796,0.07743520549344883,0.034630076667003344,5,0.9205890439797134,0.004406663590689454,0.0019707198685509856,5
large_long,nomotor_xlink,0.05,initial,5,0.06628002853284762,0.021215756760121007,0.009487974861946254,5,531.2,11.099549540409287,4.963869458396343,5,0.2139172603826361,0.017239129008288702,0.007709572867084414,5,0.4545669044239572,0.07984365979892323,0.03570717017655191,5,0.9297649285792016,0.00705789235420595,0.0031563854163761053,5
large_long,nomotor_xlink,0.1,initial,5,0.06276307241702678,0.01308380131653991,0.005851253829576896,5,584.8,11.189280584559492,5.0039984012787215,5,0.20709612245067088,0.012869410980481973,0.005755375556547982,5,0.4546391424306666,0.07718081750864843,0.03451631090166877,5,0.9341771024104399,0.006272061488257105,0.002804951169360277,5
large_long,nomotor_xlink,0.15000000000000002,initial,5,0.07258539100749355,0.031352768170489966,0.014021384182401455,5,632.4,11.781341180018511,5.268775948927796,5,0.19467191719330706,0.018399216817095655,0.008228379907156639,5,0.4437318855424001,0.07116080438142892,0.03182407918608799,5,0.9382219696794432,0.006938312330651056,0.003102907604092152,5
large_long,nomotor_xlink,0.2,initial,5,0.07137931942283866,0.03973612863100713,0.01777053695632152,5,678.4,13.371611720357423,5.979966555090421,5,0.1884661422981673,0.01846180245806608,0.008256369056681694,5,0.43724113927542235,0.06798520053088308,0.030403905970201872,5,0.9408647652174589,0.009918273799202447,0.004435586886894354,5
large_long,nomotor_xlink,0.25,initial,5,0.07872136894123195,0.029487136449489477,0.013187048312574053,5,722.8,24.923884127479006,11.146299834474219,5,0.17696256309523076,0.019294899319833993,0.008628941299632653,5,0.42705701401282353,0.06887707006417447,0.030802762150901983,5,0.9446187046914174,0.00551403024687781,0.0024659492924017463,5
large_long,nomotor_xlink,0.30000000000000004,initial,5,0.06258520706251033,0.02344594227466823,0.010485344144538842,5,766.0,20.396078054371138,9.121403400793103,5,0.16441699484854524,0.017831127978857084,0.007974322855244574,5,0.4156003666017769,0.06699615876576281,0.029961593046322812,5,0.9475164776555767,0.007604722005048328,0.003400935070655312,5
large_long,nomotor_xlink,0.35000000000000003,initial,5,0.05876823014058456,0.02083335100637978,0.009316957809875768,5,801.2,30.086541841826886,13.455110553243328,5,0.1583356176189194,0.022890422805317754,0.010236908285280386,5,0.4075213390813599,0.06611050229568914,0.02956551543196336,5,0.9476236024802196,0.006844338773740436,0.003060881351824233,5
large_long,nomotor_xlink,0.4,initial,5,0.07674943251601615,0.026352554803415803,0.011785220784245268,5,838.8,37.6988063471511,16.859418732566077,5,0.1500136233158579,0.02184758902166251,0.009770538839383098,5,0.39895281642937863,0.06150748221717727,0.027506982272493572,5,0.9466961018828425,0.005514332866626337,0.002466084628067554,5
large_long,nomotor_xlink,0.45,initial,5,0.07386428339180914,0.016223027723610218,0.007255158558171223,5,874.4,43.02092514114498,19.23954261410598,5,0.1434618070508085,0.020196465128952446,0.009032133786708346,5,0.3891665313218699,0.05378096935461319,0.024051580674549617,5,0.9462657740184877,0.005980471914888662,0.0026745483478438766,5
large_long,nomotor_xlink,0.5,initial,5,0.05539876549451968,0.005644875487246076,0.0025244650628008943,5,914.8,44.127089185669156,19.734234213670412,5,0.13590297967995119,0.01959063262477357,0.008761197254243767,5,0.3781459204932907,0.05607803048093165,0.02507885763993368,5,0.9477765947770529,0.006277263105833353,0.0028072774034589667,5
large_long,nomotor_xlink,0.55,initial,5,0.04632602708372503,0.0136241827856458,0.006092919769317291,5,946.0,43.243496620879306,19.339079605813716,5,0.1315550707939166,0.021201053647102206,0.009481399429908074,5,0.3728424251605083,0.05254682344492557,0.023499653844906647,5,0.947642548895723,0.007530228342199846,0.0033676204918508803,5
large_long,nomotor_xlink,0.6000000000000001,initial,5,0.044974177990756134,0.014079317555698277,0.006296462226269505,5,975.2,46.27310233818347,20.69396047159654,5,0.12673572706110664,0.02261807495556569,0.010115110624166083,5,0.3622823442996979,0.05020363129580488,0.02245174645895111,5,0.9454408031115451,0.008364729404156748,0.0037408207122171596,5
large_long,nomotor_xlink,0.65,initial,5,0.04808311933542148,0.018561438265567793,0.008300927544395076,5,1004.0,51.92301994298868,23.220680437919988,5,0.12307255269746727,0.02103770205724918,0.009408346378079267,5,0.359377654557135,0.047563714100306895,0.021271139598130293,5,0.9441602851441772,0.006816420642408241,0.0030483959839315224,5
large_long,nomotor_xlink,0.7000000000000001,initial,5,0.04230906489501697,0.013946416153370427,0.006237026912287481,5,1034.8,62.619485785177126,28.00428538634757,5,0.11678678863328404,0.019902096259937375,0.008900488026392858,5,0.35166269829639035,0.04942018581916365,0.02210137899046421,5,0.9432380414566722,0.011582545618180467,0.005179871870948769,5
large_long,nomotor_xlink,0.75,initial,5,0.039676350131161296,0.011859023651774417,0.005303516606429078,5,1060.8,57.9068217052188,25.896717938765907,5,0.11239882267059462,0.021340173311938576,0.009543615635424295,5,0.3474237475311789,0.044908221955420186,0.02008356740819361,5,0.9422163968787005,0.009785100621991203,0.0043760300314895605,5
large_long,nomotor_xlink,0.8,initial,5,0.041545540217063186,0.01604176236464719,0.007174094225249776,5,1086.8,60.276031720742864,26.95626086830293,5,0.11022345170192112,0.01896992791713096,0.008483609670195165,5,0.34209039876463276,0.04445077143552454,0.019878989316427755,5,0.942757353428401,0.010396005081751763,0.00464923481144604,5
large_long,nomotor_xlink,0.8500000000000001,initial,5,0.03553134855655156,0.013727425533509014,0.006139091329798494,5,1112.8,66.67233309252046,29.816773802676902,5,0.10586862291603623,0.017050202603099116,0.007625082410134698,5,0.33653840396116225,0.046789154091081336,0.02092474583147405,5,0.9416058785220851,0.010629951540275722,0.004753858848317021,5
large_long,nomotor_xlink,0.9,initial,5,0.03551265831308803,0.01568890882592602,0.007016293325513399,5,1138.4,67.40029673525184,30.14232904073605,5,0.10186133292758144,0.017251438507440833,0.0077150778424590425,5,0.3298691285032249,0.044081379109140874,0.01971379204599562,5,0.9427924277349137,0.009144902244378304,0.004089724613204056,5
large_long,nomotor_xlink,0.9500000000000001,initial,5,0.025984408459406926,0.004597351566323599,0.0020559981237529396,5,1159.2,67.9499816041182,30.388155587333696,5,0.09868541698043214,0.016365057728457758,0.007318676307307968,5,0.3248920032787104,0.04174618533140316,0.01866946164046441,5,0.9420439686940867,0.008486366883503328,0.003795218646703296,5
large_long,nomotor_xlink,1.0,initial,5,0.01571803683066865,0.009166208190431182,0.004099252921943891,5,1178.0,71.65193647069142,32.04372013359248,5,0.09775279621319177,0.0176499063967268,0.007893278099917899,5,0.32080192424350074,0.040428886184026847,0.01808034755241722,5,0.94020770144873,0.009161662727341879,0.004097220129052512,5
large_long,nomotor_xlink,1.05,pulse_01,5,0.02541214413964153,0.017787396954142245,0.007954765746446954,5,1314.4,78.59262051872301,35.147688401941885,5,0.08729493457027797,0.01626824271704888,0.007275379317957435,5,0.28881137466851997,0.038764448928279925,0.017335988582790555,5,0.9387196195819097,0.008379789782374462,0.003747555918109493,5
large_long,nomotor_xlink,1.1,pulse_01,5,0.021608111543821217,0.009369261505587841,0.004190061125093287,5,1326.8,78.92528112081705,35.29645874588554,5,0.08592418118220373,0.016500034086214824,0.007379039569567994,5,0.28684753633040316,0.03844748495429905,0.017194237984342612,5,0.9402211854126691,0.009496017565357909,0.004246748158334467,5
large_long,nomotor_xlink,1.15,pulse_01,5,0.014719287252124768,0.004135608778406582,0.0018495004713723962,5,1340.8,82.03170118923538,36.685692033816125,5,0.08555984181744866,0.016576611025807115,0.007413285818055446,5,0.2820394270187928,0.03803558621781006,0.01701003126941548,5,0.9374828273615105,0.008763861202898186,0.003919317879010684,5
large_long,nomotor_xlink,1.2,pulse_01,5,0.010774240041315938,0.004661114234801129,0.002084513655981448,5,1348.4,82.39417455136012,36.84779504936489,5,0.08452172490780585,0.017709459088042057,0.007919910873122694,5,0.28148484040957267,0.038073497030421094,0.017026985500231587,5,0.937593505173572,0.009958173934973833,0.004453430770073612,5
large_long,nomotor_xlink,1.25,pulse_01,5,0.010935466803647445,0.006805933444147807,0.003043705966290753,5,1360.8,80.23216312676607,35.880914146660196,5,0.08554734756059987,0.017088414817780083,0.007642171432054189,5,0.2809327183824955,0.03683021009340033,0.016470970678888402,5,0.9369617866070581,0.009934035931634819,0.004442635926812181,5
large_long,nomotor_xlink,1.3,pulse_01,5,0.015729484130171743,0.006382236137069589,0.002854222770188653,5,1372.4,75.43739125924226,33.73662698018283,5,0.08363212509733942,0.017887796714236282,0.007999665884145942,5,0.27766541370539966,0.03563617815357577,0.01593698336193767,5,0.9368260478963562,0.007751083802977003,0.003466390056550833,5
large_long,nomotor_xlink,1.35,pulse_01,5,0.01313840646752305,0.007054262609880763,0.0031547621453656928,5,1386.0,78.76547467006087,35.22499112845878,5,0.08280041686807382,0.018751384743336586,0.00838587419167061,5,0.2767842414470475,0.03652057781040613,0.016332498912327707,5,0.9364428819856409,0.009250392785822853,0.00413690141753471,5
large_long,nomotor_xlink,1.4,pulse_01,5,0.009352751716828145,0.005948121618480557,0.002660080855471719,5,1395.2,81.29698641401168,36.357117597521395,5,0.08251856263940383,0.01830870677074531,0.008187902583899433,5,0.27553982565461527,0.035886002707748575,0.016048708299053464,5,0.9352890325726421,0.010758292297326978,0.004811254579727101,5
large_long,nomotor_xlink,1.45,pulse_01,5,0.0072081059151273205,0.006026379758305466,0.002695078959559955,5,1407.6,83.2153831932534,37.215050718761624,5,0.08186120553061628,0.016614206052087785,0.00743009882493134,5,0.27458023836131906,0.03467818142310791,0.015508554199627936,5,0.9349579620476833,0.009880631452407312,0.004418752717641045,5
large_long,nomotor_xlink,1.5,pulse_01,5,0.006372035225228512,0.0031674979655534436,0.0014165481539139574,5,1418.0,82.23138087129512,36.77499150237835,5,0.08121576073405458,0.016221424194980485,0.007254441438367233,5,0.2748456653999698,0.0350466556367985,0.015673340877581522,5,0.9355714827780524,0.010049918738234095,0.00449446029340807,5
large_long,nomotor_xlink,1.55,pulse_01,5,0.009851212219732819,0.004917337343608348,0.0021991001137213013,5,1424.8,85.87898462371338,38.406249491456464,5,0.08106091075107566,0.015863707231857004,0.007094465549117455,5,0.2730891732858657,0.0336600281260829,0.015053222202895246,5,0.9354131433101414,0.010567611962052009,0.004725979741397644,5
large_long,nomotor_xlink,1.6,pulse_01,5,0.007071278902019322,0.004152594207878398,0.0018570965863575982,5,1434.4,90.63553387055212,40.53344298230783,5,0.07902433652730562,0.016292078509341976,0.00728603900833042,5,0.2716098080468491,0.03477823880778107,0.015553301222383941,5,0.9343097223997431,0.010732953708963008,0.004799922818519956,5
large_long,nomotor_xlink,1.65,pulse_01,5,0.009662016441631938,0.005330740754947692,0.0023839797396983174,5,1440.8,90.73698253744169,40.57881220538619,5,0.07901997811814716,0.01791113798206166,0.008010104416453655,5,0.27030487041587825,0.03451985554984444,0.01543774871658511,5,0.9343452796972154,0.011660399903169104,0.005214689365663616,5
large_long,nomotor_xlink,1.7000000000000002,pulse_01,5,0.01364485489190521,0.00737924339723798,0.0033000979717481213,5,1450.0,91.72785836374901,41.02194534636308,5,0.07802756163658515,0.01765259218488856,0.00789447922089847,5,0.2684419238579515,0.0337137445026128,0.015077244896780412,5,0.9340136682186578,0.010621783528350663,0.004750206002335929,5
large_long,nomotor_xlink,1.75,pulse_01,5,0.008983167622368792,0.005962400007442279,0.0026664663451372375,5,1458.4,89.20089685647785,39.891853805006356,5,0.07665736098421189,0.018915385504939555,0.008459217561931805,5,0.2663346774153466,0.03498889028972457,0.01564750742902129,5,0.9329487542251323,0.0107996170800146,0.004829735584376086,5
large_long,nomotor_xlink,1.8,pulse_01,5,0.005035703121323909,0.004325663398832257,0.001934495481514342,5,1461.6,86.92985678120033,38.876213807416995,5,0.07535292299334564,0.017625265670480093,0.00788225843213738,5,0.26526911447572993,0.03558760268709568,0.015915259752920023,5,0.9324003039899512,0.009431546979994366,0.0042179160360500505,5
large_long,nomotor_xlink,1.85,pulse_01,5,0.008337500833221365,0.004745818395730813,0.002122394508344619,5,1467.2,84.3397889492261,37.71790025969102,5,0.07502180291192695,0.01756610794167563,0.007855802291537125,5,0.2661064992600116,0.03507061071081562,0.01568405391236319,5,0.9308992307792596,0.010600540541935944,0.004740705850002246,5
large_long,nomotor_xlink,1.9,pulse_01,5,0.009664601595779636,0.006043010291772903,0.00270251636022701,5,1474.0,83.3186653757728,37.2612399149572,5,0.07396148417889437,0.01747805939366709,0.007816425783803673,5,0.2618787272135331,0.035733137344223675,0.015980344830204087,5,0.9310158229568277,0.00991302043290324,0.004433237510063207,5
large_long,nomotor_xlink,1.9500000000000002,pulse_01,5,0.00795861762355156,0.005843306469678966,0.0026132060959132963,5,1476.8,82.94094284489417,37.09231726382163,5,0.07217651367716192,0.01664736336039367,0.007444927223995915,5,0.2610002616073156,0.0350362916451579,0.0156687059596162,5,0.9312554137042903,0.010035473279359693,0.004488000087806202,5
large_long,nomotor_xlink,2.0,pulse_01,5,0.007960183958980061,0.005303273396573539,0.0023716959636009265,5,1481.6,85.33932270647571,38.164905345094205,5,0.07138260952525981,0.016744924355034503,0.007488557827189794,5,0.2605810584418572,0.034474357361148754,0.015417401308029776,5,0.930145690165622,0.010002463262157884,0.004473237559325866,5
large_long,nomotor_xlink,2.05,pulse_02,5,0.0047707823409256864,0.004393097403446925,0.0019646528851770284,5,1597.6,81.87062965435163,36.61365865356807,5,0.06631457367594729,0.014633214791969764,0.006544172600839967,5,0.24065887919378026,0.030939454536393914,0.013836544706028206,5,0.928073080894882,0.009935436620478041,0.004443262333905936,5
large_long,nomotor_xlink,2.1,pulse_02,5,0.004051327473244607,0.002803304802527833,0.0012536760200207717,5,1596.4,81.49110380894346,36.44392953565792,5,0.06594156662346341,0.015055914853505643,0.006733209815177481,5,0.24262137949632567,0.028497349072249524,0.0127444019408181,5,0.9272895906881823,0.00979813728780846,0.0043818602056830275,5
large_long,nomotor_xlink,2.15,pulse_02,5,0.002887062095767708,0.0027711587608929243,0.0012392998731601329,5,1595.6,81.07280678501269,36.256861419598906,5,0.06590896866540946,0.015610665826194811,0.006981301992280903,5,0.24206499858401945,0.028426881612874013,0.01271288793494503,5,0.9287229441658953,0.009369593354342138,0.004190209532367858,5
large_long,nomotor_xlink,2.2,pulse_02,5,0.0045634104809812994,0.0044511829017949535,0.0019906295097396574,5,1594.8,81.44445960284837,36.42306961254089,5,0.06639787027961302,0.014818049240072635,0.006626833078948302,5,0.24183299738428937,0.02907092283290157,0.013000911924603733,5,0.9286551208564109,0.010359363578214946,0.004632848232904815,5
large_long,nomotor_xlink,2.25,pulse_02,5,0.0025968528190705754,0.00236062112447229,0.0010557018606884064,5,1593.6,81.72392550532554,36.54805056360735,5,0.06604761378759295,0.014264228162407433,0.006379156763541986,5,0.2418635174673019,0.027728803127831818,0.012400697745708147,5,0.9274572808305361,0.010803924043282445,0.004831661716904785,5
large_long,nomotor_xlink,2.3,pulse_02,5,0.002146620370438453,0.0013972775788062832,0.0006248815299294338,5,1592.8,82.04389069272618,36.69114334549961,5,0.06571470966864554,0.013702439235387234,0.006127917117577219,5,0.24268295786147168,0.02827498681494468,0.012644958516225314,5,0.9273292893946901,0.011198701194415489,0.005008211426084224,5
large_long,nomotor_xlink,2.35,pulse_02,5,0.0036659623300713184,0.002818922701648929,0.0012606605568408727,5,1591.2,80.38158993202362,35.9477398455035,5,0.06506762600176874,0.01467095661487572,0.006561051257162462,5,0.24219994695239982,0.02846639247449359,0.012730557729431222,5,0.9279048828316782,0.010547825591770315,0.004717131007602074,5
large_long,nomotor_xlink,2.4,pulse_02,5,0.0044035175429116905,0.0035350475270651415,0.0015809213148420367,5,1589.6,80.39154184365418,35.9521904756859,5,0.06485914469461769,0.01375385846930985,0.006150912498057606,5,0.24268340817810596,0.029647488004698234,0.01325875970812297,5,0.9277816104934509,0.010151515521188462,0.004539895756004321,5
large_long,nomotor_xlink,2.45,pulse_02,5,0.004421948536155006,0.003841058785038469,0.0017177737097837538,5,1588.4,80.07996003995008,35.81284685695903,5,0.06391972215100615,0.012758413973563195,0.0057057361859941015,5,0.24231582208429536,0.028593452064437575,0.012787380505492822,5,0.925346967143712,0.010815681606710467,0.00483691985911975,5
large_long,nomotor_xlink,2.5,pulse_02,5,0.003904114974339053,0.00243207595504403,0.0010876574323842347,5,1588.0,80.0,35.77708763999664,5,0.06441181723317455,0.012224648574653649,0.005467029042794294,5,0.24213125230816618,0.027734999908818617,0.01240346903041378,5,0.9275632084922473,0.008474480312916059,0.003789902810732799,5
large_long,nomotor_xlink,2.55,pulse_02,5,0.0031919877921919417,0.0020393712225778198,0.0009120345370081717,5,1586.8,80.23216312676607,35.880914146660196,5,0.06489660522614518,0.013652642877504314,0.006105647509325595,5,0.2430479040596561,0.028808997641412624,0.012883775417965947,5,0.9273041563820396,0.009156342232543812,0.00409484073144403,5
large_long,nomotor_xlink,2.6,pulse_02,5,0.0022514581743098283,0.0013362174658160641,0.0005975746172574442,5,1585.6,81.13445630556724,36.28443192334696,5,0.0636835342458993,0.012684473319581134,0.0056726689202731655,5,0.24250511121538879,0.0287638873133477,0.01286360146595785,5,0.9265391868780977,0.010079868964009519,0.004507854441563133,5
large_long,nomotor_xlink,2.65,pulse_02,5,0.004611041527573463,0.0011555083348524329,0.0005167590370595258,5,1585.2,80.44376918071406,35.975547250875834,5,0.06442442067219989,0.013903154237298451,0.0062176795952527154,5,0.24180237007276,0.02868441436792055,0.012828060084288401,5,0.926506214997682,0.008687254818097625,0.0038850584622257714,5
large_long,nomotor_xlink,2.7,pulse_02,5,0.002241410712513995,0.0016990376539065973,0.0007598327380933825,5,1584.4,79.6919067408981,35.63930414584438,5,0.06351270565349143,0.013423550355957348,0.006003194219062425,5,0.2419719076931682,0.02972872173726051,0.013295088537738028,5,0.9273253407577948,0.009477907231798016,0.004238648970947443,5
large_long,nomotor_xlink,2.75,pulse_02,5,0.0028147020111128464,0.0017190232234993072,0.000768770556529053,5,1583.2,80.44376918071406,35.975547250875834,5,0.06323526601169292,0.01374142338903961,0.006145351361099621,5,0.24256393047047115,0.028986687816964993,0.012963240880259741,5,0.9276665600713455,0.009899822348568807,0.004427335147314294,5
large_long,nomotor_xlink,2.8,pulse_02,5,0.004865880737526229,0.003481409381848239,0.001556933607063637,5,1582.4,80.27951170753344,35.902089075706996,5,0.06250140093499787,0.014161804954921059,0.0063333517126593665,5,0.24195672222036727,0.028603668934394914,0.0127919496286412,5,0.9270368979327319,0.010278311653156772,0.0045966007100773565,5
large_long,nomotor_xlink,2.85,pulse_02,5,0.006056439648920235,0.004891318763969799,0.0021874642511713438,5,1580.4,78.7070517806378,35.1988636180204,5,0.06270240274234176,0.013910264780339453,0.006220859526772039,5,0.24117495201959277,0.02877589127768912,0.01286896980201123,5,0.9275667705219531,0.008594638107955247,0.0038436390102796216,5
large_long,nomotor_xlink,2.9,pulse_02,5,0.0026730668244207517,0.0008207101434498672,0.00036703273411550134,5,1578.8,77.84086330456518,34.811492355255325,5,0.062020055008780196,0.013443842897326462,0.0060122693194499385,5,0.24125341075536405,0.02718832100370323,0.012158986791673146,5,0.9281388178287239,0.009898725446182562,0.004426844597654229,5
large_long,nomotor_xlink,2.95,pulse_02,5,0.004734411044053892,0.0017334848614446883,0.0007752379976314254,5,1577.2,78.25087858931681,34.994856764959046,5,0.06123813231151487,0.014187597460920638,0.006344886472004392,5,0.24053077631048342,0.026798833501051916,0.011984802685210154,5,0.9270591432774777,0.009737806620419624,0.004354879511001154,5
large_long,nomotor_xlink,3.0,pulse_02,5,0.009588108281995921,0.007266395518377316,0.0032496308660983,5,1574.8,80.15734526542157,35.84745458188071,5,0.0610708550068504,0.01603562190972697,0.0071713481303269004,5,0.24105964675663402,0.02705838561895228,0.012100877921076003,5,0.9265390484422674,0.009600920874722018,0.004293662344495034,5
large_long,nomotor_xlink,3.05,pulse_03,5,0.003323993140691665,0.0024165980712293877,0.001080735512312758,5,1692.4,85.71347618665341,38.33223186823329,5,0.05642845176985284,0.016280085190627246,0.007280675433146029,5,0.22298556777431208,0.02252888584205116,0.010075224040031796,5,0.922917130252267,0.009523760084938843,0.004259154990264484,5
large_long,nomotor_xlink,3.1,pulse_03,5,0.002920030528040781,0.0025305722477299295,0.001131706313579712,5,1691.2,85.48216188188036,38.22878496630516,5,0.056665312332922976,0.015914151354312477,0.007117024846492607,5,0.22252322520249562,0.02342691955039046,0.010476836923618374,5,0.9222794667637269,0.010385019031462545,0.004644321700395855,5
large_long,nomotor_xlink,3.15,pulse_03,5,0.002653581845862115,0.0012860779304358495,0.000575151535363361,5,1689.6,85.36275534447093,38.17538473938409,5,0.055583211572058755,0.01433675919614653,0.006411593627925777,5,0.22310311710576491,0.02291129326259553,0.010246241837519309,5,0.9219465729012424,0.008382228607387486,0.0037486465938123626,5
large_long,nomotor_xlink,3.2,pulse_03,5,0.000974570038336638,0.0013795763699430625,0.000616965308669017,5,1688.8,85.65745735194339,38.30717948374691,5,0.05561082653151319,0.01497525952978991,0.006697139657862354,5,0.22299039769675733,0.025067067967956033,0.011210333594591441,5,0.9228562868923891,0.009454373492855904,0.004228124362939584,5
large_long,nomotor_xlink,3.25,pulse_03,5,0.0025734024462271835,0.002073431869474992,0.0009272669213721107,5,1687.2,85.17746180768714,38.09251895057611,5,0.05447155373194512,0.01556281577754135,0.00695990279997774,5,0.22349287345473265,0.02424313163293812,0.010841858063745023,5,0.9224051317974963,0.009678888910905284,0.004328530710290624,5
large_long,nomotor_xlink,3.3,pulse_03,5,0.004348098080499045,0.0030023485936426864,0.0013426911095071878,5,1685.2,84.12609583238722,37.622333792575915,5,0.05382725417762706,0.01573132101138543,0.007035260631465713,5,0.22460807564747842,0.025250735789437515,0.011292472341413819,5,0.9220671035970017,0.010074541681387258,0.004505472008347387,5
large_long,nomotor_xlink,3.35,pulse_03,5,0.0028548175217386175,0.002623217860902522,0.0011731386913539255,5,1683.2,82.29945321811076,36.805434381351894,5,0.05369609884722672,0.014429643728573019,0.006453132853638559,5,0.22348250906697525,0.02439211449159487,0.01090848522363277,5,0.9222174441954353,0.008897229895995583,0.003978962171777901,5
large_long,nomotor_xlink,3.4,pulse_03,5,0.003713538602616821,0.0030871562476965197,0.0013806182454025192,5,1682.4,82.19975669063747,36.76084873884171,5,0.052825327628689,0.014216571025354056,0.006357843843929111,5,0.22464409699013976,0.022709631795682653,0.010156056087827405,5,0.9210817107487269,0.008987685353818794,0.004019415082303615,5
large_long,nomotor_xlink,3.45,pulse_03,5,0.002448013276276395,0.0017686574514294343,0.0007909676580615495,5,1680.8,82.68736300064236,36.97891290992746,5,0.051617906268202104,0.014138682969115817,0.006323011246252305,5,0.223525875204326,0.023162706007555513,0.010358677035147376,5,0.921464335657215,0.00842009836326245,0.0037655824634979114,5
large_long,nomotor_xlink,3.5,pulse_03,5,0.003250902433430211,0.002975788878795628,0.0013308132439349813,5,1680.4,83.25142641420626,37.231169737197355,5,0.052630794529772096,0.01538059541077765,0.006878411374584025,5,0.22424476357615006,0.023942706915933164,0.01070750404587618,5,0.9219118121147949,0.008796419649089067,0.0039338784587956,5
large_long,nomotor_xlink,3.55,pulse_03,5,0.0026508402328141814,0.0013253647503115409,0.0005927211353357281,5,1679.6,83.53921234965051,37.35987152012169,5,0.05261037144760526,0.015345196900106925,0.006862580679351626,5,0.2234713051558023,0.02363096767395523,0.010568090018612796,5,0.9217780005234566,0.007497011890494083,0.0033527656430537953,5
large_long,nomotor_xlink,3.6,pulse_03,5,0.002731739942403403,0.0028968660241423193,0.0012955178703383545,5,1678.4,82.96264219514708,37.10202150826825,5,0.05216511172472048,0.015833335569511962,0.007080882928798818,5,0.2245950290862731,0.024072337832694652,0.01076547675424904,5,0.9218529828236495,0.008314983651645281,0.0037185737353756555,5
large_long,nomotor_xlink,3.65,pulse_03,5,0.004346655794764646,0.0022932351471314015,0.001025565935475509,5,1677.6,82.57602557643472,36.92912130013386,5,0.051245034923341135,0.015641748582872837,0.006995202623652933,5,0.2239419598604515,0.024452598296744642,0.010935534403603318,5,0.9211233014147036,0.0074218658705634925,0.003319159321293125,5
large_long,nomotor_xlink,3.7,pulse_03,5,0.003597154839718719,0.003241546189370234,0.0014496635263274498,5,1677.2,82.39660187167915,36.8488805800122,5,0.051239253270922124,0.015780475656877478,0.0070572432572117375,5,0.2240462404263325,0.024603390191811573,0.011002970589168453,5,0.9214944602575666,0.00911682439262421,0.004077167816167193,5
large_long,nomotor_xlink,3.75,pulse_03,5,0.003201165723118423,0.0032846214852366535,0.0014689273842690958,5,1676.0,81.76796438703852,36.56774535024001,5,0.051275159368743405,0.017464781899078387,0.007810487907709429,5,0.22452256306322765,0.024400112576810167,0.010912062076079018,5,0.9215264176225009,0.008341281407062834,0.003730334449129518,5
large_long,nomotor_xlink,3.8,pulse_03,5,0.002058379884790155,0.001423755449211415,0.0006367227935544946,5,1675.6,81.61372433604535,36.49876710246526,5,0.051006091840327006,0.01785704984725917,0.007985915467214747,5,0.22482808167138502,0.024754486196390105,0.011070542776641696,5,0.920992759467104,0.0093567398801056,0.004184461283939871,5
large_long,nomotor_xlink,3.85,pulse_03,5,0.0024257256118229266,0.001047324241150069,0.0004683776395389873,5,1673.2,81.0259217781569,36.23589380710789,5,0.04992407197454844,0.017703161106844247,0.00791709433030683,5,0.22524191983363262,0.023292978968279414,0.010416936874309137,5,0.9192559991867473,0.008549328571203394,0.0038233759694383876,5
large_long,nomotor_xlink,3.9,pulse_03,5,0.0023263833728243513,0.0014716033392915863,0.0006581210205143348,5,1672.4,80.57791260637123,36.03553801457666,5,0.05017037219386235,0.018124916416646902,0.008105709038824875,5,0.22382956865162082,0.023922885280200895,0.01069863954089166,5,0.9205633185423313,0.008640851472141109,0.00386430625503733,5
large_long,nomotor_xlink,3.95,pulse_03,5,0.0020316716927090066,0.0012793452089538983,0.0005721405707819178,5,1670.4,80.06747154743928,35.8072618333209,5,0.04979348483208122,0.016377286274802262,0.007324145079486431,5,0.22367295039415674,0.023634489520149158,0.01056966503611198,5,0.9199774629896048,0.007669341603126084,0.0034298338334514274,5
large_long,nomotor_xlink,4.0,pulse_03,5,0.004549210088787288,0.004490071188093698,0.0020080208800781502,5,1669.2,80.60521074967797,36.04774611539534,5,0.04939329106074692,0.017929534088467307,0.008018331405342525,5,0.22275905573416951,0.025159627173284804,0.01125172732960314,5,0.9197046928108954,0.007458018738318425,0.0033353273752694426,5
large_long,nomotor_xlink,4.05,pulse_04,5,0.003922625393993803,0.002298896962047433,0.001028097976081163,5,1788.8,89.76190728811416,40.14274529725141,5,0.0462658993689516,0.01591834211900702,0.007118899013439549,5,0.20783635238730708,0.02246916274536994,0.010048515059230597,5,0.9155512863786969,0.008360421562257126,0.003738894186752385,5
large_long,nomotor_xlink,4.1,pulse_04,5,0.0025984821027348263,0.002737347710728633,0.0012241791118485306,5,1788.0,90.82951062292474,40.6201920231798,5,0.04650002283366489,0.014575095312120988,0.006518180779288209,5,0.20818275175593878,0.021933466802728386,0.009808944550627127,5,0.9164081150069977,0.008170683830550887,0.003654040893554031,5
large_long,nomotor_xlink,4.15,pulse_04,5,0.0021023483945798263,0.0017907769325161778,0.0008008597907289453,5,1787.2,91.9195300249082,41.10766351910553,5,0.04606806736885606,0.013569805471519956,0.0060686014951534415,5,0.2089121293396809,0.021907850880777468,0.009797488762069411,5,0.9158340364354551,0.007850228259031913,0.003510728805217037,5
large_long,nomotor_xlink,4.2,pulse_04,5,0.003065992728848895,0.002914838247669558,0.0013035552930411,5,1786.0,92.01086892318754,41.14851151621404,5,0.04581474065156029,0.014141030001712884,0.006324060871138795,5,0.2077454176080448,0.022693484266636137,0.010148834693304073,5,0.9164902972182546,0.007896214795122604,0.003531294609366743,5
large_long,nomotor_xlink,4.25,pulse_04,5,0.0012738281002106907,0.001157940565958843,0.0005178467638777104,5,1784.8,91.63623737365039,40.980971193957814,5,0.04426271251593814,0.01459078828544316,0.006525198890311702,5,0.2075869383361754,0.02280747501796782,0.010199812907060856,5,0.9154825101130623,0.00858629094048315,0.0038399060435021846,5
large_long,nomotor_xlink,4.3,pulse_04,5,0.002022842089667402,0.001720272449768394,0.0007693292275004443,5,1784.0,91.44397191723465,40.89498746790369,5,0.044784311354696744,0.014186259012715304,0.006344287899770094,5,0.20805275041637264,0.02247826645260326,0.010052586360874789,5,0.9155468435017312,0.009440017259596869,0.0042217040602459755,5
large_long,nomotor_xlink,4.35,pulse_04,5,0.001449893298349488,0.0020016747316546814,0.0008951761537647035,5,1782.8,91.15481336715028,40.7656718330509,5,0.04505196923873742,0.012952607729070737,0.00579258227361827,5,0.2075316513803053,0.02172730169269918,0.009716744710504321,5,0.9143680760984554,0.007783805112808402,0.0034810234711700008,5
large_long,nomotor_xlink,4.4,pulse_04,5,0.0029841776316924156,0.002198657308160013,0.0009832694400544982,5,1781.6,90.78986727603473,40.60246297947946,5,0.0450819347415596,0.013444239851484468,0.006012446842746189,5,0.20736351939130904,0.022379411267993917,0.010008376978331832,5,0.9152202010665947,0.0083601382582573,0.003738767489352003,5
large_long,nomotor_xlink,4.45,pulse_04,5,0.003929606987468641,0.004365451335250612,0.0019522891876175184,5,1780.8,91.08896749881404,40.73622466552344,5,0.04602109972400238,0.014135746653082783,0.006321698085801648,5,0.20806084242963685,0.022698568523565568,0.010151108442125929,5,0.9154791964852176,0.008559093619598616,0.003827743031841446,5
large_long,nomotor_xlink,4.5,pulse_04,5,0.003158741349260848,0.0018405968648534659,0.0008231399417970686,5,1778.8,91.25349308382667,40.809802743948666,5,0.04488388682060428,0.013586356325030123,0.006076003261860316,5,0.20748460307357738,0.022015710313201705,0.009845724966652439,5,0.9150159374308174,0.008527222159949808,0.003813489681778071,5
large_long,nomotor_xlink,4.55,pulse_04,5,0.0031058449533247177,0.002460692715363859,0.001100455236658426,5,1778.0,90.42123644365851,40.43760625952035,5,0.045752686583434246,0.01438714512372252,0.006434126899759635,5,0.20798004267700337,0.021122428730782204,0.009446237298384723,5,0.915869041456596,0.008243250102383661,0.0036864935168923934,5
large_long,nomotor_xlink,4.6,pulse_04,5,0.0035888550212072267,0.0025112695700394714,0.0011230738936869853,5,1776.4,91.37176806869833,40.862696925190825,5,0.04423863353725179,0.01343103440437431,0.006006541187263871,5,0.2085523473571526,0.02065842758959005,0.009238729679716095,5,0.9141735263193554,0.00849434797891608,0.0037987879010788605,5
large_long,nomotor_xlink,4.65,pulse_04,5,0.0034608990971738266,0.002591526380015664,0.0011589658302397954,5,1775.6,90.99890109226595,40.6959457440173,5,0.04386197288853445,0.01269101797577722,0.005675595779501929,5,0.20865118138287791,0.020517447353295196,0.009175681401348241,5,0.9145548182692311,0.008062288148232465,0.0036055648707277385,5
large_long,nomotor_xlink,4.7,pulse_04,5,0.003613000595604721,0.0015703911331689316,0.0007023002650057311,5,1774.4,91.9064742006786,41.1018247770096,5,0.04338684740716876,0.012773906662961602,0.005712664727323927,5,0.20880714282538734,0.01985501680974562,0.008879433456198443,5,0.9150215149632904,0.00825010192657551,0.003689557745824964,5
large_long,nomotor_xlink,4.75,pulse_04,5,0.0013906462972594308,0.0013435176948718656,0.0006008393789414623,5,1772.0,90.598013223249,40.51666323872192,5,0.0423643501486364,0.012917847082504236,0.005777036839885361,5,0.20752345697616348,0.020095574641307543,0.008987014188976924,5,0.9149485540765332,0.00780412979211545,0.0034901129440802897,5
large_long,nomotor_xlink,4.8,pulse_04,5,0.0033507992502303926,0.002122055039893354,0.0009490118642395135,5,1771.6,90.42566007500305,40.439584567599105,5,0.043938450847330446,0.013063389144871887,0.005842125228893277,5,0.20755500040717517,0.019937421663773484,0.008916286027254893,5,0.9158103450667541,0.006707628318215239,0.002999742577466373,5
large_long,nomotor_xlink,4.85,pulse_04,5,0.0015610622663072191,0.0007551345893594591,0.000337706454793828,5,1770.0,88.30628516702534,39.491771294790006,5,0.04289113953503391,0.012420877969125802,0.005554785495838966,5,0.20798404859879063,0.020285065396341204,0.00907175703084953,5,0.9158425112572957,0.007757411743225717,0.003469219997461569,5
large_long,nomotor_xlink,4.9,pulse_04,5,0.0027880813449438456,0.0024673703781964715,0.001103441578263335,5,1768.8,89.14706949754434,39.86778147828143,5,0.04202807488302292,0.012649554809189579,0.005657052887691455,5,0.20685784178010586,0.01963347021159738,0.008780354805469784,5,0.9160620454221128,0.008056914307855328,0.003603161616251036,5
large_long,nomotor_xlink,4.95,pulse_04,5,0.0011805602164494111,0.00114542878955628,0.0005122513273666286,5,1767.2,90.46104133824682,40.45540754954769,5,0.041062881988983425,0.012601962775500018,0.005635769083187992,5,0.20612142512412265,0.02016714444371575,0.00901902117764112,5,0.9154534742606716,0.006439644514158663,0.0028798965769184755,5
large_long,nomotor_xlink,5.0,pulse_04,5,0.0028273491448362145,0.0034164883637275477,0.0015279000451263647,5,1767.2,90.46104133824682,40.45540754954769,5,0.04153351144919853,0.01254292387272262,0.00560936608320254,5,0.20662520615168162,0.019859578613490452,0.008881473556853134,5,0.917215597035525,0.006281532763882522,0.002809186852586691,5
large_long,nomotor_xlink,5.05,pulse_05,5,0.0040838222549588465,0.0013833186792762962,0.0006186389202814056,5,1890.0,91.32360045464699,40.84115571332428,5,0.03837581789901642,0.011016488112073808,0.004926723258383071,5,0.19252568870962244,0.018430318601794587,0.008242289048118315,5,0.9125321439089202,0.006755711088613573,0.003021245846097811,5
large_long,nomotor_xlink,5.1,pulse_05,5,0.0028299163204806633,0.0014119737037899766,0.0006314538368233079,5,1889.6,90.63553387055211,40.533442982307825,5,0.038811636870070644,0.010133171906846677,0.004531692242280067,5,0.19339200840041043,0.018146940126765185,0.00811555834141312,5,0.9126689868792747,0.007622599869275236,0.0034089302945960872,5
large_long,nomotor_xlink,5.15,pulse_05,5,0.0017901918237801517,0.0021162270559422587,0.0009464055105822281,5,1888.4,90.71273339504218,40.567967659225914,5,0.03757123281976135,0.011260419138649452,0.00503581252983196,5,0.192905925747436,0.01865606271800074,0.008343244885989828,5,0.9117863702751444,0.008560290631360523,0.003828278351775344,5
large_long,nomotor_xlink,5.2,pulse_05,5,0.0016648761907011255,0.001958264626776373,0.0008757625646810449,5,1887.2,88.65212913404844,39.64643741876437,5,0.037065365889812366,0.009907930323440476,0.004430961143908877,5,0.19412688699967623,0.01682483996929683,0.007524297176380638,5,0.9124028509770424,0.008119538408740641,0.003631167965572909,5
large_long,nomotor_xlink,5.25,pulse_05,5,0.001103779113085383,0.00077564350364541,0.0003468783200914485,5,1886.4,89.05503916118391,39.82662426066261,5,0.03704011388866363,0.009824518643438517,0.004393658306588508,5,0.194017716403407,0.01729831202006609,0.007736040314573897,5,0.911736668253756,0.008905763707280589,0.003982778608205987,5
large_long,nomotor_xlink,5.3,pulse_05,5,0.0020456542274923588,0.0013831196657811224,0.0006185499187406759,5,1886.0,88.3742043811428,39.52214569073901,5,0.03706698216403934,0.010356070340066935,0.004631375452031806,5,0.19427565571834932,0.01767949653887808,0.007906511213780727,5,0.9117226872554832,0.00804401011260593,0.0035973906846965198,5
large_long,nomotor_xlink,5.35,pulse_05,5,0.0021380536463250447,0.0019411948254785083,0.000868128717468157,5,1884.4,87.87946290231865,39.300890575151094,5,0.03730577199614765,0.009662151944857839,0.004321045711526785,5,0.19389704416212122,0.017100427134527058,0.007647543503416888,5,0.9126748363097794,0.007301421225381547,0.0032652948384625903,5
large_long,nomotor_xlink,5.4,pulse_05,5,0.002324152353400274,0.0023373888902278846,0.0010453120896804686,5,1882.0,87.34987120768983,39.06404996924922,5,0.03611039008714572,0.00848279403767705,0.0037936208214751593,5,0.19335827320938082,0.01651811694639884,0.007387126470487811,5,0.9127201810479548,0.006953973206329192,0.0031099113606128485,5
large_long,nomotor_xlink,5.45,pulse_05,5,0.0042932930654747455,0.0028229787704445526,0.0012624744859505586,5,1880.4,85.830064662681,38.384371819791454,5,0.0355187080142591,0.009233497601326444,0.004129345661329436,5,0.19270150598244523,0.016464938250314615,0.007363344234607985,5,0.9120826185630635,0.007197473289985882,0.0032188079085294975,5
large_long,nomotor_xlink,5.5,pulse_05,5,0.0038742451178827688,0.003865811856073128,0.0017288436196808293,5,1879.2,85.57569748474154,38.27061535956797,5,0.03490980188222375,0.009511875243252308,0.004253839927481902,5,0.19321365764379042,0.016625701553805737,0.0074352397695867005,5,0.9121940177141745,0.0073004301375538825,0.003264851610511724,5
large_long,nomotor_xlink,5.55,pulse_05,5,0.0022954612127750627,0.0025671333518396265,0.001148056936404058,5,1876.8,84.37535185111822,37.73380447291261,5,0.03476148963665794,0.007409729978199018,0.0033137319852342075,5,0.1923198619025283,0.01635087820289285,0.007312335030697602,5,0.9112185848694022,0.007747074987984755,0.0034645972599844557,5
large_long,nomotor_xlink,5.6,pulse_05,5,0.0024700262907386694,0.0017062326384913006,0.0007630504330190744,5,1875.6,84.73960113193831,37.89670170344644,5,0.03453313842486407,0.0074885381157111745,0.0033489760557656742,5,0.19389382062738142,0.016230351311125074,0.0072584337660757,5,0.9118534960731768,0.0071929884238472715,0.0032168022154183133,5
large_long,nomotor_xlink,5.65,pulse_05,5,0.002266726174053435,0.0015377476594375526,0.0006877016597487127,5,1874.4,85.63176980537072,38.29569166368457,5,0.03455441437539372,0.007881350088376303,0.0035246469104166776,5,0.19198234974187142,0.01655463643781148,0.007403458483548287,5,0.9117948548585325,0.007968986022244967,0.0035638388914970794,5
large_long,nomotor_xlink,5.7,pulse_05,5,0.0027619114726866734,0.0014510573091339573,0.0006489325564942909,5,1873.2,86.3782380000889,38.62952238897085,5,0.03412409017858331,0.007205277705222641,0.003222298149128303,5,0.19286338910931805,0.017730285779014816,0.007929224852474989,5,0.9117710591235362,0.007978512393915421,0.003568099214423892,5
large_long,nomotor_xlink,5.75,pulse_05,5,0.0024959359411838317,0.0020913025982712643,0.0009352589542512962,5,1872.4,85.47982218044208,38.22773862001256,5,0.03415498164431609,0.006719611523435824,0.0030051016297586845,5,0.1926896336305415,0.017457120236034088,0.007807061507831879,5,0.9111908458820575,0.006913108589908654,0.0030916361485746934,5
large_long,nomotor_xlink,5.8,pulse_05,5,0.001992541917419377,0.0014936440006780183,0.0006679779039401581,5,1871.6,85.35103982963535,38.170145401871345,5,0.033310966357593334,0.006528559707531407,0.0029196606602412746,5,0.19295440168015654,0.019094851945092896,0.008539477393904359,5,0.9111796366241594,0.006606949548613387,0.002954717662922217,5
large_long,nomotor_xlink,5.85,pulse_05,5,0.0026599069689325163,0.0014348471030577708,0.0006416831319511644,5,1871.6,85.35103982963535,38.170145401871345,5,0.03416968315830388,0.006438475747888362,0.002879373888752435,5,0.1936578855104396,0.017829249496916322,0.007973482772581765,5,0.9112115412269789,0.00674673570122901,0.0030172319308345553,5
large_long,nomotor_xlink,5.9,pulse_05,5,0.0026695015756124543,0.0010186184006577927,0.0004555399974005882,5,1870.4,84.8693112968404,37.95470985266519,5,0.03375934912155501,0.007430534134110171,0.003323035886600576,5,0.19323572406777081,0.0172206697456375,0.007701317633863892,5,0.9114872325285874,0.006336638574459141,0.0028338309202676003,5
large_long,nomotor_xlink,5.95,pulse_05,5,0.003540355478510045,0.0014487237680127576,0.0006478889651792322,5,1869.2,84.09042751704857,37.60638243702789,5,0.0331544950785098,0.006787523290509597,0.003035472695288502,5,0.19441534611331562,0.017491002036018718,0.007822213909425016,5,0.9108050093720514,0.006979843343912467,0.003121480837857544,5
large_long,nomotor_xlink,6.0,pulse_05,5,0.007535792790014581,0.005268784850326848,0.0023562722168303774,5,1868.4,85.10464147154372,38.059952706223896,5,0.0331423989114204,0.006271444882471166,0.002804675414869741,5,0.19423401481974817,0.018772652257217064,0.008395385313020445,5,0.9110889422774019,0.007343337017014784,0.003284040150347117,5
large_long,nomotor_xlink,6.05,pulse_06,5,0.004245837831316261,0.003954121407542276,0.0017683368517103354,5,1983.2,86.56327165721036,38.71227195606065,5,0.03142013740052692,0.006931274675433491,0.003099760268998415,5,0.1824197552127374,0.017862578627910866,0.007988388013088724,5,0.9066368435052459,0.007163924555847991,0.003203804458511219,5
large_long,nomotor_xlink,6.1,pulse_06,5,0.002402964099355298,0.0022309754647510172,0.000997722559063492,5,1982.0,86.59099260315706,38.72466913996813,5,0.031820564277693954,0.008017163516338898,0.003585384521853004,5,0.18247189876673814,0.017993784236335353,0.008047064944981999,5,0.9079366031889343,0.007746326400848466,0.003464262481639691,5
large_long,nomotor_xlink,6.15,pulse_06,5,0.0025712234722592283,0.002332936276575918,0.0010433208203198005,5,1981.6,86.34118368426506,38.61295119516248,5,0.031434097052923264,0.007850508494270592,0.0035108541302257125,5,0.18236198863748548,0.018117286585492366,0.008102296874601197,5,0.9072142716869823,0.00779611642584467,0.003486529257738276,5
large_long,nomotor_xlink,6.2,pulse_06,5,0.0036865622297342546,0.0030310738269341215,0.0013555374243690256,5,1980.8,86.72485226277414,38.78453299963788,5,0.03163611756839582,0.00769866845488714,0.0034429492002721832,5,0.1825951664810831,0.017004409332644473,0.007604603037004974,5,0.9082049130484652,0.00792193597996029,0.0035427974729185237,5
large_long,nomotor_xlink,6.25,pulse_06,5,0.004152722153010628,0.002821504449193046,0.0012618151494427504,5,1979.6,86.8723201025505,38.85048262248488,5,0.032497462259778856,0.005692245727903198,0.002545649678444864,5,0.18265909319853524,0.017693300054729372,0.007912684333735124,5,0.9072164381455862,0.006472991159678684,0.002894809650159347,5
large_long,nomotor_xlink,6.3,pulse_06,5,0.0041053815570805344,0.0043054982992119595,0.001925477374809534,5,1978.8,85.51724972191283,38.24447672540442,5,0.032097350867056146,0.005732301570641838,0.0025635631958967923,5,0.18280855373867042,0.018004019580768534,0.008051642330167141,5,0.9079022269279033,0.007878124474458596,0.0035232043720188452,5
large_long,nomotor_xlink,6.35,pulse_06,5,0.0034994700905426925,0.003012924904162863,0.00134742097936204,5,1976.8,84.49378675381995,37.78677017158254,5,0.031154471355429002,0.005161967981289124,0.0023085022607679685,5,0.18194938079099812,0.017373126471165654,0.0077694983542454885,5,0.9068775182538756,0.007110912605586348,0.0031800967936302447,5
large_long,nomotor_xlink,6.4,pulse_06,5,0.003152396167669055,0.0013495290798005274,0.0006035277520093435,5,1974.4,85.04586997614875,38.0336692944554,5,0.029950442436882874,0.005100807052943209,0.0022811502620982767,5,0.18017879787696503,0.016483385146137498,0.0073715939372147495,5,0.9060025086707606,0.006665476091980149,0.0029808915288134508,5
large_long,nomotor_xlink,6.45,pulse_06,5,0.002699871019922166,0.001528405667135219,0.0006835237937820532,5,1973.6,84.72779945212787,37.89142383178547,5,0.029969271819642394,0.005785690433538151,0.002587439421232307,5,0.18051446516075415,0.017239739046713554,0.007709845684561786,5,0.9059380068640438,0.007588123377811196,0.0033935119388882307,5
large_long,nomotor_xlink,6.5,pulse_06,5,0.0010317419728553229,0.0006741760559262196,0.00030150069797074534,5,1972.0,84.77027781009096,37.91042073098108,5,0.02875383896122899,0.006313483407340893,0.0028234756147262462,5,0.17998794467032245,0.017442348974312554,0.007800455598767321,5,0.9060330010258465,0.007568568953164232,0.003384766934333929,5
large_long,nomotor_xlink,6.55,pulse_06,5,0.002939603046182556,0.002195216642263131,0.0009817307274878396,5,1970.0,84.17838202293983,37.64571688784794,5,0.02819333010726277,0.005648033660493716,0.0025258774408141835,5,0.17916987292304304,0.01704571036151946,0.007623073418626005,5,0.9066552595313995,0.00665416971523937,0.00297583516341913,5
large_long,nomotor_xlink,6.6,pulse_06,5,0.002951278257228681,0.0009553404172705656,0.00042724122293399974,5,1968.0,85.53361912137238,38.251797343392894,5,0.02735261724847582,0.007077168620122971,0.00316500602456467,5,0.1796513504769578,0.018161542432766492,0.008122088691182555,5,0.9064131912728776,0.008295097578248518,0.0037096804129915133,5
large_long,nomotor_xlink,6.65,pulse_06,5,0.004002883972477101,0.0021819369038625323,0.0009757918479304091,5,1965.6,84.82216691407972,37.93362624374316,5,0.02621098048709018,0.004970405440241527,0.0022228328880229647,5,0.17878802679285832,0.017294820588928568,0.007734478899101445,5,0.9067703064306109,0.006459542968143578,0.0028887954360699596,5
large_long,nomotor_xlink,6.7,pulse_06,5,0.0026758599970919225,0.002670435062139746,0.0011942548656886695,5,1964.8,84.12609583238722,37.622333792575915,5,0.0265986314696408,0.005515925573300386,0.0024667969081458322,5,0.17853819078688873,0.017036191708336684,0.0076188165475118185,5,0.9064632774882698,0.006238027578074817,0.0027897307420187336,5
large_long,nomotor_xlink,6.75,pulse_06,5,0.0030543368296325644,0.0023241492114227376,0.0010393911253187543,5,1964.0,84.52218643646175,37.79947089576783,5,0.026621352685454725,0.0045337328334625945,0.002027546961489019,5,0.17931953106273107,0.01833500369754167,0.008199662927082633,5,0.9066113120473563,0.005724181916117981,0.002559931976002961,5
large_long,nomotor_xlink,6.8,pulse_06,5,0.002480561078433189,0.0016618973469752082,0.000743223087892624,5,1961.6,82.8420183240365,37.04807687316576,5,0.02547679494122202,0.004037310469164721,0.0018055401310647767,5,0.1788394402122619,0.017486673402053926,0.007820278085466018,5,0.9058510528051018,0.005640950141863839,0.0025227095949789252,5
large_long,nomotor_xlink,6.85,pulse_06,5,0.0028868769975729223,0.0014333853954366165,0.0006410294364303383,5,1960.8,83.72096511627181,37.44115382837447,5,0.025669244166947446,0.004321612903310282,0.0019326840448484033,5,0.1786033814975833,0.016812350192275543,0.007518711578291954,5,0.9063800789882889,0.006362138112131718,0.00284523466019374,5
large_long,nomotor_xlink,6.9,pulse_06,5,0.0029175798444393075,0.0019511091076962442,0.000872562519265552,5,1960.4,83.70663056174224,37.43474322070341,5,0.02568735483538199,0.004034115497464584,0.001804111296283238,5,0.17887679237780896,0.017210262893404597,0.007696663548058979,5,0.9063751595849248,0.005984571467189507,0.002676381723368278,5
large_long,nomotor_xlink,6.95,pulse_06,5,0.0031370729747819404,0.002423319928049105,0.0010837416180695396,5,1958.4,83.53921234965051,37.35987152012169,5,0.024900766825952134,0.004919028021059459,0.002199856207663043,5,0.17816422234201235,0.017520885358870315,0.007835578137682965,5,0.9066288583658686,0.005035176571822376,0.0022517994186618366,5
large_long,nomotor_xlink,7.0,pulse_06,5,0.005757507949762205,0.0027120318351725944,0.0012128575081178851,5,1958.0,83.98809439438426,37.560617673302445,5,0.025747855469313692,0.005774921454142984,0.002582623387237129,5,0.17921245970008404,0.017230004490847578,0.007705492258832367,5,0.9076764341162151,0.005680718666770025,0.0025404946199899503,5
large_long,nomotor_xlink,7.05,pulse_07,5,0.003768211375885737,0.0034378531134078884,0.0015374546516478663,5,2084.4,82.01707139370437,36.67914939035528,5,0.024191406611677773,0.004842480005128676,0.0021656228942302496,5,0.1662874175916096,0.015633393183476292,0.006991465975446966,5,0.9028450056745563,0.0055833620915045614,0.00249695543591992,5
large_long,nomotor_xlink,7.1,pulse_07,5,0.002224004741577386,0.0007878800024625008,0.0003523506487237707,5,2083.2,80.63001922361174,36.05884080222213,5,0.02307513175166329,0.005261356569637076,0.0023529501887147217,5,0.16643121442604394,0.01459186888548621,0.006525682149342252,5,0.9026771297548745,0.00488308011418302,0.0021837798149781334,5
large_long,nomotor_xlink,7.15,pulse_07,5,0.0013399294473639854,0.0011928382201463873,0.0005334534692814362,5,2082.8,80.67961328613319,36.0810199412378,5,0.023646973582583712,0.005120349185873945,0.0022898897696299694,5,0.16651045796321656,0.014420028194594528,0.006448832656115386,5,0.9018659710072651,0.00481239947006181,0.002152170469988434,5
large_long,nomotor_xlink,7.2,pulse_07,5,0.001186509239892904,0.0011859227754397069,0.0005303607883896805,5,2081.6,80.12989454629277,35.83517824708006,5,0.022913888620147635,0.004754940019993231,0.0021264738227278145,5,0.16643646162103196,0.013433250719958134,0.006007532353724875,5,0.9015694324921328,0.00512980390742447,0.0022941180496490305,5
large_long,nomotor_xlink,7.25,pulse_07,5,0.0022850970513554002,0.0004514711313887853,0.0002019040279328126,5,2080.8,80.67961328613319,36.0810199412378,5,0.022914815399857964,0.004757246643665366,0.0021275053761936956,5,0.16547541550617476,0.013570698193318366,0.006069000732478689,5,0.901758478727143,0.005179278509238229,0.0023162437642120903,5
large_long,nomotor_xlink,7.3,pulse_07,5,0.0038837265861233782,0.0008777171908793894,0.0003925270607652946,5,2079.6,81.26992063488188,36.34501341312175,5,0.022343312645376194,0.004474247181551912,0.0020009441692173838,5,0.1652193027361192,0.014154364820349739,0.006330024383326723,5,0.9019969429034008,0.004925890251560693,0.0022029250904386497,5
large_long,nomotor_xlink,7.35,pulse_07,5,0.0026136149090994526,0.00204658073199466,0.0009152587276362676,5,2078.8,80.79108861749543,36.130873224985855,5,0.022357589010446002,0.004531855736363868,0.0020267074981463948,5,0.1660079396312398,0.01473173918235156,0.006588234047707051,5,0.9021874348488496,0.0056962164519696115,0.0025474254402313434,5
large_long,nomotor_xlink,7.4,pulse_07,5,0.0016305173482942098,0.0010341006124736023,0.0004624638530130283,5,2078.0,81.05553651663777,36.24913792078371,5,0.0219845581528147,0.004891614398206265,0.0021875964628211867,5,0.16615159159808268,0.014761113412656377,0.006601370602856712,5,0.9021582748212869,0.006135115029846988,0.002743706851303703,5
large_long,nomotor_xlink,7.45,pulse_07,5,0.003238907817787773,0.0021077248692321624,0.000942603217093994,5,2076.4,81.34371518439517,36.378015338937885,5,0.021602788256006235,0.004505799599560143,0.002015054839521562,5,0.16603017888649907,0.014337071870944804,0.0064117334603465345,5,0.9030393085117577,0.0053201356077205554,0.0023792369736760632,5
large_long,nomotor_xlink,7.5,pulse_07,5,0.0021598435458791703,0.0017612959543044436,0.0007876754964640198,5,2074.8,79.20353527463278,35.420897786476274,5,0.020878052551894122,0.00496269092358392,0.0022193828512909715,5,0.1653488433518801,0.014160975856137141,0.006332980928411186,5,0.9029486048719711,0.005357934941356223,0.0023961413495787727,5
large_long,nomotor_xlink,7.55,pulse_07,5,0.0048335762330058134,0.0018413946018505324,0.0008234967006277901,5,2074.4,79.62914039470726,35.611234182487976,5,0.02126534118505178,0.005383793312081482,0.0024077055645245864,5,0.16541867666378834,0.014758509513706714,0.006600206103845115,5,0.9035214337461872,0.006288323527092759,0.00281222377421813,5
large_long,nomotor_xlink,7.6,pulse_07,5,0.0038224180303098555,0.0026632347400197113,0.0011910347837446108,5,2074.0,80.06247560499239,35.805027579936315,5,0.02069924463068982,0.0047494469961514045,0.0021240172677853444,5,0.1651254889063676,0.014571428922001993,0.006516541119780587,5,0.903786786004581,0.005247903555281254,0.0023469338177943416,5
large_long,nomotor_xlink,7.65,pulse_07,5,0.001718114529393855,0.0018554795627281977,0.000829795686624367,5,2073.6,80.50341607658646,36.002222153639345,5,0.02048494934100101,0.004306367494843109,0.0019258660909129335,5,0.1656668972323746,0.015116607133956407,0.006760352228136959,5,0.9035720067010612,0.00535344544341505,0.002394133585062511,5
large_long,nomotor_xlink,7.7,pulse_07,5,0.0027428234439745404,0.0019406333766959045,0.0008678776299393997,5,2072.4,80.78861305901965,36.12976612157903,5,0.020507283375592218,0.005510105611194752,0.002464194141966898,5,0.16616097188806314,0.014922221610475447,0.006673420379267898,5,0.9034383752583779,0.005840554131790584,0.002611975212990202,5
large_long,nomotor_xlink,7.75,pulse_07,5,0.0047899182490567975,0.0006438042120061885,0.00028791799644930474,5,2071.6,81.67496556473104,36.52615501253862,5,0.01973302586855006,0.004697499942190138,0.002100785839007696,5,0.1663126165106536,0.015138332761856837,0.0067700682243048045,5,0.9028200063110999,0.005714325350485417,0.0025555239858471406,5
large_long,nomotor_xlink,7.8,pulse_07,5,0.004009833303402418,0.002364304055727052,0.0010573489176168278,5,2071.2,82.12916656097272,36.729279873147526,5,0.020714976003126072,0.004454116273969546,0.0019919413536567962,5,0.1665003184427814,0.01516239027897568,0.006780827073034324,5,0.9035818948723902,0.005957466224907081,0.0026642598905102567,5
large_long,nomotor_xlink,7.85,pulse_07,5,0.00270672988774141,0.0032548835886529346,0.0014556281926152849,5,2069.6,83.98095022086855,37.55742270177761,5,0.019515925130787704,0.003633071965095697,0.0016247591762205442,5,0.16623018825066035,0.01603831930348352,0.007172554441487245,5,0.9035687514589575,0.006080888195339285,0.002719455873670932,5
large_long,nomotor_xlink,7.9,pulse_07,5,0.0030606758327227663,0.0027597884928946895,0.001234214934726844,5,2067.2,83.3378665433667,37.26982693815467,5,0.01840810515639474,0.0038058375432650977,0.001702022291612311,5,0.16630798567976085,0.015657827933881048,0.007002393528030621,5,0.9030597130974056,0.006647631495724176,0.002972911182761572,5
large_long,nomotor_xlink,7.95,pulse_07,5,0.002772405262877046,0.0017427439086569936,0.0007793787694261443,5,2065.6,84.56240299329248,37.81745628674673,5,0.018209896767274282,0.003591505742088492,0.001606170196178139,5,0.1658716975663459,0.01646282744588011,0.007362400254167433,5,0.9029867506151149,0.006133995347810869,0.0027432061142745137,5
large_long,nomotor_xlink,8.0,pulse_07,5,0.003515965689167485,0.002720152205075175,0.001216489047938808,5,2064.8,84.33978894922609,37.71790025969102,5,0.018215665663978607,0.003619562776566903,0.0016187176834462954,5,0.1659068343717561,0.016543320935395074,0.007398398037027758,5,0.9025217074066079,0.006052260111994556,0.0027066530055860636,5
large_long,rotatable_xlink,0.0,initial,5,0.06568253688326332,0.04939536379124988,0.022090278242113293,5,484.0,20.73644135332772,9.273618495495702,5,0.2006407012894195,0.02810536815265117,0.01256910274439714,5,0.4350403641843214,0.05234212557320017,0.023408110173701143,5,0.9334771520167031,0.011196068222097963,0.005007033925067251,5
large_long,rotatable_xlink,0.05,initial,5,0.06089533827066124,0.015350305500945913,0.006864865315100804,5,534.4,24.63331078032346,11.016351483136328,5,0.19092073023715597,0.033286187389075066,0.014886035542753617,5,0.42558206206107174,0.03927436257474996,0.017564028898022915,5,0.9397857176027967,0.009352982920208166,0.00418278112039599,5
large_long,rotatable_xlink,0.1,initial,5,0.0649093162086917,0.0211360039819874,0.009452308335286014,5,586.8,26.48018126826174,11.84229707446997,5,0.1782559917547663,0.033662282951983875,0.015054230591693646,5,0.41671505162664124,0.04348576960950723,0.01944742738015053,5,0.9426149527204286,0.010439496438251386,0.004668684737359406,5
large_long,rotatable_xlink,0.15000000000000002,initial,5,0.05878699164527721,0.016372836565061628,0.007322155108794391,5,641.6,29.202739597510366,13.059862173851604,5,0.16345937926348525,0.02893766516273755,0.012941317282801734,5,0.41104292484600524,0.04371250665047775,0.019548827267475977,5,0.9431344091070389,0.012806142261565973,0.005727080925278881,5
large_long,rotatable_xlink,0.2,initial,5,0.04685513293554645,0.02407967400119411,0.010768757588540876,5,690.4,36.03886790674757,16.117071694324622,5,0.15675425829279885,0.024795997662905616,0.011089107268836574,5,0.4117896418942967,0.03646547642694862,0.01630785682451465,5,0.946278153583774,0.010502398871411633,0.004696815560658697,5
large_long,rotatable_xlink,0.25,initial,5,0.04705957351744328,0.02165689631055468,0.009685258466412933,5,732.8,35.28739151595085,15.78100123566309,5,0.14990622291914377,0.02487242291256671,0.011123285679524494,5,0.4036730164539567,0.035755962457186284,0.015990552531039787,5,0.9442179006739198,0.010856874948219462,0.004855342081486645,5
large_long,rotatable_xlink,0.30000000000000004,initial,5,0.04428209182419601,0.013476473149384228,0.006026862011794762,5,782.0,33.49626844888845,14.979986648859203,5,0.14404850948824546,0.02414107152295363,0.010796215395001738,5,0.3927942273621254,0.03178990867032327,0.014216879357070555,5,0.9458670318765423,0.00876705856304997,0.003920747781940272,5
large_long,rotatable_xlink,0.35000000000000003,initial,5,0.05259950448485597,0.013639560400581594,0.006099796847782941,5,816.4,33.027261466854924,14.770240350109404,5,0.1347685716422674,0.021789775191392913,0.009744683708478608,5,0.38513414981208766,0.03128489888146899,0.013991032113634358,5,0.948609885050374,0.008059546320831227,0.0036043386882373906,5
large_long,rotatable_xlink,0.4,initial,5,0.055783884967787786,0.014126229709498053,0.006317441979242951,5,849.2,28.16380656090366,12.59523719506703,5,0.13093014116453977,0.021797612398430345,0.009748188614016495,5,0.3789147297583111,0.035778627365133264,0.016000688586014434,5,0.9456696353803636,0.006848250914655318,0.00306263091442888,5
large_long,rotatable_xlink,0.45,initial,5,0.0500311617430715,0.026864668547676537,0.012014245013121056,5,885.6,23.638950907347812,10.571660229122008,5,0.1262485649470928,0.02055318728445856,0.00919166478446673,5,0.36923625832187507,0.03543398495334068,0.015846559813874894,5,0.9433709509146965,0.00808114371230544,0.003613997335331993,5
large_long,rotatable_xlink,0.5,initial,5,0.041428693836238276,0.022226438894387468,0.009939965653119128,5,924.4,37.560617673302445,16.79761887887685,5,0.12233119037099598,0.022065054615654153,0.009867792409569635,5,0.36517856811361854,0.03456359444912958,0.015457309346997626,5,0.9458270917929626,0.010468895152355884,0.0046818322419971544,5
large_long,rotatable_xlink,0.55,initial,5,0.033136117852843774,0.024900258636743576,0.011135734193816976,5,959.2,34.13502599969714,15.265647709809103,5,0.11789689261153007,0.02213949800877708,0.009901084507069356,5,0.3614229910851924,0.03664211386645473,0.016386851488936087,5,0.944556078830409,0.00844233619516276,0.003775527524258172,5
large_long,rotatable_xlink,0.6000000000000001,initial,5,0.030262607729850483,0.013375471173782282,0.0059816925551332166,5,996.0,27.459060435491963,12.280065146407,5,0.11428236405381564,0.019253449524786873,0.008610404387756893,5,0.35975989518418644,0.03668784487815247,0.016407303019103283,5,0.9436442996137966,0.009668295700562676,0.0043237932826054185,5
large_long,rotatable_xlink,0.65,initial,5,0.017634888683133825,0.009008565108682315,0.004028752792549287,5,1025.6,29.339393313427596,13.12097557348538,5,0.11574801814580107,0.019385796559524836,0.008669591781015815,5,0.35749595711468957,0.041143585471618865,0.018399970790522503,5,0.9445514534511672,0.007412936059951154,0.003315165788582047,5
large_long,rotatable_xlink,0.7000000000000001,initial,5,0.016704796450859774,0.010490869908647745,0.004691659651768674,5,1053.2,33.514176105045465,14.987995196156158,5,0.11490942606752053,0.02180395234203883,0.009751023922992912,5,0.3562688037588724,0.04269985075542047,0.01909595378364318,5,0.9445035982015195,0.006339304641913741,0.0028350232218798174,5
large_long,rotatable_xlink,0.75,initial,5,0.01850534240035375,0.009615749390303262,0.00430029385826405,5,1076.0,37.33630940518894,16.69730517179344,5,0.1153176640085722,0.025575567449769233,0.011437741476162989,5,0.3546196225250305,0.04270877755140763,0.019099945968172896,5,0.9436893946757119,0.0074773154752995254,0.0033439571383961776,5
large_long,rotatable_xlink,0.8,initial,5,0.02213585235085264,0.01138404062567759,0.005091097739526865,5,1098.4,36.80760790923528,16.4608626748418,5,0.11320671730471343,0.027089904740279197,0.012114973700651614,5,0.3486737939066197,0.03912615480398646,0.017497748367978735,5,0.9446876333167674,0.006689743697140654,0.0029917443317714534,5
large_long,rotatable_xlink,0.8500000000000001,initial,5,0.02635549223923833,0.005355933795877213,0.0023952464101139864,5,1122.8,40.8803131103469,18.282231811242305,5,0.11328495099264527,0.025352719830544115,0.011338080991120717,5,0.34846286190624676,0.03815973035472535,0.01706555021524561,5,0.9438902176531876,0.007511218635485778,0.0033591190925618825,5
large_long,rotatable_xlink,0.9,initial,5,0.017449430361668336,0.01016783372651259,0.004547193479279432,5,1143.6,44.86423965699184,20.06389792637512,5,0.11045247925059029,0.023449750658899787,0.01048704730574408,5,0.3496347832338457,0.038064228124116396,0.017022840319316713,5,0.9431284344759854,0.006732993360804193,0.0030110861693625887,5
large_long,rotatable_xlink,0.9500000000000001,initial,5,0.006730596908144149,0.0052862450876632215,0.0023640806723478594,5,1162.4,49.44491884915982,22.112439937736404,5,0.11039964843507215,0.024810096843764985,0.011095412614202297,5,0.3517203241689105,0.04106565632379209,0.018365119816128643,5,0.9438308023920815,0.010389801628224251,0.004646460542689484,5
large_long,rotatable_xlink,1.0,initial,5,0.027720452894084424,0.014082792754050732,0.006298016382219782,5,1183.2,47.214404581652836,21.114923632350653,5,0.11075768613955447,0.024623990652354252,0.0110121833951967,5,0.3508451271744059,0.039136340652269216,0.017502303617812486,5,0.9435999894630711,0.010026835534390502,0.004484137170821518,5
large_long,rotatable_xlink,1.05,pulse_01,5,0.016546925806399937,0.020140933610893395,0.009007299336853585,5,1313.6,44.054511687226764,19.7017765696396,5,0.10182997195964831,0.021941116478446446,0.00981236558960941,5,0.3196206023879051,0.032502825034988504,0.014535705247803255,5,0.9459606970193036,0.008585164861583396,0.003839402445708609,5
large_long,rotatable_xlink,1.1,pulse_01,5,0.017359359690410393,0.019855226087050454,0.008879527047854394,5,1327.6,40.85094858139771,18.269099594670774,5,0.1027541763484781,0.022524560313461155,0.010073289604838623,5,0.3192758557459768,0.031565747415380215,0.014116631396275689,5,0.9455482013329176,0.009488763151631914,0.004243503885888821,5
large_long,rotatable_xlink,1.15,pulse_01,5,0.027418540737998542,0.013944405611041231,0.006236127770423537,5,1344.4,35.56402676863237,15.90471628165683,5,0.10293940561889903,0.022856127243197175,0.01022157084363475,5,0.3241337134362876,0.030634015953234686,0.013699948419049155,5,0.945791128944345,0.010112870929199068,0.004522613369074116,5
large_long,rotatable_xlink,1.2,pulse_01,5,0.03183534579523594,0.01948650788806321,0.00871463125635904,5,1353.6,33.92344322146559,15.1710250148103,5,0.11110125962806439,0.02508798440042316,0.011219687707560098,5,0.32984188279231763,0.029228280140184124,0.013071284251771755,5,0.9459575449665808,0.008746913938136144,0.003911738831802561,5
large_long,rotatable_xlink,1.25,pulse_01,5,0.017615622524674725,0.014639076814826527,0.006546794177158643,5,1363.2,35.372305551094634,15.818975946628152,5,0.11056442711950928,0.028085379197601377,0.012560163411939034,5,0.32917537591913726,0.03193914037669753,0.014283617805040784,5,0.947063286346839,0.01013877575546585,0.004534198359569685,5
large_long,rotatable_xlink,1.3,pulse_01,5,0.011050134527588065,0.01230012517974015,0.005500783206731159,5,1376.4,38.403124872853766,17.1743995528228,5,0.11042595653529479,0.028977149762332916,0.012958975332553654,5,0.33582217966411193,0.03343182494693604,0.014951166638644457,5,0.94719950854413,0.011402580985488046,0.005099389240499562,5
large_long,rotatable_xlink,1.35,pulse_01,5,0.01943324151409535,0.015908719641613087,0.007114595710726591,5,1390.4,33.53803810600733,14.998666607402136,5,0.10921793763233897,0.028543501362433943,0.01276504187245203,5,0.33715992119878785,0.03043111785031615,0.013609209628922836,5,0.9469728156519096,0.009749125736257917,0.004359941573493078,5
large_long,rotatable_xlink,1.4,pulse_01,5,0.015791037766166305,0.009414834698250614,0.004210442076442418,5,1398.4,31.508728949292763,14.091131963046827,5,0.10835029682433554,0.02745251479629866,0.01227713784756852,5,0.33817058447039977,0.03228569878749383,0.014438603437983748,5,0.9483527106624262,0.010796309063534994,0.004828256194432268,5
large_long,rotatable_xlink,1.45,pulse_01,5,0.0083868866080626,0.006116473452601217,0.0027353700845178315,5,1410.0,33.37663853655727,14.926486525636232,5,0.10800934619475869,0.026576843065776727,0.011885525544484134,5,0.33541465250399466,0.03210078141713379,0.014355905875914636,5,0.9476515444402247,0.011290084121525382,0.00504907911348435,5
large_long,rotatable_xlink,1.5,pulse_01,5,0.006579821600633298,0.0029245510766392185,0.001307899002207098,5,1419.6,38.24656847352452,17.104385402580238,5,0.1072687512826707,0.027707399884561515,0.012391125924329874,5,0.3352964975140077,0.034174925093518965,0.015283491127014352,5,0.9465135280249977,0.009554137441863243,0.004272740157276431,5
large_long,rotatable_xlink,1.55,pulse_01,5,0.009027485045793485,0.002334663738295026,0.0010440933646862914,5,1430.0,35.888716889852724,16.049922118191105,5,0.10839800018952198,0.026800275761356712,0.011985447683626707,5,0.334487599475676,0.03374612315376435,0.015091725069779335,5,0.9489686661638499,0.009695224952894967,0.004335836410365068,5
large_long,rotatable_xlink,1.6,pulse_01,5,0.008357245670393117,0.007907985423327032,0.003536558594327339,5,1436.0,36.05551275463989,16.1245154965971,5,0.10932861711529093,0.02592934236677438,0.01159595442879456,5,0.33553843325377847,0.03287126730790169,0.014700477641406938,5,0.9502660318677089,0.00800844989989161,0.003581487674111805,5
large_long,rotatable_xlink,1.65,pulse_01,5,0.009450037827798154,0.0059309311176257646,0.002652393029776002,5,1440.4,32.75362575349483,14.647866738880442,5,0.11134884043277286,0.024556970209508106,0.010982210941979475,5,0.33748940421833334,0.03202971992067234,0.014324126208580505,5,0.9498707846691445,0.007472137008258395,0.0033416412575315354,5
large_long,rotatable_xlink,1.7000000000000002,pulse_01,5,0.01713118656231729,0.018596946366836734,0.008316807250032936,5,1445.2,29.209587467131403,13.062924634246343,5,0.11260003067227062,0.021461670722923498,0.0095979509294348,5,0.33955972899995046,0.030388929867759266,0.013590342589556681,5,0.9505631682141699,0.006604413567729994,0.0029535835377932354,5
large_long,rotatable_xlink,1.75,pulse_01,5,0.0273849365332413,0.03348280640570311,0.01497396624012351,5,1451.6,30.57449917823675,13.673331708109766,5,0.11213745330324398,0.020187313501705852,0.00902804105458272,5,0.3423765816340503,0.03198515207978245,0.014304194864212465,5,0.9510976933781639,0.008388890400966739,0.003751625838471419,5
large_long,rotatable_xlink,1.8,pulse_01,5,0.02788916504055553,0.026746051275277946,0.011961197756243285,5,1457.6,29.610808837314792,13.242356285797477,5,0.11193186787416524,0.021861496477755,0.009776758442826479,5,0.3438873623372542,0.03729634034191978,0.016679430463300074,5,0.9520182123016339,0.009390364749310728,0.004199498782595312,5
large_long,rotatable_xlink,1.85,pulse_01,5,0.01733347095304936,0.01726373572612845,0.007720577325842981,5,1465.2,26.630809225406576,11.909659944767524,5,0.1146345103700201,0.025659732420433064,0.011475381195308708,5,0.3461760731628214,0.039128450671586115,0.01749877511118277,5,0.9509273166914779,0.00900995636049333,0.004029374979273937,5
large_long,rotatable_xlink,1.9,pulse_01,5,0.01282359649298539,0.013163868596456007,0.0058870610057100755,5,1471.2,25.635912310662945,11.46472851837321,5,0.11460617758872652,0.027124210121207682,0.012130315533401636,5,0.3459005847646396,0.04055765030952419,0.018137932619952293,5,0.9529051871524225,0.009068055881584177,0.004055357874997801,5
large_long,rotatable_xlink,1.9500000000000002,pulse_01,5,0.014141948343631064,0.017349556240562888,0.007758957426670862,5,1475.6,27.509998182479038,12.302845199383757,5,0.11395150740453344,0.026110752299816856,0.011677083417209891,5,0.34772985609045043,0.04639988697643826,0.020750660285524625,5,0.950065480477288,0.009376476042371528,0.0041932875640281865,5
large_long,rotatable_xlink,2.0,pulse_01,5,0.021966326692189498,0.024240085939574444,0.010840495988265062,5,1478.4,28.788886744714528,12.874781551544864,5,0.11427054753170443,0.02817300971744859,0.012599352971795437,5,0.34818967298938086,0.05102015046228127,0.022816904931185645,5,0.9492407491147782,0.00998974646980965,0.004467550436896586,5
large_long,rotatable_xlink,2.05,pulse_02,5,0.016982610390610466,0.015987221481314786,0.007149702800712949,5,1594.4,31.029018676071598,13.876599006961323,5,0.10895506807062572,0.02865291921788571,0.01281397502500051,5,0.32423175314150854,0.04917890267980493,0.02199347389017808,5,0.950493684126475,0.010177012066450677,0.004551298157683864,5
large_long,rotatable_xlink,2.1,pulse_02,5,0.012160084238717343,0.011981941825138656,0.005358487284691587,5,1592.0,29.832867780352597,13.341664064126334,5,0.10936849610753133,0.027578221020907893,0.01233335538025274,5,0.3256481436978974,0.049105482223415896,0.021960639263893092,5,0.9498570842174485,0.00959115352731205,0.004289294253941325,5
large_long,rotatable_xlink,2.15,pulse_02,5,0.012363608513472579,0.007699665161516326,0.0034433949410274806,5,1590.0,29.393876913398138,13.145341380123986,5,0.10938401051698184,0.02529210159901746,0.011310971693846834,5,0.3245970492173612,0.05053418047853695,0.022599572547450295,5,0.9488128363857651,0.009331025041774233,0.004172961258632,5
large_long,rotatable_xlink,2.2,pulse_02,5,0.012709481839333608,0.015931437865550742,0.007124755609337122,5,1588.4,29.099828178186893,13.013838787997951,5,0.11098115080324811,0.024867042217934735,0.011120879359731842,5,0.32635594320523087,0.05010794570804778,0.02240895456321273,5,0.949425451026187,0.008244526586904456,0.003687064378124538,5
large_long,rotatable_xlink,2.25,pulse_02,5,0.015758770784426016,0.014416694683647736,0.006447341864699233,5,1587.2,28.621670111997307,12.799999999999999,5,0.10823042822460072,0.02548784756799939,0.011398511952439867,5,0.3285178312412164,0.05113505857502304,0.02286829340143701,5,0.9493791673521127,0.009399330784712558,0.004203508515524744,5
large_long,rotatable_xlink,2.3,pulse_02,5,0.01912829735986197,0.01514257856929494,0.006771967007114999,5,1584.8,30.11976095522672,13.46996659238619,5,0.10690515039046497,0.02432846583333021,0.010880020678321483,5,0.33087276218222134,0.051902153451483135,0.023211348659228324,5,0.9483438984754097,0.00895063814476636,0.004002847066740037,5
large_long,rotatable_xlink,2.35,pulse_02,5,0.0162315046505389,0.016976432914430507,0.007592091602426296,5,1583.6,30.113120064184645,13.466996695625939,5,0.1095608353718331,0.023412908375749785,0.010470570935830141,5,0.33204330624408757,0.05145728088530176,0.023012395599367057,5,0.9507002970301931,0.00784074932816552,0.0035064896984627818,5
large_long,rotatable_xlink,2.4,pulse_02,5,0.012848201552149902,0.01557356135928995,0.006964708370227271,5,1579.6,29.913207785190806,13.377593206552513,5,0.10961977845530749,0.019647449979556652,0.008786606747763106,5,0.3323872770232695,0.04735185461884055,0.02117639315768297,5,0.9489756086267306,0.007655719769509814,0.0034237419642625926,5
large_long,rotatable_xlink,2.45,pulse_02,5,0.017817669032074247,0.01875657561288209,0.008388195619103827,5,1578.4,30.146309890266835,13.481839637082173,5,0.1109721150245682,0.01771365198094605,0.007921785991833834,5,0.33570524534772533,0.047254218246590506,0.021132728844597458,5,0.9502564733280444,0.007677806670464023,0.0034336195266517766,5
large_long,rotatable_xlink,2.5,pulse_02,5,0.021148056305922196,0.023567190700556493,0.010539568089029042,5,1577.2,30.41710045352778,13.602940858505558,5,0.11128470957432864,0.016960516757269686,0.0075849736805558635,5,0.33966010677012864,0.045867860137409774,0.02051273064994022,5,0.9496742151196548,0.009701637904151282,0.004338704369354171,5
large_long,rotatable_xlink,2.55,pulse_02,5,0.016381103809911535,0.017823429514670766,0.007970879997395984,5,1576.8,30.31831129861952,13.558761005342634,5,0.11358928253967379,0.017737764372924805,0.007932569381346758,5,0.34334812732223463,0.04633281413167118,0.02072066439745593,5,0.9506719485119876,0.008713501563717526,0.0038967963637046204,5
large_long,rotatable_xlink,2.6,pulse_02,5,0.00765334457678839,0.010504655158570618,0.004697824602951547,5,1574.8,30.841530441921975,13.792751719653333,5,0.11581918672059728,0.015786997531837012,0.007060159928361792,5,0.3451140031916421,0.0459905885189561,0.020567616450721443,5,0.9517560460523592,0.008520232399013844,0.0038103637656582133,5
large_long,rotatable_xlink,2.65,pulse_02,5,0.007290346777077576,0.006138993549905685,0.002745441378204372,5,1573.2,31.22819239085093,13.96567220007687,5,0.11412297852389916,0.015873126707938827,0.0070986780668837336,5,0.34390831088437335,0.04450398085748565,0.019902785293337458,5,0.9519616791995433,0.007225245573032712,0.0032312280510861133,5
large_long,rotatable_xlink,2.7,pulse_02,5,0.009860922756971436,0.014311912187957153,0.0064004817080559875,5,1572.8,31.45155004129367,14.065560778013793,5,0.1185461846656902,0.01763773894494587,0.007887836650058877,5,0.3484431573444745,0.0483118811095886,0.021605730056385615,5,0.9512696781443151,0.006781915670240671,0.003032964891265837,5
large_long,rotatable_xlink,2.75,pulse_02,5,0.009448327543583261,0.013304540624707569,0.005949971449250728,5,1571.2,30.938648968563573,13.83618444514238,5,0.11944326499491084,0.020101001719139557,0.008989441251967236,5,0.3490653172977012,0.05191699849122803,0.023217987562827978,5,0.9524481175537274,0.006875558819100591,0.00307484338056142,5
large_long,rotatable_xlink,2.8,pulse_02,5,0.01608161116207392,0.022858065702348492,0.01022243774892154,5,1570.4,31.189741903388683,13.948476619330155,5,0.11897780949931794,0.020861234485450634,0.009329427680806093,5,0.3512307723171547,0.05587873368498613,0.02498972940324726,5,0.9521258752880669,0.005984933013222354,0.002676543411669566,5
large_long,rotatable_xlink,2.85,pulse_02,5,0.019871542891587546,0.029115196448317712,0.01302071168733977,5,1568.8,31.799371062962862,14.22111106770494,5,0.12040305431518172,0.02354119621392345,0.010527943001198702,5,0.3552648046610256,0.06166718455792985,0.02757840333051129,5,0.9528344811294689,0.0053642942580427394,0.0023989853224590726,5
large_long,rotatable_xlink,2.9,pulse_02,5,0.01635640875064901,0.024826791486267655,0.011102878685301503,5,1567.6,32.4468796650772,14.510685717773644,5,0.12387358598520104,0.027704721216292492,0.012389927987462133,5,0.3581531024678917,0.06671008577243451,0.029833657314401022,5,0.9515392082255442,0.0051066633025880935,0.002283769256558111,5
large_long,rotatable_xlink,2.95,pulse_02,5,0.02020215499510834,0.03345081300758377,0.014959658357518299,5,1566.0,33.555923471125034,15.006665185843255,5,0.12405561524148204,0.03242720556961415,0.014501887194803404,5,0.3601907860832835,0.07193442103364608,0.03217005107066467,5,0.9515671065777129,0.004185213301822366,0.0018716842886422308,5
large_long,rotatable_xlink,3.0,pulse_02,5,0.02682905249647537,0.03973458441486728,0.017769846361869387,5,1564.8,34.07638478477434,15.239422561238992,5,0.12775649178856885,0.039448002560592645,0.017641683060414182,5,0.3644937874140274,0.07611777377493431,0.034040903291340775,5,0.9524126520645486,0.005520882503402005,0.0024690137146792194,5
large_long,rotatable_xlink,3.05,pulse_03,5,0.019797087378973767,0.023416778731736462,0.010472301811646809,5,1680.8,38.97691624538812,17.43100685560074,5,0.11812784397578562,0.037892717149122304,0.0169461382795219,5,0.34089443915059425,0.07028827537448332,0.03143387235171383,5,0.9535027392323758,0.00814259671009195,0.0036414799514263496,5
large_long,rotatable_xlink,3.1,pulse_03,5,0.01829221655066493,0.029122063686041845,0.01302378280941353,5,1679.6,39.83465827643059,17.81460075331468,5,0.12299814265399019,0.04424136589980079,0.01978534031387914,5,0.3413832946580024,0.07071784174757652,0.03162598027393072,5,0.9536064776693177,0.007999170595446565,0.0035773378430071978,5
large_long,rotatable_xlink,3.15,pulse_03,5,0.01728435291288279,0.028765316919406526,0.012864240805223566,5,1678.4,38.141840542899864,17.057549648176316,5,0.12453433428352816,0.047238517488146795,0.021125707251961768,5,0.3430741881181329,0.07508692523878939,0.03357989381107554,5,0.9541755246866597,0.008386745316670233,0.003750666527610528,5
large_long,rotatable_xlink,3.2,pulse_03,5,0.011429066084368836,0.017639635996277395,0.007888685037205696,5,1676.4,36.03886790674757,16.117071694324622,5,0.12446508318899485,0.047690203952414856,0.021327707579685752,5,0.3447070520404652,0.07734176069895352,0.03458828688447634,5,0.9538123950737016,0.008423819989946475,0.0037672468255483824,5
large_long,rotatable_xlink,3.25,pulse_03,5,0.006897325692489116,0.006770188304253965,0.0030277202537571787,5,1674.4,36.507533469134835,16.32666530556684,5,0.12655058045140924,0.047205210487179856,0.021110811908304022,5,0.3440745139613677,0.07874058302570809,0.03521385924668987,5,0.951681964812059,0.008072201261099187,0.003609998149575462,5
large_long,rotatable_xlink,3.3,pulse_03,5,0.006897131262117481,0.0058576459861579815,0.0026196189226356074,5,1672.4,35.70434147271169,15.967466924969658,5,0.12382804051505396,0.048311193311921685,0.021605422463918018,5,0.34425325065946766,0.07727757336536832,0.03455958143623815,5,0.9524234574753183,0.009358861601304681,0.00418541014650596,5
large_long,rotatable_xlink,3.35,pulse_03,5,0.009284521725028801,0.009530456061703628,0.004262149522108848,5,1672.0,36.11094017053558,16.14930339054908,5,0.1250218767890955,0.050771343267152845,0.022705634970866004,5,0.34713197143915286,0.07790326221415755,0.03483939799596941,5,0.9517242418935876,0.009612304821444177,0.004298753400239631,5
large_long,rotatable_xlink,3.4,pulse_03,5,0.008419605933978506,0.010768228681973205,0.00481569826603101,5,1670.0,38.23610858861032,17.099707599839242,5,0.1263521574911677,0.05144180694753875,0.02300547544402352,5,0.3490044248532168,0.0792009662836646,0.035419748898788586,5,0.9533760639876284,0.01008982167998961,0.0045123054314615794,5
large_long,rotatable_xlink,3.45,pulse_03,5,0.011005465595683958,0.007927527327342107,0.0035452979994848354,5,1667.6,40.084909878905805,17.92651667223725,5,0.1260829547148344,0.04975924852344703,0.02225301244154672,5,0.3517336618342096,0.07838814909354888,0.03505624600071276,5,0.9541264216581924,0.010355330345408892,0.004631044516360132,5
large_long,rotatable_xlink,3.5,pulse_03,5,0.017357848186007163,0.010452827877370218,0.004674646738180928,5,1665.6,41.24075654010241,18.443427013437603,5,0.12792875834049022,0.05062509056794495,0.02264022877540167,5,0.3533551311457343,0.08227224161345727,0.036793264981795484,5,0.9541693336410016,0.011883909324981247,0.005314645817820341,5
large_long,rotatable_xlink,3.55,pulse_03,5,0.018877944706481735,0.015319357540857384,0.006851024966596224,5,1665.2,41.1242021199196,18.391302292116237,5,0.12946890765998736,0.05204939196452139,0.023277195724040228,5,0.35716285614071697,0.08123234754070043,0.0363282102145788,5,0.9539105313400708,0.01262079308757727,0.005644190254756446,5
large_long,rotatable_xlink,3.6,pulse_03,5,0.01794255369982089,0.017545913507561326,0.007846771066047779,5,1663.2,41.463236728456216,18.542923178398816,5,0.1349472745529428,0.05706779352798479,0.025521493130899308,5,0.36042703506117546,0.08360876592817373,0.037390976826052955,5,0.9543467326102307,0.011228296200712995,0.005021446715259376,5
large_long,rotatable_xlink,3.65,pulse_03,5,0.01792502797322575,0.01808250955805968,0.008086744115122224,5,1662.4,42.34146903450564,18.9356806056714,5,0.1401327873033203,0.06542241498453387,0.029257793431523717,5,0.3604415021376913,0.08741331432832286,0.03909242259533725,5,0.9550824049523007,0.011327747482833576,0.005065922680713601,5
large_long,rotatable_xlink,3.7,pulse_03,5,0.018009022129377644,0.02185760869912967,0.009775019775368939,5,1661.2,42.06185920760042,18.810635289643994,5,0.14417480870941785,0.07034663498722223,0.031459971563958786,5,0.3647096606410275,0.08533852066195853,0.03816454665988192,5,0.955730356059101,0.010551566617800398,0.004718804045303846,5
large_long,rotatable_xlink,3.75,pulse_03,5,0.018095858346601178,0.015749953589700074,0.007043593373807239,5,1660.0,42.23742416388575,18.88915032498815,5,0.14520880481278725,0.06913789190216844,0.030919405222856175,5,0.36993182778380834,0.08440137746040019,0.03774544347921468,5,0.9564758564401853,0.010435634234366484,0.004666957507273486,5
large_long,rotatable_xlink,3.8,pulse_03,5,0.016210859118815903,0.013235367657812715,0.005919036358014281,5,1657.6,43.64401448079679,19.51819663800936,5,0.14503757917729287,0.06962813226461702,0.031138647378006003,5,0.37079065065879674,0.08956914610802062,0.040056539876828966,5,0.9570993140392176,0.011340603182431295,0.0050716719243533645,5
large_long,rotatable_xlink,3.85,pulse_03,5,0.011462745147923718,0.010093483096026555,0.004513942866492083,5,1656.0,44.13615298142782,19.738287666360524,5,0.14435619802222338,0.07061908773923745,0.03158181613879137,5,0.3729720494210946,0.09391666689932492,0.04200081028141898,5,0.9568209763375606,0.01284491577024563,0.005744420965505659,5
large_long,rotatable_xlink,3.9,pulse_03,5,0.008107876026100856,0.009117852106484884,0.0040776274237779705,5,1653.2,45.35636669752109,20.283983829612957,5,0.14679852933807674,0.07241930836606433,0.032386899278007815,5,0.3755933208531078,0.09783151713558232,0.04375158453141951,5,0.9563655577827381,0.010530663598631865,0.004709455930944682,5
large_long,rotatable_xlink,3.95,pulse_03,5,0.008033025479730702,0.010217205440629576,0.004569273181065685,5,1652.0,46.195237849804386,20.659138413786764,5,0.1474331056838417,0.07348596986137904,0.03286392480050886,5,0.3777183594132189,0.09400149572892541,0.04203874688730667,5,0.9577728181356653,0.01103352977013541,0.004934344519558081,5
large_long,rotatable_xlink,4.0,pulse_03,5,0.009428021449958033,0.007452291899835636,0.003332766255240707,5,1650.4,47.736778274198606,21.348536249588633,5,0.14807956841381847,0.07188362889429778,0.032147336135403576,5,0.37709468135359014,0.09393488294598035,0.04200895674513955,5,0.9564819397311439,0.010564764757208321,0.004724706432682373,5
large_long,rotatable_xlink,4.05,pulse_04,5,0.01375331950641237,0.013802581065335405,0.006172701905408286,5,1764.0,57.358521598799946,25.65151067676132,5,0.1419796011755363,0.07452204908329563,0.03332727351456498,5,0.357253723730222,0.0915663263850975,0.04094970604940212,5,0.9557356187564097,0.010772692416506942,0.0048176945088012,5
large_long,rotatable_xlink,4.1,pulse_04,5,0.009537862473679397,0.006039867308535706,0.0027011107753929066,5,1762.4,57.903367777703565,25.89517329542322,5,0.14114645943664972,0.07907729855760164,0.03536444301036867,5,0.3618477246704481,0.09555068744686732,0.04273156648560623,5,0.956191622061674,0.010791230632837167,0.0048259850511803955,5
large_long,rotatable_xlink,4.15,pulse_04,5,0.005797682741597246,0.006126969903986307,0.0027400642402817484,5,1760.8,58.336952268695015,26.089078174592526,5,0.14124100656293898,0.08158215323568832,0.0364846480771607,5,0.36647154733639065,0.09520675455121501,0.042577755018730845,5,0.955955555671995,0.011430999400360416,0.005112098341993045,5
large_long,rotatable_xlink,4.2,pulse_04,5,0.008887569455143279,0.007650006283114077,0.0034211868154687157,5,1758.4,57.972407229646755,25.92604867695808,5,0.14195842471820821,0.07979064565102743,0.03568346152885906,5,0.36500757279169915,0.09442128773772249,0.04222648358092296,5,0.9567953801175696,0.00852785314143479,0.0038137718652766633,5
large_long,rotatable_xlink,4.25,pulse_04,5,0.009770257011685969,0.005874565144187256,0.0026271854001307113,5,1758.0,57.77542730261716,25.837956575549857,5,0.14345953794901206,0.0799857798659718,0.03577072820272939,5,0.3679919976777962,0.09134202061263497,0.040849393458407754,5,0.9576126249634658,0.009410046258062443,0.00420830062088903,5
large_long,rotatable_xlink,4.3,pulse_04,5,0.0077007016105731544,0.00848674148546326,0.0037953861737926786,5,1756.8,57.837703965492956,25.86580754587028,5,0.14305532878157443,0.07895450226567263,0.03530952683914103,5,0.36983477460598335,0.09166852457304435,0.04099541046848741,5,0.9574865376396892,0.010429596923137928,0.004664257539611811,5
large_long,rotatable_xlink,4.35,pulse_04,5,0.005868496453307971,0.006493308845068973,0.0029038959952949746,5,1756.0,58.12056434688156,25.992306554055563,5,0.14430448227260068,0.07712092199772241,0.03448952481487324,5,0.3722355153183846,0.09200716611617887,0.041146855570578254,5,0.9580261890147405,0.009263104565842825,0.004142586298382647,5
large_long,rotatable_xlink,4.4,pulse_04,5,0.004560068778047046,0.0037801168881754148,0.0016905196649710395,5,1754.0,58.05170109479997,25.961509971494337,5,0.14475379757641174,0.07765024934962671,0.034726247203114825,5,0.3708826757743028,0.09158901841217838,0.04095985423242214,5,0.9592035068456054,0.01120181179720498,0.005009602529941885,5
large_long,rotatable_xlink,4.45,pulse_04,5,0.006195860386101692,0.0029228906582911746,0.0013071564405476351,5,1753.2,58.45682167206835,26.14268540146555,5,0.14477552532497268,0.07681901820984896,0.03435450933640329,5,0.37023014965166773,0.0893645368775834,0.03996503584721266,5,0.9582224923655895,0.011362644908069788,0.0050815292837271785,5
large_long,rotatable_xlink,4.5,pulse_04,5,0.007378913355237907,0.007359230635376378,0.0032911479925601095,5,1751.2,60.10989935110522,26.881964213948354,5,0.14543002313327882,0.0744811635804028,0.033308988961812454,5,0.3698913797001929,0.08920797628953071,0.03989501982371602,5,0.9585406739103204,0.011088703868656267,0.004959019126536062,5
large_long,rotatable_xlink,4.55,pulse_04,5,0.00950958406048787,0.011960863914029538,0.00534906095627885,5,1749.2,60.67289345333714,27.13374283065276,5,0.14651701408936468,0.07431047735607739,0.033232655761729575,5,0.37253281839764674,0.08829199693769085,0.039485381404376,5,0.9593894121355533,0.013471517987931652,0.006024645996225273,5
large_long,rotatable_xlink,4.6,pulse_04,5,0.004486586784549618,0.007450175642474601,0.003331819836177275,5,1748.4,61.211110102660285,27.374440633554503,5,0.14678550666992102,0.07407699073180911,0.03312823736898941,5,0.37498294491928796,0.09001148260532994,0.04025435877221152,5,0.9589229466202183,0.011030297996752763,0.004932899226563786,5
large_long,rotatable_xlink,4.65,pulse_04,5,0.004929493051691808,0.0032677030167935902,0.001461361215166321,5,1746.4,60.05663993265024,26.858145877926866,5,0.14788252955112988,0.07542383763632417,0.03373056561574558,5,0.3758584360086185,0.08948012673253358,0.04001672920184825,5,0.958726756893942,0.01213542100304171,0.005427125259675989,5
large_long,rotatable_xlink,4.7,pulse_04,5,0.006317044336357871,0.0023336062433571805,0.0010436204385729144,5,1745.2,60.3423565996556,26.985922255872598,5,0.14868914722888582,0.0766708132350669,0.03428823005676003,5,0.3775502499617189,0.0892998465185763,0.039936105439166904,5,0.9598559626221203,0.01266582052061873,0.005664327134983051,5
large_long,rotatable_xlink,4.75,pulse_04,5,0.004546528182950029,0.0036276694168292656,0.0016223430831854514,5,1742.8,60.4913216916278,27.052541470257466,5,0.148715030430811,0.07851592304714998,0.03511338824991395,5,0.3770221067631974,0.08860488477316861,0.039625309098268204,5,0.9602270388688913,0.012454968912016135,0.005570031428982935,5
large_long,rotatable_xlink,4.8,pulse_04,5,0.0059171021118370835,0.008135137483678008,0.0036381440839621223,5,1742.8,60.4913216916278,27.052541470257466,5,0.14912804276453911,0.07845134435082683,0.03508450777893858,5,0.3805056315141794,0.08830127295897595,0.03948952976720684,5,0.9597045547668099,0.013985510293662972,0.00625451034333069,5
large_long,rotatable_xlink,4.85,pulse_04,5,0.006298324340981229,0.008006206285135136,0.0035804842990896455,5,1742.0,60.860496218811754,27.2176413379264,5,0.14803663666710298,0.07901941205833254,0.035338555380899625,5,0.3818929157800601,0.09186805591888454,0.04108464359907554,5,0.9603909796263623,0.0119743798378024,0.005355105461145815,5
large_long,rotatable_xlink,4.9,pulse_04,5,0.006060340672495281,0.0049943744427415684,0.0022335521518115557,5,1740.0,61.59545437773797,27.546324618721822,5,0.14826499051983633,0.07981007965798521,0.03569215268098562,5,0.3810265833981682,0.09196627425489613,0.04112856817426731,5,0.9605444637465625,0.013044297973991564,0.005833587397721584,5
large_long,rotatable_xlink,4.95,pulse_04,5,0.012071581505449184,0.006281682271829689,0.0028092537145732992,5,1738.8,60.90320188627196,27.2367398930195,5,0.14804389287897063,0.08090054639494951,0.036179824231196527,5,0.38182845406428073,0.09577603877978555,0.0428323466654513,5,0.9598414351750602,0.012960114439501954,0.0057959393765805904,5
large_long,rotatable_xlink,5.0,pulse_04,5,0.014040284920261789,0.01051662598977031,0.004703178121413484,5,1737.2,61.9612782308435,27.709926019388792,5,0.14773753905639725,0.08047137495872003,0.035987892930114465,5,0.3858244371139506,0.09672178579708983,0.043255297589493306,5,0.9590511651028024,0.013305629852710298,0.005950458566822148,5
large_long,rotatable_xlink,5.05,pulse_05,5,0.016885283179597678,0.011439263352874096,0.005115794093909728,5,1857.2,55.79605720837271,24.952755358877702,5,0.13814703893642075,0.07487524718146304,0.03348522850597018,5,0.3636872994719077,0.09217376450525006,0.04122136063515928,5,0.9584462906270067,0.015170777729584767,0.006784578054978292,5
large_long,rotatable_xlink,5.1,pulse_05,5,0.015911566078702435,0.016318208678603518,0.007297724775276897,5,1854.4,56.5579348986506,25.293477420078084,5,0.1382324967499842,0.07559426909234726,0.033806784879979956,5,0.36466329274976894,0.09521022670953315,0.04257930781513645,5,0.9580313270705536,0.015066887883309468,0.0067381171032895775,5
large_long,rotatable_xlink,5.15,pulse_05,5,0.011928747615894852,0.013602334541831788,0.006083148937645867,5,1851.6,58.09302884167772,25.97999230176945,5,0.13882946359589082,0.07343449724948596,0.03284090554867439,5,0.36569722421272804,0.0947278381716823,0.042363577102696205,5,0.9587555374281358,0.01589614908525588,0.0071089739870206494,5
large_long,rotatable_xlink,5.2,pulse_05,5,0.012717124345120793,0.009426768227440423,0.004215778912938397,5,1849.2,56.64980141183197,25.33456137374397,5,0.1392863233336738,0.07216629720408667,0.03227374924655816,5,0.3651659265847595,0.09697855304688131,0.043370127394479194,5,0.9586855334704533,0.014035180297796802,0.006276723444467878,5
large_long,rotatable_xlink,5.25,pulse_05,5,0.01096600584907474,0.010238276615843887,0.004578696497094686,5,1848.4,57.36549485535708,25.654629211898577,5,0.14183711230574,0.07426755177649916,0.03321345885894748,5,0.3661949184599802,0.09743145739151125,0.0435726723748587,5,0.959282989017327,0.014240660759765673,0.006368617100669969,5
large_long,rotatable_xlink,5.3,pulse_05,5,0.008144298708042933,0.006130514808173596,0.0027416495696290484,5,1847.2,56.64980141183197,25.33456137374397,5,0.14301154553719586,0.07476710537421416,0.03343686601952654,5,0.36835196172038265,0.09614052414875382,0.04299534947781473,5,0.9596869567776055,0.015203943594718158,0.006799410280772462,5
large_long,rotatable_xlink,5.35,pulse_05,5,0.005308691507612857,0.0036746958239330576,0.001643373931789783,5,1846.0,57.63679380395825,25.775957790157864,5,0.14346339664369417,0.07623766181588859,0.03409451885319339,5,0.36673608595496304,0.09668942588612463,0.0432408257973605,5,0.9600341510974275,0.016947694538305674,0.00757923940991068,5
large_long,rotatable_xlink,5.4,pulse_05,5,0.006713436505830189,0.006284659717317871,0.0028105852686754742,5,1843.2,57.17691841993585,25.570295266187284,5,0.14209663139359818,0.07732362221193356,0.03458017510647922,5,0.365336136255606,0.0974413894590934,0.043577114130512865,5,0.9600082239408836,0.015172733736985388,0.006785452808080748,5
large_long,rotatable_xlink,5.45,pulse_05,5,0.005698897064927948,0.006302772221383805,0.002818685426742308,5,1842.4,57.88609504881116,25.88744869623115,5,0.14429204996704562,0.07709994645681982,0.034480144267808634,5,0.36675876715773964,0.09717278389099379,0.043456990068631726,5,0.9602254850690575,0.015250461771535337,0.006820213841882976,5
large_long,rotatable_xlink,5.5,pulse_05,5,0.012590977886135238,0.02184770859723395,0.009770592315204336,5,1841.2,58.45682167206835,26.14268540146555,5,0.14521607805824566,0.08189049405868112,0.03662254228525073,5,0.3678558716189649,0.09776257496417867,0.04372075265506451,5,0.9594234050157177,0.015503151321012296,0.006933220043849831,5
large_long,rotatable_xlink,5.55,pulse_05,5,0.023822823986911705,0.033192304243392895,0.014844049723616247,5,1839.2,57.647202880972465,25.780612870915228,5,0.145759921108556,0.0862509275830278,0.03857258743961236,5,0.36904924886802587,0.10003234599526227,0.04473582511883706,5,0.9605454838874378,0.014222434485779787,0.006360466063148174,5
large_long,rotatable_xlink,5.6,pulse_05,5,0.019632773385222603,0.02380383786435611,0.010645399918016735,5,1837.6,57.937897787199695,25.91061558512263,5,0.14719975190312778,0.0874906587665432,0.0391270120796457,5,0.3710993909931475,0.10433474994215727,0.04665991865722118,5,0.9593198315505372,0.013376815560020032,0.005982293782936342,5
large_long,rotatable_xlink,5.65,pulse_05,5,0.010021668415544326,0.013531139285262037,0.0060513094509727665,5,1836.4,55.4508791634542,24.79838704432205,5,0.14723565552122986,0.09030614828771082,0.04038613727149952,5,0.37257245759968877,0.10941215077532454,0.048930601339616395,5,0.9606859635059244,0.013840993481578866,0.006189880460188366,5
large_long,rotatable_xlink,5.7,pulse_05,5,0.008674313815369167,0.008769894239770237,0.003922015935122018,5,1834.8,54.63698381133424,24.43440197753978,5,0.14632851498748867,0.0908141208604619,0.04061330951217489,5,0.37430346547300414,0.11185807455511286,0.05002445170749438,5,0.959236331033078,0.013343592485457153,0.005967435972307513,5
large_long,rotatable_xlink,5.75,pulse_05,5,0.006311484393293515,0.00855357461906316,0.0038252748597684184,5,1832.0,52.706735812417755,23.57116882973774,5,0.1457170904459764,0.09178367921321658,0.041046909189157335,5,0.3747402476305903,0.11145419801533431,0.04984383262800193,5,0.9593817948934997,0.014093303069942501,0.0063027167383795804,5
large_long,rotatable_xlink,5.8,pulse_05,5,0.004299133314004285,0.0017377403375240029,0.0007771411043894198,5,1830.4,53.988887745535195,24.144564605724412,5,0.14490895034070564,0.09063080377817584,0.040531327620689186,5,0.3743295813467225,0.11209956561492126,0.05013244979263239,5,0.9599399339183762,0.013535544898555298,0.0060532797011340275,5
large_long,rotatable_xlink,5.85,pulse_05,5,0.006200219253209649,0.002636232853206436,0.0011789591728575632,5,1830.0,54.11099703387473,24.199173539606676,5,0.1438850013725329,0.0884831811255801,0.03957088157244469,5,0.3771897759456776,0.11207939310371387,0.05012342837136507,5,0.9599292918706785,0.013810061680596017,0.006176047338255536,5
large_long,rotatable_xlink,5.9,pulse_05,5,0.005558452522347228,0.00424851617873747,0.001899994195832926,5,1828.0,53.94441583704471,24.124676163629637,5,0.14283530328854874,0.08916423828594049,0.03987545959387045,5,0.37696858255883503,0.11439970023031673,0.05116110126411731,5,0.9603571242852647,0.013688787665115243,0.0061218119497516614,5
large_long,rotatable_xlink,5.95,pulse_05,5,0.004303629898939935,0.0022181804149425588,0.0009920004388340503,5,1826.4,53.91474751865207,24.111408088288826,5,0.14288030700399243,0.08956731604440384,0.04005572144749891,5,0.37717704512947825,0.11495319064852207,0.05140862970411769,5,0.9596901379143221,0.014188078440014417,0.006345101572394282,5
large_long,rotatable_xlink,6.0,pulse_05,5,0.00384419641589658,0.0024125655110171285,0.0010789320965611635,5,1825.2,53.97406784743948,24.137936945812083,5,0.1428411933649995,0.09019078941213458,0.04033454721398024,5,0.3757621800814436,0.11548199322763761,0.051645117406833606,5,0.9604782011153208,0.014580272652544626,0.0065204961563141905,5
large_long,rotatable_xlink,6.05,pulse_06,5,0.00390423468325496,0.0040678559415036775,0.0018192004815757261,5,1932.4,55.774546165791435,24.94313532818198,5,0.13544279630304074,0.0851367596480688,0.03807431639142858,5,0.35532554548819306,0.10743595170624504,0.04804681824850968,5,0.9583638106436567,0.01590938078311917,0.0071148913821966605,5
large_long,rotatable_xlink,6.1,pulse_06,5,0.005109210299916416,0.006582879042018746,0.002943953005122522,5,1931.2,54.30653735969547,24.286621831782202,5,0.13680600861622322,0.08437303965535248,0.03773277042753071,5,0.3551758743568981,0.1079552646000165,0.04827906203492271,5,0.9582021725289132,0.015230600759601209,0.006811331727325647,5
large_long,rotatable_xlink,6.15,pulse_06,5,0.00760627749589887,0.007327960459579084,0.003277163544809886,5,1930.0,54.89990892524322,24.55198566307825,5,0.13688278086125774,0.08424217199281424,0.03767424462963231,5,0.3566192487667219,0.10577586191167011,0.04730440352262504,5,0.959034706988587,0.015646131500954827,0.006997162724207162,5
large_long,rotatable_xlink,6.2,pulse_06,5,0.004750943109286828,0.0042718517220441295,0.001910430168058042,5,1928.4,54.97999636231344,24.5878018537648,5,0.13861944176326643,0.08443150862753455,0.037758918546805444,5,0.3570664340578316,0.10717403826815132,0.047929686998150034,5,0.9598145534146993,0.01610987713632641,0.0072045560771990995,5
large_long,rotatable_xlink,6.25,pulse_06,5,0.006501483717269119,0.0051736754141021545,0.0023137379838903582,5,1926.4,54.97999636231344,24.5878018537648,5,0.1379298755036693,0.08414588446157922,0.037631183536586885,5,0.3574252889052974,0.10655847133968006,0.04765439709879754,5,0.9591510163037485,0.017149735078535348,0.007669594686343546,5
large_long,rotatable_xlink,6.3,pulse_06,5,0.009558384994547878,0.007875660467680437,0.0035221024346882485,5,1924.4,55.01636120282765,24.604064704840944,5,0.1414203230694063,0.08458383270731033,0.03782703994620319,5,0.35796991071154793,0.10483627850208868,0.04688420904775402,5,0.9593593452454183,0.016267322992339718,0.00727496800456338,5
large_long,rotatable_xlink,6.35,pulse_06,5,0.013237600605431471,0.010694304359957602,0.004782638304187515,5,1922.8,54.50871489954611,24.377038376308146,5,0.1444826301793068,0.08796497289346115,0.0393391318057411,5,0.35848342162108116,0.10761032772194604,0.04812480157346028,5,0.9594378170397853,0.017015233521291535,0.007609443761328197,5
large_long,rotatable_xlink,6.4,pulse_06,5,0.010334003459556474,0.007130133554360706,0.003188692663240546,5,1922.0,53.87021440462252,24.091492274244864,5,0.14886520734387498,0.09155353357939792,0.04094398493276868,5,0.36063121223382677,0.10751695873057762,0.04808304569112221,5,0.9607084404554813,0.016388829146501357,0.007329307208641379,5
large_long,rotatable_xlink,6.45,pulse_06,5,0.003746321003386347,0.004148044002096292,0.0018550616724695177,5,1919.6,53.35541209661865,23.861265683110776,5,0.14884164352738433,0.08871652295659237,0.03967523521167223,5,0.3616841055382435,0.10736247544566761,0.04801395866583296,5,0.9600521696580939,0.016705644364591578,0.00747099128143261,5
large_long,rotatable_xlink,6.5,pulse_06,5,0.005776060059580052,0.006068394422934016,0.0027138684887922137,5,1916.8,53.52756299328412,23.93825390457708,5,0.14828624142913627,0.08787782412402195,0.039300157691216794,5,0.3618157681589147,0.10844331123425971,0.04849732312499427,5,0.9597784268012752,0.01706560664857252,0.007631971308696103,5
large_long,rotatable_xlink,6.55,pulse_06,5,0.007343159606871432,0.01071038215162662,0.004789828511207516,5,1916.0,53.62835071116769,23.98332754227403,5,0.14792989297471545,0.08821624899463751,0.03945150589441139,5,0.36276867217133424,0.11030475906615597,0.049329787902732194,5,0.9582715742932748,0.01447186027368615,0.006472012666568188,5
large_long,rotatable_xlink,6.6,pulse_06,5,0.009695476890547557,0.012571678916696343,0.005622225729806788,5,1914.4,53.035836940695106,23.718347328597748,5,0.1478618916808641,0.08979049119628577,0.040155528409598275,5,0.36377104524428805,0.11127462408328838,0.049763524724193604,5,0.9593244682855209,0.016294023097854087,0.007286908654750689,5
large_long,rotatable_xlink,6.65,pulse_06,5,0.01470336338541132,0.01374356909655054,0.006146310950670476,5,1912.8,53.76988004450075,24.046621384302618,5,0.1481386358033929,0.0903150924952173,0.040390137242697396,5,0.3650021239353315,0.11452929070344975,0.05121905588554967,5,0.9590098286292864,0.015750140121044854,0.007043676793160611,5
large_long,rotatable_xlink,6.7,pulse_06,5,0.0145246130478874,0.014991989396553789,0.006704621481730065,5,1911.6,53.09237233350945,23.743630724891254,5,0.15089621818910692,0.09410675507639615,0.04208582029854904,5,0.3694984119192916,0.11736044780864524,0.052485187833989394,5,0.9579853578605512,0.015943372355386655,0.007130092875447099,5
large_long,rotatable_xlink,6.75,pulse_06,5,0.012970030179524205,0.009494745300964714,0.0042461791844007595,5,1909.6,53.35541209661865,23.861265683110776,5,0.1556706509107123,0.10276166960328206,0.04595641574286251,5,0.37225430542314475,0.12243987002736194,0.05475677450748406,5,0.957789123619348,0.01468281435581327,0.006566354200121651,5
large_long,rotatable_xlink,6.8,pulse_06,5,0.012623061650993014,0.012371660914121877,0.00553277495971074,5,1907.2,53.546241698180836,23.946607275353223,5,0.1559306104895747,0.10309981361290163,0.04610763834120125,5,0.372660073873676,0.12194383777981915,0.05453494214257653,5,0.9583999874727314,0.014728550759448261,0.006586808141636493,5
large_long,rotatable_xlink,6.85,pulse_06,5,0.011712680685277687,0.018734221222227065,0.008378198431683782,5,1905.6,54.358072077659266,24.30966885829587,5,0.1625141795705564,0.11775890620747188,0.052663383847185816,5,0.3741560556899933,0.11876696376407428,0.05311420089154487,5,0.959024331039485,0.015585646395568097,0.006970112962752968,5
large_long,rotatable_xlink,6.9,pulse_06,5,0.009689871476603908,0.006420861596565932,0.002871496600807851,5,1902.0,55.190578906186516,24.681977230359806,5,0.16202014562057493,0.12005876362700679,0.05369191135291328,5,0.37590401453560035,0.1184814655315593,0.05298652220047297,5,0.958847018438728,0.015339933339955824,0.006860226743691323,5
large_long,rotatable_xlink,6.95,pulse_06,5,0.005028901367636118,0.003536360326171036,0.0015815084164503529,5,1899.6,56.04284075597881,25.06312031651286,5,0.16222537009360016,0.12096103000764362,0.05409541714509661,5,0.37562425839174857,0.11819172814830255,0.052856947703555965,5,0.958049231840597,0.014438176021513264,0.006456948611042224,5
large_long,rotatable_xlink,7.0,pulse_06,5,0.004859405183365488,0.003204751901048707,0.0014332086203533176,5,1896.8,55.77813191565311,24.944738924270183,5,0.16181229931056315,0.12059644875091409,0.0539323714504227,5,0.3739471455297988,0.11818549108152086,0.052854158402495154,5,0.9582851862829533,0.015187017983889542,0.006791840917497764,5
large_long,rotatable_xlink,7.05,pulse_07,5,0.012929343449008025,0.012581396946263564,0.005626571764750719,5,2004.8,58.86594941050386,26.32565288839006,5,0.15485589960308305,0.11412892175550908,0.05104000544881458,5,0.35460627959935875,0.11287139560594404,0.050477622658032385,5,0.9571772413309431,0.015607238045309934,0.00697976904206679,5
large_long,rotatable_xlink,7.1,pulse_07,5,0.008828973310097014,0.00857961564164208,0.0038369207591064333,5,2003.2,58.25118024555382,26.050719759730246,5,0.15630646433576376,0.11323242068787157,0.05063907798298686,5,0.35449325596196807,0.11120063861432662,0.04973043741660447,5,0.9578473261218525,0.01543922307182702,0.006904630461677667,5
large_long,rotatable_xlink,7.15,pulse_07,5,0.003161507472992707,0.0023250066243358913,0.0010397745720304738,5,2002.4,57.57429982205602,25.74800963181426,5,0.15626786629189285,0.11274257637032323,0.050420012944500846,5,0.3560956649340053,0.11086662782107132,0.04958106324881697,5,0.9590006805936662,0.015014134937618865,0.006714525268774069,5
large_long,rotatable_xlink,7.2,pulse_07,5,0.0049332576103890855,0.00350365332039042,0.0015668813987971659,5,2000.0,55.85696017507576,24.97999199359359,5,0.15642428551061838,0.114066459232553,0.0510120713593394,5,0.3582468895412834,0.10951184573947036,0.048975186282985285,5,0.9576499766280542,0.015402034954993983,0.006887999430238892,5
large_long,rotatable_xlink,7.25,pulse_07,5,0.010183414193693743,0.010061483812931309,0.0044996323520456365,5,1998.0,56.444663166680336,25.242820761555155,5,0.15581187050796738,0.11380898795032422,0.05089692670147588,5,0.3567771120885344,0.10852922291697517,0.048535743997516895,5,0.9569859617762285,0.015077708379878992,0.006742956176465529,5
large_long,rotatable_xlink,7.3,pulse_07,5,0.00828806232114795,0.009731134521405968,0.004351895657611725,5,1996.4,56.69920634365176,25.356655930938526,5,0.158546810001818,0.11474816333942205,0.05131693870403939,5,0.358270296113048,0.10839894683268311,0.04847748276145299,5,0.9577541184764883,0.015432396850830143,0.006901577682841976,5
large_long,rotatable_xlink,7.35,pulse_07,5,0.004985489259570306,0.0025609946007221253,0.0011453116034449208,5,1995.2,56.17116698093427,25.12050954897213,5,0.15560013994771366,0.11362708564723673,0.0508155775184824,5,0.3588429420739375,0.11233160816191526,0.05023622237438254,5,0.9571519023424917,0.01481782300470803,0.006626731903417468,5
large_long,rotatable_xlink,7.4,pulse_07,5,0.0061779263889325375,0.005618894634244538,0.002512846072115921,5,1993.2,54.232831384688,24.253659517689282,5,0.15721670672478577,0.11742799664422385,0.05251539659162034,5,0.3582999875121554,0.11179508678010121,0.049996282718158876,5,0.957426687563893,0.015298021210181022,0.0068414830694396725,5
large_long,rotatable_xlink,7.45,pulse_07,5,0.012666821190200725,0.009998435472934185,0.004471436277225219,5,1991.2,55.12893976850997,24.654411369975964,5,0.1587993497222668,0.11722272143872443,0.05242359472890196,5,0.3626513019786886,0.10839021315458243,0.048473576941867644,5,0.9571385494191412,0.013656866970240536,0.0061075365810258865,5
large_long,rotatable_xlink,7.5,pulse_07,5,0.008783071534823834,0.010044740707138178,0.004492144607504054,5,1988.0,53.49766350038102,23.924882444852262,5,0.15785490631247517,0.11414845812456136,0.051048742378661464,5,0.3635600462711704,0.1078457854636498,0.04823010147671592,5,0.957776964197732,0.015280613847362852,0.006833698260125586,5
large_long,rotatable_xlink,7.55,pulse_07,5,0.0051355782199155155,0.00889727746260309,0.00397898344421147,5,1986.4,53.728949366240165,24.02831662851145,5,0.159561737543217,0.1120558283614943,0.05011288989827003,5,0.3656120188558619,0.10722754430278784,0.04795361562428078,5,0.9566595176333796,0.01596687358800583,0.007140602946185401,5
large_long,rotatable_xlink,7.6,pulse_07,5,0.002545686549452203,0.002267529821401137,0.00101407016433218,5,1984.4,55.01636120282765,24.604064704840944,5,0.15816094466197553,0.10747881939468668,0.04806598926158844,5,0.3677315660587268,0.1081492424200948,0.04836581155328717,5,0.957822514778286,0.015396818115505138,0.006885666388693939,5
large_long,rotatable_xlink,7.65,pulse_07,5,0.0028908972378316224,0.0030451866159404797,0.0013618488554830914,5,1982.8,55.86770086552694,24.984795376388416,5,0.1586846167214631,0.10873843250356154,0.048629305368947245,5,0.36877448843868027,0.10737444396331568,0.048019311149643154,5,0.956942459495472,0.015606028309308052,0.0069792280316797834,5
large_long,rotatable_xlink,7.7,pulse_07,5,0.004091308140731794,0.0028096860195498392,0.0012565297870288487,5,1979.6,55.234047470740364,24.701416963405155,5,0.15596750309321789,0.11026702670077006,0.04931291347594124,5,0.36819496391662,0.1059496086929605,0.04738210544539246,5,0.9576329805238123,0.014931390006683535,0.0066775206107010845,5
large_long,rotatable_xlink,7.75,pulse_07,5,0.0031406144621093845,0.0037153450021139667,0.0016615527969181857,5,1976.8,55.83189052862172,24.968780506864967,5,0.15521975766908963,0.11153715298103398,0.049880931216477055,5,0.36644858889940085,0.10699772881610799,0.04785083901418111,5,0.956277572022054,0.015081051578742446,0.006744451300449726,5
large_long,rotatable_xlink,7.8,pulse_07,5,0.007539751167772624,0.00717982994923818,0.0032109175666770865,5,1975.2,56.685095042700596,25.350345165302976,5,0.1526570891896603,0.10727062895715447,0.047972883667470954,5,0.36591043787813027,0.10499948180300803,0.046957195782755624,5,0.9564355384019982,0.015484342874713699,0.0069248086509548674,5
large_long,rotatable_xlink,7.85,pulse_07,5,0.009610891121987718,0.016079661202617238,0.007191043100843632,5,1972.4,57.937897787199695,25.91061558512263,5,0.15618231250091547,0.11193203423778193,0.05005752748310285,5,0.3666577538800987,0.10628927260212938,0.04753400776347345,5,0.9583720076456634,0.017310779778996817,0.007741616065873133,5
large_long,rotatable_xlink,7.9,pulse_07,5,0.009008116559622152,0.0096153719427064,0.004300125058567144,5,1971.6,57.5395516145199,25.732469760984852,5,0.15766240033629306,0.11604156094864032,0.05189536369926895,5,0.36640184019381994,0.10536845201159332,0.04712220427636942,5,0.9593674120157848,0.018010561348774125,0.008054567897757848,5
large_long,rotatable_xlink,7.95,pulse_07,5,0.003990780623873491,0.0024262249234650863,0.0010850407715144316,5,1968.8,57.66454716721532,25.788369471527275,5,0.157373524938866,0.11645108708599154,0.05207850935560499,5,0.3661825137658994,0.10631948229465207,0.04754751794868547,5,0.9593407079233828,0.0176111836552717,0.007875960763484149,5
large_long,rotatable_xlink,8.0,pulse_07,5,0.007075781995735391,0.0070033012536526275,0.0031319715340153544,5,1968.0,58.18934610390462,26.023066690918654,5,0.1558002934651775,0.11510593180263458,0.05147693762482916,5,0.3659671128457972,0.10696207169930758,0.047834892666771635,5,0.9590425054955082,0.018357089508463,0.008209540001994293,5
small_long,nomotor_xlink,0.0,initial,5,0.10755691892464263,0.08660487875825401,0.03873087921731671,5,28.0,6.324555320336759,2.8284271247461903,5,0.2938510612194823,0.1775829729211343,0.07941751981963215,5,0.5164323395902344,0.18526069057521574,0.0828510995369474,5,0.568453564816115,0.03997128615965317,0.017875702600216196,5
small_long,nomotor_xlink,0.05,initial,5,0.10992115923364858,0.054964283535943646,0.024580774864188498,5,36.0,4.898979485566356,2.1908902300206643,5,0.2604511278195488,0.1718087066169787,0.07683518942437645,5,0.5178007518796992,0.20161962966854624,0.09016703950744055,5,0.5998227407743709,0.044065691088983866,0.019706776150094932,5
small_long,nomotor_xlink,0.1,initial,5,0.1437707350900399,0.09707101609379022,0.04341147812613821,5,42.0,5.656854249492381,2.5298221281347035,5,0.22148337595907935,0.15362948042368307,0.06870519231506571,5,0.47476107147664565,0.20845777145018837,0.09322514948014722,5,0.6269937803513899,0.044853897441459796,0.020059272746981598,5
small_long,nomotor_xlink,0.15000000000000002,initial,5,0.11544761185527715,0.04522349705541711,0.020224562719234847,5,49.2,6.572670690061993,2.9393876913398134,5,0.20998050682261207,0.14860517378744947,0.06645825407938138,5,0.4301442495126705,0.19982664153966695,0.0893651908396357,5,0.6679515890827709,0.040258584721860814,0.018004186423203047,5
small_long,nomotor_xlink,0.2,initial,5,0.08304013975698563,0.07791494460968933,0.034844622522079226,5,56.0,7.483314773547883,3.346640106136302,5,0.1791125541125541,0.12832435959013855,0.05738839824253537,5,0.40136904761904757,0.1651208607893032,0.07384429384563229,5,0.690370326210749,0.022620222962994492,0.010116071242291478,5
small_long,nomotor_xlink,0.25,initial,5,0.06395864932582802,0.027429226440603287,0.01226672297828471,5,62.8,12.049896265113654,5.388877434122992,5,0.16328714763497376,0.12384749274937384,0.05538628252610245,5,0.39269947443860487,0.17179633292407295,0.07682965574068247,5,0.7070227739341253,0.04545512700692287,0.020328150782673218,5
small_long,nomotor_xlink,0.30000000000000004,initial,5,0.06672886962751656,0.038807014758452406,0.01735502460074743,5,72.0,10.198039027185569,4.560701700396551,5,0.13099603508350355,0.09170812251236136,0.04101311920530376,5,0.3625611522994395,0.16251613565820244,0.07267942535446363,5,0.7385919242892273,0.04130815475211992,0.018473568410164225,5
small_long,nomotor_xlink,0.35000000000000003,initial,5,0.03825605872542924,0.022131275816341996,0.00989740743082757,5,78.0,11.40175425099138,5.0990195135927845,5,0.13253409445128106,0.08247171393554777,0.036882471716160305,5,0.34290644948047105,0.13340963993662155,0.059662604750411304,5,0.7443107932563968,0.044627503411110034,0.019958026258669156,5
small_long,nomotor_xlink,0.4,initial,5,0.03276615033638841,0.013465259359029673,0.006021847052291119,5,82.0,10.488088481701515,4.69041575982343,5,0.12468203047601076,0.07047255000230575,0.03151628247058172,5,0.33166045509584696,0.13322650643414283,0.05958070495831129,5,0.7496826465159608,0.03807611947378008,0.017028158292555155,5
small_long,nomotor_xlink,0.45,initial,5,0.04322329757150918,0.018449170625672272,0.008250719929499105,5,86.0,9.695359714832659,4.33589667773576,5,0.12925475687103594,0.0711061614204457,0.03179964211103791,5,0.33944243095405885,0.14440640744803224,0.0645805086880664,5,0.7544817687416089,0.02347374613703908,0.010497778409798495,5
small_long,nomotor_xlink,0.5,initial,5,0.0399602650112595,0.035936460094785995,0.016071273528530005,5,91.2,9.859006035092989,4.40908153700972,5,0.11611638750990574,0.06667802408630358,0.02981931889246862,5,0.3014111538945213,0.110298428287514,0.049326956692453405,5,0.7653904122789387,0.026643298433624625,0.011915245288479665,5
small_long,nomotor_xlink,0.55,initial,5,0.04645192068679776,0.0583663279077042,0.02610221535973393,5,96.4,9.528903399657276,4.261455150532503,5,0.10986953665165541,0.06282507983048337,0.028096229838562355,5,0.2802455318285995,0.10092693436908054,0.045135897201984784,5,0.7814867573881792,0.028473012162885752,0.01273351814407817,5
small_long,nomotor_xlink,0.6000000000000001,initial,5,0.05886184526866902,0.035533632403573205,0.015891123508375786,5,100.4,7.92464510246358,3.54400902933387,5,0.10077204215019342,0.06051750003063582,0.02706424877936946,5,0.28767707082833127,0.1098338976723703,0.04911921228583518,5,0.7944971232765685,0.035751991354475085,0.015988776599918212,5
small_long,nomotor_xlink,0.65,initial,5,0.05911093731226742,0.031132559590540725,0.013922903911602415,5,104.0,10.198039027185569,4.560701700396551,5,0.09019663859574317,0.04753114401414851,0.02125657381279366,5,0.267931208471023,0.11470414048129382,0.05129725108337168,5,0.7871463784602587,0.013430513781051824,0.00600630835743592,5
small_long,nomotor_xlink,0.7000000000000001,initial,5,0.04286681069223622,0.017770966000269322,0.00794741760048795,5,107.6,7.266360849833981,3.249615361854384,5,0.08648232894612354,0.04469583102696991,0.01998858329742979,5,0.2536515935067719,0.10731235171600927,0.04799154265247258,5,0.7974659340869312,0.013866709239861816,0.006201380896911091,5
small_long,nomotor_xlink,0.75,initial,5,0.043900107085714686,0.03266471597092012,0.014608105075340085,5,112.4,5.727128425310541,2.561249694973139,5,0.07967069774486821,0.045397031509627615,0.020302169686445447,5,0.2472144251324472,0.09419045231047961,0.042123250839536906,5,0.7889344355084447,0.016467761322627582,0.007364606750927424,5
small_long,nomotor_xlink,0.8,initial,5,0.02890745377141136,0.031200091453301125,0.013953105078758304,5,116.0,8.366600265340756,3.7416573867739413,5,0.0741584274952919,0.04343457992366424,0.019424534656692173,5,0.2289077212806026,0.08571637904457446,0.038333530065761394,5,0.7820347063872556,0.02914568597623869,0.013034347018746407,5
small_long,nomotor_xlink,0.8500000000000001,initial,5,0.012920806358751608,0.010901661105151504,0.004875371059756849,5,117.6,7.127411872482185,3.1874754901018454,5,0.07261331535695943,0.04169825780419437,0.018648027798697946,5,0.22493616552938586,0.08249823077229976,0.03689433040606545,5,0.7899834094308427,0.01691330429199874,0.007563859624209628,5
small_long,nomotor_xlink,0.9,initial,5,0.030698443979584666,0.03034842140568814,0.01357222665458568,5,120.0,9.273618495495704,4.147288270665544,5,0.07173509286412513,0.04185504924317179,0.018718147061866648,5,0.22509705348415027,0.08672861956227765,0.038786217787194176,5,0.8009168770601436,0.019165366099884798,0.008571012282602486,5
small_long,nomotor_xlink,0.9500000000000001,initial,5,0.02477910868671916,0.013139048121697208,0.005875960951951177,5,123.6,10.13903348450926,4.534313619501853,5,0.07550271422992956,0.040922493990429146,0.01830109567428524,5,0.21719723134384225,0.07163003558494725,0.03203392575973419,5,0.7887690570974135,0.0333963198837376,0.014935288291673027,5
small_long,nomotor_xlink,1.0,initial,5,0.015838768486798823,0.014088616458829485,0.006300620822173019,5,126.4,11.081516141756055,4.955804677345546,5,0.07786958602888666,0.0462960318124303,0.020704214844217386,5,0.21562436268604315,0.07904022921325965,0.03534786509560266,5,0.7808308515090906,0.01930553109719432,0.008633695975012519,5
small_long,nomotor_xlink,1.05,pulse_01,5,0.028291902389224875,0.027030534383356692,0.012088422469866184,5,135.6,15.582040944625964,6.968500556073738,5,0.07334647231785069,0.045414269088277115,0.020309878565971003,5,0.20490565778330164,0.07778960698620287,0.03478856983282843,5,0.7996396124410436,0.015155393135065559,0.006777697855148048,5
small_long,nomotor_xlink,1.1,pulse_01,5,0.021808882732866304,0.017250619462353955,0.007714711554360864,5,139.6,15.05988047761336,6.734983296193095,5,0.07117332646696382,0.044280523149345864,0.019802851968238083,5,0.20024758509695414,0.08241324356105362,0.036856322969752546,5,0.8071766856650691,0.013612318564424132,0.006087613928286942,5
small_long,nomotor_xlink,1.15,pulse_01,5,0.011104439208050109,0.00861118935256582,0.003851040951891915,5,141.2,15.91225942473287,7.116178749862879,5,0.067077916103759,0.038588214615272565,0.017257174202020067,5,0.19806655142191684,0.08236404134478237,0.036834319069707314,5,0.7964747597084427,0.0165105226470442,0.007383730196568119,5
small_long,nomotor_xlink,1.2,pulse_01,5,0.01284755327062297,0.011292187673651624,0.0050500198505940485,5,143.2,16.528762809115506,7.39188744503053,5,0.06640826280469014,0.038127798658379376,0.017051269926512312,5,0.19938155410158157,0.08248143399855631,0.03688681866048684,5,0.7963647414897933,0.015447035846568197,0.0069081244407605,5
small_long,nomotor_xlink,1.25,pulse_01,5,0.021642044079502903,0.0072792241653040785,0.003255368011415817,5,145.6,16.087262041752165,7.19444229944198,5,0.06564019089067512,0.044079627690417,0.01971300878773089,5,0.19842307950703658,0.08434715104129105,0.03772119268735379,5,0.7947703328340289,0.019156044390794522,0.00856684348756402,5
small_long,nomotor_xlink,1.3,pulse_01,5,0.012535778962087508,0.006596761638229376,0.0029501614908887517,5,148.4,15.899685531481433,7.110555533852471,5,0.06423395925410429,0.041246274338124556,0.01844589464773033,5,0.19763440785197434,0.07880466637672455,0.03524251819250963,5,0.8003412107093473,0.020651022932791085,0.009235418216525588,5
small_long,nomotor_xlink,1.35,pulse_01,5,0.01307394964975345,0.010865330747739344,0.004859123629992758,5,150.8,15.786069808536892,7.059745037889115,5,0.06577706150953531,0.040928331374345275,0.018303706231734683,5,0.20296155654042441,0.07951294838459569,0.03555927153587761,5,0.8022114327322821,0.02495912268496053,0.011162058996465761,5
small_long,nomotor_xlink,1.4,pulse_01,5,0.015406624637940087,0.01240265617399558,0.005546636461322315,5,152.0,13.92838827718412,6.2289646009589745,5,0.06779179090736093,0.03605796520825476,0.016125612267196,5,0.20068022099060231,0.07616001093427117,0.03405979232323152,5,0.8033343683609546,0.021945650970574777,0.009814393476137887,5
small_long,nomotor_xlink,1.45,pulse_01,5,0.013048621571680696,0.009647436972629602,0.004314464975888914,5,154.0,13.711309200802088,6.131883886702356,5,0.06418765466693084,0.03573934124844876,0.015983119300518725,5,0.20232781080694293,0.06818902089492263,0.030495057208040105,5,0.7929614010479507,0.014123984635691094,0.006316437951713578,5
small_long,nomotor_xlink,1.5,pulse_01,5,0.007945324686047622,0.0036286155672454476,0.001622766214514956,5,156.0,14.422205101855956,6.449806198638839,5,0.06340817844885811,0.03568598450985583,0.015959257441608428,5,0.19992114348799495,0.06863503637269007,0.030694521393501116,5,0.787745341410138,0.01895392170696318,0.008476451475395703,5
small_long,nomotor_xlink,1.55,pulse_01,5,0.0077456346721693475,0.004400689839004928,0.001968048325581525,5,156.8,14.324803663575986,6.406246951218787,5,0.06296024919870892,0.03510433102830419,0.01569913409678865,5,0.19882220543863408,0.0671265692549427,0.03001991439007986,5,0.8052194082783757,0.030738046301184492,0.013746472204996899,5
small_long,nomotor_xlink,1.6,pulse_01,5,0.006079117194081985,0.00494268400164994,0.0022104354837979897,5,157.6,14.310835055998654,6.3999999999999995,5,0.06291736712789343,0.03815663329006814,0.01706416516582476,5,0.20312408786092995,0.06050913382988872,0.027060507300652674,5,0.8022832193627337,0.02363322577725914,0.010569099873110348,5
small_long,nomotor_xlink,1.65,pulse_01,5,0.010252820724350912,0.009449065466392109,0.004225750541339702,5,158.4,14.791889669680478,6.615134163416491,5,0.05997304292395953,0.03633245549224118,0.016248368054027372,5,0.19634827620634834,0.06354861707881879,0.028419805532868582,5,0.7985813273038855,0.02863264295949027,0.012804907206580198,5
small_long,nomotor_xlink,1.7000000000000002,pulse_01,5,0.010969551761952252,0.008704095900189595,0.003892590023100232,5,158.8,14.601369798755185,6.529931086925803,5,0.06030430586391813,0.03695369312739102,0.01652619397050262,5,0.20016545560730892,0.059615438846468714,0.026660834753837136,5,0.8011416140243064,0.02913885171072006,0.013031290642291218,5
small_long,nomotor_xlink,1.75,pulse_01,5,0.013745451380159887,0.017227429302038137,0.007704340599385805,5,160.0,14.071247279470288,6.292853089020909,5,0.064011544011544,0.03549748354451926,0.01587495724714505,5,0.1963852813852814,0.057082030133854884,0.025527859934598187,5,0.7987622260920402,0.017705848339493083,0.007918296097281662,5
small_long,nomotor_xlink,1.8,pulse_01,5,0.01025598062773061,0.010854390669465584,0.0048542310782528995,5,162.0,13.416407864998739,6.0,5,0.06972638507522227,0.031351758510203435,0.014020932648594482,5,0.20140944745595907,0.05586088416146624,0.02498174685365597,5,0.8044832893528626,0.019035088814687396,0.008512750509477383,5
small_long,nomotor_xlink,1.85,pulse_01,5,0.01382133312215304,0.004791289277657456,0.002142729704941587,5,162.4,13.145341380123988,5.878775382679628,5,0.06980959774270461,0.03145204151994681,0.014065780573949374,5,0.20145928525860585,0.05627283418677104,0.025165976505638826,5,0.804330651537129,0.02455625886510566,0.01098189281909162,5
small_long,nomotor_xlink,1.9,pulse_01,5,0.007616850324517368,0.004040561764370909,0.001806994154483968,5,163.6,14.028542333400146,6.273754856543249,5,0.06908164164787016,0.03106967756102136,0.013894782213088727,5,0.19421928391796944,0.058750372820581896,0.026273965466055434,5,0.8067383129130622,0.018491374323939935,0.008269593997144782,5
small_long,nomotor_xlink,1.9500000000000002,pulse_01,5,0.015565121160834467,0.011089232778006896,0.00495925566198845,5,164.0,13.784048752090222,6.164414002968976,5,0.06901672765890553,0.03118325980467505,0.013945577736658044,5,0.19895800511238684,0.055030676225182304,0.02461046657745783,5,0.8050724832603301,0.01868231264260077,0.008354984209151812,5
small_long,nomotor_xlink,2.0,pulse_01,5,0.023541650385421657,0.02076988147597973,0.009288573372980866,5,165.2,14.184498581197715,6.343500610861482,5,0.06585725317908363,0.03421489041783372,0.015301364163396475,5,0.20994996381342967,0.06267675958858292,0.02802989900989663,5,0.8059945895240013,0.01546466090972856,0.006916006608627359,5
small_long,nomotor_xlink,2.05,pulse_02,5,0.011779403843184225,0.009890168394089368,0.004423017767620751,5,173.2,12.049896265113654,5.388877434122992,5,0.060371259919091425,0.03216044712551793,0.01438258919188916,5,0.20239891092132128,0.06979825908334847,0.031214730404301866,5,0.8078580860556304,0.01698812400975452,0.007597320019201481,5
small_long,nomotor_xlink,2.1,pulse_02,5,0.00806746787719604,0.005499301407039883,0.002459362354980284,5,173.2,12.049896265113654,5.388877434122992,5,0.06489464351224246,0.033128905927077144,0.014815697134628037,5,0.20920415387114258,0.06525357861739683,0.02918228751272521,5,0.8052306678606456,0.01212897441295013,0.005424242256942419,5
small_long,nomotor_xlink,2.15,pulse_02,5,0.008960595546430812,0.00591507702413334,0.0026453028636218624,5,174.8,12.13260071048248,5.425863986500214,5,0.06017877173752797,0.03426217401548251,0.015322510031109165,5,0.20817500913408843,0.06878613514609021,0.030762094819229025,5,0.8074853227038645,0.007300412850600011,0.0032648438795509277,5
small_long,nomotor_xlink,2.2,pulse_02,5,0.0038972000256381222,0.002879693195994832,0.0012878379481176137,5,176.0,11.916375287812984,5.329165037789691,5,0.06178267378553863,0.0327718592923966,0.01465602102537139,5,0.20395840132105722,0.06311638812361164,0.028226506867731205,5,0.8027069311258478,0.008466012781893534,0.0037861160157392085,5
small_long,nomotor_xlink,2.25,pulse_02,5,0.008566574791916078,0.0032454521473306835,0.0014514103238308141,5,176.0,11.916375287812984,5.329165037789691,5,0.05532816867899839,0.03416668711453183,0.015279806990811861,5,0.21139336624437438,0.06845178122581065,0.0306125672003713,5,0.8040832353391185,0.005208651557263281,0.002329379790630167,5
small_long,nomotor_xlink,2.3,pulse_02,5,0.010123297128353685,0.0037506069331916495,0.001677322411899708,5,177.2,12.37739875741264,5.535341001239218,5,0.06172511337459792,0.035757851531376686,0.015991397350700643,5,0.2058075429724914,0.05778258654242432,0.025841158284925062,5,0.8022750827614693,0.009277310969206613,0.004148939595110089,5
small_long,nomotor_xlink,2.35,pulse_02,5,0.010724660557903028,0.011062422397828413,0.004947265695472111,5,177.2,11.099549540409285,4.963869458396342,5,0.05495352430241603,0.034989461620476385,0.01564776293590103,5,0.20267077208573375,0.056964717269473886,0.02547539602671996,5,0.8114805553196321,0.015874168586123037,0.0070991440089725666,5
small_long,nomotor_xlink,2.4,pulse_02,5,0.01192725369242287,0.015086864008927945,0.006747050698251576,5,177.6,9.736529155710468,4.354308211415447,5,0.056700676774206184,0.037650181342762025,0.016837672969522037,5,0.1987626833950363,0.05346678871441197,0.02391107482080875,5,0.8127388647704551,0.011989371133376184,0.005361809772340569,5
small_long,nomotor_xlink,2.45,pulse_02,5,0.011568426839509835,0.0035109264598116026,0.0015701340456282854,5,178.0,9.38083151964686,4.1952353926806065,5,0.056450623020390465,0.03848988525662587,0.017213199975996473,5,0.19605341364062298,0.049145947767425126,0.02197873600532332,5,0.8138852453671641,0.021470148709646423,0.00960174240035976,5
small_long,nomotor_xlink,2.5,pulse_02,5,0.011472544584614396,0.006281660438064899,0.0028092439502168443,5,178.0,9.38083151964686,4.1952353926806065,5,0.05864842521819267,0.0362796505459239,0.01622475296412464,5,0.20086817252514927,0.05663517484209076,0.02532802017290017,5,0.8210464029663959,0.02781633773295206,0.01243984441119464,5
small_long,nomotor_xlink,2.55,pulse_02,5,0.005820248996718305,0.006660579254765516,0.0029787015966361166,5,178.4,8.87693640846886,3.9698866482558417,5,0.06557859742502888,0.02953437350247803,0.013208173364881885,5,0.20348394755471744,0.055432493453182775,0.024790164704725746,5,0.8231744024982175,0.015680672062274904,0.0070126097328257,5
small_long,nomotor_xlink,2.6,pulse_02,5,0.006034662747394719,0.0021409639196372666,0.000957468172336665,5,179.2,8.786353054595518,3.9293765408776995,5,0.060525973644193945,0.028256521210030347,0.012636700446658494,5,0.20388480559185646,0.05390471072559545,0.024106919497978687,5,0.8197585518367709,0.02060472355162209,0.009214712503803577,5
small_long,nomotor_xlink,2.65,pulse_02,5,0.008166912303763482,0.004249637357868917,0.0019004956023835,5,179.2,8.786353054595518,3.9293765408776995,5,0.06269988668767222,0.027007589074005266,0.012078161015571274,5,0.2038848055918565,0.053904710725595446,0.024106919497978684,5,0.8179175078214076,0.01708952574726182,0.007642668254822064,5
small_long,nomotor_xlink,2.7,pulse_02,5,0.00880150770744151,0.009521199367061499,0.004258009802415496,5,179.2,8.786353054595518,3.9293765408776995,5,0.06957888750429979,0.025437358270201813,0.011375932452037543,5,0.20458508570390133,0.05537274113151955,0.024763442654115266,5,0.8131441249937221,0.016544159726419545,0.007398773155777685,5
small_long,nomotor_xlink,2.75,pulse_02,5,0.010987774667473183,0.01137940745727885,0.005089025723628708,5,178.8,10.639548862616309,4.758150901348127,5,0.06477807625092294,0.02702581478166468,0.012086311799824171,5,0.20075076155432697,0.04829164439929795,0.02159667992441544,5,0.8140139316370905,0.010047849086860058,0.004493534717175656,5
small_long,nomotor_xlink,2.8,pulse_02,5,0.006810102916338145,0.0024691281639576206,0.001104227683953697,5,178.8,10.639548862616309,4.758150901348127,5,0.06531995996951019,0.029206982111656583,0.013061759483856893,5,0.2018513996368819,0.04967586480742671,0.022215722110099125,5,0.8197962014399552,0.015298847602290649,0.0068418526432263115,5
small_long,nomotor_xlink,2.85,pulse_02,5,0.006955340614934998,0.009751213472839752,0.004360875237676296,5,179.6,11.610340218959994,5.192301994298868,5,0.0710386849226811,0.024840696070497607,0.01110909700440891,5,0.20387545899306908,0.04186756922804974,0.018723746169319523,5,0.8239182321155484,0.018995561984102564,0.008495073573452822,5
small_long,nomotor_xlink,2.9,pulse_02,5,0.001565531167081054,0.000907333763155277,0.0004057719945391787,5,179.6,11.610340218959994,5.192301994298868,5,0.07344832347689796,0.025566089516152267,0.011433502815392235,5,0.20372714605276504,0.0433852800333031,0.019402487075466015,5,0.8187137286966888,0.007404933580443855,0.0033115869709486735,5
small_long,nomotor_xlink,2.95,pulse_02,5,0.006846268078383369,0.005859740545279613,0.0026205556379513798,5,179.6,12.521980673998822,5.6,5,0.07085321001136188,0.025549201389178617,0.011425950215407089,5,0.20385104138692628,0.03710505256200091,0.016593883967467353,5,0.8198968179871299,0.020441030972249967,0.009141506956825909,5
small_long,nomotor_xlink,3.0,pulse_02,5,0.010683092030166107,0.00789689927491505,0.00353160071803577,5,179.6,12.521980673998822,5.6,5,0.07116457482713769,0.024126128619093724,0.010789532725239338,5,0.20385104138692633,0.037105052562000945,0.016593883967467367,5,0.8297877845533563,0.013166758071791245,0.005888353218363856,5
small_long,nomotor_xlink,3.05,pulse_03,5,0.012886504435880335,0.011180575517419838,0.005000105376904128,5,184.0,17.204650534085253,7.694153624668537,5,0.06734856134768166,0.022164285371072085,0.009912169752484266,5,0.19791756528027293,0.032769803470112956,0.014655101633696212,5,0.8211241599230114,0.016387612735652785,0.007328763213172183,5
small_long,nomotor_xlink,3.1,pulse_03,5,0.0077024502085568285,0.006072015118813088,0.002715487713214505,5,183.6,17.401149387324963,7.7820305833374865,5,0.06890356824570956,0.028965026953070988,0.012953553847436067,5,0.19984507252085967,0.033535112949022346,0.01499735843742948,5,0.8254281192684945,0.023375717922316533,0.010453938859431983,5
small_long,nomotor_xlink,3.15,pulse_03,5,0.008478882236842868,0.006534591789062194,0.0029223582891110063,5,183.6,17.401149387324963,7.7820305833374865,5,0.06919945359013861,0.02906545630546712,0.012998467219214873,5,0.20054780021387866,0.03307388528211156,0.01479109115416625,5,0.8259999875392859,0.01262822381922227,0.005647513378972602,5
small_long,nomotor_xlink,3.2,pulse_03,5,0.004869425162528958,0.005605949375982383,0.002507056776623827,5,183.6,17.401149387324963,7.7820305833374865,5,0.06890356824570956,0.02896502695307099,0.012953553847436069,5,0.19984507252085967,0.033535112949022346,0.01499735843742948,5,0.8197678721692417,0.01859604376343623,0.008316403593520885,5
small_long,nomotor_xlink,3.25,pulse_03,5,0.008008963286750128,0.004321838687768557,0.0019327850187277965,5,182.8,16.468151080191124,7.3647810558087885,5,0.06520091964384485,0.026608100607746214,0.0118995043422148,5,0.19846853379269724,0.0342031837878393,0.015296128799305482,5,0.8307693581328308,0.014382214536963386,0.006431921874327159,5
small_long,nomotor_xlink,3.3,pulse_03,5,0.005355940662168128,0.0025969916551701593,0.0011614099755920338,5,182.8,16.468151080191124,7.3647810558087885,5,0.06313248246304812,0.024530100934175993,0.010970194636749721,5,0.2012009137722682,0.03223818782461364,0.014417355889448433,5,0.821241445985609,0.010813816518996025,0.004836085766537051,5
small_long,nomotor_xlink,3.35,pulse_03,5,0.007588393585532436,0.0018658203683675667,0.0008344202354947154,5,182.4,17.052858997833766,7.626270385975047,5,0.06480541782557879,0.02826886434266858,0.01264222046338537,5,0.19890446491968528,0.028269901730148057,0.012642684397169994,5,0.825980877432096,0.012136805065204542,0.005427744231092224,5
small_long,nomotor_xlink,3.4,pulse_03,5,0.006593756585794974,0.006008958131519647,0.0026872877712056102,5,182.4,17.052858997833766,7.626270385975047,5,0.060687396495236655,0.02505909543837096,0.011206768170970471,5,0.19932243775145123,0.027967961043700973,0.012507652417156267,5,0.8282260768212476,0.006360860823298063,0.002844663439261949,5
small_long,nomotor_xlink,3.45,pulse_03,5,0.0085994158281015,0.010226051589683175,0.004573229299190273,5,182.0,16.30950643030009,7.293833011524187,5,0.06321732554260269,0.021260216371083045,0.009507857804419116,5,0.20004983967147433,0.028600248875557097,0.012790420131831518,5,0.8314344468255925,0.021497427254837782,0.009613941736634794,5
small_long,nomotor_xlink,3.5,pulse_03,5,0.011325463292388305,0.007554344455718503,0.0033784055456870443,5,181.6,15.582040944625964,6.968500556073738,5,0.05702977960232566,0.025185567421971252,0.011263328161486369,5,0.19196099378483827,0.033672832307562725,0.015058948406932272,5,0.8244078469772127,0.01560001279461349,0.006976537811724445,5
small_long,nomotor_xlink,3.55,pulse_03,5,0.007109787696863101,0.005277873362690291,0.0023603367231221782,5,180.8,15.53061492665374,6.945502141674134,5,0.05734252276530546,0.022697605358014687,0.010150677701396858,5,0.19275601460456832,0.03186727398582872,0.014251478177984736,5,0.8134104514185279,0.010480557684338074,0.004687047884857543,5
small_long,nomotor_xlink,3.6,pulse_03,5,0.009071414888515431,0.006508124601940922,0.0029105218031957323,5,180.4,15.646085772486357,6.99714227381436,5,0.05912973744182929,0.0187860252910612,0.008401365915568624,5,0.19277356991018252,0.03146931135737639,0.014073503880039957,5,0.814548496555395,0.012603622458913577,0.005636511316174761,5
small_long,nomotor_xlink,3.65,pulse_03,5,0.005921551890827384,0.002904183468026397,0.0012987903307276221,5,180.4,15.646085772486357,6.99714227381436,5,0.06110993546163127,0.01933618394519204,0.008647404345377894,5,0.19277356991018252,0.0314693113573764,0.01407350388003996,5,0.8176425018604832,0.019313403506030155,0.008637216623273238,5
small_long,nomotor_xlink,3.7,pulse_03,5,0.006479850181294688,0.003491571561223915,0.0015614782718403484,5,180.4,15.646085772486357,6.99714227381436,5,0.05860993546163128,0.023509574777045582,0.010513801464717677,5,0.19702649520271176,0.028420341754736667,0.012709963221473369,5,0.819635379746812,0.019572428511117627,0.008753056127122802,5
small_long,nomotor_xlink,3.75,pulse_03,5,0.007766849716813221,0.007929336682643364,0.0035461071677746476,5,180.4,15.646085772486357,6.99714227381436,5,0.06088266273435855,0.025157747310764506,0.011250886629526391,5,0.19498104065725722,0.035599573284987585,0.015920613167043546,5,0.8210448236650543,0.0209652553347147,0.009375947218812434,5
small_long,nomotor_xlink,3.8,pulse_03,5,0.010470447530687805,0.006438783255334889,0.002879511410263239,5,180.0,15.811388300841896,7.071067811865475,5,0.06127388468575583,0.021906077582374523,0.009796695718914736,5,0.18919510741530796,0.036497017529360354,0.016321962434330234,5,0.8274263825724113,0.01349535721121238,0.0060353072209825736,5
small_long,nomotor_xlink,3.85,pulse_03,5,0.008050581893682388,0.004414575759824711,0.001974258298158168,5,179.6,15.582040944625964,6.968500556073738,5,0.06140154977677968,0.0156226790280545,0.006986674459478041,5,0.19593300820627113,0.03435891527934846,0.015365774039555864,5,0.8272753827167696,0.020947035444002816,0.009367799035977557,5
small_long,nomotor_xlink,3.9,pulse_03,5,0.009325608866551647,0.004317157039729078,0.0019306913220751957,5,179.2,14.872793954062566,6.651315659326356,5,0.06586104088718105,0.01937855907306244,0.008666355078672586,5,0.19165213874001413,0.03740152914747268,0.016726472327237733,5,0.8302192819686448,0.023539642286443348,0.01052724806370318,5
small_long,nomotor_xlink,3.95,pulse_03,5,0.004703696615558575,0.0034434755507133756,0.0015399690820507264,5,178.8,15.53061492665374,6.945502141674134,5,0.05950233624446518,0.020177929833191117,0.009023844550447266,5,0.19336517056157237,0.03424595624758809,0.015315257224818116,5,0.8238680149341434,0.016233207259337627,0.007259710984944398,5
small_long,nomotor_xlink,4.0,pulse_03,5,0.0031920297051704813,0.00385413577761136,0.0017236219186506025,5,178.8,15.53061492665374,6.945502141674134,5,0.057123256757604345,0.018523430263073296,0.00828392984894174,5,0.19450164334663284,0.03282848808277356,0.014681346190324684,5,0.8213040546498842,0.018482623403064443,0.008265680466356118,5
small_long,nomotor_xlink,4.05,pulse_04,5,0.018378575747442304,0.012645856291978744,0.005655398860511579,5,183.6,18.676188047886,8.352245207128439,5,0.057245670995671,0.02163362456981055,0.009674851027561207,5,0.18776334776334777,0.033983240709373044,0.015197767264379259,5,0.8106958985445111,0.022526134980958516,0.010073993817551833,5
small_long,nomotor_xlink,4.1,pulse_04,5,0.013154251522042254,0.009888917350795107,0.004422458284050999,5,183.2,18.793615937333612,8.404760555780276,5,0.05725716231334209,0.02361552819232397,0.010561185272519823,5,0.1814212753538596,0.038913918860651694,0.01740283356866567,5,0.8187789401701941,0.017112968076822933,0.0076531519833119835,5
small_long,nomotor_xlink,4.15,pulse_04,5,0.010887045848736187,0.007331943934687358,0.003278945009035642,5,183.2,18.793615937333612,8.404760555780276,5,0.05943950786056049,0.0259446407373836,0.01160279606812,5,0.1840527455001139,0.0363729913866693,0.016266496257121378,5,0.8186901887479138,0.015933561776672007,0.007125705451266185,5
small_long,nomotor_xlink,4.2,pulse_04,5,0.006550107889691533,0.005153357168691958,0.0023046513883062136,5,183.2,18.793615937333612,8.404760555780276,5,0.05932578189600661,0.02277888277089942,0.010187026065445975,5,0.187641847852522,0.030229591362937378,0.013519084243913699,5,0.8240493225992,0.01807092842495334,0.008081564874945775,5
small_long,nomotor_xlink,4.25,pulse_04,5,0.008757004376631494,0.006201850913675132,0.002773552045859355,5,183.2,18.793615937333612,8.404760555780276,5,0.059161924218104,0.02580682853203337,0.011541164576261543,5,0.18972518118585535,0.029673849088689065,0.013270548743275786,5,0.8282431033756023,0.020340404806208336,0.009096505567309055,5
small_long,nomotor_xlink,4.3,pulse_04,5,0.008490455599331984,0.004770216269476476,0.0021333055691849707,5,183.2,18.793615937333612,8.404760555780276,5,0.06176406926406928,0.021897793537673075,0.00979299098149852,5,0.1901082251082251,0.029342514380112525,0.013122371356939342,5,0.82411324725306,0.016171960685744585,0.007232320684555801,5
small_long,nomotor_xlink,4.35,pulse_04,5,0.00840624009940103,0.006929021982721168,0.003098752834190981,5,183.2,18.793615937333612,8.404760555780276,5,0.061573950394175125,0.024930231998032067,0.011149138688488021,5,0.19253653649721064,0.034456691498343565,0.015409500894007059,5,0.8398938845893611,0.023286142302579048,0.010413879424460044,5
small_long,nomotor_xlink,4.4,pulse_04,5,0.0065836509718582015,0.0037949079102578697,0.0016971344111376535,5,182.4,19.565275362232956,8.749857141690942,5,0.056795714833689524,0.030071869423364355,0.01344854884822802,5,0.18817784536138965,0.029062054659733595,0.012996945956995767,5,0.8254765899877483,0.009703121077671038,0.004339367664716692,5
small_long,nomotor_xlink,4.45,pulse_04,5,0.0037329088911264006,0.0025184166744413126,0.0011262701759439464,5,182.4,19.565275362232956,8.749857141690942,5,0.056795714833689524,0.030071869423364355,0.01344854884822802,5,0.19008260726615153,0.027159412537690636,0.012146058532647266,5,0.8240575381944332,0.026644340022268755,0.011915711101082239,5
small_long,nomotor_xlink,4.5,pulse_04,5,0.007296588903273242,0.00668968711897484,0.002991719029246493,5,182.4,19.565275362232956,8.749857141690942,5,0.056795714833689524,0.030071869423364355,0.01344854884822802,5,0.1927232999068442,0.03367349647837508,0.01505924543314929,5,0.8278891453575394,0.008157586506212925,0.003648183592045422,5
small_long,nomotor_xlink,4.55,pulse_04,5,0.012599767809195065,0.004598280255068775,0.0020564134459857704,5,182.4,19.565275362232956,8.749857141690942,5,0.05737554112554113,0.02330819045393356,0.010423739657501424,5,0.19821969696969693,0.0350618681352101,0.015680144113692715,5,0.8359456245039558,0.015286820821766625,0.006836474103465873,5
small_long,nomotor_xlink,4.6,pulse_04,5,0.011265305732505839,0.00857429356073407,0.0038345406521680205,5,182.4,19.565275362232956,8.749857141690942,5,0.059581668331668336,0.022516531779644734,0.010069699135363987,5,0.2036692474192474,0.03295886626018001,0.014739653083817354,5,0.8375237834660687,0.017457128325918395,0.007807065125738127,5
small_long,nomotor_xlink,4.65,pulse_04,5,0.011226602268160768,0.009449139921930444,0.004225783838868706,5,182.4,19.565275362232956,8.749857141690942,5,0.061764922840872205,0.02478081819401583,0.011082318803976593,5,0.20534194181346077,0.03131882365736376,0.01400620373463879,5,0.8183191654143475,0.026725020081525212,0.011951792320467468,5
small_long,nomotor_xlink,4.7,pulse_04,5,0.006449236638688645,0.002393993105219869,0.0010706262641874866,5,182.4,19.565275362232956,8.749857141690942,5,0.061600087676037044,0.024576735496924296,0.010991050247230958,5,0.2030525645240835,0.03204126458545866,0.014329289139628436,5,0.8265587333873234,0.018189311585787755,0.008134507433949183,5
small_long,nomotor_xlink,4.75,pulse_04,5,0.007779186391540241,0.003808658604979305,0.001703283908764649,5,181.6,19.0473095212946,8.51821577561874,5,0.05959668877608641,0.02577613966735574,0.01152744009874725,5,0.20586440785316823,0.03179432017925102,0.014218852243839715,5,0.831293380560161,0.011103305343267762,0.0049655491044966705,5
small_long,nomotor_xlink,4.8,pulse_04,5,0.0059757036361950625,0.006025584533324675,0.002694723324137064,5,181.6,19.0473095212946,8.51821577561874,5,0.05959668877608641,0.02577613966735574,0.01152744009874725,5,0.20794774118650153,0.03148310180403535,0.014079671155273862,5,0.836799528722808,0.022506453559966316,0.010065192018505364,5
small_long,nomotor_xlink,4.85,pulse_04,5,0.008061863076186912,0.004523650720991022,0.0020230381037203717,5,181.2,18.793615937333612,8.404760555780276,5,0.0576668642146829,0.02384348110407352,0.010663128913788025,5,0.20604827952492727,0.0315519713588832,0.014110470556517849,5,0.8285633016425402,0.024877460305623305,0.01112553847018528,5
small_long,nomotor_xlink,4.9,pulse_04,5,0.011315052735038654,0.006884290704167965,0.0030787483982778925,5,181.2,18.793615937333612,8.404760555780276,5,0.06225014927987708,0.025143444794355374,0.011244490349738366,5,0.20647381143982088,0.03146423276936232,0.014071232666434121,5,0.8380777757866712,0.025253872118333725,0.011293874950336165,5
small_long,nomotor_xlink,4.95,pulse_04,5,0.011707939132520832,0.011061593448051545,0.004946894977861909,5,180.8,18.579558659989743,8.309031231136393,5,0.05988969471050139,0.028483778050055964,0.012738332795188307,5,0.20915052470770035,0.031158516428717836,0.013934512162531412,5,0.8423892629746021,0.029898443765384673,0.01337099053617098,5
small_long,nomotor_xlink,5.0,pulse_04,5,0.011090708615305367,0.012302877230764302,0.005502013961364669,5,180.4,18.40652058374966,8.23164625090267,5,0.056217883673143385,0.021666720489616362,0.009689651972853942,5,0.2059425624571849,0.03545272826594455,0.01585494207809605,5,0.8460524591769941,0.01411434902399315,0.006312128775161298,5
small_long,nomotor_xlink,5.05,pulse_05,5,0.007750524722176166,0.004537462428662551,0.0020292148871681507,5,185.6,18.622566955175646,8.328265125462805,5,0.05067731934748728,0.015488400860161733,0.006926623437217569,5,0.19592739078960955,0.03484884313532262,0.015584876437561655,5,0.8346563196407331,0.016810452483339348,0.007517862897055386,5
small_long,nomotor_xlink,5.1,pulse_05,5,0.007946987850436644,0.004107996211244004,0.0018371517559306358,5,185.6,18.622566955175646,8.328265125462805,5,0.05101274911687932,0.015732467885613454,0.007035773529212814,5,0.19781418324243977,0.03330244416063269,0.014893305792013123,5,0.8379658400818583,0.026284852907689626,0.0117549435760354,5
small_long,nomotor_xlink,5.15,pulse_05,5,0.008994086419524386,0.006592258954700664,0.0029481478295984784,5,185.6,18.622566955175646,8.328265125462805,5,0.05556458187747496,0.019893700765987454,0.008896733447357516,5,0.20040152573957606,0.0361817817496926,0.01618098470787479,5,0.8411526772500274,0.019999709518600004,0.00894414200276784,5
small_long,nomotor_xlink,5.2,pulse_05,5,0.013925897134243245,0.0089479541814348,0.00400164676184834,5,185.2,17.92205345377588,8.01498596380555,5,0.05143802614592994,0.01727573138756231,0.007725941948723218,5,0.2003778250513646,0.030717079645240685,0.013737095631406659,5,0.8370612063433139,0.02111672077688373,0.009443684623798838,5
small_long,nomotor_xlink,5.25,pulse_05,5,0.010298830644269315,0.008283331099717198,0.0037044182838211486,5,184.8,17.69745744450315,7.914543574963751,5,0.049462081128747795,0.017816772360015658,0.007967902827326873,5,0.2018320105820106,0.04662189219447903,0.02084994403730439,5,0.8326643044724588,0.007911413350778584,0.0035380916100880605,5
small_long,nomotor_xlink,5.3,pulse_05,5,0.007211126432980624,0.004958513657864525,0.0022175147212692425,5,184.8,17.69745744450315,7.914543574963751,5,0.051366843033509704,0.018077655181233755,0.00808457317180799,5,0.2011287477954145,0.03630900311133112,0.01623787983043755,5,0.8453326614313452,0.018579686564484495,0.008309088431765373,5
small_long,nomotor_xlink,5.35,pulse_05,5,0.004582622317754229,0.0058307199723533955,0.0026075772431895772,5,184.8,17.69745744450315,7.914543574963751,5,0.05358906525573193,0.020892390841176705,0.009343361226673024,5,0.20321208112874783,0.034066920758246494,0.015235190119907567,5,0.8399366932358374,0.01047643855131624,0.004685205752568506,5
small_long,nomotor_xlink,5.4,pulse_05,5,0.007768779758037056,0.009909860105764192,0.004431824168800397,5,184.8,17.69745744450315,7.914543574963751,5,0.05154541446208114,0.01727824207572926,0.007727064762605538,5,0.208289241622575,0.046708586620814944,0.02088871496341588,5,0.8428796686158071,0.0140478988790468,0.006282411366918348,5
small_long,nomotor_xlink,5.45,pulse_05,5,0.007066989178192351,0.0041589897413259955,0.0018599567558658383,5,184.4,17.515707236649053,7.833262411026455,5,0.05367678455397754,0.02083064826986463,0.00931574910936114,5,0.20900399146013182,0.053026285016804744,0.023714075578370797,5,0.8326088001471549,0.01990548593875484,0.008902003936844406,5
small_long,nomotor_xlink,5.5,pulse_05,5,0.006503707633280742,0.005057131241438599,0.0022616178453989215,5,184.4,17.515707236649053,7.833262411026455,5,0.05385156607707366,0.021085532267561016,0.009429736698406343,5,0.2117755270406562,0.052058871159257065,0.023281434948800413,5,0.8347574085380998,0.019891623011653425,0.00889580424737123,5
small_long,nomotor_xlink,5.55,pulse_05,5,0.009776439029672963,0.004239363418151841,0.0018959009568626762,5,184.4,17.515707236649053,7.833262411026455,5,0.051772022649215634,0.02086986797624465,0.0093332886952658,5,0.20900399146013182,0.050031439389395645,0.022374739897369846,5,0.8342394663273355,0.021245241661220868,0.009501160910580083,5
small_long,nomotor_xlink,5.6,pulse_05,5,0.008331375475726332,0.004303061827611442,0.0019243877515847329,5,184.4,17.515707236649053,7.833262411026455,5,0.05614592035644668,0.016896055143575412,0.007556145570523917,5,0.21110925461802657,0.04750062647226594,0.021242925953162534,5,0.8359989261715862,0.009362817689892207,0.004187179363107304,5
small_long,nomotor_xlink,5.65,pulse_05,5,0.004610743277947993,0.004261230448889643,0.0019056801903018369,5,184.4,17.515707236649053,7.833262411026455,5,0.05392369813422445,0.013783724161683249,0.006164268841726009,5,0.21090875336489373,0.0488641629344858,0.021852717997027166,5,0.8242630309314327,0.014459325831597402,0.0064664070936540936,5
small_long,nomotor_xlink,5.7,pulse_05,5,0.00522671361577755,0.0044144417637206465,0.001974198373278686,5,184.4,17.515707236649053,7.833262411026455,5,0.05614592035644668,0.016896055143575412,0.007556145570523917,5,0.2130140165227885,0.046161086907852325,0.020643865648246672,5,0.83169219271408,0.01635776150848525,0.007315413338540504,5
small_long,nomotor_xlink,5.75,pulse_05,5,0.006073380783419221,0.0032744955011872394,0.001464398906534382,5,184.0,17.663521732655695,7.8993670632526,5,0.059011782473245136,0.010318997685331592,0.004614796056812884,5,0.20713921716484304,0.0459841216073599,0.020564724359934724,5,0.8385889847411132,0.015084565960566487,0.006746022979781215,5
small_long,nomotor_xlink,5.8,pulse_05,5,0.008034780727544325,0.005273975850159074,0.002358593702529587,5,184.0,17.663521732655695,7.8993670632526,5,0.05878983768201194,0.014371142427765616,0.006426970276563055,5,0.21140812914516838,0.047094503881005265,0.021061302408911086,5,0.8407357013935164,0.01253770282248645,0.005607031158554136,5
small_long,nomotor_xlink,5.85,pulse_05,5,0.00850040242460084,0.0057502146586174,0.0025715741723768507,5,183.6,17.854971296532515,7.984985911070852,5,0.05381366860090264,0.019325298729636824,0.008642536328991653,5,0.2107424549445826,0.049171722896096406,0.021990262993290877,5,0.8284645694336314,0.021175668691147887,0.009470046932484134,5
small_long,nomotor_xlink,5.9,pulse_05,5,0.004614059705942738,0.0022043812354766612,0.000985829258170157,5,183.6,17.854971296532515,7.984985911070852,5,0.05613149034201666,0.015235841603487772,0.00681367550396361,5,0.21414107659721698,0.046847279756064744,0.020950740419102106,5,0.8373307609309224,0.010035721112389389,0.004488110922106495,5
small_long,nomotor_xlink,5.95,pulse_05,5,0.006023804315783865,0.0046486584848564475,0.0020789432752640388,5,183.6,17.854971296532515,7.984985911070852,5,0.06575614299018553,0.007658337045113777,0.0034249124454958555,5,0.21225480062359497,0.04681221443725047,0.020935058731797823,5,0.8395691670580019,0.01762637675301933,0.007882755323354649,5
small_long,nomotor_xlink,6.0,pulse_05,5,0.008276903996804624,0.006792057870667927,0.003037500621185192,5,183.6,17.854971296532515,7.984985911070852,5,0.0656441609073188,0.007888622594630808,0.0035278992740870505,5,0.21402411753288947,0.04442989223797063,0.019869651855418516,5,0.845721053743226,0.010724693999288389,0.0047962289640585834,5
small_long,nomotor_xlink,6.05,pulse_06,5,0.005139653981839783,0.0033055841609321273,0.0014783021778381682,5,191.2,17.297398648351724,7.735631842325486,5,0.053907775517682645,0.016563607635649007,0.007407470525189149,5,0.19639733274408194,0.038461188352766296,0.017200366330441717,5,0.838513901545521,0.01813295952931231,0.008109306028158982,5
small_long,nomotor_xlink,6.1,pulse_06,5,0.006941931329153233,0.0015220032508433024,0.0006806605461722576,5,191.2,17.297398648351724,7.735631842325486,5,0.05155483434121205,0.018501965076163283,0.008274330325525634,5,0.19841753476428398,0.03495677623886902,0.01563314558887211,5,0.8375273873395063,0.017485280121157444,0.007819654991306761,5
small_long,nomotor_xlink,6.15,pulse_06,5,0.005893780973202596,0.0039109998039543745,0.0017490522843260665,5,191.2,17.297398648351724,7.735631842325486,5,0.053907775517682645,0.016563607635649007,0.007407470525189149,5,0.19841753476428398,0.03495677623886902,0.01563314558887211,5,0.8299232923012114,0.016215227008987403,0.007251669972537285,5
small_long,nomotor_xlink,6.2,pulse_06,5,0.006317445599655111,0.0022472341702691793,0.0010049936732164442,5,191.2,17.297398648351724,7.735631842325486,5,0.053907775517682645,0.016563607635649007,0.007407470525189149,5,0.20077047594075456,0.0391890685516277,0.01752588425126775,5,0.8331370511837735,0.012007954922450085,0.005370120695470321,5
small_long,nomotor_xlink,6.25,pulse_06,5,0.006864283723958577,0.005831701864660078,0.002608016358778442,5,190.8,17.58408371226661,7.8638413005349985,5,0.05020347958428454,0.013443273504822679,0.006012014679381071,5,0.201210036380315,0.03915976655619903,0.017512780000536774,5,0.8438591918681636,0.019955863135553704,0.008924533304156036,5
small_long,nomotor_xlink,6.3,pulse_06,5,0.0059484255715044855,0.0030219248367647756,0.0013514458715801988,5,190.8,17.58408371226661,7.8638413005349985,5,0.05255642076075513,0.016096876680924382,0.007198742096795622,5,0.201210036380315,0.03915976655619903,0.017512780000536774,5,0.8351767441315247,0.017398136964977082,0.007780683387108127,5
small_long,nomotor_xlink,6.35,pulse_06,5,0.005902205391491918,0.004981923462735072,0.002227983904275352,5,190.8,17.58408371226661,7.8638413005349985,5,0.05255642076075513,0.01609687668092438,0.00719874209679562,5,0.201210036380315,0.03915976655619903,0.017512780000536774,5,0.8388470844009801,0.012456941684149733,0.005570913679501903,5
small_long,nomotor_xlink,6.4,pulse_06,5,0.00553761444439022,0.004648569737351692,0.002078903586173345,5,190.4,16.87601848778319,7.547184905645282,5,0.05291367422671493,0.01589257482268374,0.007107375528204502,5,0.19746479581264456,0.040361530773144895,0.018050225296940326,5,0.8351893271157567,0.014376574978548407,0.006429399787131363,5
small_long,nomotor_xlink,6.45,pulse_06,5,0.005225290562969439,0.005100353248627031,0.002280947314638385,5,190.4,16.87601848778319,7.547184905645282,5,0.056885492350736,0.013350593166289764,0.005970566771953613,5,0.20438999013279685,0.04138139878305812,0.018506324136589005,5,0.8430476270915903,0.010217758513745559,0.0045695205228824575,5
small_long,nomotor_xlink,6.5,pulse_06,5,0.007563824868139943,0.006475780369956286,0.002896057022916198,5,190.0,16.911534525287763,7.5630681604756145,5,0.054809754050393636,0.013030087284971991,0.0058272321843906094,5,0.20189664769057236,0.03567653719613558,0.015955032474471782,5,0.8357639547924677,0.01896394385972235,0.008480933518365782,5
small_long,nomotor_xlink,6.55,pulse_06,5,0.0053045513096276736,0.0015132741425828377,0.0006767567702815868,5,190.0,16.911534525287763,7.5630681604756145,5,0.054809754050393636,0.013030087284971988,0.005827232184390608,5,0.20169462748855213,0.03370810322696069,0.015074722041612825,5,0.8412077766586596,0.006154982985410663,0.0027525920711465673,5
small_long,nomotor_xlink,6.6,pulse_06,5,0.006738337709305378,0.004980972973228692,0.0022275588324457193,5,189.6,17.515707236649053,7.833262411026455,5,0.05057666687612998,0.013746402577657578,0.006147578121944134,5,0.20418524075513536,0.03183844815114518,0.014238586872812624,5,0.8413327425797897,0.008173042606225738,0.0036550957701045592,5
small_long,nomotor_xlink,6.65,pulse_06,5,0.0027525857766898787,0.002183450273306138,0.0009764686473206038,5,188.8,17.35511451993331,7.761443164772901,5,0.04860236246040974,0.013913379456222124,0.006222252452172346,5,0.199027294969842,0.03303901827707777,0.014775498155480772,5,0.8418845148897829,0.014214216795774691,0.006356791000454291,5
small_long,nomotor_xlink,6.7,pulse_06,5,0.008097033565951787,0.004064259631002041,0.0018175921626257551,5,188.8,17.35511451993331,7.761443164772901,5,0.048602362460409755,0.01391337945622213,0.0062222524521723475,5,0.20332837023865924,0.035224711298972755,0.015752969790461598,5,0.8454989668412056,0.01593587446813652,0.007126739718331312,5
small_long,nomotor_xlink,6.75,pulse_06,5,0.009996974632767436,0.006728239094773275,0.0030089599969569383,5,188.4,17.1697408250678,7.678541528180985,5,0.0466036248210241,0.017419836434964465,0.0077903876851016275,5,0.20160314406571586,0.03779493259405299,0.01690240769706499,5,0.8409873312551255,0.012728217425328705,0.005692231879086467,5
small_long,nomotor_xlink,6.8,pulse_06,5,0.009703773239673922,0.00422830205987268,0.0018909541670555398,5,188.4,17.1697408250678,7.678541528180985,5,0.046603624821024106,0.017419836434964465,0.0077903876851016275,5,0.20604595211677132,0.03888160367796533,0.017388381779627263,5,0.83650785988418,0.009027848028177413,0.004037376376308427,5
small_long,nomotor_xlink,6.85,pulse_06,5,0.0043089870019127115,0.004450850998449038,0.001990481078050972,5,188.0,16.431676725154983,7.348469228349534,5,0.04928307543952799,0.015359726936381605,0.006869078709116771,5,0.2044941975761259,0.0404263240076805,0.018079201712321066,5,0.8368499126235285,0.014921942990077377,0.006673295776437897,5
small_long,nomotor_xlink,6.9,pulse_06,5,0.005737361243151554,0.0048568944360833245,0.002172069223724564,5,188.0,16.431676725154983,7.348469228349534,5,0.05166402782048037,0.019901867029709336,0.00890038551151838,5,0.2044941975761259,0.040426324007680495,0.018079201712321063,5,0.832041969532337,0.01178312344682722,0.005269573002875458,5
small_long,nomotor_xlink,6.95,pulse_06,5,0.005735537432905469,0.0031345480571921404,0.0014018125069243047,5,187.6,16.516658257650064,7.386474125047756,5,0.049583616413280754,0.021511178492158233,0.009620091476919447,5,0.20281116812311048,0.03948135934004102,0.017656600665685588,5,0.8356992243988713,0.019016620396750773,0.00850449118188875,5
small_long,nomotor_xlink,7.0,pulse_06,5,0.0069083373273054844,0.004714655171016454,0.0021084578905727377,5,187.2,15.786069808536892,7.059745037889115,5,0.04572481555000605,0.023568967466375337,0.010540362682859248,5,0.20345207857534175,0.041468022743620866,0.018545063549448716,5,0.83712158380017,0.011178815996405992,0.004999318495185169,5
small_long,nomotor_xlink,7.05,pulse_07,5,0.013259770154076023,0.014540471091741086,0.00650269635720073,5,194.4,13.145341380123988,5.878775382679628,5,0.04162619132260085,0.018315110604338082,0.008190766465345441,5,0.1885847679989166,0.02898145252179862,0.012960899585084883,5,0.8389244923258955,0.006365163230627726,0.0028465875343131534,5
small_long,nomotor_xlink,7.1,pulse_07,5,0.004691678633077482,0.00457406361626616,0.0020455834358759292,5,193.2,12.049896265113656,5.388877434122993,5,0.0359516795000558,0.0200625157182073,0.008972229789113906,5,0.19040207566119852,0.034774779749407146,0.015551754284451495,5,0.84435868669577,0.01903449348647988,0.008512484270609197,5
small_long,nomotor_xlink,7.15,pulse_07,5,0.005796546789442909,0.004465722036604496,0.001997131608493291,5,193.2,12.049896265113656,5.388877434122993,5,0.03590872417359532,0.020103166329747835,0.008990409295260222,5,0.19003695538628446,0.034958678862997604,0.01563399646824954,5,0.8450016323889814,0.014000770683417142,0.006261334997101383,5
small_long,nomotor_xlink,7.2,pulse_07,5,0.0046648203994754224,0.0028093818861231763,0.001256393774425599,5,193.2,12.049896265113656,5.388877434122993,5,0.03807887248251194,0.01853612712578624,0.008289608058567164,5,0.19692715656734738,0.030675351311396502,0.01371843415319398,5,0.8427033507180521,0.006244200881899343,0.002792491527418213,5
small_long,nomotor_xlink,7.25,pulse_07,5,0.005605445715243344,0.0025128038934871307,0.001123760063992673,5,193.2,12.049896265113656,5.388877434122993,5,0.039912327416513946,0.017958183251121064,0.008031143700380975,5,0.1917417080544904,0.02673623077254774,0.011956805893907694,5,0.8398718313650992,0.005016192844713467,0.0022433096378054714,5
small_long,nomotor_xlink,7.3,pulse_07,5,0.00370070119717408,0.0030990526314751523,0.001385938469965609,5,193.2,12.049896265113656,5.388877434122993,5,0.039912327416513946,0.017958183251121064,0.008031143700380975,5,0.1959823062020186,0.028132693502264692,0.012581323012246097,5,0.8478527793085104,0.01022857959264961,0.004574359856486327,5
small_long,nomotor_xlink,7.35,pulse_07,5,0.00676724588991678,0.004659162438714011,0.002083640786235645,5,193.2,12.049896265113656,5.388877434122993,5,0.03761347684180131,0.013488793874539348,0.00603237200759055,5,0.19385859486181242,0.031536560210829435,0.014103578481585943,5,0.8370085026871787,0.011656711883887085,0.005213040033300231,5
small_long,nomotor_xlink,7.4,pulse_07,5,0.00910336342260236,0.008683777139184869,0.0038835031969352038,5,193.2,12.049896265113656,5.388877434122993,5,0.03767790983149203,0.013449586555699186,0.006014837961562128,5,0.19642715656734738,0.03083644149033379,0.013790475871316255,5,0.836848081720851,0.005238742853792201,0.0023428370275441206,5
small_long,nomotor_xlink,7.45,pulse_07,5,0.004633919161124285,0.004586527070245553,0.002051157261942402,5,193.2,12.049896265113656,5.388877434122993,5,0.037613476841801295,0.013488793874539348,0.00603237200759055,5,0.1937417080544904,0.026946567418698743,0.012050871301698286,5,0.8403365141541768,0.01377341604537478,0.006159658911968867,5
small_long,nomotor_xlink,7.5,pulse_07,5,0.006422556167619826,0.0019327137010542313,0.0008643358433204936,5,193.2,12.049896265113656,5.388877434122993,5,0.03531462626708866,0.009708033495375969,0.004341564564701111,5,0.19568345562730594,0.02363371347715586,0.010569317979134685,5,0.8406981467682975,0.004216930850904864,0.0018858688078078611,5
small_long,nomotor_xlink,7.55,pulse_07,5,0.005127755785441579,0.0029320921441183924,0.001311271470108367,5,193.2,12.049896265113656,5.388877434122993,5,0.03531462626708866,0.009708033495375969,0.004341564564701111,5,0.1917417080544904,0.026736230772547737,0.011956805893907692,5,0.8371356544746206,0.009495416100061356,0.004246479174876627,5
small_long,nomotor_xlink,7.6,pulse_07,5,0.007685047323922886,0.003373901057972498,0.0015088544229969927,5,193.2,12.049896265113656,5.388877434122993,5,0.03761347684180131,0.013488793874539348,0.00603237200759055,5,0.19762520320012147,0.020704858515707632,0.009259494221127533,5,0.8434253801810099,0.006470868665349173,0.0028938604418388175,5
small_long,nomotor_xlink,7.65,pulse_07,5,0.006001445069926748,0.005938391215345844,0.0026557292869001797,5,192.8,12.049896265113656,5.388877434122993,5,0.03559457649815869,0.015364617289316193,0.0068712657414359115,5,0.1959284678049325,0.022231388347597247,0.009942179115884834,5,0.8299192986300854,0.01315382769537539,0.005882570578235754,5
small_long,nomotor_xlink,7.7,pulse_07,5,0.00665732234376466,0.0027874272013972768,0.0012465753409312615,5,192.4,11.781341180018513,5.2687759489277965,5,0.03135633198405211,0.011093584454405971,0.004961201790837333,5,0.19237055861595534,0.024589085115468416,0.010996573164543128,5,0.8394045767024849,0.00873951818987562,0.00390843135263156,5
small_long,nomotor_xlink,7.75,pulse_07,5,0.0033231304807504946,0.0016905229174978475,0.0007560248322092911,5,192.4,11.781341180018513,5.2687759489277965,5,0.03141817490303789,0.011087104701132017,0.0049583039570777355,5,0.19276223043619858,0.024595694172970934,0.010999528824911696,5,0.8308140746876764,0.014315103012597979,0.006401908688216221,5
small_long,nomotor_xlink,7.8,pulse_07,5,0.0023648555021394584,0.0019574623957582518,0.0008754037960630093,5,192.4,11.781341180018513,5.2687759489277965,5,0.03135633198405211,0.011093584454405971,0.004961201790837333,5,0.19237055861595534,0.0245890851154684,0.010996573164543121,5,0.8381747251468636,0.013598488122505244,0.006081428766629042,5
small_long,nomotor_xlink,7.85,pulse_07,5,0.008684677142265743,0.005342707506454254,0.0023893314336660217,5,192.4,11.781341180018513,5.2687759489277965,5,0.03135633198405211,0.011093584454405971,0.004961201790837333,5,0.194669409190668,0.029097203384071003,0.013012664944383936,5,0.8357736900608463,0.018413435352849387,0.00823473862965381,5
small_long,nomotor_xlink,7.9,pulse_07,5,0.007192285615966061,0.0042856144559601786,0.0019165850497765474,5,192.4,11.781341180018513,5.2687759489277965,5,0.03135633198405211,0.011093584454405971,0.004961201790837333,5,0.1963956395221042,0.0205623695094871,0.009195771200336432,5,0.845338057603497,0.015640465887354068,0.006994628984778053,5
small_long,nomotor_xlink,7.95,pulse_07,5,0.0024742821503642267,0.0021410194501583274,0.0009574930063406485,5,192.4,11.781341180018513,5.2687759489277965,5,0.0313563319840521,0.011093584454405971,0.004961201790837333,5,0.194669409190668,0.02909720338407101,0.01301266494438394,5,0.8321532058335611,0.011272134992778533,0.0050410520190813796,5
small_long,nomotor_xlink,8.0,pulse_07,5,0.007584386003274386,0.006384849153553224,0.0028553913466854,5,192.0,11.224972160321824,5.019960159204453,5,0.029471694633966438,0.010275733151093711,0.004595447568898731,5,0.19533110004712442,0.03585476489312069,0.01603473832365817,5,0.8455961390438238,0.01150693804048368,0.005146059134279947,5
small_long,rotatable_xlink,0.0,initial,5,0.2346642399617926,0.22625006069394948,0.10118210312502485,5,28.8,10.353743284435827,4.63033476111609,5,0.20454545454545453,0.21076405671581144,0.09425655160603509,5,0.40573593073593067,0.22065796474967742,0.09868124179140621,5,0.5575048613974276,0.08356777397409086,0.037372644666880984,5
small_long,rotatable_xlink,0.05,initial,5,0.13537079963915202,0.10722447532288512,0.047952243134743965,5,37.6,9.528903399657278,4.261455150532504,5,0.16003663003663005,0.12644768759375913,0.05654912501146044,5,0.3689550800077116,0.1502605649797887,0.06719856752646637,5,0.6317669883564213,0.0409458986615406,0.018311562561404485,5
small_long,rotatable_xlink,0.1,initial,5,0.07514580308102524,0.07960289628907206,0.03559949746164617,5,47.2,12.049896265113654,5.388877434122992,5,0.14464277665089026,0.11005787195976217,0.04921937663219924,5,0.364158215010142,0.13962875802881466,0.06244387891325982,5,0.6446205149652722,0.03533123013897761,0.015800606463888655,5
small_long,rotatable_xlink,0.15000000000000002,initial,5,0.13156315565776677,0.08293457176562459,0.03708946803055427,5,52.4,12.759310326189263,5.706137047074841,5,0.13103679502361215,0.10781792663620816,0.048217642630329335,5,0.3465652161347757,0.11932495381298627,0.05336374162757201,5,0.6804554370450825,0.0348538679821874,0.01558712361739489,5
small_long,rotatable_xlink,0.2,initial,5,0.14223694633129336,0.08299857863900335,0.03711809277453469,5,64.0,15.937377450509228,7.127411872482185,5,0.10063376931156134,0.08820456580141432,0.039446281011563125,5,0.313600007181522,0.08500465165267404,0.038015235899813794,5,0.6976527679553615,0.03157184622426311,0.014119358866524476,5
small_long,rotatable_xlink,0.25,initial,5,0.05775168169458968,0.0377754904088501,0.016893712887516028,5,72.8,14.042791745233567,6.2801273872430325,5,0.09059804135986974,0.0674493716024476,0.03016427598854335,5,0.2861704454326748,0.06777833040553446,0.030311390837643188,5,0.7254708595787627,0.03309601138303193,0.014800986247313243,5
small_long,rotatable_xlink,0.30000000000000004,initial,5,0.0372262198168723,0.029899717527360915,0.013371560179844186,5,80.4,14.791889669680476,6.61513416341649,5,0.08280915660704913,0.0608533094503583,0.027214427317366303,5,0.2832567206704233,0.08053009000972047,0.03601415109918234,5,0.7427051867319409,0.024697614232864547,0.01104510886135029,5
small_long,rotatable_xlink,0.35000000000000003,initial,5,0.04861583557241775,0.029399906663217804,0.013148037966220804,5,85.6,15.388307249337076,6.881860213634101,5,0.07540274094895943,0.05468247624384822,0.024454746811852397,5,0.2709727625694012,0.08178085058421705,0.036573508232812545,5,0.7447485145483471,0.02604741634393942,0.011648758716657517,5
small_long,rotatable_xlink,0.4,initial,5,0.0439661117668687,0.0228131105891925,0.010202333211130942,5,90.0,15.811388300841896,7.071067811865475,5,0.07637777317022601,0.058971338603087314,0.026372784368132143,5,0.27229056423478076,0.08701942743058129,0.038916271019577925,5,0.7487359067317549,0.011085931400020928,0.004957779240869242,5
small_long,rotatable_xlink,0.45,initial,5,0.036408678626329294,0.022336987411285373,0.009989404452838229,5,94.8,14.25482374496437,6.374950980203691,5,0.06755417165453884,0.055635236396134755,0.024880834105205543,5,0.26580057029873433,0.08957650467203922,0.04005983072670144,5,0.7632308724450809,0.028980329242976468,0.01296039723952408,5
small_long,rotatable_xlink,0.5,initial,5,0.03583834364252582,0.01548382783781879,0.0069245783194532805,5,99.6,15.899685531481433,7.110555533852471,5,0.06577509732417103,0.05507309973308403,0.02462943894696028,5,0.25641200754001886,0.07753739282713132,0.03467577623191404,5,0.77225905949057,0.030617193558285755,0.013692425215319123,5
small_long,rotatable_xlink,0.55,initial,5,0.04731564587839872,0.01903863517291196,0.00851433648908992,5,106.4,16.816658407662327,7.520638270785266,5,0.05997136795990214,0.042554453489031654,0.019030930149365577,5,0.24642118005423982,0.07186146303255464,0.03213742326067607,5,0.7761308169699337,0.03614731346898781,0.016165570024130094,5
small_long,rotatable_xlink,0.6000000000000001,initial,5,0.033433382996526435,0.026529330852743924,0.011864277436863574,5,113.2,18.033302526159762,8.06473806146238,5,0.05517022348267743,0.03730829911013032,0.01668477858702926,5,0.23491785428526693,0.06550520044433343,0.029294816214655794,5,0.7760387496946103,0.023808780775546542,0.010647610455102445,5
small_long,rotatable_xlink,0.65,initial,5,0.09241058306183553,0.10745576376649844,0.04805567847120987,5,118.4,18.568791021496256,8.304215796810677,5,0.0524928541113787,0.03529674050645117,0.015785182231319035,5,0.23076139000250903,0.06733560521327933,0.03011339811259636,5,0.7669706884491465,0.03156574719567547,0.01411663129802074,5
small_long,rotatable_xlink,0.7000000000000001,initial,5,0.08857053587296587,0.14433314510886774,0.0645477447739539,5,123.2,17.123083834403197,7.65767588763066,5,0.06486400686400685,0.0463637309237324,0.02073449080719495,5,0.2676741143954258,0.1310624436672651,0.05861290666744832,5,0.7807601254141348,0.035428957648817726,0.01584431153494351,5
small_long,rotatable_xlink,0.75,initial,5,0.05464764754398451,0.054268429076862586,0.024269579289598178,5,125.2,17.81010948871455,7.964923100695951,5,0.09479761904761905,0.08364943872957692,0.03740916625580753,5,0.2940539942753057,0.17981038722520853,0.08041364977922522,5,0.7843018106657893,0.015531302449756286,0.006945809611352814,5
small_long,rotatable_xlink,0.8,initial,5,0.07399563546266047,0.06375296300327578,0.028511191808470757,5,128.0,19.183326093250876,8.579044235810885,5,0.08730589671766142,0.08160118801737777,0.0364931606903196,5,0.29748186454068815,0.187981679625504,0.08406796283344282,5,0.7872944856690721,0.03727124107166514,0.016668205728405074,5
small_long,rotatable_xlink,0.8500000000000001,initial,5,0.08334893722794715,0.06781540592778085,0.03032797151525203,5,135.6,18.676188047886004,8.35224520712844,5,0.10844223344223343,0.09671501899862396,0.043252271385221364,5,0.30451236263736264,0.2042024675223,0.09132211971061117,5,0.7989079402510436,0.024027616434470232,0.010745476736953311,5
small_long,rotatable_xlink,0.9,initial,5,0.05948363071795668,0.050550558022863984,0.022606896807934245,5,137.6,17.742604092973497,7.934733769950947,5,0.11924047832093809,0.12190452781539855,0.054517362192049015,5,0.3126264710172755,0.23009405369495725,0.10290118905608221,5,0.7893682396995129,0.043523949211310635,0.019464501817147786,5
small_long,rotatable_xlink,0.9500000000000001,initial,5,0.04478078042110033,0.04145627192806441,0.01853980842497366,5,140.4,17.052858997833763,7.6262703859750465,5,0.11747768172604536,0.12105315741766884,0.05413661777537808,5,0.32387935991960337,0.21578446732835097,0.09650174748695503,5,0.7966502032664637,0.029087559877752647,0.013008352237250078,5
small_long,rotatable_xlink,1.0,initial,5,0.039996328667681935,0.03252365442126728,0.014545020432533041,5,142.4,15.836666315863322,7.082372483850309,5,0.1141323898599681,0.11778819347345994,0.05267648151071069,5,0.33071149476549033,0.22522692451574566,0.10072454271608423,5,0.7981172005198442,0.028603017320498254,0.012791658218047596,5
small_long,rotatable_xlink,1.05,pulse_01,5,0.016568097155269978,0.011124327813384892,0.004974950638944042,5,154.0,16.30950643030009,7.293833011524187,5,0.11212133372245732,0.11987534488703426,0.05360988399872809,5,0.31669052694577854,0.20031949003811667,0.08958559938866416,5,0.8014103401083303,0.048080911879896576,0.02150243747672519,5
small_long,rotatable_xlink,1.1,pulse_01,5,0.022391768816204045,0.016378582273860985,0.0073247246678852474,5,157.6,16.816658407662327,7.520638270785266,5,0.11400172117039586,0.12600385214316032,0.0563506357637878,5,0.31521035180291923,0.1901330911270304,0.08503010330644041,5,0.8178172441633219,0.03304528600828498,0.014778301170089577,5
small_long,rotatable_xlink,1.15,pulse_01,5,0.010845251826224204,0.008109324021041725,0.0036265999525242464,5,160.0,17.08800749063506,7.641989269817119,5,0.11211135423231529,0.12712508303263265,0.05685206546125434,5,0.31215025531098434,0.1992145843302009,0.08909147053433872,5,0.8240007759672199,0.02679280810592073,0.011982108046589226,5
small_long,rotatable_xlink,1.2,pulse_01,5,0.019187689820427237,0.015644706287208716,0.006996525349243408,5,162.0,18.2208671582886,8.148619514985345,5,0.10583369931196018,0.12003004503528474,0.05367906800825156,5,0.3119052847313717,0.1985047429110079,0.08877401980102662,5,0.81231647029087,0.03352719200596716,0.014993816084006021,5
small_long,rotatable_xlink,1.25,pulse_01,5,0.010273822982775977,0.010415331558694474,0.004657877874687937,5,164.4,15.773395322504284,7.054076835419359,5,0.11025367139046885,0.1205457936135035,0.05390971778429076,5,0.3069106160049957,0.19905742347834116,0.08902118606470669,5,0.8079086646769283,0.03708962318967792,0.016586983742394482,5
small_long,rotatable_xlink,1.3,pulse_01,5,0.009971542140196975,0.005705632579794981,0.002551636460611814,5,166.4,15.582040944625964,6.968500556073738,5,0.10687403993855607,0.1184412859043808,0.05296855332493662,5,0.3113180629309661,0.19195198439626338,0.08584353710520476,5,0.8084546196270009,0.0420623088772226,0.018810836388012515,5
small_long,rotatable_xlink,1.35,pulse_01,5,0.007190860556804591,0.004157859743996389,0.0018594514056971595,5,166.8,15.722595205626837,7.031358332498778,5,0.11127892194253752,0.12452681679354989,0.055690085474407985,5,0.31653503920611537,0.19113605918533885,0.08547864425796814,5,0.8130390786817518,0.03509993988877976,0.01569717031949359,5
small_long,rotatable_xlink,1.4,pulse_01,5,0.009028527116352925,0.010661398761477996,0.004767922473179373,5,168.8,16.946976131451887,7.578918128598565,5,0.11367616439919,0.13376387990330296,0.05982102567958068,5,0.3049288934717188,0.19031922896685372,0.0851133466790464,5,0.8202095746062913,0.040197087579903396,0.0179766840652353,5
small_long,rotatable_xlink,1.45,pulse_01,5,0.009563619806053717,0.005884347382267667,0.0026315601499946888,5,170.4,17.28583234906552,7.730459236035074,5,0.11292843973084137,0.13372621082737907,0.0598041795566976,5,0.3005971499943796,0.18895119676758723,0.08450154408045271,5,0.8247842761469153,0.038138400799571016,0.017056011348194625,5
small_long,rotatable_xlink,1.5,pulse_01,5,0.00879962960168835,0.006991670820304631,0.003126770246100574,5,170.4,17.28583234906552,7.730459236035074,5,0.11512572818338929,0.13161738383354668,0.05886108345449845,5,0.29789444729167686,0.1912671999718361,0.08553729220061428,5,0.8162484664138315,0.03376059527000403,0.015098197196917375,5
small_long,rotatable_xlink,1.55,pulse_01,5,0.009202779442577715,0.0053855635418365065,0.002408497235338192,5,171.6,16.637307474468336,7.4404300950953095,5,0.11475172163827471,0.1344552347453139,0.0601302089642427,5,0.2944232116801887,0.18947008393780307,0.08473359747750374,5,0.8234634878472911,0.03669388990429679,0.016410006436980176,5
small_long,rotatable_xlink,1.6,pulse_01,5,0.01478396606778396,0.0140425678575776,0.006280027261639419,5,173.6,18.622566955175646,8.328265125462805,5,0.11644799054373522,0.1327252042265313,0.059356515795613275,5,0.28857537331298444,0.18906243069209921,0.08455128940377529,5,0.8279615871971023,0.051058443818874616,0.02283403024087152,5
small_long,rotatable_xlink,1.65,pulse_01,5,0.022078075325640607,0.01251017131055704,0.005594718692114635,5,174.0,19.026297590440446,8.508818954473059,5,0.1164932216905901,0.12996704062640316,0.05812302753502286,5,0.2985250287686997,0.18222845028479706,0.08149504045424942,5,0.8342693932746315,0.047426047350970515,0.021209573156178777,5
small_long,rotatable_xlink,1.7000000000000002,pulse_01,5,0.01848976897343012,0.01936417227141585,0.00865992110538047,5,173.6,18.46076921474292,8.255906976220116,5,0.11069920829363458,0.13010994288322777,0.058186935367102455,5,0.28615243183158656,0.17413984239308866,0.07787770503640917,5,0.832759976232885,0.03864189275765924,0.017281179797076572,5
small_long,rotatable_xlink,1.75,pulse_01,5,0.011334883248173215,0.005212067631231309,0.002330907505351903,5,174.8,18.417383093154143,8.2365041127896,5,0.11061890075291407,0.12315583964058695,0.05507696585248313,5,0.2898871253063278,0.16722723742073786,0.07478629411245329,5,0.8354125735307587,0.037780303684767085,0.016895865449944997,5
small_long,rotatable_xlink,1.8,pulse_01,5,0.004995367259015601,0.004440012173619169,0.0019856338082278116,5,176.0,19.6468827043885,8.786353054595518,5,0.10649235133442445,0.12335390790164465,0.05516554467166517,5,0.28483947715267105,0.16003205113029584,0.07156850898121271,5,0.8286069266593243,0.04574921074998744,0.02045966903078721,5
small_long,rotatable_xlink,1.85,pulse_01,5,0.02543986102170682,0.02170301139057141,0.009705881757153981,5,176.8,19.370080020485204,8.662563131083086,5,0.11299953341185451,0.12517636600819132,0.05598057271414195,5,0.28858159707541226,0.16095501545827706,0.0719812711768474,5,0.832708606691585,0.04395687929274892,0.019658114035467893,5
small_long,rotatable_xlink,1.9,pulse_01,5,0.021761276167474315,0.00811967769203192,0.003631230254954395,5,178.0,20.445048300260872,9.143303560529969,5,0.12255693647257074,0.13568398378164906,0.060679722238749255,5,0.2986169503507236,0.1772069843247804,0.07924937260758973,5,0.8327111619324329,0.034663400217870836,0.015501943843688042,5
small_long,rotatable_xlink,1.9500000000000002,pulse_01,5,0.009084091573306263,0.006222272856218852,0.0027826850162114255,5,179.6,21.789905919943756,9.744742172063866,5,0.11911390780909899,0.1375432950618456,0.06151123152151958,5,0.29600459239964005,0.1751747971121386,0.07834055085749515,5,0.8357387422856336,0.035072017883453856,0.015684683219098224,5
small_long,rotatable_xlink,2.0,pulse_01,5,0.007285446922145972,0.007655772269035758,0.0034237654427643526,5,180.4,22.423202269078338,10.027960909377338,5,0.12135321232523003,0.13511190156669875,0.060423879294479746,5,0.293803530784385,0.17041980176829472,0.07621405229318917,5,0.8418502560617457,0.030493427627835093,0.013637075408561884,5
small_long,rotatable_xlink,2.05,pulse_02,5,0.06927398856793887,0.09630978956065249,0.043071047271263714,5,186.8,21.05231578710523,9.414881836751857,5,0.12041420964710832,0.13187472669264702,0.058976170679792946,5,0.2873867606373265,0.1481977463411967,0.0662760469862373,5,0.8440022710202919,0.0415896975953741,0.018599478197383206,5
small_long,rotatable_xlink,2.1,pulse_02,5,0.07368111599699374,0.12371650093757122,0.05532770120696514,5,187.6,21.83575050232989,9.765244492586962,5,0.13015387125724076,0.12251198951873922,0.054789027324528526,5,0.3067761959152593,0.15650673476283122,0.06999193957324401,5,0.8464930866552877,0.02274898089418903,0.010173653539650124,5
small_long,rotatable_xlink,2.15,pulse_02,5,0.07335987364270322,0.13282949099276498,0.0594031542553037,5,188.4,22.64508776754906,10.12719112093773,5,0.15341537750275616,0.1179758201683382,0.052760390719538974,5,0.32596171627725024,0.16390001657972894,0.0732983157171233,5,0.8550560861434675,0.03512324561233969,0.015707592955922552,5
small_long,rotatable_xlink,2.2,pulse_02,5,0.0796997544561689,0.09642885420217322,0.04312429459769511,5,188.0,23.108440016582687,10.334408546211051,5,0.17225026434820065,0.1279280237661298,0.05721115147365498,5,0.33541108545420256,0.1711760870138042,0.07655227333705704,5,0.8498069322614834,0.03312810198648665,0.014815337601465993,5
small_long,rotatable_xlink,2.25,pulse_02,5,0.07832239113606994,0.07553724672044626,0.03378128370001818,5,188.0,23.108440016582687,10.334408546211051,5,0.19729388052583746,0.13602750574995026,0.06083334993332645,5,0.351892888956873,0.18432692763065678,0.08243350805316656,5,0.8579359099263195,0.033695056310005266,0.015068887282970999,5
small_long,rotatable_xlink,2.3,pulse_02,5,0.0583145084259414,0.09439811475349962,0.042216120307330185,5,188.4,22.512218904408336,10.067770358922575,5,0.2010840039826276,0.13561653246787228,0.060649557094193944,5,0.3635813979787154,0.15901670721198838,0.07111443337683741,5,0.864819904669439,0.037753349998523915,0.016883811395008212,5
small_long,rotatable_xlink,2.35,pulse_02,5,0.05914629780452372,0.09857205558002,0.04408276339176243,5,188.4,22.512218904408336,10.067770358922575,5,0.212871905401597,0.13575389386402603,0.06071098697805076,5,0.38781976455041534,0.15163863267206343,0.06781485813397088,5,0.8621357789344195,0.03618718510211935,0.016183401160541306,5
small_long,rotatable_xlink,2.4,pulse_02,5,0.06026909790758591,0.10098732090191144,0.04516290288045187,5,189.2,23.34951819631403,10.44222198576529,5,0.23554042135166636,0.12872728874964645,0.05756859364069067,5,0.4143431340338971,0.13943210530104577,0.06235593313980942,5,0.8611461776065031,0.023383329891616077,0.010457343035591267,5
small_long,rotatable_xlink,2.45,pulse_02,5,0.03480979962819669,0.04449214470838931,0.01989749200654321,5,189.6,23.765521244020718,10.628264204469138,5,0.2575141624699858,0.1371158278685549,0.06132006238104976,5,0.43016973714965695,0.13315156549470827,0.05954719035133662,5,0.8615245743975566,0.020017932941894908,0.008952291765421873,5
small_long,rotatable_xlink,2.5,pulse_02,5,0.017113995159828022,0.012072734639120907,0.005399091065478148,5,189.2,23.34951819631403,10.44222198576529,5,0.2660965800524034,0.14564897523450793,0.06513620189550862,5,0.4407191876991073,0.14053720183319202,0.06285014733332508,5,0.8669925163513899,0.020440335952581667,0.009141196134581104,5
small_long,rotatable_xlink,2.55,pulse_02,5,0.013781969018186586,0.009043704654125207,0.004044467675011037,5,188.8,22.91724241700995,10.248902380255165,5,0.262686323642147,0.14340498526910064,0.064132659074813,5,0.4372427258893121,0.1388764953387914,0.06210745681089405,5,0.865953382683727,0.03038886469795642,0.013590313444734834,5
small_long,rotatable_xlink,2.6,pulse_02,5,0.0320228388673099,0.03445290268577635,0.0154078064855162,5,190.0,22.22611077089287,9.939818911831342,5,0.27927860856903763,0.15229802404975076,0.0681097469228281,5,0.43196729624122376,0.1361280081339739,0.06087829596584199,5,0.8634241996350221,0.02392085863887019,0.010697733199335367,5
small_long,rotatable_xlink,2.65,pulse_02,5,0.027210698970806236,0.03137489513941814,0.014031279663733338,5,190.0,22.22611077089287,9.939818911831342,5,0.2831258611029529,0.1561828213522197,0.06984708109225377,5,0.43206517584890725,0.13720856108805107,0.06136153393756294,5,0.859277078336177,0.0247037081233098,0.011047834132006894,5
small_long,rotatable_xlink,2.7,pulse_02,5,0.011334344287374093,0.011329565369131383,0.005066735664181054,5,190.0,22.22611077089287,9.939818911831342,5,0.27543355341064524,0.1501742282320545,0.06715995655908838,5,0.4404177846140572,0.14231689629898536,0.0636460508942639,5,0.8526122890574241,0.021604522267574394,0.00966183608234085,5
small_long,rotatable_xlink,2.75,pulse_02,5,0.01149287684676797,0.008392784736968424,0.0037533674384768174,5,190.0,22.22611077089287,9.939818911831342,5,0.2799331904573982,0.15193242926719394,0.06794624796562485,5,0.44474628743028877,0.137597724047601,0.06153557290393867,5,0.8594662972838873,0.021379648696986907,0.009561269564305504,5
small_long,rotatable_xlink,2.8,pulse_02,5,0.02363803097078718,0.026609911431647187,0.01190031416728237,5,190.0,22.22611077089287,9.939818911831342,5,0.27910639153407546,0.1453365773995344,0.0649964933365037,5,0.4448080449070548,0.13842815576781103,0.061906953259351014,5,0.8588639070785279,0.03688233910991678,0.0164942834837946,5
small_long,rotatable_xlink,2.85,pulse_02,5,0.027324479470232456,0.03489430289052076,0.015605206658134365,5,190.0,21.354156504062622,9.549869109050658,5,0.28995803630838657,0.16325083420051048,0.07300799253117779,5,0.4468018500283407,0.154070895644421,0.06890259920304032,5,0.8498973867914671,0.02250176908739383,0.0100630970586832,5
small_long,rotatable_xlink,2.9,pulse_02,5,0.015749749153882924,0.021263142099157303,0.00950916622979066,5,190.0,21.354156504062622,9.549869109050658,5,0.28487720154865065,0.16624371090522547,0.07434644768318144,5,0.4512943194220097,0.15082891294545211,0.0674527404636858,5,0.8601431105683884,0.02356637058810713,0.010539201323591848,5
small_long,rotatable_xlink,2.95,pulse_02,5,0.008480526807195658,0.008071124792464277,0.0036095167381668012,5,190.0,21.354156504062622,9.549869109050658,5,0.29423308685575544,0.17210588256942938,0.07696809055056805,5,0.4498100651142257,0.15678550358208618,0.07011660877921629,5,0.8575613677350024,0.03902516378502448,0.017452583811275544,5
small_long,rotatable_xlink,3.0,pulse_02,5,0.013912051697752234,0.013629278741601254,0.0060951987501026384,5,190.0,21.354156504062622,9.549869109050658,5,0.30200231762498614,0.17657387571941688,0.07896623783184314,5,0.4498100651142257,0.15678550358208618,0.07011660877921629,5,0.8550052903837198,0.029192669113284702,0.01305535851639262,5
small_long,rotatable_xlink,3.05,pulse_03,5,0.01200190096515805,0.014782666651409947,0.006611009504254365,5,197.2,24.0249869927124,10.744300814850634,5,0.28806207339884426,0.16439805288599216,0.07352104432433679,5,0.4321018062397374,0.1470914236194772,0.06578128442407383,5,0.8768469918374239,0.02985950334346585,0.013353575850074377,5
small_long,rotatable_xlink,3.1,pulse_03,5,0.01167854878357664,0.006725665356805307,0.003007808986346409,5,197.2,24.0249869927124,10.744300814850634,5,0.29484112552188924,0.16516788485941453,0.07386532364910184,5,0.43741133474349303,0.1445210360443996,0.06463177215479496,5,0.8683598834770281,0.021193642059821178,0.009478084867311764,5
small_long,rotatable_xlink,3.15,pulse_03,5,0.020129117340330616,0.02972041633303596,0.013291374248052686,5,196.8,24.641428530018302,11.019981851164728,5,0.2881526895349508,0.16542990553928716,0.07398250285944301,5,0.43642385634492004,0.15028408947433128,0.06720908800025308,5,0.8682021534950637,0.024382042265437876,0.010903980787158412,5
small_long,rotatable_xlink,3.2,pulse_03,5,0.044123993402120185,0.08724276204708827,0.03901614929642561,5,195.6,24.38852189043034,10.906878563548783,5,0.28902306786742304,0.16486585261147052,0.07373025072154185,5,0.4405042955219073,0.1573103188778069,0.07035131331458892,5,0.8659296827853294,0.03557897153466887,0.015911399784209922,5
small_long,rotatable_xlink,3.25,pulse_03,5,0.0336078235784337,0.06068537437005545,0.027139324466293493,5,195.2,24.0249869927124,10.744300814850634,5,0.31101827340401905,0.1615602021040712,0.07225191887266155,5,0.4647183384071953,0.18105863489464497,0.08097188310754833,5,0.857748330231266,0.02774153881178065,0.012406393316718054,5
small_long,rotatable_xlink,3.3,pulse_03,5,0.00933166947167901,0.012032100855876656,0.00538091908517472,5,194.8,24.641428530018302,11.019981851164728,5,0.32132660290240833,0.16585298328051132,0.07417170897727188,5,0.4695963871876831,0.18739296205584602,0.08380468033238209,5,0.8569526555669684,0.03272663178131767,0.014635794667526267,5
small_long,rotatable_xlink,3.35,pulse_03,5,0.007049314818780428,0.002026317251715386,0.0009061966237632311,5,194.8,24.641428530018302,11.019981851164728,5,0.32630436460058687,0.1697326542479423,0.07590675057997348,5,0.46942719218597384,0.18408861139012497,0.0823269297903723,5,0.8499214090304978,0.021750188657989875,0.009726980072542057,5
small_long,rotatable_xlink,3.4,pulse_03,5,0.014025564055099405,0.008226566851144496,0.003679032540121097,5,194.8,24.641428530018302,11.019981851164728,5,0.31656369050768496,0.16490625053720528,0.07374831722316044,5,0.47247149949675754,0.18850145087552822,0.08430041160300367,5,0.853816365245345,0.019496501942683042,0.008719100733459198,5
small_long,rotatable_xlink,3.45,pulse_03,5,0.017416849900939415,0.011906736247762789,0.005324854328031674,5,194.0,24.899799195977465,11.135528725660043,5,0.3083353647636228,0.17487266208187638,0.07820543196428509,5,0.4709695068770688,0.18558098996851677,0.08299434178026201,5,0.8510824148756138,0.026718318330634285,0.011948795206355393,5
small_long,rotatable_xlink,3.5,pulse_03,5,0.0212231039263291,0.019042434432913334,0.008516035569815374,5,193.2,25.203174403237384,11.271202242884296,5,0.3201865659700264,0.16967759657930323,0.07588212804202156,5,0.4747158385351907,0.18952423993855294,0.08475781677731699,5,0.8563972473576298,0.029062787748134634,0.012997273804095415,5
small_long,rotatable_xlink,3.55,pulse_03,5,0.03138837457514082,0.04745426042424844,0.021222190426119503,5,193.2,25.203174403237384,11.271202242884296,5,0.3094774232641718,0.17628763687717192,0.07883822793003102,5,0.4800042311790887,0.18522435347812624,0.08283484909310797,5,0.8522244168697268,0.02802885660088712,0.012534885738235458,5
small_long,rotatable_xlink,3.6,pulse_03,5,0.03302676696824701,0.04694249040092208,0.020993319913918625,5,193.2,25.203174403237384,11.271202242884296,5,0.3170245930754926,0.17466228320750934,0.07811134767146218,5,0.48919863557533594,0.1849427901734937,0.0827089301552824,5,0.8662109805060452,0.022612158300690507,0.01011246461566602,5
small_long,rotatable_xlink,3.65,pulse_03,5,0.022926874562081673,0.024195552205226685,0.010820579896806362,5,193.2,25.203174403237384,11.271202242884296,5,0.32108051777095226,0.16284454924143713,0.07282629637383305,5,0.4963969681773544,0.17181333002783145,0.07683725707656738,5,0.8474844669737884,0.01873818653302253,0.008379971772581896,5
small_long,rotatable_xlink,3.7,pulse_03,5,0.0076792758746177985,0.005165470855403476,0.0023100687936952317,5,192.8,24.843510218968657,11.11035552986492,5,0.32316722037652273,0.16346055896236905,0.07310178429599394,5,0.5056146179401992,0.16507409369057857,0.07382337896326056,5,0.8513743470938302,0.0164393544429915,0.0073519028081484375,5
small_long,rotatable_xlink,3.75,pulse_03,5,0.017529367347311905,0.02214631209912902,0.009904131860915709,5,192.8,24.843510218968657,11.11035552986492,5,0.3275719822812846,0.16614125139699853,0.07430062639811412,5,0.507940199335548,0.1600667244508389,0.07158401536156069,5,0.8510493616231349,0.029194384052437725,0.013056125460497307,5
small_long,rotatable_xlink,3.8,pulse_03,5,0.011872763404828053,0.01140505400024952,0.005100495206322766,5,192.8,24.843510218968657,11.11035552986492,5,0.3267453874924257,0.16587341940164915,0.074180848288484,5,0.5088207024802023,0.16025332926714408,0.07166746757239814,5,0.8553081496802865,0.02886566477729392,0.012909117731550106,5
small_long,rotatable_xlink,3.85,pulse_03,5,0.009711454889253453,0.009921820476628413,0.004437173009258099,5,192.8,24.843510218968657,11.11035552986492,5,0.322452934662237,0.1645536424495826,0.07359062609249234,5,0.5060354374307863,0.15974535104436124,0.07144029280495175,5,0.858540948816208,0.02410199291801448,0.010778738911579778,5
small_long,rotatable_xlink,3.9,pulse_03,5,0.010340894449636281,0.01108586913805959,0.004957751396473649,5,193.2,25.242820761555155,11.288932633336067,5,0.3275455387545151,0.16173632369128793,0.0723306828409259,5,0.507815588743648,0.16004225467599076,0.07157307214556978,5,0.8653728917356196,0.028050237962167802,0.012544447773690475,5
small_long,rotatable_xlink,3.95,pulse_03,5,0.008405600606622914,0.004875423591754871,0.002180355714054015,5,193.2,26.099808428415717,11.672189169131899,5,0.3226011515717398,0.1657883679602384,0.07414281212756824,5,0.5068751945222533,0.16411564966969847,0.07339474976659734,5,0.8559908116690101,0.03134861399660576,0.014019526379362367,5
small_long,rotatable_xlink,4.0,pulse_03,5,0.012058544880760177,0.008233254241085302,0.003682023231821035,5,192.4,26.43482551483932,11.822013364905319,5,0.3203575618281501,0.16347069118205565,0.07310631556239038,5,0.49974311091958157,0.17985958756276962,0.08043565283908571,5,0.8627497167191326,0.02986514240755591,0.013356097716201347,5
small_long,rotatable_xlink,4.05,pulse_04,5,0.020903531564399704,0.023457308607149473,0.010490427322955426,5,202.8,22.609732417700126,10.111379727811629,5,0.3036239614883796,0.15346995907222363,0.06863385219792052,5,0.4735068656382732,0.15036283089428695,0.06724430223378622,5,0.8639870182052884,0.019351024767735207,0.0086540413629876,5
small_long,rotatable_xlink,4.1,pulse_04,5,0.0055194750799526775,0.0024051536246216523,0.0010756174001968052,5,202.8,22.609732417700126,10.111379727811629,5,0.3072806654456346,0.15531277801524232,0.06945798588328334,5,0.47507563307362927,0.16385673815616286,0.07327896101771274,5,0.8697182823366131,0.026682325517890355,0.011932698731156023,5
small_long,rotatable_xlink,4.15,pulse_04,5,0.013097612783619404,0.010880705340248317,0.004865999356788043,5,202.4,23.212065827926647,10.380751417888783,5,0.2973639514765426,0.14957596528114295,0.06689240523375681,5,0.46883552602485584,0.16612612017022763,0.07429385950778558,5,0.8686570556630457,0.010033817729338495,0.004487259703328692,5
small_long,rotatable_xlink,4.2,pulse_04,5,0.017654531126690458,0.00995041357457269,0.004449960231396241,5,202.0,23.021728866442675,10.295630140986999,5,0.30330059602291903,0.15440683717476636,0.06905283682270383,5,0.47048538676487855,0.1611267617282226,0.07205807844374344,5,0.871366350567112,0.014016993238083818,0.006268589944102062,5
small_long,rotatable_xlink,4.25,pulse_04,5,0.015508487086416303,0.01606910652697927,0.007186322906402241,5,202.0,23.021728866442675,10.295630140986999,5,0.3061405429282017,0.14919121844140368,0.06672034121619977,5,0.4771968234763153,0.15130591396066803,0.06766606180275762,5,0.8709106331291206,0.02290680144123582,0.010244233033938689,5
small_long,rotatable_xlink,4.3,pulse_04,5,0.0108577640441609,0.007553234310435009,0.0033779090736232855,5,202.0,23.021728866442675,10.295630140986999,5,0.3023837149608475,0.14776692503561115,0.06608337784114841,5,0.47957615819684785,0.15640412893914654,0.06994605285391474,5,0.8723590858837893,0.02371673303715584,0.0106064454550591,5
small_long,rotatable_xlink,4.35,pulse_04,5,0.014803240933468829,0.0123636643686262,0.00552919879584804,5,201.6,22.86482013924448,10.225458424931372,5,0.3028194196070784,0.14909980547246832,0.06667946009368686,5,0.4786970373177269,0.15597126892363294,0.06975247197002873,5,0.8749437669854474,0.011732573658436158,0.005246966450257329,5
small_long,rotatable_xlink,4.4,pulse_04,5,0.012131296362406185,0.004834126897511757,0.0021618872709392896,5,201.6,22.86482013924448,10.225458424931372,5,0.2967420577674661,0.1400809142131935,0.06264608930620343,5,0.48716853657869985,0.14396112051469268,0.06438137031757846,5,0.8668997962142149,0.026725972064820604,0.011952218060339857,5
small_long,rotatable_xlink,4.45,pulse_04,5,0.012938998793132058,0.01068242517594253,0.004777325771592529,5,201.2,23.306651411131543,10.423051376636305,5,0.29426616201570827,0.1436392083789777,0.0642374068339303,5,0.48716131250614003,0.1405907695251547,0.06287410353345034,5,0.8688471036504287,0.019293270116231817,0.008628212697631922,5
small_long,rotatable_xlink,4.5,pulse_04,5,0.037578518589213475,0.054871228155414634,0.024539159232881504,5,200.8,23.89979079406345,10.68831137270991,5,0.2959625220388752,0.1339227360348316,0.059892068301328816,5,0.4965552483158987,0.12299702741882272,0.055005942867778615,5,0.8614423620773335,0.03707839555510135,0.01658196259156653,5
small_long,rotatable_xlink,4.55,pulse_04,5,0.039509583257197195,0.06316942978704265,0.028250227820745485,5,200.8,23.89979079406345,10.68831137270991,5,0.3043731845017035,0.13876916682996385,0.06205945804256163,5,0.5070960745134552,0.09514728253389548,0.04255115832403374,5,0.8715743695953533,0.016879362580360744,0.007548680429310576,5
small_long,rotatable_xlink,4.6,pulse_04,5,0.03669130960645206,0.03937608222689844,0.01760951930939324,5,200.8,23.89979079406345,10.68831137270991,5,0.3040360118144696,0.13207844449730163,0.0590672760516799,5,0.5238661003532484,0.08615832196702908,0.03853117294911808,5,0.8677040800912181,0.016133747687486537,0.007215231312209985,5
small_long,rotatable_xlink,4.65,pulse_04,5,0.03268434563106402,0.033559764171638536,0.015008382799329137,5,200.4,23.765521244020714,10.628264204469136,5,0.3233221497334817,0.1216394964002721,0.05439883653996988,5,0.5289483895132076,0.08407121873529043,0.03759779200867266,5,0.8633178753127255,0.01955526671645786,0.008745381139227775,5
small_long,rotatable_xlink,4.7,pulse_04,5,0.02817679222911617,0.03842575750836443,0.017184521175125162,5,200.4,23.765521244020714,10.628264204469136,5,0.3237899859907917,0.11575980247712771,0.05176935748016122,5,0.5399696049033549,0.06942405282247124,0.031047380276916368,5,0.8715868099524269,0.01865388135652047,0.008342269351479152,5
small_long,rotatable_xlink,4.75,pulse_04,5,0.028076945054445558,0.039827669010037196,0.017811475058360983,5,199.6,23.638950907347812,10.571660229122008,5,0.33655233218875935,0.09993974159930705,0.04469441117396282,5,0.5477400440916884,0.05216081724875909,0.023327026626033774,5,0.8619291344105857,0.02692127034184234,0.012039558105001694,5
small_long,rotatable_xlink,4.8,pulse_04,5,0.027967951742879506,0.038485653860592245,0.017211307638162292,5,199.2,24.232209969377536,10.836973747315254,5,0.3445357357682274,0.09115911431295903,0.04076759527449009,5,0.5490842780578647,0.04924762561249046,0.022024207719997673,5,0.8738141524012665,0.02135587501700771,0.009550637651403744,5
small_long,rotatable_xlink,4.85,pulse_04,5,0.012442360415544827,0.022789484059600087,0.010191767105882732,5,198.8,24.843510218968657,11.11035552986492,5,0.35220529339164763,0.07728833020165349,0.03456439203966944,5,0.5545061421842892,0.04945370324831916,0.02211636844046876,5,0.867349605461601,0.02397515059727673,0.01072201330126109,5
small_long,rotatable_xlink,4.9,pulse_04,5,0.008043108793553723,0.009275695373553697,0.004148217078769274,5,198.8,24.843510218968657,11.11035552986492,5,0.35128896307638635,0.08321199884806785,0.03721353719358278,5,0.5488606909077699,0.048054601866777354,0.02149067128116049,5,0.8758636972182672,0.020014375662488447,0.008950700901708311,5
small_long,rotatable_xlink,4.95,pulse_04,5,0.005879158289642147,0.003833726349407499,0.0017144945448814555,5,198.8,24.843510218968657,11.11035552986492,5,0.3556116630301543,0.08129206623607364,0.03635491722705522,5,0.5469189433349545,0.049945868753208784,0.0223364715454915,5,0.8729629949318719,0.02366829992914989,0.010584785510686522,5
small_long,rotatable_xlink,5.0,pulse_04,5,0.014122999241315262,0.009255756851796394,0.004139300300765237,5,197.6,24.795160818191924,11.08873302050329,5,0.34755505303666223,0.08138369623141672,0.036395895406728246,5,0.5440848645160274,0.05097834325724896,0.022798208180705343,5,0.8700806768347856,0.02352217957824135,0.010519438503180998,5
small_long,rotatable_xlink,5.05,pulse_05,5,0.006253173756026811,0.005780399115279584,0.0025850730717689586,5,202.8,25.242820761555155,11.288932633336067,5,0.335924833601432,0.0801482453881797,0.035843384993060765,5,0.5184771615109331,0.054845176165892434,0.024527508428977354,5,0.8747036837621165,0.018470348589283498,0.00826019100275105,5
small_long,rotatable_xlink,5.1,pulse_05,5,0.0065596585209188735,0.006810351170953762,0.00304568163377958,5,202.8,25.242820761555155,11.288932633336067,5,0.33644291239258145,0.08017092238116248,0.035853526452627724,5,0.5230279048852058,0.0586298671822682,0.02622007370626715,5,0.869075292721656,0.02300711472599501,0.010289094498692258,5
small_long,rotatable_xlink,5.15,pulse_05,5,0.004638369054180438,0.0028527317868674547,0.0012757804394020141,5,202.8,25.242820761555155,11.288932633336067,5,0.33864071459038364,0.07740582798576716,0.0346169386461662,5,0.5248797567370577,0.0603992220029135,0.027011353237323114,5,0.8705933684929963,0.014872647479180713,0.006651250153767793,5
small_long,rotatable_xlink,5.2,pulse_05,5,0.01613505347219521,0.013852006888693886,0.006194805805582978,5,202.4,25.899806949087477,11.582745788456206,5,0.33753414352158917,0.07876317884041444,0.03522396440222795,5,0.5238018986932553,0.055201823927565244,0.024687006156802062,5,0.8706736911634273,0.012687698059055424,0.005674111067608014,5
small_long,rotatable_xlink,5.25,pulse_05,5,0.019334973002428472,0.0065338364435710075,0.0029220204883380484,5,202.0,26.30589287593181,11.764352935882194,5,0.33406313950012645,0.08254703344233426,0.03691615562360157,5,0.5197330993130123,0.06561752069719642,0.029345047358786118,5,0.8737734975408789,0.015788366241705615,0.007060772034023326,5
small_long,rotatable_xlink,5.3,pulse_05,5,0.017938550709801708,0.015533787322338058,0.006946920880154466,5,201.6,26.053790511171304,11.651609330903606,5,0.33669444267159937,0.07736783723138736,0.03459994866430425,5,0.5152499442896875,0.07074808569027938,0.03163950577628896,5,0.876958754837465,0.019990885876886067,0.008940195950231548,5
small_long,rotatable_xlink,5.35,pulse_05,5,0.016741712500322185,0.014918996213355037,0.006671977937824763,5,201.2,25.830214865540704,11.55162326255492,5,0.33555817447374714,0.07101400894431012,0.0317584302708511,5,0.5144211662963883,0.07010318981670141,0.031351099573943074,5,0.8687141996296954,0.022374573614367115,0.010006213513859606,5
small_long,rotatable_xlink,5.4,pulse_05,5,0.009473818140115059,0.008267723202935708,0.003697438220183306,5,200.8,25.51862065237853,11.412274094149684,5,0.3383853238967439,0.07232503799337242,0.032344740285687144,5,0.5128829936476411,0.06995573014872963,0.03128515360563819,5,0.8752631401638619,0.017725773148414142,0.007927206742718898,5
small_long,rotatable_xlink,5.45,pulse_05,5,0.010597870898931319,0.00355123309527213,0.001588159720995094,5,199.6,25.115732121520963,11.232096865679177,5,0.3320517755363356,0.07268806036472582,0.032507088825627015,5,0.5097874606701731,0.07232133898465683,0.032343086038699655,5,0.8753312276733768,0.01827280767992958,0.008171848022420552,5
small_long,rotatable_xlink,5.5,pulse_05,5,0.005143465803156199,0.0036444767019356895,0.001629859529588488,5,199.6,25.115732121520963,11.232096865679177,5,0.3320517755363356,0.07268806036472576,0.032507088825626994,5,0.509787460670173,0.07232133898465681,0.03234308603869965,5,0.8810298274315338,0.011460843067761864,0.005125444835794551,5
small_long,rotatable_xlink,5.55,pulse_05,5,0.010957738274994019,0.011520595379865415,0.005152166882129816,5,199.6,25.115732121520963,11.232096865679177,5,0.3298045845250996,0.0756467182410099,0.033830240852334284,5,0.5050255559082681,0.06577602373356849,0.02941593207157973,5,0.8745336539664754,0.01828644261066406,0.008177945748818713,5
small_long,rotatable_xlink,5.6,pulse_05,5,0.00980913459531171,0.010126434460292653,0.004528679164582153,5,199.6,25.115732121520963,11.232096865679177,5,0.32939742781472037,0.0736815933853445,0.03295141030002583,5,0.5057550562321962,0.07242291619375348,0.03238851274760062,5,0.8733936250777863,0.017174344390466306,0.00768060030521497,5
small_long,rotatable_xlink,5.65,pulse_05,5,0.01094620981618469,0.010039191261537682,0.004489662819984025,5,198.4,24.14125100321025,10.796295661012621,5,0.3236788925135559,0.0771362542688113,0.03449638161495407,5,0.5085991251564075,0.0716718126100771,0.0320526090133518,5,0.869875632715787,0.015298895443597632,0.0068418740385092205,5
small_long,rotatable_xlink,5.7,pulse_05,5,0.006502318112183751,0.003643765029409789,0.0016295412599593617,5,198.4,24.14125100321025,10.796295661012621,5,0.32249820179339894,0.07788711179212392,0.03483217530766291,5,0.5075951090921506,0.0703868105556896,0.03147793862438434,5,0.8831098558333649,0.009655618947921737,0.004318124066477601,5
small_long,rotatable_xlink,5.75,pulse_05,5,0.004758707458323074,0.00265308931915872,0.0011864976136035064,5,198.4,24.14125100321025,10.796295661012621,5,0.3217108195669781,0.07767260118077199,0.03473624324588732,5,0.503086703770401,0.07221370984634713,0.03229495282477562,5,0.8801372248227539,0.009204163923590634,0.004116227241839967,5
small_long,rotatable_xlink,5.8,pulse_05,5,0.006938947175005794,0.0055300555331540295,0.0024731160182962504,5,198.4,24.14125100321025,10.796295661012621,5,0.32167597226533484,0.07697826323777904,0.034425725877909395,5,0.5072983511290767,0.07672572305730445,0.03431278647579115,5,0.8695516616164471,0.03386290043056924,0.015143949455611944,5
small_long,rotatable_xlink,5.85,pulse_05,5,0.009918225977420498,0.010173361328140635,0.004549665497878001,5,198.0,24.576411454889016,10.99090533122727,5,0.3242151540048736,0.07637952812316208,0.03415796339454947,5,0.5083082027007261,0.07924418937024512,0.03543907885074687,5,0.8781007917177698,0.01970488981686758,0.008812294623931858,5
small_long,rotatable_xlink,5.9,pulse_05,5,0.004766032489706552,0.0020753225445637484,0.0009281124569764756,5,198.0,24.576411454889016,10.99090533122727,5,0.3211740284637481,0.08716882995856001,0.03898308586129207,5,0.5053428347353581,0.07466792250523704,0.03339251009207928,5,0.8749040674037831,0.022081579287646095,0.00987518246754561,5
small_long,rotatable_xlink,5.95,pulse_05,5,0.008806007533798909,0.005107847184229731,0.002284298704523714,5,198.0,24.576411454889016,10.99090533122727,5,0.3236169088972827,0.07526396638360847,0.03365906901800151,5,0.5049619993545227,0.07724346536037713,0.03454432787269071,5,0.8746144234308033,0.01940217714281826,0.008676917400566855,5
small_long,rotatable_xlink,6.0,pulse_05,5,0.009421138920121211,0.006835465547602002,0.00305691312445918,5,197.6,24.38852189043034,10.906878563548783,5,0.3167885267048229,0.08505542946281867,0.03803794442686019,5,0.5077990031624002,0.0780777303491727,0.03491742251792971,5,0.8726611185975134,0.023278702198165697,0.010410552108614456,5
small_long,rotatable_xlink,6.05,pulse_06,5,0.011670034735947965,0.010016002320738852,0.004479292410393545,5,205.6,26.623298067669978,11.906300852909773,5,0.30779524327580104,0.075797284440262,0.033897576103662584,5,0.486178380290929,0.08516581694325219,0.03808731120888305,5,0.8636916121291816,0.028654389461321008,0.01281463253785347,5
small_long,rotatable_xlink,6.1,pulse_06,5,0.022310209232860378,0.025162193907132265,0.011252875207875754,5,205.6,26.623298067669978,11.906300852909773,5,0.31187521063606216,0.07404240062457193,0.03311276820276314,5,0.486178380290929,0.08516581694325219,0.03808731120888305,5,0.8718421712123604,0.024095061971358144,0.010775639298005379,5
small_long,rotatable_xlink,6.15,pulse_06,5,0.028791500765142468,0.04667165442714125,0.02087219838429337,5,205.6,26.623298067669978,11.906300852909773,5,0.3214099169671071,0.06146798982794997,0.02748932073911235,5,0.49023908578723746,0.08761479452138508,0.03918252727689864,5,0.8796762846053274,0.0318276925647503,0.014233776828349259,5
small_long,rotatable_xlink,6.2,pulse_06,5,0.015016189284206404,0.021309474346981397,0.009529886640927668,5,205.6,26.623298067669978,11.906300852909773,5,0.32793165609754193,0.05795127756590473,0.025916599204064302,5,0.4945869118741939,0.09072711510402487,0.0405743993550095,5,0.884231111177546,0.014724862533855888,0.006585158717008313,5
small_long,rotatable_xlink,6.25,pulse_06,5,0.004667175391125925,0.005002373393583188,0.0022371293913776634,5,205.2,26.21449980449751,11.723480711802276,5,0.3266119852389796,0.06008076639799346,0.02686893556123971,5,0.49318195243864604,0.0923031227184252,0.041279211386780784,5,0.8832094754291031,0.012358069790373825,0.005526696824392489,5
small_long,rotatable_xlink,6.3,pulse_06,5,0.006658685521171772,0.009400247016347183,0.004203918266768376,5,204.8,26.099808428415717,11.672189169131899,5,0.321132083680325,0.05998709588727243,0.026827044835347844,5,0.4901455057024454,0.09029265042829959,0.040380100845260676,5,0.875830849426389,0.027604777703674147,0.012345231889837186,5
small_long,rotatable_xlink,6.35,pulse_06,5,0.006339109905319873,0.004344061801339019,0.0019427234972508468,5,204.8,26.099808428415717,11.672189169131899,5,0.31821548819735784,0.052617994155977496,0.02353148235449047,5,0.49288269845502874,0.08080700848266224,0.03613799280512698,5,0.8846633682571081,0.015766458744484468,0.0070509747034226515,5
small_long,rotatable_xlink,6.4,pulse_06,5,0.00943468066225856,0.007167177278553735,0.003205259120327619,5,204.8,26.099808428415717,11.672189169131899,5,0.31964814126615,0.053476545583149744,0.023915438225157792,5,0.4918696436334799,0.08895412911941764,0.039781495918062265,5,0.8801333595794747,0.018813618228258153,0.008413705852222876,5
small_long,rotatable_xlink,6.45,pulse_06,5,0.006996524932212665,0.0036021771437240724,0.0016109425920726112,5,204.8,26.099808428415717,11.672189169131899,5,0.3234576650756738,0.05929716002943954,0.026518496139702048,5,0.49350470473756747,0.08139877636325964,0.03640263944671033,5,0.873636131502294,0.019834070199715198,0.008870065847413202,5
small_long,rotatable_xlink,6.5,pulse_06,5,0.008807357982010808,0.0072948936420108084,0.0032623756144334365,5,204.0,27.129319932501073,12.13260071048248,5,0.3226435841349051,0.06027132587434556,0.026954156349815725,5,0.48958775707649327,0.07832888445877229,0.03502974205030833,5,0.8758534009632586,0.023369555912596422,0.010451183124909546,5
small_long,rotatable_xlink,6.55,pulse_06,5,0.007970968296422434,0.006330348552174146,0.002831017936785753,5,204.0,27.129319932501073,12.13260071048248,5,0.3210562825476036,0.06157739186827637,0.027538246818921745,5,0.49026183395746664,0.07645676361417988,0.03419250415618774,5,0.8728740298103613,0.021832220544512393,0.009763665847459435,5
small_long,rotatable_xlink,6.6,pulse_06,5,0.0052057043391208506,0.004178159667107722,0.0018685298073001517,5,204.0,27.129319932501073,12.13260071048248,5,0.31970761328638875,0.05922335955665932,0.02648549156492041,5,0.4888210525166851,0.07634206242598948,0.034141208225408996,5,0.869040495497478,0.021118959387619568,0.009444685760954936,5
small_long,rotatable_xlink,6.65,pulse_06,5,0.006586557123674962,0.0028566162786024607,0.001277517636917516,5,204.0,27.129319932501073,12.13260071048248,5,0.31970761328638875,0.059223359556659264,0.026485491564920385,5,0.4911994786882149,0.07981743625094129,0.03569544264937213,5,0.8734963091376713,0.022515419024215975,0.01006920149600778,5
small_long,rotatable_xlink,6.7,pulse_06,5,0.0051171970167947,0.004515988755763094,0.0020196115687021944,5,203.6,26.623298067669978,11.906300852909773,5,0.3120078123296556,0.05284045259011479,0.023630968790670302,5,0.4883202040398246,0.07917486431390418,0.035408075743042396,5,0.8717648735409256,0.020026923966541852,0.00895631267388146,5
small_long,rotatable_xlink,6.75,pulse_06,5,0.00541091942705991,0.0035283192643654716,0.0015779123442886491,5,203.6,26.623298067669978,11.906300852909773,5,0.3106657915186082,0.05572439626230735,0.024920707609530888,5,0.48787202476811603,0.07759834040995726,0.034703032819566666,5,0.8725187421095961,0.013902082345913362,0.006217200230852404,5
small_long,rotatable_xlink,6.8,pulse_06,5,0.005225686110917051,0.004240056674159891,0.0018962109903746384,5,203.2,26.517918470347556,11.859173664298876,5,0.3180697985904978,0.05684163639340773,0.025420352585597134,5,0.4877556803954787,0.07620936597405037,0.03408186456802722,5,0.8818388656474637,0.011993311077816803,0.005363571769059928,5
small_long,rotatable_xlink,6.85,pulse_06,5,0.008052050658240481,0.005729386805815351,0.0025622596734387023,5,202.8,26.442390209661458,11.825396399275586,5,0.3164232099003171,0.05523921524002224,0.024703728060086416,5,0.48783584313632444,0.07473446201923786,0.03342226746737841,5,0.8768285402771966,0.022369195155117365,0.010003808193760276,5
small_long,rotatable_xlink,6.9,pulse_06,5,0.006741551046754045,0.004217248531418417,0.0018860108788525474,5,200.8,24.066574330386118,10.762899237658967,5,0.30574647657743037,0.05864060919421935,0.026224877680054725,5,0.4831893827510617,0.08570703730597494,0.03832935231325408,5,0.8731386045777937,0.016674491840184862,0.007457059448983782,5
small_long,rotatable_xlink,6.95,pulse_06,5,0.014151322658444588,0.008658064604508459,0.0038720042018531493,5,200.0,23.49468024894146,10.507140429250956,5,0.30834968952616015,0.05289884658718387,0.023657083380055177,5,0.47953219012042536,0.08319850753772502,0.037207503696176356,5,0.8706913979164446,0.015327802524248799,0.006854801677982636,5
small_long,rotatable_xlink,7.0,pulse_06,5,0.018834524347649564,0.01688071038493196,0.007549283185838901,5,199.2,22.960836221705865,10.268398122394748,5,0.30750624642296165,0.05227293323717056,0.0233771664203243,5,0.4788179364067541,0.08273114875921705,0.03699849449645134,5,0.8676199492526708,0.010790590360940154,0.004825698712883235,5
small_long,rotatable_xlink,7.05,pulse_07,5,0.02228034833893553,0.027063222005713882,0.012103040818988888,5,205.6,27.655017627909768,12.367699866992245,5,0.29929403074699357,0.05055956404499447,0.022610924423472373,5,0.46412400418091754,0.08889457440408019,0.03975486223968723,5,0.8777279987910646,0.013195390930355958,0.005901158221992023,5
small_long,rotatable_xlink,7.1,pulse_07,5,0.005222425180121858,0.004828997249616714,0.0021595932226604986,5,205.6,27.655017627909768,12.367699866992245,5,0.29540787858497936,0.050759687207721046,0.022700422222618147,5,0.4607262525073038,0.08511890583404585,0.038066331923065994,5,0.8850370775778689,0.015755856860356805,0.007046233396702845,5
small_long,rotatable_xlink,7.15,pulse_07,5,0.013595683913632542,0.017390059526130316,0.007777071046639033,5,205.2,27.151427218472328,12.142487389328432,5,0.2956541840036986,0.05271479620101264,0.023574773545102384,5,0.4602168002737136,0.08525760344546325,0.03812835938055522,5,0.867995875955847,0.012830596892605002,0.00573801736875247,5
small_long,rotatable_xlink,7.2,pulse_07,5,0.007941730702805374,0.0037001497654997268,0.001654757280517459,5,205.2,27.151427218472328,12.142487389328432,5,0.2912585796080942,0.05463228056799013,0.02443229862317335,5,0.4602168002737136,0.08525760344546321,0.0381283593805552,5,0.8741105858005307,0.024666965954481427,0.01103140253457869,5
small_long,rotatable_xlink,7.25,pulse_07,5,0.0077650411612715155,0.009035966146359547,0.004041006909129352,5,205.2,27.151427218472328,12.142487389328432,5,0.297580418688554,0.053349966879955225,0.023858830508188447,5,0.4648145014231389,0.09179521612470212,0.04105206865282375,5,0.876908869714236,0.027315960002973136,0.012216068687462658,5
small_long,rotatable_xlink,7.3,pulse_07,5,0.007697015080203063,0.005878845673599502,0.0026290997110798055,5,205.2,27.151427218472328,12.142487389328432,5,0.2953826164907518,0.055284062205466535,0.024723784232750023,5,0.46251565084842633,0.08843747370033836,0.03955044059046128,5,0.8704348888541871,0.0225010189152562,0.010062761571504287,5
small_long,rotatable_xlink,7.35,pulse_07,5,0.009336259643436548,0.007707133138438142,0.0034467347218377965,5,205.2,27.151427218472328,12.142487389328432,5,0.2930837659160392,0.054135962725918786,0.024210338536509845,5,0.4647134530462285,0.08956063196931727,0.04005273223824685,5,0.8916585468257926,0.012463468450329755,0.0055738325380722585,5
small_long,rotatable_xlink,7.4,pulse_07,5,0.008905050253981441,0.005116623696584068,0.002288223680169647,5,205.2,27.151427218472328,12.142487389328432,5,0.2957397194926489,0.05435903695719641,0.0243101003655429,5,0.46324536974018066,0.0913205532241748,0.040839792950428486,5,0.874994307265224,0.011683335159073762,0.00522494632392045,5
small_long,rotatable_xlink,7.45,pulse_07,5,0.004776248799298571,0.0038825694652132744,0.0017363378503163771,5,204.8,26.668333281253254,11.926441212700459,5,0.29710166846918734,0.05781938841525003,0.025857616582792578,5,0.4653034235477033,0.09409029954049668,0.04207846115917356,5,0.8864608760909114,0.01671099316345342,0.007473383337003221,5
small_long,rotatable_xlink,7.5,pulse_07,5,0.008340986580045968,0.007883808889880328,0.0035257465198779135,5,204.4,26.660832695172893,11.923086848631103,5,0.29311493251435045,0.055117199368020994,0.024649160903260678,5,0.4653606713126953,0.09695218413771463,0.04335833485980135,5,0.882966245169639,0.014611130120922147,0.006534296035695328,5
small_long,rotatable_xlink,7.55,pulse_07,5,0.014345176383179456,0.010153891616808932,0.004540958378270003,5,203.2,27.55358415887124,12.32233744059949,5,0.28671664445894746,0.0599350238502393,0.02680375751244125,5,0.45821114306569033,0.09705116447358329,0.043402600211688964,5,0.8820440458446827,0.013972075437092111,0.006248502092818609,5
small_long,rotatable_xlink,7.6,pulse_07,5,0.011446494494140012,0.012000777890780183,0.005366911029332207,5,203.2,27.55358415887124,12.32233744059949,5,0.29075462546844283,0.05960242297120413,0.026655013877461484,5,0.46639892813633244,0.10167383439189553,0.04546992104666688,5,0.86867393226752,0.010584316657928004,0.004733450308502081,5
small_long,rotatable_xlink,7.65,pulse_07,5,0.006222348870233859,0.00742762036635386,0.0033217328100458242,5,202.4,28.649607327151973,12.812493902437573,5,0.2901856451709099,0.05002570462481582,0.022372175232682756,5,0.4604481127343509,0.09497141749705326,0.042472509088584805,5,0.8772476560612906,0.013364142378697116,0.005976626163950498,5
small_long,rotatable_xlink,7.7,pulse_07,5,0.008865376203945837,0.011019286526405119,0.004927974747317875,5,202.4,28.649607327151973,12.812493902437573,5,0.2901856451709099,0.0500257046248158,0.02237217523268275,5,0.4621722506653853,0.09398581925731417,0.042031736156072655,5,0.8750360034214648,0.011579239068479656,0.0051783931369683706,5
small_long,rotatable_xlink,7.75,pulse_07,5,0.008380256762189413,0.010346830199159055,0.004627243135393467,5,202.4,28.649607327151973,12.812493902437573,5,0.2898183143201778,0.05065028151823239,0.022651494510853777,5,0.46009204264458325,0.09346380061765942,0.04179828232331466,5,0.8713869631130962,0.02777834189849636,0.012422852157453684,5
small_long,rotatable_xlink,7.8,pulse_07,5,0.007575461762692509,0.00799544100856642,0.003575669921048799,5,202.4,28.649607327151973,12.812493902437573,5,0.2909052060778325,0.06039203522430607,0.027008139212222025,5,0.4599250596541494,0.09247368868199742,0.04135549080461983,5,0.8715931541935064,0.025459819442064966,0.011385977393465606,5
small_long,rotatable_xlink,7.85,pulse_07,5,0.025620465123714124,0.036333259738285016,0.0162487277237923,5,202.4,28.649607327151973,12.812493902437573,5,0.29206550533141373,0.049135979356100146,0.021974277996253254,5,0.46437442817976937,0.09359960808486359,0.04185901726901878,5,0.8796070265008264,0.026133159747099004,0.011687104332274916,5
small_long,rotatable_xlink,7.9,pulse_07,5,0.030224046603183403,0.055471475119914446,0.0248075978360634,5,202.0,28.6705423736629,12.821856339859684,5,0.305415749344579,0.05001417636823418,0.022367019639607036,5,0.4756958445910734,0.1046958244884309,0.04682139610330373,5,0.88423610949635,0.011487510083642396,0.0051373706878477384,5
small_long,rotatable_xlink,7.95,pulse_07,5,0.027414944513136686,0.046274481615350055,0.0206945773030974,5,202.0,28.6705423736629,12.821856339859684,5,0.31989747426352916,0.06048949776705946,0.027051725786393338,5,0.47514874684270547,0.11161184635840585,0.04991433511033156,5,0.872288961141124,0.015826183941977434,0.007077684623735426,5
small_long,rotatable_xlink,8.0,pulse_07,5,0.028681467876900946,0.043469204377101375,0.019440019183006016,5,202.0,28.6705423736629,12.821856339859684,5,0.3217279609509271,0.07146795000570211,0.031961438885061276,5,0.48082440543833105,0.11315005691179392,0.050602243782548226,5,0.8800326327799715,0.008678454538952857,0.0038811228577480365,5
