scenario,condition,time_min,phase_name,n_replicates,vz_abs_mean,vz_abs_sd,vz_abs_sem,vz_abs_n,speckle_length_proxy_um_mean,speckle_length_proxy_um_sd,speckle_length_proxy_um_sem,speckle_length_proxy_um_n,chewer_band_mass_fraction_mean,chewer_band_mass_fraction_sd,chewer_band_mass_fraction_sem,chewer_band_mass_fraction_n,bottom_half_mass_fraction_mean,bottom_half_mass_fraction_sd,bottom_half_mass_fraction_sem,bottom_half_mass_fraction_n,axial_spread_entropy_mean,axial_spread_entropy_sd,axial_spread_entropy_sem,axial_spread_entropy_n
large_long,nomotor_xlink,0.0,initial,5,0.09839977261821772,0.03464257637148634,0.015492631136474293,5,489.2,40.56106507477337,18.139459749397165,5,0.2506697122623119,0.06077075586214818,0.027177508230361434,5,0.49015265262942415,0.09895313447444187,0.04425318705430599,5,0.9287988878846034,0.012086097174696985,0.005405066973058122,5
large_long,nomotor_xlink,0.05,initial,5,0.08526251151084276,0.01752024316556472,0.007835290940105762,5,548.0,48.92851929090027,21.88149903457256,5,0.24311772628170186,0.06267461420471701,0.02802893956506423,5,0.4822898486352689,0.096661103479645,0.043228159632125535,5,0.9389150257330552,0.008216644145450034,0.003674594971230389,5
large_long,nomotor_xlink,0.1,initial,5,0.0677065495051506,0.02011730607131111,0.008996732779924174,5,599.6,41.79473651071388,18.69117438792972,5,0.23007780201037323,0.05845085985606026,0.02614001919629286,5,0.47428183589759215,0.09911951687076609,0.04432759552399404,5,0.9396075357478638,0.005812116967865767,0.002599257726665563,5
large_long,nomotor_xlink,0.15000000000000002,initial,5,0.06936890621294524,0.029358831603214498,0.01312966864095135,5,646.0,45.78209256903839,20.474374227311564,5,0.216976465460754,0.049730489882016796,0.022240151186111008,5,0.468803128946022,0.09479003045422464,0.04239139033698431,5,0.9448068256418776,0.006738367712579365,0.003013489652543445,5
large_long,nomotor_xlink,0.2,initial,5,0.07470462254769902,0.029584394764798204,0.013230543553455537,5,699.2,43.92265930018354,19.642810389554747,5,0.20570411196457297,0.044957926520748946,0.02010579596556705,5,0.4629236356058379,0.08771302254847067,0.03922645618607045,5,0.948546548630017,0.004924503123584649,0.002202304747949064,5
large_long,nomotor_xlink,0.25,initial,5,0.07401380133751116,0.014512094855411554,0.006490006118525043,5,742.0,38.67815921162743,17.29739864835172,5,0.1969843811131061,0.04282951013396134,0.019153939220510736,5,0.45234460982213787,0.08696560718716792,0.03889220187501035,5,0.9486754217901915,0.008479438770471422,0.003792120300364267,5
large_long,nomotor_xlink,0.30000000000000004,initial,5,0.06557729921433034,0.008613181446197046,0.003851931843247308,5,783.2,32.01874451005224,14.319217855735,5,0.1900726870511992,0.03853796990416688,0.017234704084111638,5,0.44199447983549245,0.08139092481723964,0.03639912812858449,5,0.9501872692323363,0.005573603146077884,0.0024925911028473675,5
large_long,nomotor_xlink,0.35000000000000003,initial,5,0.0577969148473525,0.023120075939502507,0.010339612289136983,5,821.6,31.66701754191575,14.161920773680382,5,0.1801685715871467,0.03762505034645661,0.016826434046305797,5,0.4363163201212717,0.08399477502126283,0.03756360534046901,5,0.9497353292260874,0.006714630318668717,0.003002873967264865,5
large_long,nomotor_xlink,0.4,initial,5,0.05404619854446925,0.03141392255320628,0.0140487332537766,5,856.8,26.099808428415713,11.672189169131897,5,0.1774500946983475,0.03474046331238687,0.015536407507266911,5,0.42777206523075595,0.08609247911587764,0.03850172713091668,5,0.9499202986040747,0.006161127153881013,0.00275533982681955,5
large_long,nomotor_xlink,0.45,initial,5,0.0567707546994385,0.014815764375267054,0.006625811256343367,5,888.4,21.60555484129024,9.66229786334493,5,0.16814788405945535,0.03001469498257042,0.013422979660989863,5,0.4225810404385193,0.08378964420892157,0.037471868052334045,5,0.9516479388355095,0.00670002253014914,0.002996341165638722,5
large_long,nomotor_xlink,0.5,initial,5,0.05880662920712876,0.013273116295064936,0.00593591806180507,5,917.6,19.0473095212946,8.51821577561874,5,0.161575455657057,0.030339344289176007,0.013568167244673517,5,0.41475253078051433,0.08433217670696194,0.037714495961458254,5,0.9527222182232686,0.004088455418981737,0.0018284128479641095,5
large_long,nomotor_xlink,0.55,initial,5,0.054621571660121195,0.02427065769099159,0.010854168091137055,5,947.6,17.28583234906552,7.730459236035074,5,0.1568224695636719,0.029279725292976806,0.013094291223523217,5,0.40616809318684605,0.08306106280330268,0.037146036542312806,5,0.9524110319824676,0.004860557865015638,0.0021737075589492423,5
large_long,nomotor_xlink,0.6000000000000001,initial,5,0.048745279988823345,0.0171846670131097,0.007685216722402312,5,986.4,24.63331078032346,11.016351483136328,5,0.1507678555109903,0.027236942790785392,0.012180731115893793,5,0.39879450160171476,0.0847424802972757,0.037897989305329005,5,0.950816492375034,0.004496135143657139,0.002010732763448629,5
large_long,nomotor_xlink,0.65,initial,5,0.04307446101018937,0.009797525420962417,0.0043815865705108415,5,1012.0,18.439088914585774,8.246211251235321,5,0.14403564139273028,0.026896280274576294,0.01202838220716786,5,0.3923867022574899,0.08406876776721375,0.03759669590242663,5,0.9496072605323824,0.00244940807897127,0.0010954085938433865,5
large_long,nomotor_xlink,0.7000000000000001,initial,5,0.04829758980541342,0.01537827126223408,0.0068773719837573796,5,1037.6,16.87601848778319,7.547184905645282,5,0.14001638863746502,0.0270378843713071,0.012091709484404368,5,0.3861656650474976,0.0799643580996243,0.03576114809757916,5,0.9504006382132062,0.002760838357224599,0.0012346844483286101,5
large_long,nomotor_xlink,0.75,initial,5,0.040176701526088036,0.011028209423989594,0.004931965188428906,5,1064.4,24.22395508582362,10.833282051160673,5,0.13587368083154133,0.02611915091394573,0.011680839391631682,5,0.37560204151179566,0.073118103309856,0.032699409877338076,5,0.9494749848871358,0.0045992490879689695,0.002056846721230505,5
large_long,nomotor_xlink,0.8,initial,5,0.03580438390814947,0.011884550899097852,0.005314932738487808,5,1085.6,28.754130138121027,12.859237924542807,5,0.13262060181426522,0.02518328806815356,0.011262308803470143,5,0.3708312512516533,0.07284566650410348,0.03257757243389097,5,0.9498041625996496,0.0049087431762887814,0.00219525668525399,5
large_long,nomotor_xlink,0.8500000000000001,initial,5,0.04084202550126313,0.01604898748713331,0.007177325398254723,5,1111.2,27.878306978724513,12.467557900406959,5,0.12769905945087257,0.02370264225895687,0.010600143867477346,5,0.36548229899531093,0.06722132057141146,0.030062288466996205,5,0.949370376399645,0.005948874035108817,0.002660417346417357,5
large_long,nomotor_xlink,0.9,initial,5,0.02961622733847194,0.012295220032001945,0.005498589557974698,5,1134.4,28.22764602300376,12.6237870704476,5,0.1243292378923376,0.021861438709719672,0.009776732608175695,5,0.3609404420512535,0.06648102002480567,0.029731215997798047,5,0.9474083020959257,0.005800244629790432,0.0025939482556679013,5
large_long,nomotor_xlink,0.9500000000000001,initial,5,0.025171489543709246,0.0070964917304430775,0.003173647582207167,5,1158.0,29.393876913398138,13.145341380123986,5,0.12249720714253036,0.02042139106781802,0.00913272372454962,5,0.35505653567078843,0.06528811310887009,0.02919773180682573,5,0.9465872415950226,0.004601540792180085,0.0020578716025105802,5
large_long,nomotor_xlink,1.0,initial,5,0.02918894296143219,0.007196564372606081,0.0032184014283200644,5,1174.8,31.035463586033316,13.879481258317977,5,0.12003235509202317,0.019138581819496674,0.008559033988267234,5,0.35390978698284437,0.06324918053723472,0.0282858934404827,5,0.9466120819966237,0.006685933256472936,0.0029900402509000037,5
large_long,nomotor_xlink,1.05,pulse_01,5,0.016985085000348565,0.007986058304027602,0.0035714738480164803,5,1306.0,28.495613697550013,12.743625857659191,5,0.10714145464912395,0.01798910341601829,0.008044971618498114,5,0.319742015239887,0.059287232175534846,0.02651405626846173,5,0.9460970577706732,0.006916967980545059,0.0030933621205376386,5
large_long,nomotor_xlink,1.1,pulse_01,5,0.013246233857010811,0.0067132923906925235,0.0030022756276841117,5,1317.2,35.625833323586974,15.932357013323546,5,0.10629724726356767,0.020260048242990394,0.00906056901975034,5,0.31697885098600836,0.05747956422267285,0.02570564258379227,5,0.9461562650499697,0.005907534078030384,0.002641929555574497,5
large_long,nomotor_xlink,1.15,pulse_01,5,0.014555660292182596,0.009832381808190398,0.004397174820769205,5,1328.8,39.56260860964555,17.692936443677176,5,0.10534280916093053,0.01927808113594033,0.008621419979143789,5,0.31528609488002124,0.05820120480126182,0.026028370061601712,5,0.9453804162265197,0.005894542888354315,0.00263611971892964,5
large_long,nomotor_xlink,1.2,pulse_01,5,0.01953408049553674,0.010241113690192979,0.004579965275315044,5,1344.4,35.70434147271169,15.967466924969658,5,0.10302256060856327,0.018925047486062146,0.008463538531249292,5,0.31256610330400597,0.05829969366667183,0.026072415621218432,5,0.94532214550329,0.007412630059426423,0.0033150289409871574,5
large_long,nomotor_xlink,1.25,pulse_01,5,0.018739842636011576,0.008432418842819629,0.0037710923494589607,5,1357.6,36.507533469134835,16.32666530556684,5,0.10114323919560128,0.02000260321222023,0.008945436101896017,5,0.3103575156779075,0.05830186337877157,0.02607338594596776,5,0.9444803198749294,0.007801841414423714,0.0034890895504649066,5
large_long,nomotor_xlink,1.3,pulse_01,5,0.015419777747605381,0.006796422098162367,0.00303945236305456,5,1367.6,34.50797009387831,15.43243337908834,5,0.10011982953681102,0.01889960981049222,0.008452162456896504,5,0.3087804878337056,0.057544288878139734,0.02573458832968111,5,0.9429959013005181,0.0069775954631977185,0.003120475555040846,5
large_long,nomotor_xlink,1.35,pulse_01,5,0.010573273633619143,0.007340185791456124,0.0032826308794347975,5,1376.4,38.141840542899864,17.057549648176316,5,0.09923799267809175,0.017260150155561507,0.00771897380993782,5,0.30668051051826717,0.05533193920320611,0.02474519547705088,5,0.9410539462408523,0.007608550748600738,0.0034026473368256325,5
large_long,nomotor_xlink,1.4,pulse_01,5,0.00935816508481498,0.004380085610619033,0.0019588338345225666,5,1383.6,38.351010416936866,17.151093259614676,5,0.09807984314292092,0.01653825270025918,0.007396131453369796,5,0.30490518770001046,0.05589155235970548,0.024995462088858045,5,0.9419800402342646,0.005637575804919335,0.0025212005456215453,5
large_long,nomotor_xlink,1.45,pulse_01,5,0.009359218044167134,0.00885564360578128,0.003960364217407658,5,1388.8,41.6076915966267,18.607525359380812,5,0.09551889155699111,0.01649214072169113,0.00737550954963876,5,0.3042329663258389,0.05475711697495982,0.02448812716158356,5,0.9428477342183562,0.007050447228299878,0.003153055854850701,5
large_long,nomotor_xlink,1.5,pulse_01,5,0.0113487957503234,0.007997240794493083,0.003576474809784192,5,1396.0,42.261093218230876,18.899735447883916,5,0.0950177155633658,0.014657094651293959,0.006554851998588373,5,0.30362815545041466,0.05404249076447224,0.0241685366045529,5,0.941138726135617,0.0067784912889977235,0.0030314334614178163,5
large_long,nomotor_xlink,1.55,pulse_01,5,0.011937981376378456,0.005531171636696336,0.0024736151549743556,5,1403.6,44.64078852350169,19.96396754154845,5,0.09248361079022059,0.01507790493020857,0.006743044076445117,5,0.30033974369351696,0.05325216400554501,0.023815091733073224,5,0.9402532250546265,0.008126247139334141,0.003634168201102869,5
large_long,nomotor_xlink,1.6,pulse_01,5,0.0077842839588616085,0.0030742118440818186,0.001374829332120386,5,1406.8,45.26809030652828,20.244505427399304,5,0.09175818972280034,0.01526703380894689,0.006827625082318556,5,0.2983397925919006,0.05114679807807807,0.02287354346680763,5,0.9395524791672859,0.007269221217398394,0.003250894557117317,5
large_long,nomotor_xlink,1.65,pulse_01,5,0.00468695942345998,0.003984147336629423,0.0017817648554156252,5,1412.4,45.89989106740886,20.527055317312318,5,0.0919431279512498,0.01633567005678333,0.0073055337409950755,5,0.29859727356458243,0.05177977622481823,0.0231566198996842,5,0.9387665963691324,0.008347093554696918,0.0037329337205705337,5
large_long,nomotor_xlink,1.7000000000000002,pulse_01,5,0.007611932606759822,0.004393347911512433,0.001964764915789706,5,1416.4,43.94086935871888,19.650954175306598,5,0.09051202657246882,0.01481614218923013,0.006625980219884225,5,0.29787455938250246,0.051938967086967006,0.02322781221751649,5,0.9396164410354005,0.008782582461158898,0.003927690280229741,5
large_long,nomotor_xlink,1.75,pulse_01,5,0.00598950678634241,0.004508754868456567,0.0020163764759504013,5,1426.0,38.34057902536163,17.146428199482244,5,0.09023832014811078,0.016286900788563263,0.007283723461204477,5,0.2957584993584401,0.055364776134421555,0.024759880599124925,5,0.9382081787258734,0.009881113695465732,0.004418968383293106,5
large_long,nomotor_xlink,1.8,pulse_01,5,0.0043462769526482715,0.005046735944244814,0.0022569689271645984,5,1430.4,38.79175170058707,17.34819875376115,5,0.0891098558269702,0.016104072975722417,0.0072019603776665286,5,0.29578158363882545,0.052547253135742704,0.023499846008481932,5,0.9397982066440023,0.009291064072521714,0.004155090169892918,5
large_long,nomotor_xlink,1.85,pulse_01,5,0.010541809896351584,0.006461155329587612,0.002889516506028592,5,1432.8,39.43602414037196,17.636326148038883,5,0.08949328810471611,0.017552868754911757,0.007849881547222957,5,0.29414743664707527,0.05448282762048425,0.02436546123316118,5,0.939004594157528,0.008651765722135125,0.003869187256019339,5
large_long,nomotor_xlink,1.9,pulse_01,5,0.010335984985229998,0.008810527403417874,0.003940187638333416,5,1438.4,37.45397175200515,16.749925372968082,5,0.08721646581315497,0.017836905923165024,0.007976906830493126,5,0.29344631111018943,0.05449108509043428,0.024369154085987263,5,0.9381411744444772,0.009259127573681929,0.004140807733419097,5
large_long,nomotor_xlink,1.9500000000000002,pulse_01,5,0.010214785745053693,0.0054254553906560215,0.002426337412479908,5,1443.6,39.227541345335425,17.54308980767071,5,0.08716035189763824,0.015491118408067151,0.006927838761587295,5,0.29316622173820905,0.05301437797959984,0.023708750589450638,5,0.9379140753773463,0.009634041114610048,0.004308474166059182,5
large_long,nomotor_xlink,2.0,pulse_01,5,0.015024549009994281,0.0033500110553227515,0.0014981704890154961,5,1448.8,40.61034350999755,18.161497735594384,5,0.0852633818557544,0.01523160368523851,0.006811780249305923,5,0.2910612221379453,0.0535071046569131,0.02392910465841065,5,0.936554229493931,0.009226510966354582,0.004126221143183223,5
large_long,nomotor_xlink,2.05,pulse_02,5,0.0016091067613968053,0.0013129384423087541,0.000587163921455012,5,1559.2,34.77355316903925,15.551205741035,5,0.0789841638014234,0.013564491309750949,0.006066224929761655,5,0.26969229378258436,0.05017133789284751,0.022437304410103616,5,0.9334848809547645,0.009403721438191294,0.004205472075453564,5
large_long,nomotor_xlink,2.1,pulse_02,5,0.0022207346933967643,0.002443870313349445,0.001092932029768614,5,1557.6,34.652561232901675,15.497096502248413,5,0.07830946059847296,0.013991468778644496,0.00625717505882301,5,0.2696375697770682,0.048870050984113456,0.021855351212871636,5,0.9337665884442707,0.009011290807629881,0.004029971762175879,5
large_long,nomotor_xlink,2.15,pulse_02,5,0.0037786504789151174,0.003824459284455207,0.0017103501874444094,5,1555.2,35.11694747554235,15.704776343520463,5,0.07736286882439207,0.014647431293720719,0.006550530413703443,5,0.2681900835072888,0.05060162489575115,0.022629734607769056,5,0.9330406590001141,0.009781785728506746,0.004374547566055677,5
large_long,nomotor_xlink,2.2,pulse_02,5,0.003710012556847649,0.0031483898289016233,0.0014080027354185923,5,1554.0,35.41186241925155,15.836666315863322,5,0.07697395120745566,0.013170873614835396,0.005890193745166065,5,0.26825976837670684,0.04962708898089623,0.022193908897342945,5,0.9328702870679189,0.009769487780382998,0.004369047756457984,5
large_long,nomotor_xlink,2.25,pulse_02,5,0.0048151236601203205,0.0036110840873769543,0.0016149258983685318,5,1552.4,35.78826623350173,16.004999218994044,5,0.07593760888853136,0.012599871751017564,0.005634833948610915,5,0.26837196309272315,0.04877960305700831,0.021814901670185426,5,0.933918549696951,0.010578704416954477,0.004730940438037498,5
large_long,nomotor_xlink,2.3,pulse_02,5,0.003442526172324012,0.0023000490348616697,0.0010286131987066955,5,1551.2,35.287391515950844,15.781001235663087,5,0.0758078401365391,0.012442696584621538,0.005564543077323645,5,0.26938454107968984,0.04768788199972054,0.021326669170872746,5,0.9351128911508132,0.009632752027803906,0.004307897668913696,5
large_long,nomotor_xlink,2.35,pulse_02,5,0.0029921344653773677,0.0016143957119693964,0.0007219797109095482,5,1550.4,36.066605052319524,16.12947612292476,5,0.07581974091412272,0.0123708100171219,0.005532394427003981,5,0.2691952460899292,0.04830936355039856,0.021604604169688353,5,0.9358026704892032,0.010131549272360135,0.004530966578077158,5
large_long,nomotor_xlink,2.4,pulse_02,5,0.006773324880050795,0.004517702285221959,0.0020203778823724887,5,1548.0,35.6931365951495,15.962455951387932,5,0.07461984825726273,0.0120653350956941,0.005395781889057188,5,0.2703340535014528,0.04621154857796094,0.020666432793170878,5,0.933833773163002,0.010413933139868353,0.0046572524827766925,5
large_long,nomotor_xlink,2.45,pulse_02,5,0.005155888678329627,0.0037992568885176626,0.0016990793333419667,5,1546.0,35.07135583350036,15.68438714135812,5,0.07339809309260567,0.01391977231961138,0.006225111427594195,5,0.2689669282974259,0.04755566986025306,0.021267542104612753,5,0.9340277056230286,0.009178848321158476,0.004104905760254035,5
large_long,nomotor_xlink,2.5,pulse_02,5,0.002480502307134488,0.0022564527290738303,0.0010091163380448,5,1544.4,34.68140712254911,15.509996776273038,5,0.07327498566436126,0.01376439018991394,0.0061556224266957615,5,0.2684718146728449,0.046972487296245403,0.021006734933330003,5,0.9329880201574733,0.0097103264583177,0.004342590008902631,5
large_long,nomotor_xlink,2.55,pulse_02,5,0.004288521149485488,0.0020848661105788255,0.0009323804694479694,5,1543.6,35.16816742453322,15.727682601069997,5,0.07220407242277245,0.014355512582273192,0.00641998039716328,5,0.26858757544472195,0.04864354649512155,0.021754055325952686,5,0.9327891237747531,0.009510805247588303,0.004253361410873832,5
large_long,nomotor_xlink,2.6,pulse_02,5,0.001960449458862105,0.0017958934875205571,0.0008031479836890272,5,1542.8,35.988887173681825,16.094719630984567,5,0.07198629975037027,0.01375818815463891,0.006152848792200998,5,0.26953904897525705,0.04848596600425421,0.021683583188051254,5,0.9319923965760901,0.01010813086656692,0.004520493548621498,5
large_long,nomotor_xlink,2.65,pulse_02,5,0.005564243616576992,0.005087237753491466,0.002275081886902047,5,1540.8,35.002857026248584,15.653753543479594,5,0.0715836826912253,0.013005621374002992,0.0058162906963789805,5,0.2685901131533249,0.046187964972403954,0.020655885884134886,5,0.9317215838604632,0.010424129363049333,0.004661812372405978,5
large_long,nomotor_xlink,2.7,pulse_02,5,0.005398738825895455,0.0028194427781289134,0.0012608931421134214,5,1537.6,36.64423556304593,16.387800340497197,5,0.06939557219811002,0.013890578999580034,0.006212055777978395,5,0.26770661829450126,0.04572405995705169,0.020448421254248738,5,0.9308932345370377,0.010817747619473064,0.004837843808115659,5
large_long,nomotor_xlink,2.75,pulse_02,5,0.001929146323954223,0.0015090297081041286,0.0006748586014774993,5,1536.4,37.427262790645,16.737980762326142,5,0.06915951920954422,0.013778078745720922,0.006161744134955404,5,0.2677512811604529,0.04647532592919053,0.02078439761082572,5,0.9312315713346953,0.011096595911404387,0.004962548555349288,5
large_long,nomotor_xlink,2.8,pulse_02,5,0.003985100071484605,0.0031337556620708385,0.0014014581370530507,5,1535.2,38.33014479492609,17.141761869772896,5,0.06893738084176154,0.012211637335025628,0.0054612102395383355,5,0.26648721890557503,0.04799812725558068,0.021465415067232766,5,0.9300107921452867,0.011389556983530169,0.005093564729756182,5
large_long,nomotor_xlink,2.85,pulse_02,5,0.0029022995375191487,0.001185994352615651,0.0005303927986758902,5,1533.6,38.68849958320948,17.302023003105734,5,0.06875283052594362,0.01309908881592097,0.005858090607141303,5,0.2662891590189622,0.047848396663748294,0.021398453510903064,5,0.932123265144005,0.010942591902385087,0.004893675868754359,5
large_long,nomotor_xlink,2.9,pulse_02,5,0.0021987300002688373,0.0017304308074134955,0.0007738721831472845,5,1532.4,39.48164130326904,17.656726763474595,5,0.06852560040981022,0.013090588209182907,0.005854289020238043,5,0.265977700402835,0.04848961949513956,0.021685217078846217,5,0.9308912427536363,0.010700268107224969,0.0047853053730456075,5
large_long,nomotor_xlink,2.95,pulse_02,5,0.003991693695711425,0.0006397190883396717,0.0002860910736063398,5,1531.6,38.68849958320948,17.302023003105734,5,0.06804715918265833,0.013326757073207364,0.005959906947063561,5,0.2668575424625438,0.04610593420186932,0.02061920060830246,5,0.9291869678195888,0.010334310849319333,0.004621644311938323,5
large_long,nomotor_xlink,3.0,pulse_02,5,0.00529063427576982,0.004720372281887097,0.0021110146602810694,5,1529.6,40.28399185780873,18.015548839821673,5,0.06809468520559789,0.011809815634123545,0.005281510111928006,5,0.26631299686174525,0.045197257622024915,0.02021282808788364,5,0.9305032911679788,0.010440012118038886,0.0046689153563713014,5
large_long,nomotor_xlink,3.05,pulse_03,5,0.0019721881845849035,0.0020228289489884342,0.0009046366073585186,5,1646.4,45.94344349306003,20.546532554180523,5,0.0629936783135678,0.00928754120812104,0.004153514697037833,5,0.24813713446002458,0.04031042404927719,0.018027369675205226,5,0.9267192480064976,0.010967950759918054,0.004905016694609449,5
large_long,nomotor_xlink,3.1,pulse_03,5,0.0039489254635800995,0.003941903735300426,0.0017628729425784178,5,1646.4,45.94344349306003,20.546532554180523,5,0.06299366793860399,0.00985102272257937,0.004405511291116505,5,0.2484287255207483,0.03983809129053788,0.017816136043897004,5,0.9273415991296879,0.011311316236133951,0.005058574403798515,5
large_long,nomotor_xlink,3.15,pulse_03,5,0.0032824885911010666,0.0024216184909366745,0.0010829807122609725,5,1644.4,47.37932038347532,21.188676221038442,5,0.06261728693846347,0.01006052068782204,0.004499201629402604,5,0.24784475686813084,0.04152460321942456,0.018570367107467987,5,0.926805349483246,0.011520630082651168,0.005152182401687406,5
large_long,nomotor_xlink,3.2,pulse_03,5,0.005808676029041315,0.002203849477019132,0.0009855914485584279,5,1641.6,45.46207210411774,20.33125672456083,5,0.06055676103310039,0.009197018796611937,0.00411303184391352,5,0.24737341041112632,0.04068054934394707,0.018192894739020023,5,0.9266851727665417,0.011876893314519956,0.005311508162555882,5
large_long,nomotor_xlink,3.25,pulse_03,5,0.003315494399599335,0.001815309652021239,0.0008118311564261957,5,1640.4,45.74713105758655,20.458738964071074,5,0.05954969201146263,0.009891526592960307,0.004423625172621228,5,0.24726209093175613,0.03923818892810807,0.01754785155144585,5,0.9258112901420488,0.011252989349298777,0.005032489827022638,5
large_long,nomotor_xlink,3.3,pulse_03,5,0.004189090627094878,0.002503583939406727,0.0011196367751780312,5,1640.0,46.130250378683186,20.630075133164205,5,0.06029612416650167,0.010361065391994908,0.004633609307164224,5,0.24706211426563884,0.040153859491303075,0.01795735187630576,5,0.9264625348064719,0.010059337839038339,0.004498672643345112,5
large_long,nomotor_xlink,3.35,pulse_03,5,0.0029498120179959862,0.0039511517767581335,0.001767008792450052,5,1638.0,46.92547282660026,20.985709423319477,5,0.05963488558902176,0.010107375933723331,0.004520155932390155,5,0.24649824319242794,0.03958520073616201,0.01770303994980659,5,0.925791942711756,0.010614211270627824,0.004746819585733646,5
large_long,nomotor_xlink,3.4,pulse_03,5,0.002553777425845697,0.002023897467226152,0.0009051144632414657,5,1636.0,46.8187996428785,20.938003725283842,5,0.05875744822856673,0.009694686118185868,0.0043355954361574325,5,0.24679205642757474,0.04182784207921078,0.01870597964824829,5,0.9252037684142707,0.01124636975491004,0.005029529454415299,5
large_long,nomotor_xlink,3.45,pulse_03,5,0.0021928681967287034,0.0020671538019698147,0.0009244592842303288,5,1635.6,47.01914503688896,21.027600909281112,5,0.059266304284416524,0.010059909183401942,0.004498928156312228,5,0.24763327970605747,0.04151652367666792,0.018566753826101793,5,0.9248497352414324,0.011938838504591246,0.005339210893731592,5
large_long,nomotor_xlink,3.5,pulse_03,5,0.0037447666874682226,0.0028194676463414773,0.0012609042635161759,5,1634.4,47.631922069133424,21.301643129110953,5,0.059027644486156536,0.009958378430876932,0.004453522223421702,5,0.2467430334772077,0.04101269407547358,0.018341434378632362,5,0.9241827423364141,0.013118318212207896,0.005866690254594073,5
large_long,nomotor_xlink,3.55,pulse_03,5,0.0042552412769925494,0.0025983331178296046,0.0011620098959311933,5,1634.4,47.631922069133424,21.301643129110953,5,0.05903712523239894,0.009690454311307046,0.004333702914587692,5,0.24660015434680319,0.041255613265699854,0.018450071143109394,5,0.9236093115750588,0.010999737179003466,0.004919232013376704,5
large_long,nomotor_xlink,3.6,pulse_03,5,0.0036338274888343255,0.0027865705955959713,0.0012461922551709336,5,1634.4,47.631922069133424,21.301643129110953,5,0.06049426175817587,0.009511271880197973,0.004253570095320981,5,0.24730620799429456,0.041174903253086634,0.018413976528175786,5,0.9250571635764061,0.012195545436269226,0.005454013723637063,5
large_long,nomotor_xlink,3.65,pulse_03,5,0.002356405019704096,0.0021203722763096073,0.0009482593094868497,5,1633.6,48.19543546851714,21.553653982561748,5,0.06027948701799157,0.00997534490802805,0.004461109862671421,5,0.2463952367114687,0.042478151697839306,0.01899680695098336,5,0.9260893186081963,0.012099652348970045,0.005411129031282405,5
large_long,nomotor_xlink,3.7,pulse_03,5,0.005204068760754943,0.005967633331211245,0.0026688067586763723,5,1632.4,47.9040708082309,21.423351745233514,5,0.05984712313052174,0.009670813510431753,0.004324919281409754,5,0.24770501386470456,0.041567579584421095,0.018589586722179606,5,0.9249539165922231,0.012512746517194947,0.005595870359534328,5
large_long,nomotor_xlink,3.75,pulse_03,5,0.005769898433010301,0.004284430439467225,0.0019160555415036027,5,1630.0,48.579831205964474,21.72556098240043,5,0.05789653790088839,0.009972734727007694,0.004459942554232402,5,0.24709626473179186,0.0427160668015264,0.019103205819927006,5,0.9233440409934011,0.013266920407174948,0.005933147176504474,5
large_long,nomotor_xlink,3.8,pulse_03,5,0.002551012845902208,0.0013539531187353156,0.0006055062423680019,5,1628.8,48.26178612525649,21.58332689832594,5,0.05824803540117297,0.011553226610330277,0.005166760012031595,5,0.24718315256587298,0.04287242590315413,0.019173131735955088,5,0.9247952463721276,0.01405073163550104,0.006283678214117424,5
large_long,nomotor_xlink,3.85,pulse_03,5,0.0016975997003822129,0.0009799313572737666,0.000438238625629555,5,1626.8,47.97082446654425,21.453204888780604,5,0.057079561283909695,0.010118367348771426,0.004525071442633447,5,0.24652512716122948,0.04416586930067093,0.01975157720833426,5,0.9252879572680802,0.012937651551147018,0.005785893667514066,5
large_long,nomotor_xlink,3.9,pulse_03,5,0.00278632127462742,0.0022370270446475946,0.0010004289078674956,5,1626.8,47.97082446654425,21.453204888780604,5,0.05682756665977094,0.010795067307989953,0.004827700864470238,5,0.2456399368625605,0.04251229603626798,0.019012076763338014,5,0.9268174456421491,0.012548298217214033,0.005611769563126,5
large_long,nomotor_xlink,3.95,pulse_03,5,0.0045689111650283705,0.00411478262913636,0.0018401867342768415,5,1625.2,48.59218044088987,21.731083728153088,5,0.05715156303530176,0.01060895717916968,0.004744469884601563,5,0.2460321317192274,0.04380440970771439,0.019589927564140214,5,0.9265829079257198,0.012606258734389706,0.00563769029440917,5
large_long,nomotor_xlink,4.0,pulse_03,5,0.007541188649568061,0.005399924104985453,0.0024149194744174365,5,1622.8,48.551004109081,21.712669112755346,5,0.05622523852376177,0.009167932342033499,0.004100023985981151,5,0.24587993749271736,0.042622747138476205,0.019061471997883488,5,0.9256529999998253,0.011590279855705009,0.00518333072712057,5
large_long,nomotor_xlink,4.05,pulse_04,5,0.004999330269699756,0.005466948051550787,0.002444893494545517,5,1746.8,44.35312841277378,19.835322029147903,5,0.052456362421290016,0.00829531155450879,0.003709776106084221,5,0.2284553856536279,0.03959817156050363,0.017708840678797008,5,0.9213751412043587,0.01307731857752719,0.00584835466055433,5
large_long,nomotor_xlink,4.1,pulse_04,5,0.0030427161544333003,0.0030108465057530863,0.0013464914913363225,5,1745.2,45.51043836308326,20.352886773133683,5,0.051817734903034526,0.008870900579647715,0.003967187343546915,5,0.22739590439941834,0.03996229681063522,0.017871682441120678,5,0.921717817731962,0.012389339150634334,0.005540680907423576,5
large_long,nomotor_xlink,4.15,pulse_04,5,0.00225182059553104,0.0019398184160205768,0.0008675131684455953,5,1744.0,46.0,20.571825392998065,5,0.05118445293205713,0.008834854956159975,0.003951067250664925,5,0.22709849369587048,0.03916763317986187,0.017516298061589476,5,0.9211079533764787,0.011568822180168203,0.005173734562892684,5
large_long,nomotor_xlink,4.2,pulse_04,5,0.0037793955615116554,0.0022288261651625956,0.0009967613630667473,5,1741.6,44.93105830046739,20.093780132170252,5,0.050300814477455234,0.008625463633358255,0.0038574246043282757,5,0.22643871252187098,0.040276937874375314,0.018012394202527815,5,0.9214361954786876,0.01253468162951326,0.005605680039981896,5
large_long,nomotor_xlink,4.25,pulse_04,5,0.0008650174601524913,0.0009055690746345313,0.00040498280184087844,5,1740.0,44.78839135311738,20.02997753368685,5,0.0499142721395632,0.009384628855884248,0.004196933613072651,5,0.22583418047319942,0.04161475433796801,0.018610683913330147,5,0.920119100716523,0.013228057948386633,0.005915767356579783,5
large_long,nomotor_xlink,4.3,pulse_04,5,0.005254951183920002,0.0028213089044460834,0.0012617276991733802,5,1738.8,45.35636669752109,20.283983829612957,5,0.049249726668111365,0.00882336892420288,0.003945930541015366,5,0.22503366096118746,0.0402867115989608,0.01801676514504112,5,0.9200476705222934,0.01170222602571932,0.00523339457631512,5
large_long,nomotor_xlink,4.35,pulse_04,5,0.003995869181475609,0.003846867751575478,0.0017203715585949084,5,1736.8,46.916947897321705,20.98189695904543,5,0.0483786957658051,0.00946664810311751,0.0042336137355280384,5,0.22631423608018858,0.04013268187388838,0.017947880957877613,5,0.9199693219974628,0.011508585159861714,0.005146795748459215,5
large_long,nomotor_xlink,4.4,pulse_04,5,0.002706837460938279,0.002198769130637941,0.0009833194485869103,5,1736.4,46.976589914552115,21.008569680013913,5,0.048853813687816744,0.011412418669448258,0.005103788786514801,5,0.22619380829419966,0.03987508329359139,0.01783267937058731,5,0.9193415187559342,0.01187602728565524,0.0053111208626734855,5
large_long,nomotor_xlink,4.45,pulse_04,5,0.0025562754965603373,0.002201705589653569,0.0009846326729813276,5,1735.6,47.40042193905029,21.198113123577766,5,0.04860965944196267,0.010275021539326626,0.004595129326441773,5,0.22635856735547785,0.040094203759428786,0.017930673021962076,5,0.9194412410151823,0.012869466537221347,0.005755400402277152,5
large_long,nomotor_xlink,4.5,pulse_04,5,0.003733310975942198,0.002508530138676256,0.0011218487827374165,5,1734.8,46.66047577982891,20.86719914123599,5,0.04930505244534676,0.011598238513347755,0.005186889947020336,5,0.2263848554281093,0.04099267473719515,0.018332481458381338,5,0.9198709596696428,0.011731869877314796,0.0052466517097716,5
large_long,nomotor_xlink,4.55,pulse_04,5,0.002448677577908024,0.002299049849077567,0.0010281663492396143,5,1734.0,47.30750469005948,21.15655926657262,5,0.048892692415368234,0.0120411535591095,0.005384967577136475,5,0.22666540635939153,0.04053507078231152,0.018127834748402828,5,0.9201403903338854,0.012317994840729141,0.0055087747620724105,5
large_long,nomotor_xlink,4.6,pulse_04,5,0.0034892627613625814,0.004231899212709906,0.0018925628627094384,5,1732.4,46.93399620744008,20.98952119511067,5,0.04890653266022108,0.011399762876454134,0.005098128943825996,5,0.22585445833452839,0.04195836322960396,0.018764350481204412,5,0.9199808551550269,0.01207963837788369,0.005402178511312645,5
large_long,nomotor_xlink,4.65,pulse_04,5,0.0044110837220415235,0.0023608321865862874,0.0010557962505352812,5,1730.4,46.93399620744008,20.98952119511067,5,0.04828848776697035,0.01086972919832859,0.004861090676895404,5,0.22585239444832544,0.04337262052295558,0.01939682557032623,5,0.9199557480290166,0.012848664205349835,0.00574609731664611,5
large_long,nomotor_xlink,4.7,pulse_04,5,0.0023001230806874774,0.001898565606110347,0.0008490643510011652,5,1729.2,46.27310233818346,20.693960471596537,5,0.050175092274329605,0.010136821207753707,0.004533324259259761,5,0.2253060114864617,0.04322610111015932,0.019331300096919073,5,0.9201375444806488,0.012848240973499396,0.005745908041608545,5
large_long,nomotor_xlink,4.75,pulse_04,5,0.0034471388874808126,0.0028670598853530868,0.001282188159842451,5,1728.4,46.69903639262806,20.88444397153058,5,0.049260204537031435,0.01143676935380816,0.0051146787436202774,5,0.2263737952623913,0.04260670093018462,0.019054295915379264,5,0.9202141418236917,0.012082448666620617,0.005403435310643079,5
large_long,nomotor_xlink,4.8,pulse_04,5,0.002614836109161948,0.0020916515117676408,0.0009354149931105292,5,1727.2,46.07819440906946,20.60679499582601,5,0.0481380903943179,0.010038068450343593,0.004489160683552849,5,0.22580706682948204,0.042201098744033314,0.018872905103367896,5,0.9201291771865874,0.012021280749396663,0.005376080186452111,5
large_long,nomotor_xlink,4.85,pulse_04,5,0.0025495481830795975,0.0012640866281265048,0.0005653167259878724,5,1725.6,45.98695467195017,20.565991344936425,5,0.04724545586720383,0.010100269292679074,0.004516977745896825,5,0.2260072029413127,0.04199065495439342,0.018778791779552405,5,0.9197942397284058,0.012276950701506154,0.005490419264996297,5
large_long,nomotor_xlink,4.9,pulse_04,5,0.003415391239657595,0.002977996277942349,0.00133180042284409,5,1724.0,47.32863826479693,21.166010488516726,5,0.046365617625805725,0.01053954274885481,0.00471342680764087,5,0.2256513604597227,0.04180248066452121,0.018694637678798,5,0.9196779873400039,0.01193954739518912,0.005339527919244683,5
large_long,nomotor_xlink,4.95,pulse_04,5,0.003880965415301082,0.003036794046362536,0.0013580955842666556,5,1721.6,48.75243583658154,21.802752119858628,5,0.045968555278948775,0.010699709513447692,0.004785055562314048,5,0.2253403671730169,0.041425962942528746,0.018526253834576296,5,0.9190510429811034,0.011900863415569176,0.0053222279176306005,5
large_long,nomotor_xlink,5.0,pulse_04,5,0.0018525149974219467,0.0017367030113347528,0.000776677198014619,5,1720.8,49.124332056527756,21.969069165533618,5,0.045475835474673744,0.009946147654169337,0.004448052453794541,5,0.22481123652174873,0.04092737518998978,0.018303278613091105,5,0.9195178852664793,0.012371396665331292,0.005532656784058996,5
large_long,nomotor_xlink,5.05,pulse_05,5,0.0028566643093222177,0.0020042206400902375,0.0008963147186299822,5,1846.4,50.97842680977905,22.79824554653274,5,0.04263257768305036,0.009426860022847046,0.004215819965092243,5,0.21082337348054817,0.03770558604532248,0.016862450705761707,5,0.9163226508078177,0.012413328992864457,0.005551409491022785,5
large_long,nomotor_xlink,5.1,pulse_05,5,0.0022020627468908906,0.001736316823388398,0.0007765044895145909,5,1845.2,50.44997522298698,22.5619148123558,5,0.04330482955415702,0.009210290955555204,0.004118967333834586,5,0.21010001226798644,0.037915557555859764,0.01695635281994164,5,0.9165134511213291,0.011848640158858384,0.00529887296722825,5
large_long,nomotor_xlink,5.15,pulse_05,5,0.0024780170891089822,0.002035106952809174,0.0009101274975927539,5,1844.8,49.57015230963084,22.168446043870553,5,0.042452573858688225,0.009381058419457963,0.004195336865360948,5,0.21056853343971743,0.03721138674000436,0.01664143805753681,5,0.9162008477531269,0.012818544364257426,0.005732627314215285,5
large_long,nomotor_xlink,5.2,pulse_05,5,0.003562686070057838,0.002081233985858156,0.0009307561338923345,5,1844.4,49.94797293184178,22.337412562783538,5,0.041595374645476024,0.009518778496916784,0.00425692715637384,5,0.20918339056792914,0.037326570230679104,0.016692949680543696,5,0.9159668082698117,0.011788972734558121,0.005272188883872708,5
large_long,nomotor_xlink,5.25,pulse_05,5,0.0029160721591420763,0.002462502928898675,0.0011012647887619538,5,1843.6,50.307057159010995,22.497999911103204,5,0.04246887965548067,0.009021351623908826,0.00403447109599765,5,0.20894258953480077,0.03772655866294033,0.01687182994549363,5,0.9170172478785157,0.011483837787282404,0.005135728386988845,5
large_long,nomotor_xlink,5.3,pulse_05,5,0.003714714256657903,0.002210689112763181,0.000988650226651434,5,1841.2,51.95382565317014,23.23445717033217,5,0.041427837164872264,0.010029684653028071,0.004485411335411432,5,0.20858291722828132,0.0367153070458488,0.01641958447385898,5,0.9156311825407316,0.01161657495744855,0.005195090254115337,5
large_long,nomotor_xlink,5.35,pulse_05,5,0.0030141774349913496,0.0016347161485756145,0.000731067286426344,5,1840.0,52.51666402200353,23.48616614094348,5,0.04166822843563653,0.009607919075874811,0.0042967920351946074,5,0.20914921798063818,0.03650310592208619,0.016324685246331974,5,0.9158927907618933,0.010286542269998153,0.004600281553828173,5
large_long,nomotor_xlink,5.4,pulse_05,5,0.002367384667139897,0.002234475959402941,0.0009992880278628072,5,1838.4,52.390838893837156,23.429895432971954,5,0.04109828964194804,0.009179813738400624,0.004105337507970053,5,0.2088981196457142,0.0366854400280603,0.016406227537446923,5,0.9157143201378781,0.010826208477919385,0.004841627619042455,5
large_long,nomotor_xlink,5.45,pulse_05,5,0.0030969309190133744,0.0021535241971681117,0.0009630852992117115,5,1837.6,51.66042973108141,23.10324652510984,5,0.04021124915403136,0.009734235199939757,0.00435328232320731,5,0.20852364990237732,0.03618403796371161,0.016181993717458446,5,0.9157949596381012,0.011595838135459694,0.005185816465394458,5
large_long,nomotor_xlink,5.5,pulse_05,5,0.002424056018372648,0.001454916146606173,0.0006506582810746906,5,1834.8,52.92636394085655,23.66938951472978,5,0.03875638174790907,0.009228575352385483,0.004127144364682603,5,0.20743839840762904,0.0364501565282405,0.016301005557530696,5,0.9146613680300864,0.011157970431138729,0.004989996074991766,5
large_long,nomotor_xlink,5.55,pulse_05,5,0.0028861439809124254,0.0018045913209414316,0.0008070377730462361,5,1834.0,53.21653878260028,23.799159649029626,5,0.03874766642254111,0.00922339474795113,0.004124827527946653,5,0.20651661024827797,0.03677492627978404,0.016446247005828113,5,0.9147937647906156,0.011155974358585218,0.004989103404208232,5
large_long,nomotor_xlink,5.6,pulse_05,5,0.004041223705256532,0.002082468563685314,0.0009313082538813424,5,1834.0,53.21653878260028,23.799159649029626,5,0.03897236451143612,0.009330031023227233,0.004172516720023603,5,0.20811823464011497,0.03647536395955572,0.016312278663522497,5,0.9154081787029247,0.011440552547595757,0.005116370639316502,5
large_long,nomotor_xlink,5.65,pulse_05,5,0.004198297774833648,0.0016803063129159665,0.0007514558277404267,5,1833.2,53.807062733436766,24.063249988312048,5,0.039630776231750174,0.008979133785867099,0.0040155907048527745,5,0.2084461113932461,0.03586921104629542,0.01604119883976058,5,0.9155222721549604,0.011470156143191006,0.00512960976974238,5
large_long,nomotor_xlink,5.7,pulse_05,5,0.0025875495160364655,0.0017218734794272597,0.0007700452297306876,5,1830.8,54.26969688509417,24.27014627067583,5,0.03859190310212883,0.008137993278600628,0.0036394212342774775,5,0.20692733996459042,0.035505027504562386,0.015878331008640244,5,0.9155496165040062,0.011642222734964186,0.005206560288914687,5
large_long,nomotor_xlink,5.75,pulse_05,5,0.0032963494702096694,0.000980857014988052,0.0004386525923441628,5,1830.0,53.53503525729669,23.941595602632667,5,0.038636310584631336,0.008214835719533305,0.0036737862185739732,5,0.20642305017996163,0.03592761033631841,0.01606731579622641,5,0.9155744806323802,0.011053312302811685,0.004943191537124333,5
large_long,nomotor_xlink,5.8,pulse_05,5,0.002946027634358117,0.0012152149595667213,0.0005434606513731694,5,1829.2,53.020750654814385,23.71160053644629,5,0.03841804152468454,0.009156460152555349,0.0040948934668763705,5,0.2060440696778371,0.036460194742223936,0.016305494783298628,5,0.9156628237133925,0.011772567209922122,0.00526485211021418,5
large_long,nomotor_xlink,5.85,pulse_05,5,0.0027290451159741086,0.0020906915099982233,0.0009349856672675417,5,1828.0,52.40229002629561,23.435016535091243,5,0.03781394378280021,0.008932854579010586,0.003994894014357587,5,0.2066547506035815,0.03734901768699353,0.0167029884881919,5,0.9154607244309331,0.012856157571686103,0.00574944845194775,5
large_long,nomotor_xlink,5.9,pulse_05,5,0.003253312877526741,0.0025949238697126255,0.0011604852338228475,5,1826.8,52.04997598462462,23.27745690577044,5,0.03761907878195471,0.007687284861004971,0.0034378583023224273,5,0.2067269707019535,0.036794150874636194,0.016454844506013973,5,0.9152798926619257,0.0119587567230873,0.005348118591841166,5
large_long,nomotor_xlink,5.95,pulse_05,5,0.0025867934422330483,0.002042144242305028,0.0009132746691307689,5,1826.4,52.40992272461389,23.43842998154953,5,0.03760526014899389,0.007578945273523484,0.0033894073658698493,5,0.20787323629285628,0.03621209737743944,0.01619454226875929,5,0.9150154320521047,0.011440585413130434,0.005116385337230433,5
large_long,nomotor_xlink,6.0,pulse_05,5,0.004556350994080797,0.004022743723676832,0.001799025684440405,5,1825.2,52.812877217587754,23.618636709175235,5,0.037648300398679856,0.007945322418453487,0.003553256206163005,5,0.206757370947639,0.03623527605565663,0.016204908088783734,5,0.9154831910068438,0.010900418922835215,0.004874815538936914,5
large_long,nomotor_xlink,6.05,pulse_06,5,0.006806274752738399,0.002482266653270906,0.0011101033949989293,5,1945.6,51.23280199247353,22.912005586591498,5,0.03535343532535916,0.008726254410786848,0.003902499610295353,5,0.1941391218628507,0.03505754075327763,0.01567820884965959,5,0.9109831743702014,0.011912974618642184,0.005327644212302711,5
large_long,nomotor_xlink,6.1,pulse_06,5,0.0034754184064378357,0.0015050610471749725,0.0006730837623540512,5,1944.8,51.87677707799512,23.2,5,0.03515902757004147,0.009009459266831528,0.0040291526722301425,5,0.19362955520127884,0.034562664663052536,0.015456893534023066,5,0.9111660845452685,0.012396390579008362,0.005543834402060135,5
large_long,nomotor_xlink,6.15,pulse_06,5,0.0008516835723016314,0.00041602556634349786,0.00018605228934438195,5,1943.2,52.699146103139086,23.567774608562427,5,0.03433546565361749,0.00970352123302437,0.004339546619631014,5,0.19346003539170137,0.0342116997496555,0.015299937253208447,5,0.9111238383754511,0.01269284258749322,0.005676411770667832,5
large_long,nomotor_xlink,6.2,pulse_06,5,0.001806467667202849,0.0010753278603234172,0.00048090123875651195,5,1942.0,52.1344415909483,23.315231073270535,5,0.03480717249784673,0.009255427234191321,0.004139152891290932,5,0.1936039458396836,0.03457954200366621,0.015464441310201386,5,0.9106883985410903,0.012177041749725538,0.005445738623447857,5
large_long,nomotor_xlink,6.25,pulse_06,5,0.0025991013466678463,0.0023285869865508797,0.001041375758689831,5,1940.8,52.69914610313909,23.56777460856243,5,0.03421256189577043,0.00974553892810256,0.004358337504121551,5,0.19401957897246241,0.03546692889677275,0.015861292793267097,5,0.9098679132565411,0.012492232858898613,0.005586696372650767,5
large_long,nomotor_xlink,6.3,pulse_06,5,0.0015428337346545362,0.0015564813071427932,0.0006960796016958028,5,1938.4,52.771204268995035,23.599999999999998,5,0.0334012065637236,0.009716749818321796,0.004345462622825254,5,0.19420935485417645,0.036090135841333734,0.016139999411684758,5,0.9098855835989083,0.011891458312393972,0.00531802182762357,5
large_long,nomotor_xlink,6.35,pulse_06,5,0.0028866385577373125,0.001896318482154356,0.0008480594066172724,5,1938.4,52.771204268995035,23.599999999999998,5,0.03408633978706468,0.009206449326068402,0.004117249304899214,5,0.19326673042633283,0.03526591211297707,0.015771395354629993,5,0.9105710442317207,0.011625829438329308,0.005199228983784506,5
large_long,nomotor_xlink,6.4,pulse_06,5,0.004797262479322247,0.0027128580280160594,0.0012132269927899876,5,1937.2,53.97406784743948,24.137936945812083,5,0.03406824576590315,0.009254082022222755,0.00413855129420976,5,0.1941812362228888,0.034452468972277245,0.015407612522942846,5,0.9108945298619566,0.011150958775251145,0.0049868603671518715,5
large_long,nomotor_xlink,6.45,pulse_06,5,0.004301242667096823,0.004545056833079466,0.00203261120807312,5,1935.6,54.88897885732617,24.54709758810601,5,0.033674673826333115,0.010034913316763166,0.0044877496649200635,5,0.1936799612163287,0.03458833611304449,0.015468374155475664,5,0.9100405815779705,0.01123625706793619,0.005025006923313558,5
large_long,nomotor_xlink,6.5,pulse_06,5,0.0038353663992227874,0.001191890051451594,0.0005330294353502972,5,1933.2,55.61654430113399,24.872474746192825,5,0.032693901351261205,0.009619591738397774,0.004302012208570559,5,0.19294374650515278,0.03474497124134271,0.015538423514383509,5,0.9083280793510202,0.012163630303999631,0.005439740842583921,5
large_long,nomotor_xlink,6.55,pulse_06,5,0.0039801936698909005,0.0022063203860280224,0.000986696472660447,5,1931.6,56.752092472436644,25.38030732674449,5,0.031853455903518124,0.009503420154335349,0.0042500586967670765,5,0.1924061003258108,0.03459427069737264,0.015471028182270856,5,0.9091898633921576,0.012131378025473125,0.005425317185141016,5
large_long,nomotor_xlink,6.6,pulse_06,5,0.003209588967504917,0.0006214710443684059,0.0002779303002511087,5,1930.8,57.38640954093573,25.66398254363496,5,0.03227836802198022,0.011036179283554735,0.004935529417980662,5,0.1922969416548354,0.034802371835075376,0.015564093840290527,5,0.9094695655086257,0.011598485521198928,0.005187000412289576,5
large_long,nomotor_xlink,6.65,pulse_06,5,0.0057889302508854715,0.0019974320744335495,0.0008932787797743672,5,1928.8,57.97585704411794,25.927591480891547,5,0.03166763842766924,0.009661310108208929,0.0043206692307322025,5,0.1926791801513957,0.03465772178201422,0.015499404369971787,5,0.9096305655162679,0.011814196758167599,0.005283469410164079,5
large_long,nomotor_xlink,6.7,pulse_06,5,0.0038361679013794022,0.002517006782192548,0.001125639652962109,5,1927.2,59.37339471514156,26.552589327596657,5,0.03085079216923775,0.009777016015775205,0.004372414485675503,5,0.19242590391633935,0.03361104523968022,0.015031316390149136,5,0.909644194330135,0.010786812271974956,0.00482400910013299,5
large_long,nomotor_xlink,6.75,pulse_06,5,0.0016151304136757954,0.0014229897494549629,0.0006363803622133382,5,1926.0,59.02541825349483,26.39696952303427,5,0.03066911176639382,0.00905034728419013,0.0040474383494859476,5,0.19152402494934492,0.033689216350921945,0.015066275573871775,5,0.9088308016045022,0.01147410641414766,0.005131376384620104,5
large_long,nomotor_xlink,6.8,pulse_06,5,0.0030518645626921824,0.0017197141031562166,0.0007690795273044772,5,1925.2,59.74278199079785,26.71778433927484,5,0.030910567690760532,0.008366810787385522,0.003741751535094513,5,0.19148205876323937,0.03339921244925231,0.01493658188629708,5,0.9096716685838233,0.010550571728823907,0.004718359117427547,5
large_long,nomotor_xlink,6.85,pulse_06,5,0.0027867486933482806,0.0018612596156455776,0.0008323806048717285,5,1924.0,60.44832503882965,27.03331278256514,5,0.030497135894620796,0.00875665336233897,0.003916094434718406,5,0.19170211437431284,0.03332648738166174,0.014904058247336925,5,0.9095197757753752,0.011028659472084985,0.004932166456055794,5
large_long,nomotor_xlink,6.9,pulse_06,5,0.002888985707990048,0.0009032045376530851,0.00040392534875571335,5,1922.8,60.3423565996556,26.985922255872598,5,0.029876153869144773,0.008372908392065666,0.003744478466807458,5,0.19100284940394313,0.03279546598450165,0.01466657825902555,5,0.909601645557872,0.009926314580215666,0.004439182833481903,5
large_long,nomotor_xlink,6.95,pulse_06,5,0.0028942500715003483,0.0028368519817736936,0.0012686787746701946,5,1921.6,60.86706827176745,27.220580449358533,5,0.029474841946882668,0.008827338609745243,0.00394770583835977,5,0.19300915062328367,0.03212370170880044,0.014366156141960787,5,0.9097624791498198,0.01000065278771992,0.004472427890542903,5
large_long,nomotor_xlink,7.0,pulse_06,5,0.0024797727029126195,0.0020918376804656127,0.0009354982502833187,5,1920.8,61.475198251002006,27.49254444390333,5,0.030741124004806046,0.009600186468394476,0.004293333908000737,5,0.19242314362786733,0.03192866016247685,0.014278930910757543,5,0.9098888109773027,0.011285698742270318,0.005047117912260062,5
large_long,nomotor_xlink,7.05,pulse_07,5,0.002768501548294703,0.0019464705696670317,0.0008704881019956446,5,2035.6,65.18281982240413,29.150643217603278,5,0.028609467659449363,0.009508130375451292,0.004252165171687937,5,0.18100379160647034,0.03114021590321404,0.01392632791872132,5,0.9050084231233629,0.01228886070427803,0.005495745580158323,5
large_long,nomotor_xlink,7.1,pulse_07,5,0.0025909824435899507,0.0018191105947300244,0.0008135309896812811,5,2034.8,64.61578754453124,28.897058673851216,5,0.027849768487319487,0.00910871927059466,0.004073543095402392,5,0.18100819350919684,0.03042971193084814,0.013608580882622564,5,0.9047812550412127,0.011588040300367614,0.005182329167525813,5
large_long,nomotor_xlink,7.15,pulse_07,5,0.003709021393063653,0.004533440596447535,0.002027416269122776,5,2032.4,64.96768427456838,29.054431675735803,5,0.02668166398712817,0.008518448179996791,0.0038095658386564377,5,0.18047182523606328,0.03081523821356658,0.01378099347767681,5,0.9034539008722986,0.011310570183540657,0.005058240758935836,5
large_long,nomotor_xlink,7.2,pulse_07,5,0.0025481466179032054,0.0027756003684318675,0.0012412862204374234,5,2030.0,64.28063471995279,28.747173774129514,5,0.02555041694017059,0.010046569209594696,0.004492962338662014,5,0.17995571515953918,0.031120207235808044,0.013917379770629523,5,0.9045500891062865,0.012088003175796594,0.005405919362662904,5
large_long,nomotor_xlink,7.25,pulse_07,5,0.001648703789248233,0.0020440019528056783,0.0009141054625231627,5,2028.4,63.83416013389696,28.547504269200132,5,0.024769283640067835,0.008926032339165656,0.0039918430159471725,5,0.1801731242151842,0.03148331655292168,0.014079767193895445,5,0.9035963316714145,0.012781055166128614,0.005715861635127689,5
large_long,nomotor_xlink,7.3,pulse_07,5,0.0022282404632324965,0.0020975442231812667,0.0009380502937690605,5,2026.4,63.959362098132274,28.603496289789465,5,0.024796249277602562,0.00894539299882629,0.004000501366165256,5,0.18021467342012815,0.03151708545633771,0.01409486910660822,5,0.9036961847825102,0.012657647234350377,0.00566067193024393,5
large_long,nomotor_xlink,7.35,pulse_07,5,0.0025759800904823216,0.0016548451219463426,0.0007400692369811902,5,2025.2,65.04767482393203,29.090204536922734,5,0.024608968485365392,0.009617255885807426,0.004300967583535071,5,0.18092654107230371,0.0315549066200114,0.014111783245200722,5,0.9031508010427786,0.012858326628381609,0.00575041848359139,5
large_long,nomotor_xlink,7.4,pulse_07,5,0.002854754803787222,0.001532220344161766,0.0006852297692107664,5,2024.8,64.87834769782597,29.01447914404117,5,0.0244313380839442,0.01028049683083959,0.004597577951245695,5,0.1809789741430004,0.03056206652447068,0.013667771656317437,5,0.9038174958391003,0.01195709911589226,0.005347377287367546,5
large_long,nomotor_xlink,7.45,pulse_07,5,0.0023517072369283907,0.0014313712426566464,0.0006401286799237216,5,2024.0,63.92182725798755,28.58671019897183,5,0.02423066045090199,0.00948611570142338,0.0042423199101621544,5,0.18064103309689145,0.03046854479054296,0.01362594746543023,5,0.9038368600472326,0.011469325009477626,0.005129238075446078,5
large_long,nomotor_xlink,7.5,pulse_07,5,0.0038860046487226184,0.0017766655667532628,0.0007945489961086971,5,2022.8,63.774603095589704,28.520869551961418,5,0.02445984018010438,0.009034179164854508,0.004040207746705392,5,0.1810705419062311,0.03051260625290114,0.013645652350434417,5,0.9036306819174774,0.011498312109592727,0.00514220150071167,5
large_long,nomotor_xlink,7.55,pulse_07,5,0.001519991360933126,0.0011022836588499042,0.0004929562383351147,5,2022.8,63.774603095589704,28.520869551961418,5,0.024852754957654637,0.009573651354378564,0.0042814670442546795,5,0.1810704257741347,0.03052061593738144,0.013649234390229673,5,0.9042017366697074,0.011369723680864908,0.005084695007160612,5
large_long,nomotor_xlink,7.6,pulse_07,5,0.001711591809283301,0.0012221875111185117,0.0005465788712224544,5,2021.6,63.26768527455386,28.294169010592974,5,0.024871362488895245,0.009576514974969851,0.004282747694315457,5,0.18099573608863623,0.030846061978240195,0.013794778284303342,5,0.9044784185596508,0.012126789080278186,0.005423264946460836,5
large_long,nomotor_xlink,7.65,pulse_07,5,0.0020355098788598686,0.0014980409315596243,0.000669944271208886,5,2020.8,62.315327167559666,27.868261517360565,5,0.023917872330720225,0.009837797631959693,0.0043995968507896666,5,0.18148896620736088,0.03185186803127282,0.014244588425655685,5,0.9041515666726283,0.012578194849722635,0.005625139743643513,5
large_long,nomotor_xlink,7.7,pulse_07,5,0.0027718934379844444,0.0012455750353586132,0.0005570380900277126,5,2018.8,63.633324602758265,28.457687889215453,5,0.023534125151179402,0.010000689084876774,0.004472444123124926,5,0.18116534181824784,0.030344124290691107,0.01357030492633758,5,0.9043638388561934,0.012180278033070447,0.005447185933358589,5
large_long,nomotor_xlink,7.75,pulse_07,5,0.00198646814229854,0.0011680898594663097,0.0005223856659189689,5,2017.6,63.802821254236086,28.533489096148056,5,0.02278134255439736,0.010210958904425802,0.0045664796451505745,5,0.18088052629233686,0.030757341929513834,0.013755101472319495,5,0.9041127498586968,0.0130492739384235,0.00583581271666627,5
large_long,nomotor_xlink,7.8,pulse_07,5,0.0027266394089537904,0.0019232412296557196,0.0008600996253280947,5,2016.4,64.7363885307174,28.950993074504368,5,0.02198062334640368,0.009794108743680778,0.004380058585979056,5,0.18079962041537584,0.029949410495038707,0.013393783550590435,5,0.9034405082897596,0.012800965322900572,0.005724765727924645,5
large_long,nomotor_xlink,7.85,pulse_07,5,0.0025931400624217282,0.0010896624348189518,0.000487311855356622,5,2014.8,64.60030959678134,28.89013672518702,5,0.021792743494893695,0.009623474161656157,0.004303748481035193,5,0.18027332495382895,0.029806294802807137,0.013329780267295088,5,0.9033790936048918,0.012559330752939567,0.005616703463095297,5
large_long,nomotor_xlink,7.9,pulse_07,5,0.002913738240890288,0.0019059430966447567,0.0008523636650688254,5,2014.0,64.15605972938177,28.691462144686877,5,0.02123506585796031,0.008976057541119287,0.004014214966378468,5,0.17997384832578828,0.029654733516689426,0.01326199999959179,5,0.903517501467784,0.011873770088994848,0.005310111413639241,5
large_long,nomotor_xlink,7.95,pulse_07,5,0.0027596126965984055,0.0017277759873966904,0.000772684911542164,5,2013.2,64.64673232267815,28.91089759934824,5,0.021043907805617233,0.008680008568304507,0.003881817840801901,5,0.18006288154515154,0.02933837164693513,0.01312051867033988,5,0.9028976332255185,0.012894829726164767,0.0057667431651978835,5
large_long,nomotor_xlink,8.0,pulse_07,5,0.0022996383850732846,0.0021464948899469548,0.0009599416974554641,5,2012.8,65.09377850455449,29.110822729699688,5,0.021825768663520893,0.007684446543893883,0.003436588968322009,5,0.17980713402521312,0.029598714884871993,0.013236947705841728,5,0.904162066707961,0.012118524186061371,0.005419568773401707,5
large_long,rotatable_xlink,0.0,initial,5,0.07342324112618948,0.043876916519673514,0.01962235359621469,5,472.0,34.61213659975356,15.479018056711478,5,0.21317719581184522,0.028523379077576825,0.012756042913091405,5,0.4557782549520052,0.05353145886052872,0.02393999618937513,5,0.9310559825152781,0.007401886206842565,0.0033102241440436087,5
large_long,rotatable_xlink,0.05,initial,5,0.0573449445211208,0.03281912427622494,0.014677158568730508,5,536.8,36.48561360317241,16.31686244349691,5,0.20924813631348987,0.0309654771846205,0.013848182388106048,5,0.44873537498667926,0.050472453966714396,0.02257196761216046,5,0.9372679272489798,0.006079263373282234,0.0027187292311567504,5
large_long,rotatable_xlink,0.1,initial,5,0.07447706279457242,0.03681645751164599,0.01646482033735464,5,588.8,29.34620929523948,13.124023773218333,5,0.20036679210280886,0.02685554362440956,0.012010164223378172,5,0.4396301053328816,0.04876948746467382,0.021810377839766908,5,0.9416648971966369,0.005405156354721706,0.0024172594076345404,5
large_long,rotatable_xlink,0.15000000000000002,initial,5,0.07685180820603506,0.0295589378867339,0.013219158891486194,5,638.4,29.37345740630476,13.136209498938419,5,0.18723954039415783,0.02308753045441891,0.010325057505735459,5,0.4260212193918755,0.0465123940688832,0.020800974986856173,5,0.9458284369571773,0.007488076735049135,0.0033487697200609095,5
large_long,rotatable_xlink,0.2,initial,5,0.04987943708120689,0.007410954204245392,0.0033142794757661112,5,690.8,28.621670111997307,12.799999999999999,5,0.178313551320148,0.021460691236202374,0.0095975128896565,5,0.41776132787917997,0.04344185520635473,0.019427788262022468,5,0.947011880555032,0.007863534477408616,0.00351667952697979,5
large_long,rotatable_xlink,0.25,initial,5,0.058130040063980794,0.015482074843656947,0.006923794356631272,5,732.4,34.09985337211877,15.249918032566601,5,0.16755101302485947,0.020963773801556014,0.009375284657041686,5,0.40958870183058255,0.037703749397184946,0.01686162933174445,5,0.948137198639526,0.0071732000343550355,0.003207952578604337,5
large_long,rotatable_xlink,0.30000000000000004,initial,5,0.0568820841434701,0.019578227071041544,0.008755649321955099,5,778.8,42.81588490268536,19.147845831842286,5,0.1586679116506572,0.015756359322286462,0.007046458104509009,5,0.4013288248376691,0.03929326689966645,0.017572483169139317,5,0.9508826672126511,0.009752441445608986,0.004361424403793602,5
large_long,rotatable_xlink,0.35000000000000003,initial,5,0.03321918605010128,0.01769194402192904,0.007912077897430873,5,814.4,46.20389593962829,20.663010429267075,5,0.15514957141493996,0.016933945388545705,0.007573090603211457,5,0.39247256511755985,0.03835227854090492,0.01715166038189397,5,0.954290208938632,0.008301555620926436,0.003712568537477397,5
large_long,rotatable_xlink,0.4,initial,5,0.030262405545255232,0.01885914152419013,0.008434064489075625,5,847.6,50.62410493035902,22.639787984873003,5,0.14948355964354637,0.01683964956266992,0.0075309202278809086,5,0.3870612283716318,0.03481476134121291,0.015569634595876763,5,0.9520715390337056,0.008011409380343278,0.003582811194005407,5
large_long,rotatable_xlink,0.45,initial,5,0.0396256051459785,0.014630254339756593,0.006542848646361409,5,880.0,57.18391382198319,25.573423705088842,5,0.14267342515881504,0.01537180087764792,0.0068744783398023345,5,0.38293220392387106,0.03490743519475904,0.015611079603129966,5,0.9527944202195261,0.006014040869426777,0.002689560840700042,5
large_long,rotatable_xlink,0.5,initial,5,0.032457290208971465,0.019548491997661902,0.008742351392876534,5,917.6,58.02413291036756,25.949181104612915,5,0.13941521800007675,0.015037475529261723,0.0067249634986837675,5,0.3762578298894482,0.033314548834424945,0.014898719166702112,5,0.9516699960205077,0.005807586561797241,0.0025972316674785826,5
large_long,rotatable_xlink,0.55,initial,5,0.025899538484182798,0.013785001438280837,0.006164840057185665,5,952.0,64.52906321960671,28.85827437668441,5,0.1345644355026593,0.010765909044395422,0.004814660892569593,5,0.3755303750958115,0.031249382590501824,0.01397514874545211,5,0.9519790432580821,0.006828371479055863,0.0030537405605579383,5
large_long,rotatable_xlink,0.6000000000000001,initial,5,0.032841564060995816,0.01751015193811805,0.00783077800599633,5,981.6,63.39400602580657,28.350661367946955,5,0.13243126675439998,0.013683467044482815,0.006119432495868342,5,0.3712703977501508,0.029721740031961996,0.013291966224208758,5,0.9531891853427646,0.006837363428380344,0.0030577618825458927,5
large_long,rotatable_xlink,0.65,initial,5,0.02278786875923162,0.016906572172288793,0.007560848928748805,5,1007.2,63.774603095589704,28.520869551961418,5,0.13246370378560257,0.01804561113688638,0.008070242639521042,5,0.36667065344029176,0.03131026319620794,0.014002375380026156,5,0.9525061384135155,0.006739054930361165,0.0030137969856785353,5
large_long,rotatable_xlink,0.7000000000000001,initial,5,0.02268640689892722,0.012476541288814267,0.005579678889174307,5,1032.8,64.16541124313005,28.695644268773616,5,0.12778462104049934,0.019090724718976753,0.008537631642273518,5,0.36691153150490835,0.031055488251837383,0.0138884365611109,5,0.9536857999028985,0.007592011243065293,0.0033952506450873345,5
large_long,rotatable_xlink,0.75,initial,5,0.02451450063620434,0.008887717451978248,0.003974708077486917,5,1055.2,62.619485785177126,28.00428538634757,5,0.12661110614430984,0.02402741171192436,0.010745385182247493,5,0.3644331148916443,0.0296574719252809,0.013263224653143932,5,0.9525402221937285,0.007624339456766813,0.0034097082617728825,5
large_long,rotatable_xlink,0.8,initial,5,0.020600730775151187,0.016821177716970056,0.007522659367349952,5,1082.4,61.32536180080799,27.425535546275114,5,0.12607432785118886,0.022633233261312443,0.010121889624580776,5,0.3660988077315932,0.021630015220650226,0.009673236877545803,5,0.9512982332740287,0.009528123552847385,0.004261106392436712,5
large_long,rotatable_xlink,0.8500000000000001,initial,5,0.016915394972435556,0.013052824556654333,0.005837400601411529,5,1105.6,61.047522472251075,27.301282021179883,5,0.12513263323677531,0.02282478407170893,0.010207553751219121,5,0.36681025483412355,0.020717077326818635,0.009264958639577218,5,0.9523621019183193,0.009863453598557283,0.004411070547857801,5
large_long,rotatable_xlink,0.9,initial,5,0.018804637659356666,0.01574027500039366,0.00703926497708415,5,1129.2,63.97812126031836,28.611885642159272,5,0.12445074316532001,0.023846164620025933,0.010664329018605685,5,0.361845720343728,0.02173655800645088,0.009720884259858295,5,0.9524511649853317,0.010371276029871684,0.004638175643241445,5
large_long,rotatable_xlink,0.9500000000000001,initial,5,0.012108091690340396,0.009216053733944862,0.004121544526678294,5,1153.6,62.98253726232375,28.166646942793882,5,0.1224456784596912,0.023120873583793302,0.0103399690065082,5,0.36309992071583697,0.021151468984830876,0.009459224494812062,5,0.9536058525274663,0.008386117707382491,0.003750385852204388,5
large_long,rotatable_xlink,1.0,initial,5,0.01474033245693492,0.004874945251777685,0.0021801417939129463,5,1170.4,63.488581650561386,28.39295687314021,5,0.12554558963718512,0.028706524387129433,0.012837947985475379,5,0.36465355846383857,0.02733065004994401,0.012222638276186564,5,0.9513932447765544,0.007944774655295726,0.00355301123903174,5
large_long,rotatable_xlink,1.05,pulse_01,5,0.023551696956245986,0.024481304439082165,0.010948372180731015,5,1297.6,74.28862631654997,33.222883679777105,5,0.11409016458925456,0.024982111946969685,0.011172340106986766,5,0.33205402640387627,0.02645997524250087,0.011833260665038686,5,0.9521731640419098,0.007529003014850612,0.0033670725088013652,5
large_long,rotatable_xlink,1.1,pulse_01,5,0.021385910646021213,0.02407940566395168,0.010768637584477882,5,1306.8,76.36229436050229,34.15025622158639,5,0.11508155715997584,0.025035063641500654,0.011196020824685777,5,0.33045496107804273,0.02825432709496395,0.01263571920857071,5,0.95271793123752,0.007689244254633236,0.0034387345697919234,5
large_long,rotatable_xlink,1.15,pulse_01,5,0.021696931181653886,0.020135406688074446,0.009004827621827673,5,1320.4,77.76117283066145,34.77585369189375,5,0.11703837176306948,0.028052160445189992,0.012545307534235117,5,0.33169474613557154,0.031344939083886574,0.014017882908432071,5,0.9536659991337354,0.010748786797601826,0.004807003591017991,5
large_long,rotatable_xlink,1.2,pulse_01,5,0.01958038244352158,0.012796736331802392,0.00572287446561029,5,1334.4,78.78324695009721,35.23293913371407,5,0.11772321341320582,0.03230188686874361,0.014445842968003705,5,0.3322421789792056,0.03655418346514567,0.016347527818012905,5,0.9531815412444677,0.011229730937052578,0.005022088348856395,5
large_long,rotatable_xlink,1.25,pulse_01,5,0.01070248474339842,0.00860846756111022,0.0038498237297488556,5,1349.6,83.46735888956833,37.32773767588923,5,0.11942999349268937,0.03140463685614791,0.014044580563808402,5,0.33312837029488634,0.03801940294973905,0.017002793891914506,5,0.9525567026136958,0.012091839253727898,0.005407634908867181,5
large_long,rotatable_xlink,1.3,pulse_01,5,0.008262274990421686,0.003718161066676365,0.0016628121792762961,5,1361.2,85.02470229292192,38.024202818731126,5,0.12116756869079164,0.03380387758652466,0.015117553637310132,5,0.3346859539732761,0.03859860551766927,0.01726182115484139,5,0.9528444082388535,0.011057708738010092,0.004945157682716795,5
large_long,rotatable_xlink,1.35,pulse_01,5,0.007088607852574895,0.003413816760065325,0.001526705267646831,5,1368.8,81.45673698350555,36.42856022408791,5,0.11979739948839022,0.033215932949222864,0.014854616802107479,5,0.33510314242877365,0.03832414535702147,0.01713907883957659,5,0.9535570009578773,0.010554436790502568,0.004720087625557689,5
large_long,rotatable_xlink,1.4,pulse_01,5,0.008764627572364972,0.004541390798523733,0.0020309717075782238,5,1374.8,82.83236082594773,37.04375790872195,5,0.12038833754698561,0.03301408619343326,0.014764348188710807,5,0.3343950046050009,0.04006746555277464,0.017918715332427056,5,0.9520515087423279,0.011321081392900834,0.005062941514666854,5
large_long,rotatable_xlink,1.45,pulse_01,5,0.010896109378562138,0.006676380798626127,0.0029857682618804706,5,1384.8,82.33589739597183,36.82173271316818,5,0.11978347314032496,0.033690444369633435,0.015066824760535082,5,0.3329765039509066,0.041512130041519456,0.018564788932729732,5,0.9524025075840731,0.011212102594486304,0.005014204714394626,5
large_long,rotatable_xlink,1.5,pulse_01,5,0.004777382876533532,0.0021772553695636487,0.000973698202144149,5,1390.4,83.76634168924892,37.46144684872703,5,0.11940223652102692,0.03265816082927385,0.014605173526875445,5,0.3333614240334916,0.04414320944568251,0.01974144341311138,5,0.9524160685497464,0.011111711568979603,0.004969308482921847,5
large_long,rotatable_xlink,1.55,pulse_01,5,0.010076910411222294,0.00665901106460123,0.0029780002806743186,5,1398.0,82.59539938761722,36.93778553189132,5,0.11674757636190887,0.031227482771159432,0.0139653548485032,5,0.33037858902375483,0.042907389538813887,0.019188767949170238,5,0.9518379459133293,0.012223968046267547,0.005466724701247905,5
large_long,rotatable_xlink,1.6,pulse_01,5,0.009328174110029256,0.006229607513667818,0.0027859651747409384,5,1406.0,86.1974477580398,38.54867053479276,5,0.11493479260927357,0.031125175094784283,0.013919601464704223,5,0.33100049335220216,0.04467395451988025,0.019978799826037244,5,0.9505027106276002,0.012125189953480255,0.005422549795215872,5
large_long,rotatable_xlink,1.65,pulse_01,5,0.009924768601736567,0.0063733586935003726,0.002850252656731216,5,1409.6,86.79170467273933,38.81443030626625,5,0.11286609580980264,0.02985714388426,0.013352520667839495,5,0.3298130646046816,0.044805576120049026,0.02003766279509418,5,0.9516485817648096,0.011922015093719087,0.005331687235666881,5
large_long,rotatable_xlink,1.7000000000000002,pulse_01,5,0.010997613576500597,0.0037606267881995833,0.0016818034272841943,5,1416.8,89.14706949754434,39.86778147828143,5,0.11159434307003702,0.030617629483932755,0.013692620167195088,5,0.32740322308604525,0.0453569018116987,0.02028422313994833,5,0.951224089135331,0.009473683306262165,0.004236759974021432,5
large_long,rotatable_xlink,1.75,pulse_01,5,0.012834879859412599,0.006000866583007872,0.002683669120702497,5,1426.0,85.88364221433555,38.40833242930497,5,0.11189653474688502,0.029072900695113854,0.013001796451475093,5,0.32601774140296397,0.04334265255208021,0.019383423486321216,5,0.9515620996410483,0.01111779885286211,0.004972030799033772,5
large_long,rotatable_xlink,1.8,pulse_01,5,0.004848124883406128,0.003895850108369498,0.001742277134492824,5,1430.8,86.93215745626011,38.87724270058256,5,0.10964898555036037,0.031171368177594937,0.013940259639355202,5,0.32646183344873314,0.04153107400517249,0.018573260930828027,5,0.9505639373907091,0.012165045772845523,0.0054403738594958105,5
large_long,rotatable_xlink,1.85,pulse_01,5,0.00791125384137133,0.005293296946539797,0.0023672343595110114,5,1436.0,83.89278872465738,37.51799568207235,5,0.11125578866007069,0.035007747029303975,0.015655940419328,5,0.32306330967686303,0.04263904090795877,0.01906875879311803,5,0.9498239863326262,0.011502626635670914,0.005144131015431974,5
large_long,rotatable_xlink,1.9,pulse_01,5,0.012542440333820348,0.011723781934672231,0.005243034671862221,5,1440.4,87.0563036201285,38.93276255289367,5,0.11150867316007336,0.036788030173958604,0.01645210724545697,5,0.3244202730298537,0.038699165400505706,0.017306792901607724,5,0.9514264288797014,0.0119438718926992,0.005341461893324896,5
large_long,rotatable_xlink,1.9500000000000002,pulse_01,5,0.006631526129962229,0.010040385618679155,0.004490196952735575,5,1444.0,88.6904729945669,39.66358531449218,5,0.11182943775366834,0.03509738867132071,0.015696029380360823,5,0.32657496829353966,0.037350166762621026,0.01670350237043477,5,0.9525906700939355,0.011967189459269008,0.00535188982610889,5
large_long,rotatable_xlink,2.0,pulse_01,5,0.00854155685567921,0.00769712066715867,0.0034422570085570637,5,1448.0,88.01136290275251,39.35987804859156,5,0.11384976436534908,0.03706676903382499,0.016576763053183376,5,0.3255976642934021,0.03713539912763716,0.016607455364196614,5,0.9509838727566612,0.014519132086820685,0.006493153264085886,5
large_long,rotatable_xlink,2.05,pulse_02,5,0.01590522769893165,0.017381585987818478,0.00777328156510399,5,1566.8,84.44643272513055,37.76559280615094,5,0.10568730845395113,0.03380464693043331,0.015117897698365695,5,0.30215278641544413,0.03207010302489602,0.014342186081817825,5,0.9485652956376217,0.013416401453730183,0.005999997132793537,5
large_long,rotatable_xlink,2.1,pulse_02,5,0.01551632570466559,0.018950636505670276,0.008474982288713562,5,1566.8,84.44643272513055,37.76559280615094,5,0.1069036077128676,0.032147747140347654,0.014376909585858366,5,0.30524954264465665,0.034635512382247956,0.015489472024448421,5,0.948593962835466,0.010763286271547786,0.004813487952894222,5
large_long,rotatable_xlink,2.15,pulse_02,5,0.010909144452094417,0.0189816502426885,0.008488852053555374,5,1564.8,85.3533830612472,38.171193326905566,5,0.1084408918077863,0.033142231356003415,0.014821656447609733,5,0.3079391163419064,0.03531462189266505,0.015793179030340266,5,0.9501239898404867,0.01127115462517611,0.005040613585360989,5
large_long,rotatable_xlink,2.2,pulse_02,5,0.010027108233886304,0.00967829423894956,0.004328264764907162,5,1563.2,85.1539781807051,38.08201675331809,5,0.11102541949559068,0.03393436089541001,0.015175907547029481,5,0.30928668929552056,0.03602574663753609,0.016111203684343035,5,0.9501592847730873,0.011834894803369567,0.005292725857378671,5
large_long,rotatable_xlink,2.25,pulse_02,5,0.01040890509058395,0.010485188638798574,0.00468911891065242,5,1561.6,83.80214794383257,37.47745989258077,5,0.11366772372622957,0.03605419114638073,0.01612392445541568,5,0.3094706927648082,0.03632435737684479,0.01624474646672418,5,0.9488032470030078,0.011825717384746392,0.005288621590998794,5
large_long,rotatable_xlink,2.3,pulse_02,5,0.01661370731206377,0.01258314353955669,0.0056273528650172145,5,1560.0,83.65404951345751,37.41122826104484,5,0.11526548015228935,0.03869117739908102,0.017303220558769733,5,0.30939242037771997,0.03587668902745495,0.01604454309460202,5,0.9506057319688864,0.010583041489872342,0.0047328800360110414,5
large_long,rotatable_xlink,2.35,pulse_02,5,0.02218566831771766,0.010854280104172177,0.004854181631950497,5,1558.4,84.53874851214678,37.80687768118388,5,0.11745996778502513,0.040743399278635906,0.018221002084289156,5,0.310310378760949,0.03856727812649475,0.0172478111195966,5,0.9515030093884438,0.011380279398824938,0.005089415667742601,5
large_long,rotatable_xlink,2.4,pulse_02,5,0.020519015439820057,0.015025140689677988,0.0067194471907236104,5,1556.8,85.29478295886567,38.14498656442285,5,0.11870099713360291,0.04367380793965456,0.019531520677867523,5,0.3120607535706495,0.03953968608744496,0.017682685180105923,5,0.9509544369092401,0.013182825762423125,0.00589553890806272,5
large_long,rotatable_xlink,2.45,pulse_02,5,0.016283715291597244,0.009632722910010275,0.004307884647040513,5,1554.4,86.8723201025505,38.85048262248488,5,0.11863875754485376,0.04320973195728039,0.019323979589204798,5,0.3166887318652295,0.041140869566774346,0.018398756200951952,5,0.9496535963419503,0.012717607935350572,0.005687487170926926,5
large_long,rotatable_xlink,2.5,pulse_02,5,0.012493257242916833,0.010970941908225234,0.004906354376798577,5,1553.6,87.30864791073104,39.04561435039792,5,0.12042690214975718,0.045480968557381464,0.0203397074753671,5,0.3171315669591035,0.04071001162617558,0.01820607067218707,5,0.9527626623508327,0.014943149631092499,0.006682779674614746,5
large_long,rotatable_xlink,2.55,pulse_02,5,0.008373903065856843,0.009086544715476944,0.004063626332879586,5,1552.4,87.94771173828232,39.33141238247109,5,0.12073717809779172,0.04574334094486431,0.020457043974133213,5,0.31813729745421576,0.0414493487377291,0.01853671228013147,5,0.9510495540731082,0.015751334790815537,0.007044211065724193,5
large_long,rotatable_xlink,2.6,pulse_02,5,0.011004635447170364,0.0067276128132208735,0.0030086799153320938,5,1551.2,86.35508091594842,38.61916622611109,5,0.12074778185875638,0.0459793354182391,0.02056258391108927,5,0.32084723873820414,0.04146961840738449,0.018545777151977656,5,0.9511694158949571,0.01556258734655531,0.00695980064253515,5
large_long,rotatable_xlink,2.65,pulse_02,5,0.0158115921315266,0.009090719631261129,0.004065493411978341,5,1550.0,87.10912696153027,38.95638586932827,5,0.12041586413020325,0.0465544798470445,0.0208197963190271,5,0.32471027643679695,0.041335778529182465,0.01848592213882565,5,0.9512784165810257,0.015577413756424772,0.006966431214601228,5
large_long,rotatable_xlink,2.7,pulse_02,5,0.02010782657587152,0.020638431847929073,0.009229787312193202,5,1549.2,86.55171864267052,38.70710529088942,5,0.12271499924758525,0.04581072570999963,0.020487179357231298,5,0.3267902901279852,0.04193103638635179,0.018752129545379945,5,0.952056154391418,0.0152369267734616,0.006814160806729335,5
large_long,rotatable_xlink,2.75,pulse_02,5,0.019295981854285316,0.01728774006748658,0.007731312393649359,5,1548.0,86.2670273047588,38.57978745405423,5,0.12488954671123335,0.048409739062031866,0.02164949346314603,5,0.33270436184766006,0.043984701883416195,0.01967055667627633,5,0.9521916734659494,0.0168389497061047,0.007530607242510043,5
large_long,rotatable_xlink,2.8,pulse_02,5,0.02134930496611891,0.010136622723942047,0.0045332354946007,5,1546.0,87.54427451295716,39.1509897703749,5,0.12603442166015807,0.050925341766908876,0.022774505193643498,5,0.335892194488155,0.045405668548589705,0.02030603228769416,5,0.9524727720598412,0.014138865892023249,0.006323093051863437,5
large_long,rotatable_xlink,2.85,pulse_02,5,0.01929235258844204,0.013124848532260003,0.005869610702504341,5,1545.6,87.69720634090918,39.2193829630197,5,0.126241244253886,0.049484691407740644,0.022130226766661567,5,0.3400965624862864,0.045523166982210095,0.020358579184659144,5,0.954078731737917,0.013549095595381994,0.006059339756983424,5
large_long,rotatable_xlink,2.9,pulse_02,5,0.019024541238402533,0.022089993310524206,0.009878945332969548,5,1544.0,86.4175908018732,38.64712149694981,5,0.12863532524644922,0.04667033972192233,0.020871610430245394,5,0.3427016481479357,0.04416253333109956,0.01975008531738777,5,0.9548526606732498,0.012661450920781294,0.005662372990528856,5
large_long,rotatable_xlink,2.95,pulse_02,5,0.015834593466083853,0.014690894048708722,0.006569967548631961,5,1543.2,84.65931726632338,37.86079766724415,5,0.13130545922372963,0.04474004374430305,0.02000835582571517,5,0.34470058231667544,0.039733164764169965,0.017769211474776687,5,0.9553504146103012,0.014031831288080361,0.006275225721791225,5
large_long,rotatable_xlink,3.0,pulse_02,5,0.015300646244268279,0.01378397209838227,0.006164379722388634,5,1541.6,85.66679636825461,38.31135601880988,5,0.1316790041471852,0.04370939642329881,0.01954743633159646,5,0.3457451908197612,0.038519620305205685,0.01722649789398422,5,0.9553685465518607,0.012589272361339294,0.005630093757442791,5
large_long,rotatable_xlink,3.05,pulse_03,5,0.014482097118130297,0.005110950632611866,0.002285686608833137,5,1665.2,80.0699694017676,35.8083789077361,5,0.12173519168775093,0.040066190225068375,0.017918144988538096,5,0.3199961850170133,0.035277755390954346,0.015776691829556717,5,0.9529144932071814,0.010593738190059146,0.004737663745761567,5
large_long,rotatable_xlink,3.1,pulse_03,5,0.012295629384939992,0.00869272497086415,0.0038875047889124236,5,1663.2,81.51809615048674,36.45600087777046,5,0.11967744512576192,0.03801033517794772,0.01699873866108853,5,0.32220497686196364,0.03562331978874713,0.015931232926370404,5,0.951860058990594,0.011212878138044382,0.0050145515480177014,5
large_long,rotatable_xlink,3.15,pulse_03,5,0.015624003195751196,0.014828743650932546,0.0066316157648807165,5,1661.6,81.5279093317129,36.4603894658299,5,0.11963243495687466,0.037418039726380595,0.016733856082594926,5,0.32272078211714544,0.03660009332724814,0.016368059332512657,5,0.952691428541816,0.012431119330525438,0.005559365571893311,5
large_long,rotatable_xlink,3.2,pulse_03,5,0.015503020936359848,0.01377378344168401,0.006159823216593291,5,1659.2,81.40761635129725,36.40659280954481,5,0.12047190242169281,0.04049916604334497,0.01811177766099411,5,0.32527658027272377,0.03564114343380298,0.015939203902760747,5,0.9528931054900263,0.013306179774784582,0.005950704499450233,5
large_long,rotatable_xlink,3.25,pulse_03,5,0.01918245631006939,0.006788031911411331,0.0030357001574707132,5,1656.8,81.32158385078343,36.36811790566017,5,0.12296138356207717,0.04289142774764652,0.01918162961915166,5,0.3271135144797591,0.038266300168046996,0.01711320968463294,5,0.954135895685298,0.014180469216015611,0.0063416986239708106,5
large_long,rotatable_xlink,3.3,pulse_03,5,0.020453341846758864,0.010525972177503201,0.004707357863633728,5,1656.0,81.70679286326198,36.540388613149695,5,0.1265795650720354,0.045889778870239845,0.020522533005257956,5,0.3280008792676805,0.03959650168907041,0.017708093889589334,5,0.954621414846482,0.013871922487494115,0.006203712332128963,5
large_long,rotatable_xlink,3.35,pulse_03,5,0.01674337627391093,0.011680834635988695,0.005223828056000947,5,1653.6,83.34746546836323,37.274119707915304,5,0.1291093914149314,0.04852387856132194,0.02170053819901211,5,0.3319266303081257,0.04216133640462629,0.018855122844596194,5,0.9559328451153218,0.013946257827440401,0.006236956106779054,5
large_long,rotatable_xlink,3.4,pulse_03,5,0.015589022894219942,0.014164618404309251,0.006334609925476017,5,1652.8,82.75989366837054,37.01134961062619,5,0.13188290849579803,0.051170360882362265,0.022884081073231626,5,0.33259589974779963,0.04369924353817791,0.019542895823336848,5,0.9557547051326949,0.01517691181734612,0.006787321302421159,5
large_long,rotatable_xlink,3.45,pulse_03,5,0.013409181021439162,0.01499437549327726,0.006705688576624978,5,1651.2,82.66317196914234,36.96809435175148,5,0.1346507686435822,0.05449384200447172,0.02437038701542643,5,0.33169469656317946,0.04297421474761284,0.019218653091067257,5,0.9561643846202876,0.015069181114128357,0.006739142667289404,5
large_long,rotatable_xlink,3.5,pulse_03,5,0.009416916978789509,0.012529559532781597,0.005603389368686031,5,1648.0,81.03085831953157,36.23810149552539,5,0.1360319923691018,0.05636388197562531,0.025206694314654665,5,0.3334730606618234,0.04352699209118138,0.019465862634395457,5,0.9556109430120158,0.014223791613382851,0.0063610729890630924,5
large_long,rotatable_xlink,3.55,pulse_03,5,0.008886972975556028,0.008455065280268906,0.003781220144175917,5,1646.0,79.5989949685296,35.59775273805918,5,0.1358793679785734,0.05753106838991331,0.025728675947607107,5,0.33523018164481394,0.047778365691482194,0.021367134707999585,5,0.9559716741807905,0.014534778287597031,0.00650015045779099,5
large_long,rotatable_xlink,3.6,pulse_03,5,0.009162613852762114,0.00918681164175136,0.004108467065488497,5,1645.6,79.71699944177529,35.650525942824466,5,0.13657293478361565,0.05759129888148599,0.025755611842302052,5,0.3354156779703169,0.05012827400393827,0.022418045653508304,5,0.9554537021542332,0.016132697543101735,0.007214761673363864,5
large_long,rotatable_xlink,3.65,pulse_03,5,0.009636131362811006,0.009184496949470282,0.004107431903631,5,1644.0,78.65112840894274,35.17385392589217,5,0.13533687905448294,0.05575766043904226,0.024935583801609852,5,0.3365450987116826,0.049067163597903425,0.021943502653603043,5,0.9549310099137311,0.014984882968420985,0.006701443390453631,5
large_long,rotatable_xlink,3.7,pulse_03,5,0.007603831314456129,0.0039869881812609,0.001783035319757525,5,1642.4,78.26110144893184,34.999428566763775,5,0.13502220879873586,0.056297609776880614,0.025177056486372362,5,0.3383035755980695,0.04726916558095295,0.021139413495740826,5,0.9550881648108074,0.014752737970620912,0.00659762499131013,5
large_long,rotatable_xlink,3.75,pulse_03,5,0.003319920439979196,0.002408824239842869,0.0010772589492275824,5,1641.6,78.77055287351993,35.22726217008639,5,0.1343461084700997,0.05581917014035631,0.024963091776292638,5,0.3386977198519003,0.04758833739989623,0.02128215147247271,5,0.9566419125462844,0.015329332951956928,0.006855486106060641,5
large_long,rotatable_xlink,3.8,pulse_03,5,0.005660071829572837,0.006184789036815551,0.0027659217425630043,5,1640.0,77.5112895003044,34.66410246926927,5,0.1333147904963681,0.05442675804178999,0.02434038615527515,5,0.3400637140201511,0.045564852386100745,0.02037722146401295,5,0.9555480752604295,0.015684564464435835,0.007014350467991221,5
large_long,rotatable_xlink,3.85,pulse_03,5,0.008965371921757946,0.009775519311693567,0.004371745139261754,5,1637.2,77.14402115523924,34.49985507215936,5,0.13244766305881733,0.053014244503220974,0.023708690896999333,5,0.34118445944719417,0.04651064185305525,0.020800191372115664,5,0.9551297469825382,0.016662762787602543,0.0074518140572066354,5
large_long,rotatable_xlink,3.9,pulse_03,5,0.012201934680734331,0.015681689396820193,0.007013064698665525,5,1636.8,77.44159089274962,34.63293230438335,5,0.1336509156832643,0.05368973395617251,0.02401077896397609,5,0.3416571766184971,0.045315468902311,0.020265693779569036,5,0.9558873448934191,0.01635213561515716,0.00731289736255735,5
large_long,rotatable_xlink,3.95,pulse_03,5,0.011943861452660234,0.013463429430753338,0.006021028683487152,5,1634.8,78.16137153351391,34.95482799271082,5,0.13426363807337022,0.05718084501329441,0.025572051292121232,5,0.34606407369008174,0.04601663552834573,0.0205792650274426,5,0.9566002233505367,0.018306981212942813,0.008187130890990336,5
large_long,rotatable_xlink,4.0,pulse_03,5,0.015620603433682944,0.012628613073888866,0.005647687458951616,5,1632.0,79.10752176626443,35.37795924018229,5,0.13373794913607184,0.057804256060261065,0.025850849187909582,5,0.3473690769170864,0.0483357712726151,0.021616414062089775,5,0.955873380108423,0.015513140121220572,0.006937687171105705,5
large_long,rotatable_xlink,4.05,pulse_04,5,0.012501651165043568,0.009625223749496592,0.004304530920503957,5,1752.4,68.3432513127668,30.56403114773966,5,0.12543297874241954,0.05551510116781521,0.024827107997802553,5,0.324964330772349,0.04440317591728311,0.01985770395358532,5,0.9542358468075374,0.015113286092639584,0.006758867013308858,5
large_long,rotatable_xlink,4.1,pulse_04,5,0.010650196266021515,0.007953120396080876,0.0035567435677753777,5,1751.2,68.30226936200583,30.545703462189245,5,0.12715292838036854,0.05727708491084844,0.025615091082736918,5,0.32681023181069674,0.045218498219972834,0.020222327172062498,5,0.9551675088283668,0.015599149103675405,0.006976151557394623,5
large_long,rotatable_xlink,4.15,pulse_04,5,0.009667030110700943,0.008247928046843867,0.003688585557253991,5,1749.2,67.86162391219356,30.348640826238004,5,0.12713819422861788,0.0559339864596225,0.02501443919525374,5,0.32655867739580263,0.04576953235627489,0.020468757129401355,5,0.9548273720065114,0.014401364764466924,0.006440486116423658,5
large_long,rotatable_xlink,4.2,pulse_04,5,0.013539986017613807,0.012622975441719024,0.0056451662331988344,5,1747.2,68.31690859516405,30.552250326285293,5,0.13017127279200746,0.05723781195874327,0.025597527684620067,5,0.33128907829218357,0.04964178642376472,0.022200481793612815,5,0.9545448231946614,0.014059275706739654,0.006287499238936253,5
large_long,rotatable_xlink,4.25,pulse_04,5,0.017717031667825546,0.016508308164183475,0.007382739849725801,5,1746.8,68.36080748499099,30.571882506643256,5,0.134689909832773,0.05822272846118077,0.026037995734942383,5,0.33241638281438024,0.05289958156506423,0.023657412072155666,5,0.9551858577752764,0.014100350295597735,0.006305868353503157,5
large_long,rotatable_xlink,4.3,pulse_04,5,0.01653338707431781,0.01614139961813588,0.007218653359628195,5,1746.4,67.54850109365863,30.208608044727914,5,0.1388066088436653,0.06079754301012067,0.0271894878071194,5,0.3361648003275751,0.058415668276758655,0.026124281043582068,5,0.9569151863646022,0.01632732890736236,0.00730180346557192,5
large_long,rotatable_xlink,4.35,pulse_04,5,0.015862650135601574,0.011842689169737458,0.0052962116039867,5,1744.4,68.31398099949966,30.55094106570205,5,0.14030519581578266,0.062319072105312415,0.027869936304437896,5,0.336717771374021,0.06048146613266297,0.02704813393029714,5,0.9572915709519403,0.016935034222321538,0.007573577544479249,5
large_long,rotatable_xlink,4.4,pulse_04,5,0.016654521185901036,0.01595468617762976,0.007135152570571285,5,1742.0,69.87131027825369,31.247399891830998,5,0.1417292866791494,0.06551258904147768,0.029298120495750375,5,0.33918436038884525,0.06291489020183504,0.02813639425764772,5,0.9580075207370943,0.018077137488245264,0.008084341652465243,5
large_long,rotatable_xlink,4.45,pulse_04,5,0.016693430271391148,0.014409357488034838,0.006444060571068302,5,1741.6,69.84840728320152,31.237157361066,5,0.1426555271123005,0.06614181048322994,0.029579516879082068,5,0.3409600466488147,0.06465355750775925,0.028913949914908314,5,0.9588345437969863,0.017630457264338435,0.007884580183493143,5
large_long,rotatable_xlink,4.5,pulse_04,5,0.005760016488254868,0.005295012054930953,0.002368001379301292,5,1741.6,69.84840728320152,31.237157361066,5,0.1430717617829287,0.0649702463484226,0.029055577469996086,5,0.3430802381499477,0.06991709332855109,0.031267874694367453,5,0.958468650693723,0.018539758050208747,0.008291231857333143,5
large_long,rotatable_xlink,4.55,pulse_04,5,0.006372113340465701,0.003680896261321592,0.0016461468516879819,5,1739.2,71.47866814651768,31.96623218335248,5,0.14225419458950012,0.06593864172958419,0.02948865705027091,5,0.3435749240626786,0.06788430057409423,0.030358782137740535,5,0.9578016432032804,0.019363348154736115,0.008659552549197013,5
large_long,rotatable_xlink,4.6,pulse_04,5,0.006361118898980019,0.004795257126205678,0.0021445041807572366,5,1737.2,71.92496089675684,32.165820368832506,5,0.14066317146912308,0.065623140636184,0.029347560671907243,5,0.34336797999557084,0.06864393230758027,0.030698499776528696,5,0.9584078139491095,0.01972991931159039,0.008823488154260394,5
large_long,rotatable_xlink,4.65,pulse_04,5,0.007301548473075034,0.007499091998441921,0.0033536958956081764,5,1736.8,71.11399299715914,31.80314449861837,5,0.142090867621054,0.06536202146303732,0.02923078462763034,5,0.3422151506936446,0.06965864844906271,0.0311522946305729,5,0.9581799713918038,0.020032430949466384,0.008958775471515497,5
large_long,rotatable_xlink,4.7,pulse_04,5,0.008287687523716543,0.008269508243190693,0.0036982365144538503,5,1734.8,71.05772301446198,31.777979797337654,5,0.1423731412439348,0.06743796276008772,0.030159173799131096,5,0.3418182000957593,0.06878282294631853,0.030760613558460118,5,0.9578019201641428,0.019422932726315824,0.0086861995796895,5
large_long,rotatable_xlink,4.75,pulse_04,5,0.00719802753219303,0.004046203444239393,0.0018095171904226122,5,1734.4,71.47587005416584,31.964980838411275,5,0.1435179907728596,0.06746206778191209,0.030169953892610776,5,0.3422475832416111,0.06900913978784336,0.030861825526880632,5,0.9583171674214863,0.01909855245474566,0.008541132312131354,5
large_long,rotatable_xlink,4.8,pulse_04,5,0.004370002751528258,0.006378471985760204,0.002852539390547577,5,1734.0,71.9027120489902,32.155870381627054,5,0.14259576055722084,0.0670725335234219,0.029995748876300972,5,0.3419302892287924,0.069957413106231,0.03128590624711345,5,0.9589608903799641,0.019940614049691763,0.00891771370563963,5
large_long,rotatable_xlink,4.85,pulse_04,5,0.006090031416457697,0.0026368825996133482,0.0011792497482843614,5,1732.0,70.66823897621902,31.60379724020517,5,0.14277527059207124,0.06820804294824293,0.03050356412889927,5,0.3420764556775256,0.06990924917403137,0.03126436668182103,5,0.9582801466988178,0.01891156504790017,0.00845750900160277,5
large_long,rotatable_xlink,4.9,pulse_04,5,0.006740620932429093,0.0060736772912863375,0.002716231059342608,5,1730.8,70.26521187614821,31.423558041698588,5,0.14296229414983844,0.0684271879157255,0.03060156873774287,5,0.3428265626328656,0.06801377409336298,0.03041668445581475,5,0.9585194743575773,0.019938924250468993,0.008916958004453543,5
large_long,rotatable_xlink,4.95,pulse_04,5,0.008736110617754589,0.006516156319566906,0.0029141136965132887,5,1730.4,70.6738990009749,31.606328480226868,5,0.14182097252630727,0.06667301201508809,0.029817077426079436,5,0.34456570256533775,0.06583603117852971,0.029442768216797602,5,0.958548765197435,0.01738101062474153,0.00777302425491363,5
large_long,rotatable_xlink,5.0,pulse_04,5,0.007828672949992092,0.007591653974951299,0.0033950908699295177,5,1728.4,71.47587005416584,31.964980838411275,5,0.14235148154989605,0.06611995243697039,0.029569741663623732,5,0.3471120376313174,0.06336969899303174,0.028339790932423788,5,0.9576046144216521,0.017118279030703478,0.0076555271140924365,5
large_long,rotatable_xlink,5.05,pulse_05,5,0.0077189027584083775,0.006115713629966107,0.002735030281505242,5,1857.2,69.47805408904311,31.071530377501524,5,0.13197957932379062,0.059193394414443844,0.026472090745930557,5,0.3237488648010993,0.058752961576268685,0.026275123192793993,5,0.9534761636306583,0.015508389272015189,0.006935562526750888,5
large_long,rotatable_xlink,5.1,pulse_05,5,0.010112984034013728,0.004836303291435038,0.0021628605838909442,5,1856.4,69.84840728320152,31.237157361066,5,0.13334493444822887,0.059900059492235966,0.02678812097618423,5,0.3253902928731339,0.05699853361185715,0.025490519154783838,5,0.9542143768161342,0.015615246891829271,0.006983350707114511,5
large_long,rotatable_xlink,5.15,pulse_05,5,0.018441317213901135,0.01673856231775963,0.007485712637625393,5,1852.8,71.6184333813579,32.028737096551275,5,0.13120776503588533,0.061175661199385105,0.02735858740206428,5,0.3273228108595151,0.05807538543171186,0.02597210192896174,5,0.9544680203089886,0.0157611654748757,0.007048607481288963,5
large_long,rotatable_xlink,5.2,pulse_05,5,0.017521523330186164,0.021322725250149076,0.009535812624976908,5,1850.8,73.3430296619931,32.8,5,0.13421449991339393,0.06401132310392671,0.02862673395801659,5,0.33089997564917784,0.06333031078585342,0.028322175990671276,5,0.9555724881727004,0.01805284145577538,0.008073476136428002,5
large_long,rotatable_xlink,5.25,pulse_05,5,0.013339854028531528,0.008631635659622128,0.0038601848183852628,5,1849.6,74.27516408598503,33.21686318724271,5,0.13546172928034167,0.06561558653937977,0.029344182377114666,5,0.33359928123260973,0.06334867015536712,0.028330386550322606,5,0.9536647629570032,0.016615736258180448,0.007430783153899895,5
large_long,rotatable_xlink,5.3,pulse_05,5,0.010841979355922519,0.008630139308375568,0.003859515629764158,5,1848.0,73.71566997592845,32.96664981462326,5,0.1357626732878569,0.06582887645288521,0.029439568526217312,5,0.33247100897452864,0.06479710375081013,0.028978145746383608,5,0.9557454070520948,0.016415483955140614,0.007341227601450304,5
large_long,rotatable_xlink,5.35,pulse_05,5,0.013858969253824002,0.012934471199416068,0.005784471370981513,5,1845.2,72.97396796118463,32.63495058982011,5,0.13565777484037794,0.06263413238796932,0.028010835546244124,5,0.3326925262318048,0.06276650733066091,0.028070035420319335,5,0.9551057706731487,0.01654638911837234,0.007399770170168673,5
large_long,rotatable_xlink,5.4,pulse_05,5,0.009452529471922145,0.013746667851107574,0.006147696755837498,5,1844.0,71.83313998427188,32.12475680841802,5,0.1379336344788366,0.0609259701841077,0.027246922185358038,5,0.3332918777574183,0.06095763605524769,0.02726108359344519,5,0.9556648056578005,0.015615415666165111,0.00698342618529207,5
large_long,rotatable_xlink,5.45,pulse_05,5,0.004985971993602926,0.004635874994484583,0.002073226324571798,5,1843.2,72.23018759493846,32.30232189796889,5,0.13826281186852188,0.06101845614872259,0.027288283166126744,5,0.33440254266639585,0.058553665604492544,0.02618599532468733,5,0.9568302661351715,0.015824498896657834,0.007076931048559467,5
large_long,rotatable_xlink,5.5,pulse_05,5,0.004122991624647702,0.0012079919830833919,0.000540230438089848,5,1842.0,72.58098924649622,32.459205165869356,5,0.13702793489574527,0.060755418599296576,0.02717064919789644,5,0.33517408290937,0.05770999835215025,0.025808695859361762,5,0.955980295351216,0.015759321387009816,0.007047782780124043,5
large_long,rotatable_xlink,5.55,pulse_05,5,0.005225002775835952,0.0032035770419252692,0.0014326832073805191,5,1840.8,72.75438131136846,32.53674845463203,5,0.1385007797477579,0.061480767843838456,0.02749503524154119,5,0.3369650871260846,0.05520642979745657,0.024689065964436565,5,0.956589053792751,0.016704524776697167,0.007470490586504871,5
large_long,rotatable_xlink,5.6,pulse_05,5,0.0063656575762791445,0.007001524765532645,0.0031311770643758542,5,1840.4,72.79285679240786,32.553955212846255,5,0.13868289681710805,0.06165784332691917,0.02757422580500461,5,0.3381694517002162,0.05552946657736832,0.024833532404259628,5,0.9577932696062007,0.015662474344120325,0.007004471465859896,5
large_long,rotatable_xlink,5.65,pulse_05,5,0.0047296667789900795,0.004722561787623896,0.002111993837013991,5,1839.2,72.46516404452557,32.40740656084655,5,0.14040217350488152,0.06119731303179218,0.027368270395884214,5,0.33814035985325913,0.05528918097289932,0.024726073415138165,5,0.9570360535007552,0.015409127343585132,0.006891171242841422,5
large_long,rotatable_xlink,5.7,pulse_05,5,0.007914773118545531,0.0052127359289788795,0.002331206377190458,5,1838.0,71.386273190299,31.924911902775865,5,0.1394246307860445,0.0615249035184296,0.02751477331526491,5,0.3388425959768708,0.05488618733241037,0.024545849180211486,5,0.9580886713277073,0.015687691839632454,0.007015749072697379,5
large_long,rotatable_xlink,5.75,pulse_05,5,0.006721010172536479,0.003588194593482133,0.0016046894055046547,5,1835.2,71.49265696559333,31.972488173428104,5,0.13813354897492608,0.06208080700013729,0.027763380910070353,5,0.3385840323984679,0.05523263402452913,0.024700784851042983,5,0.9569705308192891,0.01627428019431119,0.007278079359871662,5
large_long,rotatable_xlink,5.8,pulse_05,5,0.009270360629646241,0.01072411085979026,0.004795968176146947,5,1833.6,70.95632459478155,31.73263304549435,5,0.13677047569777276,0.06417748720923916,0.028701044804996405,5,0.3377470086514525,0.05544527464018251,0.024795880625318654,5,0.9559211247059093,0.01643662564669068,0.00735068245334336,5
large_long,rotatable_xlink,5.85,pulse_05,5,0.013042043474059994,0.014996129630021015,0.006706473050425152,5,1832.0,72.75987905432498,32.53920712002675,5,0.13799654171164566,0.05934653124436246,0.026540575618241927,5,0.33886501475252045,0.04916059076029154,0.02198528455081199,5,0.955927836743526,0.015533320109482596,0.006946711936213512,5
large_long,rotatable_xlink,5.9,pulse_05,5,0.010301204082523708,0.010178938866504197,0.004552159848863608,5,1829.6,72.6966299081326,32.51092124194576,5,0.14051794468634363,0.05797286291541574,0.025926252465829247,5,0.3383787008322261,0.05017949850124124,0.022440953945124843,5,0.9558157657898807,0.015380288603453604,0.006878274166177513,5
large_long,rotatable_xlink,5.95,pulse_05,5,0.0081369453013731,0.009419776179935004,0.004212651974233592,5,1827.6,74.71813702174326,33.41496670655232,5,0.14111373676836514,0.054965736221971706,0.02458142452513024,5,0.3390457892154901,0.048038964174499245,0.021483677892571475,5,0.956099181754443,0.015220761301446572,0.0068069313878665405,5
large_long,rotatable_xlink,6.0,pulse_05,5,0.008127273623955133,0.008848592545716972,0.003957210887484213,5,1824.4,72.25510362597234,32.313464685793136,5,0.14178547316684176,0.05396351474619501,0.024133217455460872,5,0.3400028993512537,0.046917944972150294,0.020982342864464505,5,0.9560902074472508,0.013283755948164375,0.005940676259322542,5
large_long,rotatable_xlink,6.05,pulse_06,5,0.014739182346503968,0.009209614451714677,0.004118664792119695,5,1952.0,67.86751800382861,30.35127674415032,5,0.1334890325051904,0.04799038266719582,0.0214619515820155,5,0.32105773990913267,0.038553040579888405,0.017241443895187676,5,0.954008069084815,0.012615004437661049,0.005641601491814322,5
large_long,rotatable_xlink,6.1,pulse_06,5,0.008616556348436225,0.0070473649026885354,0.003151677396931551,5,1948.8,67.86162391219355,30.348640826237997,5,0.13295784637809166,0.046103900005354324,0.020618290887965036,5,0.3244569897549146,0.037447226164091865,0.01674690865434362,5,0.9550276993369016,0.012088701100848944,0.005406231484234956,5
large_long,rotatable_xlink,6.15,pulse_06,5,0.01052892596273285,0.008771220978686631,0.003922609270803108,5,1944.8,70.1512651347073,31.37259950976329,5,0.13143437577921063,0.0452413859884917,0.020232562893314793,5,0.3254384394463331,0.03802918991170927,0.017007170754366228,5,0.9554837229964825,0.01091956272268544,0.004883376906499466,5
large_long,rotatable_xlink,6.2,pulse_06,5,0.013233938221091285,0.01009998729052815,0.004516851630700972,5,1941.2,71.1702184906018,31.828289303699616,5,0.1315241879687297,0.04168020540535656,0.018639954520506288,5,0.3244704495475591,0.03448834470462201,0.015423656638195943,5,0.955377806423631,0.011261675742243384,0.005036374500043321,5
large_long,rotatable_xlink,6.25,pulse_06,5,0.0120570104344001,0.010581139225276308,0.004732029317421457,5,1940.0,70.3420215802759,31.457908385650814,5,0.13017640891132803,0.04100553489364921,0.018338232695187848,5,0.32754623328561455,0.032942219449464884,0.014732208403743835,5,0.9543232967423144,0.010563273896522181,0.004724039699514535,5
large_long,rotatable_xlink,6.3,pulse_06,5,0.010979433563325728,0.010592735411629535,0.004737215289614571,5,1936.8,70.26521187614821,31.423558041698588,5,0.1295219980362306,0.04165792089978472,0.018629988586645566,5,0.32755316587981886,0.03137798129257186,0.01403265983338148,5,0.9555215260242746,0.010470944031093735,0.004682748528424252,5
large_long,rotatable_xlink,6.35,pulse_06,5,0.011202122944790298,0.009418963977491694,0.004212288746258645,5,1934.4,69.90565070149908,31.26275739598156,5,0.12953542260991752,0.041750088056543,0.018671206992206445,5,0.3295157011924601,0.030982271027697423,0.013855692823050741,5,0.9558621129739933,0.010352937155955162,0.004629974249499816,5
large_long,rotatable_xlink,6.4,pulse_06,5,0.008442020056430386,0.005602268601975135,0.002505410684445823,5,1930.4,72.22741861647833,32.30108357315587,5,0.12773546282847578,0.03890415647930133,0.017398467699001333,5,0.3306386057031029,0.028566976338104275,0.012775540200725834,5,0.9567440231712061,0.009246754840014196,0.004135274478709387,5
large_long,rotatable_xlink,6.45,pulse_06,5,0.005918522636710088,0.006779189198841648,0.0030317455761884526,5,1927.6,72.68287281058723,32.50476888088885,5,0.12788270083566547,0.03780803498211846,0.016908267263141385,5,0.3307131898471673,0.027346650393293363,0.012229793847265063,5,0.9564097123256948,0.009575337337655134,0.004282221038897747,5
large_long,rotatable_xlink,6.5,pulse_06,5,0.00548092762591564,0.003333061683923564,0.0014905904996906014,5,1926.0,72.52585745787498,32.434549480453704,5,0.1284240766513626,0.03628008373116401,0.016224946690453386,5,0.33287099305410106,0.025989525330012017,0.011622869068171905,5,0.9572628719144994,0.00934390609452566,0.00417872184054679,5
large_long,rotatable_xlink,6.55,pulse_06,5,0.006376617178674297,0.0032547603008071845,0.0014555730566145056,5,1924.4,72.48999931024969,32.41851322932623,5,0.1260281683247509,0.03730677065284259,0.016684095040150046,5,0.3319179873697907,0.026354297717468663,0.011786000239105495,5,0.9566194949214746,0.00903072142400042,0.0040386613979857275,5
large_long,rotatable_xlink,6.6,pulse_06,5,0.008245691686063223,0.007661798483465959,0.0034264604477869365,5,1924.0,72.86974680894672,32.58834147360064,5,0.1263017050098418,0.03850709594783874,0.017220896831094824,5,0.3309177403860458,0.026408658882758788,0.01181031129129046,5,0.9568999329883621,0.009500058747120796,0.004248555429760717,5
large_long,rotatable_xlink,6.65,pulse_06,5,0.01075825608700661,0.006407273573364547,0.0028654198520962223,5,1922.0,73.33484846919642,32.796341259353916,5,0.12603475179527085,0.03745226996983917,0.016749164312846877,5,0.3319501684025268,0.026552043061295653,0.01187443464531174,5,0.9567635907309965,0.009530762788261626,0.004262286694395686,5
large_long,rotatable_xlink,6.7,pulse_06,5,0.008440015369587339,0.00483834902800461,0.0021637754650976684,5,1917.6,74.32899837882924,33.24093861490677,5,0.12476808825517002,0.0366502930164194,0.016390509315999918,5,0.3325949773121077,0.02626041445199047,0.011744014366393715,5,0.9570672905792476,0.007472218669575616,0.0033416777775828236,5
large_long,rotatable_xlink,6.75,pulse_06,5,0.011878728645407548,0.009859190470114318,0.0044091640188587446,5,1916.8,74.98799903984637,33.53565266995709,5,0.12597152558854202,0.04150896470455849,0.01856337335100645,5,0.3335828017394801,0.02747343578736527,0.01228649399920484,5,0.9573527066083398,0.00967600385644757,0.004327240474713377,5
large_long,rotatable_xlink,6.8,pulse_06,5,0.011597156088360778,0.012505525538088319,0.005592641039505023,5,1916.8,74.98799903984637,33.53565266995709,5,0.12660089472334068,0.040919394473697815,0.018299709528263507,5,0.33465510520566105,0.028561685828527073,0.012773174212915787,5,0.9573316581679627,0.009999898020502666,0.004472090348381909,5
large_long,rotatable_xlink,6.85,pulse_06,5,0.011668104122709888,0.0135850596966271,0.0060754233920101725,5,1915.6,74.66458330426816,33.39101675600789,5,0.12671039098814935,0.04018624043329916,0.017971833073801503,5,0.33489314806305137,0.027575063529591864,0.012331943307208538,5,0.9579536617392369,0.00961594117218775,0.004300379625730163,5
large_long,rotatable_xlink,6.9,pulse_06,5,0.012128739078554083,0.011170857992340164,0.004995759567573886,5,1914.0,73.95944834840239,33.075670817082454,5,0.13201975830811666,0.04107852055860334,0.018370872876831937,5,0.3374832626666289,0.026197561674325222,0.01171590574970688,5,0.9578993532826047,0.008628134652826807,0.0038586191205484577,5
large_long,rotatable_xlink,6.95,pulse_06,5,0.004472459098495533,0.00406499985182826,0.0018179231994429124,5,1912.0,73.81056834898374,33.00908965724441,5,0.1364719696814183,0.04132754825121945,0.018482241446625847,5,0.33841789572421754,0.02620714655799951,0.011720192239997306,5,0.9591791578424876,0.00959194214916141,0.0042896469363540675,5
large_long,rotatable_xlink,7.0,pulse_06,5,0.002708599223307247,0.0014449483571580767,0.0006462005501164208,5,1910.0,73.81056834898374,33.00908965724441,5,0.13741933307340198,0.040578600183249984,0.018147301688306475,5,0.3360593877967493,0.027657791824759227,0.012368940525539916,5,0.9581817754390519,0.007631247862276505,0.0034127977946400434,5
large_long,rotatable_xlink,7.05,pulse_07,5,0.0059124778728205495,0.005425038374465226,0.002426150917169841,5,2032.0,85.63877626402656,38.298825047251775,5,0.1256543820050068,0.03758591601817951,0.01680893264264952,5,0.3134955594278123,0.0245264249576691,0.0109685506900791,5,0.9558998921063837,0.006802684335657902,0.0030422529208008133,5
large_long,rotatable_xlink,7.1,pulse_07,5,0.005909333133877729,0.0026729691506426336,0.0011953881445193608,5,2030.4,87.10223877719793,38.953305379646544,5,0.12455215199554974,0.03807607432292822,0.017028138100480355,5,0.31345687797504385,0.024907463678759716,0.011138956386562742,5,0.9563760008226371,0.007538431759485312,0.0033712891715905005,5
large_long,rotatable_xlink,7.15,pulse_07,5,0.004498475255017394,0.004785825850356184,0.002140286385974433,5,2028.4,87.37734260092832,39.076335549792795,5,0.12286319688023668,0.037455887381361984,0.016750782068460396,5,0.3124533957514382,0.023285990199665627,0.010413811401969248,5,0.9562215233907476,0.007540129554446381,0.0033720484485794617,5
large_long,rotatable_xlink,7.2,pulse_07,5,0.009447414242080577,0.007825273286580652,0.003499568602261506,5,2027.6,87.25136102090327,39.019994874423034,5,0.12370991151018011,0.037019533769897826,0.01655563880096812,5,0.31490197361553063,0.02292837170236775,0.010253879547975372,5,0.955192237092926,0.006604198229295612,0.0029534872355177462,5
large_long,rotatable_xlink,7.25,pulse_07,5,0.012414169776153299,0.011865549441657833,0.005306435028386318,5,2026.8,87.85897791347223,39.29172940963531,5,0.12576344550102472,0.03706168348906534,0.01657448872842634,5,0.31509494478113415,0.022431822938839923,0.010031816190097034,5,0.9550546260114909,0.008114445748228926,0.0036288904585548044,5
large_long,rotatable_xlink,7.3,pulse_07,5,0.012150272837672707,0.010881190181582618,0.004866216184424402,5,2024.4,89.35770811743103,39.96198193283211,5,0.1265967364536989,0.03513241721874118,0.015711694622997874,5,0.31284866664255695,0.02191678276343548,0.009801483221427485,5,0.9549765547006219,0.00702118267706676,0.0031399683496730457,5
large_long,rotatable_xlink,7.35,pulse_07,5,0.012115263764460475,0.013270653840100751,0.00593481681846678,5,2021.6,89.61473093191766,40.07692602982419,5,0.12435012913504151,0.034069001954632146,0.015236120859226135,5,0.31194246453716845,0.02143297060349988,0.009585115845836085,5,0.9548010038986774,0.007820994900108335,0.0034976552496642824,5
large_long,rotatable_xlink,7.4,pulse_07,5,0.010816732275784805,0.015065313965146382,0.006737413225688841,5,2020.0,90.0222194794152,40.25916044827562,5,0.1252688750666873,0.033033793176559724,0.01477316141949125,5,0.3132764819435807,0.02072710786747595,0.009269444433729386,5,0.9554344699304977,0.007182105344155465,0.003211935154219228,5
large_long,rotatable_xlink,7.45,pulse_07,5,0.007328087880715846,0.008064631889292472,0.0036066130235941052,5,2018.4,89.87101868789516,40.191541398657506,5,0.12521476725476408,0.03392352517811964,0.015171061666940235,5,0.31650350957618867,0.018656571284433838,0.008343472323812925,5,0.9564762662021387,0.00723100573978328,0.003233804075969314,5
large_long,rotatable_xlink,7.5,pulse_07,5,0.0059750108323656905,0.006657598983705041,0.002977368778899597,5,2016.4,91.99347802969513,41.14073407220634,5,0.12495145147126603,0.03395831666066233,0.015186620890940927,5,0.3177961158724409,0.018524856032185975,0.008284567472272974,5,0.9553274227983298,0.007656910366277031,0.0034242744153236506,5
large_long,rotatable_xlink,7.55,pulse_07,5,0.01035238215918741,0.010030269786030941,0.004485673014845491,5,2015.6,92.49216183007077,41.363752247589915,5,0.12405297843852192,0.03597637681921341,0.01608912483038177,5,0.32061269868450654,0.01868459932038615,0.008356006842545961,5,0.9557645787907667,0.008579203116804459,0.0038367362723905674,5
large_long,rotatable_xlink,7.6,pulse_07,5,0.010335250474452228,0.013240287407669398,0.0059212365370366485,5,2014.4,93.16007728635695,41.662453120285655,5,0.12498039578625127,0.036563838595980815,0.016351845723788713,5,0.32320300831371773,0.018156544415834242,0.008119853510059914,5,0.9552474199456927,0.008524184132597873,0.0038121310346427846,5
large_long,rotatable_xlink,7.65,pulse_07,5,0.005758660906172565,0.006166025595076934,0.0027575304763191233,5,2011.2,94.19766451457276,42.12647623526088,5,0.12336105622187465,0.035471420794489686,0.015863301630995707,5,0.32376516168840414,0.02070838514520283,0.009261071377784076,5,0.9550112864226705,0.008140644310749923,0.0036406068118967497,5
large_long,rotatable_xlink,7.7,pulse_07,5,0.006679871615752784,0.003919171675781243,0.0017527068565077251,5,2008.8,93.61196504720965,41.864543470579015,5,0.12413077408823173,0.03415503590093275,0.015274596409686281,5,0.3241118583071604,0.021547409070352522,0.009636294284060758,5,0.956010532867832,0.007888926604341106,0.00352803523136266,5
large_long,rotatable_xlink,7.75,pulse_07,5,0.005270198140576721,0.008090336032448756,0.0036181082658742723,5,2007.6,93.49224566775578,41.811003336442425,5,0.12363428226991129,0.03462775297866124,0.015486001913671471,5,0.3263672397384777,0.0225507004933443,0.01008497984867118,5,0.9556010119154511,0.007907603783624829,0.003536387919863931,5
large_long,rotatable_xlink,7.8,pulse_07,5,0.006040783550891534,0.00617812376790175,0.002762940943687089,5,2006.0,93.11283477587824,41.641325627314025,5,0.12294992540601331,0.03764430955237999,0.016835047025033266,5,0.32617768430335226,0.02273737521728644,0.010168463323154306,5,0.9564641049228969,0.007702730558168975,0.003444765828086145,5
large_long,rotatable_xlink,7.85,pulse_07,5,0.004256630497459805,0.0008693388008986398,0.00038878013085750276,5,2004.8,92.62397097943924,41.42269909119878,5,0.12191222942127673,0.03975362778517577,0.017778362815975484,5,0.3255347161944318,0.021864469273253338,0.009778087917389978,5,0.9553310057753428,0.00834835658065359,0.0037334985629498265,5
large_long,rotatable_xlink,7.9,pulse_07,5,0.005882271691730641,0.003513982493263723,0.0015715007453363761,5,2003.2,92.28867752871963,41.27275130155488,5,0.12173389370129035,0.03771396833793464,0.016866199380979323,5,0.3245746435931677,0.022519508224261568,0.010071030241862889,5,0.9554125976488026,0.008592921574203187,0.0038428713530485655,5
large_long,rotatable_xlink,7.95,pulse_07,5,0.00893201315239159,0.006172869548642862,0.002760591185400777,5,2000.8,94.97999789429352,42.476346358885436,5,0.12085293486756828,0.03655808230227229,0.01634927143098257,5,0.3259314186763453,0.02086260852084769,0.009330042168116354,5,0.9566604374781471,0.008286258273393991,0.0037057273556858,5
large_long,rotatable_xlink,8.0,pulse_07,5,0.009479583107968903,0.011685552021408934,0.00522593773489609,5,1996.8,94.97999789429352,42.476346358885436,5,0.12362638558221839,0.037850813699048365,0.01692739848695048,5,0.32721951286351675,0.021893223358027205,0.009790947135027008,5,0.9561882056236121,0.00675600709462365,0.003021378224009867,5
small_long,nomotor_xlink,0.0,initial,5,0.14207236912356652,0.11411639806619209,0.05103440468468621,5,22.0,5.830951894845301,2.6076809620810595,5,0.32857142857142857,0.26747326990444986,0.11961768273409971,5,0.47683982683982673,0.29072632310107877,0.13001676426051592,5,0.519564935044394,0.07491685180515098,0.03350383465931908,5
small_long,nomotor_xlink,0.05,initial,5,0.12271845531758693,0.12252360316154041,0.0547942211034825,5,30.0,5.830951894845301,2.6076809620810595,5,0.2679186602870813,0.2087846686551325,0.09337134235452918,5,0.49743905217589424,0.2946874974985892,0.13178825530522892,5,0.582066611924178,0.04048396033375528,0.018104977460936374,5
small_long,nomotor_xlink,0.1,initial,5,0.11660102496700217,0.11556714675162008,0.0516831992204633,5,39.2,5.019960159204454,2.2449944320643653,5,0.22149122807017546,0.1902285002005941,0.08507277154127214,5,0.45906432748538,0.24320912573617154,0.10876642757887463,5,0.6264911117841144,0.026441945784951723,0.011825197646503216,5
small_long,nomotor_xlink,0.15000000000000002,initial,5,0.1347729440188791,0.08184541368664247,0.03660238172998485,5,49.2,5.761944116355173,2.576819745345025,5,0.1839490968801314,0.16598850315624172,0.07423231530815898,5,0.4676683087027915,0.21974194638709096,0.09827158592592994,5,0.6617512093690393,0.017850707930149166,0.00798307927566162,5
small_long,nomotor_xlink,0.2,initial,5,0.14492917208554162,0.06266798329249539,0.02802597413096815,5,56.0,8.0,3.5777087639996634,5,0.15805291005291006,0.1395740640203714,0.062419419009091606,5,0.3945673585673585,0.19371683976874843,0.08663280442187123,5,0.6918793415298063,0.0270765206871271,0.012108988170119102,5
small_long,nomotor_xlink,0.25,initial,5,0.09773776207992527,0.04915963396259056,0.021984856657871966,5,64.8,5.019960159204453,2.244994432064365,5,0.13052287581699346,0.13210733283113715,0.05908019530732248,5,0.3595572422517394,0.19377785465548236,0.08666009110874652,5,0.7178629937528072,0.0162851608073097,0.007282945317931969,5
small_long,nomotor_xlink,0.30000000000000004,initial,5,0.05399181659553296,0.036003983943590646,0.01610147111173593,5,69.6,7.127411872482185,3.1874754901018454,5,0.12648745519713261,0.12918564161055177,0.05777357527162383,5,0.35787250384024577,0.18213397489040828,0.08145278977343855,5,0.7253298380098525,0.027992637355486023,0.012518687999273338,5
small_long,nomotor_xlink,0.35000000000000003,initial,5,0.046341313356346114,0.026839476943983205,0.012002978985456951,5,76.8,8.555699854482974,3.8262252939417976,5,0.11362745098039218,0.11545777533552552,0.05163428683622673,5,0.3168380144850733,0.15805156918146104,0.07068281052805153,5,0.7367220474343004,0.016707446687791734,0.007471797304871204,5
small_long,nomotor_xlink,0.4,initial,5,0.03522460281709999,0.017006244658578445,0.007605423819714821,5,84.0,11.224972160321824,5.019960159204453,5,0.10061357876483927,0.10408112922521782,0.04654649602450541,5,0.29878951580632246,0.16337846935442554,0.07306507270727233,5,0.7468995809342645,0.0380953074479136,0.017036739415457764,5
small_long,nomotor_xlink,0.45,initial,5,0.03653317009327876,0.014752239182710288,0.006597401926575229,5,88.0,11.40175425099138,5.0990195135927845,5,0.09816666666666667,0.09854567468945553,0.04407096549884061,5,0.29679660391288304,0.16157028521721717,0.07225642817794539,5,0.7500920288991437,0.02142105008354872,0.009579784827248498,5
small_long,nomotor_xlink,0.5,initial,5,0.05917744348376186,0.03357991733210809,0.015017395566683415,5,94.4,9.633275663033837,4.308131845707603,5,0.09415915468810628,0.09741865146577831,0.04356694539076796,5,0.2704172092147984,0.15362221142756802,0.06870194152117741,5,0.7725808980127653,0.015336973547101299,0.006858903084086915,5
small_long,nomotor_xlink,0.55,initial,5,0.05968011941324797,0.028554516200632277,0.012769967857846558,5,102.0,13.784048752090222,6.164414002968976,5,0.09082104336341625,0.09484142546773464,0.04241437488576688,5,0.24646883416032894,0.14451733951015527,0.06463011901442467,5,0.7857100952797691,0.010972598269288581,0.004907095123985162,5
small_long,nomotor_xlink,0.6000000000000001,initial,5,0.04673111668677823,0.02276732408030813,0.010181856861867372,5,106.8,15.401298646542765,6.887670143089025,5,0.09216374269005849,0.0945648572461465,0.04229068981698942,5,0.23466163065901074,0.13325062204677168,0.05959148978814273,5,0.7799952124268835,0.021197500293682708,0.009479810321949257,5
small_long,nomotor_xlink,0.65,initial,5,0.02900878377895345,0.02251060847235037,0.010067050151811623,5,112.4,16.087262041752165,7.19444229944198,5,0.08646317592366037,0.08885761114011632,0.03973833176550853,5,0.23056129106891105,0.1275525192784176,0.05704322076157883,5,0.7645701383696901,0.033761240360021746,0.01509848568994362,5
small_long,nomotor_xlink,0.7000000000000001,initial,5,0.029983085097254232,0.02237823355978894,0.010007850291211033,5,113.6,15.899685531481431,7.11055553385247,5,0.07856897212423727,0.08148579448414438,0.03644155513342485,5,0.21828570670089484,0.13022912073758702,0.058240233323854425,5,0.7835499736923521,0.021356182230033098,0.00955077504124541,5
small_long,nomotor_xlink,0.75,initial,5,0.041606666989132055,0.024420740314396113,0.010921287080771858,5,117.2,17.469974241537965,7.812809993849844,5,0.07713694173321502,0.07941792691645677,0.03551677664346152,5,0.20627593159751045,0.12268398782956158,0.05486594730753131,5,0.7849293445011829,0.0166003999535235,0.007423924549952579,5
small_long,nomotor_xlink,0.8,initial,5,0.020154133311518087,0.016316103638876037,0.0072967833728916996,5,120.8,20.27806696901852,9.068627239003707,5,0.0699108138238573,0.07292683276393763,0.032613871088784684,5,0.1967642140468228,0.11885261581594705,0.053152505653624844,5,0.7866665346323105,0.022547699801419106,0.010083637898446325,5
small_long,nomotor_xlink,0.8500000000000001,initial,5,0.018258084656872824,0.018433178150421073,0.008243567877141072,5,121.6,20.11964214393487,8.997777503361593,5,0.07478806907378337,0.08248988381319994,0.03689059753247492,5,0.20340417103296166,0.12112840096387847,0.05417026771221666,5,0.7864852660252588,0.022756562332957687,0.010177044062140917,5
small_long,nomotor_xlink,0.9,initial,5,0.018950733743013173,0.014596892188443464,0.006527928638719051,5,125.2,18.686893802876924,8.35703296631047,5,0.07342299491553222,0.07805101883799659,0.034905476766975405,5,0.19615661914577442,0.11901725858993277,0.053226136140552084,5,0.7871279517243417,0.02136071318260841,0.009552801344837656,5
small_long,nomotor_xlink,0.9500000000000001,initial,5,0.03028778948077134,0.015829819450298745,0.007079310472483269,5,128.4,20.707486568871655,9.26066952223218,5,0.06811793839962854,0.08117303716977212,0.03630168581034551,5,0.19485700682883778,0.13197479215135752,0.059020921313368224,5,0.7955288326437652,0.021131564201904738,0.009450322805272016,5
small_long,nomotor_xlink,1.0,initial,5,0.02998211278243696,0.03376784601387104,0.01510143982815219,5,131.2,20.717142660125695,9.264987857520374,5,0.060559689373136084,0.07554528981277196,0.03378488068025609,5,0.18858283764153938,0.12851935453340285,0.057475602632216904,5,0.7906938543155368,0.036878232661903466,0.016492447024413832,5
small_long,nomotor_xlink,1.05,pulse_01,5,0.019407426826923372,0.019796022194881926,0.008853050262370115,5,141.6,19.81918262693999,8.863407922464134,5,0.05618006075046015,0.0714062463815924,0.0319338441854678,5,0.1695974778293799,0.11770117794746199,0.05263756698446483,5,0.7938276532014797,0.02796548466773819,0.012506544948158142,5
small_long,nomotor_xlink,1.1,pulse_01,5,0.012150417177763478,0.016003934626778023,0.007157177146587677,5,144.0,20.149441679609886,9.01110426085505,5,0.05476793248945148,0.06884907239285627,0.030790241211646144,5,0.16857628964203075,0.11802627681311591,0.052782955617066876,5,0.7847105068808455,0.028307726299921336,0.012659600059016542,5
small_long,nomotor_xlink,1.15,pulse_01,5,0.008101956686365064,0.009222694424933127,0.00412451433397176,5,146.0,19.339079605813716,8.64869932417586,5,0.05737225046690184,0.06526063363947557,0.02918544261451537,5,0.1763640018676074,0.10633740636396531,0.047555533836169034,5,0.7948193256738397,0.020419147361146653,0.009131720308421873,5
small_long,nomotor_xlink,1.2,pulse_01,5,0.010346725515318558,0.006011995488238659,0.0026886461184247356,5,147.2,19.62651268055535,8.777243302996675,5,0.06100142607998347,0.06529656156179535,0.029201510069834846,5,0.1758113128299232,0.0993176806498171,0.0444162170601213,5,0.8041210463731749,0.026351019239795857,0.011784534059317673,5
small_long,nomotor_xlink,1.25,pulse_01,5,0.015238675983622035,0.011901537415281554,0.00532252933946534,5,147.6,20.11964214393487,8.997777503361593,5,0.05591360924022215,0.06229259945778463,0.02785809737655459,5,0.1807875859848604,0.10427108682271115,0.04663144764467293,5,0.7973401712764007,0.025539209633419553,0.01142148176638872,5
small_long,nomotor_xlink,1.3,pulse_01,5,0.013593020502850939,0.008799416374600867,0.003935218635186458,5,150.4,20.06987792688336,8.975522268926749,5,0.05484689980777363,0.06204717303836307,0.027748339345094394,5,0.18156141175196694,0.1023680303634071,0.04578037492306815,5,0.7955944249370017,0.023463128842559182,0.010493030211359658,5
small_long,nomotor_xlink,1.35,pulse_01,5,0.013112206913266339,0.007447454265295814,0.0033306027993044384,5,151.6,20.268201696253172,9.064215354899726,5,0.05891411290884513,0.07092270991028805,0.031717600101580416,5,0.18039787059102247,0.09661693048800243,0.043208404869709074,5,0.7979604013426155,0.03859043781486896,0.017258168447105086,5
small_long,nomotor_xlink,1.4,pulse_01,5,0.009416924997990931,0.005096012914482617,0.0022790062581999906,5,152.4,19.76866206904251,8.840814442120138,5,0.05359231041814316,0.07312100597394683,0.03270070798818266,5,0.17788953035175853,0.0961208465905401,0.042986549406255306,5,0.798092474770354,0.04402029563007869,0.019686474683698576,5
small_long,nomotor_xlink,1.45,pulse_01,5,0.007740138990764726,0.006475911476549463,0.002896115655567127,5,152.4,19.76866206904251,8.840814442120138,5,0.05657738504500883,0.07064907821211105,0.031595228285995924,5,0.1823818329486171,0.10644094673787952,0.047601838499066615,5,0.8004014564685171,0.040618779250235215,0.018165270313316776,5
small_long,nomotor_xlink,1.5,pulse_01,5,0.005279977681535601,0.004453028203067157,0.00199145475355638,5,154.0,20.54263858417414,9.186947262284681,5,0.055821334211568575,0.06891925804909196,0.03082162919132383,5,0.1895874621833223,0.09152855505194138,0.04093281419569454,5,0.8046005505443119,0.031330136507519285,0.014011262995032194,5
small_long,nomotor_xlink,1.55,pulse_01,5,0.003933883172601075,0.002944544609532084,0.001316840381938863,5,155.2,20.571825392998065,9.2,5,0.05562597401620838,0.06900589357112578,0.030860373774630592,5,0.18541126590932305,0.09406067690620272,0.04206521351438278,5,0.8121302913595174,0.03936566003688198,0.017604858364322996,5
small_long,nomotor_xlink,1.6,pulse_01,5,0.004519102239146289,0.0037966194395207013,0.0016978998302930879,5,157.2,20.42547429069886,9.134549797335389,5,0.05262856838800649,0.06336863246851426,0.028339313968159637,5,0.18289953973448264,0.0978480171888971,0.043758963579588354,5,0.8026806380698661,0.03251564185599671,0.014541437104409213,5
small_long,nomotor_xlink,1.65,pulse_01,5,0.009153492358436965,0.007014965579833624,0.003137187979265842,5,158.4,20.659138413786767,9.239047569960878,5,0.051999906858367126,0.0626736277063084,0.02802849838956396,5,0.18847458093721128,0.09391670917259025,0.04200082918659796,5,0.7967172787196831,0.026206251562673175,0.011719791985919461,5
small_long,nomotor_xlink,1.7000000000000002,pulse_01,5,0.015024883105343667,0.00828431791113098,0.0037048595993015867,5,160.0,21.307275752662516,9.528903399657276,5,0.05352965082361577,0.062414141029524674,0.027912452419855176,5,0.18840814913265957,0.08500682417240711,0.03801620748017492,5,0.7935282499210781,0.019948740959564247,0.008921348170224008,5
small_long,nomotor_xlink,1.75,pulse_01,5,0.013498706597818075,0.006980592151955211,0.0031218157149946785,5,161.2,21.66102490649969,9.687104830649867,5,0.050576614396839116,0.06299121224129504,0.02817052651133052,5,0.19601868059237526,0.08127490539024086,0.03634724266348852,5,0.7992330091226891,0.03225418153719371,0.01442450849515676,5
small_long,nomotor_xlink,1.8,pulse_01,5,0.0037798577732286744,0.0026639008394897554,0.0011913326724835697,5,164.0,21.540659228538015,9.633275663033835,5,0.051924006282469494,0.06217326402727525,0.027804728949605957,5,0.19277248071200664,0.07844312488681981,0.03508083192288692,5,0.8084404511346831,0.032966733131150706,0.014743171255469494,5
small_long,nomotor_xlink,1.85,pulse_01,5,0.01357526242837356,0.005684365422776203,0.002542125498855384,5,164.4,21.881499034572563,9.785703858180055,5,0.04966934221818365,0.06164037108928444,0.027566411982790553,5,0.1933333579087998,0.07482114143562141,0.033461031680835134,5,0.7968925926858021,0.04108772155586574,0.018374987687899844,5
small_long,nomotor_xlink,1.9,pulse_01,5,0.008703242786125227,0.008743149668237037,0.0039100553991265495,5,164.4,21.881499034572563,9.785703858180055,5,0.04689903749345576,0.06243347033674928,0.027921096748837613,5,0.18840891563400367,0.07728649684572851,0.034563572137974403,5,0.8063229824771518,0.0395443701626437,0.017684779962217144,5
small_long,nomotor_xlink,1.9500000000000002,pulse_01,5,0.005364323845213178,0.0035078753880343964,0.0015687695648486724,5,165.6,22.952124084711638,10.264501936285072,5,0.04910957836489751,0.060988317602189514,0.027274804798368545,5,0.18881817124185302,0.07283347535782304,0.03257212038752963,5,0.8084527091383178,0.03021796396453082,0.013513884313265992,5
small_long,nomotor_xlink,2.0,pulse_01,5,0.010609628553544888,0.00760865053968541,0.0034026919647554073,5,166.8,22.2530896731218,9.951884243699784,5,0.04887597734213628,0.060992285169823975,0.02727657914855574,5,0.19064529264645397,0.07403235127225496,0.03310827399578103,5,0.8124169938692534,0.028702520944669983,0.012836157591578712,5
small_long,nomotor_xlink,2.05,pulse_02,5,0.004964700180959092,0.0038325191302976615,0.001713954660082789,5,170.8,22.47665455533808,10.05186549850325,5,0.04548472578742375,0.059036275447201914,0.026401825007669053,5,0.1854005257477993,0.06950988213079504,0.031085764310491124,5,0.8082285545981964,0.03478952734530532,0.015558349609838098,5
small_long,nomotor_xlink,2.1,pulse_02,5,0.007084286165184246,0.005393507400328742,0.0024120498368566477,5,172.0,21.6794833886788,9.695359714832659,5,0.045362866761182966,0.05905562489983278,0.02641047834595106,5,0.18467591215040152,0.07506853671652117,0.033571670213916036,5,0.8112437740999731,0.03161944930127076,0.014140647609749929,5
small_long,nomotor_xlink,2.15,pulse_02,5,0.011728940343445413,0.009175752579972548,0.0041035213027075385,5,172.0,21.354156504062622,9.549869109050658,5,0.04105263157894736,0.05649013837894205,0.025263157894736838,5,0.1827650791890157,0.07319875703474751,0.03273547931963727,5,0.8133787023725457,0.034051699753749116,0.015228383079759175,5
small_long,nomotor_xlink,2.2,pulse_02,5,0.012834450751483572,0.004737580560213069,0.0021187104363035916,5,172.0,21.354156504062622,9.549869109050658,5,0.04105263157894736,0.05649013837894205,0.025263157894736838,5,0.1827650791890157,0.07319875703474751,0.03273547931963727,5,0.811148900198156,0.026534032974991767,0.011866380289860513,5
small_long,nomotor_xlink,2.25,pulse_02,5,0.010705029103316773,0.004013233946110824,0.001794772782622706,5,172.0,21.354156504062622,9.549869109050658,5,0.043684210526315784,0.05593575658079479,0.025015230817507672,5,0.1904678362573099,0.07603002670102565,0.034001661606923486,5,0.8098580236948212,0.03154554202276582,0.014107595269996118,5
small_long,nomotor_xlink,2.3,pulse_02,5,0.0049464069710631,0.003620187326526581,0.0016189969906793323,5,172.0,21.354156504062622,9.549869109050658,5,0.047894736842105254,0.060365920197820555,0.02699646021733086,5,0.19321637426900581,0.06863794532712834,0.030695822317474603,5,0.8164845427780275,0.03343579179892965,0.014952940668787336,5
small_long,nomotor_xlink,2.35,pulse_02,5,0.010335880344846397,0.009501180094241704,0.004249056911438461,5,172.0,21.354156504062622,9.549869109050658,5,0.047894736842105254,0.060365920197820555,0.02699646021733086,5,0.19507102846684676,0.06694656306892349,0.029939413176417972,5,0.8171533843479576,0.02974108781380783,0.013300618815292983,5
small_long,nomotor_xlink,2.4,pulse_02,5,0.012068640023494927,0.01114675536376965,0.0049849805443898665,5,170.8,20.12958022413781,9.00222194794152,5,0.04200592421341618,0.05679473483574737,0.025399377571361292,5,0.19502515193612394,0.06211769635988882,0.027779878333280526,5,0.8116118150246392,0.017139930991165946,0.00766521016518048,5
small_long,nomotor_xlink,2.45,pulse_02,5,0.007009693144627664,0.004680370190209015,0.0020931251810341954,5,170.8,20.12958022413781,9.00222194794152,5,0.0423033389926429,0.057425436907794884,0.025681436112690935,5,0.1913189062257602,0.06123389056219873,0.027384628364771835,5,0.8181576729880531,0.02526628684649344,0.011299426985553624,5
small_long,nomotor_xlink,2.5,pulse_02,5,0.009375447203334764,0.005109585984226139,0.0022850763195219627,5,170.8,20.12958022413781,9.00222194794152,5,0.04200592421341618,0.05679473483574737,0.025399377571361292,5,0.19287461430171532,0.06096098262960561,0.027262580226996402,5,0.8192976514453761,0.026354955630699856,0.011786294466847144,5
small_long,nomotor_xlink,2.55,pulse_02,5,0.009228140572997626,0.006657478097829959,0.0029773147170927567,5,170.8,20.12958022413781,9.00222194794152,5,0.044133583787884255,0.0613226531946272,0.02742432422076621,5,0.19770841407585976,0.06357245591929388,0.028430466586429996,5,0.8125307201403518,0.021476711413085377,0.009604677330560894,5
small_long,nomotor_xlink,2.6,pulse_02,5,0.008419973855812096,0.00473846262084624,0.0021191049058108006,5,171.6,19.819182626939995,8.863407922464136,5,0.04413358378788427,0.061322653194627215,0.027424324220766218,5,0.19641847148156935,0.06409104807464545,0.02866238804882285,5,0.8186375765970721,0.01774352778920652,0.007935146859464467,5
small_long,nomotor_xlink,2.65,pulse_02,5,0.008081504656356457,0.006525084099083536,0.0029181063208907516,5,172.0,20.248456731316587,9.055385138137416,5,0.04171477079796264,0.05617807786561296,0.025123600190557375,5,0.1984677435980307,0.06216280957263226,0.027800053575356077,5,0.8272428654283969,0.014708039008862226,0.006577635007906914,5
small_long,nomotor_xlink,2.7,pulse_02,5,0.009532132750532973,0.006694467363584865,0.0029938568196259114,5,172.8,20.12958022413781,9.00222194794152,5,0.04380297654247979,0.05993381612365992,0.026803217400695304,5,0.20169335098860977,0.05942822346124838,0.02657710948827984,5,0.8282949475224374,0.020355250626342303,0.009103144819909311,5
small_long,nomotor_xlink,2.75,pulse_02,5,0.008385541064237206,0.005044060822559185,0.0022557725763771683,5,172.4,19.667231630303235,8.795453370918409,5,0.04200592421341618,0.05679473483574737,0.025399377571361292,5,0.19665677789320457,0.059535593080220786,0.02662512664162795,5,0.83238582898386,0.019228181756146486,0.008599104298092965,5
small_long,nomotor_xlink,2.8,pulse_02,5,0.011056831100288099,0.006803640903245388,0.0030426807108309513,5,172.4,19.667231630303235,8.795453370918409,5,0.04178489702517163,0.05616353900245395,0.02511709821328955,5,0.2011559156410415,0.06446965801367142,0.028831707560946673,5,0.8230174188445737,0.006826008748270181,0.003052683915228075,5
small_long,nomotor_xlink,2.85,pulse_02,5,0.007824601658336568,0.003928706659134229,0.001756971030696046,5,172.0,19.235384061671343,8.602325267042625,5,0.04469546894002337,0.04973534106714971,0.022242320702056735,5,0.19861467745338396,0.05519479418652947,0.02468386236103802,5,0.8195445688299323,0.01703246684701537,0.007617150738887576,5
small_long,nomotor_xlink,2.9,pulse_02,5,0.00840558789612764,0.008394550054095212,0.0037541569122962856,5,172.0,19.235384061671343,8.602325267042625,5,0.048950788088959536,0.058708940747402606,0.026255436479639908,5,0.1942902267754971,0.057002939789124865,0.025492489657162144,5,0.8123283134836041,0.019190249389637523,0.00858214042808067,5
small_long,nomotor_xlink,2.95,pulse_02,5,0.00996381214299714,0.004585200497378013,0.0020505640005206165,5,172.4,19.667231630303235,8.795453370918409,5,0.048637238256932655,0.058041840871415264,0.02595710034554203,5,0.20768967299032992,0.05291048597970042,0.023662288674631937,5,0.8213644018398585,0.028762462735837453,0.012862964375527423,5
small_long,nomotor_xlink,3.0,pulse_02,5,0.006095860799028893,0.004635731461795526,0.002073162134801853,5,172.4,19.667231630303235,8.795453370918409,5,0.052997724970855545,0.055729478458197285,0.02492298043662786,5,0.2108978285142749,0.05182356063465674,0.023176200883034924,5,0.8250429617142114,0.013760437282019117,0.006153854632543438,5
small_long,nomotor_xlink,3.05,pulse_03,5,0.006593075028793176,0.005081169281261714,0.002272367983616988,5,177.2,16.828547174370104,7.525955088890711,5,0.050041598472449544,0.05097772451200355,0.022797931469419445,5,0.20459629023458809,0.055580277318191,0.024856255658352956,5,0.8282395220658738,0.010462274314187791,0.004678871313154778,5
small_long,nomotor_xlink,3.1,pulse_03,5,0.00373023217184271,0.002011082462498618,0.0008993834189009163,5,177.2,16.828547174370104,7.525955088890711,5,0.04788307470045059,0.05323243764117609,0.02380626983473766,5,0.20413332727162511,0.0557676095350078,0.024940033172588572,5,0.8141354232525673,0.015417855357708704,0.0068950745294192,5
small_long,nomotor_xlink,3.15,pulse_03,5,0.007027187714685468,0.006570971010585659,0.0029386275715700045,5,177.2,16.828547174370104,7.525955088890711,5,0.048068088576491294,0.05103970561016917,0.02282565025918313,5,0.2051971570588592,0.05677608740792152,0.025391038188116468,5,0.8150352980631748,0.022664929190703627,0.01013606447512652,5
small_long,nomotor_xlink,3.2,pulse_03,5,0.007171710237298982,0.007835911280001917,0.0035043260575483345,5,177.2,16.828547174370104,7.525955088890711,5,0.05213839384938677,0.05139244569051545,0.02298340041879173,5,0.20587518437695743,0.05707312978705193,0.02552387957850324,5,0.8202294532877609,0.017108096613735843,0.007650973398789461,5
small_long,nomotor_xlink,3.25,pulse_03,5,0.008432618508499908,0.004766076723447496,0.002131454307921613,5,177.2,16.828547174370104,7.525955088890711,5,0.052138393849386754,0.049140988093558866,0.021976517971741084,5,0.20800284395142551,0.054041863703849474,0.024168256174517195,5,0.8246441229496476,0.00845241396377786,0.003780034439395148,5
small_long,nomotor_xlink,3.3,pulse_03,5,0.008288667802816008,0.004456985449884797,0.0019932244881339777,5,177.2,16.828547174370104,7.525955088890711,5,0.05639371299832293,0.047856366312274044,0.021402017646075137,5,0.20834432017942656,0.05553288541227854,0.02483506135371225,5,0.813762937739518,0.014280613597367339,0.006386484552824236,5
small_long,nomotor_xlink,3.35,pulse_03,5,0.0023214216031702596,0.001710943640147753,0.0007651572570082628,5,177.2,16.828547174370104,7.525955088890711,5,0.05213839384938675,0.049140988093558845,0.021976517971741074,5,0.21285246307409428,0.06498050045255978,0.0290601632447759,5,0.8233451327898841,0.012374436588609174,0.005534016279078143,5
small_long,nomotor_xlink,3.4,pulse_03,5,0.005929836883549229,0.008496108771361735,0.0037995753513994117,5,177.2,16.828547174370104,7.525955088890711,5,0.054721919951558486,0.04689718860638544,0.020973060335501295,5,0.21390375392463015,0.054113185490725864,0.024200152247263667,5,0.8174858658489665,0.027575028310675747,0.012331927556830432,5
small_long,nomotor_xlink,3.45,pulse_03,5,0.00760852173504638,0.003339494862325182,0.0014934675045340815,5,176.8,17.469974241537965,7.812809993849844,5,0.05879015586462395,0.049699688356822994,0.022226376325282206,5,0.21704888721732693,0.07034804603045682,0.031460602601677136,5,0.8141322712027798,0.01316123229400243,0.005885882015410986,5
small_long,nomotor_xlink,3.5,pulse_03,5,0.013436525692944836,0.012061853962116644,0.005394225078793597,5,176.4,17.052858997833766,7.626270385975047,5,0.05948344246963135,0.0402193481822265,0.01798663930923821,5,0.2093076591471515,0.056565131268960164,0.025296695734718773,5,0.8259071198611053,0.014441516040550422,0.00645844231296487,5
small_long,nomotor_xlink,3.55,pulse_03,5,0.00701300384724822,0.006189240291559883,0.0027679124042017033,5,176.0,16.673332000533065,7.456540752922899,5,0.059752199468511534,0.04077819604087118,0.018236563669440146,5,0.2141676815435681,0.06502143641855002,0.029078470365311658,5,0.8324123989314106,0.012762182177295208,0.005707421377933671,5
small_long,nomotor_xlink,3.6,pulse_03,5,0.006065792807905653,0.006174824829368433,0.002761465613524271,5,175.6,17.11139970896595,7.652450587883597,5,0.052747996684166895,0.04339572612253824,0.019407158708591773,5,0.21428916827853,0.06293722795388149,0.028146384004055797,5,0.8321031038751313,0.013969092537129038,0.006247168099401106,5
small_long,nomotor_xlink,3.65,pulse_03,5,0.007438910296092634,0.0056713459446046,0.0025363030112107283,5,175.6,17.11139970896595,7.652450587883597,5,0.0552479966841669,0.035893182360216165,0.016051919137247937,5,0.21003384912959383,0.05366113334014517,0.023997988379648987,5,0.8350112405572558,0.014010773704399612,0.006265808484080815,5
small_long,nomotor_xlink,3.7,pulse_03,5,0.008360278599308036,0.006893469849809087,0.0030828534370036767,5,175.2,16.769019053003667,7.49933330370107,5,0.05103843365511176,0.03886542938067769,0.017381148413982573,5,0.20867334735728696,0.053141886689897264,0.02376577421824031,5,0.8273637671497612,0.006521001565150399,0.002916280556211763,5
small_long,nomotor_xlink,3.75,pulse_03,5,0.007527056268637973,0.005771688094259177,0.002581177384737947,5,175.2,16.769019053003667,7.49933330370107,5,0.05103843365511177,0.035036954018476514,0.01566900218196958,5,0.21080100693175502,0.05512008773868935,0.02465045262189241,5,0.8239378578911685,0.0119692015929838,0.005352789679662109,5
small_long,nomotor_xlink,3.8,pulse_03,5,0.008648384769847734,0.007888797354304379,0.0035279774289890165,5,175.2,16.769019053003667,7.49933330370107,5,0.05103843365511176,0.03886542938067769,0.017381148413982573,5,0.2193116452296274,0.06721111125900292,0.0300577227236864,5,0.8355199562430491,0.012684926222196649,0.005672871464480262,5
small_long,nomotor_xlink,3.85,pulse_03,5,0.004881526960580403,0.00469883350305269,0.002101382225555856,5,175.2,16.769019053003667,7.49933330370107,5,0.05339736057463074,0.04340980249052383,0.019413453851730187,5,0.225215922186693,0.06404166985818238,0.028640305439099022,5,0.8265682713785848,0.016431209952927735,0.007348260481463507,5
small_long,nomotor_xlink,3.9,pulse_03,5,0.010584900113251371,0.0058171991874242275,0.0026015305643474224,5,175.2,16.769019053003667,7.49933330370107,5,0.05101555559517125,0.04557929151131348,0.020383678837115213,5,0.2129057884462826,0.06524197801018489,0.029177099563463975,5,0.8304978708540046,0.015225370502651547,0.0068089926853098,5
small_long,nomotor_xlink,3.95,pulse_03,5,0.008884506660244746,0.007647162162134813,0.003419914885899542,5,175.2,16.769019053003667,7.49933330370107,5,0.0595490719529841,0.04569733242155791,0.02043646833700171,5,0.2240367074014981,0.0681826066814526,0.030492188684571868,5,0.8410231216287796,0.019963790093887816,0.008928078347694013,5
small_long,nomotor_xlink,4.0,pulse_03,5,0.0061523339007899,0.005953231468437879,0.002662366049843598,5,175.6,16.14930339054908,7.2221880341071145,5,0.05735481231191595,0.04449939208498541,0.019900733131888695,5,0.22350390686869753,0.06835148082546343,0.03056771149770193,5,0.8362943832870359,0.015944486604574353,0.007130591182832612,5
small_long,nomotor_xlink,4.05,pulse_04,5,0.01879843151072252,0.010001368502246201,0.004472747967809553,5,182.4,18.994736112934024,8.494704232638119,5,0.04862654061371416,0.04436659663940761,0.019841345203205827,5,0.2171268385561036,0.06658888405075114,0.02977945425666622,5,0.8331093725433675,0.012287984725362095,0.005495353830477745,5
small_long,nomotor_xlink,4.1,pulse_04,5,0.009981681054060988,0.0047670615145597684,0.002131894719895749,5,182.4,18.994736112934024,8.494704232638119,5,0.05268839628381725,0.043149022107924824,0.019296829319192233,5,0.22125054989630977,0.06051726448360075,0.027064143439532996,5,0.8332896115383976,0.018374834310651896,0.008217475718782626,5
small_long,nomotor_xlink,4.15,pulse_04,5,0.004739867341382586,0.0027578049726820833,0.0012333278775208177,5,182.4,18.994736112934024,8.494704232638119,5,0.050626540613714154,0.04466835786432409,0.019976296925583198,5,0.2188409113420929,0.06215250707673694,0.027795446159124104,5,0.8380993167727674,0.016966854090602876,0.007587807822181681,5
small_long,nomotor_xlink,4.2,pulse_04,5,0.006750736726938865,0.007144252787560922,0.003195006976285717,5,182.0,18.708286933869708,8.366600265340756,5,0.05080093923914371,0.04188510861276618,0.01873159002062142,5,0.21770673546332006,0.05510519351149975,0.024643791720998755,5,0.8334055715660433,0.02556505387891352,0.01143303966433906,5
small_long,nomotor_xlink,4.25,pulse_04,5,0.008568462358439636,0.009424483661824766,0.004214757224135263,5,181.6,18.46076921474292,8.255906976220116,5,0.046936904151424416,0.037271818132146584,0.016668463797697798,5,0.2158892021722611,0.05757785601586542,0.025749600010034054,5,0.8223828858147171,0.018925956351882205,0.008463944988400508,5
small_long,nomotor_xlink,4.3,pulse_04,5,0.0077672819466096344,0.004235795564624706,0.0018943053642585892,5,181.2,18.253766734567417,8.16333265278342,5,0.04507616406915029,0.03357242218995524,0.015014043637212452,5,0.20880372310680917,0.0545175864321223,0.024381005846289137,5,0.8360508647716463,0.019092141629872342,0.008538265304089637,5
small_long,nomotor_xlink,4.35,pulse_04,5,0.005451832126958529,0.0035084701052962523,0.001569035530493653,5,181.2,18.253766734567417,8.16333265278342,5,0.03884369349811863,0.03070780151137475,0.013732946323800944,5,0.21093415203903293,0.05438671313281663,0.024322477527551706,5,0.8369616717448162,0.022300571023764596,0.009973118549239943,5
small_long,nomotor_xlink,4.4,pulse_04,5,0.004196810680389706,0.0011901786605472608,0.0005322640780706645,5,181.2,18.253766734567417,8.16333265278342,5,0.04956485431231006,0.03223409820036755,0.014415526953885096,5,0.20611487493059916,0.05610449996716471,0.025090695154043,5,0.8345602889824839,0.02676081646692616,0.011967800950688529,5
small_long,nomotor_xlink,4.45,pulse_04,5,0.0034299807489330224,0.0020940359863583355,0.000936481362565612,5,181.2,18.253766734567417,8.16333265278342,5,0.049747922103625275,0.029024748822134735,0.012980262279230043,5,0.21106996803027056,0.05817001739046816,0.026014422627486346,5,0.8286859968854641,0.020428793818401146,0.00913603433525449,5
small_long,nomotor_xlink,4.5,pulse_04,5,0.010783198219242621,0.0031515505870693683,0.0014094162694432953,5,181.2,18.253766734567417,8.16333265278342,5,0.05632153043984532,0.0355935723457799,0.0159179294654441,5,0.21342100695626756,0.056536367623013145,0.02528383224119512,5,0.8325608631026329,0.01303676127922712,0.0058302168853577915,5
small_long,nomotor_xlink,4.55,pulse_04,5,0.010440216565921525,0.0054856366229728195,0.002453251277765922,5,180.8,17.75387281693772,7.939773296511683,5,0.0524321865531938,0.033303461676817386,0.014893760839084561,5,0.21415136148004485,0.056794243729303265,0.02539915794188265,5,0.8293640873678253,0.021328247653851592,0.009538282318992513,5
small_long,nomotor_xlink,4.6,pulse_04,5,0.0052959824586741675,0.003798348355132431,0.0016986730248601254,5,180.4,17.57270610919104,7.858753081755401,5,0.04827307690819849,0.025470454504386942,0.011390733537924982,5,0.21409321173290138,0.0521768549561476,0.02333419890681857,5,0.8312715755331949,0.016509953558738175,0.007383475692540625,5
small_long,nomotor_xlink,4.65,pulse_04,5,0.005286692522375435,0.004193631445855418,0.0018754489971026887,5,180.4,17.57270610919104,7.858753081755401,5,0.05248547021271018,0.02724772611883558,0.012185553566802574,5,0.21203135606279835,0.05570713735898535,0.02491298919332187,5,0.8235452369448757,0.019004596882562272,0.008499114102877965,5
small_long,nomotor_xlink,4.7,pulse_04,5,0.008761673176135475,0.006783151624223847,0.003033517626690526,5,180.0,17.435595774162696,7.797435475847172,5,0.04424206525178141,0.013732835944001407,0.006141510938927928,5,0.21056421873838035,0.05073125900131732,0.022687708742218725,5,0.8304435163473425,0.017996625866847044,0.008048335760780213,5
small_long,nomotor_xlink,4.75,pulse_04,5,0.00729763385266248,0.0030297650346832084,0.0013549521146807323,5,180.0,17.435595774162696,7.797435475847172,5,0.04823596543400542,0.013618622887837207,0.006090433307427697,5,0.21250368391616464,0.050175630693004195,0.02243922420869645,5,0.8339823333600789,0.02618267951907717,0.01170925024754961,5
small_long,nomotor_xlink,4.8,pulse_04,5,0.010872029959605041,0.007374781435742876,0.0032981025219049136,5,180.0,17.435595774162696,7.797435475847172,5,0.05281951703170055,0.01563595163739531,0.00699261015082301,5,0.2148012650970063,0.044077559932045894,0.019712084058075126,5,0.8240377084282915,0.01940993227944551,0.00868038560310152,5
small_long,nomotor_xlink,4.85,pulse_04,5,0.013571910082889346,0.010225528505144977,0.004572995368673195,5,179.2,17.75387281693772,7.939773296511683,5,0.052685462086034376,0.01948669508834204,0.008714714974868814,5,0.20636478532640962,0.044482840266760804,0.019893330933748406,5,0.8288690522418106,0.017433629417925853,0.007796556094604459,5
small_long,nomotor_xlink,4.9,pulse_04,5,0.006779009999926251,0.007205186395798221,0.0032222573143123054,5,178.4,17.686152775547317,7.909487973314076,5,0.04449639771719471,0.008490367111714239,0.0037970076031443177,5,0.20666176257942412,0.04440848588188026,0.019860078641944792,5,0.8269294900523134,0.010155523559667836,0.004541688205303584,5
small_long,nomotor_xlink,4.95,pulse_04,5,0.006786990320430138,0.007493890271728467,0.0033513696127018444,5,178.4,17.686152775547317,7.909487973314076,5,0.04411922899705391,0.012926586278656881,0.005780945127218565,5,0.2083047958794853,0.042858323944508565,0.019166825148325614,5,0.8306231354749425,0.02059901935145925,0.009212161507939303,5
small_long,nomotor_xlink,5.0,pulse_04,5,0.017436457821969203,0.018721071149106337,0.008372317540202373,5,177.6,18.676188047886004,8.35224520712844,5,0.04138747229655318,0.02125382009664853,0.009504997303531451,5,0.20534098229100245,0.04774664131015912,0.02135294713336308,5,0.8263260430507238,0.015686195393348396,0.007015079841574213,5
small_long,nomotor_xlink,5.05,pulse_05,5,0.008025987263307706,0.00587385958737888,0.0026268698655336083,5,182.4,18.836135484753765,8.423775875461073,5,0.0362940270654713,0.017952606900977604,0.00802864988078355,5,0.20270349671795276,0.03847348704591978,0.01720586647322684,5,0.8284967920780076,0.010115730877493784,0.00452389237683394,5
small_long,nomotor_xlink,5.1,pulse_05,5,0.006910219517632561,0.005616123413576071,0.002511606744556852,5,182.4,18.836135484753765,8.423775875461073,5,0.034076947466460575,0.015303179855839524,0.006843790085912522,5,0.20803536749697799,0.036537021158685186,0.01633985260123364,5,0.8309695397733357,0.014980712981865714,0.006699578515773062,5
small_long,nomotor_xlink,5.15,pulse_05,5,0.006561302091595214,0.0022665503694517587,0.001013632140104279,5,182.4,18.836135484753765,8.423775875461073,5,0.03404683605423534,0.015356684054261232,0.006867717890863036,5,0.2033568068224824,0.04421325721119936,0.01977276972618491,5,0.8256077997273434,0.008798399642579797,0.0039347639388036555,5
small_long,nomotor_xlink,5.2,pulse_05,5,0.009347090958124079,0.003717311318000176,0.0016624321601155462,5,182.0,19.339079605813716,8.64869932417586,5,0.03160781166399144,0.019970330597868305,0.008931003349995508,5,0.20139956502784223,0.044210723737577,0.019771636722337147,5,0.8369016616790661,0.006893644815166486,0.003082931683890247,5
small_long,nomotor_xlink,5.25,pulse_05,5,0.006353821334443103,0.003047827297964809,0.0013630298043857637,5,182.0,19.339079605813716,8.64869932417586,5,0.0318015318015318,0.020148347609369344,0.009010614977769046,5,0.20433509391842727,0.048011988100303986,0.02147161382543814,5,0.8270874948768455,0.01060494633227785,0.0047426761793420685,5
small_long,nomotor_xlink,5.3,pulse_05,5,0.007481769802049731,0.004985347320474245,0.0022295151000053678,5,182.0,19.339079605813716,8.64869932417586,5,0.035759764579989306,0.024138527265180152,0.010795077568334982,5,0.20747099359927076,0.039654304747388104,0.017733944203130486,5,0.839955423909166,0.014151575245366796,0.006328776847468684,5
small_long,nomotor_xlink,5.35,pulse_05,5,0.005846167718530134,0.001886732314362201,0.0008437723420518769,5,182.0,19.339079605813716,8.64869932417586,5,0.03814071696094168,0.023235334819949865,0.010391157627475146,5,0.20747099359927076,0.03965430474738805,0.01773394420313046,5,0.8419429757744507,0.00823310411642125,0.003681956094030251,5
small_long,nomotor_xlink,5.4,pulse_05,5,0.008358659240389744,0.0036077091415490934,0.0016134165767102368,5,181.2,19.00526242912736,8.499411744350311,5,0.03625114112456741,0.02550633241259667,0.011406778626254473,5,0.20809817264512454,0.038754589402637,0.017331579268877857,5,0.8390781293508567,0.007364335745727483,0.0032934310673156516,5
small_long,nomotor_xlink,5.45,pulse_05,5,0.010855338963931014,0.006398422448698222,0.002861461508809977,5,180.8,18.308467986153293,8.187795796183488,5,0.03446151847249901,0.024728768585775447,0.011059041511531047,5,0.21200948034837003,0.03373681305906012,0.015087561468852212,5,0.8410195876862229,0.004198622473783599,0.001877681052647691,5
small_long,nomotor_xlink,5.5,pulse_05,5,0.009463330056715171,0.006702220512348454,0.002997324133160922,5,179.6,18.13284313062902,8.109253973085318,5,0.030487482830859204,0.01925598960207303,0.008611540344852885,5,0.20142988952171165,0.03312663158892341,0.01481468001968492,5,0.8341302656632325,0.013435830000607689,0.006008685843097966,5
small_long,nomotor_xlink,5.55,pulse_05,5,0.006873071879154727,0.0025548914827729454,0.0011425822061231078,5,179.6,18.13284313062902,8.109253973085318,5,0.032448267144584694,0.01961487657662654,0.008772039479121061,5,0.20193824101045527,0.029066275147755474,0.012998833416618796,5,0.830371973227418,0.022674796431323592,0.010140477239281838,5
small_long,nomotor_xlink,5.6,pulse_05,5,0.005046790724779227,0.0014552526467384687,0.0006508087685087407,5,179.6,18.13284313062902,8.109253973085318,5,0.03193991565584105,0.024572692100296802,0.010989241985287146,5,0.20598235865751408,0.029246602879704865,0.013079478429992235,5,0.8314932849077878,0.009384755861530831,0.004196990411724508,5
small_long,nomotor_xlink,5.65,pulse_05,5,0.008623303554535468,0.0074225927657923865,0.00331948439872199,5,179.6,18.13284313062902,8.109253973085318,5,0.02770640406938829,0.020313749842749758,0.009084585105262824,5,0.20158254995354472,0.029003694897785356,0.012970846678022374,5,0.8344222798509302,0.006858042953709508,0.0030670100474215803,5
small_long,nomotor_xlink,5.7,pulse_05,5,0.0070462822001902126,0.006091362185864633,0.0027241399846330053,5,179.6,18.13284313062902,8.109253973085318,5,0.030487482830859204,0.01925598960207303,0.008611540344852885,5,0.20581606153999746,0.03444333054544569,0.015403525694222294,5,0.8283667049674721,0.020464329879895927,0.00915192654508548,5
small_long,nomotor_xlink,5.75,pulse_05,5,0.010756777366360706,0.006549462074194151,0.002929008482790978,5,179.6,18.13284313062902,8.109253973085318,5,0.03295661863332834,0.01700852287196515,0.007606442667714806,5,0.2082851973424666,0.034142099871653925,0.015268811241521003,5,0.8318428122672321,0.012604350986872874,0.00563683712378286,5
small_long,nomotor_xlink,5.8,pulse_05,5,0.010009566055815933,0.0023670134086026195,0.0010585605770577885,5,179.2,17.81010948871455,7.964923100695951,5,0.030939074773679222,0.016300613687739624,0.007289856056149866,5,0.21109819574757033,0.04223413383703629,0.01888767884608743,5,0.8329502144161701,0.017066164198740567,0.007632220652711428,5
small_long,nomotor_xlink,5.85,pulse_05,5,0.00457598274767772,0.0036152789646673117,0.001616801904524234,5,179.2,17.81010948871455,7.964923100695951,5,0.030939074773679222,0.016300613687739624,0.007289856056149866,5,0.21547618617819228,0.04336738407226466,0.019394483758385084,5,0.8304723868879055,0.00722759260392585,0.0032322776752105827,5
small_long,nomotor_xlink,5.9,pulse_05,5,0.004769283763445653,0.002356465101665201,0.0010538432307858683,5,179.2,17.81010948871455,7.964923100695951,5,0.030939074773679222,0.016300613687739624,0.007289856056149866,5,0.2200505851385562,0.04115283392009976,0.01840410682242044,5,0.8285234943910111,0.014740494683275955,0.006592149626755853,5
small_long,nomotor_xlink,5.95,pulse_05,5,0.0034865955827788108,0.0049057843719022875,0.0021939334677059247,5,178.8,17.527121840165314,7.838367176906169,5,0.026917820135205682,0.01732776515057492,0.007749212154967479,5,0.21847112876066754,0.049083960143162984,0.021951014297000547,5,0.8297557781287861,0.007140237732517248,0.0031932113890835055,5
small_long,nomotor_xlink,6.0,pulse_05,5,0.004504666631110096,0.002797944724685583,0.0012512789203367794,5,178.8,17.527121840165314,7.838367176906169,5,0.02887860444893118,0.016841662630513902,0.0075318204991894015,5,0.2227264479096037,0.044568901829638956,0.01993181883471749,5,0.8232214296335506,0.009390657710578999,0.0041996297988574375,5
small_long,nomotor_xlink,6.05,pulse_06,5,0.006457691030749222,0.002661559274275504,0.0011902854926850069,5,183.2,14.324803663575985,6.406246951218786,5,0.0262951482822195,0.018810946403912482,0.008412510976050705,5,0.21343047962645273,0.04580086446619939,0.020482769274935288,5,0.825228715340369,0.01540367925389572,0.006888734783062814,5
small_long,nomotor_xlink,6.1,pulse_06,5,0.0039007302274725194,0.0031567619583434937,0.0014117468655282823,5,183.2,14.324803663575985,6.406246951218786,5,0.024078443418455813,0.01435961237710397,0.006421813881150364,5,0.21833506815432036,0.04786788946308149,0.021407170955779223,5,0.8308922432995896,0.00992350626649253,0.0044379269174044875,5
small_long,nomotor_xlink,6.15,pulse_06,5,0.004759120790809461,0.005351060862570498,0.0023930671680892587,5,183.2,14.324803663575985,6.406246951218786,5,0.026408543037712055,0.01879180529973991,0.008403950814031851,5,0.21657869200035385,0.05150549012121933,0.02303395542509806,5,0.826287601162678,0.027043218531765275,0.012094094993481842,5
small_long,nomotor_xlink,6.2,pulse_06,5,0.007953580912685623,0.0042731218439845935,0.0019109981838577603,5,182.8,14.184498581197714,6.343500610861481,5,0.024167488707751414,0.021442189723451303,0.009589238761616905,5,0.21154667937271426,0.04902633769787528,0.021925244756061935,5,0.8267848153101903,0.01861028400893672,0.008322772024911962,5
small_long,nomotor_xlink,6.25,pulse_06,5,0.005653744958773554,0.006501817756155496,0.002907701296015768,5,182.8,14.184498581197714,6.343500610861481,5,0.023836509007839676,0.01881580982901928,0.008414685965879161,5,0.21389962054918485,0.04932084709173179,0.022056953360997018,5,0.8292159680957237,0.008800509671217677,0.00393570757229741,5
small_long,nomotor_xlink,6.3,pulse_06,5,0.011482156519306796,0.007023488375539228,0.003140999489377057,5,181.2,14.394443372357264,6.437390775772432,5,0.01322641107182831,0.00896473972493869,0.004009153485111135,5,0.20718335141462982,0.04282340797223746,0.019151210250825876,5,0.8202951663102394,0.01780369520343289,0.007962054545112578,5
small_long,nomotor_xlink,6.35,pulse_06,5,0.004208956966892016,0.0017657227816482903,0.000789655233837119,5,180.8,13.6088206689632,6.086049621881175,5,0.013610621859528146,0.012840502728454007,0.005742447393218936,5,0.21026739100873973,0.041723744385689196,0.01865942574444525,5,0.825930130720353,0.012906769181154687,0.005772082651792235,5
small_long,nomotor_xlink,6.4,pulse_06,5,0.004745132321471024,0.0030563187019912257,0.0013668272757112604,5,180.8,13.6088206689632,6.086049621881175,5,0.015936203254876984,0.017765161496648574,0.007944821747553623,5,0.2081168533743311,0.04372290218428133,0.019553476291525415,5,0.8230635898270812,0.004276664981837361,0.0019125827232762485,5
small_long,nomotor_xlink,6.45,pulse_06,5,0.004097966499220407,0.002371943852203081,0.0010607655384677608,5,180.4,13.95707705789432,6.241794613730893,5,0.017653097242497362,0.014496875190013773,0.006483199677240195,5,0.21535199480913123,0.047110891674287364,0.021068631252867086,5,0.8259964254011235,0.009021467904379087,0.004034523098204842,5
small_long,nomotor_xlink,6.5,pulse_06,5,0.003778317946642836,0.002597256465404715,0.0011615284023291546,5,180.4,13.95707705789432,6.241794613730893,5,0.017653097242497362,0.014496875190013773,0.006483199677240195,5,0.21758274634728317,0.0522052139752779,0.02334688144572868,5,0.8278899551930123,0.022606417956198322,0.010109897455566261,5
small_long,nomotor_xlink,6.55,pulse_06,5,0.0031470394830686323,0.003968267965345706,0.0017746633846895557,5,180.0,13.19090595827292,5.8991524815010505,5,0.0180934555640438,0.013274361799023818,0.005936475068108731,5,0.21370505269556506,0.04721357829222431,0.021114554104484397,5,0.8316587249223278,0.014287769483314613,0.006389684762307704,5
small_long,nomotor_xlink,6.6,pulse_06,5,0.0021580300957528093,0.0013840983210087906,0.0006189875866637962,5,180.0,13.19090595827292,5.8991524815010505,5,0.0180934555640438,0.013274361799023818,0.005936475068108731,5,0.20928178778842915,0.052367360766569955,0.02341939569526118,5,0.8212517740978592,0.01752387599922082,0.00783691559270696,5
small_long,nomotor_xlink,6.65,pulse_06,5,0.005541653072196591,0.004038787474852874,0.0018062006680891498,5,180.0,13.19090595827292,5.8991524815010505,5,0.022624945579404785,0.012313576516807312,0.005506798827545246,5,0.21605799387203564,0.051581147183509396,0.023067790291949764,5,0.8220688184468712,0.006652126123978606,0.0029749212416236713,5
small_long,nomotor_xlink,6.7,pulse_06,5,0.004802026592983226,0.002599338941911895,0.0011624597141354747,5,180.0,13.19090595827292,5.8991524815010505,5,0.025005897960357164,0.016058691625882332,0.0071816652210359025,5,0.20909334877646074,0.04221803544812963,0.01888047942770273,5,0.8221299510849182,0.01137570916918726,0.005087371798914073,5
small_long,nomotor_xlink,6.75,pulse_06,5,0.0035860521589951384,0.004160666661360776,0.0018607066973039587,5,179.6,12.441864811996632,5.564171097297422,5,0.01826419521865442,0.011084301612934116,0.004957050377926249,5,0.20999895950560088,0.04856739318815521,0.021719998531735053,5,0.8177542190745987,0.01188934695119389,0.005317077598189882,5
small_long,nomotor_xlink,6.8,pulse_06,5,0.00758830923896842,0.005113203800084162,0.0022866942559596863,5,179.2,12.93058390019569,5.7827329179203835,5,0.018321567565183394,0.011120861992716932,0.004973400676821766,5,0.21025620970455336,0.04675107490671957,0.02090771630252192,5,0.8291205165612908,0.01898673969236088,0.008491128124642474,5
small_long,nomotor_xlink,6.85,pulse_06,5,0.009317848553684154,0.005594326407341882,0.002501858827027725,5,179.2,12.93058390019569,5.7827329179203835,5,0.015911929010966528,0.010858973301771067,0.004856280493723089,5,0.20101366768898377,0.052811775779317956,0.023618144131006377,5,0.8296035924067968,0.011250475084716105,0.005031365413718583,5
small_long,nomotor_xlink,6.9,pulse_06,5,0.008324320935727577,0.003517847080810225,0.0015732290414281716,5,179.2,12.93058390019569,5.7827329179203835,5,0.015911929010966528,0.010858973301771067,0.004856280493723089,5,0.21027972623055038,0.059701798929457525,0.026699456157058238,5,0.8289463063284804,0.018152145990264493,0.008117886474346327,5
small_long,nomotor_xlink,6.95,pulse_06,5,0.005344812184125954,0.0019355089152882038,0.0008655859011282611,5,179.2,12.93058390019569,5.7827329179203835,5,0.020731206119400263,0.013692823718036349,0.006123616927490138,5,0.21509900333898413,0.05890232985174334,0.02634192271632264,5,0.8312556910839956,0.010577416127333806,0.004730364297404192,5
small_long,nomotor_xlink,7.0,pulse_06,5,0.01172672566951428,0.007577743597705954,0.003388869960106866,5,178.8,13.461054936371072,6.019966777316965,5,0.018380339237237468,0.011159719139791309,0.0049907781212757685,5,0.21066381639320966,0.06535669793684469,0.029228403874340995,5,0.8341096998698676,0.012008733860149346,0.005370469046999478,5
small_long,nomotor_xlink,7.05,pulse_07,5,0.011915188558179739,0.004408717701029381,0.001971638494621658,5,186.4,14.17039166713468,6.337191807101943,5,0.015379052907142792,0.006981211681876429,0.003122092777198266,5,0.2074510376162723,0.06094305657427805,0.027254563451340235,5,0.8307490074099404,0.006717114723089767,0.0030039850266986787,5
small_long,nomotor_xlink,7.1,pulse_07,5,0.006313325096997897,0.004506008826118114,0.002015148408482826,5,186.4,14.17039166713468,6.337191807101943,5,0.013358850886940773,0.009787756607541104,0.004377217824336928,5,0.21200178099054506,0.06306391565178963,0.028203040464942916,5,0.8313679404128678,0.008508983869205714,0.003805333270198631,5
small_long,nomotor_xlink,7.15,pulse_07,5,0.006956063158133782,0.007662907911803398,0.003426956599222672,5,186.4,14.17039166713468,6.337191807101943,5,0.01773199408361338,0.011151783034306749,0.004987228987007751,5,0.20964883981407448,0.05816610961250056,0.026012675016051038,5,0.8333446220090183,0.008079506817797838,0.0036132652938537946,5
small_long,nomotor_xlink,7.2,pulse_07,5,0.006519841301436857,0.0052252597550097495,0.0023368072024591395,5,186.4,14.17039166713468,6.337191807101943,5,0.01773199408361338,0.011151783034306749,0.004987228987007751,5,0.2072958986376039,0.05333758974091471,0.023853295283336136,5,0.8299340871276275,0.012112628409774864,0.005416932102090355,5
small_long,nomotor_xlink,7.25,pulse_07,5,0.0076373644050253976,0.005811559756694087,0.0025990085342540233,5,186.4,14.17039166713468,6.337191807101943,5,0.01969277839733887,0.010233403143888889,0.004576517014179124,5,0.20986034014454374,0.07063614966693522,0.031589446464823256,5,0.8277383405597962,0.019559496721999848,0.008747272855215192,5
small_long,nomotor_xlink,7.3,pulse_07,5,0.007349560046205727,0.0025798688249868214,0.0011537524131406082,5,186.4,14.17039166713468,6.337191807101943,5,0.01969277839733887,0.010233403143888889,0.004576517014179124,5,0.20515445779160255,0.06077585816414142,0.027179790049181154,5,0.8314620525131506,0.0058698463557944145,0.0026250750938071454,5
small_long,nomotor_xlink,7.35,pulse_07,5,0.0054022509274525895,0.004523361961970274,0.00202290896676047,5,186.4,14.17039166713468,6.337191807101943,5,0.024187160419810783,0.015393053230926107,0.006883982681124708,5,0.20952760098827516,0.06484262631041555,0.02899850405394111,5,0.8369425518878831,0.0131324808512929,0.0058730239793410455,5
small_long,nomotor_xlink,7.4,pulse_07,5,0.006641188098870894,0.004377725448305269,0.0019577783378482644,5,186.4,14.17039166713468,6.337191807101943,5,0.01969277839733887,0.010233403143888889,0.004576517014179124,5,0.21423348334121634,0.07474815350242463,0.03342839048480209,5,0.8372032340582326,0.006666989782525446,0.0029815684718046873,5
small_long,nomotor_xlink,7.45,pulse_07,5,0.012224647041509478,0.006261187482110378,0.002800088165973911,5,186.4,14.17039166713468,6.337191807101943,5,0.026384962617612983,0.013732459929255626,0.006141342780021507,5,0.21423348334121634,0.07474815350242463,0.03342839048480209,5,0.8364211148711961,0.007374897714740343,0.0032981545234534518,5
small_long,nomotor_xlink,7.5,pulse_07,5,0.0071164018593451225,0.00443196243616054,0.0019820338561961077,5,186.0,13.784048752090222,6.164414002968976,5,0.022166958399608763,0.01812441287627112,0.008105483848722943,5,0.21707872085740085,0.07279418335417302,0.032554548469302905,5,0.8260842535422921,0.012379903019003935,0.005536460941069534,5
small_long,nomotor_xlink,7.55,pulse_07,5,0.004904931732310096,0.0024409674039457085,0.0010916338092167585,5,185.6,14.099645385611653,6.305553108173778,5,0.01999637617284676,0.015114689857146318,0.0067594947958811505,5,0.21720089434375148,0.07387236246013358,0.03303672482387245,5,0.8351997419422432,0.010878780762035248,0.0048651386592455555,5
small_long,nomotor_xlink,7.6,pulse_07,5,0.0074391644278515605,0.0025798744481441236,0.0011537549278930032,5,185.2,13.461054936371072,6.019966777316965,5,0.02025280776299996,0.015313774573166222,0.006848528187541499,5,0.21604591974801343,0.07353591177710783,0.03288625950420809,5,0.8244536119940621,0.014520146493597823,0.006493606920587989,5
small_long,nomotor_xlink,7.65,pulse_07,5,0.007456562307971484,0.00360834133363765,0.0016136993016072068,5,184.8,13.827508813954884,6.1838499334961226,5,0.018116360707688805,0.013638475254944674,0.006099311555901012,5,0.21299716891523673,0.07650440963376035,0.03421381210391558,5,0.8258083865131752,0.020638968115638527,0.009230027138403697,5
small_long,nomotor_xlink,7.7,pulse_07,5,0.008931254016410728,0.002748415171412387,0.0012291286307339667,5,184.8,13.827508813954884,6.1838499334961226,5,0.018032327094243426,0.013503565175614506,0.0060389779342545835,5,0.21180613580096005,0.07492386553983346,0.03350697129682432,5,0.836591868251754,0.004630490623285501,0.00207081836056835,5
small_long,nomotor_xlink,7.75,pulse_07,5,0.004091772474612062,0.004431742455696423,0.0019819354779418105,5,184.8,13.827508813954884,6.1838499334961226,5,0.018032327094243426,0.013503565175614506,0.0060389779342545835,5,0.21400393799876233,0.07293336589395996,0.032616792793351834,5,0.8291573055136112,0.011827243620933747,0.0052893041445717225,5
small_long,nomotor_xlink,7.8,pulse_07,5,0.0057667585723155815,0.005347289323430834,0.002391380484510041,5,184.8,13.827508813954884,6.1838499334961226,5,0.020385268270714015,0.01765128544271064,0.007893894828030693,5,0.2159841360185643,0.07286128737436783,0.032584558299446724,5,0.830969314602825,0.004807685289660513,0.0021500622244213347,5
small_long,nomotor_xlink,7.85,pulse_07,5,0.006360649039032706,0.0023845678153639853,0.0010664111464224076,5,184.8,13.827508813954884,6.1838499334961226,5,0.020385268270714015,0.01765128544271064,0.007893894828030693,5,0.21828298659327694,0.07130768891253868,0.03188976794536891,5,0.8369967269303057,0.007817855168326912,0.003496251118925407,5
small_long,nomotor_xlink,7.9,pulse_07,5,0.003931048941280801,0.0024688344573375676,0.0011040963343601211,5,184.8,13.827508813954884,6.1838499334961226,5,0.020385268270714015,0.01765128544271064,0.007893894828030693,5,0.21866169477758154,0.07108260215369355,0.03178910608664635,5,0.8257233735486593,0.010036357995375984,0.004488395744836844,5
small_long,nomotor_xlink,7.95,pulse_07,5,0.006180129909240965,0.007015207602403709,0.003137296215049602,5,184.8,13.827508813954884,6.1838499334961226,5,0.020385268270714015,0.01765128544271064,0.007893894828030693,5,0.21828298659327694,0.07130768891253868,0.03188976794536891,5,0.8326406588410975,0.007746155022286003,0.0034641858388165803,5
small_long,nomotor_xlink,8.0,pulse_07,5,0.013070886843859389,0.010833264029599252,0.004844782957677444,5,184.4,14.240786495134317,6.368673331236262,5,0.01811314851663757,0.01796088389883969,0.0080323514667574,5,0.21638509832810718,0.07256649287661301,0.03245272219217219,5,0.8304495412931076,0.018576600288801943,0.008307708207320673,5
small_long,rotatable_xlink,0.0,initial,5,0.10179936694677871,0.11345938147750549,0.05074057793375656,5,35.6,4.979959839195493,2.2271057451320084,5,0.2129318394024277,0.10965538871887208,0.049039380654912305,5,0.3790196078431372,0.145672551012248,0.06514674530383846,5,0.6162508339067397,0.03583429655613778,0.016025584605082136,5
small_long,rotatable_xlink,0.05,initial,5,0.06988597633906608,0.07183572048012007,0.032125910841244464,5,44.0,8.94427190999916,4.0,5,0.2366883116883117,0.12366678115405619,0.0553054658438119,5,0.38864718614718613,0.1376247174902247,0.06154764473846933,5,0.6504092519815738,0.0332536505915025,0.014871484644525137,5
small_long,rotatable_xlink,0.1,initial,5,0.08912255458334765,0.038179279285801955,0.017074292763000556,5,51.6,9.736529155710468,4.354308211415447,5,0.20160505205666496,0.1174680274694452,0.052533298920898405,5,0.36687864823348687,0.15353516574171922,0.06866301350703621,5,0.6864498256686817,0.038371390198516306,0.01716020737501032,5
small_long,rotatable_xlink,0.15000000000000002,initial,5,0.117171287110114,0.07629468312960969,0.03412001955992273,5,57.2,11.882760622010357,5.314132102234568,5,0.16908949063107276,0.10597477008946818,0.04739335796399246,5,0.3551343990694903,0.15221290431516954,0.06807168022027803,5,0.7013082185911677,0.025031824062722405,0.01119457204101245,5
small_long,rotatable_xlink,0.2,initial,5,0.08083046798768759,0.04994097079813961,0.02233428111339442,5,66.0,11.135528725660043,4.979959839195493,5,0.16085735503305162,0.08601090679303297,0.03846524687912403,5,0.33178377681086657,0.14612696811527395,0.06534996681033937,5,0.7215713702067899,0.037349534319452475,0.016703219533251414,5
small_long,rotatable_xlink,0.25,initial,5,0.03851836464208401,0.040141203935898755,0.017951692139870343,5,73.2,9.549869109050658,4.2708313008125245,5,0.12877199714927912,0.08853916058465482,0.039595916347611636,5,0.33803331584264645,0.15722781321547902,0.07031441566069017,5,0.7432011676183832,0.034246904014434844,0.015315681079037349,5
small_long,rotatable_xlink,0.30000000000000004,initial,5,0.08868016374261416,0.03524003259819266,0.01575982168377346,5,77.2,11.7983049630021,5.276362383309166,5,0.1264048887608899,0.07744075583654614,0.034632558855896146,5,0.3305361491890674,0.14551604550908664,0.06507675391505414,5,0.756070755333149,0.0287797280856336,0.012870685674687323,5
small_long,rotatable_xlink,0.35000000000000003,initial,5,0.0879536701596814,0.03903609450093642,0.01745747217603991,5,85.2,11.366617790706258,5.083306010855534,5,0.10264224566521565,0.06041005281026074,0.02701619692161904,5,0.29476265777699695,0.14217453793992668,0.0635823863006598,5,0.7739790625438228,0.02273947790761839,0.01016940367485788,5
small_long,rotatable_xlink,0.4,initial,5,0.06154136081710019,0.027921926407928628,0.012487065102174986,5,89.6,13.520355024924458,6.04648658313239,5,0.09781438891346013,0.057028389629329754,0.02550387117170507,5,0.2903700288456992,0.13069698093884197,0.05844946676664898,5,0.7628614257857323,0.032149624570075044,0.014377749197957049,5
small_long,rotatable_xlink,0.45,initial,5,0.06751661081756441,0.03523760328529244,0.015758735262016762,5,95.6,14.51895313030523,6.493073232299171,5,0.09082687338501291,0.052443780589522884,0.023453571679051433,5,0.27175844827007617,0.12499324132830662,0.05589867686762594,5,0.763296521346293,0.042363318829707265,0.018945452131144454,5
small_long,rotatable_xlink,0.5,initial,5,0.055166021008990075,0.016463582932300436,0.007362738117965818,5,102.8,11.541230437002808,5.1613951602255765,5,0.08289738385515544,0.04792364498606058,0.021432105583679684,5,0.24601926568032736,0.12001389220748025,0.05367184424405162,5,0.7676323267826813,0.025008489816309203,0.011184136648775721,5
small_long,rotatable_xlink,0.55,initial,5,0.041183597101307035,0.044965592651778664,0.020109224363588425,5,108.0,12.409673645990857,5.549774770204643,5,0.08017949612299106,0.04498322158513495,0.020117108262259518,5,0.23749536809870359,0.09447857614104337,0.042252103733752544,5,0.7738974068421204,0.030919452338634103,0.013827599451250139,5
small_long,rotatable_xlink,0.6000000000000001,initial,5,0.026574857189978745,0.024093346261253753,0.01077487200912076,5,110.8,10.449880382090505,4.673328578219169,5,0.07674268733665104,0.04461801909456836,0.019953784743367693,5,0.23251906483835166,0.07621534425327846,0.034084538135775715,5,0.7809000662823422,0.01866645699280062,0.008347893346995698,5
small_long,rotatable_xlink,0.65,initial,5,0.020163100872450167,0.03069226945899249,0.01372600017880958,5,114.8,12.214745187681975,5.4626001134990645,5,0.06829812395850131,0.039454043082778216,0.01764438446405949,5,0.2335370639144224,0.08298646987219728,0.03711267756939428,5,0.7852157368035201,0.0363958097048659,0.01627670091924534,5
small_long,rotatable_xlink,0.7000000000000001,initial,5,0.025860484308232335,0.013222338245021966,0.005913209427472877,5,118.0,12.409673645990857,5.549774770204643,5,0.06634690390044701,0.03859260155608733,0.017259136101595088,5,0.22365068518436174,0.07680833074458403,0.03434972975663538,5,0.7746001386906253,0.026532849401351023,0.011865850979637096,5
small_long,rotatable_xlink,0.75,initial,5,0.021033716314277903,0.014264235319875338,0.006379159964458942,5,121.2,12.13260071048248,5.425863986500214,5,0.06484833153186302,0.037642876278088384,0.01683440604528398,5,0.22222017800059796,0.09450392988531413,0.04226344227288726,5,0.7750599914634264,0.032102944869462365,0.014356873401209192,5
small_long,rotatable_xlink,0.8,initial,5,0.03181909307258637,0.011900647290935715,0.005322131263756195,5,124.4,14.099645385611653,6.305553108173778,5,0.06671811794762614,0.038080605677913125,0.01703016458403564,5,0.22009707090248787,0.08677015206208456,0.038804791685762924,5,0.7898835852941505,0.025945829961858118,0.011603327905473105,5
small_long,rotatable_xlink,0.8500000000000001,initial,5,0.0280834965140786,0.012781814093079524,0.005716201037578128,5,129.2,13.535139452550904,6.053098380168622,5,0.0681154214559387,0.044690614384346586,0.019986250343925774,5,0.21582702633425072,0.09567793623068745,0.04278847387174142,5,0.7862771839397549,0.03384149971386176,0.015134378764146915,5
small_long,rotatable_xlink,0.9,initial,5,0.020878551423803134,0.011491376267026057,0.005139099697619607,5,131.6,15.192103211866353,6.794115100585211,5,0.0707307856343508,0.050078924988036025,0.02239597610267228,5,0.21660009512727224,0.09849363319547619,0.044047691835202914,5,0.7868583541270402,0.020620365377995803,0.009221707741216351,5
small_long,rotatable_xlink,0.9500000000000001,initial,5,0.017652831224776046,0.01598911789482031,0.007150550902615308,5,135.2,16.16168308066954,7.2277243998370615,5,0.06584415584415584,0.04851971921666954,0.021698678083535185,5,0.21345454545454548,0.09494902213507897,0.042462493578233756,5,0.7897591499101295,0.026291970613135787,0.011758126710679688,5
small_long,rotatable_xlink,1.0,initial,5,0.020905891357090815,0.018619159501235313,0.008326741265734648,5,138.0,14.966629547095765,6.693280212272604,5,0.0638633754305396,0.04574633272846038,0.020458381940432167,5,0.21117666475315727,0.10639761654091442,0.047582460645888135,5,0.7851283911720804,0.027921911771394577,0.012487058556517968,5
small_long,rotatable_xlink,1.05,pulse_01,5,0.03195491686820504,0.025130619743063007,0.011238754812437435,5,150.0,14.966629547095765,6.693280212272604,5,0.058343278343278335,0.0417437378270029,0.018668367083221567,5,0.19355797355797358,0.0966433787480703,0.04322023289118874,5,0.8070328994144991,0.03656337550358088,0.01635163862257149,5
small_long,rotatable_xlink,1.1,pulse_01,5,0.02031760144326691,0.011254563618685057,0.0050331938616951614,5,151.6,14.926486525636232,6.675327707311454,5,0.05478550207961973,0.041509534984153766,0.018563628387794694,5,0.19328012147619994,0.09893899291686571,0.04424686275749638,5,0.7983758885655534,0.03695468377435962,0.016526637001295322,5
small_long,rotatable_xlink,1.15,pulse_01,5,0.009940005724056384,0.014044076977263478,0.00628070216048018,5,152.8,16.52876280911551,7.391887445030531,5,0.05456913967258795,0.041562663112224625,0.018587388008971445,5,0.18961529508712013,0.10076412885239533,0.04506308836150076,5,0.7931194658336136,0.050316811731960946,0.02250236228874472,5
small_long,rotatable_xlink,1.2,pulse_01,5,0.009194132856764712,0.006313003109209048,0.002823260818871792,5,155.2,17.58408371226661,7.8638413005349985,5,0.05375878270615113,0.04062273741630124,0.01816704045899475,5,0.18667656530687599,0.09722881095559271,0.04348204613363632,5,0.7965227987795689,0.04079000422183592,0.018241844448505705,5
small_long,rotatable_xlink,1.25,pulse_01,5,0.0425689260994386,0.055270035763302396,0.024717511417117727,5,157.2,17.297398648351724,7.735631842325486,5,0.05079248729357735,0.04093209548005692,0.01830538959098383,5,0.19373535119229648,0.0947515184087186,0.04237416722664349,5,0.8048328094545092,0.03289982062592932,0.014713247073425527,5
small_long,rotatable_xlink,1.3,pulse_01,5,0.0607484590652162,0.09981355946141138,0.044637980806386625,5,158.0,16.0,7.155417527999327,5,0.05966588232308512,0.030051090554992693,0.013439256255793109,5,0.20265443861961002,0.0894890752104041,0.04002073108281097,5,0.8028798313501675,0.03729142393839088,0.016677231780800987,5
small_long,rotatable_xlink,1.35,pulse_01,5,0.049689140759296285,0.06682386102642454,0.029884539154816828,5,159.2,16.88786546606764,7.552483035399682,5,0.06346222118517367,0.027033512705873033,0.012089754416187275,5,0.20876416651543042,0.08153856698075718,0.036465155711378566,5,0.820768462897506,0.036118417765745606,0.016152647472788648,5
small_long,rotatable_xlink,1.4,pulse_01,5,0.03010424113040728,0.022995141723289644,0.01028374000910346,5,160.8,18.033302526159762,8.06473806146238,5,0.05737898638356305,0.03384050082225752,0.01513393204624107,5,0.22585745680711358,0.10375121278466985,0.046398952906913406,5,0.8160166032002676,0.04563909737773249,0.020410424833668447,5
small_long,rotatable_xlink,1.45,pulse_01,5,0.01210797953507543,0.008541649588137834,0.0038199418238118554,5,162.4,17.854971296532515,7.984985911070852,5,0.05913080815282703,0.03600002509435598,0.01609970066053565,5,0.22628511851700212,0.10037834509003292,0.04489056061804917,5,0.8077166609029192,0.03694816378710936,0.01652372117435452,5
small_long,rotatable_xlink,1.5,pulse_01,5,0.017284387822710624,0.003912913813145356,0.0017499082552581854,5,163.2,19.11020669694601,8.5463442476886,5,0.05899204774579651,0.03612891676845303,0.016157342769538598,5,0.22513365057795925,0.09536730442742662,0.042649555106128514,5,0.8219121595977862,0.041386612324436904,0.0185086557031743,5
small_long,rotatable_xlink,1.55,pulse_01,5,0.012811560527660467,0.006741976451912214,0.0030151035298357103,5,164.8,20.376457003120045,9.112628599915613,5,0.05846483399964179,0.03585281171516231,0.01603386483592075,5,0.2251387276150111,0.09057047718037795,0.040504348745983715,5,0.8097843799940312,0.05093177625921401,0.022777382786082493,5
small_long,rotatable_xlink,1.6,pulse_01,5,0.011303776829024378,0.006479585854774575,0.002897758887464406,5,166.0,18.81488772222678,8.41427358718505,5,0.05285907998766094,0.02860287909108502,0.0127915963999747,5,0.22049624970344492,0.08366611029168565,0.03741662200504077,5,0.8253371431197362,0.045142381635003975,0.020188286800421396,5
small_long,rotatable_xlink,1.65,pulse_01,5,0.011208237916850319,0.008358699669779335,0.0037381241330263276,5,168.4,18.83613548475377,8.423775875461075,5,0.05686065090767569,0.03116124870577438,0.01393573407397777,5,0.22382591232980092,0.09288748760298447,0.041540547307888455,5,0.8232524459172605,0.04054443468432166,0.01813202241268869,5
small_long,rotatable_xlink,1.7000000000000002,pulse_01,5,0.007969285135974715,0.0033889799442122,0.0015155979059283849,5,170.0,19.6468827043885,8.786353054595518,5,0.05638098094238445,0.031145430978416357,0.01392866017125335,5,0.22163681023330145,0.09936471183630137,0.04443725004612956,5,0.816507303589523,0.05580331390075757,0.024956000650370576,5
small_long,rotatable_xlink,1.75,pulse_01,5,0.009953467475536801,0.00927707665279353,0.0041488348056245095,5,170.0,20.83266665599966,9.316651759081692,5,0.05653128443372346,0.03141587894969524,0.01404960818088465,5,0.21508044259263775,0.0907260078272972,0.04057390416580291,5,0.8245039183702116,0.04163801330823549,0.01862108564105109,5
small_long,rotatable_xlink,1.8,pulse_01,5,0.0062388660128311684,0.003128181319773589,0.0013989652153917503,5,171.2,20.228692493584454,9.046546302318912,5,0.05581988954841553,0.0307218966108737,0.013739249843926798,5,0.2172880417567586,0.09442955237285545,0.04223017963811627,5,0.8257690332603931,0.031173451748287676,0.013941191440496182,5
small_long,rotatable_xlink,1.85,pulse_01,5,0.008251500728935634,0.0067229368324366505,0.0030065887531530926,5,173.2,20.27806696901852,9.068627239003707,5,0.053294062170793445,0.032174478559357296,0.014388864239866482,5,0.21814214023138664,0.09776609826876531,0.043722328324776745,5,0.82353882522327,0.041407207607148465,0.018517866193606073,5
small_long,rotatable_xlink,1.9,pulse_01,5,0.01497109055500517,0.011478862726088295,0.0051335034719843945,5,175.6,21.04281350010022,9.410632284814874,5,0.054478314117897234,0.02744311509761812,0.012272934174524977,5,0.22655325324457626,0.09517977223488583,0.042565688160030354,5,0.8200313207670129,0.037490888364592696,0.016766434984017038,5
small_long,rotatable_xlink,1.9500000000000002,pulse_01,5,0.017555670491931897,0.011487737951238773,0.005137472593334812,5,176.8,19.62651268055535,8.777243302996675,5,0.056611746779785185,0.028701203978249264,0.01283556862629055,5,0.22775562592970214,0.09976999743880252,0.04461849927762847,5,0.821646402773729,0.041408551956532126,0.01851846740492755,5
small_long,rotatable_xlink,2.0,pulse_01,5,0.016350417776787474,0.016214284006972408,0.007251248249215595,5,178.4,20.659138413786767,9.239047569960878,5,0.058013089358407335,0.027130912674271816,0.012133313006256478,5,0.22546097241937563,0.09936076269376845,0.04443548393589827,5,0.8224528178941295,0.04298720228966287,0.019224461296444156,5
small_long,rotatable_xlink,2.05,pulse_02,5,0.03879995720322062,0.06114358759861251,0.02734424365174214,5,186.4,21.605554841290235,9.662297863344929,5,0.05597318846617163,0.02714290124526094,0.01213867445819343,5,0.22246166557313307,0.10401475281037335,0.04651681158936642,5,0.8379335416208653,0.035726798810817466,0.0159775101518893,5
small_long,rotatable_xlink,2.1,pulse_02,5,0.03466566917226478,0.04938164029307616,0.022084140907152185,5,187.6,21.83575050232989,9.765244492586962,5,0.0582585368299654,0.03322361952460041,0.01485805434311915,5,0.23267980410837552,0.11308689601721894,0.05057399737179035,5,0.8327383377185453,0.033758015908996276,0.015097043671607005,5
small_long,rotatable_xlink,2.15,pulse_02,5,0.054656741385185656,0.06859622047657538,0.03067716239703711,5,188.0,21.587033144922902,9.654014708917735,5,0.06472009834770669,0.03946009938716066,0.017647092925717808,5,0.24108212149945696,0.11813353404408006,0.05283092250896973,5,0.834758076776879,0.03488594316383818,0.015601468074707251,5
small_long,rotatable_xlink,2.2,pulse_02,5,0.07561893189411086,0.0778051150868812,0.034795505266292166,5,187.6,20.80384579831335,9.303762679690406,5,0.067847866419295,0.04932150366212804,0.022057246988204625,5,0.26858070500927644,0.17081523057344494,0.07639089343090465,5,0.8401447064352142,0.042139619765530434,0.01884541086834396,5
small_long,rotatable_xlink,2.25,pulse_02,5,0.059704555253289604,0.06018594881958658,0.026915974570183764,5,188.0,20.591260281974,9.20869154657707,5,0.0829560915275201,0.05137925657610824,0.022977502067516226,5,0.28184910327767465,0.19377444467470745,0.0866585661189836,5,0.840576468926262,0.02880046720489107,0.012879960490777958,5
small_long,rotatable_xlink,2.3,pulse_02,5,0.04170568793654514,0.03889890342254508,0.017396118460602003,5,188.4,20.803845798313347,9.303762679690404,5,0.08721500721500722,0.054093296236499756,0.024191257502369397,5,0.311053391053391,0.21160772015994697,0.09463384936827882,5,0.8333906611214014,0.03147370836681165,0.014075470282438945,5
small_long,rotatable_xlink,2.35,pulse_02,5,0.032402861652236596,0.04834371033775815,0.02161996451995731,5,188.8,21.56849554326866,9.645724441429996,5,0.09393093662756584,0.060309221842223454,0.026971103941865346,5,0.31503631166552515,0.20878508863938644,0.09337153017719743,5,0.8409889958582802,0.03718983793594726,0.01663180113939571,5
small_long,rotatable_xlink,2.4,pulse_02,5,0.02511792680533253,0.04760243499003579,0.021288456106446908,5,189.2,22.34278407003031,9.991996797437437,5,0.10205266955266956,0.06461190077617998,0.02889532045820197,5,0.3176875901875902,0.20286016676201785,0.09072182456136306,5,0.8501768232852527,0.02844381523263185,0.012720460879921762,5
small_long,rotatable_xlink,2.45,pulse_02,5,0.015075238069421095,0.024681244338567682,0.011037788022063833,5,190.4,22.46775467197379,10.047885349664377,5,0.10166787980947271,0.07001833320384011,0.031313150543003425,5,0.3109638230356606,0.1951636653990419,0.08727984451405625,5,0.8408965825121812,0.03683076496382186,0.01647121882448465,5
small_long,rotatable_xlink,2.5,pulse_02,5,0.007996344145199388,0.0031036985776054567,0.0013880162002390414,5,190.8,23.263705637752555,10.403845442911962,5,0.10171434001155362,0.07300911891488346,0.03265067057420902,5,0.31792114662083704,0.19150138408841566,0.0856420225213988,5,0.8445238129960039,0.0314410967687234,0.0140608859324029,5
small_long,rotatable_xlink,2.55,pulse_02,5,0.01242531002310952,0.007668360765800777,0.003429395189664576,5,191.2,24.066574330386118,10.762899237658967,5,0.10192760472994304,0.07667545190550776,0.034290304533246226,5,0.31366392832596696,0.18714610002733903,0.08369428027702105,5,0.8402575669917429,0.040992343271021206,0.0183323332222019,5
small_long,rotatable_xlink,2.6,pulse_02,5,0.015007338544361901,0.008662076651074777,0.0038737984436233853,5,190.8,23.263705637752555,10.403845442911962,5,0.10253463426838039,0.08169045159461916,0.0365330805756449,5,0.3094790005316321,0.18222748743827066,0.08149460985619245,5,0.8467835123376337,0.036013719034593314,0.016105824776785748,5
small_long,rotatable_xlink,2.65,pulse_02,5,0.01709035431667858,0.020725848949347647,0.009268881428426787,5,190.4,23.723406163533937,10.609429767899874,5,0.10266750793066584,0.07845680706342043,0.035086950778278746,5,0.3095638279848806,0.1936953592671241,0.08662319804950666,5,0.8298178669325724,0.02853756922787602,0.012762388941227392,5
small_long,rotatable_xlink,2.7,pulse_02,5,0.011103549519406687,0.014360748307237778,0.0064223218845497415,5,190.4,23.723406163533937,10.609429767899874,5,0.10266750793066584,0.07845680706342043,0.035086950778278746,5,0.3225964094385147,0.21028193807546383,0.09404094159542768,5,0.8279839584800717,0.03142819577359343,0.0140551164319853,5
small_long,rotatable_xlink,2.75,pulse_02,5,0.01243962710773775,0.023093701522066246,0.010327817291086096,5,191.6,24.058262613912916,10.759182125050211,5,0.09988116914838947,0.07386564756503264,0.033033721831490954,5,0.3300694995174721,0.21677433849929018,0.09694443133239251,5,0.8359519128209587,0.028758651799256036,0.012861260072876626,5
small_long,rotatable_xlink,2.8,pulse_02,5,0.04820397605313147,0.1004568766800644,0.044925681012787474,5,191.6,24.058262613912916,10.759182125050211,5,0.10422899523534598,0.07592502153264331,0.03395470186802514,5,0.33052574034010285,0.2022749500228624,0.09046010767929859,5,0.8330914896582142,0.03310480079705754,0.014804916992761976,5
small_long,rotatable_xlink,2.85,pulse_02,5,0.05916665942883402,0.11685163731928368,0.052257640865613915,5,191.6,24.058262613912916,10.759182125050211,5,0.11343910879328564,0.09127751838684157,0.04082054718609294,5,0.3584051556108225,0.21029965146494847,0.0940488632640276,5,0.8422127125366338,0.02282418855044508,0.010207287426013517,5
small_long,rotatable_xlink,2.9,pulse_02,5,0.0441070852113142,0.08169098115157077,0.03653331740071326,5,191.2,24.560130292814,10.983624174196784,5,0.11778882461497633,0.08916734121975173,0.03987684726805677,5,0.37021063841159074,0.2138505900784404,0.09563689128876696,5,0.8440587601816671,0.04483419726176993,0.020050462558790498,5
small_long,rotatable_xlink,2.95,pulse_02,5,0.02282586965015072,0.04096378846356527,0.01831956312409072,5,191.2,24.560130292814,10.983624174196784,5,0.13727337732934275,0.11011958817279086,0.04924697696172844,5,0.39047674221806733,0.2310498832994825,0.10332864905020725,5,0.8411758382709745,0.02451113848136921,0.010961714370050503,5
small_long,rotatable_xlink,3.0,pulse_02,5,0.007859808418365036,0.0040757817370767006,0.0018227450051111354,5,191.6,23.807561823924768,10.64706532336493,5,0.1313160896676618,0.10200929013731705,0.04561994141670795,5,0.38918389644967144,0.2282782739276743,0.10208914765771952,5,0.8389303648171753,0.033487885893740306,0.014976237856231924,5
small_long,rotatable_xlink,3.05,pulse_03,5,0.01488200424391464,0.015300759821940157,0.006842707813851154,5,198.0,23.323807579381203,10.430723848324238,5,0.1407275810837328,0.11274673795720148,0.05042187406273166,5,0.37864906447237623,0.22155237775424302,0.09908123544703991,5,0.8447472512411934,0.042117634636111664,0.01883557881956906,5
small_long,rotatable_xlink,3.1,pulse_03,5,0.015397736248057398,0.012552797555643843,0.005613781728442566,5,197.6,23.807561823924768,10.64706532336493,5,0.1375938394686999,0.09956417509347688,0.044526452726541155,5,0.37914674686661043,0.21529267627242665,0.0962818118406004,5,0.8436804029119331,0.04102462177228406,0.018346768606809012,5
small_long,rotatable_xlink,3.15,pulse_03,5,0.010018278138221523,0.006647413339683626,0.0029728136204142976,5,196.4,24.09979253022731,10.777754868245985,5,0.13653135788897694,0.09970543473336807,0.04458962595799592,5,0.3824981196221952,0.21884463163361606,0.09787029456873327,5,0.8430564005679704,0.03838897147537616,0.017168069961048298,5
small_long,rotatable_xlink,3.2,pulse_03,5,0.005349972766933868,0.004550884936346694,0.002035217615090202,5,196.0,23.874672772626646,10.677078252031311,5,0.1313126391363854,0.10681517175796185,0.047769197015823675,5,0.3827732200765378,0.21963761492122463,0.09822492747595607,5,0.8481704454600237,0.039209055033269366,0.017534822477584117,5
small_long,rotatable_xlink,3.25,pulse_03,5,0.006098796924684456,0.001409689126051547,0.0006304321425987057,5,196.0,23.874672772626646,10.677078252031311,5,0.13499754181380458,0.11017971021503854,0.049273864356410825,5,0.3707497869593218,0.20992777836139373,0.09388255655631715,5,0.8495551116298585,0.031715423413902516,0.014183568537734894,5
small_long,rotatable_xlink,3.3,pulse_03,5,0.02026239433863883,0.024493483968863913,0.010953819032036209,5,195.6,24.429490375363955,10.92520022699813,5,0.1371698590165477,0.1090475837384281,0.048767562004245174,5,0.3762083959348268,0.21597857209694046,0.09658855377841963,5,0.8489913230680202,0.035224307358036444,0.0157527891425831,5
small_long,rotatable_xlink,3.35,pulse_03,5,0.03099137309421403,0.04881891349467436,0.021832481832354738,5,195.6,24.429490375363955,10.92520022699813,5,0.1387586250730799,0.10351058085472398,0.04629133903633022,5,0.38462877232510184,0.2064066819626315,0.09230787437572475,5,0.8463736215293988,0.03518848495673718,0.015736768877698617,5
small_long,rotatable_xlink,3.4,pulse_03,5,0.03145146103558573,0.05765379197626069,0.02578355960391017,5,195.2,24.68197723035981,11.038115781237304,5,0.14461955095622975,0.09830924026503372,0.04396522880979497,5,0.39882263559830883,0.20769087362687458,0.09288218234720197,5,0.8485073125764314,0.028103210840925288,0.012568137965263593,5
small_long,rotatable_xlink,3.45,pulse_03,5,0.03895975860588338,0.07670992562210872,0.03430572164799759,5,195.2,24.68197723035981,11.038115781237304,5,0.1382849608063122,0.10526408139801634,0.047075528319007125,5,0.4141854225714073,0.20881276607173851,0.0933839079012338,5,0.8429086699855404,0.028874062381266666,0.012912873254216342,5
small_long,rotatable_xlink,3.5,pulse_03,5,0.03971793586427224,0.05968656456394507,0.02669264314168225,5,194.4,25.392912396966207,11.356055653262711,5,0.14360219045126477,0.09000448724002347,0.04025123034974098,5,0.4314957249713717,0.20140852816463473,0.09007263204486084,5,0.842862001408234,0.029964667884333173,0.013400606862514755,5
small_long,rotatable_xlink,3.55,pulse_03,5,0.021111407430400526,0.017205529028607138,0.007694546499362296,5,194.0,24.657656011875904,11.027239001672177,5,0.15100299612157908,0.09616949484756973,0.043008305568196334,5,0.43218121216826805,0.19935524704239135,0.08915437681161019,5,0.8406451897671458,0.035448383863821764,0.01585299920240242,5
small_long,rotatable_xlink,3.6,pulse_03,5,0.010898234859916405,0.007352392795402499,0.0032880900175599383,5,193.6,24.835458522040618,11.106754701531855,5,0.16735137928163152,0.100572508874847,0.04497739330237176,5,0.4294363464748665,0.1966698541988969,0.08795343262274118,5,0.8538501564716336,0.03602131106334688,0.01610922003526177,5
small_long,rotatable_xlink,3.65,pulse_03,5,0.012171788402255659,0.006371220178225345,0.0028492962836260396,5,193.6,24.835458522040618,11.106754701531855,5,0.17250369738385118,0.10700187182388401,0.04785269182358481,5,0.4285342655533932,0.19318170157982784,0.0863934833483147,5,0.8449330852838504,0.037215142075654094,0.016643117494695034,5
small_long,rotatable_xlink,3.7,pulse_03,5,0.041917995834995274,0.03826264841665737,0.017111576571764115,5,193.2,25.043961347997644,11.2,5,0.1801052262897279,0.1086911747637876,0.048608171065227745,5,0.4296203873938366,0.19134214425752494,0.08557080830407936,5,0.8498471369507508,0.03678712242832152,0.01645170128926681,5
small_long,rotatable_xlink,3.75,pulse_03,5,0.062244187100654005,0.10323002544271247,0.046165870841787575,5,193.2,25.043961347997644,11.2,5,0.18571863265175984,0.10260859774289631,0.045887959925809525,5,0.44624124318164293,0.17380889803260752,0.07772970221904797,5,0.8386606020230734,0.025141370100548063,0.011243562518461238,5
small_long,rotatable_xlink,3.8,pulse_03,5,0.06199648160930056,0.11646260159457197,0.052083658800387664,5,193.2,25.043961347997644,11.2,5,0.19926856098429685,0.09597017831890357,0.042919168506768975,5,0.45671814492068064,0.15911370484810974,0.07115781203844225,5,0.8535113226769819,0.0236398894047266,0.010572079937909143,5
small_long,rotatable_xlink,3.85,pulse_03,5,0.07412617071252112,0.12393901736487803,0.05542721357847882,5,193.2,25.043961347997644,11.2,5,0.2061088029843084,0.07721856276710604,0.03453319109441667,5,0.4775043303109133,0.12296284058174718,0.0549906540494513,5,0.8617922738345914,0.01901025796194862,0.008501645814544745,5
small_long,rotatable_xlink,3.9,pulse_03,5,0.06516508851084706,0.1123714750661303,0.050254051395958,5,192.8,24.314604664686613,10.873821775254548,5,0.22103623557612892,0.07382544227553592,0.033015741479417014,5,0.49185719846691917,0.10708674559022575,0.047890648525794124,5,0.8633016709691163,0.020351253332614404,0.009101357175808988,5
small_long,rotatable_xlink,3.95,pulse_03,5,0.03924136425188368,0.06090809947119202,0.02723893015958087,5,192.8,24.314604664686613,10.873821775254548,5,0.23637231773117168,0.08475573640036722,0.037903917614854885,5,0.5033025417859593,0.08494283967991109,0.03798759274522953,5,0.859215395691112,0.02700759939662556,0.01207816563198741,5
small_long,rotatable_xlink,4.0,pulse_03,5,0.04832824497820331,0.04823353224511562,0.021570691379001312,5,192.4,24.551985663078252,10.979981785048643,5,0.24255594737447844,0.0892100039112001,0.03989592660369311,5,0.5033514805203418,0.07285139320620193,0.03258013349292677,5,0.848065708368857,0.03203294333557847,0.014325567763550462,5
small_long,rotatable_xlink,4.05,pulse_04,5,0.08611792008098237,0.10225216028464386,0.04572855624853358,5,197.2,24.843510218968657,11.11035552986492,5,0.2656998414138914,0.1196470644300983,0.053507793874799384,5,0.5106531669859778,0.08066611665196827,0.03607498406294576,5,0.8504942983239673,0.03374724270683486,0.01509222574913335,5
small_long,rotatable_xlink,4.1,pulse_04,5,0.08114968812126172,0.10118953454270321,0.0452533355698095,5,196.8,25.400787389370432,11.35957745693034,5,0.2920294307531334,0.15238972282545832,0.06815075586201522,5,0.5256270917280734,0.08413958092028037,0.037628364507218244,5,0.8535298035871367,0.016309460094092326,0.007293812289342111,5
small_long,rotatable_xlink,4.15,pulse_04,5,0.06122039890045198,0.08345698434800611,0.03732309803985552,5,196.8,25.400787389370432,11.35957745693034,5,0.30714520054226263,0.1687021196368602,0.0754458814912643,5,0.553282907283793,0.11523091868910296,0.05153283345971703,5,0.8616565500800245,0.021214680925479238,0.009487493734067945,5
small_long,rotatable_xlink,4.2,pulse_04,5,0.026680263167105478,0.028238227615189272,0.012628519302334997,5,196.4,25.667099563448925,11.478675881825394,5,0.32015539081457733,0.19170939516864946,0.08573504790449399,5,0.562380010514653,0.13235240217694083,0.059189793650606164,5,0.8602434990682875,0.02216943785160488,0.00991447401182908,5
small_long,rotatable_xlink,4.25,pulse_04,5,0.009477977552848887,0.00964286248986386,0.004312419205003693,5,195.6,25.51078203426935,11.408768557561327,5,0.3121498382282403,0.18727690095056745,0.08375277622819276,5,0.5580770566431081,0.13537171604069664,0.06054007185955927,5,0.8543653405826148,0.01902042409357138,0.008506192246820084,5
small_long,rotatable_xlink,4.3,pulse_04,5,0.00430211885115686,0.003355598910082665,0.0015006694536338087,5,195.2,25.163465580082566,11.253443917308159,5,0.31167389351146535,0.1828272862959924,0.08176284805993095,5,0.5610287661477164,0.14272910251691381,0.06383039511907113,5,0.8620250662762727,0.018302645240601996,0.008185191785209812,5
small_long,rotatable_xlink,4.35,pulse_04,5,0.01388530409340907,0.01641679137824261,0.007341812298836588,5,195.2,25.163465580082566,11.253443917308159,5,0.31558693698972623,0.1872588283374323,0.0837446939098925,5,0.5587153945316374,0.13221751841693472,0.05912947179931928,5,0.8684072332287602,0.03204422555383862,0.014330613324943802,5
small_long,rotatable_xlink,4.4,pulse_04,5,0.019071422350565904,0.022371151563554598,0.010004683126211757,5,195.2,25.163465580082566,11.253443917308159,5,0.3046828652160892,0.19387794661380567,0.08670485359330893,5,0.5539161686003361,0.13864379985777994,0.062003392228174324,5,0.8505538551532853,0.013368672616596798,0.005978652147930084,5
small_long,rotatable_xlink,4.45,pulse_04,5,0.006474387589258816,0.0072388889743032715,0.0032373295656231687,5,194.8,25.440125785852555,11.377170122662314,5,0.30449236298292903,0.18834732082596883,0.08423148254936562,5,0.5417242861049261,0.1397060081846937,0.062478426233223416,5,0.860484311425296,0.02234830559083557,0.009994466096609388,5
small_long,rotatable_xlink,4.5,pulse_04,5,0.013475843303305687,0.01302876437332984,0.005826640560318594,5,194.8,25.440125785852555,11.377170122662314,5,0.3085530684792375,0.18716752941229764,0.08370386378931775,5,0.5543204812687997,0.12927696013223652,0.05781441415604221,5,0.8532442549209321,0.031492055532948385,0.01408367538457419,5
small_long,rotatable_xlink,4.55,pulse_04,5,0.013522911019614042,0.007804711116864831,0.003490372920411613,5,194.0,24.979991993593593,11.171392035015153,5,0.3088558600177269,0.18172301794030646,0.08126900423818781,5,0.5490602049390529,0.1295616154897895,0.05794171590197181,5,0.8594676759001315,0.03366898153587966,0.015057226289482438,5
small_long,rotatable_xlink,4.6,pulse_04,5,0.016686397762414422,0.0101025900675081,0.00451801562795246,5,193.2,25.791471458604295,11.53429668423697,5,0.3052423906238325,0.18411133003547847,0.08233708987744572,5,0.5463125365952457,0.12860658680734552,0.057514614091090446,5,0.85461620811084,0.04135124865972221,0.018492840591527185,5
small_long,rotatable_xlink,4.65,pulse_04,5,0.04151141467037586,0.036978225995483255,0.016537165402650076,5,192.8,25.12369399590753,11.235657524150511,5,0.30097286725789557,0.17599153844069398,0.07870580868363182,5,0.5504852622409149,0.12673349718065066,0.05667694294444256,5,0.8652423985956051,0.018654378624424022,0.008342491736446226,5
small_long,rotatable_xlink,4.7,pulse_04,5,0.04848551852582471,0.06654266635501652,0.029758785074781014,5,192.4,25.43226297441893,11.373653766490344,5,0.2960032836620838,0.1543241861913654,0.06901587417924547,5,0.5681754375517236,0.11961502316963442,0.05349346458750298,5,0.8527756161426119,0.021116703288465027,0.00944367680274023,5
small_long,rotatable_xlink,4.75,pulse_04,5,0.013739673390978199,0.016491266833571546,0.0073751187349907375,5,192.4,25.43226297441893,11.373653766490344,5,0.3178021562820394,0.16864165520816884,0.0754188409767094,5,0.571027852251894,0.12742120546935706,0.05698449544089008,5,0.8550440490979865,0.013005461339445079,0.005816219126748933,5
small_long,rotatable_xlink,4.8,pulse_04,5,0.013210592332222517,0.006860299164482405,0.0030680190555535335,5,191.6,26.168683574073803,11.702991070662234,5,0.30502749600349266,0.1711314792818601,0.0765323241528672,5,0.5689047745454001,0.133149618558741,0.059546319655102486,5,0.8698416802143456,0.022131230109181506,0.009897386989963987,5
small_long,rotatable_xlink,4.85,pulse_04,5,0.006311852331317008,0.00474475690972221,0.002121919797370139,5,191.2,25.51862065237853,11.412274094149684,5,0.3107232737605494,0.16200075523668964,0.0724489402231086,5,0.5703174835595453,0.1293799817909197,0.05786048684243628,5,0.866213946611462,0.018925269953587252,0.008463638021751077,5
small_long,rotatable_xlink,4.9,pulse_04,5,0.00725223499871686,0.00610574118321657,0.0027305704677384494,5,190.0,25.65151067676132,11.471704319759988,5,0.31371283400115285,0.17042941942554354,0.0762183534402677,5,0.5721838865609624,0.13678525705900924,0.06117222662074552,5,0.875717615250147,0.01774816018440056,0.00793721852957497,5
small_long,rotatable_xlink,4.95,pulse_04,5,0.013403224540688702,0.014404269731251218,0.00644178525706407,5,190.0,25.65151067676132,11.471704319759988,5,0.3103597021836015,0.16440549929243314,0.07352437445853481,5,0.5729102744826016,0.13345233233808215,0.05968169737276902,5,0.8644736820174137,0.021296408431965445,0.009524043386094888,5
small_long,rotatable_xlink,5.0,pulse_04,5,0.022245778402239756,0.01849142239886708,0.008269615496905804,5,190.0,25.65151067676132,11.471704319759988,5,0.3025348337075423,0.15121554603675724,0.06762564803858762,5,0.5691309077818866,0.1298150059650065,0.05805503556745904,5,0.8692003296986173,0.02609090365985562,0.011668206835567043,5
small_long,rotatable_xlink,5.05,pulse_05,5,0.021457859541436464,0.01280003736510708,0.005724350732583345,5,196.4,26.28307440159922,11.754148203932091,5,0.2769908286102941,0.1473104834343414,0.0658792509515088,5,0.5398498709109001,0.1161407939337589,0.05193974203933602,5,0.8760097737071556,0.016390574141497378,0.007330087594127678,5
small_long,rotatable_xlink,5.1,pulse_05,5,0.02079994085562418,0.02034963194300879,0.009100632068333754,5,196.0,25.65151067676132,11.471704319759988,5,0.2811612723459553,0.1440144645650722,0.06440522650214722,5,0.5349702883209064,0.10532622096702182,0.04710331797908488,5,0.87186461847017,0.016098095211172884,0.00719928704008928,5
small_long,rotatable_xlink,5.15,pulse_05,5,0.020657591639688003,0.02324716382016639,0.010396447717193148,5,196.0,25.65151067676132,11.471704319759988,5,0.28581728443573223,0.1477534213834659,0.06607733882432015,5,0.5310821242460071,0.10869865038639522,0.04861151426529269,5,0.8698935533098568,0.02940406119856184,0.013149895930909643,5
small_long,rotatable_xlink,5.2,pulse_05,5,0.010037978720196192,0.006719295332457647,0.0030049602248544693,5,196.0,25.65151067676132,11.471704319759988,5,0.290327661744929,0.14474191346136556,0.06473055153860105,5,0.5416084400354808,0.12895715670785213,0.05767139371677007,5,0.8523858575309917,0.018467575275434085,0.008258950739093003,5
small_long,rotatable_xlink,5.25,pulse_05,5,0.01265141522102784,0.008279221645862938,0.0037025804801874436,5,195.6,25.035974117257748,11.196428001822722,5,0.2894894774387946,0.13811672339173436,0.061767676466690666,5,0.5376394389010392,0.11938516326377566,0.0533906681125426,5,0.8595868761821798,0.016919669576950798,0.007566706266179418,5
small_long,rotatable_xlink,5.3,pulse_05,5,0.015115794603503235,0.01220430395484783,0.005457930652221854,5,195.2,25.59687480924185,11.447270417003347,5,0.2816206394494747,0.13705301983467916,0.06129197377439392,5,0.537656151715028,0.11835246918147463,0.05292883327894523,5,0.8569492114823568,0.02184679702926834,0.009770184649616893,5
small_long,rotatable_xlink,5.35,pulse_05,5,0.012864207398878474,0.012385148138814268,0.005538806629958741,5,195.2,25.59687480924185,11.447270417003347,5,0.2932190705169323,0.14791273628487275,0.06614858661419504,5,0.5498093800128346,0.12204860711211529,0.05458179641237081,5,0.8651189966411973,0.026271432485578117,0.011748941780809785,5
small_long,rotatable_xlink,5.4,pulse_05,5,0.012882982634146573,0.015565642966056389,0.006961167157118707,5,195.2,25.59687480924185,11.447270417003347,5,0.3002403678037163,0.15228584530411918,0.06810430042220551,5,0.5410659495302738,0.12238527529151522,0.05473235899937068,5,0.8617698569422153,0.01950035545553392,0.008720824076796543,5
small_long,rotatable_xlink,5.45,pulse_05,5,0.013301607216774277,0.013635862247323407,0.006098142983367637,5,194.8,25.163465580082566,11.253443917308159,5,0.28760229850784025,0.14142525219948068,0.06324729553061809,5,0.5431497713992467,0.12207795676260723,0.05459492197509398,5,0.8635053675564768,0.014737473369930854,0.006590798454351659,5
small_long,rotatable_xlink,5.5,pulse_05,5,0.005228451000022905,0.004378939347631636,0.0019583212101305842,5,194.4,24.75479751482528,11.070682002478437,5,0.28760229850784025,0.14142525219948068,0.06324729553061809,5,0.537336787972839,0.12309510699405148,0.05504980538726178,5,0.8591134159934632,0.0162609438355356,0.007272115158912752,5
small_long,rotatable_xlink,5.55,pulse_05,5,0.005263183491513441,0.003077951820213732,0.0013765019002934232,5,194.0,24.372115213907882,10.89954127475097,5,0.28764871018630994,0.144190784509313,0.0644840791783695,5,0.5386178777702229,0.12434129288769001,0.0556071166614172,5,0.8576232974189338,0.02624271999179644,0.011736101163229913,5
small_long,rotatable_xlink,5.6,pulse_05,5,0.0043091674258745275,0.0017779256982807373,0.0007951125440599019,5,193.6,24.95596121170251,11.160645142642965,5,0.2909566940435534,0.1445721033970965,0.0646546101692072,5,0.5323593533669589,0.12116405046196656,0.054186210652434404,5,0.8649579743832554,0.019981846065761737,0.008936153223795994,5
small_long,rotatable_xlink,5.65,pulse_05,5,0.011692082248954957,0.018055288417720503,0.008074570451077533,5,193.2,25.203174403237384,11.271202242884296,5,0.2851946488124816,0.13739512061149345,0.06144496589281636,5,0.5347983777572028,0.12077880067978491,0.05401392171217937,5,0.8564590796555368,0.022362358233903385,0.010000750629642022,5
small_long,rotatable_xlink,5.7,pulse_05,5,0.021783854008392257,0.040250505180072144,0.018000573142269743,5,193.2,25.203174403237384,11.271202242884296,5,0.2889359914926034,0.13628862633997751,0.06095012661125161,5,0.5335663810658884,0.1183769100417638,0.05293976356395226,5,0.8647903857207442,0.032185809347892565,0.01439393152254719,5
small_long,rotatable_xlink,5.75,pulse_05,5,0.02014741384205189,0.03061379653363477,0.013690906019710954,5,192.4,24.75479751482528,11.070682002478437,5,0.2886074022107156,0.13213017492429308,0.05909041060193149,5,0.5295963953211997,0.12266915393616777,0.0548593133887314,5,0.8596240685672021,0.027109953016963846,0.012123939562551334,5
small_long,rotatable_xlink,5.8,pulse_05,5,0.016384086224051367,0.013154609936296028,0.005882920407010419,5,192.0,25.019992006393608,11.18928058455949,5,0.2869286840193835,0.1282206544966831,0.0573420199148195,5,0.5327881441221489,0.12857248277100747,0.05749936230237864,5,0.8616740974278073,0.022934020790868637,0.010256405897155152,5
small_long,rotatable_xlink,5.85,pulse_05,5,0.017867967156212736,0.01902356958496958,0.008507598953337888,5,191.2,25.203174403237384,11.271202242884296,5,0.2817607493075658,0.13462697688507183,0.0602070143840627,5,0.52673102455874,0.12956992447006419,0.05794543179091538,5,0.869395730794665,0.021334871022831513,0.009541244379648345,5
small_long,rotatable_xlink,5.9,pulse_05,5,0.033363035440567436,0.05385819138414958,0.02408611541603039,5,191.2,25.203174403237384,11.271202242884296,5,0.29614936076546566,0.1588599105194912,0.07104431176422324,5,0.5445813840757661,0.14638564669734216,0.06546565138910493,5,0.8609036244656076,0.024383796439553653,0.010904765277671861,5
small_long,rotatable_xlink,5.95,pulse_05,5,0.027747518179547837,0.034926643241782775,0.01561966970290198,5,190.4,23.933240482642546,10.703270528207721,5,0.30092059106421887,0.1654886540062696,0.07400877597259235,5,0.5484534453025673,0.1406502770309705,0.06290071609908546,5,0.8620857069941502,0.027138389640476383,0.012136656807196253,5
small_long,rotatable_xlink,6.0,pulse_05,5,0.018868485059583724,0.017205729341508682,0.007694636082015221,5,190.0,24.20743687382041,10.825894882179487,5,0.3027548994215661,0.18055051832032845,0.08074464646741511,5,0.553828640495307,0.1398625768993102,0.06254844589102987,5,0.8653106978637103,0.023421942992504167,0.010474611339272832,5
small_long,rotatable_xlink,6.05,pulse_06,5,0.018505786624688655,0.027769683092011752,0.012418979821472964,5,198.0,25.019992006393608,11.18928058455949,5,0.2904579667544144,0.16739579833208726,0.0748616768436786,5,0.5307346488655295,0.13667600402683858,0.06112336717940921,5,0.8660488431116754,0.01836302386841471,0.008212193928445289,5
small_long,rotatable_xlink,6.1,pulse_06,5,0.011324803689812897,0.01699391632714469,0.007599910422287816,5,197.6,24.633310780323463,11.01635148313633,5,0.27424292442848247,0.15992084590986905,0.07151877649474728,5,0.5289383065385678,0.12121863570019789,0.05421062191308506,5,0.867078696458566,0.02552843502390817,0.011416663214529027,5
small_long,rotatable_xlink,6.15,pulse_06,5,0.00830979462013125,0.004532697700371561,0.002027084035897557,5,197.6,24.633310780323463,11.01635148313633,5,0.2746314535681679,0.1565296874386303,0.07000220432191445,5,0.5277002654284039,0.12055544022975447,0.05391403188222877,5,0.8671713217236393,0.01747613223294025,0.007815563931325917,5
small_long,rotatable_xlink,6.2,pulse_06,5,0.0214456990723493,0.030735349596247675,0.013745266201886102,5,196.4,24.75479751482528,11.070682002478437,5,0.26634114896091715,0.148909776748742,0.06659447666490094,5,0.5220274076183132,0.11881618413780239,0.05313621291185167,5,0.8657064641562305,0.021724928733771565,0.00971568349101033,5
small_long,rotatable_xlink,6.25,pulse_06,5,0.031501816256343615,0.054048704905743754,0.024171315653013878,5,196.4,24.75479751482528,11.070682002478437,5,0.27223087327169415,0.15277134295125147,0.06832142157058632,5,0.5416126610745345,0.12055766236355088,0.05391502565067354,5,0.8622461202853066,0.03144882707410663,0.014064343030067648,5
small_long,rotatable_xlink,6.3,pulse_06,5,0.02150475064353243,0.03799325243000474,0.016991099023959934,5,195.6,24.34748446965312,10.888526071052958,5,0.2802141035115256,0.154274449940391,0.06899363145162053,5,0.5766184999928747,0.1410711434721191,0.0630889332934568,5,0.8693417583000788,0.022349414583229827,0.009994962053085404,5
small_long,rotatable_xlink,6.35,pulse_06,5,0.016140957075655375,0.017555546491492588,0.007851079067427071,5,195.6,24.34748446965312,10.888526071052958,5,0.2820659553633774,0.15233626036108605,0.068126846721099,5,0.5856362133584142,0.1623574269496458,0.07260844866227287,5,0.8596974129712278,0.014627514824124797,0.006541623497725785,5
small_long,rotatable_xlink,6.4,pulse_06,5,0.008989762996255868,0.006696129966301607,0.0029946003581647535,5,195.2,24.600812994695925,11.001818031580052,5,0.2741064430560391,0.156651919369418,0.07005686810316693,5,0.5889373405725848,0.1578749609650288,0.07060382893258603,5,0.8637328703772612,0.020402968639820673,0.009124484964287088,5
small_long,rotatable_xlink,6.45,pulse_06,5,0.004483146127239981,0.005330323742011668,0.0023837932458438283,5,195.2,24.600812994695925,11.001818031580052,5,0.2723365315516143,0.15328803528491938,0.06855249340689322,5,0.5760807473773999,0.15650116139679274,0.06998944708817889,5,0.860024977567803,0.018831800588904452,0.008421837251102186,5
small_long,rotatable_xlink,6.5,pulse_06,5,0.006628165605918274,0.003345224300493961,0.0014960297871777358,5,195.2,24.600812994695925,11.001818031580052,5,0.27628035609951723,0.1572507827461758,0.07032468794710002,5,0.5757730384702295,0.15996504897535688,0.07153854470659621,5,0.8681106373671039,0.020571110241574105,0.009199680174560363,5
small_long,rotatable_xlink,6.55,pulse_06,5,0.008124718337787783,0.005680979923914643,0.0025406114577369446,5,195.2,24.600812994695925,11.001818031580052,5,0.2764635062826675,0.1542907749890053,0.06900093223530805,5,0.5753690369311761,0.15780606236627293,0.07057301654251151,5,0.8708199084180898,0.016004612354380082,0.007157480235585364,5
small_long,rotatable_xlink,6.6,pulse_06,5,0.013595397560568495,0.005384247311332438,0.0024079085991619608,5,195.2,24.600812994695925,11.001818031580052,5,0.27705065800487116,0.14908435448739438,0.06667255020309792,5,0.5708961118541725,0.1514698294754047,0.06773936704946124,5,0.8689521079891691,0.015037716378893055,0.0067250712099133705,5
small_long,rotatable_xlink,6.65,pulse_06,5,0.01686800083297812,0.016546007391304508,0.007399599456634168,5,194.4,23.383755044902433,10.457533169921097,5,0.2799847386803908,0.14601991030968794,0.06530208910417692,5,0.5691232082536429,0.14544070923497002,0.06504306250903487,5,0.8664599661829419,0.01924815371884181,0.008608036031339132,5
small_long,rotatable_xlink,6.7,pulse_06,5,0.025839184105627695,0.029151704713909137,0.013037038680060377,5,193.6,23.16894473211933,10.361467077590895,5,0.276983032123219,0.14692261210508548,0.06570578961976091,5,0.5462166695811554,0.12930280870543198,0.057825973989399496,5,0.8608251216543816,0.01870543857715615,0.008365326441493619,5
small_long,rotatable_xlink,6.75,pulse_06,5,0.020948208085633316,0.029974509954774464,0.013405008370223969,5,193.2,22.565460332109335,10.09158064923429,5,0.2746108097509966,0.14055817458178965,0.06285952663163294,5,0.5481419515064374,0.12575239323487894,0.0562381799212948,5,0.8574380521097383,0.00877461815790768,0.003924128535537111,5
small_long,rotatable_xlink,6.8,pulse_06,5,0.006516980850924779,0.006554701216323507,0.002931351498379983,5,193.2,22.565460332109335,10.09158064923429,5,0.2693394144796014,0.1269956896489702,0.05679419898091275,5,0.5395472129116988,0.1222419631614832,0.0546682678664203,5,0.8638089180901141,0.024668746456061357,0.011032198799092044,5
small_long,rotatable_xlink,6.85,pulse_06,5,0.013669978337193852,0.01857004150963401,0.008304775032106892,5,193.2,22.565460332109335,10.09158064923429,5,0.27522455737409013,0.1294806156889612,0.057905491689808596,5,0.5461272994917854,0.12197914284290562,0.05455073104677878,5,0.8467172193829292,0.01496267753925698,0.006691512820637577,5
small_long,rotatable_xlink,6.9,pulse_06,5,0.01988972588159552,0.02959995110498917,0.01323750056028516,5,192.4,21.51278689523977,9.620810776644554,5,0.28324118229778605,0.13554551878017201,0.060617798807587796,5,0.5485136805891523,0.1285025309886226,0.057468078914266675,5,0.871867190801547,0.017854882581343493,0.007984946236432193,5
small_long,rotatable_xlink,6.95,pulse_06,5,0.007289521422790865,0.004682091815006665,0.0020938951150500543,5,192.4,21.51278689523977,9.620810776644554,5,0.2873503649116416,0.14970086982900616,0.06694826424570101,5,0.541625537807869,0.12924423783311748,0.05779978029900015,5,0.866845108713837,0.028334698578407924,0.012671662428657355,5
small_long,rotatable_xlink,7.0,pulse_06,5,0.020021904206039574,0.03245541020735598,0.0145145006922577,5,192.4,21.51278689523977,9.620810776644554,5,0.2817766994415774,0.14532395623539743,0.06499084898031061,5,0.5469105097199263,0.13002878709979546,0.05815064139739807,5,0.8609673969357583,0.02444337609292874,0.010931410108676376,5
small_long,rotatable_xlink,7.05,pulse_07,5,0.008201852610946716,0.00799168447575679,0.0035739899485043906,5,199.2,21.33541656495134,9.54148835350125,5,0.27874094053318443,0.14353579826082558,0.06419116042318042,5,0.5243286873196569,0.12464909470861057,0.05574476982045251,5,0.864057553995307,0.013929861483145425,0.006229623438693842,5
small_long,rotatable_xlink,7.1,pulse_07,5,0.009597487608431645,0.015477258887853786,0.006921640595720772,5,198.8,21.844907873461036,9.769339793455849,5,0.27467518328692697,0.14404236873071918,0.06441770562439564,5,0.514210836099957,0.12585600882324022,0.05628451822111569,5,0.8671953894185018,0.019798906863554976,0.008854340325419215,5
small_long,rotatable_xlink,7.15,pulse_07,5,0.01016590816534485,0.009827826618370155,0.0043951376779515095,5,198.8,21.844907873461036,9.769339793455849,5,0.2722802663758811,0.1509060911848051,0.0674872556216012,5,0.5114352930589273,0.1314503919664073,0.05878640242117578,5,0.8761823161946201,0.012094336305146277,0.005408751624210143,5
small_long,rotatable_xlink,7.2,pulse_07,5,0.011923574673713746,0.005206379483920217,0.0023283636885411754,5,198.4,21.419617176784463,9.579144011862438,5,0.2729559837947177,0.15007043981105248,0.0671135409661608,5,0.5147744954806986,0.13034467068852548,0.058291908832873454,5,0.8591037096050215,0.012243115031449052,0.005475287493333911,5
small_long,rotatable_xlink,7.25,pulse_07,5,0.02075250246320376,0.027659057436481227,0.012369506524308618,5,198.0,21.6794833886788,9.695359714832659,5,0.26381230710377157,0.1448584773197435,0.0647826804808116,5,0.49094907587628106,0.15432830880013468,0.06901771786593602,5,0.8596228194585986,0.025516521271781438,0.011411335222604535,5
small_long,rotatable_xlink,7.3,pulse_07,5,0.01843477610941465,0.026222105364205606,0.011726882021505122,5,198.0,21.6794833886788,9.695359714832659,5,0.27203685921927423,0.1700387750265038,0.07604365195401122,5,0.5044260282912865,0.15463076834761919,0.06915298188765986,5,0.8657326260993401,0.015360541923865193,0.006869443182599594,5
small_long,rotatable_xlink,7.35,pulse_07,5,0.0017257456695767902,0.002615669328839963,0.0011697628851894816,5,198.0,21.6794833886788,9.695359714832659,5,0.2748943426077311,0.15650830213324102,0.06999264052260044,5,0.5060737501573926,0.16479568516272533,0.07369887088450146,5,0.8751917211482925,0.021589898016545265,0.009655295918456618,5
small_long,rotatable_xlink,7.4,pulse_07,5,0.005912592017888806,0.0024974763078380756,0.0011169053593042255,5,198.0,21.6794833886788,9.695359714832659,5,0.2743915268394286,0.16220346692399035,0.07253959564563622,5,0.5015282956119381,0.16775431516910005,0.07502201044740636,5,0.8694680526866533,0.023333886439953638,0.01043523125179938,5
small_long,rotatable_xlink,7.45,pulse_07,5,0.0062143545759879345,0.004042591285487705,0.0018079017839197535,5,198.0,21.6794833886788,9.695359714832659,5,0.27769728777793296,0.1507774480103658,0.06742972464502367,5,0.49897845583329453,0.16235573709470763,0.07260769293617009,5,0.8666020314877618,0.013229021608525576,0.0059161983184953595,5
small_long,rotatable_xlink,7.5,pulse_07,5,0.00960728192133213,0.007322148738763622,0.0032745644642479615,5,198.0,21.6794833886788,9.695359714832659,5,0.28040820710675113,0.15691865083541132,0.07017615404110678,5,0.5080477916475632,0.1552107731117975,0.06941236790365515,5,0.8638559959321013,0.009352822288488575,0.00418270928370712,5
small_long,rotatable_xlink,7.55,pulse_07,5,0.010033689136333486,0.0036124643924969335,0.0016155431895841248,5,198.0,21.6794833886788,9.695359714832659,5,0.2808707735841621,0.14978674338314216,0.06698666806660454,5,0.5015559294534457,0.15143616604003143,0.06772431230349109,5,0.8698642518265295,0.019539041925665922,0.008738125192201478,5
small_long,rotatable_xlink,7.6,pulse_07,5,0.006844487950783673,0.0034895166957600427,0.0015605593080679815,5,197.6,21.97271034715563,9.826494797230598,5,0.28168241137435246,0.15177714336145523,0.06787680199738896,5,0.5109567314428987,0.15286346241224,0.06836261864595052,5,0.8676113376388536,0.013359097306723149,0.005974369939173463,5
small_long,rotatable_xlink,7.65,pulse_07,5,0.004605770281158105,0.004557345865134954,0.002038107030283869,5,197.2,21.33541656495134,9.54148835350125,5,0.2807313180560025,0.15564173243237778,0.06960509877092608,5,0.4966944203269589,0.147553986042719,0.06598814862851497,5,0.8691679984057192,0.006818951326559563,0.00304952774028991,5
small_long,rotatable_xlink,7.7,pulse_07,5,0.010668847625079815,0.010049242348433497,0.004494157802693385,5,197.2,21.33541656495134,9.54148835350125,5,0.2785908659155504,0.14721050161619156,0.0658345377231294,5,0.49854627217881087,0.14532294425470796,0.0649903964087879,5,0.8702048435143744,0.010944016567860879,0.004894312998524173,5
small_long,rotatable_xlink,7.75,pulse_07,5,0.009903762023887663,0.01383649785524843,0.006187869954973107,5,197.2,21.33541656495134,9.54148835350125,5,0.2848810847057691,0.15877701067116257,0.0710072378249858,5,0.5017751399238074,0.14378886302153732,0.06430433442471264,5,0.8740825025198911,0.010395097913201186,0.0046488291133368114,5
small_long,rotatable_xlink,7.8,pulse_07,5,0.009349868296602585,0.012601408527967865,0.005635521216156341,5,197.2,21.33541656495134,9.54148835350125,5,0.2880064503311348,0.15799376087744899,0.07065695786856455,5,0.4942972603211033,0.13810736847730765,0.0617634928217743,5,0.8789936846855383,0.014328888579555806,0.006408073781181437,5
small_long,rotatable_xlink,7.85,pulse_07,5,0.017375936380212044,0.0266214797533196,0.011905487678011391,5,196.8,20.909328061896204,9.350935782048769,5,0.28876160073581786,0.16528524991467686,0.07391781089745175,5,0.5099541567375256,0.12563527908908093,0.05618580488306856,5,0.8612134857536772,0.015579066715303055,0.006967170440284398,5
small_long,rotatable_xlink,7.9,pulse_07,5,0.014711164492688214,0.008731165190792802,0.003904695777878525,5,196.8,20.909328061896204,9.350935782048769,5,0.3026525216360846,0.18002980068323782,0.08051177446069156,5,0.49067115909174613,0.13890387144036306,0.062119699775708685,5,0.8696364403846918,0.018676789172153773,0.008352514038073572,5
small_long,rotatable_xlink,7.95,pulse_07,5,0.01237923712639459,0.0069149077055935555,0.0030924407375688585,5,196.4,21.419617176784463,9.579144011862438,5,0.29678314536904427,0.1793086233582115,0.08018925415617349,5,0.4935534477689879,0.13256274861438308,0.05928386343719532,5,0.8560619578080303,0.017060864165225696,0.007629850405666972,5
small_long,rotatable_xlink,8.0,pulse_07,5,0.015901651772820494,0.009278267275232966,0.0041493672681665325,5,196.4,21.419617176784463,9.579144011862438,5,0.2971479687177386,0.17495859693368795,0.0782438631983425,5,0.4946212132854284,0.12525981079040477,0.05601789035522134,5,0.8638650687299878,0.025527152949889425,0.011416089853597407,5
