scenario,condition,run_dir,time_min,phase_name,z_com,theta_com,vz_abs,vz_signed,Dz,top_bias,nematic_xy,shell_occ,swirl_rate_abs,speckle_length_proxy_um,seed_zone_mass_fraction,chewer_band_mass_fraction,bottom_half_mass_fraction,axial_spread_entropy
large_long,nomotor_xlink,r0001,0.0,initial,1.038894,-0.6334356251143096,0.10277106474820157,0.10277106474820157,1.0,0.1773049645390071,0.0,0.004926215277777778,0.01539369429783092,500.0,0.28800000000000003,0.18000000000000002,0.47600000000000015,0.9381029437415531
large_long,nomotor_xlink,r0001,0.05,initial,1.3472071942446047,-0.5872545422208169,0.07802832240437159,0.07802832240437159,1.0,0.1282051282051282,0.11306354377028642,0.0054904513888888885,0.004377661624187641,556.0,0.2985611510791366,0.16906474820143885,0.4712230215827338,0.948918753969769
large_long,nomotor_xlink,r0001,0.1,initial,1.5070639344262295,-0.6071696553691838,0.06566341557384718,0.06566341557384718,1.0,0.15294117647058825,0.03717670819333827,0.006032986111111111,0.04492619305284418,610.0,0.29836065573770504,0.16721311475409836,0.459016393442623,0.9490780818807365
large_long,nomotor_xlink,r0001,0.15000000000000002,initial,1.7411876876876877,-0.8568117005378819,0.08954539665615231,0.08954539665615231,1.0,0.12953367875647667,0.01749452241115585,0.0064670138888888885,0.042970179446974864,666.0,0.31531531531531526,0.15615615615615613,0.4414414414414414,0.9539109310706964
large_long,nomotor_xlink,r0001,0.2,initial,2.0443363143631434,-0.8649907320510329,0.07444456287456284,0.07444456287456284,1.0,0.17370892018779344,0.12196300639268835,0.006944444444444444,0.025428289226343475,738.0,0.32336956521739124,0.14402173913043478,0.4320652173913042,0.9509452320685573
large_long,nomotor_xlink,r0001,0.25,initial,2.1878550649350648,-0.7042419651798211,0.07107306205894148,0.07107306205894148,1.0,0.19823788546255505,0.09365661779332052,0.007486979166666667,0.02421292542648157,770.0,0.33506493506493495,0.13766233766233765,0.42337662337662324,0.9574743285350457
large_long,nomotor_xlink,r0001,0.30000000000000004,initial,2.4707746867167923,-0.7197131794921435,0.07942928404928407,0.07942928404928407,1.0,0.23529411764705882,0.06247334248777894,0.0078125,0.017962074391410825,798.0,0.3533834586466166,0.14035087719298248,0.4110275689223058,0.9549724626275139
large_long,nomotor_xlink,r0001,0.35000000000000003,initial,2.664430769230769,-0.5964695188313561,0.03525639956589285,0.03525639956589285,1.0,0.25301204819277107,0.06480252996638955,0.008094618055555556,0.031887911233649945,832.0,0.360576923076923,0.12980769230769232,0.4038461538461539,0.9536195972879655
large_long,nomotor_xlink,r0001,0.4,initial,2.6823130841121494,-0.5283857120902439,0.008587930443721007,0.008587930443721007,1.0,0.30158730158730157,0.028398269372412625,0.008268229166666667,0.008630113893919303,856.0,0.36214953271028044,0.13317757009345793,0.397196261682243,0.9479043992600387
large_long,nomotor_xlink,r0001,0.45,initial,2.715958351893095,-0.5446888354678403,0.03193411721775089,0.03193411721775089,1.0,0.3282442748091603,0.036683628750137635,0.008810763888888889,0.006193006594087401,898.0,0.36080178173719374,0.133630289532294,0.3986636971046771,0.955206846353102
large_long,nomotor_xlink,r0001,0.5,initial,2.873917787418655,-0.49122767252571947,0.05811139749150174,0.05811139749150174,1.0,0.3533834586466165,0.011509117791082324,0.008984375,0.002151616949526036,922.0,0.368763557483731,0.12364425162689804,0.3882863340563991,0.9552211033958664
large_long,nomotor_xlink,r0001,0.55,initial,3.0646267368421056,-0.5317791337706841,0.06752030840138445,0.06752030840138445,1.0,0.391304347826087,0.013641639186618593,0.009049479166666667,0.005056986218630201,950.0,0.3768421052631579,0.12000000000000002,0.3810526315789474,0.9520491834080119
large_long,nomotor_xlink,r0001,0.6000000000000001,initial,3.2790396378269615,-0.5215695898375007,0.046433052143280674,0.046433052143280674,1.0,0.40893470790378006,0.026918897929285524,0.009678819444444445,0.01759106389843333,994.0,0.3843058350100604,0.11871227364185108,0.3661971830985915,0.9514166605451115
large_long,nomotor_xlink,r0001,0.65,initial,3.3432250497017897,-0.4262327503800841,0.027587566872589713,0.027587566872589713,1.0,0.4033898305084746,0.06780689667456638,0.009809027777777778,0.012223289723967764,1006.0,0.3876739562624255,0.11332007952286283,0.3658051689860835,0.9479948161336974
large_long,nomotor_xlink,r0001,0.7000000000000001,initial,3.4445650390625,-0.4482298514936941,0.04077117897505563,0.04077117897505563,1.0,0.42953020134228187,0.01917326460902362,0.010047743055555556,0.004192616847286936,1024.0,0.390625,0.109375,0.359375,0.9471463469884033
large_long,nomotor_xlink,r0001,0.75,initial,3.5878521235521235,-0.45138845146380574,0.035607106473353634,0.035607106473353634,1.0,0.31189710610932475,0.040106255699439396,0.010069444444444445,0.013019508042581479,1036.0,0.38996138996139,0.10424710424710423,0.3494208494208494,0.9426935265785682
large_long,nomotor_xlink,r0001,0.8,initial,3.6582076779026216,-0.3701128032382052,0.03144753578505899,0.03144753578505899,1.0,0.322884012539185,0.017887622830709098,0.01032986111111111,0.0214048775467455,1068.0,0.38951310861423233,0.10112359550561796,0.348314606741573,0.9425553906406099
large_long,nomotor_xlink,r0001,0.8500000000000001,initial,3.7765373382624774,-0.32295918618333275,0.026575746553097506,0.026575746553097506,1.0,0.3211009174311927,0.01813056345397921,0.010438368055555555,0.004299032715262931,1082.0,0.39814814814814814,0.1,0.3425925925925926,0.9398085472628271
large_long,nomotor_xlink,r0001,0.9,initial,3.8176621572212066,-0.34431860694662764,0.012077589044823478,0.012077589044823478,1.0,0.32727272727272727,0.03425148233421222,0.0107421875,0.0036213826594058327,1094.0,0.3985374771480804,0.10054844606946985,0.34186471663619755,0.9393133710582613
large_long,nomotor_xlink,r0001,0.9500000000000001,initial,3.8490028725314183,-0.34468748213976774,0.023181573087245704,0.023181573087245704,1.0,0.34328358208955223,0.010474465219991071,0.010850694444444444,0.0006334371481224824,1114.0,0.400359066427289,0.09874326750448834,0.3339317773788151,0.9419493879426392
large_long,nomotor_xlink,r0001,1.0,initial,3.956751595744681,-0.34051798405789274,0.03591624107108752,0.03591624107108752,1.0,0.32947976878612717,0.040223342714587565,0.010980902777777777,0.0013898326939583334,1128.0,0.4078014184397163,0.09929078014184398,0.33156028368794327,0.9354500622250925
large_long,nomotor_xlink,r0001,1.05,pulse_01,4.61999905362776,0.09295269684342303,0.026764773922187086,0.026764773922187086,1.0,0.44525547445255476,0.02388115198282824,0.012261284722222222,0.017283848958622738,1268.0,0.4684542586750788,0.08832807570977917,0.29810725552050477,0.9386301230297294
large_long,nomotor_xlink,r0001,1.1,pulse_01,4.700293375394321,0.14480424371929124,0.020754272312039895,0.020754272312039895,1.0,0.44794188861985473,0.01879436111246162,0.012586805555555556,0.0009724293891199091,1268.0,0.471608832807571,0.08359621451104099,0.2933753943217665,0.9401645553337732
large_long,nomotor_xlink,r0001,1.15,pulse_01,4.744524687499999,0.09878727317814248,0.018480603078451747,0.018480603078451747,1.0,0.45323741007194246,0.04381936813287943,0.012565104166666667,0.014847470931937813,1280.0,0.475,0.0828125,0.290625,0.9393358500010989
large_long,nomotor_xlink,r0001,1.2,pulse_01,4.811176993865032,0.05571941812766436,0.014720088755058184,0.014720088755058184,1.0,0.49056603773584906,0.020429821328164205,0.01252170138888889,0.016602095013005518,1304.0,0.4800613496932515,0.08282208588957055,0.2898773006134969,0.9396605080806764
large_long,nomotor_xlink,r0001,1.25,pulse_01,4.832845220030348,-0.0008252968998906193,0.006078671448559891,0.006078671448559891,1.0,0.49176470588235294,0.03641732444985722,0.012955729166666667,0.005221013750675826,1318.0,0.480243161094225,0.08206686930091187,0.28571428571428564,0.9376827657310437
large_long,nomotor_xlink,r0001,1.3,pulse_01,4.847649022556391,0.024393335623609402,0.007386965815837421,0.007386965815837421,1.0,0.4895591647331787,0.025969465319707254,0.013151041666666667,0.014932212375119014,1330.0,0.47969924812030074,0.08120300751879699,0.2842105263157894,0.9380803375315253
large_long,nomotor_xlink,r0001,1.35,pulse_01,4.877167014925373,0.08876797735082347,0.005553702400561781,0.005553702400561781,1.0,0.4760820045558087,0.013054371004272581,0.013237847222222222,0.008638944350987844,1340.0,0.48502994011976064,0.08083832335329344,0.28592814371257486,0.9366139862329904
large_long,nomotor_xlink,r0001,1.4,pulse_01,4.880971236959762,0.07622700172953646,0.0036748842582340715,0.0036748842582340715,1.0,0.4942528735632184,0.011329541834978685,0.012738715277777778,0.01159051377033572,1342.0,0.4843517138599106,0.07898658718330852,0.28315946348733234,0.9387060488017348
large_long,nomotor_xlink,r0001,1.45,pulse_01,4.899216320474777,0.1583110599728378,0.004934587350364191,0.004934587350364191,1.0,0.4863636363636364,0.03561171908701807,0.013216145833333333,0.023000046427013338,1348.0,0.4851632047477743,0.07863501483679526,0.28189910979228483,0.9370072738294299
large_long,nomotor_xlink,r0001,1.5,pulse_01,4.910578761061947,0.2142272802916165,0.014904904554301565,0.014904904554301565,1.0,0.4853273137697517,0.044963301409933286,0.013020833333333334,0.0037071124410307243,1356.0,0.48525073746312686,0.07817109144542773,0.28466076696165193,0.9351389093720789
large_long,nomotor_xlink,r0001,1.55,pulse_01,4.988645747800587,0.18055373461902213,0.016225583618629358,0.016225583618629358,1.0,0.4977578475336323,0.023293766855696934,0.012955729166666667,0.004884071178954845,1364.0,0.4897360703812314,0.07624633431085046,0.2800586510263929,0.9355132095099551
large_long,nomotor_xlink,r0001,1.6,pulse_01,5.007932262773723,0.18492285321788743,0.0060923995562155815,0.0060923995562155815,1.0,0.5112107623318386,0.0588719258642105,0.013151041666666667,0.011751598657516293,1370.0,0.491970802919708,0.07591240875912408,0.28029197080291973,0.9332062446474307
large_long,nomotor_xlink,r0001,1.65,pulse_01,5.02520014513788,0.2510633265641199,0.00891865947990933,0.00891865947990933,1.0,0.52,0.016364877072635457,0.013237847222222222,0.005203529658249699,1378.0,0.4919941775836971,0.07278020378457059,0.279475982532751,0.9315371987208433
large_long,nomotor_xlink,r0001,1.7000000000000002,pulse_01,5.061444219653179,0.21614403116738562,0.011920122590656371,0.011920122590656371,1.0,0.5231788079470199,0.018046390173461345,0.013411458333333333,0.012816534139616698,1384.0,0.4985549132947976,0.0736994219653179,0.2760115606936416,0.9338912988223376
large_long,nomotor_xlink,r0001,1.75,pulse_01,5.0967208806818185,0.3279625314018201,0.012538658426597848,0.012538658426597848,1.0,0.5421166306695464,0.06209866224299482,0.013519965277777778,0.002186909978085826,1408.0,0.502840909090909,0.07102272727272727,0.26846590909090906,0.9322060302707745
large_long,nomotor_xlink,r0001,1.8,pulse_01,5.136676170212766,0.22926549103590058,0.013158712121212002,0.013158712121212002,1.0,0.5454545454545454,0.018125313653616224,0.013541666666666667,0.006116271502636393,1410.0,0.502840909090909,0.06960227272727272,0.26988636363636365,0.9331042023292146
large_long,nomotor_xlink,r0001,1.85,pulse_01,5.1756731534090905,0.36466016041763843,0.013614579834883086,0.013614579834883086,1.0,0.5599128540305011,0.057682505427547125,0.013563368055555556,0.027125162087248175,1408.0,0.5028409090909091,0.06676136363636363,0.26562499999999994,0.930772873247903
large_long,nomotor_xlink,r0001,1.9,pulse_01,5.218363649222065,0.3920164635593896,0.0016449069659037658,0.0016449069659037658,1.0,0.5732758620689655,0.041828097882599495,0.013910590277777777,0.006137147150576366,1414.0,0.5091937765205092,0.06223479490806223,0.2644978783592645,0.9288543343660561
large_long,nomotor_xlink,r0001,1.9500000000000002,pulse_01,5.185542595204513,0.32783727751418024,0.0018122909559865619,0.0018122909559865619,1.0,0.5674518201284796,0.05809642034310305,0.013975694444444445,0.020028735120780933,1418.0,0.5035260930888577,0.06629055007052184,0.2665726375176304,0.9342524150640802
large_long,nomotor_xlink,r0001,2.0,pulse_01,5.229237394957984,0.5121888742840752,0.014564933251156967,0.014564933251156967,1.0,0.5787234042553191,0.046629070152967,0.013823784722222222,0.06145053225663166,1428.0,0.5119214586255258,0.06732117812061711,0.2650771388499299,0.9318966789568688
large_long,nomotor_xlink,r0001,2.05,pulse_02,5.61562129032258,0.6715889725395681,0.0034503655913977007,-0.0034503655913977007,1.0,0.60075329566855,0.10382726469957693,0.015017361111111112,0.010401381447484592,1550.0,0.545219638242894,0.06201550387596898,0.24547803617571065,0.9283655138662932
large_long,nomotor_xlink,r0001,2.1,pulse_02,5.605270193548387,0.6403848281971143,0.0008544527798613663,-0.0008544527798613663,1.0,0.60075329566855,0.04333037715801057,0.014952256944444445,0.006794031807942506,1550.0,0.5445161290322581,0.06193548387096774,0.24387096774193545,0.926825808167892
large_long,nomotor_xlink,r0001,2.15,pulse_02,5.610494573643412,0.630824781691913,0.0016073707593564635,-0.0016073707593564635,1.0,0.5969868173258004,0.09215993410362545,0.014713541666666666,0.003760063176969697,1548.0,0.5452196382428941,0.05813953488372092,0.24160206718346253,0.9292886346715279
large_long,nomotor_xlink,r0001,2.2,pulse_02,5.595625968992248,0.6629452072589325,0.005117937123169843,-0.005117937123169843,1.0,0.5856873822975518,0.042031086460873744,0.014930555555555556,0.003063973282212714,1548.0,0.5433376455368694,0.06338939197930143,0.24320827943078918,0.9287107182565634
large_long,nomotor_xlink,r0001,2.25,pulse_02,5.579786950904393,0.6124409419986367,0.006311046511627912,-0.006311046511627912,1.0,0.5939849624060151,0.02338982399820522,0.014887152777777777,0.010117300093005821,1548.0,0.5426356589147286,0.0607235142118863,0.24160206718346253,0.929646755889887
large_long,nomotor_xlink,r0001,2.3,pulse_02,5.557759689922481,0.6022414067008975,0.004203897502153294,-0.004203897502153294,1.0,0.5872420262664165,0.04014383065584595,0.01482204861111111,0.0017261017730152612,1548.0,0.5420439844760673,0.06209573091849936,0.2470892626131954,0.930258029758457
large_long,nomotor_xlink,r0001,2.35,pulse_02,5.554563565891473,0.6227975526367283,0.005375371195994146,0.005375371195994146,1.0,0.5856873822975518,0.07572266014142326,0.014908854166666667,0.010256786748329824,1548.0,0.5414507772020725,0.06088082901554405,0.24611398963730569,0.933426376943946
large_long,nomotor_xlink,r0001,2.4,pulse_02,5.590011917098446,0.6637821271908765,0.010696085321589758,0.010696085321589758,1.0,0.5735849056603773,0.007553713993008411,0.014605034722222222,0.006906715046909724,1544.0,0.5415584415584416,0.059740259740259746,0.24545454545454545,0.9298366525176963
large_long,nomotor_xlink,r0001,2.45,pulse_02,5.618740077821012,0.6642378429181867,0.00742955061346251,0.00742955061346251,1.0,0.5954631379962193,0.013962383204102632,0.01482204861111111,0.0039767576071680355,1542.0,0.5441558441558442,0.05714285714285715,0.24415584415584418,0.9287536385500773
large_long,nomotor_xlink,r0001,2.5,pulse_02,5.634589220779221,0.6399215815478683,0.0016052251250693317,0.0016052251250693317,1.0,0.6083650190114068,0.0405062083669559,0.01484375,0.010649362409887323,1540.0,0.5415584415584416,0.05714285714285715,0.24415584415584418,0.9263589118499351
large_long,nomotor_xlink,r0001,2.55,pulse_02,5.628371428571428,0.6003416684588627,0.0017697619047620055,-0.0017697619047620055,1.0,0.6106870229007634,0.050646730014527824,0.014605034722222222,0.011719084332255622,1540.0,0.5402597402597402,0.05584415584415585,0.24155844155844153,0.9270646050870761
large_long,nomotor_xlink,r0001,2.6,pulse_02,5.623970649350649,0.5696070755543345,0.0016430303030305164,0.0016430303030305164,1.0,0.6114285714285714,0.06912953459814715,0.014800347222222222,0.0034256475422902075,1540.0,0.5428571428571429,0.05584415584415584,0.2441558441558441,0.924406547424688
large_long,nomotor_xlink,r0001,2.65,pulse_02,5.638229610389611,0.5797877832051215,0.012168621104744185,0.012168621104744185,1.0,0.6121673003802282,0.038401422835212994,0.014605034722222222,0.021090508850506007,1540.0,0.5448634590377113,0.058517555266579965,0.24577373211963588,0.9265979679835092
large_long,nomotor_xlink,r0001,2.7,pulse_02,5.696982375979114,0.6961501286573706,0.00998257581409027,0.00998257581409027,1.0,0.6314779270633397,0.048912274718004654,0.014409722222222223,0.014928321455508134,1532.0,0.545691906005222,0.050913838120104436,0.24543080939947778,0.9218518148179948
large_long,nomotor_xlink,r0001,2.75,pulse_02,5.698125065274152,0.6693577119381703,0.0011353350739775614,-0.0011353350739775614,1.0,0.6238003838771593,0.04411596617465628,0.014778645833333333,0.001872950033069365,1532.0,0.5430809399477806,0.050913838120104436,0.24412532637075718,0.9212189120012526
large_long,nomotor_xlink,r0001,2.8,pulse_02,5.6901703655352485,0.6849124284589544,0.0054978459530028445,-0.0054978459530028445,1.0,0.6230769230769231,0.060860594849515996,0.014670138888888889,0.002604917075639146,1532.0,0.5437908496732026,0.05228758169934641,0.2418300653594771,0.9205447217632592
large_long,nomotor_xlink,r0001,2.85,pulse_02,5.665137989556135,0.6849872143920052,0.0015483071099053152,-0.0015483071099053152,1.0,0.6230769230769231,0.010039181965594498,0.01482204861111111,0.007018216428498832,1532.0,0.5443864229765013,0.04960835509138382,0.24412532637075718,0.9240328649332016
large_long,nomotor_xlink,r0001,2.9,pulse_02,5.680880522875817,0.6428031298879614,1.7197819075498444e-05,1.7197819075498444e-05,1.0,0.5102040816326531,0.017370718426369735,0.014626736111111111,0.010854904734843332,1530.0,0.5450980392156863,0.04836601307189543,0.2444444444444444,0.9190888613422561
large_long,nomotor_xlink,r0001,2.95,pulse_02,5.665241176470588,0.6198577859829452,0.0035122875816992285,-0.0035122875816992285,1.0,0.5046554934823091,0.041620711990364434,0.014583333333333334,0.0010215542347451294,1530.0,0.5450980392156863,0.04836601307189542,0.24575163398692806,0.9202562598504122
large_long,nomotor_xlink,r0001,3.0,pulse_02,5.659806797385621,0.6489324552964322,0.0018114596949890445,-0.0018114596949890445,1.0,0.49907235621521334,0.03611805138336729,0.014605034722222222,0.009691556437829004,1530.0,0.544502617801047,0.05104712041884816,0.24738219895287955,0.9216979354103452
large_long,nomotor_xlink,r0001,3.05,pulse_03,5.84751354679803,0.9697011416310416,0.003704351395731109,-0.003704351395731109,1.0,0.5379310344827586,0.017933608363743546,0.015516493055555556,0.007393860648444088,1624.0,0.5665024630541872,0.05049261083743841,0.23645320197044334,0.9172314316199204
large_long,nomotor_xlink,r0001,3.1,pulse_03,5.836400492610837,0.9918827235763739,0.0012241032579537088,-0.0012241032579537088,1.0,0.5300171526586621,0.04733020679279424,0.015277777777777777,0.001259637979947233,1624.0,0.5672009864364982,0.04932182490752158,0.23551171393341552,0.9196567758121208
large_long,nomotor_xlink,r0001,3.15,pulse_03,5.840168927250308,0.977258969510725,0.0015056310095791225,0.0015056310095791225,1.0,0.5257731958762887,0.059948797715324485,0.0154296875,0.007725391231225731,1622.0,0.5684340320591862,0.04932182490752158,0.23551171393341558,0.9187904425115181
large_long,nomotor_xlink,r0001,3.2,pulse_03,5.845434278668312,1.0382350709637282,0.003011207598199691,0.003011207598199691,1.0,0.5285961871750433,0.031516540756707054,0.015364583333333333,0.03712481682561201,1622.0,0.5662949194547708,0.048327137546468404,0.23543990086741012,0.9198126941839295
large_long,nomotor_xlink,r0001,3.25,pulse_03,5.858236172839506,1.200007870464397,0.0006187172266116647,-0.0006187172266116647,1.0,0.5275862068965518,0.034737979176710836,0.01545138888888889,0.02083360224943631,1620.0,0.567901234567901,0.04567901234567901,0.2358024691358025,0.9172384684617149
large_long,nomotor_xlink,r0001,3.3,pulse_03,5.841721975308642,1.1632366844603461,0.00197042930102187,-0.00197042930102187,1.0,0.5241379310344828,0.023751089021524032,0.015494791666666667,0.014445415860965519,1620.0,0.5679012345679012,0.046913580246913576,0.23580246913580244,0.9188626475682287
large_long,nomotor_xlink,r0001,3.35,pulse_03,5.846413597033375,1.113335375298604,0.003685347759516233,-0.003685347759516233,1.0,0.5259515570934256,0.059210689914509784,0.015603298611111111,0.01652955669301674,1618.0,0.5687732342007437,0.04584882280049567,0.23543990086741018,0.9184808518368784
large_long,nomotor_xlink,r0001,3.4,pulse_03,5.819609888751544,1.0640593443022457,0.0012129303636482607,-0.0012129303636482607,1.0,0.5241379310344828,0.10327718708384363,0.015494791666666667,0.007095723594471304,1618.0,0.5661310259579727,0.048207663782447466,0.23485784919653888,0.9198267554659609
large_long,nomotor_xlink,r0001,3.45,pulse_03,5.839136014851485,1.0707610337317761,0.0002687520397589201,0.0002687520397589201,1.0,0.5241379310344828,0.0663976811469275,0.015342881944444444,0.017663400692592906,1616.0,0.5643564356435644,0.04826732673267327,0.23514851485148514,0.9196155661779226
large_long,nomotor_xlink,r0001,3.5,pulse_03,5.821222400990098,1.1700397484578031,0.007261571782178233,-0.007261571782178233,1.0,0.5164075993091537,0.025294933967066925,0.015256076388888888,0.01563724019966099,1616.0,0.5631188118811882,0.04826732673267327,0.23514851485148522,0.919074114095222
large_long,nomotor_xlink,r0001,3.55,pulse_03,5.795566584158416,1.164584474929742,0.007477124587458454,-0.007477124587458454,1.0,0.5137931034482759,0.019057110900015297,0.015473090277777778,0.007698712852171645,1616.0,0.5588599752168527,0.049566294919454766,0.23667905824039653,0.9186165697681705
large_long,nomotor_xlink,r0001,3.6,pulse_03,5.776359653465347,1.1238474713447733,0.007366604785478644,-0.007366604785478644,1.0,0.5129533678756477,0.04160552727152482,0.015407986111111112,0.0009772359455297492,1616.0,0.5606435643564357,0.051980198019801985,0.23762376237623767,0.918365068444245
large_long,nomotor_xlink,r0001,3.65,pulse_03,5.751366955445544,1.1587210592565635,0.00038889722150662703,-0.00038889722150662703,1.0,0.5111876075731497,0.07060905323667588,0.015321180555555555,0.01396562600531063,1616.0,0.5606435643564356,0.050742574257425746,0.2376237623762376,0.91989867563824
large_long,nomotor_xlink,r0001,3.7,pulse_03,5.774026270136307,1.207641227376637,0.003915019419125532,0.003915019419125532,1.0,0.5094991364421416,0.014896744947797304,0.015668402777777778,0.002675546261269942,1614.0,0.5600991325898389,0.049566294919454766,0.2366790582403965,0.9167778220606836
large_long,nomotor_xlink,r0001,3.75,pulse_03,5.774857071960297,1.1747743368241832,0.0036870293072504743,-0.0036870293072504743,1.0,0.5138888888888888,0.05953040829149583,0.015299479166666666,0.009455410821254118,1612.0,0.5620347394540943,0.048387096774193554,0.2382133995037221,0.9185106377510223
large_long,nomotor_xlink,r0001,3.8,pulse_03,5.751904094292804,1.1509087624491123,0.0024098432563228003,-0.0024098432563228003,1.0,0.5113438045375218,0.017736325823436108,0.015169270833333333,0.0056924927301910495,1612.0,0.5602484472049689,0.049689440993788817,0.23602484472049684,0.9186352961776397
large_long,nomotor_xlink,r0001,3.85,pulse_03,5.76039801242236,1.2089292932053295,0.0009414501230418834,0.0009414501230418834,1.0,0.5181975736568457,0.04176148767032848,0.015690104166666666,0.0196321696747358,1610.0,0.5627329192546583,0.049689440993788817,0.23726708074534159,0.9189430994074871
large_long,nomotor_xlink,r0001,3.9,pulse_03,5.757552795031056,1.2687017804975271,0.0014607375647641696,0.0014607375647641696,1.0,0.5251299826689775,0.03573202064820398,0.015407986111111112,0.034847112530835646,1610.0,0.5639751552795031,0.049689440993788817,0.23602484472049695,0.9226775820604302
large_long,nomotor_xlink,r0001,3.95,pulse_03,5.769162437810945,1.4180119683903434,0.004551213265968339,0.004551213265968339,1.0,0.52,0.06794638882673291,0.015277777777777777,0.023439938482672968,1608.0,0.5646766169154229,0.05099502487562189,0.23507462686567165,0.9207597502100999
large_long,nomotor_xlink,r0001,4.0,pulse_03,5.784860074626866,1.409341411393565,0.005232545605306764,0.005232545605306764,1.0,0.5226480836236934,0.07516484794258355,0.015386284722222223,0.0028901856655928113,1608.0,0.5634328358208955,0.05099502487562189,0.24004975124378106,0.9199714017313007
large_long,nomotor_xlink,r0001,4.05,pulse_04,5.99825,1.3434692519656497,0.001641072124756171,-0.001641072124756171,1.0,0.5652173913043478,0.036778498023125196,0.016145833333333335,0.020948439840066557,1712.0,0.5887850467289719,0.04906542056074767,0.22546728971962615,0.9189039208139788
large_long,nomotor_xlink,r0001,4.1,pulse_04,5.993326783625731,1.28062393244545,0.0020065399610135573,-0.0020065399610135573,1.0,0.5616883116883117,0.060211840900110676,0.016167534722222224,0.004095641234891627,1710.0,0.5883040935672514,0.04912280701754386,0.22222222222222218,0.9191789265117996
large_long,nomotor_xlink,r0001,4.15,pulse_04,5.986210760233918,1.3188954045563,0.00020823052622453986,-0.00020823052622453986,1.0,0.5613747954173486,0.06889798705187307,0.01644965277777778,0.004757846122699472,1710.0,0.5861664712778427,0.046893317702227426,0.223915592028136,0.9180193600106051
large_long,nomotor_xlink,r0001,4.2,pulse_04,5.992077400468384,1.3091710091816469,0.002885408659724161,0.002885408659724161,1.0,0.5639344262295082,0.05651485744243143,0.01599392361111111,0.016503498996094674,1708.0,0.5878220140515221,0.04800936768149882,0.22248243559718966,0.9185531437169541
large_long,nomotor_xlink,r0001,4.25,pulse_04,6.003523212192263,1.219874410579732,0.0023974448221045406,-0.0023974448221045406,1.0,0.5592105263157895,0.06238546306795848,0.016297743055555557,0.013087163639976787,1706.0,0.5887191539365453,0.04700352526439484,0.2209165687426557,0.9144636071491624
large_long,nomotor_xlink,r0001,4.3,pulse_04,5.977692731535757,1.2306480273417861,0.004144029105596451,-0.004144029105596451,1.0,0.5540983606557377,0.0778779363824712,0.016297743055555557,0.0020889647242049447,1706.0,0.5826494724501758,0.04806565064478312,0.22157092614302468,0.916183535020434
large_long,nomotor_xlink,r0001,4.35,pulse_04,5.9786590375586846,1.2073406222345022,0.0021979278694179705,-0.0021979278694179705,1.0,0.5435139573070608,0.07840153992115526,0.016102430555555554,0.012399738498980092,1704.0,0.5776470588235294,0.047058823529411764,0.2211764705882353,0.9175534522014289
large_long,nomotor_xlink,r0001,4.4,pulse_04,5.964505164319249,1.1562495963479056,0.0002753151268232538,0.0002753151268232538,1.0,0.555921052631579,0.035145273167782695,0.015950520833333332,0.01864387007771599,1704.0,0.5811764705882354,0.047058823529411764,0.2235294117647059,0.9186185501127835
large_long,nomotor_xlink,r0001,4.45,pulse_04,5.980310928319624,1.0954774017682063,0.002694573998370734,-0.002694573998370734,1.0,0.5617792421746294,0.05836021008072983,0.016189236111111113,0.007249782711929627,1702.0,0.5840188014101056,0.04700352526439483,0.22209165687426555,0.9190383622202241
large_long,nomotor_xlink,r0001,4.5,pulse_04,5.948337720329024,1.1127509000763278,0.007503153153153086,-0.007503153153153086,1.0,0.5686274509803921,0.07273608140039822,0.01623263888888889,0.002497315664440299,1702.0,0.5816686251468861,0.04582843713278496,0.22444183313748528,0.917550584690938
large_long,nomotor_xlink,r0001,4.55,pulse_04,5.935292009400706,1.0804935077815645,0.000280482799935348,-0.000280482799935348,1.0,0.5672131147540984,0.10428840035713938,0.016341145833333334,0.010057943669917488,1702.0,0.582843713278496,0.04582843713278496,0.2256169212690952,0.9179817588226841
large_long,nomotor_xlink,r0001,4.6,pulse_04,5.946654823529412,1.052403238056823,0.00010867373749527214,0.00010867373749527214,1.0,0.5669421487603306,0.09280638965341165,0.01625434027777778,0.011064641572242554,1700.0,0.5788235294117647,0.044705882352941186,0.2223529411764706,0.9161988699477748
large_long,nomotor_xlink,r0001,4.65,pulse_04,5.935944051825677,1.1468813572150198,0.0028443355273794304,-0.0028443355273794304,1.0,0.5629139072847682,0.1096332494811243,0.016015625,0.014716369794083936,1698.0,0.5801886792452832,0.04599056603773585,0.22405660377358488,0.9200458835231619
large_long,nomotor_xlink,r0001,4.7,pulse_04,5.929588810365136,1.1407014568213265,0.00531544954848832,-0.00531544954848832,1.0,0.5643564356435643,0.0962976754840126,0.016059027777777776,0.0032025070056873606,1698.0,0.5759717314487633,0.04829210836277975,0.22261484098939927,0.9185293825176377
large_long,nomotor_xlink,r0001,4.75,pulse_04,5.904051354534747,1.166096399249144,0.007826187671770532,-0.007826187671770532,1.0,0.5610561056105611,0.05241348832755856,0.016102430555555554,0.00587712198432729,1698.0,0.5736160188457008,0.04711425206124853,0.22497055359246176,0.9188951693360701
large_long,nomotor_xlink,r0001,4.8,pulse_04,5.882631684334513,1.1759641887272902,0.0007471990262314007,-0.0007471990262314007,1.0,0.5537190082644629,0.09279933987566552,0.0158203125,0.008091570183930696,1698.0,0.5724381625441696,0.04475853945818611,0.22614840989399293,0.9174666705002871
large_long,nomotor_xlink,r0001,4.85,pulse_04,5.899568160377359,1.1175469781455598,0.0014896622134332738,0.0014896622134332738,1.0,0.5681063122923588,0.06250129910749513,0.015950520833333332,0.003448878006615234,1696.0,0.5754716981132076,0.04363207547169811,0.22405660377358486,0.9184655165101249
large_long,nomotor_xlink,r0001,4.9,pulse_04,5.891569657615112,1.1552709206875988,0.0048342020672844654,0.0048342020672844654,1.0,0.5659432387312187,0.09366999502267427,0.015603298611111111,0.0021012551321836215,1694.0,0.5756501182033099,0.0425531914893617,0.22340425531914895,0.9190700416834998
large_long,nomotor_xlink,r0001,4.95,pulse_04,5.928573372781066,1.1301545089386615,0.008394215831920349,0.008394215831920349,1.0,0.5738255033557047,0.05320744715014574,0.01623263888888889,0.00593648638064211,1690.0,0.5739644970414199,0.04142011834319527,0.221301775147929,0.916666509930821
large_long,nomotor_xlink,r0001,5.0,pulse_04,5.941934952606634,1.1908898389714515,0.004453859941856209,0.004453859941856209,1.0,0.5759599332220368,0.0718966049071436,0.01579861111111111,0.02024511001092999,1688.0,0.5781990521327014,0.03909952606635071,0.22037914691943125,0.9151777490198214
large_long,nomotor_xlink,r0001,5.05,pulse_05,6.270274126637554,1.3651476818263373,0.0055015934887571545,0.0055015934887571545,1.0,0.6265060240963856,0.02182344136041376,0.01720920138888889,0.009728771329134892,1832.0,0.6054644808743169,0.03606557377049181,0.2043715846994536,0.91293755374732
large_long,nomotor_xlink,r0001,5.1,pulse_05,6.286778907103826,1.3359613678389326,0.004125496197930456,0.004125496197930456,1.0,0.6234939759036144,0.0798947445631043,0.0171875,0.010967488345525633,1830.0,0.6050328227571117,0.038293216630196934,0.20350109409190367,0.9122494065533473
large_long,nomotor_xlink,r0001,5.15,pulse_05,6.295027103825137,1.2993427517531835,0.0005149908925320782,-0.0005149908925320782,1.0,0.6319758672699849,0.04843788050138911,0.01723090277777778,0.015403708162836907,1830.0,0.6065573770491801,0.03825136612021858,0.20327868852459016,0.9128061471864853
large_long,nomotor_xlink,r0001,5.2,pulse_05,6.283688961748633,1.2435391188619112,0.006277632058287945,-0.006277632058287945,1.0,0.6206373292867982,0.039490904222589406,0.016861979166666666,0.0032595433114379624,1830.0,0.6056955093099672,0.037239868565169774,0.2026286966046002,0.9118155062481845
large_long,nomotor_xlink,r0001,5.25,pulse_05,6.257361311475409,1.2797854918845557,0.002056785382613372,-0.002056785382613372,1.0,0.6229260935143288,0.06067219915521249,0.017361111111111112,0.010609756167980175,1830.0,0.6076502732240436,0.040437158469945354,0.20327868852459022,0.9136001528652835
large_long,nomotor_xlink,r0001,5.3,pulse_05,6.271348249452953,1.3071976558697922,0.0018394345788520876,0.0018394345788520876,1.0,0.6283987915407855,0.049436987226862406,0.017361111111111112,0.006541452076459249,1828.0,0.6078860898138007,0.039430449069003295,0.20153340635268352,0.9138985115908449
large_long,nomotor_xlink,r0001,5.35,pulse_05,6.268397918948522,1.3190342043433112,0.001381834155502008,0.001381834155502008,1.0,0.6120300751879699,0.04435168140141924,0.01694878472222222,0.012672930955070086,1826.0,0.6078860898138009,0.03943044906900329,0.20153340635268346,0.9134449298839292
large_long,nomotor_xlink,r0001,5.4,pulse_05,6.279639254385965,1.3832352416002127,0.002405817021203275,0.002405817021203275,1.0,0.6102719033232629,0.06894672415027542,0.01697048611111111,0.009924690158365538,1824.0,0.605927552140505,0.038419319429198684,0.20197585071350166,0.9115476920025808
large_long,nomotor_xlink,r0001,5.45,pulse_05,6.282832821075742,1.3785823452935044,0.004764726395885137,0.004764726395885137,1.0,0.6115326251896813,0.07231243897219589,0.017274305555555557,0.0002855652250457104,1822.0,0.6081229418221734,0.03622392974753019,0.19978046103183317,0.9121602518784863
large_long,nomotor_xlink,r0001,5.5,pulse_05,6.308227612761276,1.384948632950487,0.004346622331723005,0.004346622331723005,1.0,0.6255707762557078,0.08479362604742094,0.017013888888888887,0.001257597434932071,1818.0,0.6057268722466961,0.034140969162995596,0.197136563876652,0.9111782259916856
large_long,nomotor_xlink,r0001,5.55,pulse_05,6.30891255506608,1.371036760683912,0.0010809971342215323,-0.0010809971342215323,1.0,0.6280487804878049,0.07233581611559838,0.017122395833333335,0.00017694417045351538,1816.0,0.6090308370044053,0.034140969162995596,0.19933920704845814,0.9113512500653348
large_long,nomotor_xlink,r0001,5.6,pulse_05,6.301741629955947,1.386010297973208,0.0050146108663729665,-0.0050146108663729665,1.0,0.6422018348623854,0.06044191147054317,0.017317708333333334,0.0029436448783055624,1816.0,0.6041896361631751,0.03417861080485115,0.19955898566703412,0.9125575659958477
large_long,nomotor_xlink,r0001,5.65,pulse_05,6.278824889867842,1.3886986299537454,0.006855561674008766,-0.006855561674008766,1.0,0.6382978723404256,0.0719191645592982,0.0171875,0.00033927583991725613,1816.0,0.606828193832599,0.034140969162995596,0.19933920704845814,0.9100987603914545
large_long,nomotor_xlink,r0001,5.7,pulse_05,6.260608259911894,1.3880459530127116,0.002678955367536299,-0.002678955367536299,1.0,0.6319018404907976,0.06227373154227183,0.01740451388888889,0.007586102632032114,1816.0,0.6030871003307606,0.03528114663726571,0.19955898566703414,0.9106633522941564
large_long,nomotor_xlink,r0001,5.75,pulse_05,6.262751157662624,1.3431820141615527,0.003256779077561204,-0.003256779077561204,1.0,0.6369230769230769,0.08271328902065239,0.0171875,0.009057436082925974,1814.0,0.6030871003307605,0.03417861080485115,0.19845644983461957,0.9117936312064758
large_long,nomotor_xlink,r0001,5.8,pulse_05,6.241067585446527,1.3337013365151558,0.002996403392630113,-0.002996403392630113,1.0,0.6405529953917051,0.07296328176516775,0.01740451388888889,0.01089052129774278,1814.0,0.6015452538631347,0.03532008830022075,0.19867549668874168,0.9119133135478057
large_long,nomotor_xlink,r0001,5.85,pulse_05,6.244772737306843,1.277838886375096,0.0021824746899474037,-0.0021824746899474037,1.0,0.6477794793261868,0.09363474366100348,0.017296006944444445,0.02352941996935561,1812.0,0.6037527593818985,0.03421633554083885,0.19646799116997796,0.9117988132662568
large_long,nomotor_xlink,r0001,5.9,pulse_05,6.2279727373068425,1.192524816699022,0.0044536239882265365,-0.0044536239882265365,1.0,0.6466973886328725,0.06498790685702978,0.017035590277777776,0.019451785515653963,1812.0,0.6004415011037528,0.035320088300220744,0.2008830022075055,0.9111693516130158
large_long,nomotor_xlink,r0001,5.95,pulse_05,6.218050993377484,1.1611281732811722,0.00368328640756177,0.00368328640756177,1.0,0.6394453004622496,0.05495466915807186,0.01694878472222222,0.008314862588214197,1812.0,0.6004415011037528,0.035320088300220744,0.2030905077262693,0.9121994866678855
large_long,nomotor_xlink,r0001,6.0,pulse_05,6.250072455752213,1.2424139922283073,0.010673820791576341,0.010673820791576341,1.0,0.6408668730650154,0.07636867014590129,0.017035590277777776,0.02709527298237835,1808.0,0.5984513274336283,0.034292035398230086,0.2002212389380531,0.9122785557594897
large_long,nomotor_xlink,r0001,6.05,pulse_06,6.546822165474974,1.881299080263928,0.005076064010895109,-0.005076064010895109,1.0,0.6828929068150209,0.0661392889053093,0.018055555555555554,0.003914932600240044,1958.0,0.6302349336057199,0.0306435137895812,0.18488253319713993,0.9047866704900244
large_long,nomotor_xlink,r0001,6.1,pulse_06,6.5315939734422885,1.8695542824632079,0.0021972014032932328,-0.0021972014032932328,1.0,0.6722689075630253,0.07521006241563598,0.0181640625,0.0073715273542830735,1958.0,0.6253838280450357,0.03070624360286591,0.18423746161719545,0.9054007456304992
large_long,nomotor_xlink,r0001,6.15,pulse_06,6.5336389570552145,1.9255282443896264,0.0004258764836035193,0.0004258764836035193,1.0,0.6865464632454924,0.07807570344799752,0.018250868055555557,0.019517874149898584,1956.0,0.6278118609406953,0.029652351738241305,0.1850715746421268,0.9053808072897975
large_long,nomotor_xlink,r0001,6.2,pulse_06,6.53414923234391,1.9866615273625994,0.0017913042886118131,0.0017913042886118131,1.0,0.6869806094182825,0.04894931546967881,0.01818576388888889,0.03044122280974197,1954.0,0.6274309109518936,0.028659160696008185,0.18321392016376659,0.9053339756328848
large_long,nomotor_xlink,r0001,6.25,pulse_06,6.544386782786885,2.1081755812480782,0.005797698100108069,0.005797698100108069,1.0,0.6935933147632312,0.022956744664539664,0.017990451388888887,0.03650792114554432,1952.0,0.6290983606557379,0.027663934426229508,0.1834016393442623,0.9032350608128425
large_long,nomotor_xlink,r0001,6.3,pulse_06,6.568935420944558,2.2057090542358653,0.0016618880160118958,0.0016618880160118958,1.0,0.6983240223463687,0.027849075605321266,0.01792534722222222,0.0073648304032315854,1948.0,0.6283367556468172,0.02566735112936345,0.1817248459958932,0.9020585622180951
large_long,nomotor_xlink,r0001,6.35,pulse_06,6.554358110882957,2.1523645636674678,0.0016203114305269513,-0.0016203114305269513,1.0,0.6966292134831461,0.0279941235351622,0.017686631944444444,0.016294441618781057,1948.0,0.6269270298047277,0.025693730729701953,0.18191161356628985,0.904055279457264
large_long,nomotor_xlink,r0001,6.4,pulse_06,6.559213552361396,2.107942404523179,0.0026213381245720293,-0.0026213381245720293,1.0,0.6979020979020979,0.05798385278751401,0.018033854166666665,0.016272529929517592,1948.0,0.6293634496919918,0.02566735112936345,0.18172484599589322,0.9047765724849768
large_long,nomotor_xlink,r0001,6.45,pulse_06,6.5386300821355245,2.054729384090362,0.0038190595017308184,0.0038190595017308184,1.0,0.6974789915966386,0.06973276209742812,0.018337673611111112,0.0014309958315933773,1948.0,0.6262833675564681,0.02566735112936345,0.18275154004106775,0.9052394088903154
large_long,nomotor_xlink,r0001,6.5,pulse_06,6.582127909371781,2.116528379512739,0.00513607796883031,0.00513607796883031,1.0,0.6977401129943502,0.06386834839333416,0.017881944444444443,0.0022836180786727964,1942.0,0.6268041237113403,0.02371134020618557,0.1804123711340206,0.9011749704784271
large_long,nomotor_xlink,r0001,6.55,pulse_06,6.569446549948506,2.0410276756183254,0.005228990731204863,-0.005228990731204863,1.0,0.6949152542372882,0.04519077149718251,0.018077256944444446,0.002954260117555322,1942.0,0.6240988671472709,0.0247167868177137,0.18125643666323377,0.903631110305861
large_long,nomotor_xlink,r0001,6.6,pulse_06,6.550753964984552,2.0988028188074073,0.004173267846047768,0.004173267846047768,1.0,0.7029702970297029,0.02744615838101196,0.018250868055555557,0.006177376005489806,1942.0,0.6240988671472709,0.02368692070030896,0.1812564366632338,0.9046161539136222
large_long,nomotor_xlink,r0001,6.65,pulse_06,6.594486157024793,2.0780919316512643,0.005148426634806007,0.005148426634806007,1.0,0.6967095851216023,0.030271356546777033,0.018077256944444446,0.0001879776693909374,1936.0,0.6266804550155121,0.02171664943123061,0.17786970010341263,0.9028222780324917
large_long,nomotor_xlink,r0001,6.7,pulse_06,6.581644524793388,2.099930684823753,0.0034276687327821818,-0.0034276687327821818,1.0,0.701280227596017,0.01342596342890475,0.018294270833333334,0.00042150465942810317,1936.0,0.6260330578512395,0.02272727272727272,0.1787190082644628,0.9019935331068839
large_long,nomotor_xlink,r0001,6.75,pulse_06,6.5739201446281,2.080620959607833,0.0039765495867768825,-0.0039765495867768825,1.0,0.698005698005698,0.04576408674082049,0.018272569444444445,0.008949705052980613,1936.0,0.625,0.022727272727272728,0.17871900826446283,0.9017781898110707
large_long,nomotor_xlink,r0001,6.8,pulse_06,6.557785227272727,2.046232454505869,0.0037240530303031725,-0.0037240530303031725,1.0,0.6947218259629101,0.05526059338265848,0.018272569444444445,0.006380341408886547,1936.0,0.6215098241985523,0.023784901758014475,0.1789038262668045,0.9047091928932596
large_long,nomotor_xlink,r0001,6.85,pulse_06,6.551575826446281,2.0423389111545136,0.004854201101928209,-0.004854201101928209,1.0,0.6975748930099858,0.05062011425624907,0.017795138888888888,0.00044807611453083024,1936.0,0.621900826446281,0.02479338842975207,0.1787190082644628,0.9039308409892692
large_long,nomotor_xlink,r0001,6.9,pulse_06,6.528660020661158,2.048920911193054,0.002260017954766269,-0.002260017954766269,1.0,0.6885714285714286,0.056741165090393855,0.018033854166666665,0.0008953236375479623,1936.0,0.6219008264462809,0.024793388429752063,0.17975206611570246,0.9038154248159618
large_long,nomotor_xlink,r0001,6.95,pulse_06,6.538015718717683,2.036966969329226,0.001029651840630752,-0.001029651840630752,1.0,0.6896551724137931,0.040863274750297135,0.018294270833333334,0.009743638796893883,1934.0,0.6196891191709843,0.024870466321243522,0.18134715025906734,0.9046898780957527
large_long,nomotor_xlink,r0001,7.0,pulse_06,6.522482109617373,1.990459078411691,0.005177869700103403,-0.005177869700103403,1.0,0.6767676767676768,0.025706637363466404,0.018055555555555554,0.015502630305844978,1934.0,0.6204756980351605,0.025853154084798345,0.18097207859358844,0.9040944242083444
large_long,nomotor_xlink,r0001,7.05,pulse_07,6.731440406976744,1.5477272303960727,0.003438436692506208,-0.003438436692506208,1.0,0.7233201581027668,0.06068381237802203,0.019661458333333333,0.018341823797003148,2064.0,0.6434108527131783,0.02422480620155039,0.16860465116279072,0.8994490928468417
large_long,nomotor_xlink,r0001,7.1,pulse_07,6.721125096899225,1.4927017590050633,0.003578364305301266,0.003578364305301266,1.0,0.7266754270696452,0.04845181722046696,0.01916232638888889,0.009369251393200254,2064.0,0.6430649854510186,0.024248302618816685,0.17070805043646947,0.8992778465720906
large_long,nomotor_xlink,r0001,7.15,pulse_07,6.7529105928085515,1.4915117220368712,0.011620735961889986,0.011620735961889986,1.0,0.726790450928382,0.05146035751525175,0.0189453125,0.0035591858014787,2058.0,0.6439688715953307,0.022373540856031125,0.16828793774319067,0.8980254207690328
large_long,nomotor_xlink,r0001,7.2,pulse_07,6.790849512670565,1.471346644196191,0.007420429653859213,0.007420429653859213,1.0,0.5607094133697135,0.027917203239976693,0.01892361111111111,0.0027352791740091753,2052.0,0.6458536585365856,0.017560975609756096,0.16682926829268296,0.8969165356499117
large_long,nomotor_xlink,r0001,7.25,pulse_07,6.797433170731707,1.5079233970809263,0.0008082192424058535,0.0008082192424058535,1.0,0.5658073270013568,0.021586875136055155,0.01918402777777778,0.001067879175170187,2050.0,0.6439024390243905,0.017560975609756096,0.16780487804878055,0.8955821253271453
large_long,nomotor_xlink,r0001,7.3,pulse_07,6.795698828125,1.4777539192472122,0.001809125460492833,-0.001809125460492833,1.0,0.581081081081081,0.04546360676108062,0.018836805555555555,0.0027245737763146685,2048.0,0.6416015625,0.0185546875,0.16796875,0.8969288776460416
large_long,nomotor_xlink,r0001,7.35,pulse_07,6.78657841796875,1.4915759544230383,0.0025806616441636323,-0.0025806616441636323,1.0,0.5815217391304348,0.040904111710033816,0.018858506944444443,0.0032005091534595964,2048.0,0.642578125,0.0185546875,0.16796875,0.895284239210352
large_long,nomotor_xlink,r0001,7.4,pulse_07,6.780214858260019,1.4969569741679698,0.0006177337188622012,-0.0006177337188622012,1.0,0.5813953488372093,0.0628991332595425,0.019032118055555554,0.0022440912008082625,2046.0,0.639921722113503,0.016634050880626222,0.1673189823874755,0.8960357066026937
large_long,nomotor_xlink,r0001,7.45,pulse_07,6.782872015655577,1.4781114072181887,0.0001042913989337535,0.0001042913989337535,1.0,0.5813953488372093,0.08219110490053375,0.018858506944444443,0.005019782885944624,2044.0,0.6405484818805093,0.01762977473065622,0.1665034280117532,0.8970954448465625
large_long,nomotor_xlink,r0001,7.5,pulse_07,6.780840606653621,1.466838276852302,0.002108773646444758,-0.002108773646444758,1.0,0.582537517053206,0.014477561845434564,0.018771701388888888,0.0016792697733705546,2044.0,0.6395690499510283,0.01860920666013712,0.16748285994123407,0.8967701943110602
large_long,nomotor_xlink,r0001,7.55,pulse_07,6.770219373776908,1.488187025858412,0.0023096866808116623,0.0023096866808116623,1.0,0.5813953488372093,0.02967470165868554,0.019466145833333334,1.4073775559138765e-05,2044.0,0.6369863013698629,0.018590998043052837,0.16731898238747553,0.8968207336796248
large_long,nomotor_xlink,r0001,7.6,pulse_07,6.794698726738491,1.4667538341989472,0.0030542056777049056,0.0030542056777049056,1.0,0.5724137931034483,0.05092139639093881,0.018988715277777776,0.017238092648285314,2042.0,0.6382352941176472,0.01764705882352941,0.16666666666666669,0.8957817392189968
large_long,nomotor_xlink,r0001,7.65,pulse_07,6.7885446078431375,1.3847584699687001,0.0017739618165723374,-0.0017739618165723374,1.0,0.573187414500684,0.035368464164322794,0.01890190972222222,0.013229420403134018,2040.0,0.63921568627451,0.014705882352941176,0.16568627450980394,0.8960972009708095
large_long,nomotor_xlink,r0001,7.7,pulse_07,6.784054955839057,1.3873773117801431,0.002891483746890966,0.002891483746890966,1.0,0.5818431911966988,0.06985705617693573,0.019205729166666668,0.0008054089425387397,2038.0,0.6378802747791952,0.013738959764474975,0.16486751717369968,0.896301569477017
large_long,nomotor_xlink,r0001,7.75,pulse_07,6.805893510324483,1.3799260163134677,0.0013856948396721396,0.0013856948396721396,1.0,0.575,0.042823891139656754,0.018815104166666666,0.001053743890015187,2034.0,0.637795275590551,0.011811023622047246,0.16338582677165356,0.8938236174820119
large_long,nomotor_xlink,r0001,7.8,pulse_07,6.79236912487709,1.381054848440052,0.0011281014582800175,-0.0011281014582800175,1.0,0.5710306406685237,0.05380175243600628,0.019075520833333335,0.004256486183255433,2034.0,0.6381514257620451,0.011799410029498523,0.16420845624385444,0.8936771293880944
large_long,nomotor_xlink,r0001,7.85,pulse_07,6.799124901574803,1.354387099213935,0.0022770883981501435,-0.0022770883981501435,1.0,0.5766016713091922,0.0618393060512506,0.019032118055555554,0.002370580991394496,2032.0,0.638779527559055,0.010826771653543307,0.16338582677165356,0.8916528970101396
large_long,nomotor_xlink,r0001,7.9,pulse_07,6.778706594488189,1.366831362491685,0.0033939140419946647,-0.0033939140419946647,1.0,0.5732217573221757,0.06258730143792757,0.018641493055555555,0.007515929727895425,2032.0,0.6318897637795275,0.010826771653543307,0.16437007874015747,0.893132599575709
large_long,nomotor_xlink,r0001,7.95,pulse_07,6.778761417322835,1.3092915208465625,0.0016517224409449878,-0.0016517224409449878,1.0,0.5738161559888579,0.045048265552346124,0.018880208333333332,0.010182962482150707,2032.0,0.6338582677165354,0.010826771653543307,0.1643700787401575,0.8929938392393363
large_long,nomotor_xlink,r0001,8.0,pulse_07,6.768796259842519,1.3057335875987808,0.003321719160105374,-0.003321719160105374,1.0,0.5798319327731093,0.022205210612764793,0.018598090277777778,0.0011859777492605843,2032.0,0.6318897637795275,0.013779527559055118,0.1633858267716536,0.8948188448559988
large_long,nomotor_xlink,r0002,0.0,initial,0.47505244444444433,-2.6610187084434935,0.13859128345875762,0.13859128345875762,1.0,0.012345679012345678,0.0,0.004535590277777778,0.006628381923152442,450.0,0.2977777777777778,0.2799999999999999,0.4133333333333334,0.9122144664403994
large_long,nomotor_xlink,r0002,0.05,initial,0.8908262948207172,-2.680903854212951,0.09643449769342298,0.09643449769342298,1.0,0.01098901098901099,0.02778966820186469,0.005056423611111111,0.026353072481183126,502.0,0.3266932270916334,0.2828685258964144,0.40637450199203184,0.9284228488515639
large_long,nomotor_xlink,r0002,0.1,initial,1.0536594306049822,-2.8191371433305923,0.05987984272497521,0.05987984272497521,1.0,0.039603960396039604,0.005452840091530635,0.005425347222222222,0.028577145961189727,562.0,0.32740213523131684,0.2740213523131673,0.4021352313167261,0.9341915472991581
large_long,nomotor_xlink,r0002,0.15000000000000002,initial,1.2501053511705684,-2.852366729980089,0.09330004439411917,0.09330004439411917,1.0,0.06976744186046512,0.037483462235564494,0.005881076388888889,0.00416754204411407,598.0,0.34113712374581934,0.24749163879598662,0.40133779264214037,0.9362889311869698
large_long,nomotor_xlink,r0002,0.2,initial,1.6134596969696973,-2.794131891065908,0.11984882723936219,0.11984882723936219,1.0,0.11016949152542373,0.07468137071694123,0.006423611111111111,0.024111094320807307,660.0,0.35757575757575744,0.23939393939393935,0.3969696969696968,0.9540448642347851
large_long,nomotor_xlink,r0002,0.25,initial,1.9691983146067416,-2.7077001640552454,0.08661253314393935,0.08661253314393935,1.0,0.14173228346456693,0.05586024199195097,0.0067708333333333336,0.020042725458144856,712.0,0.3707865168539326,0.22471910112359555,0.3820224719101124,0.9545979795215608
large_long,nomotor_xlink,r0002,0.30000000000000004,initial,2.1331348958333334,-2.6738755383170387,0.05696894756554305,0.05696894756554305,1.0,0.1552346570397112,0.04983216449403397,0.007486979166666667,0.0023334963317317805,768.0,0.3828124999999999,0.21875,0.3828124999999999,0.9546927030043274
large_long,nomotor_xlink,r0002,0.35000000000000003,initial,2.311012,-2.6936991860648547,0.08581616815476194,0.08581616815476194,1.0,0.18055555555555555,0.10046921043974648,0.00798611111111111,0.009151145765753377,800.0,0.3925,0.20249999999999999,0.37499999999999994,0.9519715057396294
large_long,nomotor_xlink,r0002,0.4,initial,2.648031904761905,-2.6189686637225185,0.09669433027522929,0.09669433027522929,1.0,0.24,0.086280027233031,0.008116319444444445,0.00866901306921486,840.0,0.4119047619047619,0.20476190476190476,0.35952380952380947,0.9535658659569987
large_long,nomotor_xlink,r0002,0.45,initial,2.8911779816513756,-2.6416851076495655,0.07178683068783065,0.07178683068783065,1.0,0.267515923566879,0.05896235365835857,0.008420138888888888,0.006881264162926559,872.0,0.41972477064220176,0.1834862385321101,0.35321100917431203,0.9547277601710746
large_long,nomotor_xlink,r0002,0.5,initial,3.078752888888889,-2.660256248700078,0.07221517510111479,0.07221517510111479,1.0,0.2782874617737003,0.06273025339818737,0.0087890625,0.004828475001795507,900.0,0.42666666666666664,0.18444444444444444,0.3488888888888889,0.9543307477556963
large_long,nomotor_xlink,r0002,0.55,initial,3.3244690322580643,-2.6127142576387925,0.08529453926540646,0.08529453926540646,1.0,0.27380952380952384,0.03698948600037531,0.009006076388888888,0.008303258096014066,930.0,0.4408602150537632,0.17849462365591398,0.3354838709677418,0.9513714370969496
large_long,nomotor_xlink,r0002,0.6000000000000001,initial,3.5905201244813276,-2.6104367001239934,0.06729790912798068,0.06729790912798068,1.0,0.30659025787965616,0.08260502734553855,0.009331597222222222,0.004803110148835869,964.0,0.45435684647302904,0.16804979253112035,0.3257261410788382,0.9460009433150405
large_long,nomotor_xlink,r0002,0.65,initial,3.7282564870259485,-2.6415329185318077,0.039196999163195446,0.039196999163195446,1.0,0.3278236914600551,0.10263847588744113,0.009743923611111111,0.012841338368530186,1002.0,0.4590818363273453,0.15768463073852296,0.3213572854291417,0.9505666060808979
large_long,nomotor_xlink,r0002,0.7000000000000001,initial,3.8257021194605003,-2.6874847303351745,0.04328179359181683,0.04328179359181683,1.0,0.344,0.022374144456090133,0.01015625,0.0005949726320183905,1038.0,0.4605009633911368,0.15221579961464354,0.31791907514450873,0.9497861045687301
large_long,nomotor_xlink,r0002,0.75,initial,3.9879472485768495,-2.6379630827396974,0.04555279906619636,0.04555279906619636,1.0,0.3697916666666667,0.02875863090628796,0.010221354166666667,0.006481982851952746,1054.0,0.47058823529411775,0.1499051233396584,0.31309297912713463,0.9486895733373382
large_long,nomotor_xlink,r0002,0.8,initial,4.0990189138576785,-2.648592833223458,0.03193854296639631,0.03193854296639631,1.0,0.38219895287958117,0.0478826468308188,0.0103515625,0.006276262374706872,1068.0,0.4756554307116104,0.14794007490636704,0.3052434456928839,0.9512173915696266
large_long,nomotor_xlink,r0002,0.8500000000000001,initial,4.179578506375227,-2.600305508491456,0.030109044256402335,0.030109044256402335,1.0,0.38974358974358975,0.04665854464665076,0.010720486111111111,0.006820854690431292,1098.0,0.4726277372262774,0.14233576642335766,0.3065693430656935,0.9475778567116538
large_long,nomotor_xlink,r0002,0.9,initial,4.2796731793960925,-2.6076677050808703,0.023373292415722908,0.023373292415722908,1.0,0.40852130325814534,0.04696514012045079,0.010872395833333333,0.0004754435309167378,1126.0,0.47779751332149206,0.13854351687388988,0.3037300177619894,0.9445725395332341
large_long,nomotor_xlink,r0002,0.9500000000000001,initial,4.319818260869565,-2.5974528473059557,0.017137317441989097,0.017137317441989097,1.0,0.4114713216957606,0.07045480743774592,0.0111328125,0.006167950178752453,1150.0,0.4800000000000001,0.13565217391304346,0.3026086956521739,0.9461129853447671
large_long,nomotor_xlink,r0002,1.0,initial,4.382497084048027,-2.644675406153385,0.02089294105948743,0.02089294105948743,1.0,0.4187192118226601,0.03281830046813544,0.011241319444444444,0.015740852949143107,1166.0,0.48370497427101194,0.13207547169811323,0.30188679245283023,0.9463791333409082
large_long,nomotor_xlink,r0002,1.05,pulse_01,4.932089596273292,-2.5502747795452736,0.017205316907361972,0.017205316907361972,1.0,0.49036402569593146,0.03355851420827869,0.012413194444444444,0.018168735196801844,1288.0,0.5295031055900621,0.11801242236024845,0.2732919254658385,0.9393936005543112
large_long,nomotor_xlink,r0002,1.1,pulse_01,4.9837055469953775,-2.495768573954868,0.012253935695362816,0.012253935695362816,1.0,0.49469214437367304,0.01969924891375388,0.012673611111111111,0.006359720070137002,1298.0,0.5339506172839507,0.1188271604938272,0.2716049382716051,0.9405830586851189
large_long,nomotor_xlink,r0002,1.15,pulse_01,5.0056132104454685,-2.5121164591244516,0.0076920378991442995,0.0076920378991442995,1.0,0.5031847133757962,0.06931531848646195,0.01286892361111111,0.005424134664666476,1302.0,0.534562211981567,0.11674347158218128,0.27035330261136725,0.9414253694342928
large_long,nomotor_xlink,r0002,1.2,pulse_01,5.029857774390243,-2.528313381942867,0.008742528465846,0.008742528465846,1.0,0.5084033613445378,0.046709361205045596,0.012912326388888888,0.007182271115800942,1312.0,0.5343511450381679,0.11603053435114505,0.26717557251908397,0.9389085192145009
large_long,nomotor_xlink,r0002,1.25,pulse_01,5.0580683812405445,-2.5552100858192572,0.01535164838006923,0.01535164838006923,1.0,0.5156576200417536,0.03211940029101643,0.01310763888888889,0.006540858436564638,1322.0,0.5370650529500757,0.11497730711043874,0.2677760968229954,0.9383120034678328
large_long,nomotor_xlink,r0002,1.3,pulse_01,5.121967664670659,-2.5675585325622547,0.018951277777274456,0.018951277777274456,1.0,0.5196687370600414,0.026533249138147995,0.013194444444444444,6.985568812889476e-05,1336.0,0.5404191616766469,0.11377245508982037,0.2664670658682635,0.9368487082858404
large_long,nomotor_xlink,r0002,1.35,pulse_01,5.171776047904191,-2.5556292199480306,0.017583158756670603,0.017583158756670603,1.0,0.5195071868583162,0.04982392711575172,0.013368055555555555,0.0032075427895315776,1336.0,0.5389221556886229,0.11077844311377247,0.2649700598802396,0.9331627404930202
large_long,nomotor_xlink,r0002,1.4,pulse_01,5.227466617210682,-2.5483132758250653,0.012584605270171837,0.012584605270171837,1.0,0.5193482688391039,0.06467287515491636,0.012999131944444445,0.006338555413210638,1348.0,0.5438335809806835,0.10995542347696878,0.2600297176820208,0.9344710552905232
large_long,nomotor_xlink,r0002,1.45,pulse_01,5.247283679525222,-2.5936605524272944,0.003729580514050479,0.003729580514050479,1.0,0.5387755102040817,0.04468984145870196,0.012912326388888888,0.00669989386097658,1348.0,0.5461309523809523,0.10714285714285714,0.2604166666666666,0.9370323381107916
large_long,nomotor_xlink,r0002,1.5,pulse_01,5.249844100294985,-2.5885126389909248,0.0025095338046199345,0.0025095338046199345,1.0,0.5303643724696356,0.05634651675890568,0.013216145833333333,0.0018915409378354269,1356.0,0.5494830132939439,0.10635155096011817,0.258493353028065,0.934322465650411
large_long,nomotor_xlink,r0002,1.55,pulse_01,5.262340882352942,-2.582311306800282,0.007506130342992782,0.007506130342992782,1.0,0.5344129554655871,0.049099516660527406,0.013020833333333334,0.003688095399490887,1360.0,0.5529411764705883,0.10588235294117647,0.25588235294117634,0.9314265926334143
large_long,nomotor_xlink,r0002,1.6,pulse_01,5.294880882352942,-2.61064121138787,0.006029305531596603,0.006029305531596603,1.0,0.5456389452332657,0.022506494593033027,0.012912326388888888,0.01083565532489946,1360.0,0.551622418879056,0.10471976401179943,0.25811209439528027,0.9336459637759214
large_long,nomotor_xlink,r0002,1.65,pulse_01,5.2985167155425215,-2.6473252387496786,0.0025227969801058236,0.0025227969801058236,1.0,0.5425101214574899,0.06542111071480913,0.013194444444444444,0.006601477645641118,1364.0,0.5498533724340173,0.1070381231671554,0.2565982404692081,0.9315570706341934
large_long,nomotor_xlink,r0002,1.7000000000000002,pulse_01,5.310017664233577,-2.650250077261717,0.012102079201487204,0.012102079201487204,1.0,0.5483870967741935,0.07285526198059532,0.013302951388888888,0.01568875069858744,1370.0,0.5503649635036496,0.10510948905109488,0.2583941605839416,0.9308606858673996
large_long,nomotor_xlink,r0002,1.75,pulse_01,5.371129190751445,-2.7414577429412033,0.008542907280015388,0.008542907280015388,1.0,0.5568862275449101,0.0488710140397836,0.013368055555555555,0.014613095229844367,1384.0,0.5557163531114327,0.10419681620839363,0.2532561505065123,0.9273809374655472
large_long,nomotor_xlink,r0002,1.8,pulse_01,5.361275107913669,-2.737928648640783,0.0005878864245922877,0.0005878864245922877,1.0,0.5577689243027888,0.09990642616615537,0.013519965277777778,0.0034004579141557003,1390.0,0.5533141210374639,0.0994236311239193,0.25648414985590773,0.9306422962901569
large_long,nomotor_xlink,r0002,1.85,pulse_01,5.374656509298998,-2.7618604904261375,0.013077074238191303,0.013077074238191303,1.0,0.5573122529644269,0.062181324438049905,0.013628472222222222,0.0006893278809156911,1398.0,0.5550786838340485,0.10300429184549353,0.2517882689556509,0.9316662645491194
large_long,nomotor_xlink,r0002,1.9,pulse_01,5.439737553342817,-2.733792681355289,0.015642331192483667,0.015642331192483667,1.0,0.5594541910331384,0.09432469454460343,0.013758680555555555,0.004517066891367882,1406.0,0.5563480741797431,0.10128388017118402,0.25392296718972895,0.9326037875205547
large_long,nomotor_xlink,r0002,1.9500000000000002,pulse_01,5.4685104964539,-2.73475808907793,0.010376909192627645,0.010376909192627645,1.0,0.5672514619883041,0.08102342229936964,0.013671875,0.006160940374451214,1410.0,0.5574468085106382,0.09645390070921986,0.24822695035461,0.9267647764485331
large_long,nomotor_xlink,r0002,2.0,pulse_01,5.501999008498583,-2.6968270391085816,0.011162837348227464,0.011162837348227464,1.0,0.57421875,0.0504308685048837,0.013780381944444444,0.012643683323116198,1412.0,0.5574468085106383,0.0978723404255319,0.24680851063829792,0.9270276666574379
large_long,nomotor_xlink,r0002,2.05,pulse_02,5.826572715404699,-2.749167142151646,0.00034212318754060317,0.00034212318754060317,1.0,0.6217162872154116,0.05573260941791684,0.015234375,0.002605065248844962,1532.0,0.587467362924282,0.08877284595300261,0.22715404699738903,0.9251226307523793
large_long,nomotor_xlink,r0002,2.1,pulse_02,5.8275990849673205,-2.756982337898181,0.006520732909365723,0.006520732909365723,1.0,0.6274165202108963,0.05727578811769915,0.015104166666666667,0.005309189836737301,1530.0,0.5876963350785338,0.08900523560209424,0.22774869109947632,0.9281754858375724
large_long,nomotor_xlink,r0002,2.15,pulse_02,5.865697112860893,-2.7810222811720697,0.010466950578158052,0.010466950578158052,1.0,0.6296296296296297,0.0567303920688459,0.014865451388888888,0.008506946460139867,1524.0,0.5918635170603674,0.08530183727034121,0.22440944881889763,0.9227018759758207
large_long,nomotor_xlink,r0002,2.2,pulse_02,5.890400788436269,-2.80802401665902,0.0017328276810792964,0.0017328276810792964,1.0,0.6289752650176679,0.06991388309608307,0.014756944444444444,0.0048950623277665235,1522.0,0.5902503293807642,0.08432147562582346,0.22529644268774707,0.9227153588589575
large_long,nomotor_xlink,r0002,2.25,pulse_02,5.876094078947369,-2.810392655138669,0.009426425265693853,-0.009426425265693853,1.0,0.6353982300884956,0.06298229523497101,0.014973958333333334,0.003117101953001041,1520.0,0.5894736842105261,0.08289473684210527,0.2263157894736842,0.9239690981344417
large_long,nomotor_xlink,r0002,2.3,pulse_02,5.833842236842106,-2.8267266283770263,0.007068358788110037,-0.007068358788110037,1.0,0.6312056737588653,0.06881886961987714,0.014735243055555555,0.004074070963273242,1520.0,0.5889328063241108,0.08300395256916997,0.23056653491436102,0.9262117012640249
large_long,nomotor_xlink,r0002,2.35,pulse_02,5.833683926218709,-2.8348370809183083,0.003546784752559873,-0.003546784752559873,1.0,0.6221033868092691,0.06955763511290022,0.01484375,0.0012855971405506168,1518.0,0.5876152832674573,0.08036890645586298,0.22661396574440054,0.9242362130364595
large_long,nomotor_xlink,r0002,2.4,pulse_02,5.812561528326746,-2.83444021122033,0.008651778656126355,-0.008651778656126355,1.0,0.6256684491978609,0.0699578646000966,0.01484375,0.0033836438286293604,1518.0,0.5889328063241106,0.08036890645586296,0.23320158102766797,0.9215533020003898
large_long,nomotor_xlink,r0002,2.45,pulse_02,5.78177325428195,-2.8551389438900845,0.005413526570048344,-0.005413526570048344,1.0,0.6171735241502684,0.02882938849517991,0.014496527777777778,0.0030040015781479155,1518.0,0.5823451910408433,0.08300395256916997,0.22924901185770755,0.9264077430686685
large_long,nomotor_xlink,r0002,2.5,pulse_02,5.780080368906456,-2.8524642206892175,0.0009955086311084216,0.0009955086311084216,1.0,0.6164874551971327,0.07444832902191185,0.014887152777777777,0.0021183630793784047,1518.0,0.5785997357992073,0.08190224570673711,0.23249669749009252,0.9251644022016745
large_long,nomotor_xlink,r0002,2.55,pulse_02,5.787746306068601,-2.842428765413814,0.0043168300499821415,0.0043168300499821415,1.0,0.6258992805755396,0.0689308377813867,0.01482204861111111,0.0007037770181104186,1516.0,0.5804749340369394,0.08179419525065963,0.2308707124010554,0.9257380454113951
large_long,nomotor_xlink,r0002,2.6,pulse_02,5.805981349206349,-2.848241558580555,0.0018121676834518634,0.0018121676834518634,1.0,0.6294964028776978,0.06378903612367397,0.014973958333333334,0.003591404413520053,1512.0,0.5793650793650793,0.07936507936507937,0.2288359788359788,0.9244208462501713
large_long,nomotor_xlink,r0002,2.65,pulse_02,5.798619312169312,-2.8639771918949344,0.00632786531795156,0.00632786531795156,1.0,0.6376811594202898,0.09420557375150646,0.014670138888888889,0.00120352301220709,1512.0,0.5820105820105821,0.07936507936507937,0.23015873015873017,0.9245619269733107
large_long,nomotor_xlink,r0002,2.7,pulse_02,5.843948541114059,-2.8554626966537975,0.006007914549913303,0.006007914549913303,1.0,0.6304347826086957,0.06869254516552979,0.01447482638888889,0.003550855967132671,1508.0,0.5822281167108753,0.07692307692307691,0.2294429708222811,0.9235219540878177
large_long,nomotor_xlink,r0002,2.75,pulse_02,5.834666799468792,-2.8426720560921384,0.002103605331411925,0.002103605331411925,1.0,0.6240875912408759,0.055442937030908794,0.014583333333333334,0.003318326614530983,1506.0,0.5851063829787234,0.07579787234042554,0.226063829787234,0.9248768508126113
large_long,nomotor_xlink,r0002,2.8,pulse_02,5.85657017310253,-2.8355527369666116,0.008763610858450122,0.008763610858450122,1.0,0.6323529411764706,0.08616657347796866,0.014583333333333334,0.003016074504113527,1502.0,0.5845539280958719,0.0732356857523302,0.2237017310252996,0.9217085745371187
large_long,nomotor_xlink,r0002,2.85,pulse_02,5.887248464619493,-2.824575609067457,0.0028025424508261545,0.0028025424508261545,1.0,0.634011090573013,0.062052019101615785,0.014496527777777778,0.0006508938283102209,1498.0,0.5850066934404283,0.07095046854082998,0.22356091030789824,0.9221503232314615
large_long,nomotor_xlink,r0002,2.9,pulse_02,5.873385427807487,-2.8316473739967503,0.003937288666528686,-0.003937288666528686,1.0,0.640074211502783,0.0969943019961784,0.014605034722222222,0.0009324171884879107,1496.0,0.5788770053475935,0.07085561497326204,0.22192513368983957,0.926188012167119
large_long,nomotor_xlink,r0002,2.95,pulse_02,5.863624732620321,-2.8301701121983847,0.0038327682876708735,0.0038327682876708735,1.0,0.6414048059149723,0.08378677778560342,0.014605034722222222,0.0066944018880967055,1496.0,0.5815508021390375,0.07085561497326204,0.2259358288770054,0.9211162191620038
large_long,nomotor_xlink,r0002,3.0,pulse_02,5.896382037533512,-2.8718137853253305,0.010919101637730577,0.010919101637730577,1.0,0.6492537313432836,0.0612402722329456,0.01423611111111111,0.013881224375648612,1492.0,0.5831099195710456,0.06836461126005364,0.22386058981233253,0.9216829902328131
large_long,nomotor_xlink,r0002,3.05,pulse_03,6.183607444168735,-2.882366567824436,0.000999875930521495,-0.000999875930521495,1.0,0.676126878130217,0.07412550272440814,0.015690104166666666,0.0027956481262553603,1612.0,0.6141439205955336,0.06451612903225809,0.20843672456575688,0.9187898593946462
large_long,nomotor_xlink,r0002,3.1,pulse_03,6.1806078163771705,-2.87397962344567,0.009655774664280989,0.009655774664280989,1.0,0.6766666666666666,0.0783971916371207,0.015386284722222223,0.0021239510295751143,1612.0,0.6129032258064516,0.06451612903225809,0.2096774193548388,0.9181253138402498
large_long,nomotor_xlink,r0002,3.15,pulse_03,6.241542092154421,-2.895110274001887,0.00458047394128928,0.00458047394128928,1.0,0.6801346801346801,0.06432751752209469,0.015386284722222223,0.000691115323231628,1606.0,0.612219451371571,0.06234413965087282,0.20573566084788028,0.9160940153157069
large_long,nomotor_xlink,r0002,3.2,pulse_03,6.208090660024906,-2.87812631538506,0.004225861353258716,-0.004225861353258716,1.0,0.6840336134453782,0.06322805223163465,0.015559895833333334,0.004980100461952297,1606.0,0.6127023661270237,0.06226650062266501,0.20672478206724781,0.9167781511992967
large_long,nomotor_xlink,r0002,3.25,pulse_03,6.216186924034869,-2.865229671230173,0.004108414517877357,0.004108414517877357,1.0,0.6835016835016835,0.06158617489118001,0.015690104166666666,0.0011849296542489896,1606.0,0.6114570361145704,0.06102117061021171,0.20797011207970112,0.9168744306480547
large_long,nomotor_xlink,r0002,3.3,pulse_03,6.23274114713217,-2.8852358933105537,0.0024958955156201648,0.0024958955156201648,1.0,0.652027027027027,0.06615178047938759,0.015625,0.00039286755361711556,1604.0,0.6122194513715711,0.061097256857855366,0.20573566084788028,0.9181727774947381
large_long,nomotor_xlink,r0002,3.35,pulse_03,6.23116229712859,-2.8628724659084703,0.0005272254779714972,0.0005272254779714972,1.0,0.6548223350253807,0.05735680267856149,0.015386284722222223,0.002326053500212829,1602.0,0.6104868913857678,0.0599250936329588,0.2047440699126092,0.9166181600305725
large_long,nomotor_xlink,r0002,3.4,pulse_03,6.235904499999999,-2.8712795723092768,0.0016350911880983847,-0.0016350911880983847,1.0,0.65587734241908,0.07528847151747962,0.015668402777777778,0.001018329176677731,1600.0,0.60875,0.05874999999999999,0.20375000000000001,0.9140717392429849
large_long,nomotor_xlink,r0002,3.45,pulse_03,6.221351749999999,-2.8689824409685367,0.0009429903003754051,-0.0009429903003754051,1.0,0.6547008547008547,0.053883958279381944,0.015299479166666666,0.0044033315895154095,1600.0,0.6049999999999999,0.05875000000000001,0.205,0.9126713253932416
large_long,nomotor_xlink,r0002,3.5,pulse_03,6.230246558197747,-2.8976995618463692,0.0001010530350438188,-0.0001010530350438188,1.0,0.6523235800344234,0.06900889079017279,0.015407986111111112,0.0021054513944722686,1598.0,0.6007509386733416,0.057571964956195244,0.2027534418022528,0.9093754339943172
large_long,nomotor_xlink,r0002,3.55,pulse_03,6.220745431789736,-2.8816151493353703,0.0014521485189820105,-0.0014521485189820105,1.0,0.648881239242685,0.09667861330303555,0.015125868055555556,0.004169041531579228,1598.0,0.6020025031289109,0.05632040050062577,0.2040050062578222,0.9110883358461312
large_long,nomotor_xlink,r0002,3.6,pulse_03,6.221533667083855,-2.872685312656894,0.0013877914435653043,0.0013877914435653043,1.0,0.648881239242685,0.10188913220279429,0.015125868055555556,0.0056558896368665845,1598.0,0.6015037593984964,0.056390977443609026,0.20676691729323302,0.9125685926928122
large_long,nomotor_xlink,r0002,3.65,pulse_03,6.229072180451128,-2.847679811514171,0.005189160881256131,0.005189160881256131,1.0,0.6505190311418685,0.09436697918879995,0.015538194444444445,0.0003910811706751005,1596.0,0.6040100250626566,0.056390977443609026,0.2030075187969925,0.9135089219098487
large_long,nomotor_xlink,r0002,3.7,pulse_03,6.252668632371392,-2.8703388256328433,0.015697100907179795,0.015697100907179795,1.0,0.6539792387543253,0.04513528415374857,0.015169270833333333,0.0007877665301723921,1594.0,0.6047678795483058,0.05520702634880803,0.2045169385194479,0.9118811499841851
large_long,nomotor_xlink,r0002,3.75,pulse_03,6.323254785894207,-2.8429532123331365,0.013237489392493954,0.013237489392493954,1.0,0.6360485268630849,0.09673977822584336,0.015147569444444444,0.004415429781176483,1588.0,0.6045340050377833,0.05163727959697732,0.20151133501259447,0.9076669112068589
large_long,nomotor_xlink,r0002,3.8,pulse_03,6.332093568726355,-2.8438462469457844,0.0011800451420542757,0.0011800451420542757,1.0,0.6474694589877836,0.10075455385103575,0.015125868055555556,0.001666257937759023,1586.0,0.6040353089533418,0.05044136191677175,0.20176544766708707,0.9098676265072225
large_long,nomotor_xlink,r0002,3.85,pulse_03,6.330335056746533,-2.8529507599596906,0.002940647330811045,-0.002940647330811045,1.0,0.6480836236933798,0.0962496128692531,0.015516493055555556,0.0032069060397581506,1586.0,0.6065573770491802,0.050441361916771746,0.20050441361916774,0.910121350567672
large_long,nomotor_xlink,r0002,3.9,pulse_03,6.314449684741489,-2.8630876831843333,0.0021905212274065575,-0.0021905212274065575,1.0,0.6480836236933798,0.04149625279569587,0.015190972222222222,0.0030959334945896977,1586.0,0.6040353089533419,0.05044136191677175,0.201765447667087,0.9126984205517007
large_long,nomotor_xlink,r0002,3.95,pulse_03,6.317191929382093,-2.871526360927229,0.0017698402690209392,-0.0017698402690209392,1.0,0.6452173913043479,0.048599595010855874,0.014952256944444445,0.004327986664691474,1586.0,0.6035353535353535,0.05050505050505051,0.20202020202020204,0.9123932844757
large_long,nomotor_xlink,r0002,4.0,pulse_03,6.303830643127363,-2.889055603172482,0.004453762084909958,-0.004453762084909958,1.0,0.6468531468531469,0.07472829729992166,0.015494791666666667,0.005843080748417773,1586.0,0.605296343001261,0.05044136191677175,0.2030264817150063,0.9138306227578954
large_long,nomotor_xlink,r0002,4.05,pulse_04,6.706454712643678,-2.897977972759193,0.0006226819923368746,0.0006226819923368746,1.0,0.6837209302325581,0.0473722955894097,0.016818576388888888,0.0019101716863314522,1740.0,0.6367816091954024,0.04597701149425287,0.18390804597701144,0.9061077494245081
large_long,nomotor_xlink,r0002,4.1,pulse_04,6.708322758620689,-2.892247457700199,0.0006497977152582676,-0.0006497977152582676,1.0,0.6879875195007801,0.07216180256441107,0.016731770833333333,0.0018634983610625138,1740.0,0.6340621403912545,0.04602991944764096,0.18296892980437282,0.9071753822658543
large_long,nomotor_xlink,r0002,4.15,pulse_04,6.702555926352129,-2.886796982592818,0.0021083752933222697,0.0021083752933222697,1.0,0.6884735202492211,0.05364784621855857,0.016861979166666666,0.0032724361234618047,1738.0,0.635524798154556,0.0461361014994233,0.18454440599769317,0.9086264823257357
large_long,nomotor_xlink,r0002,4.2,pulse_04,6.7209730103806224,-2.9118820744409697,0.0037559214355381934,0.0037559214355381934,1.0,0.696875,0.08247736644344342,0.016861979166666666,0.0030870304145593033,1734.0,0.635524798154556,0.042675893886966555,0.18108419838523643,0.9069270476234521
large_long,nomotor_xlink,r0002,4.25,pulse_04,6.725091454965358,-2.905319165080174,2.6833523791106966e-05,-2.6833523791106966e-05,1.0,0.696875,0.01614146998747475,0.016840277777777777,0.0019226154377144737,1732.0,0.6351039260969977,0.04272517321016167,0.18013856812933032,0.9052589377368901
large_long,nomotor_xlink,r0002,4.3,pulse_04,6.720812009237876,-2.9234177670672565,0.0028144149345649496,-0.0028144149345649496,1.0,0.6990595611285266,0.07254114768294956,0.016861979166666666,0.003964749855733436,1732.0,0.6339491916859122,0.04157043879907622,0.18013856812933027,0.9060739627430224
large_long,nomotor_xlink,r0002,4.35,pulse_04,6.708204965357968,-2.9291076642145746,0.0012355660868522318,-0.0012355660868522318,1.0,0.6976377952755906,0.04762663689696415,0.01657986111111111,0.0006078999773902657,1732.0,0.6335260115606937,0.04161849710982658,0.18265895953757225,0.9062787311665866
large_long,nomotor_xlink,r0002,4.4,pulse_04,6.713398612716762,-2.927065166931598,0.004030071386821839,-0.004030071386821839,1.0,0.7003154574132492,0.03921764159351715,0.016710069444444444,0.0007469285979907111,1730.0,0.6342592592592592,0.04050925925925925,0.18171296296296297,0.904366340245754
large_long,nomotor_xlink,r0002,4.45,pulse_04,6.684024537037037,-2.9246260926266303,0.006164004897238229,-0.006164004897238229,1.0,0.6998420221169036,0.01655287978694405,0.016883680555555555,0.0023645907750758552,1728.0,0.6354166666666666,0.041666666666666664,0.18171296296296294,0.9031305136007626
large_long,nomotor_xlink,r0002,4.5,pulse_04,6.676414583333333,-2.9412527115820533,0.004609683641975337,-0.004609683641975337,1.0,0.7007874015748031,0.056166968819476644,0.016688368055555555,0.006049180043193658,1728.0,0.6342592592592592,0.04282407407407406,0.18171296296296297,0.9057346667762779
large_long,nomotor_xlink,r0002,4.55,pulse_04,6.656366435185185,-2.9609211728857923,0.0006544719966485127,0.0006544719966485127,1.0,0.694006309148265,0.06742505966836788,0.016905381944444443,0.0011484935711296718,1728.0,0.6319444444444444,0.04166666666666666,0.18287037037037038,0.9061314490146355
large_long,nomotor_xlink,r0002,4.6,pulse_04,6.680341415313224,-2.9343617501552752,0.01065972204277917,0.01065972204277917,1.0,0.7015873015873015,0.053065718040063437,0.016927083333333332,0.004388963613362422,1724.0,0.6334106728538283,0.041763341067285374,0.18097447795823665,0.906431187613174
large_long,nomotor_xlink,r0002,4.65,pulse_04,6.72032476744186,-2.9345873912056177,0.008399880393532419,0.008399880393532419,1.0,0.7014446227929374,0.06841917429083733,0.01642795138888889,0.0018517552553842798,1720.0,0.6321303841676368,0.03958090803259604,0.17811408614668217,0.9038304112960303
large_long,nomotor_xlink,r0002,4.7,pulse_04,6.730740697674419,-2.9232512186229695,0.0002599000324875848,0.0002599000324875848,1.0,0.7041800643086816,0.045469579748450686,0.01657986111111111,0.005384008423451399,1720.0,0.6302325581395349,0.03953488372093024,0.17790697674418604,0.9036512644283715
large_long,nomotor_xlink,r0002,4.75,pulse_04,6.7218841676367855,-2.9022833406649093,0.004919879569717771,-0.004919879569717771,1.0,0.7096774193548387,0.037468944506736816,0.016471354166666667,0.005496279508105495,1718.0,0.6321303841676368,0.039580908032596056,0.17927823050058206,0.9045578849233523
large_long,nomotor_xlink,r0002,4.8,pulse_04,6.701221420256112,-2.8902735415743366,0.005991152502910009,-0.005991152502910009,1.0,0.71658615136876,0.05696191281461313,0.01642795138888889,0.003377295174690209,1718.0,0.6309662398137368,0.03841676367869616,0.17811408614668217,0.9047790414919774
large_long,nomotor_xlink,r0002,4.85,pulse_04,6.6859372526193255,-2.882019569616768,0.003337989910748925,-0.003337989910748925,1.0,0.7198067632850241,0.04818960362139688,0.016167534722222224,0.0009191952135119882,1718.0,0.6286379511059372,0.03958090803259604,0.1781140861466822,0.9041970695963456
large_long,nomotor_xlink,r0002,4.9,pulse_04,6.6811934807916185,-2.8847583702932647,0.00014280170741187703,-0.00014280170741187703,1.0,0.7252396166134185,0.07712130196768036,0.0166015625,0.001601657661888319,1718.0,0.6282051282051282,0.03962703962703963,0.18065268065268064,0.9057129991456419
large_long,nomotor_xlink,r0002,4.95,pulse_04,6.685080442374854,-2.872409623645438,0.001276203084846846,0.001276203084846846,1.0,0.7275641025641025,0.07386210846207351,0.016384548611111112,0.004151713545485529,1718.0,0.6289381563593931,0.0396732788798133,0.17969661610268378,0.9057443831354359
large_long,nomotor_xlink,r0002,5.0,pulse_04,6.6888506993006995,-2.8598480890203515,0.0012567523086151056,0.0012567523086151056,1.0,0.7303370786516854,0.06849262892299648,0.016080729166666665,0.00418717820836223,1716.0,0.6293706293706294,0.037296037296037296,0.17948717948717952,0.9046004400355979
large_long,nomotor_xlink,r0002,5.05,pulse_05,6.824141311475409,-2.9135310669094965,0.004379672131147316,-0.004379672131147316,1.0,0.7533432392273403,0.08677133362614167,0.0171875,0.006713275387310702,1830.0,0.6444201312910285,0.0350109409190372,0.1695842450765864,0.901784607732289
large_long,nomotor_xlink,r0002,5.1,pulse_05,6.811002295081967,-2.9336708930714286,0.0038335701275045153,-0.0038335701275045153,1.0,0.7477744807121661,0.0716191842020216,0.017296006944444445,0.00350392850215564,1830.0,0.6433260393873086,0.03610503282275711,0.16849015317286647,0.9028198012660836
large_long,nomotor_xlink,r0002,5.15,pulse_05,6.801139890710382,-2.9345546379224303,0.003675300546447898,-0.003675300546447898,1.0,0.75,0.05539597003258584,0.017578125,0.007905198520535764,1830.0,0.6426229508196722,0.034972677595628415,0.17267759562841528,0.9022757312651501
large_long,nomotor_xlink,r0002,5.2,pulse_05,6.78895049180328,-2.981102084194643,0.0020032932365587897,-0.0020032932365587897,1.0,0.7470238095238095,0.04462131835177463,0.01740451388888889,0.01317837501575155,1830.0,0.642622950819672,0.034972677595628415,0.17049180327868854,0.9027625844617847
large_long,nomotor_xlink,r0002,5.25,pulse_05,6.789120131291029,-3.0136248880169396,0.0015100220853606257,0.0015100220853606257,1.0,0.75037147102526,0.04413304765929702,0.0173828125,0.007625759646082993,1828.0,0.6444201312910284,0.0350109409190372,0.1706783369803063,0.9037174899669838
large_long,nomotor_xlink,r0002,5.3,pulse_05,6.7980106243154435,-3.026856642071141,0.0013089594502937452,-0.0013089594502937452,1.0,0.7522388059701492,0.06875334587179106,0.0171875,0.00586365348702748,1826.0,0.6429353778751369,0.03285870755750274,0.16976998904709747,0.903003809321444
large_long,nomotor_xlink,r0002,5.35,pulse_05,6.781266374589267,-3.0488068089391045,0.0035887002555677525,-0.0035887002555677525,1.0,0.7585692995529061,0.06334199843887697,0.017317708333333334,0.0013224480631047382,1826.0,0.6407447973713035,0.0339539978094195,0.1697699890470975,0.9036579410072046
large_long,nomotor_xlink,r0002,5.4,pulse_05,6.776478422782037,-3.0347913304497696,0.0034543811610078614,-0.0034543811610078614,1.0,0.7518684603886397,0.05047293195500583,0.017361111111111112,0.004164917962389714,1826.0,0.6407447973713035,0.0339539978094195,0.16976998904709747,0.9043783990444939
large_long,nomotor_xlink,r0002,5.45,pulse_05,6.76054008762322,-3.023817301164766,0.0005789163639891015,0.0005789163639891015,1.0,0.7488789237668162,0.05892954647811588,0.0173828125,0.005630427325929184,1826.0,0.6429353778751368,0.0339539978094195,0.17196056955093103,0.9035372852963397
large_long,nomotor_xlink,r0002,5.5,pulse_05,6.7799519209659715,-3.0685738944053447,0.002593098949243533,0.002593098949243533,1.0,0.723823975720789,0.04834188267334069,0.01742621527777778,0.004479379940766304,1822.0,0.6443468715697037,0.03293084522502744,0.16904500548847423,0.9020886969001353
large_long,nomotor_xlink,r0002,5.55,pulse_05,6.776098681318681,-3.050693580809364,0.005413525289200323,-0.005413525289200323,1.0,0.7217125382262997,0.018231712505492617,0.017122395833333335,0.001337389064056893,1820.0,0.6395604395604397,0.03296703296703297,0.16593406593406593,0.9020746459726121
large_long,nomotor_xlink,r0002,5.6,pulse_05,6.74747076923077,-3.0605495600210033,0.007027399267399185,-0.007027399267399185,1.0,0.7251908396946565,0.03645981799130564,0.0171875,0.004561729708919697,1820.0,0.636963696369637,0.031903190319031896,0.1683168316831683,0.9024858202754112
large_long,nomotor_xlink,r0002,5.65,pulse_05,6.733934285714286,-3.078063959062882,0.00320436912922073,-0.00320436912922073,1.0,0.7265745007680492,0.03512823355854971,0.017317708333333334,0.0021717547578756027,1820.0,0.6325632563256325,0.033003300330033,0.1694169416941694,0.903016271818676
large_long,nomotor_xlink,r0002,5.7,pulse_05,6.728244554455445,-3.073580088568257,0.0017640017811304531,-0.0017640017811304531,1.0,0.7292307692307692,0.07463571942102068,0.017361111111111112,0.00320897834387431,1818.0,0.6347634763476345,0.031903190319031896,0.16721672167216722,0.9021555573849541
large_long,nomotor_xlink,r0002,5.75,pulse_05,6.723350275027503,-3.097317829126128,0.003491620828749505,-0.003491620828749505,1.0,0.7195685670261941,0.03763734492548807,0.017165798611111113,0.0028543449536537016,1818.0,0.6332599118942732,0.031938325991189426,0.1674008810572687,0.9026452544921632
large_long,nomotor_xlink,r0002,5.8,pulse_05,6.707294829482948,-3.090706158290179,0.001226697820296015,-0.001226697820296015,1.0,0.7308868501529052,0.03859573111653661,0.017361111111111112,0.004524608257097921,1818.0,0.6314631463146313,0.0308030803080308,0.16721672167216722,0.9015529784652965
large_long,nomotor_xlink,r0002,5.85,pulse_05,6.715990088105727,-3.0701701795835405,0.00038768450266453886,-0.00038768450266453886,1.0,0.7439024390243902,0.021966990290903987,0.01720920138888889,0.005745109553243625,1816.0,0.6354625550660793,0.02973568281938325,0.16740088105726875,0.8985145549535908
large_long,nomotor_xlink,r0002,5.9,pulse_05,6.704968722466961,-3.0562355009707174,0.001861472099853323,-0.001861472099853323,1.0,0.7419354838709677,0.050297535676316805,0.01720920138888889,0.007101497323963812,1816.0,0.6376651982378855,0.030837004405286344,0.16740088105726872,0.8999777130563676
large_long,nomotor_xlink,r0002,5.95,pulse_05,6.704821255506607,-3.0275611956397577,1.169950798744305e-05,1.169950798744305e-05,1.0,0.7208588957055214,0.03420923950640024,0.017100694444444446,0.0065932384860293665,1816.0,0.631057268722467,0.03303964757709251,0.16850220264317184,0.9013204600104588
large_long,nomotor_xlink,r0002,6.0,pulse_05,6.705038919514886,-3.016676070054541,7.255466942623912e-05,7.255466942623912e-05,1.0,0.7411402157164869,0.032385427705433616,0.017165798611111113,0.0036283751950721608,1814.0,0.6295479603087099,0.03197353914002205,0.1675854465270121,0.9019688725076181
large_long,nomotor_xlink,r0002,6.05,pulse_06,6.894625729166666,-2.990066356289489,0.0061628124999997995,-0.0061628124999997995,1.0,0.7628571428571429,0.036728790379348536,0.018446180555555556,0.002526889078011537,1920.0,0.6517205422314911,0.029197080291970802,0.15745568300312823,0.8974078436356056
large_long,nomotor_xlink,r0002,6.1,pulse_06,6.876137291666667,-2.9976470235235237,0.003126342417593501,-0.003126342417593501,1.0,0.7390070921985815,0.04472886860653658,0.01838107638888889,0.005339215673025717,1920.0,0.6489583333333333,0.03020833333333333,0.15729166666666666,0.8972521564262481
large_long,nomotor_xlink,r0002,6.15,pulse_06,6.875867674661105,-3.0221016503276434,0.0008618809016915918,-0.0008618809016915918,1.0,0.698005698005698,0.02250315702743449,0.018467881944444445,0.0031015737370999976,1918.0,0.6538060479666318,0.028154327424400417,0.15641293013555785,0.8963831656885026
large_long,nomotor_xlink,r0002,6.2,pulse_06,6.870966006256517,-3.0162564659461237,0.003081717066388675,-0.003081717066388675,1.0,0.7207977207977208,0.03769851393256722,0.018315972222222223,0.002956036017111844,1918.0,0.6538060479666319,0.03023983315954119,0.15745568300312826,0.8965212514458348
large_long,nomotor_xlink,r0002,6.25,pulse_06,6.857377372262773,-3.0043654342249724,0.0042423183872089725,-0.0042423183872089725,1.0,0.7528735632183908,0.04594418622078447,0.018250868055555557,0.0014882909662775983,1918.0,0.650313152400835,0.029227557411273485,0.15762004175365343,0.895505582908705
large_long,nomotor_xlink,r0002,6.3,pulse_06,6.845512095933263,-3.0251862117437893,0.004124782759819053,-0.004124782759819053,1.0,0.7694524495677233,0.05217773182377069,0.018511284722222222,0.003471158034416666,1918.0,0.6475495307612096,0.029197080291970795,0.1574556830031282,0.8986748129116744
large_long,nomotor_xlink,r0002,6.35,pulse_06,6.832628675703859,-3.0251923824314724,0.0035969412582548266,-0.0035969412582548266,1.0,0.7697841726618705,0.01916578729534026,0.01840277777777778,0.005368629484503081,1918.0,0.64859228362878,0.030239833159541187,0.15745568300312823,0.8991298054155694
large_long,nomotor_xlink,r0002,6.4,pulse_06,6.823930448383734,-3.057397988650808,0.007805803003331817,0.007805803003331817,1.0,0.7655571635311144,0.05358225176715181,0.018077256944444446,0.00714579010595906,1918.0,0.6496350364963503,0.030239833159541187,0.159541188738269,0.8994151835160343
large_long,nomotor_xlink,r0002,6.45,pulse_06,6.87946349372385,-3.0680671230672267,0.011725762965712594,0.011725762965712594,1.0,0.7641921397379913,0.058091645360189195,0.018359375,0.0030283725217316406,1912.0,0.6481675392670158,0.02722513089005236,0.15706806282722516,0.8972457959914123
large_long,nomotor_xlink,r0002,6.5,pulse_06,6.89428502617801,-3.039227753520418,0.004988893053719856,0.004988893053719856,1.0,0.7648766328011611,0.03535410128665807,0.018663194444444444,0.0012812026468566422,1910.0,0.6492146596858638,0.02617801047120419,0.15602094240837697,0.8946713744296217
large_long,nomotor_xlink,r0002,6.55,pulse_06,6.909396852046169,-3.060379907186087,0.0072265152448414876,0.0072265152448414876,1.0,0.7010159651669086,0.03359319464437807,0.01796875,0.002462362991741296,1906.0,0.6474291710388248,0.024134312696747116,0.15320041972717735,0.8963937784324074
large_long,nomotor_xlink,r0002,6.6,pulse_06,6.937644117647059,-3.0540019314708657,0.0028528705973472532,0.0028528705973472532,1.0,0.654357459379616,0.028370026261827684,0.018033854166666665,0.0010905466796887382,1904.0,0.6491596638655462,0.023109243697478986,0.15231092436974786,0.8959688000275382
large_long,nomotor_xlink,r0002,6.65,pulse_06,6.926514075630252,-3.0669231872642193,0.004458070728291297,-0.004458070728291297,1.0,0.6661742983751846,0.05651214778410456,0.018142361111111113,0.006534813920625456,1904.0,0.6491596638655462,0.025210084033613446,0.15441176470588236,0.8966753516902216
large_long,nomotor_xlink,r0002,6.7,pulse_06,6.910895693277311,-3.0932108149946185,0.00028797510066066084,-0.00028797510066066084,1.0,0.6627218934911243,0.03849193541808617,0.018077256944444446,0.007580295050949519,1904.0,0.6470588235294119,0.024159663865546216,0.15441176470588236,0.8981202536438123
large_long,nomotor_xlink,r0002,6.75,pulse_06,6.924786225026288,-3.1124049575699164,0.00021230208434586118,0.00021230208434586118,1.0,0.6701030927835051,0.04859618081968846,0.0181640625,0.001439931679367253,1902.0,0.6477392218717138,0.025236593059936908,0.15352260778128288,0.8959841673678716
large_long,nomotor_xlink,r0002,6.8,pulse_06,6.912169505783386,-3.084571224918415,0.0018365345187825177,-0.0018365345187825177,1.0,0.6681350954478708,0.021466191279457886,0.018250868055555557,0.008160266431725885,1902.0,0.647739221871714,0.025236593059936904,0.15352260778128282,0.8963171143733808
large_long,nomotor_xlink,r0002,6.85,pulse_06,6.913767017913593,-3.063443358979561,0.0012668178764373057,-0.0012668178764373057,1.0,0.6573116691285081,0.0472654762718478,0.018315972222222223,0.0026308388127824767,1898.0,0.6469968387776607,0.023182297154899893,0.15173867228661747,0.896043368648988
large_long,nomotor_xlink,r0002,6.9,pulse_06,6.9045685985247625,-3.06878619204172,0.0021933614330874227,-0.0021933614330874227,1.0,0.6548672566371682,0.018545707497656078,0.018033854166666665,0.004732786874915111,1898.0,0.6441393875395987,0.023231256599788808,0.15205913410770852,0.8971884871012082
large_long,nomotor_xlink,r0002,6.95,pulse_06,6.900606849315069,-3.0918400802290518,1.8313747982704836e-05,1.8313747982704836e-05,1.0,0.6607669616519174,0.039699782435788054,0.01796875,0.003676450965621081,1898.0,0.6417281348788199,0.0231822971548999,0.15384615384615388,0.8974197927285492
large_long,nomotor_xlink,r0002,7.0,pulse_06,6.904678481012659,-3.0908448978354466,0.0013572105658633167,0.0013572105658633167,1.0,0.655688622754491,0.024398038707399875,0.017860243055555555,0.00033172746453506247,1896.0,0.6413502109704643,0.023206751054852322,0.15295358649789031,0.8950503459288421
large_long,nomotor_xlink,r0002,7.05,pulse_07,7.067540696517413,-2.998940113821123,0.004807018823544951,0.004807018823544951,1.0,0.6823204419889503,0.04469218318781548,0.018967013888888887,0.0072604866849085665,2010.0,0.6597014925373135,0.020895522388059702,0.14427860696517414,0.8878202028610538
large_long,nomotor_xlink,r0002,7.1,pulse_07,7.081961752988048,-3.0207215738758486,0.004984310633605086,0.004984310633605086,1.0,0.6820083682008368,0.02207716529889603,0.019032118055555554,0.00025367301542019344,2008.0,0.6583665338645417,0.0199203187250996,0.1434262948207171,0.8892260404020266
large_long,nomotor_xlink,r0002,7.15,pulse_07,7.097446560319043,-3.000462151913644,0.0013989227388517083,0.0013989227388517083,1.0,0.6856745479833102,0.011347324297443997,0.019097222222222224,0.001980544326758945,2006.0,0.6600199401794618,0.018943170488534396,0.14257228315054837,0.8887875958557074
large_long,nomotor_xlink,r0002,7.2,pulse_07,7.090355289421158,-3.008838307915295,0.0006623032168893891,0.0006623032168893891,1.0,0.6875871687587168,0.0660607666389945,0.018836805555555555,0.0005842470748680384,2004.0,0.6613386613386615,0.017982017982017984,0.14185814185814186,0.8894210908622284
large_long,nomotor_xlink,r0002,7.25,pulse_07,7.10142037962038,-3.0039676343628523,0.00016476112044990407,0.00016476112044990407,1.0,0.6903765690376569,0.03534150409680915,0.018815104166666666,0.0010449007797156036,2002.0,0.6603396603396603,0.017982017982017984,0.14085914085914086,0.88808423174095
large_long,nomotor_xlink,r0002,7.3,pulse_07,7.091343856143857,-3.0151077125935886,0.0021519466033965706,-0.0021519466033965706,1.0,0.6882022471910112,0.017549612671454298,0.018815104166666666,0.0075323931198240475,2002.0,0.659,0.018000000000000002,0.14100000000000007,0.8880356023764285
large_long,nomotor_xlink,r0002,7.35,pulse_07,7.0885087,-3.0491619930817966,0.0022363093573095996,-0.0022363093573095996,1.0,0.6938202247191011,0.022276586888408487,0.018684895833333333,0.006527434416205698,2000.0,0.6576576576576575,0.017017017017017015,0.14114114114114112,0.8876366982646529
large_long,nomotor_xlink,r0002,7.4,pulse_07,7.077926,-3.0542723190908228,0.0023608666666666465,-0.0023608666666666465,1.0,0.6901408450704225,0.015187086855828917,0.018858506944444443,0.004158069827379984,2000.0,0.6559999999999998,0.016999999999999998,0.14300000000000002,0.8890337025051345
large_long,nomotor_xlink,r0002,7.45,pulse_07,7.0743435,-3.0741104120460765,0.0025954166666665537,-0.0025954166666665537,1.0,0.6875,0.014044622980449693,0.019032118055555554,0.006002360657274848,2000.0,0.6556556556556555,0.017017017017017015,0.1431431431431431,0.8892691707858367
large_long,nomotor_xlink,r0002,7.5,pulse_07,7.0623535,-3.090286483034472,0.004977883333333377,-0.004977883333333377,1.0,0.6912181303116147,0.02107766866271463,0.019249131944444445,0.00022923724161993952,2000.0,0.6560000000000001,0.016999999999999998,0.14300000000000007,0.8885454776311341
large_long,nomotor_xlink,r0002,7.55,pulse_07,7.0444762,-3.075485835495796,0.003029699999999913,-0.003029699999999913,1.0,0.6795422031473534,0.02514499555049717,0.0189453125,0.0030917453676661357,2000.0,0.6540000000000001,0.016999999999999998,0.14300000000000004,0.8896669763435247
large_long,nomotor_xlink,r0002,7.6,pulse_07,7.044175300000001,-3.071736010828475,0.0013961833333332823,-0.0013961833333332823,1.0,0.6805755395683454,0.06018113133573375,0.019075520833333335,0.001051649901456712,2000.0,0.6569999999999999,0.017,0.14300000000000007,0.8897309506567903
large_long,nomotor_xlink,r0002,7.65,pulse_07,7.0360991,-3.0817957349045364,0.0044238833333335075,-0.0044238833333335075,1.0,0.6881258941344778,0.05804394584381958,0.019053819444444446,0.003265096738565972,2000.0,0.651,0.017,0.14300000000000004,0.8891246502654713
large_long,nomotor_xlink,r0002,7.7,pulse_07,7.017632,-3.091326591259871,0.004008849999999953,-0.004008849999999953,1.0,0.6848137535816619,0.04440711320183089,0.0189453125,0.0012888209232041852,2000.0,0.65,0.017,0.14500000000000007,0.8895838347097471
large_long,nomotor_xlink,r0002,7.75,pulse_07,7.012046000000001,-3.0895286604437615,0.0012100653987321408,0.0012100653987321408,1.0,0.6887608069164265,0.015385659516547022,0.0189453125,0.0017635706389705537,2000.0,0.648,0.017,0.14500000000000007,0.8885946990289831
large_long,nomotor_xlink,r0002,7.8,pulse_07,7.024892392392393,-3.0807451674260475,0.0007514924924924374,0.0007514924924924374,1.0,0.6907514450867052,0.044490735403765455,0.018771701388888888,0.003036149500622217,1998.0,0.6472945891783567,0.01603206412825651,0.1462925851703407,0.8880794966880738
large_long,nomotor_xlink,r0002,7.85,pulse_07,7.016554954954955,-3.071311763440028,0.0008950450450451916,-0.0008950450450451916,1.0,0.6892086330935252,0.009048028364089558,0.018793402777777777,0.004625649788049246,1998.0,0.6466466466466465,0.017017017017017015,0.14614614614614613,0.8902413111530911
large_long,nomotor_xlink,r0002,7.9,pulse_07,7.019522122122122,-3.052991268697752,0.003674441375242902,0.003674441375242902,1.0,0.6834532374100719,0.042568263113745404,0.018793402777777777,0.0010719483702084827,1998.0,0.6426426426426425,0.016016016016016016,0.14414414414414412,0.8906569260932776
large_long,nomotor_xlink,r0002,7.95,pulse_07,7.038601603206413,-3.0648800732187773,0.002464950254195427,0.002464950254195427,1.0,0.69164265129683,0.04273998502612183,0.01870659722222222,0.0007882769267647897,1996.0,0.6412825651302605,0.016032064128256508,0.14529058116232468,0.8875324422724845
large_long,nomotor_xlink,r0002,8.0,pulse_07,7.034311823647294,-3.057720930258341,0.0014299265197061928,-0.0014299265197061928,1.0,0.6920863309352518,0.04201902011434774,0.01890190972222222,0.002386380986812172,1996.0,0.6392785571142285,0.01703406813627254,0.14428857715430862,0.890595381338309
large_long,nomotor_xlink,r0003,0.0,initial,-0.8371275362318841,2.1910783488763985,0.12232142581531381,0.12232142581531381,1.0,-0.18012422360248448,0.0,0.005555555555555556,0.014495512001634273,552.0,0.19202898550724637,0.2717391304347826,0.5724637681159421,0.9415199812081217
large_long,nomotor_xlink,r0003,0.05,initial,-0.4701632587859426,2.1475918128714957,0.0579834140933586,0.0579834140933586,1.0,-0.20218579234972678,0.04237081462548764,0.005837673611111111,0.00038668924842211183,626.0,0.20766773162939298,0.25239616613418536,0.5559105431309904,0.9450220435111183
large_long,nomotor_xlink,r0003,0.1,initial,-0.48922705167173247,2.193398484366931,0.03916332877782706,0.03916332877782706,1.0,-0.1875,0.08250063437091967,0.00625,0.010070087510685314,658.0,0.20060790273556234,0.24924012158054715,0.5623100303951369,0.9408595464011074
large_long,nomotor_xlink,r0003,0.15000000000000002,initial,-0.23518328611898026,2.2080123379356076,0.05842077205281563,0.05842077205281563,1.0,-0.17647058823529413,0.06229285177475733,0.0069010416666666664,0.003654031568916416,706.0,0.21246458923512743,0.23796033994334276,0.5552407932011334,0.9485747562433996
large_long,nomotor_xlink,r0003,0.2,initial,-0.13870241935483868,2.2153226737804297,0.07073723960568863,0.07073723960568863,1.0,-0.1509433962264151,0.03271601253459424,0.007183159722222222,0.008010431120002067,744.0,0.21236559139784944,0.22580645161290325,0.5483870967741935,0.9486451083728648
large_long,nomotor_xlink,r0003,0.25,initial,0.18924015151515153,2.25607492465562,0.08845448976426797,0.08845448976426797,1.0,-0.12554112554112554,0.09163771133247119,0.007703993055555556,0.003841899587696318,792.0,0.22727272727272724,0.2121212121212121,0.5252525252525252,0.9510109551054012
large_long,nomotor_xlink,r0003,0.30000000000000004,initial,0.39202451923076914,2.2383740713066076,0.06527629737744417,0.06527629737744417,1.0,-0.08571428571428572,0.07612214949156128,0.008072916666666667,0.017432716282006266,832.0,0.24278846153846154,0.20192307692307687,0.5192307692307689,0.9526336405288
large_long,nomotor_xlink,r0003,0.35000000000000003,initial,0.5808979357798165,2.1514786269635824,0.0695093280956848,0.0695093280956848,1.0,-0.05058365758754864,0.10628224363603513,0.008550347222222223,0.010723049160652476,872.0,0.25229357798165136,0.1926605504587156,0.5068807339449541,0.9565543885585409
large_long,nomotor_xlink,r0003,0.4,initial,0.809080487804878,2.1740357763426927,0.05889052519611754,0.05889052519611754,1.0,-0.018726591760299626,0.13878346587160195,0.00859375,0.005800491464498976,902.0,0.261640798226164,0.18847006651884696,0.4988913525498891,0.9585076749923135
large_long,nomotor_xlink,r0003,0.45,initial,0.9342410869565217,2.1862815757505762,0.061076266216917474,0.061076266216917474,1.0,0.01090909090909091,0.016274589650316067,0.008767361111111111,0.004157581560941,920.0,0.2695652173913044,0.18043478260869567,0.4913043478260871,0.9591658121711039
large_long,nomotor_xlink,r0003,0.5,initial,1.1755380851063828,2.1989812657083387,0.07045926787639235,0.07045926787639235,1.0,0.028368794326241134,0.1090891239110346,0.008919270833333333,0.005783380277017747,940.0,0.28510638297872337,0.17234042553191492,0.48085106382978715,0.9563857074944282
large_long,nomotor_xlink,r0003,0.55,initial,1.356996694214876,2.2209818574126827,0.052418521248673744,0.052418521248673744,1.0,0.06484641638225255,0.10800927665860467,0.009396701388888888,0.0015757406061932173,968.0,0.2954545454545454,0.1694214876033058,0.46900826446280985,0.9590797954209964
large_long,nomotor_xlink,r0003,0.6000000000000001,initial,1.4900492125984253,2.208435709345498,0.03778533497450324,0.03778533497450324,1.0,0.11920529801324503,0.08371832985304531,0.009765625,0.0002635010222555116,1016.0,0.30314960629921245,0.1594488188976378,0.4645669291338582,0.9564364778594499
large_long,nomotor_xlink,r0003,0.65,initial,1.5837087040618953,2.2194008512791497,0.04957516273958196,0.04957516273958196,1.0,0.061488673139158574,0.0534993710857894,0.009917534722222222,0.0006065555290798811,1034.0,0.3036750483558994,0.15473887814313342,0.4545454545454544,0.9517473882792505
large_long,nomotor_xlink,r0003,0.7000000000000001,initial,1.787500189035917,2.2120750425199773,0.06442268725405194,0.06442268725405194,1.0,0.11182108626198083,0.03256432832405584,0.010308159722222222,0.005399259710159014,1058.0,0.31379962192816635,0.14744801512287337,0.44612476370510407,0.9533522068956447
large_long,nomotor_xlink,r0003,0.75,initial,1.970244827586207,2.1870052930181956,0.05455657060668991,0.05455657060668991,1.0,0.14545454545454545,0.10654112822155093,0.010677083333333334,0.0020769623092729006,1102.0,0.32486388384754983,0.14337568058076228,0.4319419237749547,0.9554803572179368
large_long,nomotor_xlink,r0003,0.8,initial,2.1148396126760565,2.2245368163756147,0.04385890705166443,0.04385890705166443,1.0,0.18562874251497005,0.06650092582532711,0.011067708333333334,0.008178245135609904,1136.0,0.3274647887323944,0.13556338028169015,0.420774647887324,0.9547667709669686
large_long,nomotor_xlink,r0003,0.8500000000000001,initial,2.2333982698961936,2.236074763831855,0.03750201563476422,0.03750201563476422,1.0,0.19642857142857142,0.09810546904889943,0.011414930555555555,0.003918184858373512,1156.0,0.328719723183391,0.12975778546712802,0.41868512110726636,0.9544200080191686
large_long,nomotor_xlink,r0003,0.9,initial,2.339851706484642,2.248045925525856,0.030805871823554654,0.030805871823554654,1.0,0.22580645161290322,0.0702683409947365,0.01154513888888889,0.001296976274945738,1172.0,0.3361774744027305,0.12798634812286688,0.4129692832764505,0.952463779461808
large_long,nomotor_xlink,r0003,0.9500000000000001,initial,2.4182335008375215,2.2438566214815294,0.025417317346069,0.025417317346069,1.0,0.23209169054441262,0.08750297623174524,0.011414930555555555,0.0017209915528551,1194.0,0.3389261744966443,0.12583892617449663,0.40436241610738255,0.9534805093047414
large_long,nomotor_xlink,r0003,1.0,initial,2.492355610561056,2.237719976208725,0.02470736990784476,0.02470736990784476,1.0,0.23204419889502761,0.09646891022090395,0.011762152777777778,0.0020455484242680733,1212.0,0.3481848184818482,0.12541254125412543,0.4075907590759075,0.9526112055409282
large_long,nomotor_xlink,r0003,1.05,pulse_01,3.1918955089820362,2.208166833567731,0.010398913796847284,0.010398913796847284,1.0,0.36363636363636365,0.056802427962844085,0.012803819444444444,0.00016566147881909762,1336.0,0.405688622754491,0.11676646706586827,0.375748502994012,0.9518615095809289
large_long,nomotor_xlink,r0003,1.1,pulse_01,3.223092250372578,2.207669849131274,0.005436122150978291,0.005436122150978291,1.0,0.3552941176470588,0.08653121524966034,0.012977430555555556,0.0016063032996909883,1342.0,0.40983606557377045,0.11624441132637856,0.3755588673621461,0.9522184870061886
large_long,nomotor_xlink,r0003,1.15,pulse_01,3.224512241887906,2.198529013769585,0.0009277636240350162,0.0009277636240350162,1.0,0.3475177304964539,0.032444097977534926,0.013020833333333334,0.003925664415458534,1356.0,0.4056047197640118,0.1135693215339233,0.37463126843657824,0.9503605196861284
large_long,nomotor_xlink,r0003,1.2,pulse_01,3.228658832116788,2.1841158626385226,0.013226406710022435,0.013226406710022435,1.0,0.36941176470588233,0.07367615323752037,0.013151041666666667,0.0020418792466641023,1370.0,0.402919708029197,0.11240875912408758,0.37518248175182484,0.9522249267080568
large_long,nomotor_xlink,r0003,1.25,pulse_01,3.3038706821480406,2.1862777382896006,0.023270088827096174,0.023270088827096174,1.0,0.3691588785046729,0.06337097739128991,0.013346354166666666,0.0021099667368917885,1378.0,0.40928882438316405,0.11175616835994195,0.3744557329462989,0.9502179300776188
large_long,nomotor_xlink,r0003,1.3,pulse_01,3.368279365079365,2.1967756630598734,0.016491304290486692,0.016491304290486692,1.0,0.37644341801385683,0.07151708109321156,0.013563368055555556,0.0018397755351298912,1386.0,0.41040462427745666,0.11127167630057803,0.3728323699421965,0.9512804993534576
large_long,nomotor_xlink,r0003,1.35,pulse_01,3.4028185078909607,2.19731639150038,0.005017521656995354,0.005017521656995354,1.0,0.38073394495412843,0.021093673650083862,0.013519965277777778,0.000675958841482934,1394.0,0.41379310344827597,0.110632183908046,0.3678160919540231,0.94658780692159
large_long,nomotor_xlink,r0003,1.4,pulse_01,3.3983844950213373,2.200831416108771,0.011945357277852212,0.011945357277852212,1.0,0.3832199546485261,0.04440207330112343,0.01349826388888889,0.0026236066407125946,1406.0,0.4139402560455192,0.10810810810810811,0.3669985775248934,0.9466034320798171
large_long,nomotor_xlink,r0003,1.45,pulse_01,3.474490651558074,2.2130580313446555,0.02481943862320442,0.02481943862320442,1.0,0.4,0.12636730296498183,0.013628472222222222,0.0025562281645642817,1412.0,0.41784702549575076,0.10623229461756374,0.3654390934844193,0.9494397382056429
large_long,nomotor_xlink,r0003,1.5,pulse_01,3.547301126760564,2.2161687850961567,0.023298640239854063,0.023298640239854063,1.0,0.3512304250559284,0.08423183114829476,0.013519965277777778,0.0008746667661341986,1420.0,0.42031029619181937,0.10296191819464033,0.3638928067700988,0.9475458356296999
large_long,nomotor_xlink,r0003,1.55,pulse_01,3.6142824929971984,2.2183060319414607,0.019354048705641613,0.019354048705641613,1.0,0.35874439461883406,0.018091656619993273,0.013693576388888889,0.0009833260997768416,1428.0,0.4193548387096774,0.09817671809256662,0.3604488078541375,0.9432983512967309
large_long,nomotor_xlink,r0003,1.6,pulse_01,3.6634254189944135,2.2220687416948177,0.010199389514394586,0.010199389514394586,1.0,0.3674832962138085,0.060154336353588016,0.013715277777777778,0.00018600503042542904,1432.0,0.42039106145251404,0.09776536312849163,0.3547486033519554,0.9430932684882706
large_long,nomotor_xlink,r0003,1.65,pulse_01,3.675478830083566,2.217190001758908,0.0012336275786009783,0.0012336275786009783,1.0,0.39111111111111113,0.02288385041938481,0.013780381944444444,0.0005945813486129362,1436.0,0.4233983286908078,0.10027855153203344,0.35515320334261846,0.9435210225551481
large_long,nomotor_xlink,r0003,1.7000000000000002,pulse_01,3.6708271844660194,2.2256362297864953,0.003472681915725658,-0.003472681915725658,1.0,0.39285714285714285,0.011998620932394757,0.014192708333333333,0.0020500763695953475,1442.0,0.421636615811373,0.09570041608876562,0.35506241331484045,0.9478384328946754
large_long,nomotor_xlink,r0003,1.75,pulse_01,3.654642738589212,2.22949045997648,0.0013114732730722019,-0.0013114732730722019,1.0,0.401330376940133,0.06068832405509304,0.013932291666666667,0.0018687436218496334,1446.0,0.4190871369294606,0.09820193637621025,0.35684647302904565,0.9478814671598954
large_long,nomotor_xlink,r0003,1.8,pulse_01,3.662958344827586,2.236848691517593,0.003225543568464717,0.003225543568464717,1.0,0.39420935412026725,0.06998854344626655,0.013802083333333333,0.0006365657096680799,1450.0,0.4206896551724138,0.09793103448275861,0.3558620689655172,0.946618894221378
large_long,nomotor_xlink,r0003,1.85,pulse_01,3.6739960000000003,2.2256710657184717,0.01820511102690414,0.01820511102690414,1.0,0.38666666666666666,0.06337047805671693,0.013997395833333334,0.0001178512413181713,1450.0,0.4206896551724138,0.09655172413793103,0.35448275862068956,0.9448977757222832
large_long,nomotor_xlink,r0003,1.9,pulse_01,3.772189010989011,2.236141584069684,0.022898728682170466,0.022898728682170466,1.0,0.3741794310722101,0.05174590773164708,0.0140625,0.002540938164581711,1456.0,0.42445054945054944,0.09478021978021978,0.3516483516483516,0.9443393091170785
large_long,nomotor_xlink,r0003,1.9500000000000002,pulse_01,3.811388372093023,2.240916694705962,0.015451876853305402,0.015451876853305402,1.0,0.39433551198257083,0.02968452509300096,0.014127604166666667,0.001619643354990578,1462.0,0.42407660738714104,0.0930232558139535,0.34883720930232565,0.94216719441784
large_long,nomotor_xlink,r0003,2.0,pulse_01,3.8649002721088435,2.2264237239397406,0.017837300005273466,0.017837300005273466,1.0,0.41304347826086957,0.0637619475027015,0.014105902777777778,0.004830990255407119,1470.0,0.4272108843537416,0.09251700680272107,0.34693877551020413,0.9429366620625916
large_long,nomotor_xlink,r0003,2.05,pulse_02,4.280174329501916,2.272130671373044,0.0009927853066929633,0.0009927853066929633,1.0,0.4381139489194499,0.05972123680505551,0.01506076388888889,0.00034479291775631654,1566.0,0.4578005115089514,0.08567774936061381,0.32480818414322254,0.9363385898789967
large_long,nomotor_xlink,r0003,2.1,pulse_02,4.283152685421995,2.273165050126313,0.0008288836233467656,0.0008288836233467656,1.0,0.46215139442231074,0.04258339154514176,0.014865451388888888,0.0009414680429825258,1564.0,0.4609475032010244,0.08450704225352113,0.323943661971831,0.9379986145173926
large_long,nomotor_xlink,r0003,2.15,pulse_02,4.285147631241997,2.277779479630939,0.003430970914905037,0.003430970914905037,1.0,0.4191033138401559,0.05642028075302235,0.015147569444444444,0.0006780304433990173,1562.0,0.46213093709884473,0.08472400513478817,0.32349165596919127,0.9368823138894138
large_long,nomotor_xlink,r0003,2.2,pulse_02,4.303738510911425,2.269096867465919,0.008632568332519389,0.008632568332519389,1.0,0.46322067594433397,0.07770892035085454,0.014887152777777777,0.00015788853120901614,1558.0,0.4634146341463413,0.0808729139922978,0.32092426187419765,0.936991761613268
large_long,nomotor_xlink,r0003,2.25,pulse_02,4.336943041237113,2.276832148443685,0.006066334202934491,0.006066334202934491,1.0,0.48,0.10297724754117335,0.014995659722222223,0.0005184611199545349,1552.0,0.46262886597938147,0.07860824742268042,0.3195876288659794,0.9358079852362458
large_long,nomotor_xlink,r0003,2.3,pulse_02,4.340136516129032,2.272207634185646,0.002626270313712394,-0.002626270313712394,1.0,0.5010141987829615,0.09432947733679792,0.014756944444444444,0.0006868760743013643,1550.0,0.4624352331606218,0.07772020725388601,0.31994818652849744,0.9379822718384504
large_long,nomotor_xlink,r0003,2.35,pulse_02,4.321185419354839,2.2809534048894933,0.001052516824548988,0.001052516824548988,1.0,0.4909090909090909,0.06075125428694923,0.015017361111111112,0.0007565888133264457,1550.0,0.462532299741602,0.08010335917312661,0.3178294573643411,0.9386136878219654
large_long,nomotor_xlink,r0003,2.4,pulse_02,4.346451617076326,2.2767471670656048,0.010671715821812663,0.010671715821812663,1.0,0.4,0.051884732893000496,0.014756944444444444,0.0022790988168774895,1546.0,0.46442432082794316,0.07891332470892627,0.3169469598965072,0.936619154848148
large_long,nomotor_xlink,r0003,2.45,pulse_02,4.385215714285715,2.2672788119882283,0.009881232437864243,0.009881232437864243,1.0,0.40711462450592883,0.06787850250900854,0.014930555555555556,0.0020250817454064616,1540.0,0.4662337662337662,0.07402597402597404,0.3155844155844155,0.9346056715781429
large_long,nomotor_xlink,r0003,2.5,pulse_02,4.405739011703512,2.264596676593166,0.005769321056547483,0.005769321056547483,1.0,0.416,0.0785005228620591,0.014713541666666666,0.000784589950892034,1538.0,0.46414602346805733,0.07431551499348109,0.3155149934810952,0.9332223904280215
large_long,nomotor_xlink,r0003,2.55,pulse_02,4.419831640625,2.262571272282876,0.0030959984783630232,-0.0030959984783630232,1.0,0.4103585657370518,0.0625114729249483,0.0146484375,3.21022481586386e-05,1536.0,0.4674479166666667,0.07161458333333334,0.3125,0.9328406927233847
large_long,nomotor_xlink,r0003,2.6,pulse_02,4.387163020833333,2.264789290082118,0.005017116114596949,-0.005017116114596949,1.0,0.40476190476190477,0.07218999489102498,0.014887152777777777,0.00045671444662246746,1536.0,0.4667535853976531,0.07170795306388526,0.3155149934810952,0.9348211419305765
large_long,nomotor_xlink,r0003,2.65,pulse_02,4.389728943937418,2.2598309856031413,7.501890029685636e-05,-7.501890029685636e-05,1.0,0.4091816367265469,0.08881557257643356,0.014800347222222222,0.0005311927787934323,1534.0,0.4654498044328553,0.07301173402868318,0.31290743155149936,0.9353307907258255
large_long,nomotor_xlink,r0003,2.7,pulse_02,4.386712907431552,2.2679764467548784,0.0030328266005357207,-0.0030328266005357207,1.0,0.41386138613861384,0.05987471260295576,0.014670138888888889,0.0001105066095830054,1534.0,0.4667535853976531,0.07301173402868318,0.31290743155149936,0.9351488016263917
large_long,nomotor_xlink,r0003,2.75,pulse_02,4.3715319843342035,2.2591679459456433,0.00019594208826534398,-0.00019594208826534398,1.0,0.41434262948207173,0.06812800273580503,0.01482204861111111,0.004348657946464514,1532.0,0.46736292428198434,0.0731070496083551,0.3133159268929504,0.9356128256793137
large_long,nomotor_xlink,r0003,2.8,pulse_02,4.38553725490196,2.2418844990760913,0.0010856496697895974,0.0010856496697895974,1.0,0.41832669322709165,0.10417638413944982,0.014865451388888888,0.002368099299311144,1530.0,0.4666666666666667,0.07189542483660132,0.3137254901960784,0.9339684894439937
large_long,nomotor_xlink,r0003,2.85,pulse_02,4.378045882352941,2.2449593501497764,0.004315533769063092,-0.004315533769063092,1.0,0.41434262948207173,0.12082236340645083,0.014713541666666666,0.0006975648028858158,1530.0,0.46596858638743444,0.07460732984293193,0.31544502617801035,0.9374945765931281
large_long,nomotor_xlink,r0003,2.9,pulse_02,4.359644052287582,2.2376991102587764,0.0011473703931833927,0.0011473703931833927,1.0,0.42570281124497994,0.07504546214619201,0.014973958333333334,1.6607193475293158e-05,1530.0,0.4646596858638743,0.07460732984293193,0.3141361256544502,0.9338137707375496
large_long,nomotor_xlink,r0003,2.95,pulse_02,4.3849301047120415,2.245058993310628,0.0036262752522008648,0.0036262752522008648,1.0,0.42857142857142855,0.06487279855304785,0.014626736111111111,0.0024171138456530183,1528.0,0.463254593175853,0.07480314960629922,0.3136482939632546,0.9334853534192323
large_long,nomotor_xlink,r0003,3.0,pulse_02,4.381401703800787,2.2522017933326945,0.0011761336370848714,-0.0011761336370848714,1.0,0.42857142857142855,0.10137466801945463,0.014778645833333333,0.0023809333406887845,1526.0,0.46526867627785073,0.07470511140235911,0.3119266055045872,0.9368382307986786
large_long,nomotor_xlink,r0003,3.05,pulse_03,4.824643430656935,2.2168970152183,0.000248499594485511,-0.000248499594485511,1.0,0.48736462093862815,0.06822266247912594,0.015928819444444443,0.0013712697643513867,1644.0,0.5042630937880633,0.06699147381242386,0.28745432399512794,0.9319656375503372
large_long,nomotor_xlink,r0003,3.1,pulse_03,4.8238979318734785,2.2127832059252457,0.0010576038508614734,-0.0010576038508614734,1.0,0.4846846846846847,0.023919542618538292,0.01599392361111111,0.0019242583288034965,1644.0,0.5018270401948842,0.06577344701583435,0.2874543239951278,0.9344828794616074
large_long,nomotor_xlink,r0003,3.15,pulse_03,4.818297807551766,2.205351465245479,0.0003567877771845455,0.0003567877771845455,1.0,0.48201438848920863,0.10084128392288813,0.015907118055555555,0.0005395705885317496,1642.0,0.5006105006105007,0.06715506715506715,0.28815628815628813,0.9332894199084514
large_long,nomotor_xlink,r0003,3.2,pulse_03,4.826038658536586,2.216020629456436,0.0067030548945914425,0.0067030548945914425,1.0,0.4892086330935252,0.04052310539576957,0.015863715277777777,3.835124738923076e-05,1640.0,0.5030525030525029,0.06593406593406594,0.28815628815628813,0.9334923978172306
large_long,nomotor_xlink,r0003,3.25,pulse_03,4.858516136919315,2.2051213577611435,0.003046205647325421,0.003046205647325421,1.0,0.49097472924187724,0.08296433047317635,0.015907118055555555,0.003270756284328898,1636.0,0.5024449877750611,0.06479217603911981,0.28606356968215163,0.9322612156826808
large_long,nomotor_xlink,r0003,3.3,pulse_03,4.844315892420538,2.196396091750463,0.0038879035604823344,0.0038879035604823344,1.0,0.4963768115942029,0.06535117450652676,0.015711805555555555,0.0033470734280642844,1636.0,0.5012224938875305,0.06234718826405868,0.2860635696821517,0.9298710551512449
large_long,nomotor_xlink,r0003,3.35,pulse_03,4.881843558282209,2.185038917192758,0.009546572255453523,0.009546572255453523,1.0,0.4229390681003584,0.09369131826333979,0.015581597222222222,0.00036233733503513815,1630.0,0.505521472392638,0.06134969325153374,0.2834355828220859,0.9261810382095284
large_long,nomotor_xlink,r0003,3.4,pulse_03,4.901595325953259,2.1985701157606736,0.0028781646405421726,0.0028781646405421726,1.0,0.42495479204339964,0.08625849816517488,0.015559895833333334,0.0026391936227843082,1626.0,0.5024630541871921,0.059113300492610835,0.2832512315270937,0.9258518496719084
large_long,nomotor_xlink,r0003,3.45,pulse_03,4.899112546125462,2.2008740789294636,0.00535628661157143,0.00535628661157143,1.0,0.4198198198198198,0.11362659727483727,0.015733506944444444,0.0007548285132459309,1626.0,0.5030750307503076,0.05904059040590406,0.2841328413284133,0.9253032214039016
large_long,nomotor_xlink,r0003,3.5,pulse_03,4.933733045622688,2.203099086840149,0.002985414116779772,0.002985414116779772,1.0,0.43423423423423424,0.06277343168052345,0.015538194444444445,0.0007963109607766287,1622.0,0.5043156596794082,0.057953144266337846,0.282367447595561,0.9285449051314411
large_long,nomotor_xlink,r0003,3.55,pulse_03,4.9170250308261405,2.196096213164804,0.006340032881216651,-0.006340032881216651,1.0,0.4316546762589928,0.10971531295478797,0.015690104166666666,0.0017911902327654161,1622.0,0.5006165228113441,0.05795314426633785,0.28236744759556104,0.9260627199527888
large_long,nomotor_xlink,r0003,3.6,pulse_03,4.895692848335388,2.2138462282367417,0.005171290587751602,-0.005171290587751602,1.0,0.4326750448833034,0.09362024999671782,0.015668402777777778,0.004191518541192189,1622.0,0.500616522811344,0.06041923551171393,0.28236744759556104,0.9288587182994495
large_long,nomotor_xlink,r0003,3.65,pulse_03,4.885997287299631,2.221245324411957,0.0028802918207973724,-0.0028802918207973724,1.0,0.4316546762589928,0.06485550471174927,0.01564670138888889,0.0004984423359858011,1622.0,0.4993834771886559,0.06165228113440198,0.28236744759556104,0.9308220252554049
large_long,nomotor_xlink,r0003,3.7,pulse_03,4.878411097410604,2.210855574220827,0.002622941828662443,0.002622941828662443,1.0,0.4311594202898551,0.07460125074453365,0.015755208333333333,0.005105938817563087,1622.0,0.49938347718865594,0.06041923551171393,0.282367447595561,0.929145717401036
large_long,nomotor_xlink,r0003,3.75,pulse_03,4.901734938271606,2.1906096915065785,0.004072686896337441,0.004072686896337441,1.0,0.43783783783783786,0.0837384609698877,0.015538194444444445,0.0021860660046216416,1620.0,0.5012345679012344,0.058024691358024696,0.28271604938271605,0.9265198427283293
large_long,nomotor_xlink,r0003,3.8,pulse_03,4.9028472187886285,2.197739178193097,0.0034747668887259073,0.0034747668887259073,1.0,0.427536231884058,0.07469358102281105,0.015364583333333333,0.0015834081661673476,1618.0,0.4987623762376237,0.058168316831683164,0.28094059405940597,0.929297104461507
large_long,nomotor_xlink,r0003,3.85,pulse_03,4.922583539603961,2.2001101405035826,0.0004904387827533441,0.0004904387827533441,1.0,0.43478260869565216,0.10850456068413428,0.01545138888888889,0.0016748526188753814,1616.0,0.4993804213135068,0.055762081784386616,0.2788104089219331,0.9288930484273452
large_long,nomotor_xlink,r0003,3.9,pulse_03,4.905789851485149,2.1876900624798448,0.0044768105040059085,-0.0044768105040059085,1.0,0.43738656987295826,0.05913618318791908,0.015559895833333334,0.0010678631134063792,1616.0,0.49752475247524747,0.05569306930693068,0.2784653465346535,0.9313002727728565
large_long,nomotor_xlink,r0003,3.95,pulse_03,4.8957226765799255,2.1937029618231443,0.0036160599491625867,0.0036160599491625867,1.0,0.4405850091407678,0.08199882225454606,0.015733506944444444,0.00012854405311683395,1614.0,0.4981412639405204,0.054522924411400255,0.2788104089219331,0.93003573733386
large_long,nomotor_xlink,r0003,4.0,pulse_03,4.927486211180124,2.1869187981611438,0.010587844866732846,0.010587844866732846,1.0,0.4432234432234432,0.1045720286152677,0.015516493055555556,0.0022613878873335067,1610.0,0.5018633540372671,0.053416149068322996,0.27701863354037265,0.9298259234785039
large_long,nomotor_xlink,r0003,4.05,pulse_04,5.2391244495944385,2.28966449498576,0.013306385018908054,0.013306385018908054,1.0,0.5050167224080268,0.0646560967876555,0.016861979166666666,0.0017647668637329101,1726.0,0.5365005793742759,0.04982618771726536,0.25724217844727687,0.9252954381212669
large_long,nomotor_xlink,r0003,4.1,pulse_04,5.279043604651163,2.2843701943945613,0.00828870737259931,0.00828870737259931,1.0,0.5084175084175084,0.07990081569727213,0.016471354166666667,0.00032857717424975935,1720.0,0.5372093023255815,0.04534883720930233,0.25465116279069766,0.9245032233675168
large_long,nomotor_xlink,r0003,4.15,pulse_04,5.288856693830034,2.2916359580312586,0.0006054605364087529,0.0006054605364087529,1.0,0.5033333333333333,0.05505250397919927,0.016362847222222223,0.0033273888319556764,1718.0,0.5372960372960374,0.044289044289044295,0.25407925407925414,0.9216252321940963
large_long,nomotor_xlink,r0003,4.2,pulse_04,5.282676367869615,2.3043345273862954,0.0027582640454874388,-0.0027582640454874388,1.0,0.5041876046901173,0.054248334881543764,0.016384548611111112,0.00346768245614452,1718.0,0.5361305361305362,0.045454545454545456,0.25524475524475526,0.9227468708942508
large_long,nomotor_xlink,r0003,4.25,pulse_04,5.27230710955711,2.3124420527681258,0.0008455362240879319,-0.0008455362240879319,1.0,0.5025210084033613,0.07845960530524924,0.016514756944444445,0.0007089319148581019,1716.0,0.5337995337995338,0.044289044289044295,0.25407925407925414,0.9235634363193971
large_long,nomotor_xlink,r0003,4.3,pulse_04,5.2776031505250875,2.308588118875444,0.010060049931181148,0.010060049931181148,1.0,0.5008431703204047,0.055028202025110294,0.01640625,0.0006348110837564036,1714.0,0.5379229871645274,0.043173862310385065,0.2520420070011669,0.9220923533312854
large_long,nomotor_xlink,r0003,4.35,pulse_04,5.332667409144197,2.316250919270664,0.01034097549865202,0.01034097549865202,1.0,0.5076400679117148,0.03410233488414828,0.01625434027777778,0.0029707121765314426,1706.0,0.5375586854460094,0.039906103286384983,0.25117370892018775,0.9199478455636833
large_long,nomotor_xlink,r0003,4.4,pulse_04,5.339649003517,2.3264123919346327,0.001781594372802046,0.001781594372802046,1.0,0.505922165820643,0.07989334559566516,0.016297743055555557,0.00020301857394137515,1706.0,0.5375586854460094,0.038732394366197194,0.25,0.9185024753171989
large_long,nomotor_xlink,r0003,4.45,pulse_04,5.343356975381009,2.3174690307143124,0.0017854630715123203,-0.0017854630715123203,1.0,0.5033783783783784,0.07520438789779293,0.0162109375,0.002338304373962874,1706.0,0.5363849765258215,0.038732394366197194,0.25,0.9207121692965433
large_long,nomotor_xlink,r0003,4.5,pulse_04,5.328936225087926,2.3123825656908554,0.0010611268998750312,0.0010611268998750312,1.0,0.5016835016835017,0.06389764610053147,0.01644965277777778,0.0005551843917748952,1706.0,0.5381008206330599,0.03868698710433763,0.24970691676436108,0.9226029518339537
large_long,nomotor_xlink,r0003,4.55,pulse_04,5.349723736780259,2.320800137064962,0.004527432912294553,0.004527432912294553,1.0,0.5290102389078498,0.03623226063195931,0.016362847222222223,0.000544231553964547,1702.0,0.5376470588235296,0.03764705882352941,0.24823529411764705,0.9203112202179798
large_long,nomotor_xlink,r0003,4.6,pulse_04,5.356100822561693,2.309117176367068,0.0009131223013295239,0.0009131223013295239,1.0,0.5342465753424658,0.0859654176837224,0.0162109375,0.0029424798070103453,1702.0,0.5364705882352941,0.03882352941176471,0.24823529411764705,0.9216790641907031
large_long,nomotor_xlink,r0003,4.65,pulse_04,5.355202470588236,2.3031452582228997,0.004492176309301765,-0.004492176309301765,1.0,0.5334476843910806,0.0664288909997688,0.016341145833333334,0.000431023191341436,1700.0,0.5376470588235295,0.039999999999999994,0.24705882352941172,0.9203867746893212
large_long,nomotor_xlink,r0003,4.7,pulse_04,5.3291477647058825,2.3117033155151168,0.002676285341463025,-0.002676285341463025,1.0,0.5387263339070568,0.046378017014204895,0.016276041666666668,0.0003499466110333434,1700.0,0.5359246171967023,0.0447585394581861,0.24852767962308603,0.9240030467463144
large_long,nomotor_xlink,r0003,4.75,pulse_04,5.339144758539458,2.3052449378891,0.0013898798124668172,0.0013898798124668172,1.0,0.5421686746987951,0.043430223765543625,0.01662326388888889,0.0007630976427890346,1698.0,0.5341981132075472,0.04009433962264151,0.24882075471698112,0.9214119768862815
large_long,nomotor_xlink,r0003,4.8,pulse_04,5.337487043580683,2.3071247296583826,0.0011594055112933432,-0.0011594055112933432,1.0,0.5413793103448276,0.03609972604907068,0.01625434027777778,0.0012255284136145257,1698.0,0.5341981132075473,0.04245283018867925,0.2476415094339623,0.9221426243871103
large_long,nomotor_xlink,r0003,4.85,pulse_04,5.332188325471698,2.2978917674074126,0.004241745202036018,0.004241745202036018,1.0,0.53184165232358,0.03795634765241089,0.016059027777777776,0.004891124888572869,1696.0,0.5330188679245284,0.03891509433962263,0.24764150943396226,0.9202947786667596
large_long,nomotor_xlink,r0003,4.9,pulse_04,5.3629375147928995,2.2777779803269453,0.0065477988352857786,0.0065477988352857786,1.0,0.5459272097053726,0.05917038477571321,0.01599392361111111,0.0044852619229289,1690.0,0.533175355450237,0.03672985781990521,0.24763033175355448,0.9191255433794739
large_long,nomotor_xlink,r0003,4.95,pulse_04,5.371475118483413,2.2709801958698392,0.0027894426372023773,0.0027894426372023773,1.0,0.5555555555555556,0.07063897616995637,0.016167534722222224,0.0023094376676737007,1688.0,0.5343601895734598,0.035545023696682464,0.24999999999999994,0.9195486408459458
large_long,nomotor_xlink,r0003,5.0,pulse_04,5.379674170616114,2.263921354320903,0.0027330173775670374,0.0027330173775670374,1.0,0.5505226480836237,0.04577151519163351,0.016167534722222224,0.0023529471829787005,1688.0,0.5338078291814947,0.03914590747330961,0.24792408066429422,0.9227633456882346
large_long,nomotor_xlink,r0003,5.05,pulse_05,5.653921792035399,2.1857599764131743,0.0012832595870205428,0.0012832595870205428,1.0,0.583596214511041,0.08292026625257348,0.01697048611111111,0.003611263026064145,1808.0,0.5586283185840708,0.03761061946902655,0.23340707964601765,0.9193709694345145
large_long,nomotor_xlink,r0003,5.1,pulse_05,5.65777157079646,2.1965937654913668,0.0001445612094396568,0.0001445612094396568,1.0,0.5772870662460567,0.07351711260793399,0.017013888888888887,0.0018174743598144971,1808.0,0.5608407079646017,0.03650442477876106,0.23340707964601765,0.9193145854389708
large_long,nomotor_xlink,r0003,5.15,pulse_05,5.6547891592920365,2.1966648225720613,0.0052686178609812435,0.0052686178609812435,1.0,0.5797788309636651,0.0377086604023486,0.017252604166666668,0.002177318606853514,1808.0,0.5592469545957918,0.035437430786268,0.2336655592469546,0.9178939455789951
large_long,nomotor_xlink,r0003,5.2,pulse_05,5.689383277962348,2.209657677132488,0.005213693089570093,0.005213693089570093,1.0,0.5829383886255924,0.06718250153315558,0.017144097222222224,0.003025153730128386,1806.0,0.5598669623059868,0.03325942350332595,0.23170731707317072,0.9191525104764733
large_long,nomotor_xlink,r0003,5.25,pulse_05,5.686071317829457,2.2148157449528316,0.007136675895164313,0.007136675895164313,1.0,0.5873015873015873,0.06334195825308706,0.016796875,0.0013382122386639643,1806.0,0.5603543743078627,0.03433001107419713,0.23145071982281284,0.9208785396542201
large_long,nomotor_xlink,r0003,5.3,pulse_05,5.7322033333333335,2.201628403700504,0.00679413221360899,0.00679413221360899,1.0,0.5646687697160884,0.06130003661782081,0.017035590277777776,0.0015311075001369634,1800.0,0.5633333333333335,0.03222222222222222,0.2311111111111111,0.9173952289441628
large_long,nomotor_xlink,r0003,5.35,pulse_05,5.726836111111111,2.20562909995201,0.0011984433320974357,0.0011984433320974357,1.0,0.5703001579778831,0.09200669151003937,0.0171875,0.0032604478188073363,1800.0,0.5633333333333334,0.03222222222222222,0.23111111111111113,0.9163433709518853
large_long,nomotor_xlink,r0003,5.4,pulse_05,5.739393993325918,2.221191090613348,0.0054844709141845804,0.0054844709141845804,1.0,0.5682539682539682,0.07842936608761102,0.016818576388888888,0.0005930612933230753,1798.0,0.5590200445434298,0.03229398663697105,0.22939866369710468,0.9172849367544913
large_long,nomotor_xlink,r0003,5.45,pulse_05,5.7597429365962185,2.2091874677119483,0.005285205784204401,0.005285205784204401,1.0,0.5615141955835962,0.06929253037989229,0.017100694444444446,0.002909537096721445,1798.0,0.5628476084538377,0.031145717463848727,0.22914349276974416,0.9152442041617084
large_long,nomotor_xlink,r0003,5.5,pulse_05,5.771105228031145,2.2037338680330194,0.0003476455320726342,-0.0003476455320726342,1.0,0.5689381933438986,0.04612934269255842,0.0169921875,0.0029680474189531423,1798.0,0.5634743875278397,0.030066815144766147,0.22939866369710468,0.9138877687531689
large_long,nomotor_xlink,r0003,5.55,pulse_05,5.757657063403783,2.1913791831982294,0.003141268075639451,-0.003141268075639451,1.0,0.5513428120063191,0.04641342428998885,0.016840277777777777,0.003063668710333367,1798.0,0.563959955506118,0.03003337041156841,0.22803114571746383,0.9166468241215305
large_long,nomotor_xlink,r0003,5.6,pulse_05,5.752257619577308,2.185351855771019,0.0018465001738302196,-0.0018465001738302196,1.0,0.5682539682539682,0.041298412176390326,0.016710069444444444,0.0020045013122770663,1798.0,0.5639599555061179,0.031145717463848727,0.2302558398220245,0.9178605496940935
large_long,nomotor_xlink,r0003,5.65,pulse_05,5.746578062360801,2.179352175324567,0.0035372717371154514,0.0035372717371154514,1.0,0.5739268680445151,0.07496989231837284,0.0169921875,0.0007621323897910592,1796.0,0.5634743875278397,0.03229398663697105,0.2305122494432071,0.9178337485482215
large_long,nomotor_xlink,r0003,5.7,pulse_05,5.773481250000001,2.180779061432273,0.004950252255342698,0.004950252255342698,1.0,0.5782747603833865,0.10442944044179907,0.016905381944444443,0.0014118720049983342,1792.0,0.5658482142857143,0.03125,0.22767857142857145,0.9182171990740153
large_long,nomotor_xlink,r0003,5.75,pulse_05,5.776279575892858,2.170880943294577,0.001802983007448855,-0.001802983007448855,1.0,0.5814696485623003,0.06148982293863758,0.01694878472222222,0.00295351523248281,1792.0,0.5647321428571428,0.03236607142857143,0.22767857142857145,0.915825447332071
large_long,nomotor_xlink,r0003,5.8,pulse_05,5.762663351955307,2.163057970037376,0.00277730361715219,-0.00277730361715219,1.0,0.5796178343949044,0.06852229862948168,0.017013888888888887,0.002205574084815476,1790.0,0.5631284916201118,0.03016759776536313,0.22681564245810054,0.9180923901053516
large_long,nomotor_xlink,r0003,5.85,pulse_05,5.759615754189944,2.157647498785684,0.0017441899441341668,-0.0017441899441341668,1.0,0.5776,0.06017880212131554,0.0171875,0.0006120499384317432,1790.0,0.5632698768197087,0.03135498320268757,0.22844344904815234,0.9197606097252026
large_long,nomotor_xlink,r0003,5.9,pulse_05,5.752198212290502,2.1593856704067855,0.0026827897549982125,-0.0026827897549982125,1.0,0.5776,0.06346107228915476,0.016905381944444443,0.0022732483303187223,1790.0,0.5620111731843573,0.03128491620111732,0.22793296089385473,0.9199782430257961
large_long,nomotor_xlink,r0003,5.95,pulse_05,5.743519015659955,2.1712869887675965,0.002888982436187367,-0.002888982436187367,1.0,0.4849921011058452,0.03278736769780878,0.017013888888888887,0.001144861937886284,1788.0,0.5604026845637584,0.029082774049217004,0.23042505592841164,0.917261682755158
large_long,nomotor_xlink,r0003,6.0,pulse_05,5.734864317673378,2.1662548420341032,0.0028848993288589733,-0.0028848993288589733,1.0,0.4716981132075472,0.08864154476422383,0.017100694444444446,0.0016773822444977604,1788.0,0.5599104143337066,0.030235162374020158,0.2284434490481523,0.9201688428201112
large_long,nomotor_xlink,r0003,6.05,pulse_06,5.981311285266458,2.1866487894697464,0.010637704213100285,0.010637704213100285,1.0,0.5247813411078717,0.0708504546537758,0.017990451388888887,0.0017418091130383395,1914.0,0.5851619644723092,0.02821316614420063,0.21316614420062696,0.9158467962272384
large_long,nomotor_xlink,r0003,6.1,pulse_06,6.013224397905759,2.1814233621306314,0.005474062518483406,0.005474062518483406,1.0,0.5263157894736842,0.05919547902230886,0.018272569444444445,0.0036651664277267404,1910.0,0.5821989528795811,0.02617801047120419,0.21256544502617802,0.9145491169939489
large_long,nomotor_xlink,r0003,6.15,pulse_06,6.014155660377359,2.164657790903386,0.0006479342421550349,-0.0006479342421550349,1.0,0.5330396475770925,0.0723718035817112,0.0181640625,0.0060179143150767,1908.0,0.5828092243186582,0.025157232704402517,0.2117400419287212,0.9133077274796862
large_long,nomotor_xlink,r0003,6.2,pulse_06,6.009336792452829,2.145315876240171,0.000647336953649417,-0.000647336953649417,1.0,0.5233918128654971,0.06274741209758182,0.018142361111111113,0.005514327910507877,1908.0,0.5807127882599582,0.02725366876310273,0.21383647798742136,0.9138654488086352
large_long,nomotor_xlink,r0003,6.25,pulse_06,6.010271638655462,2.1315718234403387,0.0009074325932982852,0.0009074325932982852,1.0,0.533724340175953,0.039101637485194386,0.01792534722222222,0.004406063779635853,1904.0,0.5846477392218716,0.026288117770767613,0.2124079915878023,0.9124575478407607
large_long,nomotor_xlink,r0003,6.3,pulse_06,6.014781388012619,2.118879493562356,2.1736481132942725e-05,-2.1736481132942725e-05,1.0,0.5330396475770925,0.053678538913146855,0.017838541666666666,0.002149257328990961,1902.0,0.5825446898002103,0.025236593059936908,0.21451104100946378,0.9114881160675444
large_long,nomotor_xlink,r0003,6.35,pulse_06,6.0101412197686646,2.118676279466393,0.0002277953031898742,-0.0002277953031898742,1.0,0.5264705882352941,0.055628717848076964,0.017881944444444443,0.0024971811549657406,1902.0,0.5827186512118018,0.0273972602739726,0.21285563751317174,0.9121576690928584
large_long,nomotor_xlink,r0003,6.4,pulse_06,6.013414616193479,2.1038964066325616,0.0013692703894331675,0.0013692703894331675,1.0,0.5242290748898678,0.08105261275082208,0.017838541666666666,0.0038910070405454946,1902.0,0.5825446898002101,0.027339642481598314,0.21556256572029442,0.9115076132643549
large_long,nomotor_xlink,r0003,6.45,pulse_06,6.018356842105264,2.09533023722312,0.00018321309056042642,0.00018321309056042642,1.0,0.5197657393850659,0.07313254320339223,0.018033854166666665,0.0006354186501481932,1900.0,0.5842105263157893,0.02736842105263158,0.21368421052631578,0.9112472604293889
large_long,nomotor_xlink,r0003,6.5,pulse_06,6.014513894736842,2.1077089185334508,0.0030589492170888613,0.0030589492170888613,1.0,0.5212922173274597,0.03355450075715418,0.01818576388888889,6.945619405677543e-05,1900.0,0.5842105263157895,0.028421052631578948,0.21473684210526317,0.9105734419550033
large_long,nomotor_xlink,r0003,6.55,pulse_06,6.036710537407797,2.0957469743874606,0.002628049507330014,0.002628049507330014,1.0,0.5273264401772526,0.0693001000593397,0.018055555555555554,5.691091297184888e-05,1898.0,0.5858798735511065,0.026343519494204427,0.21285563751317174,0.9107698491273039
large_long,nomotor_xlink,r0003,6.6,pulse_06,6.030282191780822,2.1073674530556197,0.0029549174569722205,-0.0029549174569722205,1.0,0.5214180206794683,0.09036223159589689,0.018012152777777776,0.0019310337604983019,1898.0,0.5837723919915698,0.026343519494204427,0.21285563751317174,0.9116941164450028
large_long,nomotor_xlink,r0003,6.65,pulse_06,6.018981032665963,2.1073331769504504,0.0038074030946078827,0.0038074030946078827,1.0,0.522962962962963,0.07253657760711002,0.017860243055555555,0.00041732815874806484,1898.0,0.5827186512118019,0.0273972602739726,0.21390937829293993,0.913639188902494
large_long,nomotor_xlink,r0003,6.7,pulse_06,6.053126610348469,2.1048634841031313,0.007291550933403723,0.007291550933403723,1.0,0.524517087667162,0.05659226476716618,0.017643229166666666,0.0011250300422652366,1894.0,0.5828933474128829,0.024287222808870117,0.21224920802534317,0.9104887973331349
large_long,nomotor_xlink,r0003,6.75,pulse_06,6.062730338266386,2.100582996696859,0.0016070111500345874,0.0016070111500345874,1.0,0.522962962962963,0.06826396080261027,0.017860243055555555,0.0027497584603966008,1892.0,0.584566596194503,0.02431289640591966,0.21141649048625788,0.909704216376515
large_long,nomotor_xlink,r0003,6.8,pulse_06,6.062768677248677,2.0883649333407517,0.0034648412211391033,0.0034648412211391033,1.0,0.5290611028315947,0.022075304863130366,0.017795138888888888,0.0017752748367529936,1890.0,0.5843054082714739,0.025450689289501595,0.21208907741251332,0.9106403178066983
large_long,nomotor_xlink,r0003,6.85,pulse_06,6.08351938559322,2.089931347676341,0.0040876877614877865,0.0040876877614877865,1.0,0.5366218236173393,0.030033252910525447,0.017686631944444444,0.0032433914627264158,1888.0,0.5843054082714738,0.024390243902439025,0.2110286320254507,0.909071945116481
large_long,nomotor_xlink,r0003,6.9,pulse_06,6.087294803817604,2.068904584564393,0.00442317714431099,0.00442317714431099,1.0,0.5389221556886228,0.05807575490403837,0.01773003472222222,0.005965535360579939,1886.0,0.5853658536585363,0.023329798515376456,0.21102863202545064,0.9121537788242632
large_long,nomotor_xlink,r0003,6.95,pulse_06,6.110058448459086,2.0541381355128614,0.00458905235700217,0.00458905235700217,1.0,0.5380029806259314,0.04375449745200689,0.017621527777777778,0.00441694246977035,1882.0,0.585547290116897,0.02125398512221042,0.2093517534537726,0.9110850833836979
large_long,nomotor_xlink,r0003,7.0,pulse_06,6.114829117959617,2.042402929745771,0.0015902231668434297,0.0015902231668434297,1.0,0.5412293853073463,0.06925309402299143,0.017578125,0.003911735255696769,1882.0,0.5840425531914895,0.02234042553191489,0.21063829787234045,0.9118539282383468
large_long,nomotor_xlink,r0003,7.05,pulse_07,6.269527935222673,1.9951104708377683,0.004180870445344394,-0.004180870445344394,1.0,0.5680224403927069,0.032943508788169526,0.01872829861111111,0.00040115262427568393,1976.0,0.6002024291497976,0.020242914979757085,0.19838056680161947,0.908655409634141
large_long,nomotor_xlink,r0003,7.1,pulse_07,6.2569853238866395,1.9939070129649412,0.0002735008552479101,-0.0002735008552479101,1.0,0.5712270803949224,0.05924714735515945,0.018619791666666666,0.00020752436033340724,1976.0,0.5991902834008097,0.02024291497975709,0.19838056680161947,0.9082296793968232
large_long,nomotor_xlink,r0003,7.15,pulse_07,6.267886930091185,1.9938653246757678,0.003436438581435682,0.003436438581435682,1.0,0.5681818181818182,0.06122312250283036,0.018988715277777776,0.0024920070871838154,1974.0,0.5997973657548125,0.020263424518743668,0.19959473150962515,0.9067486282659529
large_long,nomotor_xlink,r0003,7.2,pulse_07,6.277603955375254,1.9789549704418383,0.0017810535953192523,-0.0017810535953192523,1.0,0.5816618911174785,0.0708429698138527,0.018424479166666667,0.0026783136934478424,1972.0,0.598577235772358,0.019308943089430895,0.1991869918699187,0.9095285178138137
large_long,nomotor_xlink,r0003,7.25,pulse_07,6.25720060851927,1.9777954425150808,0.0008120636285321817,-0.0008120636285321817,1.0,0.5834522111269614,0.07836105108947936,0.0185546875,0.0041840060124268925,1972.0,0.595939086294416,0.019289340101522844,0.1979695431472081,0.9073465444562225
large_long,nomotor_xlink,r0003,7.3,pulse_07,6.2727315736040605,1.953850934367277,0.005728230217965091,0.005728230217965091,1.0,0.5857142857142857,0.054261751748226686,0.018511284722222222,0.005190135928938504,1970.0,0.5969543147208122,0.0182741116751269,0.19898477157360406,0.907342473100844
large_long,nomotor_xlink,r0003,7.35,pulse_07,6.29156998982706,1.9466546269414498,0.0009790669468959419,-0.0009790669468959419,1.0,0.5919540229885057,0.04175182600125894,0.018641493055555555,0.004854212694456332,1966.0,0.5977596741344195,0.017311608961303463,0.19857433808553973,0.9051783781775177
large_long,nomotor_xlink,r0003,7.4,pulse_07,6.266857171922685,1.924725658200539,0.0047556459816887236,-0.0047556459816887236,1.0,0.5833333333333334,0.06338751858303858,0.018858506944444443,0.0026603642149579296,1966.0,0.5930824008138351,0.017293997965412006,0.19837232960325538,0.9072475143097639
large_long,nomotor_xlink,r0003,7.45,pulse_07,6.263036113936928,1.9306924416517022,0.003891776873516495,-0.003891776873516495,1.0,0.5775862068965517,0.05638813649722124,0.01853298611111111,0.0038006593234220323,1966.0,0.5940996948118007,0.017293997965412006,0.19735503560528994,0.9059810056368264
large_long,nomotor_xlink,r0003,7.5,pulse_07,6.243506510681586,1.9475296141410712,0.0062976602238046615,-0.0062976602238046615,1.0,0.5942446043165468,0.051810192352963885,0.018641493055555555,0.002132236649893149,1966.0,0.5920651068158697,0.018311291963377416,0.19938962360122073,0.9076755739271231
large_long,nomotor_xlink,r0003,7.55,pulse_07,6.2252501525941,1.943485861551061,0.0004635087388522585,-0.0004635087388522585,1.0,0.5783475783475783,0.03716427261263069,0.01857638888888889,0.0011947046229867642,1966.0,0.5890132248219734,0.018311291963377416,0.19938962360122076,0.9091331502640946
large_long,nomotor_xlink,r0003,7.6,pulse_07,6.240725458248472,1.9403613864031506,0.0005976154366248801,0.0005976154366248801,1.0,0.5527065527065527,0.02775906328794668,0.018988715277777776,0.0014352574337932467,1964.0,0.5906313645621182,0.019348268839103868,0.2006109979633401,0.908566047456548
large_long,nomotor_xlink,r0003,7.65,pulse_07,6.228835845213849,1.9520974061538205,0.0003232968838342565,0.0003232968838342565,1.0,0.5539772727272727,0.045986818607601315,0.01870659722222222,1.7410844187493169e-06,1964.0,0.5885947046843178,0.01934826883910387,0.20366598778004072,0.9067879847991638
large_long,nomotor_xlink,r0003,7.7,pulse_07,6.242665239551478,1.940371832909663,0.001581287702453693,0.001581287702453693,1.0,0.5612535612535613,0.044769680533804763,0.018793402777777777,0.0005439314483944117,1962.0,0.5891946992864423,0.018348623853211007,0.20183486238532114,0.9071613282542887
large_long,nomotor_xlink,r0003,7.75,pulse_07,6.238323571428571,1.948833817463454,0.0029050169426110273,-0.0029050169426110273,1.0,0.5628571428571428,0.06448698806689084,0.01838107638888889,0.0005833882300981067,1960.0,0.5877551020408163,0.01836734693877551,0.20306122448979588,0.9079910587576818
large_long,nomotor_xlink,r0003,7.8,pulse_07,6.225235137895812,1.9368715035290744,0.004479593193105351,-0.004479593193105351,1.0,0.5648414985590778,0.06499570754872667,0.01872829861111111,0.004715143604701748,1958.0,0.5875127942681677,0.017400204708290685,0.20266120777891503,0.9070255539760766
large_long,nomotor_xlink,r0003,7.85,pulse_07,6.211446012269939,1.9205429558352436,0.002768944250528982,-0.002768944250528982,1.0,0.5645863570391872,0.06421020151244172,0.018467881944444445,0.005315358911032113,1956.0,0.5885363357215967,0.017400204708290685,0.20061412487205726,0.9071284915626855
large_long,nomotor_xlink,r0003,7.9,pulse_07,6.208621472392638,1.9049793500628818,0.0015867416496253561,-0.0015867416496253561,1.0,0.5652173913043478,0.03630022246050648,0.018337673611111112,0.0030668465272087886,1956.0,0.5864892528147391,0.01842374616171955,0.20061412487205735,0.9078951478887963
large_long,nomotor_xlink,r0003,7.95,pulse_07,6.201925562372187,1.9021418766719909,0.0007079799603559126,-0.0007079799603559126,1.0,0.5555555555555556,0.013323275027196303,0.01853298611111111,0.002909873294308807,1956.0,0.5879345603271983,0.01840490797546012,0.20143149284253575,0.9077492995048566
large_long,nomotor_xlink,r0003,8.0,pulse_07,6.204373592630502,1.887520110297029,0.0008160100861050642,0.0008160100861050642,1.0,0.447870778267254,0.030700091460173322,0.018641493055555555,0.004873922124987311,1954.0,0.5905834186284544,0.01842374616171955,0.2016376663254862,0.9086028529939394
large_long,nomotor_xlink,r0004,0.0,initial,1.0427213973799128,-1.1405059070490136,0.0530071904566957,0.0530071904566957,1.0,0.1891891891891892,0.0,0.0046875,0.013110701499162492,458.0,0.2663755458515284,0.19650655021834057,0.3799126637554585,0.9308774569781265
large_long,nomotor_xlink,r0004,0.05,initial,1.2017429687499999,-1.101173802551526,0.10106423952541022,0.10106423952541022,1.0,0.14666666666666667,0.13632941762689116,0.005099826388888889,0.004393592778432949,512.0,0.27734375,0.19140625,0.375,0.9379513825198424
large_long,nomotor_xlink,r0004,0.1,initial,1.649106834532374,-1.1668674637196113,0.08624405670334996,0.08624405670334996,1.0,0.21686746987951808,0.14317881250014752,0.0054904513888888885,0.0015424200560498018,556.0,0.3129496402877699,0.16906474820143885,0.35971223021582727,0.9364792383027188
large_long,nomotor_xlink,r0004,0.15000000000000002,initial,1.7192073089700997,-1.110428322887825,0.022803027577937618,0.022803027577937618,1.0,0.25842696629213485,0.061869045495916895,0.005859375,0.005720604450983176,602.0,0.3122923588039867,0.1727574750830565,0.3654485049833887,0.9437492548917646
large_long,nomotor_xlink,r0004,0.2,initial,1.7859249999999998,-1.1325438370137122,0.036781305647840545,0.036781305647840545,1.0,0.26153846153846155,0.0988691874521063,0.006271701388888889,0.0025363753171429395,648.0,0.31790123456790115,0.1728395061728395,0.37345679012345673,0.9483595154338449
large_long,nomotor_xlink,r0004,0.25,initial,1.939895142857143,-1.0952100709849673,0.05258040780141848,0.05258040780141848,1.0,0.23076923076923078,0.06398873346669233,0.006922743055555555,0.025734797168067963,700.0,0.32857142857142857,0.16857142857142857,0.36857142857142855,0.9436240463297086
large_long,nomotor_xlink,r0004,0.30000000000000004,initial,2.1014074468085107,-0.9781350540053044,0.06006781204270125,0.06006781204270125,1.0,0.23853211009174313,0.0724540289578396,0.007269965277777778,0.01840102045476233,752.0,0.3377659574468085,0.1595744680851064,0.35904255319148937,0.9460794374633048
large_long,nomotor_xlink,r0004,0.35000000000000003,initial,2.3003020151133504,-0.9848039482563933,0.06593528368794328,0.06593528368794328,1.0,0.24890829694323144,0.030501156842840403,0.007552083333333333,0.0037485013571059156,794.0,0.3476070528967254,0.15365239294710328,0.35264483627204046,0.9471412750557009
large_long,nomotor_xlink,r0004,0.4,initial,2.4970191489361704,-0.9556440458626689,0.05730019085958834,0.05730019085958834,1.0,0.2589641434262948,0.027907731735376317,0.00822482638888889,0.03634735496123855,846.0,0.3546099290780143,0.14893617021276598,0.3451536643026004,0.9468790098702479
large_long,nomotor_xlink,r0004,0.45,initial,2.6441031602708804,-0.766719818488962,0.06051343933501093,0.06051343933501093,1.0,0.26996197718631176,0.044538142305733615,0.008767361111111111,0.043315458174087274,886.0,0.35891647855530473,0.1399548532731377,0.34085778781038373,0.9451557150333502
large_long,nomotor_xlink,r0004,0.5,initial,2.860099784946236,-0.6957512968181453,0.0533984663437422,0.0533984663437422,1.0,0.3,0.08709998244625126,0.009114583333333334,0.004767085816902161,930.0,0.36989247311827944,0.1354838709677419,0.3311827956989246,0.9515214867556434
large_long,nomotor_xlink,r0004,0.55,initial,2.9644939583333336,-0.738117303587549,0.04787486917562737,0.04787486917562737,1.0,0.3125,0.10571267128932997,0.009526909722222223,0.0008970486200168456,960.0,0.3791666666666667,0.13125,0.32916666666666666,0.953957304016712
large_long,nomotor_xlink,r0004,0.6000000000000001,initial,3.147349,-0.7011335885382464,0.06478181109489826,0.06478181109489826,1.0,0.3377049180327869,0.07967721038599239,0.00993923611111111,0.007337713949264431,1000.0,0.3900000000000001,0.126,0.32600000000000007,0.9536313278672407
large_long,nomotor_xlink,r0004,0.65,initial,3.353184824902723,-0.6940910198919624,0.04807599206349197,0.04807599206349197,1.0,0.3592233009708738,0.11188698033296879,0.0099609375,0.005673430158956105,1028.0,0.3910505836575875,0.11867704280155641,0.3151750972762646,0.9515833328804316
large_long,nomotor_xlink,r0004,0.7000000000000001,initial,3.435804952380952,-0.6670930075845097,0.029218540418834538,0.029218540418834538,1.0,0.34579439252336447,0.08377583567480831,0.010221354166666667,0.007649341868640728,1050.0,0.39619047619047615,0.11619047619047618,0.31428571428571417,0.9531383465618571
large_long,nomotor_xlink,r0004,0.75,initial,3.5284960674157304,-0.648194968680118,0.025013561540944213,0.025013561540944213,1.0,0.37423312883435583,0.0798069948693325,0.010438368055555555,0.00019310135946358034,1068.0,0.402621722846442,0.11423220973782773,0.31086142322097376,0.950857267732867
large_long,nomotor_xlink,r0004,0.8,initial,3.5858863216266172,-0.6682516157412912,0.020621609536991842,0.020621609536991842,1.0,0.3813813813813814,0.08906775232727356,0.010546875,0.011379323345508471,1082.0,0.4085027726432532,0.11460258780036967,0.30868761552680224,0.9531417191898268
large_long,nomotor_xlink,r0004,0.8500000000000001,initial,3.6522257246376815,-0.5799190286070672,0.04278783918993989,0.04278783918993989,1.0,0.36904761904761907,0.029607351489517018,0.010785590277777778,0.030057951419994056,1104.0,0.4130434782608696,0.10869565217391304,0.30615942028985504,0.9534005723609792
large_long,nomotor_xlink,r0004,0.9,initial,3.8426133567662566,-0.48790390722132687,0.04177786976061593,0.04177786976061593,1.0,0.4034090909090909,0.07737450125860745,0.010698784722222222,0.028492751442160142,1138.0,0.4235500878734621,0.10369068541300527,0.29876977152899825,0.95336128406621
large_long,nomotor_xlink,r0004,0.9500000000000001,initial,3.902892943201377,-0.4089625199541064,0.023538907430090756,0.023538907430090756,1.0,0.3971830985915493,0.0828648354998845,0.011197916666666667,0.03527394643160777,1162.0,0.4251290877796904,0.10499139414802064,0.29259896729776247,0.9483290289152297
large_long,nomotor_xlink,r0004,1.0,initial,3.983846801346801,-0.27626022863168026,0.026984619381808034,0.026984619381808034,1.0,0.41597796143250687,0.10013919684605566,0.011501736111111112,0.04423409710747537,1188.0,0.4276094276094276,0.10101010101010102,0.29461279461279466,0.9506544019395011
large_long,nomotor_xlink,r0004,1.05,pulse_01,4.557115338345865,-0.49165954007785106,0.007854828307883052,0.007854828307883052,1.0,0.5209302325581395,0.054369906793651716,0.012890625,0.009030844353014822,1330.0,0.48571428571428577,0.08721804511278194,0.26165413533834586,0.9469738053961524
large_long,nomotor_xlink,r0004,1.1,pulse_01,4.580679823269514,-0.5187520731368955,0.00836701303330889,0.00836701303330889,1.0,0.5253456221198156,0.04186095670347532,0.012912326388888888,0.0013745696578993567,1358.0,0.4764011799410028,0.08554572271386432,0.26253687315634217,0.945687032610042
large_long,nomotor_xlink,r0004,1.15,pulse_01,4.607317416545718,-0.4834121221304549,0.022050548935600656,0.022050548935600656,1.0,0.528604118993135,0.08801623765507063,0.013389756944444444,0.0014590189818274684,1378.0,0.4775036284470248,0.08708272859216258,0.2597968069666183,0.9429200503380724
large_long,nomotor_xlink,r0004,1.2,pulse_01,4.712983116883118,-0.5099979592459307,0.03042655515964136,0.03042655515964136,1.0,0.5374149659863946,0.04359267542624206,0.01310763888888889,0.0036983702884971215,1386.0,0.47832369942196545,0.08236994219653179,0.25578034682080925,0.9413672125075659
large_long,nomotor_xlink,r0004,1.25,pulse_01,4.789876747503566,-0.5056023438614377,0.02090987239861164,0.02090987239861164,1.0,0.547085201793722,0.048345783352962746,0.013780381944444444,0.0070950491159195534,1402.0,0.4821683309557775,0.07703281027104138,0.2524964336661911,0.9410171623088184
large_long,nomotor_xlink,r0004,1.3,pulse_01,4.838442351274788,-0.4674276645504134,0.010037559380541664,0.010037559380541664,1.0,0.5446428571428571,0.03335813686774299,0.013519965277777778,0.008789273614857004,1412.0,0.48300283286118983,0.07790368271954676,0.2521246458923513,0.9388939444795124
large_long,nomotor_xlink,r0004,1.35,pulse_01,4.850102103786816,-0.45286670217229563,0.005146409796846256,0.005146409796846256,1.0,0.5492341356673961,0.08136453599181062,0.013585069444444445,0.009432053109511137,1426.0,0.4838709677419355,0.07994389901823282,0.2510518934081346,0.9375297918051699
large_long,nomotor_xlink,r0004,1.4,pulse_01,4.869320810055865,-0.4108353458933466,0.00559644068927027,0.00559644068927027,1.0,0.5482456140350878,0.06264659298318005,0.013953993055555556,0.001597244564197825,1432.0,0.4853146853146854,0.08111888111888113,0.2517482517482518,0.9419230207355734
large_long,nomotor_xlink,r0004,1.45,pulse_01,4.883680747922438,-0.4432832347871087,0.004559942936585533,0.004559942936585533,1.0,0.5521739130434783,0.06388170325235795,0.013997395833333334,0.008555885879807074,1444.0,0.4833333333333334,0.0763888888888889,0.2527777777777778,0.939271076457502
large_long,nomotor_xlink,r0004,1.5,pulse_01,4.896680467675378,-0.462170661172189,0.008124559293509156,0.008124559293509156,1.0,0.5454545454545454,0.05203383182087864,0.013997395833333334,0.006640166835259208,1454.0,0.48551724137931035,0.08,0.25241379310344825,0.9398854032364851
large_long,nomotor_xlink,r0004,1.55,pulse_01,4.932428103683493,-0.4831242357986639,0.009508901645940426,0.009508901645940426,1.0,0.5612903225806452,0.08918967587703075,0.014192708333333333,0.0017618999441479561,1466.0,0.48976807639836284,0.07639836289222375,0.25102319236016374,0.938473304859513
large_long,nomotor_xlink,r0004,1.6,pulse_01,4.953733877551021,-0.47274206083707676,0.011870575412246195,0.011870575412246195,1.0,0.5583864118895966,0.040822811290767,0.013997395833333334,0.0003826521609399299,1470.0,0.4911564625850341,0.0748299319727891,0.24761904761904763,0.9373617666293016
large_long,nomotor_xlink,r0004,1.65,pulse_01,5.00365155615697,-0.4854201487643035,0.009122657755930538,0.009122657755930538,1.0,0.5452631578947369,0.06538846971151992,0.01408420138888889,0.008384109185370608,1478.0,0.4952638700947225,0.07577807848443843,0.24898511502029766,0.9363647052595355
large_long,nomotor_xlink,r0004,1.7000000000000002,pulse_01,5.008469824086604,-0.5230467159493004,0.007573368620711858,0.007573368620711858,1.0,0.5494736842105263,0.041754063544950655,0.013932291666666667,0.011682719273699424,1478.0,0.4952638700947225,0.07577807848443845,0.24763193504736133,0.9352657060470763
large_long,nomotor_xlink,r0004,1.75,pulse_01,5.049091767881241,-0.5555164644065,0.003436615340404773,0.003436615340404773,1.0,0.5714285714285714,0.06543956887878268,0.014322916666666666,0.0021617756210805528,1482.0,0.4966261808367071,0.07422402159244265,0.2456140350877193,0.9341013972226085
large_long,nomotor_xlink,r0004,1.8,pulse_01,5.029089516129033,-0.5100760622228171,0.0031219655048445225,0.0031219655048445225,1.0,0.5592515592515592,0.07366292578403492,0.014214409722222222,0.0038195156754406248,1488.0,0.4959677419354839,0.07392473118279567,0.24731182795698917,0.93627012635411
large_long,nomotor_xlink,r0004,1.85,pulse_01,5.067823560910308,-0.5325993703538563,0.0053769032833073105,0.0053769032833073105,1.0,0.5610766045548654,0.07933278567267682,0.014453125,0.0029345843408692487,1494.0,0.4986595174262735,0.07506702412868634,0.24664879356568373,0.9369058316302393
large_long,nomotor_xlink,r0004,1.9,pulse_01,5.061350935828877,-0.4924685561776016,0.003893746053955649,0.003893746053955649,1.0,0.5708333333333333,0.036912930326117484,0.014366319444444444,0.01236053850363523,1496.0,0.495314591700134,0.0749665327978581,0.24364123159303883,0.9337825393059581
large_long,nomotor_xlink,r0004,1.9500000000000002,pulse_01,5.091186037234042,-0.4584361393320449,0.014471157494304165,0.014471157494304165,1.0,0.5708333333333333,0.05740317254460504,0.01447482638888889,0.005035535540283326,1504.0,0.4953271028037382,0.07610146862483311,0.24966622162883848,0.9342565153683733
large_long,nomotor_xlink,r0004,2.0,pulse_01,5.148177880794702,-0.5226817694193016,0.01899728118688652,0.01899728118688652,1.0,0.5687885010266941,0.05187178196029712,0.014539930555555556,0.021415210029085547,1510.0,0.4986737400530504,0.07029177718832891,0.24535809018567636,0.9315979460747909
large_long,nomotor_xlink,r0004,2.05,pulse_02,5.468937128712872,-0.6124291256883034,0.00250162624069065,0.00250162624069065,1.0,0.6252319109461967,0.08106420567259073,0.015668402777777778,0.007114735502688263,1616.0,0.535891089108911,0.06683168316831684,0.22772277227722776,0.9289762874297255
large_long,nomotor_xlink,r0004,2.1,pulse_02,5.476442007434944,-0.6337733321963682,0.0009984851648934996,0.0009984851648934996,1.0,0.62756052141527,0.05013651823077561,0.015407986111111112,0.002836677748353648,1614.0,0.532919254658385,0.06459627329192545,0.23105590062111797,0.928092446087628
large_long,nomotor_xlink,r0004,2.15,pulse_02,5.474928039702233,-0.6294491921784253,0.0013435810571887548,-0.0013435810571887548,1.0,0.6163873370577281,0.0632664716483621,0.0154296875,0.0021549455792698366,1612.0,0.5316770186335404,0.06583850931677018,0.22857142857142856,0.9283040909836786
large_long,nomotor_xlink,r0004,2.2,pulse_02,5.468380521091811,-0.6467030056719872,0.0013740281224152717,-0.0013740281224152717,1.0,0.6186915887850467,0.040175216738144906,0.015169270833333333,0.0035813594007517713,1612.0,0.5316770186335404,0.06335403726708075,0.22857142857142856,0.9281583432710179
large_long,nomotor_xlink,r0004,2.25,pulse_02,5.466683870967741,-0.650937348582936,0.001233412116168194,0.001233412116168194,1.0,0.6238361266294227,0.07203649119113444,0.015277777777777777,0.0018632558694607708,1612.0,0.5316770186335403,0.06583850931677018,0.231055900621118,0.9288864769746296
large_long,nomotor_xlink,r0004,2.3,pulse_02,5.47578099378882,-0.6578825408887519,0.0012140820142922948,-0.0012140820142922948,1.0,0.6261682242990654,0.06973986789456436,0.015364583333333333,0.0017755899794364611,1610.0,0.532919254658385,0.06459627329192545,0.22732919254658382,0.930534608758728
large_long,nomotor_xlink,r0004,2.35,pulse_02,5.4593993788819875,-0.6402838087063172,0.0021952983014534113,-0.0021952983014534113,1.0,0.5977653631284916,0.07518969743710323,0.015473090277777778,0.003999341853168008,1610.0,0.5317559153175592,0.06600249066002492,0.23038605230386056,0.9313359930789171
large_long,nomotor_xlink,r0004,2.4,pulse_02,5.4626092039801,-0.6338864897697438,0.002415088990818622,0.002415088990818622,1.0,0.5888888888888889,0.056781732512170675,0.015494791666666667,0.0024670082551488206,1608.0,0.5324189526184537,0.06483790523690773,0.23192019950124684,0.931408323007107
large_long,nomotor_xlink,r0004,2.45,pulse_02,5.473889912826899,-0.6254817591754243,0.0029137818802908257,0.0029137818802908257,1.0,0.5661764705882353,0.02084254109136426,0.015277777777777777,0.002987428159225295,1606.0,0.5330012453300124,0.06226650062266501,0.23038605230386047,0.930832966309425
large_long,nomotor_xlink,r0004,2.5,pulse_02,5.480091895261845,-0.615961920814392,0.0002630070475534059,0.0002630070475534059,1.0,0.5625,0.012609110926796783,0.0150390625,0.0013217325359889953,1604.0,0.5349127182044887,0.06234413965087281,0.22693266832917702,0.9308540403643322
large_long,nomotor_xlink,r0004,2.55,pulse_02,5.47546795511222,-0.6175513639594903,0.004938902743141978,-0.004938902743141978,1.0,0.5616942909760589,0.05642816843017902,0.01545138888888889,0.0014777827412220852,1604.0,0.5349127182044886,0.06109725685785535,0.2281795511221945,0.929191701581704
large_long,nomotor_xlink,r0004,2.6,pulse_02,5.450458478802993,-0.6248286172617246,0.0008629925187032169,-0.0008629925187032169,1.0,0.5600739371534196,0.05386567450121646,0.015256076388888888,0.009060972443082238,1604.0,0.5324189526184537,0.06234413965087282,0.2306733167082294,0.92791406528491
large_long,nomotor_xlink,r0004,2.65,pulse_02,5.47029,-0.5631855293009969,0.0009219826995011301,0.0009219826995011301,1.0,0.5637707948243993,0.06309095388711422,0.015147569444444444,0.008955137251123069,1600.0,0.535,0.05875000000000001,0.22999999999999998,0.9236793663941362
large_long,nomotor_xlink,r0004,2.7,pulse_02,5.455990375,-0.5710977937549861,0.004625729166666777,-0.004625729166666777,1.0,0.5580110497237569,0.04117577274814583,0.015234375,0.001512928959995552,1600.0,0.5350877192982456,0.06015037593984962,0.22932330827067665,0.9260172628699681
large_long,nomotor_xlink,r0004,2.75,pulse_02,5.442535625,-0.5541079555410235,0.0019485208333334114,-0.0019485208333334114,1.0,0.55637707948244,0.07123053377800434,0.015190972222222222,0.004861268498335643,1600.0,0.535,0.06000000000000001,0.2325,0.9258037551522399
large_long,nomotor_xlink,r0004,2.8,pulse_02,5.444299249999999,-0.600265404745,0.0022977188934083514,-0.0022977188934083514,1.0,0.5555555555555556,0.04562964221599671,0.015364583333333333,0.0030370813743631118,1600.0,0.5374999999999999,0.0625,0.22999999999999998,0.9257508478630303
large_long,nomotor_xlink,r0004,2.85,pulse_02,5.4287493116395495,-0.5723304437872022,0.0019778266061742933,-0.0019778266061742933,1.0,0.5650557620817844,0.04667272998341981,0.015386284722222223,0.0031170107934359037,1598.0,0.5344180225281603,0.06382978723404256,0.227784730913642,0.928353641198169
large_long,nomotor_xlink,r0004,2.9,pulse_02,5.432432290362954,-0.5815633399843846,0.0019524124244695666,-0.0019524124244695666,1.0,0.5708955223880597,0.04395161554338365,0.01521267361111111,0.00046777366968244377,1598.0,0.5332496863237137,0.06524466750313676,0.2271016311166875,0.9277889707878954
large_long,nomotor_xlink,r0004,2.95,pulse_02,5.417034837092732,-0.5695238017691076,0.00388341013150321,-0.00388341013150321,1.0,0.5754189944134078,0.05648193820737895,0.015147569444444444,0.0031150453747464577,1596.0,0.531328320802005,0.06265664160401001,0.22932330827067668,0.9259693531965473
large_long,nomotor_xlink,r0004,3.0,pulse_02,5.409131829573934,-0.5628730677359058,0.0026343358395992666,-0.0026343358395992666,1.0,0.562962962962963,0.06209895162369108,0.015321180555555555,0.0022169113444005704,1596.0,0.5338345864661653,0.06390977443609022,0.23057644110275688,0.9267472719414597
large_long,nomotor_xlink,r0004,3.05,pulse_03,5.73767392815759,-0.5078089527942627,0.004573773657782887,-0.004573773657782887,1.0,0.6233333333333333,0.08335649755826412,0.01642795138888889,0.0022527557623811534,1726.0,0.5701042873696409,0.05793742757821553,0.21436848203939746,0.9221580380952118
large_long,nomotor_xlink,r0004,3.1,pulse_03,5.723952607184241,-0.5010506855071193,0.006530146774816596,-0.006530146774816596,1.0,0.62,0.0771538359073445,0.016514756944444445,0.002968197370724679,1726.0,0.5701042873696407,0.05909617612977984,0.21552723059096182,0.920620606680715
large_long,nomotor_xlink,r0004,3.15,pulse_03,5.69849304750869,-0.4899997685699147,0.003525379422781416,0.003525379422781416,1.0,0.6258278145695364,0.05493075544348095,0.016384548611111112,0.004438100758590561,1726.0,0.5684454756380511,0.058004640371229696,0.2146171693735499,0.9220878529354362
large_long,nomotor_xlink,r0004,3.2,pulse_03,5.74510488372093,-0.5276792900586627,0.006497825415218224,0.006497825415218224,1.0,0.6266666666666667,0.05693133299426684,0.016297743055555557,0.008646330609112149,1720.0,0.5744186046511629,0.05465116279069767,0.213953488372093,0.9189669627768354
large_long,nomotor_xlink,r0004,3.25,pulse_03,5.73748,-0.5418777522245876,0.005595019379844857,-0.005595019379844857,1.0,0.6247906197654941,0.041186653821894875,0.01644965277777778,0.007031760084513912,1720.0,0.5720930232558141,0.05465116279069767,0.21511627906976738,0.9201519385130125
large_long,nomotor_xlink,r0004,3.3,pulse_03,5.711534767441861,-0.5698698505657461,0.008334825581395311,-0.008334825581395311,1.0,0.62751677852349,0.03990299428386535,0.016124131944444446,0.0003608743898877627,1720.0,0.5709302325581397,0.055813953488372106,0.21511627906976744,0.9229877609121928
large_long,nomotor_xlink,r0004,3.35,pulse_03,5.687471046511628,-0.5440429985639141,0.0009779656126195728,0.0009779656126195728,1.0,0.628140703517588,0.05100898956918366,0.0162109375,0.0006080842944124291,1720.0,0.5674418604651164,0.0569767441860465,0.2162790697674418,0.9242651997852962
large_long,nomotor_xlink,r0004,3.4,pulse_03,5.717402561117578,-0.5735183563322207,0.005946754180541654,0.005946754180541654,1.0,0.6174496644295302,0.05677505623799415,0.016362847222222223,0.00828506969350116,1718.0,0.569266589057043,0.05355064027939464,0.21420256111757857,0.9224833348025206
large_long,nomotor_xlink,r0004,3.45,pulse_03,5.723151571594878,-0.5937534167249211,0.0012440046565772949,-0.0012440046565772949,1.0,0.6067226890756302,0.036555840973562126,0.01625434027777778,0.005812903181119544,1718.0,0.5664335664335665,0.054778554778554776,0.21561771561771562,0.9221395049426537
large_long,nomotor_xlink,r0004,3.5,pulse_03,5.709938533178114,-0.608395775418938,0.0025779782693054662,-0.0025779782693054662,1.0,0.632996632996633,0.055637196766773936,0.0162109375,0.004849223894960453,1718.0,0.5652680652680652,0.05594405594405594,0.21678321678321674,0.9196507254563697
large_long,nomotor_xlink,r0004,3.55,pulse_03,5.707683701979045,-0.6228487600946838,0.003805684904928164,-0.003805684904928164,1.0,0.632996632996633,0.04456894159614401,0.016015625,0.0002817255735432789,1718.0,0.5652680652680653,0.05594405594405595,0.21328671328671328,0.9215778528112217
large_long,nomotor_xlink,r0004,3.6,pulse_03,5.687104423748545,-0.6100861288601976,0.003725611175785589,-0.003725611175785589,1.0,0.6363636363636364,0.07261892706953753,0.016319444444444445,0.001912366514983943,1718.0,0.5657741559953433,0.057043073341094284,0.21187427240977877,0.9213128567172284
large_long,nomotor_xlink,r0004,3.65,pulse_03,5.685330034924331,-0.6113745610047802,0.003218920828233903,0.003218920828233903,1.0,0.6369747899159663,0.10608333605705786,0.01640625,0.0004112931719840544,1718.0,0.5657741559953434,0.0558789289871944,0.2107101280558789,0.9215309206689053
large_long,nomotor_xlink,r0004,3.7,pulse_03,5.706417948717949,-0.6076183698282933,0.0029153559062327083,0.0029153559062327083,1.0,0.5913621262458472,0.0754409949932497,0.016341145833333334,0.002477150593320321,1716.0,0.5632318501170961,0.05854800936768149,0.21545667447306788,0.9228643794793062
large_long,nomotor_xlink,r0004,3.75,pulse_03,5.702822170361728,-0.6262374645647021,0.002576564621774876,0.002576564621774876,1.0,0.6026711185308848,0.05893562006277134,0.016167534722222224,0.0001642884947852067,1714.0,0.5624270711785297,0.057176196032672114,0.21353558926487742,0.9202943602562457
large_long,nomotor_xlink,r0004,3.8,pulse_03,5.721877336448598,-0.6086041007970046,0.004329599286690744,0.004329599286690744,1.0,0.5666666666666667,0.05749626450122796,0.0158203125,0.003172829035135697,1712.0,0.5625730994152046,0.05497076023391813,0.2152046783625731,0.9194663592655039
large_long,nomotor_xlink,r0004,3.85,pulse_03,5.728799766081872,-0.6072004903538879,0.002118990772622009,-0.002118990772622009,1.0,0.5719063545150501,0.032545750581546906,0.01623263888888889,0.0005281966403834862,1710.0,0.5637426900584795,0.05497076023391813,0.21169590643274852,0.9236125894084312
large_long,nomotor_xlink,r0004,3.9,pulse_03,5.709163391812866,-0.6117732806393055,0.005642261208577064,-0.005642261208577064,1.0,0.5663865546218487,0.07639284300020747,0.01640625,0.0006598852714547373,1710.0,0.5602339181286549,0.05263157894736842,0.21169590643274852,0.9214913833697645
large_long,nomotor_xlink,r0004,3.95,pulse_03,5.69494619883041,-0.6111598019826163,0.0013607019141662253,-0.0013607019141662253,1.0,0.5668358714043993,0.07947004167728468,0.016102430555555554,0.0003011559858288974,1710.0,0.5597189695550352,0.05386416861826697,0.21077283372365335,0.9236517637522158
large_long,nomotor_xlink,r0004,4.0,pulse_03,5.700999180327869,-0.6099663447243321,0.0020176604991529365,0.0020176604991529365,1.0,0.5540540540540541,0.06847777387241864,0.016059027777777776,0.0003978190860947454,1708.0,0.5608899297423888,0.05386416861826697,0.2084309133489461,0.9209383366169608
large_long,nomotor_xlink,r0004,4.05,pulse_04,5.904199561403508,-0.5883242437166478,0.0015552266081864847,-0.0015552266081864847,1.0,0.5981308411214953,0.07577861244475881,0.0169921875,0.0008839972400838484,1824.0,0.5888157894736842,0.050438596491228074,0.19736842105263155,0.9153610017169227
large_long,nomotor_xlink,r0004,4.1,pulse_04,5.899533881578948,-0.5909762354368994,0.002515113304093486,-0.002515113304093486,1.0,0.6031007751937985,0.05501545292952657,0.017339409722222223,0.0011116306696174656,1824.0,0.5877192982456142,0.051535087719298246,0.19736842105263155,0.916905231937329
large_long,nomotor_xlink,r0004,4.15,pulse_04,5.889108881578947,-0.5949940277343526,0.004799701055523187,0.004799701055523187,1.0,0.6024844720496895,0.06276668681544278,0.017274305555555557,0.001042821247541866,1824.0,0.5877192982456141,0.05263157894736842,0.19517543859649122,0.917310404648063
large_long,nomotor_xlink,r0004,4.2,pulse_04,5.9283320879120875,-0.5972331629221506,0.007590268911759512,0.007590268911759512,1.0,0.6111975116640747,0.06643767815887743,0.017534722222222222,0.003627703078250407,1820.0,0.5901098901098902,0.05054945054945055,0.1956043956043956,0.9176739911111257
large_long,nomotor_xlink,r0004,4.25,pulse_04,5.934650495049504,-0.6167602462038551,0.0005021026608154067,-0.0005021026608154067,1.0,0.6150234741784038,0.0701289559421442,0.017469618055555556,0.0015519308671884113,1818.0,0.5863586358635864,0.0495049504950495,0.1936193619361936,0.9166227503437986
large_long,nomotor_xlink,r0004,4.3,pulse_04,5.925319471947195,-0.5879215777190201,0.00525022002200215,-0.00525022002200215,1.0,0.6081504702194357,0.0677703425852661,0.01720920138888889,0.00667012849698236,1818.0,0.5870044052863435,0.04955947136563878,0.19383259911894274,0.9177295643482923
large_long,nomotor_xlink,r0004,4.35,pulse_04,5.903149174917491,-0.5767394752219609,0.0049031169783645785,-0.0049031169783645785,1.0,0.5975039001560063,0.036004768645696836,0.017339409722222223,0.006421400204386103,1818.0,0.5874587458745875,0.0495049504950495,0.19581958195819582,0.9178729315970587
large_long,nomotor_xlink,r0004,4.4,pulse_04,5.895900770077008,-0.5493931764927035,0.005815419875320711,-0.005815419875320711,1.0,0.6118012422360248,0.04063122424527227,0.016883680555555555,0.00636326679547559,1818.0,0.5863586358635864,0.050605060506050605,0.1958195819581958,0.9175617780937972
large_long,nomotor_xlink,r0004,4.45,pulse_04,5.868256655665567,-0.5385598744491074,0.0018857010333926578,-0.0018857010333926578,1.0,0.6149068322981367,0.08595381331918257,0.017100694444444446,0.0030755170932540246,1818.0,0.5885588558855883,0.05060506050605059,0.19691969196919684,0.9154272247180767
large_long,nomotor_xlink,r0004,4.5,pulse_04,5.884586563876652,-0.5309400739331793,0.002003938446340836,0.002003938446340836,1.0,0.6211180124223602,0.060908439263156415,0.017057291666666665,0.0006034572578573205,1816.0,0.5914096916299557,0.050660792951541835,0.19383259911894268,0.9156951585581723
large_long,nomotor_xlink,r0004,4.55,pulse_04,5.880280286343612,-0.5421806179962513,0.0015027771841459685,-0.0015027771841459685,1.0,0.609984399375975,0.0713162732115489,0.016905381944444443,0.00029942111817654604,1816.0,0.5843439911797134,0.05071664829106946,0.19404630650496135,0.9163479860606939
large_long,nomotor_xlink,r0004,4.6,pulse_04,5.875569900771776,-0.5327366006422386,0.0020400957639234996,0.0020400957639234996,1.0,0.6118935837245696,0.04973629495272894,0.017035590277777776,0.0051160866785643355,1814.0,0.5849889624724064,0.05187637969094923,0.19315673289183227,0.916380757059149
large_long,nomotor_xlink,r0004,4.65,pulse_04,5.892520860927153,-0.5114840979248653,0.003787797385182756,0.003787797385182756,1.0,0.621875,0.11846248393817334,0.0171875,0.001151299811442778,1812.0,0.5871964679911701,0.049668874172185434,0.19315673289183222,0.915959802385477
large_long,nomotor_xlink,r0004,4.7,pulse_04,5.898296685082872,-0.5258288017735819,0.0013909906333466893,-0.0013909906333466893,1.0,0.6269592476489029,0.09861024538860226,0.016796875,0.0012867674474437891,1810.0,0.5878453038674033,0.051933701657458566,0.19226519337016573,0.9156383995300493
large_long,nomotor_xlink,r0004,4.75,pulse_04,5.884174917127073,-0.519204702609528,0.0017774158028975862,-0.0017774158028975862,1.0,0.63125,0.096710139410712,0.016840277777777777,0.001779331980763299,1810.0,0.5818584070796461,0.051991150442477874,0.19358407079646017,0.9178269862264529
large_long,nomotor_xlink,r0004,4.8,pulse_04,5.887632190265487,-0.5151528098890021,0.002091851206026766,0.002091851206026766,1.0,0.6338028169014085,0.07993996746851828,0.016644965277777778,0.0021601784380002784,1808.0,0.5840707964601769,0.05088495575221239,0.19358407079646014,0.9180469083105363
large_long,nomotor_xlink,r0004,4.85,pulse_04,5.896726024363233,-0.5321657732375297,0.002461209337442908,0.002461209337442908,1.0,0.6363636363636364,0.08421837536432224,0.017296006944444445,0.003853901779078406,1806.0,0.5825027685492803,0.05094130675526025,0.19601328903654483,0.9174544248216068
large_long,nomotor_xlink,r0004,4.9,pulse_04,5.902399446290144,-0.5382762205634726,0.0003142118863048715,-0.0003142118863048715,1.0,0.6303317535545023,0.06904544089171658,0.016861979166666666,0.0001223591164200196,1806.0,0.584717607973422,0.04983388704318937,0.19269102990033224,0.915836138694366
large_long,nomotor_xlink,r0004,4.95,pulse_04,5.894840753045404,-0.5314316185390096,0.001446511627906914,-0.001446511627906914,1.0,0.6246056782334385,0.0932073562813979,0.016883680555555555,0.00026057137292375315,1806.0,0.5853658536585366,0.05099778270509977,0.19401330376940135,0.9150698713870034
large_long,nomotor_xlink,r0004,5.0,pulse_04,5.893720376522703,-0.5398396488010151,0.00037345884090041653,-0.00037345884090041653,1.0,0.6170886075949367,0.06633197941775817,0.01697048611111111,0.0028026767540018462,1806.0,0.5802879291251385,0.05204872646733112,0.19490586932447398,0.9167510203967304
large_long,nomotor_xlink,r0004,5.05,pulse_05,6.143082747933884,-0.6388752637773224,0.0022343044646901213,-0.0022343044646901213,1.0,0.6497829232995659,0.04621924134143093,0.018142361111111113,0.00041007880539708125,1936.0,0.6074380165289256,0.04752066115702479,0.18388429752066113,0.9120633320142632
large_long,nomotor_xlink,r0004,5.1,pulse_05,6.136379834539814,-0.6376450273611312,0.0010390382152981974,0.0010390382152981974,1.0,0.6482558139534884,0.0775378672079494,0.018033854166666665,0.0011631623210159314,1934.0,0.6070320579110653,0.04860392967942089,0.18304033092037228,0.9132946028189046
large_long,nomotor_xlink,r0004,5.15,pulse_05,6.1493169772256735,-0.645854237703418,0.0023147653268703237,0.0023147653268703237,1.0,0.6506550218340611,0.09364013990371908,0.01773003472222222,0.0023983735417639207,1932.0,0.6066252587991718,0.04658385093167702,0.18115942028985507,0.9112301606655022
large_long,nomotor_xlink,r0004,5.2,pulse_05,6.150268426501036,-0.6232547861105476,0.0015039337474120156,0.0015039337474120156,1.0,0.6627906976744186,0.07617802747940985,0.018229166666666668,0.005163357211232418,1932.0,0.6066252587991718,0.046583850931677016,0.1801242236024845,0.9117868625945371
large_long,nomotor_xlink,r0004,5.25,pulse_05,6.158340579710146,-0.6148740944360235,0.000985731538992211,0.000985731538992211,1.0,0.6598837209302325,0.07005659719558896,0.017686631944444444,0.003718927507663857,1932.0,0.6045548654244307,0.046583850931677016,0.17805383022774332,0.912458406541422
large_long,nomotor_xlink,r0004,5.3,pulse_05,6.156182815734989,-0.6009412210645645,0.00445605590062111,-0.00445605590062111,1.0,0.6588921282798834,0.07030441153602728,0.018098958333333335,0.0001944009248412241,1932.0,0.6045548654244305,0.046583850931677016,0.1811594202898551,0.9097865887771057
large_long,nomotor_xlink,r0004,5.35,pulse_05,6.131604244306419,-0.6137076888869761,0.0040841998591130135,-0.0040841998591130135,1.0,0.6515373352855052,0.08306128205443543,0.018120659722222224,0.00034285311861396533,1932.0,0.5968911917098445,0.047668393782383425,0.183419689119171,0.913895995699095
large_long,nomotor_xlink,r0004,5.4,pulse_05,6.131677616580311,-0.6029983397762483,0.0004369136391099519,0.0004369136391099519,1.0,0.646539027982327,0.05911177261642305,0.018055555555555554,0.0012675054560374506,1930.0,0.5985477178423237,0.046680497925311204,0.18257261410788378,0.9121103514094333
large_long,nomotor_xlink,r0004,5.45,pulse_05,6.134225726141079,-0.6061026561507514,0.0010595128602039299,-0.0010595128602039299,1.0,0.6661742983751846,0.07540963524700227,0.017903645833333332,0.0019423378106613876,1928.0,0.5985477178423237,0.0446058091286307,0.18153526970954353,0.9130871997835345
large_long,nomotor_xlink,r0004,5.5,pulse_05,6.1253205394190875,-0.59134431291228,0.0019524031811894993,-0.0019524031811894993,1.0,0.6632200886262924,0.033899112227041055,0.018033854166666665,0.001235455010986782,1928.0,0.6022845275181724,0.04465212876427829,0.18276220145379024,0.9134432174257109
large_long,nomotor_xlink,r0004,5.55,pulse_05,6.122511307053942,-0.5986899260848307,0.0012063969571231385,-0.0012063969571231385,1.0,0.6553755522827688,0.06625967571732674,0.017816840277777777,0.002045746408278426,1928.0,0.6006224066390043,0.0446058091286307,0.18153526970954353,0.9114982986093286
large_long,nomotor_xlink,r0004,5.6,pulse_05,6.118082157676349,-0.6036187913619505,0.003903060165974933,-0.003903060165974933,1.0,0.6534508076358296,0.07708137356083324,0.018077256944444446,0.0019925061528893915,1928.0,0.6006224066390043,0.04564315352697095,0.18360995850622405,0.9108057456988331
large_long,nomotor_xlink,r0004,5.65,pulse_05,6.099092946058092,-0.6106449630021671,0.004770806134012447,-0.004770806134012447,1.0,0.6573116691285081,0.042969860485212924,0.018098958333333335,0.0022879415962372605,1928.0,0.5943983402489628,0.04771784232365145,0.1846473029045643,0.913008040501532
large_long,nomotor_xlink,r0004,5.7,pulse_05,6.089457320872274,-0.6173464409393741,0.0003126323818234411,-0.0003126323818234411,1.0,0.6602658788774003,0.019159486584116654,0.018467881944444445,0.0019839071886214588,1926.0,0.5960539979231569,0.04569055036344756,0.18380062305295952,0.9131116184436967
large_long,nomotor_xlink,r0004,5.75,pulse_05,6.097217151767151,-0.5987415198704383,0.003380456927114898,0.003380456927114898,1.0,0.6651851851851852,0.028413243064523006,0.018120659722222224,0.0022846302160525744,1924.0,0.5935550935550935,0.044698544698544694,0.1819126819126819,0.914537724476563
large_long,nomotor_xlink,r0004,5.8,pulse_05,6.109740062434963,-0.6310542222356895,0.0030802142888080772,0.0030802142888080772,1.0,0.685459940652819,0.07866928197173587,0.017903645833333332,0.004667899010294389,1922.0,0.595213319458897,0.04474505723204995,0.18002081165452655,0.912978564221137
large_long,nomotor_xlink,r0004,5.85,pulse_05,6.1156984375,-0.6267489139322047,0.0033938095455109027,0.0033938095455109027,1.0,0.664167916041979,0.052288615862323105,0.018142361111111113,0.0038601824667269247,1920.0,0.596875,0.04270833333333333,0.18125000000000002,0.9133905063476221
large_long,nomotor_xlink,r0004,5.9,pulse_05,6.130102919708029,-0.6542153170360511,0.00024754925921088855,0.00024754925921088855,1.0,0.6,0.03249193068365511,0.017990451388888887,0.0057538049742052455,1918.0,0.5974973931178311,0.04171011470281542,0.1793534932221063,0.9128732835041287
large_long,nomotor_xlink,r0004,5.95,pulse_05,6.117183733055265,-0.6612717437774361,0.0051830726451163045,-0.0051830726451163045,1.0,0.6006051437216339,0.052279555016225464,0.017990451388888887,0.0049207200429691915,1918.0,0.5912408759124087,0.042752867570385815,0.18039624608967675,0.911629206335035
large_long,nomotor_xlink,r0004,6.0,pulse_05,6.099004483837331,-0.6837396372938662,0.006059749739311411,-0.006059749739311411,1.0,0.5945121951219512,0.0790447523176153,0.017903645833333332,0.007489297838810027,1918.0,0.5855949895615865,0.042797494780793324,0.18058455114822547,0.911804107638706
large_long,nomotor_xlink,r0004,6.05,pulse_06,6.332639507389163,-0.7550279593535782,0.004419605911330097,-0.004419605911330097,1.0,0.6230661040787623,0.04625442920238613,0.019097222222222224,0.0032673587832805495,2030.0,0.6088669950738917,0.04039408866995074,0.17044334975369457,0.9081852719024156
large_long,nomotor_xlink,r0004,6.1,pulse_06,6.319380689655173,-0.7452258830037366,0.002016633825944266,-0.002016633825944266,1.0,0.6210826210826211,0.07919407102126372,0.01875,0.0033642293896365603,2030.0,0.6065088757396451,0.04043392504930967,0.1706114398422091,0.9082775146158661
large_long,nomotor_xlink,r0004,6.15,pulse_06,6.320539704433497,-0.7348425830157589,0.0007888199687138275,0.0007888199687138275,1.0,0.625,0.045726270918886064,0.01892361111111111,0.0004079939998913133,2030.0,0.6049261083743843,0.04039408866995074,0.17142857142857143,0.9097392263940437
large_long,nomotor_xlink,r0004,6.2,pulse_06,6.324113609467456,-0.7476738470030845,0.002664326149830032,-0.002664326149830032,1.0,0.6299435028248588,0.05851072372268867,0.018663194444444444,0.006418792324587789,2028.0,0.6045364891518739,0.03846153846153846,0.17061143984220908,0.9083707067766922
large_long,nomotor_xlink,r0004,6.25,pulse_06,6.304553747534517,-0.7733553369632856,0.00034042224260163084,-0.00034042224260163084,1.0,0.623229461756374,0.08659536869393214,0.0189453125,0.003080082857462363,2028.0,0.6015779092702169,0.03846153846153846,0.170611439842209,0.909124231887071
large_long,nomotor_xlink,r0004,6.3,pulse_06,6.322071076011846,-0.7661543441478587,0.0009467347396404276,0.0009467347396404276,1.0,0.62339514978602,0.047025774431143946,0.018836805555555555,0.0006015070239143161,2026.0,0.600197433366239,0.03948667324777887,0.17077986179664362,0.9080173447256682
large_long,nomotor_xlink,r0004,6.35,pulse_06,6.31023415597236,-0.7697462948197997,0.00435470549522865,-0.00435470549522865,1.0,0.625,0.02712467249769892,0.018641493055555555,0.0007438989900832952,2026.0,0.6031746031746031,0.03968253968253969,0.16964285714285718,0.9080144815059192
large_long,nomotor_xlink,r0004,6.4,pulse_06,6.295942843040474,-0.7616909502073589,0.00557856202698274,-0.00557856202698274,1.0,0.6260623229461756,0.06268073342599192,0.018684895833333333,0.00382467638787537,2026.0,0.5968379446640316,0.039525691699604744,0.17094861660079053,0.9098063741013894
large_long,nomotor_xlink,r0004,6.45,pulse_06,6.276762783810463,-0.7467982364925475,0.004667801908522525,-0.004667801908522525,1.0,0.625531914893617,0.058451218772121595,0.019270833333333334,0.00030955788481366414,2026.0,0.6031589338598223,0.03948667324777887,0.17176702862783808,0.9086828451359025
large_long,nomotor_xlink,r0004,6.5,pulse_06,6.267936031589339,-0.7635482975162409,0.003566354063836652,-0.003566354063836652,1.0,0.6294200848656294,0.08388750873000612,0.019010416666666665,0.001649248856252709,2026.0,0.600197433366239,0.0384995064165844,0.17176702862783808,0.9082086568027535
large_long,nomotor_xlink,r0004,6.55,pulse_06,6.2553646594274435,-0.7566937296300638,0.0029590983876275345,-0.0029590983876275345,1.0,0.62339514978602,0.09269007213468128,0.018684895833333333,0.0007259546518032326,2026.0,0.596248766041461,0.03948667324777887,0.17374136229022702,0.906378012448914
large_long,nomotor_xlink,r0004,6.6,pulse_06,6.250181441263574,-0.7591925696054215,0.00260796314577183,-0.00260796314577183,1.0,0.6239316239316239,0.08311043554693655,0.018663194444444444,0.0010634720641325794,2026.0,0.5964391691394659,0.04154302670623146,0.17408506429277945,0.9076035642542692
large_long,nomotor_xlink,r0004,6.65,pulse_06,6.2397168805528125,-0.7630745620148592,0.006755824284303991,-0.006755824284303991,1.0,0.6217765042979942,0.08318018247933871,0.018771701388888888,0.004131803342540856,2026.0,0.5932872655478775,0.04146100691016782,0.175715695952616,0.9074101461463171
large_long,nomotor_xlink,r0004,6.7,pulse_06,6.20964649555775,-0.7839833896606666,0.0035772040710551067,-0.0035772040710551067,1.0,0.62,0.08645957643858945,0.018684895833333333,0.0009978641695724637,2026.0,0.5889328063241108,0.04150197628458498,0.17687747035573123,0.9115504175202253
large_long,nomotor_xlink,r0004,6.75,pulse_06,6.218253656126482,-0.769061747032294,0.0013674989302442004,-0.0013674989302442004,1.0,0.6251788268955651,0.06969873112102956,0.018663194444444444,0.00222110407139355,2024.0,0.5909090909090908,0.040513833992094864,0.17490118577075103,0.9102786336381675
large_long,nomotor_xlink,r0004,6.8,pulse_06,6.2014415019762845,-0.7706567652323053,0.005321689723320144,-0.005321689723320144,1.0,0.6205420827389444,0.054157140024393834,0.018663194444444444,0.00032032376757466324,2024.0,0.5899209486166008,0.039525691699604744,0.174901185770751,0.9116054385099073
large_long,nomotor_xlink,r0004,6.85,pulse_06,6.186323517786561,-0.770983689637742,0.000471160319489794,-0.000471160319489794,1.0,0.62339514978602,0.04785240214782277,0.018793402777777777,0.0017879633440176141,2024.0,0.5914935707220573,0.03956478733926806,0.17903066271018797,0.912830701748659
large_long,nomotor_xlink,r0004,6.9,pulse_06,6.198614540059346,-0.781384545296411,0.0028470782199495246,-0.0028470782199495246,1.0,0.6257142857142857,0.05204708340762793,0.018641493055555555,0.001868778185133387,2022.0,0.5914935707220573,0.03956478733926806,0.17606330365974285,0.911195160403042
large_long,nomotor_xlink,r0004,6.95,pulse_06,6.169241048466864,-0.7821963587485423,0.006960006594130874,-0.006960006594130874,1.0,0.6257142857142857,0.07643456510935921,0.018858506944444443,0.00129642281258933,2022.0,0.5914935707220573,0.03956478733926806,0.18199802176063307,0.911073001360109
large_long,nomotor_xlink,r0004,7.0,pulse_06,6.1568545004945605,-0.789163082171947,0.004128849324101107,-0.004128849324101107,1.0,0.624103299856528,0.07007596086103526,0.01890190972222222,0.0023222411411348842,2022.0,0.5851485148514854,0.040594059405940595,0.18118811881188118,0.912993345273574
large_long,nomotor_xlink,r0004,7.05,pulse_07,6.358399812734083,-0.8704259402053995,0.0005274602271999976,-0.0005274602271999976,1.0,0.6550802139037433,0.07013816375116784,0.01970486111111111,0.006954315512494998,2136.0,0.601313320825516,0.0375234521575985,0.16885553470919326,0.9081553061562689
large_long,nomotor_xlink,r0004,7.1,pulse_07,6.356817432052483,-0.8495629936679145,0.0015126679455274388,-0.0015126679455274388,1.0,0.6236263736263736,0.04343272982949173,0.019748263888888888,0.006401167337972506,2134.0,0.6016869728209934,0.03467666354264292,0.16963448922211805,0.9065889504642552
large_long,nomotor_xlink,r0004,7.15,pulse_07,6.349323805060918,-0.8320189361775645,0.0010060792007422492,-0.0010060792007422492,1.0,0.6296296296296297,0.03650179294666461,0.019748263888888888,0.003872014798075548,2134.0,0.599437148217636,0.03564727954971857,0.16979362101313325,0.9042654221734477
large_long,nomotor_xlink,r0004,7.2,pulse_07,6.35078095684803,-0.8263309048794613,0.001922777403774963,0.001922777403774963,1.0,0.6331034482758621,0.014359193641736713,0.019835069444444443,0.0015867598869654016,2132.0,0.5984990619136962,0.03470919324577861,0.16979362101313328,0.9058791059392827
large_long,nomotor_xlink,r0004,7.25,pulse_07,6.360860469483568,-0.8224983768557721,0.005242584886230676,0.005242584886230676,1.0,0.6358620689655172,0.02784713604369248,0.019639756944444444,0.0027467817592175905,2130.0,0.5981220657276995,0.03380281690140845,0.17089201877934274,0.9051489808774239
large_long,nomotor_xlink,r0004,7.3,pulse_07,6.382236466165414,-0.8428115954347668,0.0001542825079129765,-0.0001542825079129765,1.0,0.6371191135734072,0.014469873410177915,0.019487847222222222,0.0044312745598712455,2128.0,0.6005639097744363,0.03383458646616542,0.17011278195488724,0.9041386851066618
large_long,nomotor_xlink,r0004,7.35,pulse_07,6.35993477443609,-0.8490860242149996,0.005333912907268257,-0.005333912907268257,1.0,0.6345885634588564,0.003695968379764643,0.0197265625,0.007189799140060442,2128.0,0.5977443609022559,0.03383458646616542,0.17293233082706772,0.9058684556231844
large_long,nomotor_xlink,r0004,7.4,pulse_07,6.350232988721804,-0.8859503902751295,0.003573701038815417,-0.003573701038815417,1.0,0.636615811373093,0.016113992240384064,0.019748263888888888,0.006459794769587431,2128.0,0.5937794533459001,0.033930254476908575,0.17342130065975495,0.9063880586344335
large_long,nomotor_xlink,r0004,7.45,pulse_07,6.338492568203198,-0.8878447928325242,0.003133856563489671,-0.003133856563489671,1.0,0.6368715083798883,0.013437865510749781,0.01968315972222222,0.0013438387232513893,2126.0,0.5937794533459001,0.033930254476908575,0.17342130065975495,0.907084032436192
large_long,nomotor_xlink,r0004,7.5,pulse_07,6.331429849340866,-0.8940134226146378,0.002326696081574949,-0.002326696081574949,1.0,0.6332863187588152,0.03434738706373977,0.019921875,0.003806252107310356,2124.0,0.5875706214689264,0.03201506591337099,0.17325800376647832,0.906350729648984
large_long,nomotor_xlink,r0004,7.55,pulse_07,6.324532391713748,-0.9106823054763863,0.0010838627318031275,-0.0010838627318031275,1.0,0.6338028169014085,0.0428985730586083,0.0193359375,0.004211334280898427,2124.0,0.5890669180018853,0.03298774740810556,0.17342130065975497,0.9062599743355362
large_long,nomotor_xlink,r0004,7.6,pulse_07,6.324926672950047,-0.9192814283000283,0.0029441296829286756,0.0029441296829286756,1.0,0.6435643564356436,0.004374699117843595,0.019856770833333332,0.00042005487113320566,2122.0,0.586239396795476,0.03298774740810556,0.17247879359095192,0.907408718736347
large_long,nomotor_xlink,r0004,7.65,pulse_07,6.34219716981132,-0.908161976249587,0.0015231247369573708,-0.0015231247369573708,1.0,0.635846372688478,0.03335281356857929,0.020073784722222224,0.0030836680114858517,2120.0,0.5826251180358829,0.031161473087818692,0.17186024551463644,0.9064299446932412
large_long,nomotor_xlink,r0004,7.7,pulse_07,6.315787924528303,-0.9377834363689435,0.003959779874213846,-0.003959779874213846,1.0,0.6335227272727273,0.024734137332289432,0.01953125,0.003620592356289772,2120.0,0.5826251180358829,0.03305004721435316,0.17280453257790365,0.9072705668803832
large_long,nomotor_xlink,r0004,7.75,pulse_07,6.318438490566037,-0.9298855303873257,0.003547154088050508,-0.003547154088050508,1.0,0.6363636363636364,0.0402028066098054,0.019921875,0.006344577705129861,2120.0,0.5826251180358828,0.03021718602455147,0.17186024551463644,0.9087931194383545
large_long,nomotor_xlink,r0004,7.8,pulse_07,6.294505,-0.8997159701381643,0.0022937773858093813,-0.0022937773858093813,1.0,0.6212338593974175,0.061204231741602805,0.019661458333333333,0.006048597717797939,2120.0,0.5792452830188679,0.03018867924528302,0.17075471698113212,0.907911356695286
large_long,nomotor_xlink,r0004,7.85,pulse_07,6.304675826251181,-0.893593944080538,0.003361674543163199,0.003361674543163199,1.0,0.6208393632416788,0.022726246330825445,0.0193359375,0.001989879918564826,2118.0,0.5807365439093485,0.03021718602455147,0.1709159584513692,0.9074606066208776
large_long,nomotor_xlink,r0004,7.9,pulse_07,6.314675047258979,-0.8877766906267753,0.0005117397879252176,-0.0005117397879252176,1.0,0.5687409551374819,0.012648675325361541,0.01918402777777778,0.0008423549124560633,2116.0,0.5793950850661626,0.028355387523629493,0.17202268431001894,0.906112419535768
large_long,nomotor_xlink,r0004,7.95,pulse_07,6.3016053875236295,-0.8885398146058017,0.004961940768746083,-0.004961940768746083,1.0,0.5726744186046512,0.024193523848569806,0.01950954861111111,0.002012137566349992,2116.0,0.5793950850661626,0.02835538752362949,0.17107750472589794,0.9060720836444419
large_long,nomotor_xlink,r0004,8.0,pulse_07,6.284903402646503,-0.8998495160248753,0.005567328292375606,-0.005567328292375606,1.0,0.564963503649635,0.04534732309543612,0.019574652777777778,0.003769900473024538,2116.0,0.5784499054820416,0.02835538752362949,0.17202268431001894,0.9054653923919259
large_long,nomotor_xlink,r0005,0.0,initial,-1.6116670781893008,1.5931648041483044,0.07530789861211991,0.07530789861211991,1.0,-0.31543624161073824,0.0,0.004969618055555555,0.11254273150776102,486.0,0.17283950617283952,0.3251028806584363,0.6090534979423867,0.9212795910548163
large_long,nomotor_xlink,r0005,0.05,initial,-1.385743382352941,1.9307929986715875,0.09280208383765036,0.09280208383765036,1.0,-0.3333333333333333,0.11392565867897352,0.005512152777777778,0.027029679902824826,544.0,0.17279411764705888,0.3198529411764707,0.6029411764705883,0.9342600998129832
large_long,nomotor_xlink,r0005,0.1,initial,-1.0548545751633986,1.4309867247313555,0.08758210374575358,0.08758210374575358,1.0,-0.24719101123595505,0.11763653840458023,0.006076388888888889,0.12538296663277193,612.0,0.18300653594771246,0.2908496732026144,0.5882352941176473,0.9374292648555979
large_long,nomotor_xlink,r0005,0.15000000000000002,initial,-0.8602507598784196,1.178495198874956,0.08277529038370146,0.08277529038370146,1.0,-0.24861878453038674,0.0813870430671846,0.006401909722222222,0.03751691200096963,658.0,0.1854103343465045,0.270516717325228,0.5805471124620059,0.9415102548165576
large_long,nomotor_xlink,r0005,0.2,initial,-0.5582028328611899,1.2058852527255377,0.07171117737104095,0.07171117737104095,1.0,-0.3333333333333333,0.05177199828958217,0.007052951388888889,0.0029474754264831407,706.0,0.18980169971671396,0.24645892351274795,0.5637393767705383,0.940738023040033
large_long,nomotor_xlink,r0005,0.25,initial,-0.42998369565217387,1.1961800514338548,0.07134851391898857,0.07134851391898857,1.0,-0.2909090909090909,0.04465933114364623,0.0069878472222222225,0.008420937908166929,736.0,0.19565217391304351,0.24184782608695654,0.5624999999999999,0.9366697994592404
large_long,nomotor_xlink,r0005,0.30000000000000004,initial,-0.13011174934725847,1.2564108801745393,0.06614415503667917,0.06614415503667917,1.0,-0.2719298245614035,0.08912689980479878,0.007508680555555556,0.0009366120983124171,766.0,0.20887728459530025,0.22976501305483027,0.5378590078328981,0.9425581025377358
large_long,nomotor_xlink,r0005,0.35000000000000003,initial,-0.03311876543209885,1.1905603788439802,0.032467394732479594,0.032467394732479594,1.0,-0.24686192468619247,0.08918679425772254,0.007834201388888889,0.026258648668868918,810.0,0.2172839506172839,0.22222222222222224,0.54320987654321,0.9393898794886001
large_long,nomotor_xlink,r0005,0.4,initial,0.06469261904761908,1.0988589881613258,0.048758015947690046,0.048758015947690046,1.0,-0.21311475409836064,0.03233328562338825,0.008181423611111112,0.009375279961289987,840.0,0.21904761904761902,0.21190476190476187,0.5380952380952382,0.9427445429407744
large_long,nomotor_xlink,r0005,0.45,initial,0.2594293302540414,1.2468120586117202,0.05854312003968252,0.05854312003968252,1.0,-0.208,0.04896312405820217,0.00861545138888889,0.033921678899749064,866.0,0.22632794457274819,0.20323325635103928,0.5288683602771364,0.9439835604489161
large_long,nomotor_xlink,r0005,0.5,initial,0.4159513392857142,1.3023890615598201,0.03984883922289275,0.03984883922289275,1.0,-0.17786561264822134,0.041577331330369255,0.008832465277777778,0.005032823757067817,896.0,0.2276785714285714,0.1919642857142857,0.5245535714285714,0.9461520457147087
large_long,nomotor_xlink,r0005,0.55,initial,0.4985223655913979,1.277009001154127,0.01999962020951389,0.01999962020951389,1.0,-0.17293233082706766,0.04515522005332654,0.009309895833333333,0.004858238384242782,930.0,0.22795698924731173,0.1849462365591398,0.5161290322580643,0.945597439969668
large_long,nomotor_xlink,r0005,0.6000000000000001,initial,0.5359490605427976,1.3315384918652768,0.027428292603453874,0.027428292603453874,1.0,-0.1709090909090909,0.04223450614799727,0.009483506944444444,0.0036322099241612817,958.0,0.23173277661795413,0.18162839248434237,0.5114822546972859,0.9465970522883276
large_long,nomotor_xlink,r0005,0.65,initial,0.6630921212121211,1.2988022606990948,0.050936584212087764,0.050936584212087764,1.0,-0.15789473684210525,0.03488003080656167,0.009722222222222222,0.02393556521583806,990.0,0.23232323232323235,0.17575757575757575,0.5050505050505052,0.9461441592876348
large_long,nomotor_xlink,r0005,0.7000000000000001,initial,0.8415685658153241,1.1879251005702485,0.06379374878730816,0.06379374878730816,1.0,-0.1506849315068493,0.0749297068691688,0.0099609375,0.03749269203581218,1018.0,0.2396856581532416,0.17485265225933205,0.4931237721021611,0.9485801860513949
large_long,nomotor_xlink,r0005,0.75,initial,1.0458546139359701,1.0738461084842217,0.04015346994325606,0.04015346994325606,1.0,-0.12258064516129032,0.05093130220503313,0.010416666666666666,0.019599835628280753,1062.0,0.2523540489642184,0.16760828625235405,0.47269303201506585,0.949654199568969
large_long,nomotor_xlink,r0005,0.8,initial,1.0824893854748605,1.070326086800564,0.05115532420063577,0.05115532420063577,1.0,-0.11038961038961038,0.0075775259528545035,0.010633680555555556,0.031126542260344576,1074.0,0.25139664804469286,0.1638733705772812,0.4711359404096836,0.9473395406312163
large_long,nomotor_xlink,r0005,0.8500000000000001,initial,1.3527865591397847,0.8870868549221542,0.0672354818721117,0.0672354818721117,1.0,-0.07165109034267912,0.08784433148035273,0.010807291666666666,0.030902256554642255,1116.0,0.2652329749103943,0.15770609318996415,0.45340501792114696,0.9516448976435963
large_long,nomotor_xlink,r0005,0.9,initial,1.4859022767075307,0.8849125474727104,0.040046513647642744,0.040046513647642744,1.0,-0.04024767801857585,0.045478871120934926,0.011219618055555556,0.007759923742107988,1142.0,0.268421052631579,0.1508771929824561,0.4473684210526315,0.9473305363601152
large_long,nomotor_xlink,r0005,0.9500000000000001,initial,1.5930656410256412,0.9336463973748022,0.036582332413151675,0.036582332413151675,1.0,-0.027522935779816515,0.036571463881679554,0.01130642361111111,0.005583578231858825,1170.0,0.26712328767123283,0.14726027397260275,0.4417808219178084,0.9430642964677363
large_long,nomotor_xlink,r0005,1.0,initial,1.7053962711864408,0.9184140168638634,0.0374435433869332,0.0374435433869332,1.0,-0.012195121951219513,0.0631281816943937,0.011566840277777778,0.005077460170312927,1180.0,0.27288135593220336,0.14237288135593223,0.43389830508474575,0.9479656069366887
large_long,nomotor_xlink,r0005,1.05,pulse_01,2.5809912844036704,0.7376012965272903,0.022701592067463434,0.022701592067463434,1.0,0.1731266149870801,0.024223858612741515,0.012912326388888888,0.002043676738618235,1308.0,0.3394495412844036,0.12538226299694188,0.38990825688073383,0.9536262502922448
large_long,nomotor_xlink,r0005,1.1,pulse_01,2.6490960606060607,0.743732326743145,0.01941982609336416,0.01941982609336416,1.0,0.1815856777493606,0.028803768645668346,0.012630208333333334,9.530493691610002e-05,1320.0,0.3469696969696969,0.12727272727272726,0.3818181818181817,0.952128191614726
large_long,nomotor_xlink,r0005,1.15,pulse_01,2.6975102409638554,0.7370294669057937,0.023627347923681263,0.023627347923681263,1.0,0.18877551020408162,0.0660677082470797,0.013064236111111112,0.007825320287215073,1328.0,0.3509036144578313,0.1265060240963855,0.38102409638554213,0.952860291673006
large_long,nomotor_xlink,r0005,1.2,pulse_01,2.7908601481481483,0.6967804050198546,0.03055482338711572,0.03055482338711572,1.0,0.2119700748129676,0.07536264690599563,0.013237847222222222,0.004565698967211873,1350.0,0.3540740740740741,0.12148148148148145,0.3748148148148148,0.9544495610056496
large_long,nomotor_xlink,r0005,1.25,pulse_01,2.8808391812865497,0.7096352731025225,0.028088932125720945,0.028088932125720945,1.0,0.2176039119804401,0.038247251533210035,0.013628472222222222,0.007209993725944275,1368.0,0.36111111111111105,0.11988304093567252,0.37134502923976614,0.9551717377893333
large_long,nomotor_xlink,r0005,1.3,pulse_01,2.959393740902474,0.7400403673755203,0.024231781473886677,0.024231781473886677,1.0,0.2273838630806846,0.023374122069763505,0.013302951388888888,0.01524698690253884,1374.0,0.36244541484716153,0.11644832605531293,0.36826783114992717,0.9498760168522548
large_long,nomotor_xlink,r0005,1.35,pulse_01,3.0262298701298698,0.8011171945177555,0.019565575557021726,0.019565575557021726,1.0,0.23529411764705882,0.05415924072423858,0.013541666666666667,0.012768364133082818,1386.0,0.36363636363636365,0.11399711399711401,0.3636363636363636,0.9513754057514906
large_long,nomotor_xlink,r0005,1.4,pulse_01,3.0767871942446043,0.8166505521740172,0.012989537928546513,0.012989537928546513,1.0,0.22409638554216868,0.038432422930872574,0.013780381944444444,0.006288089995839241,1390.0,0.3654676258992806,0.11223021582733812,0.3625899280575539,0.948196644263675
large_long,nomotor_xlink,r0005,1.45,pulse_01,3.104167097701149,0.838845734492791,0.00875254079663105,0.00875254079663105,1.0,0.23786407766990292,0.040825480416724874,0.013932291666666667,0.0014129154107055026,1392.0,0.36350574712643685,0.10919540229885058,0.3606321839080461,0.9514882444884148
large_long,nomotor_xlink,r0005,1.5,pulse_01,3.1293024390243906,0.8251280446382502,0.007906340859332284,0.007906340859332284,1.0,0.23373493975903614,0.060460818484405744,0.0134765625,0.0028857926535370004,1394.0,0.36728837876614057,0.10760401721664274,0.35868005738880915,0.94880101678941
large_long,nomotor_xlink,r0005,1.55,pulse_01,3.1516051428571425,0.821530978571569,0.007095242568688098,0.007095242568688098,1.0,0.2517985611510791,0.0803939669629967,0.013650173611111111,0.005883213666915484,1400.0,0.37,0.10571428571428572,0.35428571428571426,0.9525546669735195
large_long,nomotor_xlink,r0005,1.6,pulse_01,3.1718738944365192,0.8604273266397431,0.004729749779855075,0.004729749779855075,1.0,0.2517985611510791,0.04264020724509526,0.013433159722222223,0.0012424295189987593,1402.0,0.37089871611982883,0.10556348074179744,0.35092724679029963,0.950455152295505
large_long,nomotor_xlink,r0005,1.65,pulse_01,3.179983641536273,0.8289855556855615,0.0016370553227532298,-0.0016370553227532298,1.0,0.2583732057416268,0.021696768445322374,0.013606770833333334,0.007835391934430095,1406.0,0.37126600284495015,0.10384068278805121,0.3527738264580369,0.9508529846759419
large_long,nomotor_xlink,r0005,1.7000000000000002,pulse_01,3.1620515625,0.8134149750331625,0.0029914107052180228,-0.0029914107052180228,1.0,0.25059665871121717,0.0692158652867269,0.01384548611111111,0.005928934611516908,1408.0,0.3693181818181818,0.10227272727272727,0.3522727272727273,0.950226081545514
large_long,nomotor_xlink,r0005,1.75,pulse_01,3.162035177304965,0.864559163354663,0.004117879611621837,0.004117879611621837,1.0,0.2583732057416268,0.054385051627511595,0.013715277777777778,0.014771786672901596,1410.0,0.36879432624113484,0.10354609929078014,0.3546099290780142,0.949471061510542
large_long,nomotor_xlink,r0005,1.8,pulse_01,3.186758840169731,0.9020456950705721,0.0016372771441278318,0.0016372771441278318,1.0,0.25176470588235295,0.07469443536661616,0.013693576388888889,0.0032879055014884604,1414.0,0.3705799151343706,0.10466760961810466,0.3493635077793494,0.9523555140251518
large_long,nomotor_xlink,r0005,1.85,pulse_01,3.171858840169732,0.8842865963635937,0.002435381098472078,0.002435381098472078,1.0,0.2459016393442623,0.09476754608678914,0.013888888888888888,0.0021909402596176166,1414.0,0.37199434229137196,0.10608203677510608,0.35219236209335214,0.9507802256380952
large_long,nomotor_xlink,r0005,1.9,pulse_01,3.2013711267605633,0.9151913366282778,0.007600212031636448,0.007600212031636448,1.0,0.24475524475524477,0.05297107776178337,0.013780381944444444,0.010289789325688728,1420.0,0.37183098591549285,0.1028169014084507,0.3535211267605633,0.9511259019127392
large_long,nomotor_xlink,r0005,1.9500000000000002,pulse_01,3.2174601123595505,0.8225478604094614,0.008961694229044692,0.008961694229044692,1.0,0.2523364485981308,0.03216194009735743,0.013910590277777777,0.002281440105667313,1424.0,0.37078651685393255,0.10393258426966293,0.3525280898876405,0.9521294755879051
large_long,nomotor_xlink,r0005,2.0,pulse_01,3.2551412921348315,0.9015026959942739,0.012560393258426986,0.012560393258426986,1.0,0.24121779859484777,0.048727218532518844,0.013975694444444445,0.026318278528270844,1424.0,0.3721910112359551,0.09831460674157302,0.351123595505618,0.9493121937179662
large_long,nomotor_xlink,r0005,2.05,pulse_02,3.795463838120105,1.1802441425892694,0.0007586334806621112,0.0007586334806621112,1.0,0.3389121338912134,0.0849123200761253,0.014800347222222222,0.02039928370113812,1532.0,0.4162303664921465,0.09162303664921466,0.3232984293193716,0.9486213828464274
large_long,nomotor_xlink,r0005,2.1,pulse_02,3.7977397385620915,1.2414419936926837,0.0019011189895164666,-0.0019011189895164666,1.0,0.3417190775681342,0.03643077439202608,0.014952256944444445,0.010189454997519517,1530.0,0.4183006535947712,0.0915032679738562,0.3215686274509804,0.9477405876108683
large_long,nomotor_xlink,r0005,2.15,pulse_02,3.7840571241830063,1.2413808725743865,0.0020443790849672774,-0.0020443790849672774,1.0,0.34309623430962344,0.032687518020731436,0.014756944444444444,0.00028293695393744045,1530.0,0.41699346405228754,0.09281045751633987,0.322875816993464,0.9480263794801295
large_long,nomotor_xlink,r0005,2.2,pulse_02,3.785473464052288,1.239744371969059,0.0016927015250544446,-0.0016927015250544446,1.0,0.33752620545073375,0.04412124095021357,0.0146484375,0.0003371561108407306,1530.0,0.4149214659685863,0.09293193717277487,0.32329842931937164,0.9477752533397873
large_long,nomotor_xlink,r0005,2.25,pulse_02,3.7739009150326797,1.239357935909342,0.0010384002041771516,-0.0010384002041771516,1.0,0.34309623430962344,0.03188910829009502,0.014756944444444444,0.0011885565309646868,1530.0,0.41753926701570665,0.09162303664921465,0.3232984293193716,0.9512824322495513
large_long,nomotor_xlink,r0005,2.3,pulse_02,3.779243062827225,1.2468757111548472,0.00210002224335204,0.00210002224335204,1.0,0.3472803347280335,0.06385202018398464,0.0146484375,0.012452028994868636,1528.0,0.41884816753926685,0.09162303664921466,0.3219895287958114,0.9505778441344056
large_long,nomotor_xlink,r0005,2.35,pulse_02,3.786501048492792,1.1646457619401303,0.002790701252330422,0.002790701252330422,1.0,0.35157894736842105,0.06280867798232681,0.014778645833333333,0.021964319927233134,1526.0,0.41808650065530806,0.09174311926605505,0.32503276539973797,0.9514010815647274
large_long,nomotor_xlink,r0005,2.4,pulse_02,3.7959872703412074,1.1150897915914484,0.001431955609906573,0.001431955609906573,1.0,0.3236514522821577,0.04889839022247575,0.01482204861111111,0.006325716631836305,1524.0,0.41863517060367456,0.08923884514435694,0.3241469816272965,0.9497514334416685
large_long,nomotor_xlink,r0005,2.45,pulse_02,3.7950927821522313,1.1266914621491124,0.00014135188998221082,-0.00014135188998221082,1.0,0.3236514522821577,0.05059387958554946,0.014713541666666666,0.00922523287410896,1524.0,0.4186351706036745,0.09055118110236218,0.3254593175853018,0.9495385086088298
large_long,nomotor_xlink,r0005,2.5,pulse_02,3.795139159001314,1.1704411888361022,0.0037694496753937954,-0.0037694496753937954,1.0,0.3333333333333333,0.04003864325008774,0.014626736111111111,0.0056165787989922444,1522.0,0.4231274638633377,0.09067017082785808,0.3232588699080158,0.949340355943403
large_long,nomotor_xlink,r0005,2.55,pulse_02,3.7724760840998686,1.1603909349430659,0.00732111257117829,-0.00732111257117829,1.0,0.30991735537190085,0.05503364983022303,0.014409722222222223,0.0035174778216530886,1522.0,0.4191852825229961,0.09067017082785808,0.32982917214191854,0.9491105740702057
large_long,nomotor_xlink,r0005,2.6,pulse_02,3.7512124835742444,1.1493363219061836,0.00046694067452797877,-0.00046694067452797877,1.0,0.3264033264033264,0.05428510185637558,0.0150390625,0.0017390925105053394,1522.0,0.4178712220762155,0.09067017082785808,0.328515111695138,0.9483993819901043
large_long,nomotor_xlink,r0005,2.65,pulse_02,3.7696744400527007,1.1499563798800339,0.008327730060391225,0.008327730060391225,1.0,0.3112033195020747,0.05333099596156037,0.014496527777777778,0.006100001309156666,1518.0,0.4163372859025034,0.08827404479578393,0.32411067193675897,0.9484378672255342
large_long,nomotor_xlink,r0005,2.7,pulse_02,3.8011788639365918,1.1859363297611236,0.003344647998271203,0.003344647998271203,1.0,0.3277310924369748,0.05404753999308395,0.0146484375,0.00862163058011752,1514.0,0.4166666666666667,0.08597883597883597,0.32142857142857145,0.9479263392830155
large_long,nomotor_xlink,r0005,2.75,pulse_02,3.789742328042328,1.201686163360739,0.004262328292782873,-0.004262328292782873,1.0,0.3249475890985325,0.055483666178772525,0.014496527777777778,0.007406097393262294,1512.0,0.41798941798941786,0.08597883597883597,0.3227513227513228,0.9486455130280584
large_long,nomotor_xlink,r0005,2.8,pulse_02,3.7756048941798945,1.2303729141206974,0.0022806749827721053,-0.0022806749827721053,1.0,0.33755274261603374,0.03206656813325411,0.014756944444444444,0.009165920052436697,1512.0,0.4158940397350993,0.08476821192052979,0.3231788079470199,0.9480813271190314
large_long,nomotor_xlink,r0005,2.85,pulse_02,3.7760582781456953,1.2566816836753592,0.0038672877516268875,0.0038672877516268875,1.0,0.32489451476793246,0.0649244127312881,0.014952256944444445,0.0020349250503625496,1510.0,0.4158940397350993,0.0847682119205298,0.3205298013245033,0.9485849197640649
large_long,nomotor_xlink,r0005,2.9,pulse_02,3.798808620689656,1.2425824644228727,0.003939380698087043,0.003939380698087043,1.0,0.326271186440678,0.03510893373807738,0.014518229166666667,0.004899894452780533,1508.0,0.41511936339522537,0.08355437665782492,0.32228116710875326,0.9475765987333618
large_long,nomotor_xlink,r0005,2.95,pulse_02,3.7996945623342175,1.227282316958676,0.00510372722548295,0.00510372722548295,1.0,0.326271186440678,0.029200565322162534,0.014409722222222223,0.01150343584757548,1508.0,0.41511936339522554,0.08355437665782493,0.3196286472148541,0.9451076534697478
large_long,nomotor_xlink,r0005,3.0,pulse_02,3.8294309840425536,1.3116030795083256,0.009912140569445338,0.009912140569445338,1.0,0.3333333333333333,0.07526805605043534,0.014561631944444445,0.0281069208498832,1504.0,0.4162234042553191,0.08244680851063829,0.3178191489361702,0.9455500274565972
large_long,nomotor_xlink,r0005,3.05,pulse_03,4.2385933579335795,1.5511101614897351,0.0003344403444035156,-0.0003344403444035156,1.0,0.40417457305502846,0.029503323208164203,0.015625,0.0035480976813718388,1626.0,0.4575645756457565,0.07503075030750307,0.29397293972939725,0.943451273372372
large_long,nomotor_xlink,r0005,3.1,pulse_03,4.237590036900369,1.5617544545338506,0.0012769987699877323,-0.0012769987699877323,1.0,0.4095238095238095,0.022010399456470462,0.0158203125,0.008207366831312735,1626.0,0.4551045510455104,0.07626076260762607,0.2939729397293974,0.9438224198537466
large_long,nomotor_xlink,r0005,3.15,pulse_03,4.230931365313653,1.6003543624776115,0.006444170804670968,0.006444170804670968,1.0,0.3977272727272727,0.01989519139328105,0.01579861111111111,0.00976569785286067,1626.0,0.4538745387453876,0.07626076260762608,0.2952029520295203,0.9437650167451171
large_long,nomotor_xlink,r0005,3.2,pulse_03,4.276255061728395,1.6203486416510147,0.008605430883938503,0.008605430883938503,1.0,0.4095238095238095,0.055754633621213724,0.015581597222222222,0.005813416378658176,1620.0,0.4567901234567901,0.07160493827160493,0.2925925925925926,0.9443756578554167
large_long,nomotor_xlink,r0005,3.25,pulse_03,4.282563950617284,1.6352348607495606,0.003209115226337378,-0.003209115226337378,1.0,0.396584440227704,0.023345155768807302,0.015625,0.006421405637742368,1620.0,0.4580246913580246,0.07160493827160494,0.29135802469135813,0.9425303974047814
large_long,nomotor_xlink,r0005,3.3,pulse_03,4.2570003703703705,1.6588770754774689,0.004256399176954713,-0.004256399176954713,1.0,0.396584440227704,0.04081634424222218,0.015711805555555555,0.002034918806496089,1620.0,0.4580246913580247,0.07530864197530865,0.2925925925925926,0.9424184329059548
large_long,nomotor_xlink,r0005,3.35,pulse_03,4.257025555555556,1.6474443735885371,1.1948984419104155e-05,1.1948984419104155e-05,1.0,0.3942857142857143,0.06842970641640438,0.015690104166666666,0.0015799184077199084,1620.0,0.45802469135802476,0.07407407407407408,0.2925925925925927,0.9434144636965047
large_long,nomotor_xlink,r0005,3.4,pulse_03,4.257072064276885,1.6493975650311494,0.001095946756398014,0.001095946756398014,1.0,0.396584440227704,0.05327942260577411,0.01579861111111111,0.00975896240142208,1618.0,0.4561186650185414,0.07416563658838073,0.2978986402966625,0.9437851628879783
large_long,nomotor_xlink,r0005,3.45,pulse_03,4.263601236093944,1.5888905991800046,0.003152307375360467,-0.003152307375360467,1.0,0.3969465648854962,0.0556493693842786,0.015494791666666667,0.012812091757097263,1618.0,0.45792079207920794,0.0754950495049505,0.29826732673267325,0.9445190582894419
large_long,nomotor_xlink,r0005,3.5,pulse_03,4.238158220024722,1.5725250144885659,0.005797816234033822,-0.005797816234033822,1.0,0.40458015267175573,0.024336816632638834,0.015559895833333334,0.002302040129552633,1618.0,0.4524103831891223,0.0754017305315204,0.2966625463535228,0.9442685330047204
large_long,nomotor_xlink,r0005,3.55,pulse_03,4.228814338689741,1.5750783584026888,0.0022012154923774694,-0.0022012154923774694,1.0,0.40076335877862596,0.016610461739050623,0.0158203125,0.0011244852078950984,1618.0,0.45488257107540164,0.07540173053152038,0.29666254635352274,0.9407010794969818
large_long,nomotor_xlink,r0005,3.6,pulse_03,4.2249509270704575,1.5792719257359364,0.0005178394515904886,-0.0005178394515904886,1.0,0.4126679462571977,0.018546948359345526,0.015559895833333334,0.0006033217379375714,1618.0,0.45488257107540175,0.07663782447466008,0.29789864029666246,0.9441805817282953
large_long,nomotor_xlink,r0005,3.65,pulse_03,4.225707301980198,1.5786982888303143,0.00010475434672644705,-0.00010475434672644705,1.0,0.41379310344827586,0.034629029611994835,0.015625,0.004320325435424007,1616.0,0.4566831683168317,0.07673267326732675,0.2982673267326733,0.9446860495685833
large_long,nomotor_xlink,r0005,3.7,pulse_03,4.224322400990099,1.6051938783484805,0.0008699257425742365,-0.0008699257425742365,1.0,0.4110898661567878,0.04762674011915933,0.01577690972222222,0.0006915288620033359,1616.0,0.4542079207920793,0.07549504950495048,0.2995049504950495,0.9441005140359041
large_long,nomotor_xlink,r0005,3.75,pulse_03,4.220487747524753,1.5745491156582943,0.00527572194719476,-0.00527572194719476,1.0,0.40344168260038243,0.005658827564041373,0.015516493055555556,0.004703924068572081,1616.0,0.4554455445544555,0.07425742574257427,0.29950495049504944,0.9437284530245484
large_long,nomotor_xlink,r0005,3.8,pulse_03,4.19266806930693,1.576970333937048,0.0013608096557173137,0.0013608096557173137,1.0,0.41379310344827586,0.015535628462776757,0.015277777777777777,0.004337457718644615,1616.0,0.45173267326732675,0.07797029702970298,0.30198019801980197,0.9467098454487648
large_long,nomotor_xlink,r0005,3.85,pulse_03,4.2286526054590565,1.600573861970162,0.001996471492682783,0.001996471492682783,1.0,0.40655105973025046,0.020888528321096972,0.015277777777777777,0.0021209999740398424,1612.0,0.4521739130434782,0.07453416149068323,0.30434782608695654,0.9448696985294653
large_long,nomotor_xlink,r0005,3.9,pulse_03,4.204646898263027,1.589696333781287,0.0001612758683834,-0.0001612758683834,1.0,0.41923076923076924,0.04134290293261225,0.015386284722222223,0.0017967363047745044,1612.0,0.4516129032258065,0.07568238213399506,0.30024813895781644,0.9459195694559942
large_long,nomotor_xlink,r0005,3.95,pulse_03,4.227684950248756,1.589793444141515,0.011546740426823762,0.011546740426823762,1.0,0.42857142857142855,0.05313655623576034,0.015603298611111111,0.0014298127262728129,1608.0,0.45646766169154224,0.07587064676616914,0.3034825870646766,0.9460740038567235
large_long,nomotor_xlink,r0005,4.0,pulse_03,4.2739273408239695,1.5811174574236502,0.015414130191737799,0.015414130191737799,1.0,0.442495126705653,0.03547608103651564,0.015625,0.0028919955726215787,1602.0,0.4594257178526841,0.07240948813982521,0.3008739076154806,0.9436987154144663
large_long,nomotor_xlink,r0005,4.05,pulse_04,4.661137644341801,1.5986077006880146,0.007871285604311199,-0.007871285604311199,1.0,0.49217391304347824,0.02902940997849912,0.016883680555555555,0.0004784782600735967,1732.0,0.4907621247113165,0.06697459584295612,0.2782909930715935,0.9412075959451167
large_long,nomotor_xlink,r0005,4.1,pulse_04,4.637523787528868,1.5971722659077938,0.0017534224192018815,-0.0017534224192018815,1.0,0.493006993006993,0.044842341538643776,0.016731770833333333,0.010651161941805598,1732.0,0.48670520231213865,0.06705202312138726,0.27976878612716755,0.9408263245773111
large_long,nomotor_xlink,r0005,4.15,pulse_04,4.65061710982659,1.534700729037181,0.0035373355661764507,0.0035373355661764507,1.0,0.493891797556719,0.08336310190509624,0.016688368055555555,0.009136600077980117,1730.0,0.4895833333333333,0.06597222222222221,0.2777777777777778,0.9399582877038933
large_long,nomotor_xlink,r0005,4.2,pulse_04,4.658747800925926,1.5423526654399131,0.0019071147550489738,-0.0019071147550489738,1.0,0.4965034965034965,0.056087784136681376,0.016536458333333334,0.007107084772592735,1728.0,0.49074074074074076,0.06481481481481481,0.27777777777777785,0.9412799240476548
large_long,nomotor_xlink,r0005,4.25,pulse_04,4.639174421296296,1.5773432376727374,0.0005531700699634712,0.0005531700699634712,1.0,0.4982456140350877,0.0383381656530334,0.016384548611111112,0.017229968161973863,1728.0,0.4866743916570105,0.06604866743916571,0.2804171494785632,0.9406867720333667
large_long,nomotor_xlink,r0005,4.3,pulse_04,4.662066821345707,1.6457324744117563,0.00400604192625531,0.00400604192625531,1.0,0.5026455026455027,0.02096023195265091,0.0166015625,0.012186653652217161,1724.0,0.4901277584204413,0.06387921022067364,0.27758420441347276,0.9381589371684331
large_long,nomotor_xlink,r0005,4.35,pulse_04,4.663210672853828,1.6504631595860404,0.0013017594740912426,-0.0013017594740912426,1.0,0.5150442477876106,0.06281595042111215,0.016688368055555555,0.006525486166931234,1724.0,0.48839907192575394,0.06380510440835266,0.2807424593967518,0.9381936494585568
large_long,nomotor_xlink,r0005,4.4,pulse_04,4.65425626450116,1.606579557410169,0.001631786542923545,-0.001631786542923545,1.0,0.5185840707964602,0.04341233517160214,0.016905381944444443,0.0032005514745123698,1724.0,0.4878048780487806,0.06736353077816493,0.2799070847851336,0.9376584500101378
large_long,nomotor_xlink,r0005,4.45,pulse_04,4.653419953596287,1.6312598507389662,0.0002516344822877474,-0.0002516344822877474,1.0,0.5070921985815603,0.03396351157946544,0.01662326388888889,0.0026652606864218478,1724.0,0.48548199767711964,0.06504065040650406,0.28106852497096396,0.9388979352403048
large_long,nomotor_xlink,r0005,4.5,pulse_04,4.652746457607433,1.6225711215287,0.0034886527383667008,-0.0034886527383667008,1.0,0.5080213903743316,0.053453018711645074,0.016362847222222223,0.004234218051337464,1722.0,0.4866434378629501,0.06852497096399536,0.28222996515679444,0.9377714364888723
large_long,nomotor_xlink,r0005,4.55,pulse_04,4.632488037166087,1.6058545424309414,0.00527822299651574,-0.00527822299651574,1.0,0.5,0.035098017727626274,0.016536458333333334,0.0038958335859335946,1722.0,0.4848837209302325,0.0686046511627907,0.2825581395348837,0.9399295375534338
large_long,nomotor_xlink,r0005,4.6,pulse_04,4.621077119628339,1.6459461230443015,0.003724699961285438,-0.003724699961285438,1.0,0.4833040421792619,0.06591042412127797,0.016796875,0.007614515644300083,1722.0,0.48548199767711964,0.06736353077816493,0.2845528455284553,0.9392143969643336
large_long,nomotor_xlink,r0005,4.65,pulse_04,4.610139837398374,1.6515416362967419,0.0025312289948112485,0.0025312289948112485,1.0,0.4816112084063047,0.08547359229983736,0.016536458333333334,0.0011415909076845827,1722.0,0.4854819976771198,0.06620209059233449,0.2868757259001162,0.9395558682510926
large_long,nomotor_xlink,r0005,4.7,pulse_04,4.636264493597206,1.639096577598194,0.001857989847651768,0.001857989847651768,1.0,0.4788732394366197,0.05692141446736137,0.016796875,0.005015260512197917,1718.0,0.4854481955762515,0.06635622817229336,0.28521536670547143,0.9388656291808704
large_long,nomotor_xlink,r0005,4.75,pulse_04,4.621287776484285,1.6214500732235544,0.0013223315805513576,0.0013223315805513576,1.0,0.5026642984014209,0.013589857352234292,0.016536458333333334,0.01338683290077288,1718.0,0.4842840512223515,0.06752037252619324,0.28521536670547143,0.938378691746301
large_long,nomotor_xlink,r0005,4.8,pulse_04,4.6441984830805145,1.5587755801935568,0.0030845722993482205,0.0030845722993482205,1.0,0.4859154929577465,0.04534802033752402,0.01644965277777778,0.014068382328278414,1714.0,0.48541423570595094,0.06417736289381563,0.2835472578763127,0.9382106412430254
large_long,nomotor_xlink,r0005,4.85,pulse_04,4.639795210280374,1.537039779253884,0.0012171342517368622,-0.0012171342517368622,1.0,0.46003552397868563,0.04286228871198063,0.01662326388888889,0.008058779620577475,1712.0,0.48538011695906425,0.06315789473684211,0.28421052631578947,0.9385594090471925
large_long,nomotor_xlink,r0005,4.9,pulse_04,4.636895677570093,1.510422902470092,0.005237941702000981,0.005237941702000981,1.0,0.4584070796460177,0.06557247503913212,0.015907118055555555,0.010918175393159165,1712.0,0.4859813084112151,0.06308411214953272,0.2838785046728972,0.9386452137970381
large_long,nomotor_xlink,r0005,4.95,pulse_04,4.67122286049238,1.602548831612839,0.0054984538946289225,0.0054984538946289225,1.0,0.46167557932263814,0.02352463385428765,0.016471354166666667,0.022035828643965732,1706.0,0.4812206572769953,0.06220657276995305,0.2816901408450704,0.9382258096063111
large_long,nomotor_xlink,r0005,5.0,pulse_04,4.669886400937867,1.6426378743338863,0.000445486518170964,-0.000445486518170964,1.0,0.4731182795698925,0.041426204584912495,0.01644965277777778,0.013363014240349136,1706.0,0.48182883939038684,0.05978898007033998,0.2813599062133646,0.9382968711920119
large_long,nomotor_xlink,r0005,5.05,pulse_05,5.011730230010953,1.7377122687281794,0.0008844918749959518,-0.0008844918749959518,1.0,0.5179153094462541,0.06696945867341877,0.017621527777777778,0.012753329344196892,1826.0,0.5136911281489596,0.056955093099671415,0.2628696604600219,0.9354567911107016
large_long,nomotor_xlink,r0005,5.1,pulse_05,5.009076754385966,1.77597225676077,0.0018676479842816285,-0.0018676479842816285,1.0,0.5203915171288744,0.06853398923666187,0.017513020833333334,0.007967974740689257,1824.0,0.5120614035087719,0.05701754385964912,0.26206140350877194,0.9348888595293389
large_long,nomotor_xlink,r0005,5.15,pulse_05,5.000524342105264,1.785520117172315,0.000616410818713368,-0.000616410818713368,1.0,0.5130718954248366,0.04712385076437381,0.017339409722222223,0.002036638949806805,1824.0,0.5109649122807017,0.05701754385964912,0.26206140350877194,0.9367982540695015
large_long,nomotor_xlink,r0005,5.2,pulse_05,5.005378289473685,1.7637524230619293,0.0028148782184603447,0.0028148782184603447,1.0,0.5057660626029654,0.03360722948286861,0.017491319444444445,0.001109587934109794,1824.0,0.5098684210526316,0.05592105263157894,0.26096491228070173,0.9343165775680784
large_long,nomotor_xlink,r0005,5.25,pulse_05,5.017413611416026,1.7921776447769737,0.0028911458935798606,0.0028911458935798606,1.0,0.5172413793103449,0.02501620353921606,0.01740451388888889,0.004220837909753546,1822.0,0.5126234906695939,0.05598243688254665,0.26125137211855104,0.9344316503646687
large_long,nomotor_xlink,r0005,5.3,pulse_05,5.0227251648351645,1.738427395603408,0.00417498913991358,0.00417498913991358,1.0,0.5189456342668863,0.08395115949627117,0.01742621527777778,0.021758708808981824,1820.0,0.5109890109890111,0.056043956043956046,0.2593406593406593,0.9340717740701009
large_long,nomotor_xlink,r0005,5.35,pulse_05,5.042463546255507,1.6616253919230828,0.004817709572676539,0.004817709572676539,1.0,0.5222405271828665,0.05889728135182052,0.017165798611111113,0.020568698996747143,1816.0,0.5099118942731278,0.05506607929515419,0.25991189427312783,0.9321217162673522
large_long,nomotor_xlink,r0005,5.4,pulse_05,5.051631422271224,1.6150152016229251,5.534060019381689e-05,5.534060019381689e-05,1.0,0.5255354200988468,0.039790093960668335,0.0171875,0.006381670865621469,1814.0,0.5104972375690607,0.05414364640883977,0.2607734806629834,0.9332502214783915
large_long,nomotor_xlink,r0005,5.45,pulse_05,5.04279558985667,1.623335366729354,0.003796293190784302,0.003796293190784302,1.0,0.5263157894736842,0.02390574947567888,0.017122395833333335,0.009817004392800014,1814.0,0.5115766262403526,0.055126791620727665,0.2601984564498345,0.9349458570704374
large_long,nomotor_xlink,r0005,5.5,pulse_05,5.07440918141593,1.556113175266125,0.00288051009763457,0.00288051009763457,1.0,0.5313531353135313,0.05126266189521143,0.01694878472222222,0.015813727131575177,1808.0,0.5143805309734514,0.051991150442477874,0.25884955752212385,0.932708931079731
large_long,nomotor_xlink,r0005,5.55,pulse_05,5.0600786504424775,1.528453003939903,0.003588532448377683,-0.003588532448377683,1.0,0.5331125827814569,0.06622577070429933,0.0173828125,0.0022885132583863412,1808.0,0.5110619469026548,0.051991150442477874,0.2577433628318584,0.9323978051842718
large_long,nomotor_xlink,r0005,5.6,pulse_05,5.0528779867256635,1.542382095715807,0.0024145480527053564,-0.0024145480527053564,1.0,0.5356550580431177,0.04061108438535551,0.017296006944444445,0.007651600106524363,1808.0,0.5110619469026549,0.051991150442477874,0.2588495575221239,0.9333312118504375
large_long,nomotor_xlink,r0005,5.65,pulse_05,5.045591362126245,1.574362604579049,0.002623480199810846,0.002623480199810846,1.0,0.5415282392026578,0.024010211068310024,0.017469618055555556,0.008232133875419953,1806.0,0.5110864745011086,0.05099778270509978,0.2583148558758315,0.9336545395149183
large_long,nomotor_xlink,r0005,5.7,pulse_05,5.0686188679245285,1.5917748989683267,0.003231905794349436,0.003231905794349436,1.0,0.5518394648829431,0.055042966579223786,0.017122395833333335,0.007102817885282886,1802.0,0.5105438401775805,0.048834628190899,0.2563817980022198,0.9336003553232085
large_long,nomotor_xlink,r0005,5.75,pulse_05,5.064982796892342,1.6169795118907464,0.0045499075101738855,-0.0045499075101738855,1.0,0.5510887772194305,0.06143941601891732,0.017491319444444445,0.005444207608368464,1802.0,0.5133333333333335,0.05,0.2566666666666667,0.9330703456546288
large_long,nomotor_xlink,r0005,5.8,pulse_05,5.041319422863485,1.6244401446185375,0.00464951905290419,-0.00464951905290419,1.0,0.5492487479131887,0.044237157682385564,0.017491319444444445,0.005808304530421434,1802.0,0.5061043285238624,0.051054384017758046,0.2574916759156493,0.9337768722273713
large_long,nomotor_xlink,r0005,5.85,pulse_05,5.037085682574917,1.651829339073275,0.00593706689761353,0.00593706689761353,1.0,0.5466666666666666,0.0646625544738952,0.017469618055555556,0.0007604883768089395,1802.0,0.5083240843507215,0.051054384017758046,0.2597114317425083,0.9338391378619928
large_long,nomotor_xlink,r0005,5.9,pulse_05,5.076941824249166,1.629003074879391,0.0070211292853447444,0.0070211292853447444,1.0,0.5518394648829431,0.07475869022023585,0.017122395833333335,0.005368228344377742,1798.0,0.5072302558398221,0.0489432703003337,0.2580645161290322,0.93240087211032
large_long,nomotor_xlink,r0005,5.95,pulse_05,5.079212458286985,1.6196199690070086,0.0011669262143123582,-0.0011669262143123582,1.0,0.5480607082630692,0.07390718461494887,0.017317708333333334,0.004906718309416691,1798.0,0.5061179087875418,0.047830923248053395,0.25695216907675195,0.9326663244919858
large_long,nomotor_xlink,r0005,6.0,pulse_05,5.069940266963292,1.599562765022891,0.003090730441231019,-0.003090730441231019,1.0,0.5521885521885522,0.039001735938807305,0.016905381944444443,0.006685734661372529,1798.0,0.5027808676307007,0.0489432703003337,0.2569521690767519,0.9311955763082942
large_long,nomotor_xlink,r0005,6.05,pulse_06,5.372690136411332,1.703300465156985,0.007735187128366701,-0.007735187128366701,1.0,0.5857805255023184,0.01811706445985176,0.01818576388888889,0.0014133472641835916,1906.0,0.5315126050420169,0.04831932773109244,0.24474789915966383,0.928689289595723
large_long,nomotor_xlink,r0005,6.1,pulse_06,5.349484575026232,1.7075405069495357,0.004562851866874773,-0.004562851866874773,1.0,0.5844961240310077,0.05115186156678532,0.01794704861111111,0.012474391312634133,1906.0,0.5320041972717733,0.04826862539349423,0.24344176285414482,0.9303508890597799
large_long,nomotor_xlink,r0005,6.15,pulse_06,5.345313025210084,1.7781468130327898,0.0015339062653441833,0.0015339062653441833,1.0,0.5825545171339563,0.04270544440450981,0.018142361111111113,0.008307329001654096,1904.0,0.5325630252100841,0.04831932773109244,0.24264705882352944,0.9308082650252253
large_long,nomotor_xlink,r0005,6.2,pulse_06,5.358688012618297,1.7573844809594603,0.0008476538775343082,0.0008476538775343082,1.0,0.5191424196018377,0.06480913708722447,0.01818576388888889,0.01557581124689759,1902.0,0.5331230283911672,0.04942166140904312,0.24290220820189284,0.9293506100414042
large_long,nomotor_xlink,r0005,6.25,pulse_06,5.35039894847529,1.6846919455514042,0.001707635410122273,0.001707635410122273,1.0,0.5161787365177196,0.06427228056704125,0.018033854166666665,0.028261790969506578,1902.0,0.5320715036803367,0.04942166140904312,0.24605678233438494,0.9290171428333269
large_long,nomotor_xlink,r0005,6.3,pulse_06,5.368933825079031,1.5878137351424209,0.0009590266766683619,0.0009590266766683619,1.0,0.5217391304347826,0.0224489926953464,0.017881944444444443,0.00886467615168011,1898.0,0.5268703898840885,0.04741833508956796,0.24657534246575344,0.9291890820715595
large_long,nomotor_xlink,r0005,6.35,pulse_06,5.3561531085353,1.6315038886413236,0.00463343930148626,0.00463343930148626,1.0,0.5116640746500778,0.1080229202562158,0.018033854166666665,7.366142878758215e-05,1898.0,0.5268703898840885,0.04741833508956796,0.24446786090621703,0.9294979856869929
large_long,nomotor_xlink,r0005,6.4,pulse_06,5.396734460887949,1.5873717665696954,0.006611338852291482,0.006611338852291482,1.0,0.5179968701095462,0.09351685819794817,0.01759982638888889,0.0009576962187976731,1892.0,0.5285412262156448,0.04756871035940803,0.24312896405919665,0.9289669059430277
large_long,nomotor_xlink,r0005,6.45,pulse_06,5.395821141649049,1.6257577113285375,0.0011103758689577543,0.0011103758689577543,1.0,0.5259026687598116,0.09604362228907823,0.017816840277777777,0.0038480873774543087,1892.0,0.5243128964059197,0.048625792811839326,0.24312896405919665,0.9277875974428341
large_long,nomotor_xlink,r0005,6.5,pulse_06,5.403396716101695,1.5642832423049695,0.0024265576926382573,0.0024265576926382573,1.0,0.49295774647887325,0.07655195159003149,0.01775173611111111,0.0039673857159899795,1888.0,0.5281018027571581,0.04665959703075292,0.24178154825026507,0.927011953089295
large_long,nomotor_xlink,r0005,6.55,pulse_06,5.410380487804878,1.6019533970325976,0.001858314478450603,0.001858314478450603,1.0,0.5,0.09003001907826819,0.018077256944444446,0.013343484813931475,1886.0,0.5265392781316349,0.0445859872611465,0.24097664543524416,0.9287765666463014
large_long,nomotor_xlink,r0005,6.6,pulse_06,5.414546602972399,1.6443441511885584,0.0034589257913855143,0.0034589257913855143,1.0,0.5164835164835165,0.09777521713156563,0.01775173611111111,0.004763079132032222,1884.0,0.5276008492569002,0.046709129511677286,0.24097664543524422,0.9274651929026959
large_long,nomotor_xlink,r0005,6.65,pulse_06,5.431134042553191,1.630531871824791,0.00877492651241818,0.00877492651241818,1.0,0.521259842519685,0.08832870920562322,0.01773003472222222,0.01723189989436587,1880.0,0.5234042553191489,0.0425531914893617,0.24148936170212765,0.9276058628098154
large_long,nomotor_xlink,r0005,6.7,pulse_06,5.467196162046908,1.7477355505547536,0.0045964406689953385,0.0045964406689953385,1.0,0.5206349206349207,0.05709882152298581,0.017643229166666666,0.007472941250557197,1876.0,0.523454157782516,0.04157782515991471,0.23987206823027724,0.9260679700466188
large_long,nomotor_xlink,r0005,6.75,pulse_06,5.458712686567163,1.6753695193281342,0.0009122903169774451,0.0009122903169774451,1.0,0.48043818466353677,0.07688743054080141,0.017469618055555556,0.013032325756805277,1876.0,0.526147278548559,0.04055496264674493,0.23906083244397008,0.9264088008288861
large_long,nomotor_xlink,r0005,6.8,pulse_06,5.4726699039487725,1.669541596013922,0.0009122043199159732,0.0009122043199159732,1.0,0.49842271293375395,0.08767730633913955,0.017664930555555555,0.0034679075877864785,1874.0,0.5250800426894342,0.04055496264674493,0.23799359658484526,0.9250862793358711
large_long,nomotor_xlink,r0005,6.85,pulse_06,5.464185912486659,1.696176964854853,0.0032538764073983075,0.0032538764073983075,1.0,0.49216300940438873,0.048002777855539004,0.017860243055555555,0.004142230681096611,1874.0,0.5261472785485591,0.04055496264674493,0.2379935965848452,0.9257220223734783
large_long,nomotor_xlink,r0005,6.9,pulse_06,5.492193162393162,1.6446882119273423,0.002721293787836032,0.002721293787836032,1.0,0.478125,0.07605938468574594,0.01773003472222222,0.011444884085835475,1872.0,0.5256410256410259,0.038461538461538464,0.23611111111111116,0.9236553766448843
large_long,nomotor_xlink,r0005,6.95,pulse_06,5.480513675213675,1.6275076603398402,0.001874225817755241,-0.001874225817755241,1.0,0.4720496894409938,0.07617676670215275,0.01742621527777778,0.007940826297388534,1872.0,0.5229946524064171,0.038502673796791446,0.23850267379679146,0.92454464018099
large_long,nomotor_xlink,r0005,7.0,pulse_06,5.480947807486631,1.597043254143011,0.00014471075765184102,0.00014471075765184102,1.0,0.471875,0.07808236220194283,0.0173828125,0.010154802065609703,1870.0,0.5240641711229946,0.04171122994652406,0.23636363636363633,0.9254520112374062
large_long,nomotor_xlink,r0005,7.05,pulse_07,5.749628815261045,0.5162219005344513,0.0008887215528779654,0.0008887215528779654,1.0,0.5265423242467718,0.053217160560464515,0.018988715277777776,0.022185799571929288,1992.0,0.5502008032128515,0.040160642570281124,0.22489959839357426,0.9209621041185097
large_long,nomotor_xlink,r0005,7.1,pulse_07,5.752294979919679,0.4496645018186634,0.002606068478268053,0.002606068478268053,1.0,0.5280575539568345,0.06505248993821529,0.018793402777777777,0.012394002862922434,1992.0,0.5552208835341366,0.040160642570281124,0.22289156626506026,0.9205837583708679
large_long,nomotor_xlink,r0005,7.15,pulse_07,5.765265226130653,0.44185788335691667,0.00108293048239864,0.00108293048239864,1.0,0.5272206303724928,0.03757006122589164,0.019075520833333335,0.006291957048558681,1990.0,0.5527638190954774,0.036180904522613064,0.2221105527638191,0.9194424372973514
large_long,nomotor_xlink,r0005,7.2,pulse_07,5.758792562814071,0.4119127595273113,0.0009541692196732102,0.0009541692196732102,1.0,0.5287356321839081,0.08260379624139043,0.01890190972222222,0.004680135728922397,1990.0,0.5577889447236182,0.03819095477386935,0.2221105527638191,0.9210051952661966
large_long,nomotor_xlink,r0005,7.25,pulse_07,5.770990241448692,0.4137770689833823,0.0012158900686225493,0.0012158900686225493,1.0,0.5150645624103299,0.0777498458703312,0.018858506944444443,0.0009278498930513449,1988.0,0.5563380281690142,0.0352112676056338,0.2233400402414487,0.9218197759553305
large_long,nomotor_xlink,r0005,7.3,pulse_07,5.766087903225806,0.4174798588856194,0.0012976175263950118,-0.0012976175263950118,1.0,0.5151515151515151,0.04506909848104636,0.018684895833333333,0.014246946589958898,1984.0,0.5560040363269425,0.035317860746720484,0.22300706357214942,0.9220352856825752
large_long,nomotor_xlink,r0005,7.35,pulse_07,5.763204536290322,0.3282953894436289,0.001749949596774177,-0.001749949596774177,1.0,0.515850144092219,0.037830708885034044,0.018663194444444444,0.008442823949374567,1984.0,0.5539858728557012,0.03632694248234107,0.22401614530776998,0.921786233938186
large_long,nomotor_xlink,r0005,7.4,pulse_07,5.755588205645161,0.366822915189372,0.002965826612903122,-0.002965826612903122,1.0,0.5180375180375181,0.04023281870329779,0.018467881944444445,0.022196742188297796,1984.0,0.5534274193548386,0.03729838709677419,0.2227822580645161,0.9203824971434762
large_long,nomotor_xlink,r0005,7.45,pulse_07,5.745409576612904,0.4614758425734157,0.002033194682035481,0.002033194682035481,1.0,0.5115606936416185,0.034042165917103295,0.01853298611111111,0.001693272417770314,1984.0,0.5554435483870968,0.035282258064516125,0.2227822580645161,0.9197546465307455
large_long,nomotor_xlink,r0005,7.5,pulse_07,5.767787373737374,0.3566632806827501,0.0037190099584553473,0.0037190099584553473,1.0,0.4941860465116279,0.04609562894337568,0.018793402777777777,0.007803595789519262,1980.0,0.5535353535353537,0.03636363636363636,0.22222222222222224,0.9188114340690852
large_long,nomotor_xlink,r0005,7.55,pulse_07,5.767723636363636,0.4146542678363001,0.0007131986531986693,0.0007131986531986693,1.0,0.4963609898107715,0.035313938903943694,0.018641493055555555,0.0019147860562340469,1980.0,0.5535353535353534,0.03737373737373738,0.22222222222222224,0.9191278487257571
large_long,nomotor_xlink,r0005,7.6,pulse_07,5.772066565656566,0.3451745643453458,0.0005658249158247605,-0.0005658249158247605,1.0,0.5,0.035082706417970344,0.018793402777777777,0.031479989105969025,1980.0,0.5525252525252526,0.03737373737373738,0.22222222222222224,0.9209046367295725
large_long,nomotor_xlink,r0005,7.65,pulse_07,5.764328686868687,0.22577433320048595,0.0021332826236018696,0.0021332826236018696,1.0,0.5238095238095238,0.04065983361686719,0.019053819444444446,0.03413870979124103,1980.0,0.5545454545454547,0.03737373737373738,0.22323232323232323,0.9223180526344564
large_long,nomotor_xlink,r0005,7.7,pulse_07,5.784866261398177,0.14034230559789967,0.001418065866363764,0.001418065866363764,1.0,0.5072463768115942,0.0220017437469904,0.018598090277777778,0.01947617006961611,1974.0,0.5532994923857867,0.03553299492385787,0.22131979695431472,0.9215018949595312
large_long,nomotor_xlink,r0005,7.75,pulse_07,5.77283708206687,0.1089173127827893,0.0008844094424268848,0.0008844094424268848,1.0,0.5209235209235209,0.012386580713120234,0.018836805555555555,0.013772365431416836,1974.0,0.5517241379310344,0.036511156186612576,0.2210953346855984,0.9213612545864528
large_long,nomotor_xlink,r0005,7.8,pulse_07,5.790172718052738,0.057708113009398654,0.004980232515081766,0.004980232515081766,1.0,0.5304347826086957,0.04205789660733362,0.018836805555555555,0.00025895259893404105,1972.0,0.5567951318458417,0.034482758620689655,0.22008113590263687,0.9205090047012666
large_long,nomotor_xlink,r0005,7.85,pulse_07,5.80271847715736,0.11047102837639354,0.003662948075221125,0.003662948075221125,1.0,0.5552325581395349,0.01950182981968649,0.01857638888888889,0.0002732001346773677,1970.0,0.5563451776649744,0.03350253807106599,0.22030456852791874,0.9204121616776656
large_long,nomotor_xlink,r0005,7.9,pulse_07,5.812150406504065,0.05606891220133445,0.0054018543496633,0.0054018543496633,1.0,0.5794117647058824,0.035837945499892616,0.018619791666666666,0.01448148302728211,1968.0,0.5605289928789421,0.03255340793489318,0.21871820956256358,0.9197904142453693
large_long,nomotor_xlink,r0005,7.95,pulse_07,5.83512960325534,0.023582130212700884,0.004011470058749615,0.004011470058749615,1.0,0.5781710914454278,0.03999058980127452,0.018641493055555555,0.011829804993838108,1966.0,0.5606523955147807,0.03160040774719674,0.218144750254842,0.9201405014664732
large_long,nomotor_xlink,r0005,8.0,pulse_07,5.836219226856563,-0.014909917761694196,0.00036320786707418523,0.00036320786707418523,1.0,0.5659824046920822,0.06579031931435292,0.018424479166666667,0.012830682658131693,1966.0,0.5574771108850457,0.03153611393692777,0.2177009155645981,0.9213278619596319
large_long,rotatable_xlink,r0006,0.0,initial,0.529482327586207,2.6638734437834843,0.08422003221873912,0.08422003221873912,1.0,-0.008,0.0,0.004578993055555556,0.09728435782743938,464.0,0.24137931034482762,0.1939655172413794,0.44827586206896575,0.9293751278253576
large_long,rotatable_xlink,r0006,0.05,initial,0.7821424242424243,2.372020370301166,0.0815535668712254,0.0815535668712254,1.0,0.09090909090909091,0.05944269581858495,0.005230034722222222,0.06056830540441682,528.0,0.2613636363636364,0.1893939393939394,0.4507575757575758,0.9334400197297958
large_long,rotatable_xlink,r0006,0.1,initial,1.0188037288135594,2.3004636113569834,0.07494366304554984,0.07494366304554984,1.0,0.09316770186335403,0.035692847379672765,0.005772569444444445,0.023848636665016427,590.0,0.2677966101694915,0.17966101694915254,0.43728813559322044,0.9425361627562254
large_long,rotatable_xlink,r0006,0.15000000000000002,initial,1.2318044025157233,2.2289285503110676,0.061271729205447246,0.061271729205447246,1.0,0.09826589595375723,0.04474622336964136,0.00625,0.010166276570231872,636.0,0.27358490566037746,0.16666666666666666,0.4339622641509434,0.9510591053327699
large_long,rotatable_xlink,r0006,0.2,initial,1.386434104046243,2.239465951935592,0.04924876396427443,0.04924876396427443,1.0,0.14893617021276595,0.08252226037728964,0.0067708333333333336,0.009923220207360842,692.0,0.28901734104046245,0.1589595375722543,0.4219653179190751,0.9490050119790894
large_long,rotatable_xlink,r0006,0.25,initial,1.52729698630137,2.1693892290669026,0.0391194448582722,0.0391194448582722,1.0,0.13432835820895522,0.08852288125003581,0.00703125,0.02547389979498867,730.0,0.28219178082191776,0.15068493150684933,0.4164383561643835,0.9475432916631192
large_long,rotatable_xlink,r0006,0.30000000000000004,initial,1.621150773195876,2.08662255316566,0.045335510453039664,0.045335510453039664,1.0,0.15348837209302327,0.08367982886195648,0.007573784722222222,0.009354753508894845,776.0,0.29123711340206176,0.14948453608247425,0.41237113402061853,0.9519081508364056
large_long,rotatable_xlink,r0006,0.35000000000000003,initial,1.799310049019608,2.1132607080135335,0.029059383712637017,0.029059383712637017,1.0,0.18584070796460178,0.11549193228325717,0.008051215277777777,0.0053586572508881325,816.0,0.30147058823529416,0.1470588235294118,0.40931372549019607,0.9556725366040989
large_long,rotatable_xlink,r0006,0.4,initial,1.7955070754716982,2.118774496670989,0.007658927756838814,0.007658927756838814,1.0,0.19491525423728814,0.10279983048297739,0.008203125,0.010551672777539064,848.0,0.30188679245283023,0.1438679245283019,0.4033018867924528,0.9526476006270155
large_long,rotatable_xlink,r0006,0.45,initial,1.8452636155606408,2.176570744678768,0.02154553904380252,0.02154553904380252,1.0,0.2231404958677686,0.1329210003423919,0.008289930555555556,0.03536844236584321,874.0,0.308924485125858,0.14187643020594964,0.4096109839816934,0.9480295542876143
large_long,rotatable_xlink,r0006,0.5,initial,1.9247803097345133,2.330985150866048,0.014357272317718328,0.014357272317718328,1.0,0.24696356275303644,0.05499613995340382,0.008897569444444444,0.03196146004080188,904.0,0.3141592920353983,0.13938053097345132,0.40265486725663724,0.9505278858115076
large_long,rotatable_xlink,r0006,0.55,initial,1.9314072494669507,2.368339504923579,0.008519741338243661,0.008519741338243661,1.0,0.25,0.18250986193273788,0.009049479166666667,0.011963175504108525,938.0,0.30490405117270797,0.14072494669509597,0.40085287846481876,0.9497516681386369
large_long,rotatable_xlink,r0006,0.6000000000000001,initial,1.9758987577639753,2.4027642038906993,0.016329936536653007,0.016329936536653007,1.0,0.24528301886792453,0.12435651798786457,0.009461805555555555,0.03400610378102583,966.0,0.3126293995859213,0.14285714285714288,0.3995859213250518,0.9586801638369156
large_long,rotatable_xlink,r0006,0.65,initial,2.029386868686869,2.572376127609734,0.006013228908124761,0.006013228908124761,1.0,0.26666666666666666,0.13747272003807828,0.009461805555555555,0.02793868631734453,990.0,0.31717171717171716,0.14343434343434341,0.4040404040404041,0.9546037069762134
large_long,rotatable_xlink,r0006,0.7000000000000001,initial,2.011978131212724,2.5703963217947665,0.012318530964639862,0.012318530964639862,1.0,0.2608695652173913,0.05973776666484404,0.010047743055555556,0.02448922867896545,1006.0,0.31809145129224664,0.13916500994035788,0.4075546719681908,0.958034953876076
large_long,rotatable_xlink,r0006,0.75,initial,2.103298054474708,2.4254407555359414,0.02275985147714839,0.02275985147714839,1.0,0.28776978417266186,0.15080489033735178,0.010004340277777777,0.01562286884219081,1028.0,0.311284046692607,0.13813229571984437,0.4066147859922179,0.9549266983078338
large_long,rotatable_xlink,r0006,0.8,initial,2.148537240075614,2.4766591087416217,0.00415937010303824,0.00415937010303824,1.0,0.2708333333333333,0.1229264479573156,0.010134548611111112,0.012249094427313109,1058.0,0.31568998109640833,0.13610586011342157,0.4007561436672968,0.9541457890010439
large_long,rotatable_xlink,r0006,0.8500000000000001,initial,2.1282542750929374,2.49893532209982,0.02698774936468699,0.02698774936468699,1.0,0.2905405405405405,0.1347524772490106,0.010438368055555555,0.012158337343150047,1076.0,0.31226765799256506,0.137546468401487,0.4014869888475836,0.9555186577785109
large_long,rotatable_xlink,r0006,0.9,initial,2.310463736263736,2.549609132800522,0.039356396206135257,0.039356396206135257,1.0,0.29372937293729373,0.13935794482993125,0.010503472222222223,0.03619576111678957,1092.0,0.32417582417582425,0.13003663003663005,0.3937728937728937,0.9570607301809358
large_long,rotatable_xlink,r0006,0.9500000000000001,initial,2.364392652329749,2.7161098888005575,0.018911501183182633,0.018911501183182633,1.0,0.2922077922077922,0.08171143831454346,0.010677083333333334,0.04572475301990334,1116.0,0.3279569892473118,0.12903225806451615,0.39426523297491045,0.9552194173439013
large_long,rotatable_xlink,r0006,1.0,initial,2.423932743362832,2.823957650919942,0.019846697011027665,0.019846697011027665,1.0,0.2571428571428571,0.18260842671035066,0.010785590277777778,0.03594925403979484,1130.0,0.33156028368794316,0.12943262411347514,0.40248226950354604,0.9519482846555978
large_long,rotatable_xlink,r0006,1.05,pulse_01,3.0326602893890677,2.9875482299167015,0.06493554232289522,-0.06493554232289522,1.0,0.358695652173913,0.10587665099220255,0.01213107638888889,0.0021894007923221417,1244.0,0.3810289389067524,0.12218649517684887,0.3665594855305466,0.9524958689439682
large_long,rotatable_xlink,r0006,1.1,pulse_01,2.837853662420382,2.994116432293668,0.06310663077620109,-0.06310663077620109,1.0,0.4037940379403794,0.06198028613658041,0.012022569444444445,0.016210635121573096,1256.0,0.3773885350318471,0.13535031847133758,0.374203821656051,0.958594373907867
large_long,rotatable_xlink,r0006,1.15,pulse_01,2.6540205047318612,3.08481204064614,0.053868070101784925,-0.053868070101784925,1.0,0.39893617021276595,0.09064765709814418,0.012109375,0.018207889877796497,1268.0,0.37854889589905366,0.14668769716088326,0.3817034700315457,0.9640833799771694
large_long,rotatable_xlink,r0006,1.2,pulse_01,2.5146452418096725,3.103363771560447,0.03540572870338421,-0.03540572870338421,1.0,0.34196891191709844,0.08883229329727817,0.012434895833333333,0.011683803854049804,1282.0,0.37441497659906386,0.15600624024960996,0.39313572542901704,0.9642592658164376
large_long,rotatable_xlink,r0006,1.25,pulse_01,2.441586132511556,3.0147092175218413,0.018909451616596778,-0.018909451616596778,1.0,0.33505154639175255,0.08112894248970101,0.012608506944444445,0.0007436014691529399,1298.0,0.36363636363636365,0.1587057010785824,0.3975346687211094,0.9636897270642798
large_long,rotatable_xlink,r0006,1.3,pulse_01,2.401188532110092,3.0989021627455293,0.013176999963590083,-0.013176999963590083,1.0,0.2893401015228426,0.061968025616690244,0.012651909722222222,0.021761543800231948,1308.0,0.36544342507645244,0.16666666666666669,0.3990825688073393,0.9649988388926637
large_long,rotatable_xlink,r0006,1.35,pulse_01,2.3625241327300155,-3.1379068268563532,0.012277424017349178,-0.012277424017349178,1.0,0.3065326633165829,0.07903164034390238,0.012565104166666667,0.0002011399981340182,1326.0,0.358974358974359,0.16440422322775264,0.39969834087481143,0.9640366116834312
large_long,rotatable_xlink,r0006,1.4,pulse_01,2.327523988005997,3.1001090027343343,0.015422852967440356,-0.015422852967440356,1.0,0.3132832080200501,0.06637540905450469,0.012934027777777777,0.01569469578172063,1334.0,0.3573573573573573,0.16516516516516513,0.4024024024024023,0.9647001623486504
large_long,rotatable_xlink,r0006,1.45,pulse_01,2.2699870149253734,3.05111030563291,0.016695205154501735,-0.016695205154501735,1.0,0.3034825870646766,0.07806378341997286,0.012999131944444445,0.005625462167042923,1340.0,0.34776119402985073,0.16417910447761194,0.4029850746268657,0.9622766497268137
large_long,rotatable_xlink,r0006,1.5,pulse_01,2.2273527570789864,3.0663562297320768,0.002725231633560347,0.002725231633560347,1.0,0.3118811881188119,0.051991946342798925,0.013042534722222223,0.0001716932239281821,1342.0,0.3442622950819672,0.1624441132637854,0.4083457526080478,0.9636558577478849
large_long,rotatable_xlink,r0006,1.55,pulse_01,2.2863384047267354,3.052140464976479,0.014111482067591682,0.014111482067591682,1.0,0.3118811881188119,0.0495379284082565,0.01310763888888889,0.0045303838621810755,1354.0,0.3471196454948301,0.1536189069423929,0.4032496307237814,0.9598029580754261
large_long,rotatable_xlink,r0006,1.6,pulse_01,2.3120216494845365,3.0935385329051632,0.014542153133779415,0.014542153133779415,1.0,0.3217821782178218,0.08920451065322435,0.012955729166666667,0.013177768353447897,1358.0,0.3460972017673048,0.150220913107511,0.40500736377025026,0.9597799324525479
large_long,rotatable_xlink,r0006,1.65,pulse_01,2.373591323529412,3.1312070750971666,0.010478426066302745,0.010478426066302745,1.0,0.3333333333333333,0.0707750988673937,0.013324652777777777,0.0065444090196047355,1360.0,0.35147058823529415,0.14558823529411763,0.40441176470588236,0.9589269358333333
large_long,rotatable_xlink,r0006,1.7000000000000002,pulse_01,2.374892205882353,3.1328049870227916,0.01239010886912902,0.01239010886912902,1.0,0.3415233415233415,0.05204613216395255,0.013302951388888888,0.0012302360106913508,1360.0,0.35294117647058815,0.14852941176470585,0.40294117647058814,0.9578954122781624
large_long,rotatable_xlink,r0006,1.75,pulse_01,2.447931976744186,3.1385884911613147,0.016265963756703822,0.016265963756703822,1.0,0.3526570048309179,0.05454587310607178,0.013628472222222222,0.0025625925041730113,1376.0,0.35901162790697677,0.14534883720930233,0.3982558139534884,0.9594425778317839
large_long,rotatable_xlink,r0006,1.8,pulse_01,2.472487988422576,-3.1350047651317565,0.0016922209749123212,0.0016922209749123212,1.0,0.34772182254196643,0.0642466944533202,0.013389756944444444,0.0006132214337856526,1382.0,0.3589001447178003,0.14327062228654125,0.3950795947901592,0.9578528857660684
large_long,rotatable_xlink,r0006,1.85,pulse_01,2.45808530259366,3.1349091625586007,0.015222842195129557,-0.015222842195129557,1.0,0.3458823529411765,0.046479587517212,0.01349826388888889,0.0008708473417492849,1388.0,0.35734870317002876,0.154178674351585,0.393371757925072,0.9582359499103267
large_long,rotatable_xlink,r0006,1.9,pulse_01,2.3811509352517986,-3.1402298491822522,0.023157310624123184,-0.023157310624123184,1.0,0.35058823529411764,0.0652933930716611,0.0134765625,0.000644710429669256,1390.0,0.358273381294964,0.15827338129496404,0.38705035971223023,0.9627744153929616
large_long,rotatable_xlink,r0006,1.9500000000000002,pulse_01,2.319141438848921,3.131040899980585,0.007541152043882171,-0.007541152043882171,1.0,0.35664335664335667,0.03814604947240754,0.013324652777777777,0.005311306249385324,1390.0,0.36115107913669064,0.15683453237410072,0.3884892086330935,0.9660390798121677
large_long,rotatable_xlink,r0006,2.0,pulse_01,2.3359040229885055,3.111087620501022,0.005587528046528216,0.005587528046528216,1.0,0.3490566037735849,0.10229916738614252,0.01349826388888889,0.006651093159854386,1392.0,0.3631123919308357,0.15994236311239193,0.38472622478386154,0.9679382663680618
large_long,rotatable_xlink,r0006,2.05,pulse_02,3.0439816864295124,2.7480207703727126,0.012653052261747769,-0.012653052261747769,1.0,0.4414784394250513,0.059667060371399794,0.014887152777777777,0.014882134596951424,1518.0,0.42028985507246386,0.14624505928853757,0.3504611330698288,0.9635544847425981
large_long,rotatable_xlink,r0006,2.1,pulse_02,3.006022529644269,2.792667174163567,0.01066451471234083,-0.01066451471234083,1.0,0.4279918864097363,0.05078127130935906,0.0146484375,0.010900661060534297,1518.0,0.4142480211081795,0.14511873350923482,0.35356200527704484,0.9621273272567148
large_long,rotatable_xlink,r0006,2.15,pulse_02,2.9799945981554674,2.8134247367359184,0.0016304370451977561,0.0016304370451977561,1.0,0.4256619144602851,0.02934879483658997,0.014605034722222222,0.007900798660905725,1518.0,0.417654808959157,0.1422924901185771,0.35573122529644274,0.9631152069262393
large_long,rotatable_xlink,r0006,2.2,pulse_02,3.0158051519154556,2.8400719661290013,0.005498192249297966,0.005498192249297966,1.0,0.430327868852459,0.056927725507742416,0.014713541666666666,0.008520443848175407,1514.0,0.4214002642007926,0.142668428005284,0.35667107001321,0.9621929217335635
large_long,rotatable_xlink,r0006,2.25,pulse_02,3.012983751651255,2.864547399824971,0.005093152796125026,-0.005093152796125026,1.0,0.4396728016359918,0.0950910670155395,0.014691840277777778,0.021409642964306624,1514.0,0.4214002642007926,0.14266842800528395,0.35535006605019814,0.9631197592180226
large_long,rotatable_xlink,r0006,2.3,pulse_02,2.9852462351387055,2.968529823914841,0.018299187885438533,-0.018299187885438533,1.0,0.4262295081967213,0.07844510702783293,0.01447482638888889,0.010903431596139527,1514.0,0.41479524438573323,0.142668428005284,0.35535006605019825,0.9645975171100842
large_long,rotatable_xlink,r0006,2.35,pulse_02,2.903188624338624,2.929967989401808,0.025328847831759482,-0.025328847831759482,1.0,0.4149377593360996,0.08961882751893781,0.0146484375,0.012910637540461734,1512.0,0.41269841269841273,0.14550264550264555,0.3597883597883599,0.965279311905651
large_long,rotatable_xlink,r0006,2.4,pulse_02,2.8332731481481486,2.8910659986720706,0.004688564437136759,-0.004688564437136759,1.0,0.40451745379876797,0.05015256274067567,0.014496527777777778,0.005350991887426826,1512.0,0.4060846560846561,0.1468253968253968,0.3597883597883598,0.9672640529097506
large_long,rotatable_xlink,r0006,2.45,pulse_02,2.8750572377158035,2.897862038077247,0.006136526464407692,-0.006136526464407692,1.0,0.41372141372141374,0.04263295027863312,0.014322916666666666,0.021610873424080673,1506.0,0.40903054448871173,0.1434262948207171,0.3559096945551127,0.964699068972891
large_long,rotatable_xlink,r0006,2.5,pulse_02,2.7964539893617024,3.0207312392165546,0.026348192101570023,-0.026348192101570023,0.8936170212765957,0.39748953974895396,0.0371899823346907,0.014409722222222223,0.038862165976077355,1504.0,0.40425531914893603,0.15159574468085107,0.3563829787234043,0.9714356774229368
large_long,rotatable_xlink,r0006,2.55,pulse_02,2.7169680851063833,3.131035033933711,0.02296906028368806,-0.02296906028368806,0.8936170212765957,0.3865546218487395,0.029066233969160082,0.014301215277777777,0.017301890645732582,1504.0,0.39893617021276595,0.15159574468085107,0.3590425531914893,0.9709355068121762
large_long,rotatable_xlink,r0006,2.6,pulse_02,2.658639627659574,3.12454258309095,0.012628634751773152,-0.012628634751773152,1.0,0.3936842105263158,0.0078018364813236185,0.013975694444444445,0.02932624251247103,1504.0,0.3949468085106382,0.15691489361702127,0.3590425531914893,0.9710541512751609
large_long,rotatable_xlink,r0006,2.65,pulse_02,2.6411962765957444,2.955077578858885,0.013439295212765842,-0.013439295212765842,0.8936170212765957,0.3807531380753138,0.051129465856252075,0.014127604166666667,0.0811983264192387,1504.0,0.3962765957446809,0.16090425531914893,0.3603723404255319,0.9712153134208329
large_long,rotatable_xlink,r0006,2.7,pulse_02,2.578003856382979,2.637352624575518,0.0304229258152251,-0.0304229258152251,1.0,0.36382536382536385,0.08010020643596397,0.014388020833333333,0.10901019763998132,1504.0,0.39866666666666667,0.168,0.364,0.9705990972523807
large_long,rotatable_xlink,r0006,2.75,pulse_02,2.458658721704394,2.301016393018997,0.03098446430173481,-0.03098446430173481,0.8934753661784288,0.33608247422680415,0.10773912714096971,0.014019097222222223,0.1450166218716894,1502.0,0.38748335552596536,0.17842876165113178,0.37283621837549913,0.9725614263743271
large_long,rotatable_xlink,r0006,2.8,pulse_02,2.39209707057257,1.7672528933453815,0.021244873501997292,-0.021244873501997292,1.0,0.32790224032586557,0.08486228633097624,0.014344618055555555,0.1326936285720677,1502.0,0.38215712383488687,0.18109187749667113,0.3741677762982689,0.9672307939177031
large_long,rotatable_xlink,r0006,2.85,pulse_02,2.33118948069241,1.5048546215865908,0.015340523746116311,-0.015340523746116311,1.0,0.3224489795918367,0.1246970757265554,0.014192708333333333,0.06504670005695905,1502.0,0.3813333333333333,0.18266666666666667,0.37199999999999983,0.9682778360129062
large_long,rotatable_xlink,r0006,2.9,pulse_02,2.3000539280958723,1.3769726930036272,0.0056179760319573875,-0.0056179760319573875,1.0,0.3264887063655031,0.12930756546313155,0.014279513888888888,0.023198461279684873,1502.0,0.3746666666666666,0.18133333333333335,0.376,0.9686342086654041
large_long,rotatable_xlink,r0006,2.95,pulse_02,2.2974816245006657,1.3656638539084816,0.008107700902579396,0.008107700902579396,1.0,0.3210633946830266,0.14053590784768144,0.014322916666666666,0.001702209023847323,1502.0,0.37816245006657784,0.1810918774966711,0.37549933422103854,0.9695091863600854
large_long,rotatable_xlink,r0006,3.0,pulse_02,2.3487001335113487,1.3871859471467112,0.01707283633689431,0.01707283633689431,1.0,0.32644628099173556,0.13779560172664632,0.014322916666666666,0.0071740310794098745,1498.0,0.3748326639892905,0.17938420348058898,0.37349397590361433,0.9661809432078368
large_long,rotatable_xlink,r0006,3.05,pulse_03,2.895679704797048,1.7290517286875842,0.01946671562389272,0.01946671562389272,1.0,0.40619307832422585,0.1280397793366463,0.015473090277777778,0.01961713917979635,1626.0,0.4280442804428043,0.16728167281672818,0.34194341943419426,0.9626325602704354
large_long,rotatable_xlink,r0006,3.1,pulse_03,2.9540798516687263,1.6702003111481951,0.004999784518937049,0.004999784518937049,0.9011124845488258,0.42066420664206644,0.09837700432856071,0.015603298611111111,0.04739448090033097,1618.0,0.4276885043263287,0.15822002472187885,0.3423980222496909,0.9634445573640165
large_long,rotatable_xlink,r0006,3.15,pulse_03,2.9256784119106705,1.4446848432855983,0.012970525319477547,-0.012970525319477547,1.0,0.42213883677298314,0.10872450216831829,0.015538194444444445,0.0695730597319949,1612.0,0.4218362282878411,0.15508684863523578,0.3399503722084368,0.9642146806674973
large_long,rotatable_xlink,r0006,3.2,pulse_03,2.876256699751861,1.2527619527562257,0.014767535153019132,-0.014767535153019132,1.0,0.42105263157894735,0.12896443477971847,0.015559895833333334,0.05465152774986078,1612.0,0.4205955334987593,0.16377171215880898,0.34367245657568235,0.96374910094812
large_long,rotatable_xlink,r0006,3.25,pulse_03,2.8370732009925557,1.1167756767864336,0.016913073147049335,-0.016913073147049335,0.9007444168734492,0.40074906367041196,0.10351288550990494,0.015668402777777778,0.032818001740819024,1612.0,0.4156327543424316,0.16625310173697275,0.3449131513647642,0.9656858417934693
large_long,rotatable_xlink,r0006,3.3,pulse_03,2.774778260869565,1.0558539423113116,0.018203224211860453,-0.018203224211860453,1.0,0.3970037453183521,0.12209087480665612,0.015516493055555556,0.013594052279908175,1610.0,0.4136645962732919,0.17142857142857143,0.34534161490683235,0.9648051608148618
large_long,rotatable_xlink,r0006,3.35,pulse_03,2.727853855721393,1.0352113631069846,0.015763188766762266,-0.015763188766762266,1.0,0.37786259541984735,0.15429521695078685,0.015473090277777778,0.012613805563599497,1608.0,0.407222914072229,0.17185554171855538,0.34869240348692404,0.9674758195701275
large_long,rotatable_xlink,r0006,3.4,pulse_03,2.6801991282689914,0.9801711089297146,0.011719948522143975,-0.011719948522143975,1.0,0.3684210526315789,0.14248226679511,0.015494791666666667,0.012781972149410311,1606.0,0.4084682440846824,0.1755915317559153,0.3536737235367373,0.9712677919833942
large_long,rotatable_xlink,r0006,3.45,pulse_03,2.657534164588529,0.9585195302105227,0.0017920103502833868,-0.0017920103502833868,1.0,0.3726235741444867,0.17797810766643046,0.015256076388888888,0.00512394925382557,1604.0,0.4057428214731586,0.17478152309612982,0.3495630461922596,0.9688737363534783
large_long,rotatable_xlink,r0006,3.5,pulse_03,2.669447066167291,0.9494274134067612,0.00015125554818729015,0.00015125554818729015,1.0,0.36622390891840606,0.11619267395107219,0.01521267361111111,0.00559886911657546,1602.0,0.40823970037453183,0.17852684144818975,0.35081148564294634,0.9674978814449605
large_long,rotatable_xlink,r0006,3.55,pulse_03,2.658441697877653,0.92492631551107,0.004431419059509019,-0.004431419059509019,1.0,0.3700189753320683,0.16683642442518254,0.015321180555555555,0.0002399474115345098,1602.0,0.4082397003745319,0.17478152309612982,0.35330836454431946,0.9689881734817504
large_long,rotatable_xlink,r0006,3.6,pulse_03,2.642858551810237,0.9479877289375541,0.002320637146275469,-0.002320637146275469,1.0,0.3638095238095238,0.10193600012017472,0.015321180555555555,0.0028992906806148966,1602.0,0.4044943820224719,0.17602996254681647,0.3533083645443196,0.9677878578751163
large_long,rotatable_xlink,r0006,3.65,pulse_03,2.644517875,0.9423220595947593,0.0013084236329535444,-0.0013084236329535444,1.0,0.3586337760910816,0.09187035012450001,0.015169270833333333,0.006240163741482137,1600.0,0.4025,0.17500000000000002,0.3525,0.9662763183774579
large_long,rotatable_xlink,r0006,3.7,pulse_03,2.6350080100125157,0.9105467464886613,0.001452707994367956,-0.001452707994367956,1.0,0.3510436432637571,0.12397672810002924,0.015234375,6.0954376025879053e-05,1598.0,0.40175219023779735,0.1777221526908636,0.3516896120150188,0.9683271066800894
large_long,rotatable_xlink,r0006,3.75,pulse_03,2.6358016270337923,0.9426877858509146,0.004967355027117204,-0.004967355027117204,1.0,0.352059925093633,0.1431170715448463,0.015559895833333334,0.016176273004406955,1598.0,0.4005006257822278,0.17647058823529416,0.35168961201501886,0.9693974600789724
large_long,rotatable_xlink,r0006,3.8,pulse_03,2.6052038798498125,1.007604384515103,0.013873805510657164,-0.013873805510657164,1.0,0.36,0.12090067079922727,0.015386284722222223,0.01933016807388695,1598.0,0.4005006257822278,0.17521902377972465,0.35419274092615766,0.9695557730024313
large_long,rotatable_xlink,r0006,3.85,pulse_03,2.5525587939698493,1.0586687942942363,0.02574792127475911,-0.02574792127475911,1.0,0.3511450381679389,0.09463689827701215,0.015364583333333333,0.009164221440274511,1592.0,0.39447236180904527,0.17211055276381906,0.3580402010050252,0.9670930540690477
large_long,rotatable_xlink,r0006,3.9,pulse_03,2.450716352201258,1.06258971315675,0.03384525239547864,-0.03384525239547864,1.0,0.33463796477495106,0.1234393847740832,0.015190972222222222,0.0017106887360760121,1590.0,0.3911949685534591,0.17484276729559747,0.35974842767295595,0.9693165791542382
large_long,rotatable_xlink,r0006,3.95,pulse_03,2.3494872795969775,1.0689329267106924,0.03261013277428374,-0.03261013277428374,1.0,0.32936507936507936,0.14094943624715658,0.01545138888888889,0.0038163145685494357,1588.0,0.38790931989924443,0.17632241813602018,0.37027707808564225,0.9733559151365182
large_long,rotatable_xlink,r0006,4.0,pulse_03,2.2550555555555554,1.0854876005680467,0.031477241347140694,-0.031477241347140694,1.0,0.31462925851703405,0.12646438333325435,0.014973958333333334,0.005518224619118106,1584.0,0.3750000000000001,0.17424242424242425,0.3775252525252526,0.966703495477987
large_long,rotatable_xlink,r0006,4.05,pulse_04,2.7372838633686687,1.1081642172626265,0.020441830242386477,-0.020441830242386477,1.0,0.37881508078994613,0.10015270182475985,0.016514756944444445,0.02063088247303213,1698.0,0.41578327444051827,0.16372202591283863,0.3533568904593638,0.9691193737127718
large_long,rotatable_xlink,r0006,4.1,pulse_04,2.6759583726415093,1.1700568646817229,0.014192430592928481,-0.014192430592928481,0.9056603773584906,0.36576576576576575,0.1069578806393841,0.01599392361111111,0.007800496136324164,1696.0,0.4103773584905661,0.169811320754717,0.35849056603773577,0.971223779525601
large_long,rotatable_xlink,r0006,4.15,pulse_04,2.652129279811098,1.1549671940805715,0.015830256748368132,-0.015830256748368132,0.9055489964580874,0.36496350364963503,0.10178165157347384,0.015885416666666666,0.009288078593583049,1694.0,0.4037780401416765,0.1641086186540732,0.35891381345926804,0.9690221434526572
large_long,rotatable_xlink,r0006,4.2,pulse_04,2.5809768321513005,1.1143283931202246,0.031200112435025334,-0.031200112435025334,0.9054373522458629,0.33570159857904086,0.11828356539194852,0.01599392361111111,0.012455331870520244,1692.0,0.40189125295508277,0.17612293144208038,0.37706855791962185,0.9690762930560655
large_long,rotatable_xlink,r0006,4.25,pulse_04,2.464928605200946,1.229699185303693,0.03873624901497245,-0.03873624901497245,0.9054373522458629,0.31569664902998235,0.09507331513329079,0.016124131944444446,0.010718781593925511,1692.0,0.39716312056737596,0.18676122931442082,0.3877068557919622,0.9682661673897774
large_long,rotatable_xlink,r0006,4.3,pulse_04,2.3485593380614658,1.1786410826837777,0.03378040855913208,-0.03378040855913208,0.9054373522458629,0.2945326278659612,0.1454205354344363,0.01597222222222222,0.0025737191196097222,1692.0,0.3995271867612294,0.19503546099290778,0.400709219858156,0.9733709112091536
large_long,rotatable_xlink,r0006,4.35,pulse_04,2.2622461538461534,1.2142568705860346,0.03198622419648397,-0.03198622419648397,1.0,0.2874779541446208,0.13128678423704196,0.015950520833333332,0.004502386189642049,1690.0,0.39644970414201186,0.20118343195266272,0.40355029585798824,0.9729134488013935
large_long,rotatable_xlink,r0006,4.4,pulse_04,2.156641992882562,1.1516267655459254,0.04309051160385676,-0.04309051160385676,1.0,0.2808586762075134,0.11582718335477168,0.015950520833333332,0.012156589727222963,1686.0,0.39145907473309605,0.206405693950178,0.409252669039146,0.976198477537429
large_long,rotatable_xlink,r0006,4.45,pulse_04,2.003703084223013,1.1413173322226968,0.03740320284697507,-0.03740320284697507,1.0,0.25925925925925924,0.12294724500675165,0.0158203125,0.013667453284422648,1686.0,0.3867141162514829,0.20759193357058128,0.4163701067615658,0.9767044709984543
large_long,rotatable_xlink,r0006,4.5,pulse_04,1.9322227758007116,1.2336314852524612,0.009640189027259938,-0.009640189027259938,0.9051008303677343,0.2553191489361702,0.07585602158831953,0.015842013888888888,0.019749832350598167,1686.0,0.38078291814946624,0.20759193357058128,0.4223013048635823,0.9788605528464642
large_long,rotatable_xlink,r0006,4.55,pulse_04,1.9458619500594532,1.2598163263262858,0.0032962437157543953,0.0032962437157543953,1.0,0.25,0.06635996651322341,0.016189236111111113,0.001195937742476949,1682.0,0.3876337693222354,0.2045184304399524,0.4233055885850178,0.9783611418414246
large_long,rotatable_xlink,r0006,4.6,pulse_04,1.952000238095238,1.240807111707323,0.003384908343242269,-0.003384908343242269,0.9047619047619048,0.2539964476021314,0.08342166703331436,0.0162109375,0.006684514196326985,1680.0,0.3845238095238095,0.20357142857142857,0.42499999999999993,0.9789490688547022
large_long,rotatable_xlink,r0006,4.65,pulse_04,1.9255524999999996,1.219709241148324,0.0011262329999620995,-0.0011262329999620995,0.8095238095238095,0.2549019607843137,0.111698968669597,0.016037326388888887,0.006476165490364338,1680.0,0.386904761904762,0.2035714285714286,0.42380952380952375,0.9796826068257117
large_long,rotatable_xlink,r0006,4.7,pulse_04,1.9452428400954653,1.201950118765137,0.0027124367781761194,0.0027124367781761194,0.9043062200956937,0.2694394213381555,0.05329880751214524,0.016059027777777776,0.001815154464806586,1676.0,0.382775119617225,0.20334928229665072,0.4222488038277513,0.9777428821624448
large_long,rotatable_xlink,r0006,4.75,pulse_04,1.9418271206690563,1.2088183143594844,0.0018107484688613857,-0.0018107484688613857,0.9044205495818399,0.26846846846846845,0.07601750462464983,0.01623263888888889,0.009111071791265838,1674.0,0.3823178016726404,0.2043010752688172,0.42293906810035836,0.9772894797926035
large_long,rotatable_xlink,r0006,4.8,pulse_04,1.934378349282297,1.1472836880175419,0.015738252168925587,-0.015738252168925587,0.9043062200956937,0.26353790613718414,0.06108025161997613,0.016015625,0.0433966212479451,1672.0,0.38636363636363635,0.20334928229665072,0.4246411483253588,0.9787433886259143
large_long,rotatable_xlink,r0006,4.85,pulse_04,1.8473976076555028,0.9484385868718138,0.009497249830482576,-0.009497249830482576,0.9043062200956937,0.2527075812274368,0.07391188149168741,0.015668402777777778,0.02868536049171322,1672.0,0.3839712918660288,0.20215311004784692,0.42822966507177035,0.9736355062419577
large_long,rotatable_xlink,r0006,4.9,pulse_04,1.8773948502994016,0.9751715250672626,0.010128302915699586,0.010128302915699586,0.9041916167664671,0.2549728752260398,0.05949981661578072,0.01577690972222222,0.012980942426104166,1670.0,0.38443113772455084,0.2011976047904192,0.4263473053892217,0.9756166386669316
large_long,rotatable_xlink,r0006,4.95,pulse_04,1.9081674251497003,1.0263242414284388,0.00556480712436036,0.00556480712436036,1.0,0.2568306010928962,0.06763072149696317,0.015907118055555555,0.003991003440625825,1670.0,0.3820359281437125,0.19760479041916165,0.4251497005988023,0.9734611616618236
large_long,rotatable_xlink,r0006,5.0,pulse_04,1.9107836930455637,0.9991175457110175,0.0008720892986211481,0.0008720892986211481,0.9040767386091128,0.2572463768115942,0.09349943744018727,0.016015625,0.009068898572473763,1668.0,0.3848920863309352,0.1966426858513189,0.42565947242206226,0.9729542882916825
large_long,rotatable_xlink,r0006,5.05,pulse_05,2.591227624309392,0.8684286398113069,0.003764112232924166,-0.003764112232924166,1.0,0.33762057877813506,0.08821903572941701,0.017447916666666667,0.020387479035117246,1810.0,0.4287292817679559,0.17900552486187843,0.39226519337016563,0.9662949698282556
large_long,rotatable_xlink,r0006,5.1,pulse_05,2.5799352876106196,0.8072662027059552,0.01382450427329481,-0.01382450427329481,1.0,0.33547351524879615,0.11045457538056293,0.017057291666666665,0.05915654327641714,1808.0,0.42809734513274333,0.18141592920353983,0.39159292035398235,0.9650971274657062
large_long,rotatable_xlink,r0006,5.15,pulse_05,2.5082805986696233,0.5134893801528041,0.045699931527121006,-0.045699931527121006,0.9113082039911309,0.3376413570274637,0.11770756943391911,0.017057291666666665,0.04332819640926048,1804.0,0.42904656319290463,0.1840354767184035,0.3957871396895786,0.9651489417393166
large_long,rotatable_xlink,r0006,5.2,pulse_05,2.3057356984478936,0.5472970242503923,0.05098148712566234,-0.05098148712566234,0.9113082039911309,0.30269413629160064,0.09139920485732073,0.017165798611111113,0.046222253079845455,1804.0,0.425720620842572,0.1984478935698448,0.4146341463414635,0.9697822010065501
large_long,rotatable_xlink,r0006,5.25,pulse_05,2.202391675915649,0.23615586167373137,0.023353175046532042,-0.023353175046532042,1.0,0.28188976377952757,0.08627086293258472,0.01697048611111111,0.08284913308818241,1802.0,0.42333333333333334,0.20555555555555555,0.42111111111111105,0.9662884121733845
large_long,rotatable_xlink,r0006,5.3,pulse_05,2.1656166481687014,0.05020222572129786,0.0016674693712422546,-0.0016674693712422546,1.0,0.2550231839258114,0.10980875526146702,0.0166015625,0.03250280964147564,1802.0,0.4228634850166483,0.2086570477247503,0.42286348501664817,0.9713743691242706
large_long,rotatable_xlink,r0006,5.35,pulse_05,2.1923868596881957,0.041139003824877535,0.003948971867832644,0.003948971867832644,0.910913140311804,0.2682170542635659,0.1209333785498191,0.016861979166666666,0.007664923795843642,1796.0,0.4242761692650334,0.20489977728285083,0.42204899777282856,0.9676509821265341
large_long,rotatable_xlink,r0006,5.4,pulse_05,2.1893104793756972,0.004212682946236005,0.002037560692080239,-0.002037560692080239,1.0,0.2803738317757009,0.12666226441329778,0.017078993055555554,0.002381558581509497,1794.0,0.4258639910813825,0.20512820512820515,0.42140468227424766,0.9697357742604831
large_long,rotatable_xlink,r0006,5.45,pulse_05,2.1801614955357143,0.055428355313934516,0.004191590312616252,-0.004191590312616252,0.9107142857142857,0.27102803738317754,0.12054471057055374,0.01662326388888889,0.00057190320003797,1792.0,0.4252232142857143,0.20535714285714285,0.4196428571428571,0.9712198568722752
large_long,rotatable_xlink,r0006,5.5,pulse_05,2.1641609374999997,0.007644102146463825,0.003624122626529669,-0.003624122626529669,0.9107142857142857,0.27527216174183516,0.10922695504324176,0.016840277777777777,0.01851387639597123,1792.0,0.4229910714285715,0.20535714285714288,0.41852678571428575,0.971558903967301
large_long,rotatable_xlink,r0006,5.55,pulse_05,2.1584167597765362,-0.055654903061892864,0.005631515654096771,-0.005631515654096771,0.9106145251396648,0.275,0.10872535350677939,0.01677517361111111,0.017207888976506425,1790.0,0.42346368715083793,0.21229050279329606,0.4178770949720671,0.9741664486273532
large_long,rotatable_xlink,r0006,5.6,pulse_05,2.130371843575419,-0.09560323171257472,0.0008445531767754163,-0.0008445531767754163,1.0,0.25925925925925924,0.12207609912489803,0.016927083333333332,0.0018878848967940284,1790.0,0.42458100558659223,0.2134078212290503,0.4167597765363128,0.9735054480631994
large_long,rotatable_xlink,r0006,5.65,pulse_05,2.1533494407158837,-0.06698221244265704,0.0026206315205582107,0.0026206315205582107,0.8210290827740492,0.271875,0.14786383097951944,0.017035590277777776,0.001460801604483565,1788.0,0.4217002237136465,0.21140939597315436,0.41610738255033564,0.9724639269786955
large_long,rotatable_xlink,r0006,5.7,pulse_05,2.1460956326987684,-0.10436804133947611,0.00289585222693726,-0.00289585222693726,0.910414333706607,0.2641509433962264,0.13878077658990254,0.017057291666666665,0.009298526794753875,1786.0,0.4176931690929451,0.20940649496080627,0.4176931690929453,0.9743502834593678
large_long,rotatable_xlink,r0006,5.75,pulse_05,2.13597432735426,-0.12277337321118029,0.006222130328208471,-0.006222130328208471,0.9103139013452914,0.2770700636942675,0.13295787320530986,0.016840277777777777,0.0018108962448997803,1784.0,0.4181614349775785,0.20852017937219736,0.4181614349775785,0.975104810029878
large_long,rotatable_xlink,r0006,5.8,pulse_05,2.1087628507295175,-0.09350266387007743,0.001675586242582942,-0.001675586242582942,1.0,0.22979397781299524,0.12133053255023522,0.016883680555555555,0.01875628485265717,1782.0,0.41301907968574636,0.20763187429854096,0.41863075196408533,0.9735783146547035
large_long,rotatable_xlink,r0006,5.85,pulse_05,2.1259208098987625,-0.010235664095237264,0.0009586191035884836,-0.0009586191035884836,1.0,0.22611464968152867,0.11860622442840181,0.016905381944444443,0.01923866326279447,1778.0,0.41394825646794153,0.20922384701912264,0.41169853768278974,0.9702749938053699
large_long,rotatable_xlink,r0006,5.9,pulse_05,2.1030111361079866,0.02192931570668939,0.00327594787939652,0.00327594787939652,1.0,0.2393026941362916,0.14237114740796014,0.017144097222222224,0.002182887882848423,1778.0,0.41057367829021374,0.2092238470191226,0.4128233970753657,0.971093478287295
large_long,rotatable_xlink,r0006,5.95,pulse_05,2.1455764971751417,-0.023332991392327803,0.004759537578989059,0.004759537578989059,1.0,0.26384364820846906,0.10671227771082879,0.016666666666666666,0.006796647929903417,1770.0,0.4112994350282485,0.2056497175141243,0.4112994350282486,0.970806626517736
large_long,rotatable_xlink,r0006,6.0,pulse_05,2.131568361581921,-0.018850571872731113,0.004669378531073558,-0.004669378531073558,0.9096045197740112,0.26178861788617885,0.14152275870268363,0.016796875,0.0014941398398655634,1770.0,0.4101694915254237,0.2056497175141243,0.4124293785310734,0.9688484583690441
large_long,rotatable_xlink,r0006,6.05,pulse_06,2.6052127368421054,0.0037927321909259964,0.00415971929824573,-0.00415971929824573,0.9157894736842105,0.3284241531664212,0.10759109039415535,0.018120659722222224,0.00843530562187188,1900.0,0.4431578947368421,0.19157894736842104,0.3821052631578947,0.9703878429178282
large_long,rotatable_xlink,r0006,6.1,pulse_06,2.5927335789473682,0.029098649056541637,0.0030686445284277366,0.0030686445284277366,0.9157894736842105,0.33630952380952384,0.14696693561449786,0.017686631944444444,0.008340039540451481,1900.0,0.44421052631578944,0.19157894736842104,0.3821052631578947,0.9707951370256991
large_long,rotatable_xlink,r0006,6.15,pulse_06,2.623624604012672,0.053832969433634886,0.007811722732757875,0.007811722732757875,0.9155227032734953,0.3473684210526316,0.10559320966588653,0.018229166666666668,0.004302730124081313,1894.0,0.4424498416050685,0.19112988384371699,0.38331573389651524,0.9716646532675752
large_long,rotatable_xlink,r0006,6.2,pulse_06,2.6396039153439155,0.05491502980102952,0.002421437250092658,0.002421437250092658,0.9153439153439153,0.3283582089552239,0.1082262692832802,0.018077256944444446,0.0035609915453145894,1890.0,0.44232804232804224,0.18835978835978834,0.3788359788359788,0.9713742833154211
large_long,rotatable_xlink,r0006,6.25,pulse_06,2.638153227513228,0.07519891870552242,0.0013448262861328608,-0.0013448262861328608,0.9153439153439153,0.3353204172876304,0.1191312105158836,0.01773003472222222,0.0014212884194479923,1890.0,0.44338624338624333,0.1873015873015873,0.38095238095238093,0.9694437635948037
large_long,rotatable_xlink,r0006,6.3,pulse_06,2.6315349576271183,0.046387299284341564,0.002726174861546434,-0.002726174861546434,0.9152542372881356,0.3473684210526316,0.08050789306322088,0.018055555555555554,0.0024080738424627816,1888.0,0.4406779661016949,0.1885593220338983,0.3792372881355933,0.9712488468420434
large_long,rotatable_xlink,r0006,6.35,pulse_06,2.621796178343949,0.08964736176029911,0.007136497822630187,0.007136497822630187,0.9150743099787686,0.33933933933933935,0.08320527102092139,0.017664930555555555,0.01157453498561698,1884.0,0.4394904458598726,0.1878980891719745,0.38110403397027615,0.9698426412026375
large_long,rotatable_xlink,r0006,6.4,pulse_06,2.6743539445628994,0.11583450919804343,0.008761196059484222,0.008761196059484222,0.9147121535181236,0.3434650455927052,0.1234670080736473,0.017664930555555555,0.006894042838450875,1876.0,0.4424307036247336,0.18336886993603413,0.37953091684434975,0.9707372943572371
large_long,rotatable_xlink,r0006,6.45,pulse_06,2.6743633547008545,0.04828310472959386,0.0057053942662547525,0.0057053942662547525,0.9145299145299145,0.3413897280966767,0.10971683496526935,0.017491319444444445,0.02157251082695971,1872.0,0.4401709401709402,0.18162393162393167,0.37713675213675224,0.9702598644950903
large_long,rotatable_xlink,r0006,6.5,pulse_06,2.708586310160428,-0.013600555763714807,0.0017767849117114043,0.0017767849117114043,0.9144385026737968,0.35877862595419846,0.11330139312238113,0.01755642361111111,0.00812679504430199,1870.0,0.44064171122994644,0.17967914438502666,0.37647058823529406,0.9708764032799273
large_long,rotatable_xlink,r0006,6.55,pulse_06,2.685024064171123,-0.00047766553621808084,0.0033181501944753813,-0.0033181501944753813,0.9144385026737968,0.35572519083969467,0.09653260077303064,0.017838541666666666,0.007075029236314353,1870.0,0.439572192513369,0.1828877005347594,0.3764705882352942,0.9686286990044596
large_long,rotatable_xlink,r0006,6.6,pulse_06,2.6886774089935757,0.028849619654171307,0.0023843065609757317,0.0023843065609757317,0.9143468950749465,0.35276073619631904,0.10455677399368797,0.017621527777777778,0.0001294291690208147,1868.0,0.43790149892933616,0.18522483940042825,0.3747323340471091,0.9694214658037125
large_long,rotatable_xlink,r0006,6.65,pulse_06,2.6993299035369773,-0.0012542405503429691,0.0048973025827033405,0.0048973025827033405,0.9142550911039657,0.35176651305683565,0.10024177625915828,0.017708333333333333,0.010057315945776888,1866.0,0.4405144694533762,0.18220793140407288,0.3751339764201501,0.9695602220694346
large_long,rotatable_xlink,r0006,6.7,pulse_06,2.7180612244897957,-0.03149427602049002,0.011089391370018964,-0.011089391370018964,1.0,0.35176651305683565,0.08523536734936085,0.017795138888888888,0.010606718452737265,1862.0,0.4403866809881847,0.1815252416756176,0.3748657357679914,0.9661747712469491
large_long,rotatable_xlink,r0006,6.75,pulse_06,2.6327935553168635,-0.06489455126676656,0.02012420336555672,-0.02012420336555672,0.8281417830290011,0.34142640364188165,0.07405125031873042,0.017664930555555555,0.0037648522376156047,1862.0,0.43286788399570364,0.19226638023630505,0.3780880773361976,0.9707451129699374
large_long,rotatable_xlink,r0006,6.8,pulse_06,2.5973160042964554,-0.05408338944618365,0.005561381083276491,-0.005561381083276491,0.9140708915145005,0.3302891933028919,0.11320325858283466,0.017708333333333333,0.004903253422421531,1862.0,0.43716433941997856,0.1911922663802363,0.38023630504833517,0.9711716436864631
large_long,rotatable_xlink,r0006,6.85,pulse_06,2.5994252688172046,-0.03547503073223738,0.0026428286730650896,-0.0026428286730650896,1.0,0.3394495412844037,0.07966062254519757,0.017621527777777778,0.001252620899091346,1860.0,0.43164693218514544,0.1894510226049516,0.3789020452099032,0.9715085342367514
large_long,rotatable_xlink,r0006,6.9,pulse_06,2.581459032258065,-0.061599114840731724,0.005531845878136228,-0.005531845878136228,0.9139784946236559,0.3384146341463415,0.09019273917520447,0.017317708333333334,0.008595346953377816,1860.0,0.4301075268817203,0.19139784946236554,0.3774193548387095,0.9696768100852686
large_long,rotatable_xlink,r0006,6.95,pulse_06,2.566234193548387,-0.08704711245250428,0.0020787120501869114,-0.0020787120501869114,1.0,0.3394216133942161,0.08678755975083637,0.017816840277777777,0.010291573082459355,1860.0,0.43440860215053745,0.19569892473118278,0.37741935483870953,0.9724792876113076
large_long,rotatable_xlink,r0006,7.0,pulse_06,2.5689867599569434,-0.12334855333548786,0.0009175221361853817,0.0009175221361853817,0.9138858988159311,0.34150076569678406,0.10848382933945794,0.0173828125,0.01210048029432786,1858.0,0.433799784714747,0.19590958019375676,0.3789020452099031,0.9697803317849835
large_long,rotatable_xlink,r0006,7.05,pulse_07,3.081221233569262,-0.42324835800817917,0.0011698348500169449,0.0011698348500169449,1.0,0.398876404494382,0.07882772335051533,0.018793402777777777,0.003027970050609489,1978.0,0.4651162790697675,0.1789686552072801,0.35288169868554087,0.9659796865547413
large_long,rotatable_xlink,r0006,7.1,pulse_07,3.0847307381193128,-0.4141644478563507,0.00365343781597575,0.00365343781597575,0.9190283400809717,0.3991537376586742,0.08441820078096184,0.018988715277777776,0.002880162349136526,1978.0,0.4655870445344131,0.17813765182186234,0.35323886639676116,0.9670439596781251
large_long,rotatable_xlink,r0006,7.15,pulse_07,3.1031418604651164,-0.44052933210299833,0.007838163079979607,0.007838163079979607,1.0,0.3997194950911641,0.07072899932031265,0.018663194444444444,0.002929134792571545,1978.0,0.46659919028340086,0.17408906882591096,0.3491902834008098,0.9667368489807313
large_long,rotatable_xlink,r0006,7.2,pulse_07,3.1317597165991904,-0.43173925661178,0.00845764462160159,0.00845764462160159,1.0,0.4005602240896359,0.0918954204090274,0.01872829861111111,0.0015681648986027679,1976.0,0.46558704453441296,0.17206477732793526,0.3512145748987855,0.9639108588530177
large_long,rotatable_xlink,r0006,7.25,pulse_07,3.153887728194726,-0.4311203427113817,0.009377174604741967,0.009377174604741967,0.9187817258883249,0.40479548660084624,0.07395617657435789,0.018663194444444444,0.0010211294776517055,1972.0,0.4659898477157361,0.17258883248730963,0.35126903553299493,0.9667664128889641
large_long,rotatable_xlink,r0006,7.3,pulse_07,3.188022764227642,-0.4378660334776902,0.010342972925751592,0.010342972925751592,1.0,0.4119318181818182,0.0849890510032007,0.018641493055555555,0.00014527436196260882,1968.0,0.4664634146341462,0.16971544715447157,0.3475609756097561,0.9636428394804831
large_long,rotatable_xlink,r0006,7.35,pulse_07,3.2159455657492355,-0.43024869653960607,0.008490139159060309,0.008490139159060309,0.9184505606523955,0.4139402560455192,0.1085624400305274,0.018619791666666666,0.0031336121223724625,1962.0,0.46687054026503566,0.16615698267074416,0.34658511722731894,0.9639008062208162
large_long,rotatable_xlink,r0006,7.4,pulse_07,3.238963599182004,-0.41906436074345543,0.006422804889627616,0.006422804889627616,0.918200408997955,0.4094151212553495,0.09326993850279164,0.018467881944444445,0.007705994757475835,1956.0,0.4693251533742332,0.16257668711656442,0.34458077709611457,0.9642691692553741
large_long,rotatable_xlink,r0006,7.45,pulse_07,3.254482395087001,-0.38401272799475106,0.00410283934398296,0.00410283934398296,0.9181166837256909,0.41512125534950073,0.11941473068234768,0.01840277777777778,0.015091082308203977,1954.0,0.46775844421699075,0.16479017400204707,0.34390992835209816,0.9651611966045626
large_long,rotatable_xlink,r0006,7.5,pulse_07,3.263580635245902,-0.32851786689423157,0.00117828457951689,0.00117828457951689,0.9180327868852459,0.41630901287553645,0.12167260395156322,0.018337673611111112,0.008733094981977801,1952.0,0.4702868852459017,0.16495901639344263,0.34221311475409844,0.9646962342089177
large_long,rotatable_xlink,r0006,7.55,pulse_07,3.2615521025641026,-0.33161415810288425,0.006673678523889596,-0.006673678523889596,0.9179487179487179,0.41954022988505746,0.10981203470201718,0.018337673611111112,0.0009868579685678263,1950.0,0.4707692307692308,0.1671794871794872,0.34564102564102567,0.9646380563018105
large_long,rotatable_xlink,r0006,7.6,pulse_07,3.2235385641025642,-0.3225967190828246,0.001917539533208501,-0.001917539533208501,0.9179487179487179,0.41379310344827586,0.10885151532486344,0.018142361111111113,0.005204105028406042,1950.0,0.4697435897435899,0.17128205128205132,0.3456410256410257,0.9650653779757695
large_long,rotatable_xlink,r0006,7.65,pulse_07,3.2500468653648515,-0.300389527932448,0.0013559912860920953,0.0013559912860920953,0.9177800616649537,0.41954022988505746,0.08396809475092752,0.01853298611111111,0.003506594268063092,1946.0,0.47276464542651586,0.16752312435765676,0.34429599177800624,0.9614237143634163
large_long,rotatable_xlink,r0006,7.7,pulse_07,3.231674511819117,-0.30155715347444606,0.01065422721787305,-0.01065422721787305,1.0,0.4166666666666667,0.13236749705158105,0.018315972222222223,0.006752006654073707,1946.0,0.4707091469681397,0.16855087358684478,0.34532374100719426,0.9630416458224912
large_long,rotatable_xlink,r0006,7.75,pulse_07,3.1861215020576132,-0.25987748800800575,0.01949592361420575,-0.01949592361420575,1.0,0.4154727793696275,0.08004648253269898,0.018315972222222223,0.028536063568232697,1944.0,0.4711934156378604,0.1697530864197531,0.34465020576131694,0.9638532870455325
large_long,rotatable_xlink,r0006,7.8,pulse_07,3.1146989701338823,-0.13034077206504988,0.015177665378980873,-0.015177665378980873,0.9175257731958762,0.40285714285714286,0.08652512035080523,0.01796875,0.022737401731604007,1942.0,0.4639175257731959,0.17731958762886596,0.3453608247422681,0.9652596648700335
large_long,rotatable_xlink,r0006,7.85,pulse_07,3.095055509783728,-0.1234530776183817,0.0035264332303467003,-0.0035264332303467003,1.0,0.40486409155937053,0.12425362509589752,0.018359375,0.0016942191267130535,1942.0,0.4634397528321319,0.1822863027806385,0.34603501544799176,0.9647073519287162
large_long,rotatable_xlink,r0006,7.9,pulse_07,3.093540370751802,-0.12017545730477155,0.0022420741269544298,0.0022420741269544298,0.917610710607621,0.39628040057224606,0.12837536880307734,0.018294270833333334,0.00391596263796945,1942.0,0.4634397528321318,0.17919670442842434,0.34706488156539655,0.9659861396817953
large_long,rotatable_xlink,r0006,7.95,pulse_07,3.1085079545454546,-0.099957301790565,0.0037788132942993733,0.0037788132942993733,0.8347107438016529,0.39341917024320455,0.11275254953723496,0.018250868055555557,0.011935310322129673,1936.0,0.46384297520661155,0.1776859504132232,0.34504132231404966,0.9681593850424024
large_long,rotatable_xlink,r0006,8.0,pulse_07,3.1162132505175983,-0.04856359537199352,0.002568431990714585,0.002568431990714585,0.917184265010352,0.39741750358680056,0.09877816581785887,0.0181640625,0.01713123547285716,1932.0,0.46376811594202916,0.18322981366459629,0.34368530020703925,0.9657535463712038
large_long,rotatable_xlink,r0007,0.0,initial,0.38401350210970453,2.6781572160625657,0.07564433078508008,0.07564433078508008,1.0,0.0948905109489051,0.0,0.004774305555555556,0.023316605535060358,474.0,0.2869198312236286,0.22784810126582275,0.49789029535864965,0.9314328883725074
large_long,rotatable_xlink,r0007,0.05,initial,0.6109464944649448,2.6082073994573847,0.06338363853727146,0.06338363853727146,1.0,0.08074534161490683,0.07512217409498913,0.005403645833333333,0.02021594544354688,542.0,0.2988929889298893,0.2324723247232472,0.47970479704797037,0.9477679071871636
large_long,rotatable_xlink,r0007,0.1,initial,0.7643153333333332,2.5568615434012845,0.11958991352413521,0.11958991352413521,1.0,0.13636363636363635,0.10407464214201177,0.0059244791666666664,0.004370433197788959,600.0,0.29333333333333333,0.22333333333333338,0.47000000000000003,0.9506387002377515
large_long,rotatable_xlink,r0007,0.15000000000000002,initial,1.328485975609756,2.581984800270651,0.11475818518518514,0.11475818518518514,1.0,0.16923076923076924,0.11712335587710852,0.006336805555555556,0.008958412443394051,656.0,0.3170731707317073,0.20426829268292687,0.4359756097560977,0.9549468507931335
large_long,rotatable_xlink,r0007,0.2,initial,1.452864444444444,2.50311106874092,0.05178349124452782,0.05178349124452782,1.0,0.20187793427230047,0.06410230296554835,0.0069878472222222225,0.009941159333666164,720.0,0.3222222222222222,0.19444444444444445,0.43055555555555564,0.9533580870365733
large_long,rotatable_xlink,r0007,0.25,initial,1.639186923076923,2.522337844268654,0.06773469576719582,0.06773469576719582,1.0,0.21929824561403508,0.16722714604075556,0.007638888888888889,0.0047252687074655535,780.0,0.32820512820512826,0.17948717948717946,0.4076923076923076,0.9545988176732979
large_long,rotatable_xlink,r0007,0.30000000000000004,initial,1.859272619047619,2.474759456496127,0.07583661380760476,0.07583661380760476,1.0,0.24081632653061225,0.09847744184233144,0.008116319444444445,0.017084609030657782,840.0,0.33333333333333337,0.16904761904761906,0.4,0.9653729342000884
large_long,rotatable_xlink,r0007,0.35000000000000003,initial,2.0942066059225515,2.4198301900847072,0.05537661699893259,0.05537661699893259,1.0,0.26153846153846155,0.10032559058384227,0.00861545138888889,0.0033295025496348587,878.0,0.3416856492027335,0.1594533029612756,0.38268792710706145,0.9644213663150791
large_long,rotatable_xlink,r0007,0.4,initial,2.1915323210412145,2.4547824411983177,0.0419571979109797,0.0419571979109797,1.0,0.2808988764044944,0.06959017129912576,0.009049479166666667,0.0024017388622341596,922.0,0.3405639913232104,0.15835140997830802,0.3817787418655097,0.9624153106881982
large_long,rotatable_xlink,r0007,0.45,initial,2.3459497933884297,2.4054197569113023,0.034377250668081206,0.034377250668081206,1.0,0.28368794326241137,0.11913714718691344,0.009375,0.0052014308783587815,968.0,0.3409090909090909,0.146694214876033,0.3760330578512397,0.9580307165347532
large_long,rotatable_xlink,r0007,0.5,initial,2.397795825049702,2.423573855928165,0.023187725274956383,0.023187725274956383,1.0,0.29692832764505117,0.03859931921707539,0.009787326388888889,0.003374924306879764,1006.0,0.34393638170974156,0.14512922465208744,0.37972166998011936,0.9603531480029757
large_long,rotatable_xlink,r0007,0.55,initial,2.485076145038168,2.3851702110700237,0.030817331741408882,0.030817331741408882,1.0,0.2980132450331126,0.11590765589319141,0.010243055555555556,0.008472054799824639,1048.0,0.35114503816793885,0.13549618320610687,0.3759541984732824,0.9586764127525258
large_long,rotatable_xlink,r0007,0.6000000000000001,initial,2.582699815498155,2.372741527129217,0.043818394292199914,0.043818394292199914,1.0,0.30990415335463256,0.07060997527921373,0.010655381944444445,0.0015482505693868258,1084.0,0.35239852398523974,0.13468634686346864,0.3671586715867159,0.9566862577155903
large_long,rotatable_xlink,r0007,0.65,initial,2.7479865107913675,2.3758807076537027,0.04447954952965024,0.04447954952965024,1.0,0.3667711598746082,0.09823959367098788,0.010785590277777778,0.0024513646867086645,1112.0,0.3579136690647482,0.12769784172661874,0.3579136690647482,0.9580182840448632
large_long,rotatable_xlink,r0007,0.7000000000000001,initial,2.8495771126760565,2.358033339008965,0.03165778453361864,0.03165778453361864,1.0,0.3597560975609756,0.11188329260784458,0.01115451388888889,0.0046093486611089585,1136.0,0.3597883597883599,0.1216931216931217,0.35626102292768963,0.9559561336438036
large_long,rotatable_xlink,r0007,0.75,initial,2.9379332179930793,2.348224615687049,0.017739967966286112,0.017739967966286112,1.0,0.36904761904761907,0.037472407019967034,0.011024305555555556,0.001361185182257696,1156.0,0.363951473136915,0.11785095320623917,0.3483535528596187,0.9542859100717854
large_long,rotatable_xlink,r0007,0.8,initial,2.956016920473773,2.3662004501025113,0.008341222932401434,-0.008341222932401434,1.0,0.3855072463768116,0.11233552450356468,0.011610243055555556,0.0042512645147997725,1182.0,0.36332767402376903,0.11884550084889645,0.35823429541595936,0.9542227909787628
large_long,rotatable_xlink,r0007,0.8500000000000001,initial,2.8878858803986707,2.3737322027758476,0.004891663947141541,-0.004891663947141541,1.0,0.39710144927536234,0.0873412973751799,0.011458333333333333,0.008983232644439084,1204.0,0.3643926788685523,0.12146422628951745,0.36439267886855226,0.9538378269137376
large_long,rotatable_xlink,r0007,0.9,initial,2.926666936790924,2.420099845969146,0.004010885962263029,0.004010885962263029,1.0,0.36813186813186816,0.09379227843239561,0.011870659722222222,0.015611809911821206,1234.0,0.3571428571428571,0.12337662337662339,0.36688311688311687,0.9506172788333258
large_long,rotatable_xlink,r0007,0.9500000000000001,initial,2.911951196172249,2.467403062246775,0.0065253672081007075,-0.0065253672081007075,1.0,0.3172043010752688,0.0522371263674918,0.011827256944444444,0.005452887481105802,1254.0,0.35885167464114837,0.11961722488038277,0.3700159489633175,0.9516294078684007
large_long,rotatable_xlink,r0007,1.0,initial,2.8875147335423197,2.4528171708557807,0.008145487543309718,-0.008145487543309718,1.0,0.35809018567639256,0.08946005566170519,0.012478298611111112,0.004861963796998066,1276.0,0.36050156739811906,0.12539184952978055,0.38401253918495304,0.9525655068487338
large_long,rotatable_xlink,r0007,1.05,pulse_01,3.5852629213483143,2.4540773929820876,0.018020287227891618,0.018020287227891618,1.0,0.47845804988662133,0.06901433556845704,0.013823784722222222,0.0049853583912626105,1424.0,0.4223163841807909,0.11016949152542373,0.3531073446327684,0.9555675006219754
large_long,rotatable_xlink,r0007,1.1,pulse_01,3.639323783031989,2.4391213178082998,0.021070783168220048,0.021070783168220048,1.0,0.4853273137697517,0.0768690934391654,0.013802083333333333,0.0019946693493467413,1438.0,0.4242002781641168,0.10709318497913767,0.34353268428372746,0.9520605921831258
large_long,rotatable_xlink,r0007,1.15,pulse_01,3.7116876203576346,2.442109376886007,0.027703191958436662,0.027703191958436662,1.0,0.47438752783964366,0.06668967883555173,0.013758680555555555,0.0027359464624781005,1454.0,0.4277854195323245,0.10591471801925723,0.3425034387895461,0.954377379305087
large_long,rotatable_xlink,r0007,1.2,pulse_01,3.805542934782609,2.422705639033431,0.03135943849654388,0.03135943849654388,1.0,0.4977973568281938,0.030324139197033518,0.01408420138888889,0.00313104857966362,1472.0,0.43478260869565233,0.1019021739130435,0.3383152173913043,0.9505377155798298
large_long,rotatable_xlink,r0007,1.25,pulse_01,3.899844251336898,2.4233230854080254,0.02106953294462029,0.02106953294462029,1.0,0.5344827586206896,0.04360098002224828,0.014453125,0.0010953611179114937,1496.0,0.4358288770053476,0.10026737967914438,0.33422459893048134,0.9468935482505412
large_long,rotatable_xlink,r0007,1.3,pulse_01,3.931960132450331,2.4292778057409,0.005773819662545347,0.005773819662545347,1.0,0.5201698513800425,0.034407202940918036,0.014539930555555556,0.0005528374286154492,1510.0,0.4389920424403183,0.10212201591511935,0.3381962864721485,0.9485002257333789
large_long,rotatable_xlink,r0007,1.35,pulse_01,3.93448716931217,2.426640109979718,0.00498995599512031,0.00498995599512031,1.0,0.502092050209205,0.04319066557389825,0.014214409722222222,0.005848415487236691,1512.0,0.44238410596026484,0.1019867549668874,0.33642384105960266,0.9502531386207173
large_long,rotatable_xlink,r0007,1.4,pulse_01,3.9618998684210527,2.39418731281748,0.00785569429439407,0.00785569429439407,1.0,0.511578947368421,0.058865026042852285,0.014539930555555556,0.013258347677804094,1520.0,0.4407894736842105,0.10526315789473684,0.33289473684210524,0.9467290133931527
large_long,rotatable_xlink,r0007,1.45,pulse_01,3.9816213350785343,2.3470900239128936,0.008158420367324467,0.008158420367324467,1.0,0.5687103594080338,0.05763584876041312,0.014626736111111111,0.009017825620906583,1528.0,0.443717277486911,0.10340314136125653,0.332460732984293,0.9482492728654307
large_long,rotatable_xlink,r0007,1.5,pulse_01,4.0108503906249995,2.3400803590920405,0.0036888998388349137,0.0036888998388349137,1.0,0.5856236786469344,0.011909547321912397,0.014778645833333333,0.004589278785411377,1536.0,0.44791666666666663,0.1015625,0.328125,0.9462645557553135
large_long,rotatable_xlink,r0007,1.55,pulse_01,4.003754734111544,2.374625696625362,0.004073479842812737,-0.004073479842812737,1.0,0.5807127882599581,0.04933206959460651,0.014865451388888888,0.007108412563761342,1542.0,0.4448767833981841,0.09987029831387806,0.3268482490272373,0.9464393250597056
large_long,rotatable_xlink,r0007,1.6,pulse_01,3.986409511568123,2.3827308344746085,0.0018185485882469266,0.0018185485882469266,1.0,0.5672268907563025,0.006294138928535979,0.014973958333333334,0.0005434424371422164,1556.0,0.44015444015444016,0.10038610038610041,0.33204633204633205,0.9459147738255202
large_long,rotatable_xlink,r0007,1.65,pulse_01,4.014666025641025,2.377886351248215,0.012229500404464577,0.012229500404464577,1.0,0.5741127348643006,0.05080920012208085,0.015104166666666667,0.00801901395070126,1560.0,0.44230769230769235,0.09871794871794871,0.3282051282051282,0.9497804277058455
large_long,rotatable_xlink,r0007,1.7000000000000002,pulse_01,4.0597865139949105,2.334616750770401,0.010246800295023709,0.010246800295023709,1.0,0.5592515592515592,0.06372194430886509,0.01484375,0.013141879033026216,1572.0,0.4471337579617834,0.09554140127388534,0.3273885350318471,0.9496889116126147
large_long,rotatable_xlink,r0007,1.75,pulse_01,4.076146827411168,2.299035077050058,0.009531119721386835,0.009531119721386835,1.0,0.589098532494759,0.04300891156293046,0.0150390625,0.0023197163199099404,1576.0,0.44796954314720816,0.09644670050761422,0.3236040609137055,0.9470302998457939
large_long,rotatable_xlink,r0007,1.8,pulse_01,4.1169732323232315,2.3206984528509413,0.0074324732092498165,0.0074324732092498165,1.0,0.5900621118012422,0.031613873380249645,0.015017361111111112,0.0023786151914809337,1584.0,0.45202020202020216,0.09090909090909091,0.32702020202020204,0.9456897293873008
large_long,rotatable_xlink,r0007,1.85,pulse_01,4.1207416666666665,2.3133067681989434,0.008430538234710294,0.008430538234710294,1.0,0.5835051546391753,0.018521933044746853,0.014930555555555556,0.006301592480318104,1584.0,0.4494949494949495,0.08964646464646467,0.32323232323232326,0.9463560019369199
large_long,rotatable_xlink,r0007,1.9,pulse_01,4.167556461731493,2.2828888979690327,0.008986972222222297,0.008986972222222297,1.0,0.5991820040899796,0.03503600275916876,0.015321180555555555,0.006742250943347461,1594.0,0.452948557089084,0.09033877038895857,0.3199498117942282,0.9462182157798823
large_long,rotatable_xlink,r0007,1.9500000000000002,pulse_01,4.1746635,2.2728532625388587,0.0013009725661826306,0.0013009725661826306,1.0,0.604887983706721,0.0675887056623488,0.015017361111111112,0.003241352664562639,1600.0,0.4525,0.09125000000000001,0.3187500000000001,0.9473914536578221
large_long,rotatable_xlink,r0007,2.0,pulse_01,4.175362297128589,2.263440781981657,0.00023293237619625984,0.00023293237619625984,1.0,0.6024340770791075,0.032343650260109186,0.015125868055555556,0.0031374935190672617,1602.0,0.45125000000000004,0.09375000000000001,0.31999999999999995,0.9465965923032881
large_long,rotatable_xlink,r0007,2.05,pulse_02,4.502824475524475,2.1829613945853352,0.04628236208236203,-0.04628236208236203,1.0,0.6340579710144928,0.03352645732912872,0.0166015625,0.0014819046078599445,1716.0,0.48834498834498835,0.09324009324009325,0.30419580419580416,0.9443178893553007
large_long,rotatable_xlink,r0007,2.1,pulse_02,4.363977389277389,2.187407108408915,0.049153477078477024,-0.049153477078477024,1.0,0.5752212389380531,0.04870863134246935,0.016319444444444445,0.0019688879788749927,1716.0,0.48191365227537925,0.09918319719953325,0.31388564760793464,0.9449929315298
large_long,rotatable_xlink,r0007,2.15,pulse_02,4.207903613053613,2.194774722458585,0.04481791571581543,-0.04481791571581543,1.0,0.5190311418685121,0.024430848980309595,0.016167534722222224,0.0030760329576956145,1716.0,0.48135198135198126,0.11421911421911422,0.3216783216783216,0.9502196127207568
large_long,rotatable_xlink,r0007,2.2,pulse_02,4.095069894982497,2.2058633061550887,0.027191869232132237,-0.027191869232132237,1.0,0.4922813036020583,0.02401313526864528,0.01623263888888889,0.0028165414182001283,1714.0,0.4749124854142357,0.1225204200700117,0.32672112018669786,0.9510872383479044
large_long,rotatable_xlink,r0007,2.25,pulse_02,4.04475239766082,2.211673970967786,0.022976305682094484,-0.022976305682094484,1.0,0.4836488812392427,0.02288036448918369,0.015885416666666666,0.0003228224187687978,1710.0,0.4735605170387779,0.13513513513513514,0.33137485311398357,0.9495758770068251
large_long,rotatable_xlink,r0007,2.3,pulse_02,3.9572120608899297,2.203926371642476,0.026038475332228694,-0.026038475332228694,1.0,0.4778156996587031,0.02881777335224048,0.01597222222222222,0.0018542073350233206,1708.0,0.47540983606557374,0.1405152224824356,0.33138173302107726,0.9513241011290714
large_long,rotatable_xlink,r0007,2.35,pulse_02,3.8885215456674476,2.200548726957646,0.02225501561280252,-0.02225501561280252,1.0,0.4634974533106961,0.027717502713945418,0.016276041666666668,0.003981042387625274,1708.0,0.47189695550351296,0.15339578454332556,0.332552693208431,0.9534596616975127
large_long,rotatable_xlink,r0007,2.4,pulse_02,3.8236819672131146,2.1800401173167243,0.021316803278688568,-0.021316803278688568,1.0,0.4511784511784512,0.05089482201925834,0.01657986111111111,0.006046478036995613,1708.0,0.47189695550351296,0.15925058548009366,0.33489461358313827,0.953565425043368
large_long,rotatable_xlink,r0007,2.45,pulse_02,3.760620725995316,2.1642698587356723,0.02218770491803279,-0.02218770491803279,1.0,0.4357262103505843,0.058114906779643954,0.01640625,0.0050524635083146014,1708.0,0.46955503512880553,0.16159250585480092,0.3372365339578454,0.9543838460832873
large_long,rotatable_xlink,r0007,2.5,pulse_02,3.690555737704918,2.1497253362668367,0.011221701795472327,-0.011221701795472327,1.0,0.4318936877076412,0.0632896035707664,0.015950520833333332,0.002441525948366848,1708.0,0.46955503512880564,0.1651053864168618,0.34309133489461346,0.9570334196573056
large_long,rotatable_xlink,r0007,2.55,pulse_02,3.693290515222482,2.1496207030454713,0.006517799007157728,-0.006517799007157728,1.0,0.42574257425742573,0.06766494200047299,0.01623263888888889,0.005646784886529588,1708.0,0.46604215456674475,0.16627634660421545,0.3442622950819672,0.9542869301094896
large_long,rotatable_xlink,r0007,2.6,pulse_02,3.6514489436619715,2.1836060455860142,0.02024738242753421,-0.02024738242753421,1.0,0.40765391014975044,0.10528074997737001,0.015885416666666666,0.009004680961139636,1704.0,0.4624413145539906,0.1607981220657277,0.352112676056338,0.9545824085624126
large_long,rotatable_xlink,r0007,2.65,pulse_02,3.571806220657277,2.203648788812309,0.009386731503395529,-0.009386731503395529,1.0,0.4222972972972973,0.05248700286494724,0.016015625,0.000552341704815662,1704.0,0.4546525323910484,0.160188457008245,0.36277974087161363,0.9545704338094427
large_long,rotatable_xlink,r0007,2.7,pulse_02,3.5951285546415983,2.186920095814908,0.004018806361042089,0.004018806361042089,1.0,0.4295415959252971,0.049507930427961665,0.016102430555555554,0.001970639233883039,1702.0,0.45710928319623967,0.1574618096357227,0.3595769682726204,0.952625692860198
large_long,rotatable_xlink,r0007,2.75,pulse_02,3.5959190588235295,2.191824953409011,0.0022024257735996735,-0.0022024257735996735,1.0,0.42614601018675724,0.0809532758008322,0.016015625,0.0029277709987339437,1700.0,0.4540094339622641,0.15919811320754718,0.3632075471698113,0.9524595408759622
large_long,rotatable_xlink,r0007,2.8,pulse_02,3.5819140000000003,2.204486721807312,0.008674470588235264,-0.008674470588235264,1.0,0.4155405405405405,0.07088123767582842,0.015885416666666666,6.437182432650346e-06,1700.0,0.45700824499411075,0.16254416961130744,0.3627797408716135,0.953048601190748
large_long,rotatable_xlink,r0007,2.85,pulse_02,3.543872235294118,2.1918635765036067,0.0017857562893081418,0.0017857562893081418,1.0,0.4135593220338983,0.04741168722693014,0.01640625,0.0011056355495470498,1700.0,0.4564705882352941,0.16117647058823528,0.36588235294117644,0.9527308605779571
large_long,rotatable_xlink,r0007,2.9,pulse_02,3.592628537735849,2.1978529085100296,0.006326238956102588,0.006326238956102588,1.0,0.41496598639455784,0.05646289409690331,0.01623263888888889,0.0003842010061323453,1696.0,0.45497630331753547,0.1623222748815166,0.3661137440758294,0.9547540297872329
large_long,rotatable_xlink,r0007,2.95,pulse_02,3.5818296690307334,2.194168782540401,0.005887872916573815,-0.005887872916573815,1.0,0.41056218057921634,0.0862264986738982,0.015907118055555555,0.0006495407452736431,1692.0,0.45443786982248524,0.15857988165680473,0.362130177514793,0.9547541329476299
large_long,rotatable_xlink,r0007,3.0,pulse_02,3.5573013002364062,2.1939556640383877,0.008176122931442395,-0.008176122931442395,1.0,0.41056218057921634,0.0727077669171649,0.016080729166666665,7.103950067103663e-05,1692.0,0.455621301775148,0.16331360946745563,0.36449704142011835,0.9588004659207878
large_long,rotatable_xlink,r0007,3.05,pulse_03,3.9627411308203992,2.190661572848635,0.017775424981522587,-0.017775424981522587,1.0,0.453125,0.11155717304624042,0.016710069444444444,0.004157815533120483,1804.0,0.4889135254988912,0.14745011086474497,0.343680709534368,0.9546674134840927
large_long,rotatable_xlink,r0007,3.1,pulse_03,3.9094148558758315,2.2031350194479966,0.01154775413784311,-0.01154775413784311,1.0,0.4556765163297045,0.065334884724208,0.017013888888888887,0.0016139627743758655,1804.0,0.4866962305986696,0.14855875831485585,0.3514412416851441,0.9521207683116657
large_long,rotatable_xlink,r0007,3.15,pulse_03,3.8934546059933406,2.2003453494948904,0.0016164129095836237,0.0016164129095836237,1.0,0.4522691705790297,0.06287955273692443,0.016840277777777777,0.0013466799576608384,1802.0,0.4872364039955605,0.14983351831298558,0.35405105438401774,0.9531447891601091
large_long,rotatable_xlink,r0007,3.2,pulse_03,3.9191133333333332,2.2112150991939616,0.0028553931753824515,-0.0028553931753824515,1.0,0.45368916797488223,0.051050445201890476,0.016861979166666666,0.0017286259512450108,1800.0,0.48777777777777775,0.15000000000000002,0.3522222222222222,0.9530438333468754
large_long,rotatable_xlink,r0007,3.25,pulse_03,3.876322246941046,2.2107171052023604,0.022447624521072813,-0.022447624521072813,1.0,0.4482758620689655,0.05483954917859965,0.016840277777777777,0.001348740527152022,1798.0,0.48498331479421575,0.1557285873192436,0.3548387096774194,0.9543244474238113
large_long,rotatable_xlink,r0007,3.3,pulse_03,3.7844275862068963,2.2031226560310495,0.031217130144605143,-0.031217130144605143,1.0,0.42857142857142855,0.030915873663103596,0.016861979166666666,0.0038238468903137126,1798.0,0.48609566184649616,0.1635150166852058,0.35595105672969957,0.9566704378387026
large_long,rotatable_xlink,r0007,3.35,pulse_03,3.689019466073415,2.187774023860478,0.03184995776054067,-0.03184995776054067,1.0,0.41756548536209553,0.06547566348021026,0.017252604166666668,0.007326769300461944,1798.0,0.4860956618464961,0.1735261401557286,0.3581757508342603,0.9563449052418743
large_long,rotatable_xlink,r0007,3.4,pulse_03,3.5933278396436523,2.159162040228278,0.03992401729242904,-0.03992401729242904,1.0,0.38837920489296635,0.05780365772102916,0.017100694444444446,0.006912721960650625,1796.0,0.4844097995545657,0.18262806236080179,0.35968819599109136,0.9556171735748289
large_long,rotatable_xlink,r0007,3.45,pulse_03,3.4494753623188408,2.1462976920965744,0.038474662311973384,-0.038474662311973384,1.0,0.3834355828220859,0.06834544114202128,0.016818576388888888,0.001040107083220665,1794.0,0.47767857142857145,0.1930803571428572,0.359375,0.9627757919714318
large_long,rotatable_xlink,r0007,3.5,pulse_03,3.362479865771812,2.152921397728954,0.023644772643573637,-0.023644772643573637,1.0,0.36098310291858676,0.06601096290031461,0.01677517361111111,0.0016992984842313745,1788.0,0.47368421052631576,0.19708846584546474,0.3583426651735723,0.9627928200957145
large_long,rotatable_xlink,r0007,3.55,pulse_03,3.307606726457399,2.1564934830019626,0.009027287045675717,-0.009027287045675717,1.0,0.38221528861154447,0.0694106070328103,0.016905381944444443,0.00534504489140238,1784.0,0.4663677130044842,0.2006726457399103,0.36098654708520167,0.9624434056163829
large_long,rotatable_xlink,r0007,3.6,pulse_03,3.3083161434977577,2.184991667077368,0.002738279672830579,0.002738279672830579,1.0,0.3894080996884735,0.08914819963581055,0.016796875,0.0032423446168234893,1784.0,0.4641255605381165,0.2006726457399103,0.3576233183856502,0.9620737430176107
large_long,rotatable_xlink,r0007,3.65,pulse_03,3.3240364044943824,2.1759475507029036,0.001243822941414748,-0.001243822941414748,1.0,0.3949843260188088,0.049413203048803804,0.017013888888888887,0.003294483316968725,1780.0,0.4617977528089888,0.19662921348314605,0.3561797752808988,0.9616472683245997
large_long,rotatable_xlink,r0007,3.7,pulse_03,3.3008532058492692,2.165224767175556,0.00943973820688145,-0.00943973820688145,1.0,0.3940345368916798,0.039527301359159446,0.016840277777777777,0.0013367607113320783,1778.0,0.4600674915635546,0.19460067491563557,0.3577052868391452,0.9614367993994676
large_long,rotatable_xlink,r0007,3.75,pulse_03,3.2673979752530937,2.167926986434911,0.0007578366049789675,0.0007578366049789675,1.0,0.3984251968503937,0.09801714488239884,0.01662326388888889,0.0002491117324604127,1778.0,0.4578177727784027,0.19347581552305962,0.35883014623172105,0.9635937864952605
large_long,rotatable_xlink,r0007,3.8,pulse_03,3.305400225479143,2.1637300967807933,0.010746759303392084,0.010746759303392084,1.0,0.40189873417721517,0.061494519552842665,0.01677517361111111,0.003626202563549693,1774.0,0.45997745208568197,0.19052987598647125,0.35738444193912056,0.9602497186266443
large_long,rotatable_xlink,r0007,3.85,pulse_03,3.3318785310734462,2.146169771053613,0.008526628916956916,-0.008526628916956916,1.0,0.3987341772151899,0.05720802966946788,0.016905381944444443,0.005918251683536398,1770.0,0.4604072398190044,0.18891402714932123,0.3563348416289593,0.9599590960773153
large_long,rotatable_xlink,r0007,3.9,pulse_03,3.2542404519774015,2.128220586679575,0.024036591337099827,-0.024036591337099827,1.0,0.3924050632911392,0.08691975215046345,0.01644965277777778,0.002293237317099258,1770.0,0.4576271186440679,0.19096045197740114,0.35706214689265536,0.9634230971708672
large_long,rotatable_xlink,r0007,3.95,pulse_03,3.1876589830508473,2.1324103471510174,0.01690142525415217,-0.01690142525415217,1.0,0.38950715421303655,0.056501246425965886,0.01644965277777778,0.0016594071161876538,1770.0,0.45979614949037384,0.19592298980747452,0.3601359003397506,0.9621483826605408
large_long,rotatable_xlink,r0007,4.0,pulse_03,3.1528319004524885,2.138177029376701,0.011609027532786254,-0.011609027532786254,1.0,0.38338658146964855,0.03962112074711562,0.016796875,0.0019222274085611464,1768.0,0.45753114382785964,0.19705549263873162,0.3635334088335219,0.9614729527673451
large_long,rotatable_xlink,r0007,4.05,pulse_04,3.5477803858520898,2.0397546032226863,0.0005385122982305054,0.0005385122982305054,1.0,0.4167893961708395,0.09422025729828452,0.0173828125,0.0032235859809528478,1866.0,0.4855305466237942,0.18863879957127547,0.3429796355841372,0.9594822386152667
large_long,rotatable_xlink,r0007,4.1,pulse_04,3.5493959227467813,2.049425361165545,0.001991208092752069,0.001991208092752069,1.0,0.4247787610619469,0.08553285099767981,0.017447916666666667,0.0017854328378860511,1864.0,0.48712446351931343,0.19098712446351934,0.34549356223175975,0.9608096118703915
large_long,rotatable_xlink,r0007,4.15,pulse_04,3.559727634408602,2.0504672002500026,0.0015804471172873313,-0.0015804471172873313,1.0,0.4298375184638109,0.06395348971763809,0.017361111111111112,0.00478100452000992,1860.0,0.48817204301075245,0.18924731182795695,0.34408602150537615,0.9602241523562401
large_long,rotatable_xlink,r0007,4.2,pulse_04,3.5399132400430573,2.0781113882856044,0.00782039331998415,-0.00782039331998415,1.0,0.4319526627218935,0.04530929773362781,0.017447916666666667,0.0037890485534080773,1858.0,0.48762109795479003,0.1883745963401507,0.3466092572658773,0.9585960809604238
large_long,rotatable_xlink,r0007,4.25,pulse_04,3.5128052744886973,2.073201491570451,0.008219699489934765,-0.008219699489934765,1.0,0.43026706231454004,0.06490866699055695,0.01742621527777778,0.0031334724810643997,1858.0,0.48546824542518846,0.18837459634015072,0.3433799784714746,0.9588563655554965
large_long,rotatable_xlink,r0007,4.3,pulse_04,3.4905950431034487,2.0969122231719908,0.015552082386047253,-0.015552082386047253,1.0,0.42857142857142855,0.06054564473733239,0.01755642361111111,0.004884700971723295,1856.0,0.482200647249191,0.1844660194174757,0.34519956850053934,0.9611717548237532
large_long,rotatable_xlink,r0007,4.35,pulse_04,3.4194927801724138,2.102509697400791,0.01804328304597706,-0.01804328304597706,1.0,0.4264487369985141,0.07004585790125221,0.017035590277777776,0.0013009603486043482,1856.0,0.48275862068965514,0.1853448275862069,0.34590517241379304,0.9612056234338441
large_long,rotatable_xlink,r0007,4.4,pulse_04,3.3823353448275864,2.104717985263617,0.007633207614942572,-0.007633207614942572,1.0,0.4226190476190476,0.04448451127181398,0.017513020833333334,0.0007255521287787096,1856.0,0.48383620689655177,0.18642241379310348,0.34590517241379304,0.9619162680903854
large_long,rotatable_xlink,r0007,4.45,pulse_04,3.3736935344827583,2.106863010173463,0.002175556752873472,0.002175556752873472,1.0,0.41369047619047616,0.09264936625179682,0.017469618055555556,2.6522139839890713e-07,1856.0,0.47896440129449835,0.1844660194174757,0.34627831715210355,0.9624958780331474
large_long,rotatable_xlink,r0007,4.5,pulse_04,3.395388685344827,2.1047195765920073,0.0007994612068965198,-0.0007994612068965198,1.0,0.41654135338345866,0.05128843129951708,0.01775173611111111,0.00289176901759558,1856.0,0.4773706896551723,0.17995689655172417,0.34806034482758613,0.9638009962485624
large_long,rotatable_xlink,r0007,4.55,pulse_04,3.368896767241379,2.1242136242790366,0.011295651081383454,-0.011295651081383454,1.0,0.40929535232383807,0.051963081043716025,0.017491319444444445,0.007110011436604206,1856.0,0.47737068965517243,0.18426724137931036,0.34590517241379304,0.9617255688841939
large_long,rotatable_xlink,r0007,4.6,pulse_04,3.3276147788565265,2.1473796452116325,0.012874533201136998,-0.012874533201136998,1.0,0.4114114114114114,0.10343349514219477,0.017144097222222224,0.003271609112106999,1854.0,0.4692556634304207,0.18122977346278316,0.34735706580366776,0.9615650384999873
large_long,rotatable_xlink,r0007,4.65,pulse_04,3.291649568034557,2.1438432789516786,0.01686938206167336,-0.01686938206167336,1.0,0.4094368340943683,0.08603617474820996,0.017296006944444445,0.002769226724725756,1852.0,0.45680345572354203,0.18142548596112312,0.34773218142548595,0.962441151166014
large_long,rotatable_xlink,r0007,4.7,pulse_04,3.2263984864864863,2.130764284863278,0.01955770278053433,-0.01955770278053433,1.0,0.3987538940809969,0.0724201769053433,0.01742621527777778,0.007213775563362186,1850.0,0.451891891891892,0.18054054054054056,0.345945945945946,0.9624547499496077
large_long,rotatable_xlink,r0007,4.75,pulse_04,3.174303351351351,2.1005606255715055,0.0126945585585585,-0.0126945585585585,1.0,0.39280125195618154,0.09783880428592376,0.01775173611111111,0.0065959103914325174,1850.0,0.44588744588744583,0.18181818181818182,0.3474025974025974,0.9631917335287308
large_long,rotatable_xlink,r0007,4.8,pulse_04,3.1502311351351353,2.091188822514683,0.0014995473631810678,-0.0014995473631810678,1.0,0.38461538461538464,0.1049153289622653,0.01755642361111111,0.0007347988123676726,1850.0,0.4432432432432433,0.1816216216216216,0.3437837837837837,0.9645224941103756
large_long,rotatable_xlink,r0007,4.85,pulse_04,3.165306067172265,2.0961518326972994,0.0031658339489163043,0.0031658339489163043,1.0,0.3787638668779715,0.10999049485297029,0.017317708333333334,0.00010639582656109721,1846.0,0.4431202600216685,0.18093174431202602,0.34019501625135423,0.9643770432091319
large_long,rotatable_xlink,r0007,4.9,pulse_04,3.169226138828633,2.0905504475553163,0.0003810929260975963,0.0003810929260975963,1.0,0.3639240506329114,0.08321356156200001,0.017274305555555557,0.00145847245855113,1844.0,0.4408251900108578,0.17915309446254074,0.3420195439739414,0.9642886122042652
large_long,rotatable_xlink,r0007,4.95,pulse_04,3.1675926247288504,2.0874009979459927,0.0018719812002891227,-0.0018719812002891227,1.0,0.38950715421303655,0.08788209394639032,0.01740451388888889,0.0006970768700798787,1844.0,0.43804347826086965,0.18043478260869567,0.34456521739130436,0.963687630645009
large_long,rotatable_xlink,r0007,5.0,pulse_04,3.1579942516268984,2.086367986334837,0.0031994577006506653,-0.0031994577006506653,1.0,0.3662420382165605,0.06617394480012467,0.0173828125,0.0003443372037185514,1844.0,0.44143167028199554,0.18004338394793926,0.34490238611713664,0.9611170017911029
large_long,rotatable_xlink,r0007,5.05,pulse_05,3.5808755351681953,2.041902632021958,0.012825144410465375,-0.012825144410465375,1.0,0.41379310344827586,0.06304072052099383,0.018641493055555555,0.018901532684966933,1962.0,0.4719673802242609,0.16615698267074416,0.32110091743119257,0.9572077692205843
large_long,rotatable_xlink,r0007,5.1,pulse_05,3.542400101936799,1.9851980339670574,0.012983180428134474,-0.012983180428134474,1.0,0.4092219020172911,0.09366383488149302,0.01853298611111111,0.021431243495195318,1962.0,0.4719673802242609,0.16717635066258923,0.3221202854230376,0.9589226295283976
large_long,rotatable_xlink,r0007,5.15,pulse_05,3.5029764525993885,1.9133151710507863,0.011336272511043225,-0.011336272511043225,1.0,0.41654571843251087,0.09075360016596565,0.018142361111111113,0.024462807719482876,1962.0,0.472986748216106,0.16615698267074414,0.3282364933741079,0.9598866799756892
large_long,rotatable_xlink,r0007,5.2,pulse_05,3.47438246687054,1.8384211876501602,0.0016859157322460423,-0.0016859157322460423,1.0,0.42066957787481807,0.09014332082136471,0.018294270833333334,0.009328676769843688,1962.0,0.472986748216106,0.16615698267074414,0.3312945973496431,0.9613599396633385
large_long,rotatable_xlink,r0007,5.25,pulse_05,3.4928609582059122,1.8573431104317242,0.004128721507971204,0.004128721507971204,1.0,0.40869565217391307,0.07416051081004583,0.018424479166666667,0.0001071443470912851,1962.0,0.4729867482161059,0.16615698267074414,0.3323139653414881,0.9599447418754331
large_long,rotatable_xlink,r0007,5.3,pulse_05,3.499154795918367,1.8390640537327079,0.007923327163565993,0.007923327163565993,1.0,0.4186046511627907,0.0873534899127222,0.018619791666666666,0.000770739741002946,1960.0,0.47346938775510194,0.1642857142857143,0.3316326530612245,0.9596512927414774
large_long,rotatable_xlink,r0007,5.35,pulse_05,3.540400921187308,1.8527186719857065,0.01171038871446021,0.01171038871446021,1.0,0.4390602055800294,0.08250495584613411,0.01838107638888889,0.0024639893761338647,1954.0,0.47287615148413503,0.16069600818833166,0.32855680655066527,0.9615391084409999
large_long,rotatable_xlink,r0007,5.4,pulse_05,3.5694171282051284,1.853847989989511,0.0004873849303204854,0.0004873849303204854,1.0,0.44296296296296295,0.07472242076820435,0.01838107638888889,0.0055517073847826115,1950.0,0.4717948717948719,0.15999999999999998,0.32615384615384624,0.9613054421558346
large_long,rotatable_xlink,r0007,5.45,pulse_05,3.543325230769231,1.8860289162944022,0.0014913386159813857,-0.0014913386159813857,1.0,0.4391691394658754,0.0706709683608588,0.01838107638888889,0.002552677668455572,1950.0,0.47227926078028737,0.16016427104722794,0.32751540041067756,0.9600292740621224
large_long,rotatable_xlink,r0007,5.5,pulse_05,3.56046909650924,1.8691640560002445,0.004832297098584866,0.004832297098584866,1.0,0.44592592592592595,0.07232631998467307,0.018229166666666668,0.001902764674427811,1948.0,0.47125256673511284,0.1581108829568789,0.3264887063655031,0.9585980571531272
large_long,rotatable_xlink,r0007,5.55,pulse_05,3.5723190133607403,1.897445504340969,0.008554904231498961,-0.008554904231498961,1.0,0.4537313432835821,0.09855016812775544,0.018077256944444446,0.01770442022227899,1946.0,0.4686536485097637,0.15724563206577594,0.33093525179856104,0.9598146909872289
large_long,rotatable_xlink,r0007,5.6,pulse_05,3.5091396711202463,1.9753905773339184,0.016689965875624102,-0.016689965875624102,1.0,0.43833580980683506,0.08678580127036138,0.018142361111111113,0.008161200187131882,1946.0,0.4707091469681397,0.15827338129496407,0.33710174717368957,0.9624027614322015
large_long,rotatable_xlink,r0007,5.65,pulse_05,3.4721792181069957,1.9464127054637603,8.668058189672163e-05,-8.668058189672163e-05,1.0,0.43703703703703706,0.13826008784246735,0.018315972222222223,2.8946903738484114e-05,1944.0,0.4639917695473252,0.16666666666666666,0.33950617283950624,0.9592776554935168
large_long,rotatable_xlink,r0007,5.7,pulse_05,3.508619587628866,1.9752168959114875,0.013652586455851656,0.013652586455851656,1.0,0.44345238095238093,0.09573231639666266,0.017903645833333332,0.005370431679065479,1940.0,0.46185567010309264,0.1670103092783505,0.33711340206185575,0.9592322368605436
large_long,rotatable_xlink,r0007,5.75,pulse_05,3.5540947368421056,1.9786352955381532,0.011519411015023703,0.011519411015023703,1.0,0.4456035767511177,0.09828183583248183,0.01820746527777778,0.0015041527883437784,1938.0,0.46336429308565535,0.1651186790505676,0.33746130030959753,0.9575939390914265
large_long,rotatable_xlink,r0007,5.8,pulse_05,3.577736053719008,1.9661919791814249,0.008207884768739978,0.008207884768739978,1.0,0.4439461883408072,0.10177297387475073,0.01820746527777778,0.010880629258647412,1936.0,0.46280991735537197,0.16322314049586778,0.3347107438016529,0.9572099563165407
large_long,rotatable_xlink,r0007,5.85,pulse_05,3.6033420454545455,2.0439190710900377,0.003258847992712699,0.003258847992712699,1.0,0.4523809523809524,0.09600401423203578,0.018250868055555557,0.0123980686114706,1936.0,0.45971074380165283,0.15805785123966942,0.334710743801653,0.9583765979024899
large_long,rotatable_xlink,r0007,5.9,pulse_05,3.5972891416752844,2.0405803908502484,0.001087945183479026,-0.001087945183479026,1.0,0.45590433482810166,0.06059779885977117,0.018055555555555554,0.0022452878759000594,1934.0,0.4601861427094106,0.16028955532574973,0.33298862461220274,0.9569242645273854
large_long,rotatable_xlink,r0007,5.95,pulse_05,3.5968143743536714,2.0304473438346373,0.0001120554805644769,0.0001120554805644769,1.0,0.45808383233532934,0.05874340814436406,0.01792534722222222,0.01703194641531743,1934.0,0.4591520165460186,0.16132368148914164,0.3340227507755947,0.9589219937028735
large_long,rotatable_xlink,r0007,6.0,pulse_05,3.597961474558671,1.9383887123583439,0.00038236673499995416,0.00038236673499995416,1.0,0.45535714285714285,0.09811236125798241,0.018033854166666665,0.030686210492097816,1926.0,0.46209761163032204,0.15887850467289724,0.33125649013499486,0.9565549679266163
large_long,rotatable_xlink,r0007,6.05,pulse_06,3.8966039961013643,2.094618550542383,0.017707836098828682,-0.017707836098828682,1.0,0.4911080711354309,0.07489888580618725,0.019140625,0.0029851274483122894,2052.0,0.48440545808966873,0.15107212475633527,0.31286549707602346,0.9521888159613087
large_long,rotatable_xlink,r0007,6.1,pulse_06,3.8434804878048783,2.085663168197446,0.005379002605435668,-0.005379002605435668,1.0,0.4839609483960948,0.08440839514332432,0.019270833333333334,0.005355752814367065,2050.0,0.47512195121951234,0.14243902439024395,0.3141463414634148,0.952276222824224
large_long,rotatable_xlink,r0007,6.15,pulse_06,3.8643299804687503,2.0624840336561805,0.008241652162855958,0.008241652162855958,1.0,0.4792243767313019,0.0749930781753758,0.019205729166666668,0.015935929747041982,2048.0,0.4755859375,0.1357421875,0.3193359375,0.949961821349295
large_long,rotatable_xlink,r0007,6.2,pulse_06,3.892930400782014,2.181278746679698,0.01148639268769358,0.01148639268769358,1.0,0.4972067039106145,0.06600703899029002,0.01916232638888889,0.017724670845583972,2046.0,0.4760508308895404,0.1329423264907136,0.3147605083088953,0.9514762824611368
large_long,rotatable_xlink,r0007,6.25,pulse_06,3.933248336594912,2.1688320587296843,0.010747237124566341,0.010747237124566341,1.0,0.5127478753541076,0.05189427191557968,0.019401041666666667,0.006064386506580958,2044.0,0.4726027397260273,0.12818003913894324,0.3140900195694716,0.9481952978333962
large_long,rotatable_xlink,r0007,6.3,pulse_06,3.957413823529412,2.144892427640212,0.008211393802616263,0.008211393802616263,1.0,0.5482014388489208,0.08022436391189014,0.019249131944444445,0.00835225495530604,2040.0,0.4749754661432776,0.11972522080471049,0.31599607458292434,0.9498043505396842
large_long,rotatable_xlink,r0007,6.35,pulse_06,3.9825166994106094,2.118718528997848,0.008854742948310124,0.008854742948310124,1.0,0.5542691751085383,0.07081393985127421,0.018836805555555555,0.008598477533695506,2036.0,0.4734774066797642,0.11198428290766209,0.3094302554027505,0.9525324037852553
large_long,rotatable_xlink,r0007,6.4,pulse_06,4.010542281219273,2.093301562438039,0.004836018078527404,0.004836018078527404,1.0,0.5623188405797102,0.03717389006102064,0.01892361111111111,0.0030171216962788794,2034.0,0.47492625368731556,0.11209439528023599,0.30973451327433627,0.9522356242198416
large_long,rotatable_xlink,r0007,6.45,pulse_06,4.011532807881774,2.100615798820175,0.00012601465423115835,-0.00012601465423115835,1.0,0.5600578871201157,0.05217975379622076,0.01892361111111111,0.0009552052926523243,2030.0,0.4729064039408867,0.1142857142857143,0.30738916256157645,0.9515676019013954
large_long,rotatable_xlink,r0007,6.5,pulse_06,4.009786193293886,2.099032794193953,0.006922139785416744,0.006922139785416744,1.0,0.5465116279069767,0.05759387196307594,0.018880208333333332,0.000761127551209236,2028.0,0.47128712871287143,0.12079207920792079,0.308910891089109,0.951697116642435
large_long,rotatable_xlink,r0007,6.55,pulse_06,4.053065646594274,2.10518256412743,0.009899125731045308,0.009899125731045308,1.0,0.5681159420289855,0.045779795276429384,0.018967013888888887,0.0017696837436784,2026.0,0.47529644268774707,0.11166007905138339,0.30830039525691694,0.9503438153511629
large_long,rotatable_xlink,r0007,6.6,pulse_06,4.069180947680158,2.1096508966560235,0.00032115705642210557,0.00032115705642210557,1.0,0.5653450807635829,0.052647789305891125,0.018836805555555555,0.003402145318245342,2026.0,0.47778874629812434,0.10957551826258635,0.3070088845014808,0.9506465127625455
large_long,rotatable_xlink,r0007,6.65,pulse_06,4.054992588932807,2.1255954360369023,0.008333015561493054,-0.008333015561493054,1.0,0.5722713864306784,0.04943578878968246,0.018489583333333334,0.018184622061735434,2024.0,0.4733201581027668,0.10770750988142293,0.30533596837944665,0.9501887604407627
large_long,rotatable_xlink,r0007,6.7,pulse_06,4.019182854311199,2.218758629026436,0.007228497230459485,-0.007228497230459485,1.0,0.5674074074074074,0.022169932050545148,0.019097222222222224,0.016263133366068105,2018.0,0.4737363726461843,0.110009910802775,0.3042616451932605,0.9494594402394821
large_long,rotatable_xlink,r0007,6.75,pulse_06,4.01162160555005,2.223174236233311,0.006101387512388534,-0.006101387512388534,1.0,0.5727002967359051,0.0329386332632104,0.019032118055555554,0.009388038564997888,2018.0,0.46679881070366686,0.10406342913776015,0.3032705649157581,0.9480553148316738
large_long,rotatable_xlink,r0007,6.8,pulse_06,3.982574529236868,2.2750868604164234,0.008533382887347285,-0.008533382887347285,1.0,0.5701492537313433,0.025864905227339398,0.01870659722222222,0.01033941889104247,2018.0,0.46778989098116935,0.10505450941526262,0.30227948463825555,0.9475727328062112
large_long,rotatable_xlink,r0007,6.85,pulse_06,3.9604213082259663,2.2852107495795657,0.003149164339875258,-0.003149164339875258,1.0,0.5660091047040972,0.04483232082826633,0.018836805555555555,0.00046542988064228,2018.0,0.4578790882061446,0.10604558969276512,0.30426164519326054,0.9501617348602693
large_long,rotatable_xlink,r0007,6.9,pulse_06,3.9636795431976166,2.277879439700277,0.006759587855239853,-0.006759587855239853,1.0,0.5720789074355084,0.06313894504765748,0.018663194444444444,0.004270713849481522,2014.0,0.4587884806355511,0.10625620655412116,0.30883813306852037,0.9512813851069875
large_long,rotatable_xlink,r0007,6.95,pulse_06,3.919863781094527,2.2595864664826766,0.0050055878768936095,-0.0050055878768936095,1.0,0.5333333333333333,0.05312810068437711,0.018967013888888887,0.007746021188980008,2010.0,0.45219123505976083,0.11553784860557767,0.3127490039840636,0.9542318485749665
large_long,rotatable_xlink,r0007,7.0,pulse_06,3.933646015936255,2.231403312566397,0.004594078280575935,0.004594078280575935,1.0,0.5372907153729072,0.030649993366840003,0.018967013888888887,0.009394384638759856,2008.0,0.45418326693227096,0.11653386454183268,0.30776892430278874,0.9537527346648836
large_long,rotatable_xlink,r0007,7.05,pulse_07,4.276671188026193,2.229322759210519,0.008929497973184061,-0.008929497973184061,1.0,0.5724331926863573,0.03111957604292395,0.019986979166666665,0.004667865853863103,2138.0,0.4817586529466791,0.10570626753975679,0.2890551917680075,0.9521425926178122
large_long,rotatable_xlink,r0007,7.1,pulse_07,4.249882694106641,2.2433263567721085,0.008519261674777567,-0.008519261674777567,1.0,0.5852272727272727,0.04396553902486233,0.019835069444444443,0.002655619672284374,2138.0,0.48175865294667897,0.1019644527595884,0.2890551917680074,0.9506382650704567
large_long,rotatable_xlink,r0007,7.15,pulse_07,4.225555617977528,2.2452564772442254,0.01122764002900952,-0.01122764002900952,1.0,0.5943262411347517,0.07882005980273023,0.020290798611111112,0.0006337803284859334,2136.0,0.4812734082397004,0.09737827715355804,0.29026217228464424,0.9514347749257583
large_long,rotatable_xlink,r0007,7.2,pulse_07,4.182516853932584,2.239523674801193,0.021614138576779112,-0.021614138576779112,1.0,0.5909090909090909,0.03654363136629696,0.020095486111111113,0.006828574874411464,2136.0,0.4784644194756553,0.09925093632958802,0.2968164794007491,0.9534054650940279
large_long,rotatable_xlink,r0007,7.25,pulse_07,4.095870786516853,2.286227926490694,0.033436844569288304,-0.033436844569288304,1.0,0.5742857142857143,0.08183079195893263,0.019769965277777777,0.009609748821825415,2136.0,0.4691011235955057,0.1039325842696629,0.29868913857677903,0.9526860467526832
large_long,rotatable_xlink,r0007,7.3,pulse_07,3.981895786516854,2.2971821677321453,0.029589460983049376,-0.029589460983049376,1.0,0.5432624113475177,0.04373106495551551,0.020247395833333334,0.0023606283633534155,2136.0,0.4653558052434457,0.11704119850187267,0.2996254681647941,0.9541450723559602
large_long,rotatable_xlink,r0007,7.35,pulse_07,3.918334020618557,2.3003916966708147,0.035215417202465016,-0.035215417202465016,1.0,0.5510791366906475,0.03484368925952839,0.020225694444444445,0.0013117900539660887,2134.0,0.4586466165413534,0.11748120300751881,0.3045112781954888,0.955492396463529
large_long,rotatable_xlink,r0007,7.4,pulse_07,3.770603283302064,2.305052908055942,0.03764045883548713,-0.03764045883548713,1.0,0.5265423242467718,0.050609351093497325,0.019748263888888888,0.004557675386789528,2132.0,0.449343339587242,0.12851782363977485,0.31332082551594753,0.9561537471046871
large_long,rotatable_xlink,r0007,7.45,pulse_07,3.692491267605634,2.327737748991552,0.021611345339076344,-0.021611345339076344,1.0,0.5087209302325582,0.025980964586964445,0.019943576388888887,0.0012135223831891324,2130.0,0.4422535211267606,0.12863849765258217,0.3192488262910799,0.9551136880577042
large_long,rotatable_xlink,r0007,7.5,pulse_07,3.640935211267606,2.3123340423550767,0.017272660406885798,-0.017272660406885798,1.0,0.5102040816326531,0.03656724448618331,0.01987847222222222,0.0005661378596433231,2130.0,0.4394366197183099,0.13051643192488263,0.3220657276995305,0.9552161277870708
large_long,rotatable_xlink,r0007,7.55,pulse_07,3.5888553051643193,2.324340921833692,0.02810544600938969,-0.02810544600938969,1.0,0.5058823529411764,0.0056753812600844715,0.020095486111111113,0.0021314607041944544,2130.0,0.4338028169014085,0.1295774647887324,0.3295774647887323,0.9562816818630395
large_long,rotatable_xlink,r0007,7.6,pulse_07,3.4723025352112677,2.3251228065802434,0.033220902991045666,-0.033220902991045666,1.0,0.4873323397913562,0.02538327800414247,0.02016059027777778,0.002168299508088204,2130.0,0.4238721804511278,0.12969924812030076,0.33740601503759404,0.9550105296343138
large_long,rotatable_xlink,r0007,7.65,pulse_07,3.3895298872180453,2.3113311247851627,0.015460036107313021,-0.015460036107313021,1.0,0.4795763993948563,0.04162365860004695,0.019769965277777777,0.004730284995818845,2128.0,0.4135338345864662,0.1296992481203008,0.34680451127819556,0.9568089700166174
large_long,rotatable_xlink,r0007,7.7,pulse_07,3.3795423185673896,2.2967410966053303,0.007075452901120771,-0.007075452901120771,1.0,0.4714064914992272,0.02384336061049484,0.0197265625,0.0032803960896009934,2122.0,0.4099905749293119,0.12818096135721016,0.34684260131950984,0.9587306834030713
large_long,rotatable_xlink,r0007,7.75,pulse_07,3.3470771698113206,2.2916487482475567,4.2304666892034604e-05,-4.2304666892034604e-05,0.9245283018867925,0.48205928237129486,0.07311142271930533,0.019401041666666667,0.0022011602874269323,2120.0,0.4084905660377359,0.12547169811320752,0.3537735849056604,0.9586374233695103
large_long,rotatable_xlink,r0007,7.8,pulse_07,3.3792884905660374,2.2835341348807687,0.00973318809723193,0.00973318809723193,0.9244570349386213,0.4797507788161994,0.030060685873822705,0.020008680555555554,0.0021605892905462256,2120.0,0.40793201133144474,0.11425873465533522,0.35316336166194523,0.9578726578122567
large_long,rotatable_xlink,r0007,7.85,pulse_07,3.405476298394712,2.2786852125042794,0.0045467985162463975,0.0045467985162463975,1.0,0.47962382445141066,0.06992938867109308,0.019769965277777777,0.0007544846452656184,2118.0,0.40321057601510857,0.1029272898961284,0.3503305004721435,0.9544689546290847
large_long,rotatable_xlink,r0007,7.9,pulse_07,3.406569281663516,2.279007227009175,0.0027549659265289073,-0.0027549659265289073,1.0,0.4755134281200632,0.044771471167256396,0.019791666666666666,0.0033708951393374895,2116.0,0.40340909090909094,0.10795454545454546,0.34943181818181823,0.9546843108500134
large_long,rotatable_xlink,r0007,7.95,pulse_07,3.3889465028355388,2.2989105833403043,0.017737304519676922,-0.017737304519676922,1.0,0.4651898734177215,0.046742688289672964,0.01955295138888889,0.006492029921048026,2116.0,0.40170132325141783,0.10491493383742911,0.3487712665406427,0.9560535117166339
large_long,rotatable_xlink,r0007,8.0,pulse_07,3.3001454545454543,2.240055047482887,0.029600349430028167,-0.029600349430028167,1.0,0.44805194805194803,0.05209971587834304,0.0201171875,0.019618511952472478,2112.0,0.3977272727272727,0.11268939393939395,0.3551136363636364,0.9564411164996419
large_long,rotatable_xlink,r0008,0.0,initial,-0.004463043478260894,0.9839599171919458,0.05503964567146082,0.05503964567146082,1.0,-0.06944444444444445,0.0,0.004600694444444445,0.0741774292097972,460.0,0.25652173913043486,0.25652173913043474,0.5086956521739131,0.9335596209104243
large_long,rotatable_xlink,r0008,0.05,initial,0.16065589353612156,1.2064922048213373,0.06375151070658443,0.06375151070658443,1.0,-0.04878048780487805,0.043314502356314254,0.0050347222222222225,0.00484599080886174,526.0,0.2547528517110267,0.25095057034220536,0.49429657794676807,0.9335871386184244
large_long,rotatable_xlink,r0008,0.1,initial,0.3780460207612457,0.9548839723387753,0.10026708652704852,0.10026708652704852,1.0,-0.02197802197802198,0.09005528041387251,0.005447048611111111,0.014245064193003162,578.0,0.273356401384083,0.2352941176470588,0.4809688581314878,0.939036677136077
large_long,rotatable_xlink,r0008,0.15000000000000002,initial,0.7622584126984127,1.1210218196633184,0.09555518842901099,0.09555518842901099,1.0,0.07692307692307693,0.01975221016160984,0.006098090277777778,0.01336667937159595,630.0,0.28888888888888886,0.21904761904761902,0.46349206349206346,0.946517768005595
large_long,rotatable_xlink,r0008,0.2,initial,0.9513771513353116,1.035084048568351,0.05930123560535324,0.05930123560535324,1.0,0.08292682926829269,0.026749631898106547,0.006640625,0.0004949672640374159,674.0,0.2937685459940653,0.20771513353115725,0.456973293768546,0.955065823780569
large_long,rotatable_xlink,r0008,0.25,initial,1.118065826330532,1.1239916232475429,0.07580349699967028,0.07580349699967028,1.0,0.17370892018779344,0.02269965778045704,0.007096354166666667,0.015566419991539479,714.0,0.3081232492997199,0.1988795518207283,0.4481792717086835,0.9562123077637418
large_long,rotatable_xlink,r0008,0.30000000000000004,initial,1.4061981333333333,1.1284825685175879,0.07040400356420067,0.07040400356420067,1.0,0.18385650224215247,0.05764384900613955,0.0072048611111111115,0.014213847287004847,750.0,0.3226666666666666,0.18133333333333335,0.4453333333333334,0.9530121676497175
large_long,rotatable_xlink,r0008,0.35000000000000003,initial,1.540489847715736,1.209274706969572,0.030176682937482917,0.030176682937482917,1.0,0.2288135593220339,0.04644012208620667,0.007638888888888889,0.05943396887315174,788.0,0.3375634517766497,0.182741116751269,0.43654822335025373,0.9592349455369101
large_long,rotatable_xlink,r0008,0.4,initial,1.5872582309582308,1.4850863817564983,0.013899395927028935,0.013899395927028935,1.0,0.2697095435684647,0.033309796223585146,0.007942708333333333,0.08324798918697007,814.0,0.339066339066339,0.17444717444717445,0.4250614250614251,0.9560995178811321
large_long,rotatable_xlink,r0008,0.45,initial,1.6238862232779097,1.7087626420913924,0.032866014537264565,0.032866014537264565,1.0,0.27710843373493976,0.051635059950927244,0.008051215277777777,0.05691567516388522,842.0,0.33491686460807596,0.166270783847981,0.41805225653206657,0.9591470114273474
large_long,rotatable_xlink,r0008,0.5,initial,1.7844543181818182,1.8265804327398096,0.05072749937238086,0.05072749937238086,1.0,0.29961089494163423,0.06032742702402303,0.008355034722222222,0.04413780477671958,880.0,0.34318181818181825,0.16136363636363635,0.40681818181818175,0.9539854901533183
large_long,rotatable_xlink,r0008,0.55,initial,1.9282512195121948,1.9735894707517099,0.04594597908961132,0.04594597908961132,1.0,0.32342007434944237,0.03886207557625848,0.008485243055555555,0.017372681415000073,902.0,0.3569844789356984,0.14855875831485588,0.40798226164079826,0.9594568028662303
large_long,rotatable_xlink,r0008,0.6000000000000001,initial,2.060130192719486,1.93081652122981,0.04797905870222948,0.04797905870222948,1.0,0.3076923076923077,0.08689161761871242,0.009049479166666667,0.04663167436350905,934.0,0.3683083511777303,0.14775160599571735,0.4004282655246253,0.9589729633778806
large_long,rotatable_xlink,r0008,0.65,initial,2.2161255717255717,1.6937994245706556,0.03702350577411647,0.03702350577411647,1.0,0.32441471571906355,0.07411974822806168,0.009092881944444445,0.027638837730857846,962.0,0.3762993762993762,0.15800415800415799,0.39085239085239076,0.9591595403105433
large_long,rotatable_xlink,r0008,0.7000000000000001,initial,2.282271227364185,1.764983494844663,0.02449095743015195,0.02449095743015195,1.0,0.3442622950819672,0.05786065043531756,0.00935329861111111,0.009994206635398295,994.0,0.38104838709677413,0.155241935483871,0.3891129032258065,0.9627481674480928
large_long,rotatable_xlink,r0008,0.75,initial,2.3630713163064834,1.6338341847582658,0.03731011730036049,0.03731011730036049,1.0,0.3395638629283489,0.035087312933773485,0.009700520833333334,0.036085012637898685,1018.0,0.39096267190569745,0.16306483300589392,0.3831041257367387,0.9626392261641602
large_long,rotatable_xlink,r0008,0.8,initial,2.506131931166348,1.5484734190172709,0.04631628339851749,0.04631628339851749,1.0,0.3597560975609756,0.06119103755604207,0.010047743055555556,0.016926177189817333,1046.0,0.3938814531548757,0.16061185468451245,0.37284894837476107,0.9642672818140638
large_long,rotatable_xlink,r0008,0.8500000000000001,initial,2.6409690166975883,1.7353912478971698,0.02314186507179139,0.02314186507179139,0.8515769944341373,0.3841642228739003,0.048858504132022376,0.010503472222222223,0.07244898360158165,1078.0,0.3970315398886827,0.1576994434137291,0.36549165120593685,0.9664866560314372
large_long,rotatable_xlink,r0008,0.9,initial,2.6449831215970963,1.9831673206267608,0.020688262475284585,0.020688262475284585,1.0,0.3789173789173789,0.03408159615067373,0.010546875,0.055051127712956616,1102.0,0.40653357531760437,0.16152450090744097,0.3647912885662431,0.9679140546703736
large_long,rotatable_xlink,r0008,0.9500000000000001,initial,2.765098591549296,2.0656980141749095,0.011945437921970633,0.011945437921970633,1.0,0.37669376693766937,0.030278674241822366,0.010590277777777778,0.04944229317658585,1136.0,0.4154929577464788,0.15845070422535207,0.3591549295774647,0.9672405545592881
large_long,rotatable_xlink,r0008,1.0,initial,2.71665574912892,2.279821079686276,0.01614761414012526,-0.01614761414012526,0.8603839441535777,0.38258575197889183,0.03908749794092575,0.011089409722222223,0.07137435517045547,1148.0,0.4171029668411868,0.17102966841186737,0.3525305410122165,0.9637164215716935
large_long,rotatable_xlink,r0008,1.05,pulse_01,3.451141287284144,1.9851616948420683,0.021700291908420006,0.021700291908420006,0.8740157480314961,0.4818181818181818,0.042896472437307355,0.0123046875,0.002803550440674559,1274.0,0.47086614173228336,0.152755905511811,0.3149606299212597,0.9622581243574754
large_long,rotatable_xlink,r0008,1.1,pulse_01,3.516242163009404,1.993572346164092,0.009623268889495643,0.009623268889495643,1.0,0.4874141876430206,0.07656388731471049,0.012413194444444444,0.0026989236302048156,1276.0,0.4670846394984326,0.1473354231974922,0.31191222570532917,0.9619269588536792
large_long,rotatable_xlink,r0008,1.15,pulse_01,3.5088809006211177,2.001355236623297,0.0025959891916841706,0.0025959891916841706,0.8757763975155279,0.4818181818181818,0.06933095568191844,0.012434895833333333,0.009910667333555834,1288.0,0.46739130434782605,0.1475155279503105,0.31055900621118016,0.9635608567796059
large_long,rotatable_xlink,r0008,1.2,pulse_01,3.531818098159509,2.053036350165427,0.007607312132129766,0.007607312132129766,1.0,0.47651006711409394,0.07577242517765088,0.012803819444444444,0.002729439937048402,1304.0,0.47085889570552136,0.14877300613496933,0.31288343558282217,0.9638940780349199
large_long,rotatable_xlink,r0008,1.25,pulse_01,3.5545247734138963,2.0177318762455876,0.00482375542477483,-0.00482375542477483,0.879154078549849,0.49557522123893805,0.07806213442636546,0.012825520833333333,0.0034071168513248504,1324.0,0.46374622356495454,0.14803625377643503,0.31873111782477326,0.965168791507622
large_long,rotatable_xlink,r0008,1.3,pulse_01,3.50287556561086,2.032593649057478,0.010764655218105545,-0.010764655218105545,1.0,0.4911504424778761,0.07218531481994163,0.012543402777777778,0.006781920628554798,1326.0,0.4615384615384614,0.14781297134238308,0.3182503770739064,0.963874320592375
large_long,rotatable_xlink,r0008,1.35,pulse_01,3.489936842105263,2.0584234000169164,0.004798940360322579,0.004798940360322579,1.0,0.48558758314855877,0.06947894063043876,0.0126953125,0.008661361856105443,1330.0,0.4601503759398497,0.14586466165413534,0.3218045112781954,0.9641385203791764
large_long,rotatable_xlink,r0008,1.4,pulse_01,3.5316692077727954,1.9806254779208452,0.003550536206986384,0.003550536206986384,1.0,0.4888888888888889,0.07189489711816412,0.012738715277777778,0.014938188796093765,1338.0,0.45808383233532923,0.14520958083832333,0.3203592814371258,0.9622913904846864
large_long,rotatable_xlink,r0008,1.45,pulse_01,3.5112400593471813,1.9687942672403538,0.016645532659326074,-0.016645532659326074,1.0,0.48672566371681414,0.10087061311145376,0.0130859375,0.011580171838502648,1348.0,0.45400593471810086,0.1468842729970326,0.3204747774480712,0.9637526147717312
large_long,rotatable_xlink,r0008,1.5,pulse_01,3.431796011816839,1.9111444468898293,0.008361995185314516,-0.008361995185314516,1.0,0.48775055679287305,0.036219226409050904,0.012803819444444444,0.014867463122361166,1354.0,0.4460856720827177,0.1462333825701625,0.32053175775480064,0.9638516951801539
large_long,rotatable_xlink,r0008,1.55,pulse_01,3.461068088235294,1.8795894885061868,0.010150420317916945,0.010150420317916945,1.0,0.48558758314855877,0.07357540117126023,0.012912326388888888,0.0021357957286395703,1360.0,0.4498525073746312,0.14749262536873156,0.31710914454277284,0.9678033941419719
large_long,rotatable_xlink,r0008,1.6,pulse_01,3.4926985337243406,1.898329672517992,0.013725420966632281,0.013725420966632281,1.0,0.4845814977973568,0.09438634648081722,0.013237847222222222,0.009365367991277665,1364.0,0.4493392070484581,0.14684287812041114,0.3215859030837004,0.9656051886890086
large_long,rotatable_xlink,r0008,1.65,pulse_01,3.543420614035088,1.8233972805585208,0.019086508914160305,0.019086508914160305,0.7660818713450293,0.487964989059081,0.06643074483271352,0.01310763888888889,0.016676341163294046,1368.0,0.45467836257309946,0.14473684210526316,0.31578947368421045,0.9671999406446198
large_long,rotatable_xlink,r0008,1.7000000000000002,pulse_01,3.6072175872093024,1.7982716255382276,0.008486930416117403,0.008486930416117403,1.0,0.5109170305676856,0.07276718518366963,0.0130859375,0.013265197891496014,1376.0,0.45058139534883734,0.14098837209302326,0.3125000000000001,0.963540008174993
large_long,rotatable_xlink,r0008,1.75,pulse_01,3.5943421965317923,1.7438060932095447,0.004064194410003792,-0.004064194410003792,1.0,0.5054229934924078,0.11759710593783444,0.013237847222222222,0.01278098823975978,1384.0,0.4537572254335259,0.1416184971098266,0.3135838150289018,0.9669186902172224
large_long,rotatable_xlink,r0008,1.8,pulse_01,3.5828324207492797,1.721585696099669,0.0009732962861892513,0.0009732962861892513,0.8847262247838616,0.4946004319654428,0.044763333817929206,0.013237847222222222,0.017730469614848404,1388.0,0.45965417867435143,0.14409221902017294,0.31412103746397685,0.9682514853363705
large_long,rotatable_xlink,r0008,1.85,pulse_01,3.600181974248928,1.6374232755204543,0.010064498696308469,-0.010064498696308469,0.8855507868383405,0.5021459227467812,0.07261651723475841,0.013216145833333333,0.009827613973690141,1398.0,0.4606580829756794,0.14449213161659508,0.31187410586552206,0.9652673102445234
large_long,rotatable_xlink,r0008,1.9,pulse_01,3.522445428571429,1.662620012257528,0.02666649166630967,-0.02666649166630967,0.8857142857142857,0.5,0.022922208327705747,0.013302951388888888,0.007936887657647143,1400.0,0.4557142857142857,0.14428571428571427,0.32428571428571423,0.9655391933398738
large_long,rotatable_xlink,r0008,1.9500000000000002,pulse_01,3.44018302425107,1.5898019495745714,0.023755579963422147,-0.023755579963422147,0.8858773181169758,0.48068669527896996,0.055169913859121185,0.013519965277777778,0.03164963611286742,1402.0,0.44935805991440797,0.14265335235378027,0.32810271041369465,0.9648040461020381
large_long,rotatable_xlink,r0008,2.0,pulse_01,3.379911948790896,1.4727221955803236,0.020090358486724618,-0.020090358486724618,0.8862019914651493,0.4752688172043011,0.050183620460656005,0.013216145833333333,0.039026584664749286,1406.0,0.4509246088193456,0.1479374110953058,0.3314366998577524,0.964753371304016
large_long,rotatable_xlink,r0008,2.05,pulse_02,3.802631002638522,1.4961130609311089,0.007928364116095063,-0.007928364116095063,0.8944591029023746,0.5221579961464354,0.06191513324939712,0.014626736111111111,0.0004103694770858368,1516.0,0.48153034300791564,0.13720316622691292,0.3087071240105541,0.9616829709807656
large_long,rotatable_xlink,r0008,2.1,pulse_02,3.778845910290237,1.4973441693623664,0.004715735138124473,-0.004715735138124473,1.0,0.5239923224568138,0.06899137150448134,0.014518229166666667,0.0015376698816129315,1516.0,0.48680738786279687,0.13588390501319264,0.31398416886543534,0.9572515711290602
large_long,rotatable_xlink,r0008,2.15,pulse_02,3.7743365918097753,1.4868870416414313,0.002181099535382961,-0.002181099535382961,1.0,0.5180265654648957,0.05559518855421147,0.014561631944444445,0.0014721055362514706,1514.0,0.48745046235138706,0.1373844121532365,0.31571994715984153,0.9594752669150757
large_long,rotatable_xlink,r0008,2.2,pulse_02,3.765759313077939,1.4885115361448575,0.0037889469594775496,-0.0037889469594775496,0.8941798941798942,0.5094339622641509,0.0826246108405911,0.014127604166666667,0.002105573905866742,1514.0,0.48809523809523814,0.1402116402116402,0.31613756613756616,0.9608051123340079
large_long,rotatable_xlink,r0008,2.25,pulse_02,3.75160291005291,1.4742535982062308,0.00022977941219407919,-0.00022977941219407919,0.8938992042440318,0.5122873345935728,0.056886026953835996,0.014496527777777778,0.007427420304755998,1512.0,0.48673740053050396,0.14190981432360744,0.3143236074270557,0.9570951266329584
large_long,rotatable_xlink,r0008,2.3,pulse_02,3.7643806366047747,1.4439470143163216,0.0042414987317045405,-0.0042414987317045405,0.8938992042440318,0.5190839694656488,0.08777923573837561,0.014583333333333334,0.017719546850582562,1508.0,0.4880636604774537,0.14721485411140586,0.31167108753315653,0.956629814017468
large_long,rotatable_xlink,r0008,2.35,pulse_02,3.726153917662683,1.3679363171027354,0.032035159292285176,-0.032035159292285176,0.8936170212765957,0.5173745173745173,0.07203784219444503,0.0142578125,0.03667849317733385,1506.0,0.48537234042553196,0.14228723404255317,0.31515957446808507,0.9585042190316592
large_long,rotatable_xlink,r0008,2.4,pulse_02,3.5721696808510637,1.2238760552523185,0.044266852943780556,-0.044266852943780556,0.8936170212765957,0.5089108910891089,0.10458132292238462,0.014192708333333333,0.04234012148613379,1504.0,0.47739361702127675,0.14494680851063832,0.3218085106382979,0.9588199041645369
large_long,rotatable_xlink,r0008,2.45,pulse_02,3.4605527999999994,1.1138955881859327,0.024499502364066172,-0.024499502364066172,0.8931909212283045,0.49700598802395207,0.1277693740517502,0.014496527777777778,0.016120040700004428,1500.0,0.4672897196261682,0.14419225634178906,0.3444592790387183,0.9562523160592424
large_long,rotatable_xlink,r0008,2.5,pulse_02,3.4251726666666666,1.127155811052292,0.003306374543836199,-0.003306374543836199,0.8933333333333333,0.47912524850894633,0.10467496616150351,0.014344618055555555,0.007989934411471037,1500.0,0.4680000000000001,0.14266666666666666,0.3386666666666667,0.9603205046959656
large_long,rotatable_xlink,r0008,2.55,pulse_02,3.4407145527369822,1.161835194654759,0.0003076930722443934,0.0003076930722443934,0.8931909212283045,0.4743083003952569,0.10228976370658704,0.014453125,0.0018965831608790766,1498.0,0.4646194926568758,0.14285714285714285,0.3391188251001336,0.9597457193611771
large_long,rotatable_xlink,r0008,2.6,pulse_02,3.427018825100133,1.1157763120870174,0.0019227735150659047,-0.0019227735150659047,0.893048128342246,0.49899799599198397,0.0873433502164593,0.014019097222222223,0.005186630300914412,1498.0,0.4598930481283422,0.14438502673796796,0.3395721925133691,0.9593065636698175
large_long,rotatable_xlink,r0008,2.65,pulse_02,3.429177911646587,1.1307154128492725,0.02856875413867277,-0.02856875413867277,1.0,0.5040322580645161,0.0668255042907776,0.014192708333333333,0.0035749282710219044,1494.0,0.461847389558233,0.14056224899598393,0.3386880856760374,0.9589820607634195
large_long,rotatable_xlink,r0008,2.7,pulse_02,3.2556063002680964,1.094326742460886,0.0512495624556392,-0.0512495624556392,1.0,0.488659793814433,0.07493207122430866,0.014279513888888888,0.008403861157947112,1492.0,0.4423592493297586,0.1407506702412869,0.34718498659517427,0.9623256066836877
large_long,rotatable_xlink,r0008,2.75,pulse_02,3.1216805369127516,1.0802922459015898,0.04218132857118769,-0.04218132857118769,1.0,0.4811715481171548,0.05349682210915946,0.014105902777777778,0.03134015649568891,1490.0,0.4368279569892472,0.1384408602150537,0.35752688172043,0.964322132275815
large_long,rotatable_xlink,r0008,2.8,pulse_02,3.0025183288409703,0.9062858034867526,0.03463947852409288,-0.03463947852409288,1.0,0.4595744680851064,0.057325007342377936,0.014192708333333333,0.025726943126410034,1484.0,0.43049932523616724,0.1417004048582996,0.3697705802968961,0.9652382301942515
large_long,rotatable_xlink,r0008,2.85,pulse_02,2.9138436657681943,0.9259305871431296,0.017336163218884204,-0.017336163218884204,1.0,0.46153846153846156,0.04068312198581674,0.014171006944444444,0.019243128646216745,1484.0,0.4231805929919138,0.13746630727762804,0.3814016172506739,0.9675322822404671
large_long,rotatable_xlink,r0008,2.9,pulse_02,2.898501349527665,1.021744575364053,0.0035135754238038905,-0.0035135754238038905,0.8920377867746289,0.44325481798715205,0.07178816752184694,0.013910590277777777,0.0234404463947893,1482.0,0.4224021592442645,0.1390013495276653,0.3819163292847503,0.9663633202066477
large_long,rotatable_xlink,r0008,2.95,pulse_02,2.892762213225371,1.0665732655118654,0.0018079732769208008,0.0018079732769208008,0.8920377867746289,0.43524416135881105,0.0986953484638321,0.014279513888888888,0.03833136648350192,1482.0,0.41835357624831315,0.1484480431848853,0.38191632928475033,0.9694169114501339
large_long,rotatable_xlink,r0008,3.0,pulse_02,2.90934918918919,1.2517327742650646,0.00552899198793962,0.00552899198793962,1.0,0.43524416135881105,0.03568110807537653,0.014127604166666667,0.0617198362510664,1480.0,0.41756756756756763,0.14324324324324328,0.3824324324324325,0.9668849606942876
large_long,rotatable_xlink,r0008,3.05,pulse_03,3.44961275,1.3801628680170384,0.01179415404672494,-0.01179415404672494,0.9,0.5037878787878788,0.06511676073685284,0.015277777777777777,0.006643581262856098,1600.0,0.45999999999999996,0.13374999999999998,0.35124999999999995,0.9623687968101342
large_long,rotatable_xlink,r0008,3.1,pulse_03,3.414230287859825,1.36023212422847,0.023282266843971684,-0.023282266843971684,1.0,0.4981132075471698,0.0453458700163679,0.0154296875,0.007072077235022937,1598.0,0.460575719649562,0.1314142678347935,0.35043804755944924,0.9611053899360288
large_long,rotatable_xlink,r0008,3.15,pulse_03,3.30991914893617,1.422595331427176,0.03964508557062252,-0.03964508557062252,1.0,0.4961832061068702,0.07071069537501284,0.015516493055555556,0.0026161515476640362,1598.0,0.4548872180451128,0.13283208020050127,0.3533834586466166,0.9642157315303683
large_long,rotatable_xlink,r0008,3.2,pulse_03,3.17635977443609,1.3759290335144543,0.03757349680094676,-0.03757349680094676,0.899749373433584,0.48549323017408125,0.08641420733580536,0.015256076388888888,0.009647112316866546,1596.0,0.44110275689223044,0.13032581453634087,0.35714285714285715,0.9655322160466252
large_long,rotatable_xlink,r0008,3.25,pulse_03,3.0844781681304894,1.3647126575259767,0.02933823509526645,-0.02933823509526645,0.8996235884567126,0.484375,0.03271257111802835,0.015234375,0.009711817756413573,1594.0,0.4303638644918443,0.13550815558343787,0.3638644918444164,0.9661145466850545
large_long,rotatable_xlink,r0008,3.3,pulse_03,3.0003303638644914,1.4341999400529357,0.03114291886977516,-0.03114291886977516,0.8996235884567126,0.47347740667976423,0.07064187735909004,0.015277777777777777,0.005326202592966049,1594.0,0.4240903387703889,0.14052697616060222,0.36762860727728963,0.9680436921936372
large_long,rotatable_xlink,r0008,3.35,pulse_03,2.8976206549118384,1.3327554419681804,0.024497692885895466,-0.024497692885895466,0.8992443324937027,0.456,0.03575899679080124,0.015256076388888888,0.015742880237964885,1588.0,0.42191435768261976,0.14357682619647355,0.37783375314861456,0.96956584989453
large_long,rotatable_xlink,r0008,3.4,pulse_03,2.8533442065491186,1.3397426586251464,0.010373598012838917,-0.010373598012838917,0.8992443324937027,0.448692152917505,0.09050812582936667,0.015342881944444444,0.008555373531393462,1588.0,0.41939546599496236,0.14357682619647358,0.3778337531486147,0.968517538385548
large_long,rotatable_xlink,r0008,3.45,pulse_03,2.835379066834805,1.2814232007798196,0.01597022550229421,-0.01597022550229421,0.8991172761664565,0.4251497005988024,0.11335901737035911,0.015342881944444444,0.02206684584034661,1586.0,0.4098360655737704,0.14880201765447662,0.3770491803278688,0.9677001218226011
large_long,rotatable_xlink,r0008,3.5,pulse_03,2.7575228535353533,1.2073415835830668,0.02262424682936981,-0.02262424682936981,1.0,0.4228456913827655,0.08243933258210613,0.015538194444444445,0.014128042220484286,1584.0,0.4078282828282829,0.14898989898989898,0.3825757575757577,0.9648670356573874
large_long,rotatable_xlink,r0008,3.55,pulse_03,2.699633585858586,1.196654947456914,0.023160585016834972,-0.023160585016834972,0.8988621997471555,0.405189620758483,0.03161195454662803,0.015277777777777777,0.0018291196913492829,1584.0,0.4058154235145384,0.15044247787610618,0.39064475347661176,0.9645703751486603
large_long,rotatable_xlink,r0008,3.6,pulse_03,2.6185593434343435,1.196366865434971,0.013476752299650544,-0.013476752299650544,1.0,0.404,0.040031653551070495,0.01482204861111111,0.0050226317369552005,1584.0,0.4040404040404041,0.15151515151515155,0.39772727272727276,0.9680163874192804
large_long,rotatable_xlink,r0008,3.65,pulse_03,2.6187730720606828,1.2267907378786451,0.007379823147190434,-0.007379823147190434,0.8988621997471555,0.4044265593561368,0.07878672144997696,0.015299479166666666,8.050544648223006e-05,1582.0,0.40707964601769914,0.14917825537294566,0.3994943109987358,0.9659412860162645
large_long,rotatable_xlink,r0008,3.7,pulse_03,2.574280404551201,1.1968498981138644,0.00603509006918553,-0.00603509006918553,1.0,0.4032258064516129,0.0697481569423033,0.015364583333333333,0.005459511405974042,1582.0,0.40328697850821743,0.14917825537294566,0.3994943109987358,0.9652735238485977
large_long,rotatable_xlink,r0008,3.75,pulse_03,2.5825625316455696,1.2595478063144894,0.0016283187175966478,0.0016283187175966478,1.0,0.4117647058823529,0.05480803571684688,0.015190972222222222,0.0065670361796601835,1580.0,0.4063291139240507,0.14810126582278485,0.39999999999999997,0.9675476993719101
large_long,rotatable_xlink,r0008,3.8,pulse_03,2.5840503168567808,1.1574476810359033,0.0017810332198162637,0.0017810332198162637,1.0,0.4089068825910931,0.04515622073764132,0.015277777777777777,0.01194747992275961,1578.0,0.4093789607097591,0.14702154626108999,0.3992395437262357,0.967494614227996
large_long,rotatable_xlink,r0008,3.85,pulse_03,2.593248730964467,1.1878629267779317,0.0021506240094875118,0.0021506240094875118,1.0,0.4048582995951417,0.04435915777934687,0.01484375,0.004048194162702523,1576.0,0.4098984771573605,0.14593908629441626,0.401015228426396,0.9698906002631853
large_long,rotatable_xlink,r0008,3.9,pulse_03,2.596954060913706,1.1331585160596882,0.000761421319796988,-0.000761421319796988,0.8984771573604061,0.41922290388548056,0.04740262185514254,0.014908854166666667,0.009201392603034616,1576.0,0.41116751269035545,0.14593908629441626,0.3984771573604061,0.9685037887138177
large_long,rotatable_xlink,r0008,3.95,pulse_03,2.5886802030456852,1.132654571159724,0.00012691341459469818,0.00012691341459469818,0.8984771573604061,0.4204081632653061,0.055456861948714624,0.014973958333333334,0.005295331487119581,1576.0,0.4073604060913706,0.14847715736040606,0.3984771573604061,0.9716874122212169
large_long,rotatable_xlink,r0008,4.0,pulse_03,2.597715541401274,1.1649305049824057,0.003011779451862928,0.003011779451862928,0.8979591836734694,0.4279835390946502,0.036084676606754185,0.014756944444444444,0.01075864460756056,1570.0,0.40561224489795916,0.149234693877551,0.39923469387755095,0.9704241732606065
large_long,rotatable_xlink,r0008,4.05,pulse_04,3.1593820000000004,1.3952973182200779,0.02283734511189654,-0.02283734511189654,0.8117647058823529,0.4927536231884058,0.0709245960983864,0.016514756944444445,0.002122705401997956,1700.0,0.45058823529411773,0.1376470588235294,0.3694117647058823,0.9649184671725611
large_long,rotatable_xlink,r0008,4.1,pulse_04,3.0908699646643107,1.388929202014084,0.022213509248327473,-0.022213509248327473,0.9057714958775029,0.48736462093862815,0.036070674377642324,0.016341145833333334,0.022021702587109265,1698.0,0.4487632508833922,0.13780918727915198,0.36984687868080107,0.9655222855459131
large_long,rotatable_xlink,r0008,4.15,pulse_04,3.0261009445100355,1.5274275337427334,0.02035065486022532,-0.02035065486022532,0.9055489964580874,0.4755877034358047,0.03771821317247763,0.016059027777777776,0.006846828338176514,1694.0,0.44982290436835876,0.14403778040141677,0.37072018890200703,0.9637350709818526
large_long,rotatable_xlink,r0008,4.2,pulse_04,2.968766035502959,1.347848231985025,0.02210646905542024,-0.02210646905542024,0.9053254437869822,0.46306306306306305,0.06074854583689733,0.015907118055555555,0.02862803183161966,1690.0,0.4485207100591717,0.14556213017751482,0.3727810650887574,0.9633066954669679
large_long,rotatable_xlink,r0008,4.25,pulse_04,2.893462130177514,1.3556593427530155,0.03238254437869825,-0.03238254437869825,0.9051008303677343,0.43828264758497315,0.04860358025599902,0.0158203125,0.12832827183238654,1690.0,0.44483985765124556,0.15183867141162516,0.37247924080664296,0.9666645810564357
large_long,rotatable_xlink,r0008,4.3,pulse_04,2.7744707692307693,0.5778786009907056,0.03201704934238192,-0.03201704934238192,0.9053254437869822,0.4094903339191564,0.02431319713492317,0.016080729166666665,0.1550956967546093,1690.0,0.43550295857988164,0.16804733727810653,0.378698224852071,0.9691817871763845
large_long,rotatable_xlink,r0008,4.35,pulse_04,2.7013598341232226,0.42508516222535964,0.02082291917899992,-0.02082291917899992,0.8104265402843602,0.3908450704225352,0.035137600491671424,0.016080729166666665,0.030389616597528934,1688.0,0.4348341232227487,0.16824644549763032,0.3815165876777251,0.9727856386484975
large_long,rotatable_xlink,r0008,4.4,pulse_04,2.6495332541567698,0.39554090140553205,0.01741998818918315,-0.01741998818918315,0.9049881235154394,0.3776223776223776,0.0582799545673911,0.01599392361111111,0.006674078068091588,1684.0,0.43467933491686467,0.173396674584323,0.38717339667458434,0.9730754850706124
large_long,rotatable_xlink,r0008,4.45,pulse_04,2.5968399049881237,0.46512963063390916,0.02354699129057806,-0.02354699129057806,0.9046483909415971,0.37630662020905925,0.048063817208940006,0.015863715277777777,0.06648117873260713,1684.0,0.43027413587604296,0.1787842669845053,0.38736591179976154,0.9732294499188537
large_long,rotatable_xlink,r0008,4.5,pulse_04,2.5082513064133014,0.7944279738011748,0.01278974606944927,-0.01278974606944927,0.8097502972651605,0.3541666666666667,0.06199491551218336,0.016145833333333335,0.09218836573946947,1684.0,0.4304399524375744,0.18192627824019028,0.3971462544589775,0.9705558723694212
large_long,rotatable_xlink,r0008,4.55,pulse_04,2.520101428571428,1.018259825070726,0.0075984696152850235,0.0075984696152850235,0.9047619047619048,0.36363636363636365,0.06548166900269436,0.016124131944444446,0.011235187288200443,1680.0,0.4309523809523809,0.18095238095238098,0.39404761904761904,0.9719605463941577
large_long,rotatable_xlink,r0008,4.6,pulse_04,2.5538421241050115,0.7270168500719721,0.00024844925559734204,0.00024844925559734204,0.8088410991636799,0.3531468531468531,0.04673349601325136,0.01597222222222222,0.03384440572516204,1676.0,0.4324970131421745,0.17921146953405018,0.39187574671445635,0.9738149831511324
large_long,rotatable_xlink,r0008,4.65,pulse_04,2.521592124105012,0.8151933907197537,0.01361937151949085,-0.01361937151949085,0.9044205495818399,0.3519163763066202,0.0446864022504356,0.016080729166666665,0.08005017942499361,1676.0,0.42891278375149344,0.1827956989247312,0.3918757467144563,0.9724240242916261
large_long,rotatable_xlink,r0008,4.7,pulse_04,2.4721258949880665,1.2073179266219338,0.01471360381861575,-0.01471360381861575,0.8090692124105012,0.3460207612456747,0.052923083040837655,0.016015625,0.1058352802950645,1676.0,0.42124105011933183,0.1897374701670644,0.3914081145584726,0.9726101246472368
large_long,rotatable_xlink,r0008,4.75,pulse_04,2.4333105011933176,1.4502050724901407,0.007990990453460523,-0.007990990453460523,0.9045346062052506,0.33797909407665505,0.06973383853386202,0.016080729166666665,0.070397445138624,1676.0,0.4200477326968974,0.19093078758949877,0.3914081145584724,0.9726410556313717
large_long,rotatable_xlink,r0008,4.8,pulse_04,2.4241799522673033,1.6297025974536778,0.0016045578452423086,-0.0016045578452423086,0.9045346062052506,0.3344947735191638,0.031624613440960986,0.016319444444444445,0.013428273893554757,1676.0,0.41408114558472553,0.1885441527446301,0.3926014319809069,0.9749684544380202
large_long,rotatable_xlink,r0008,4.85,pulse_04,2.4236831541218637,1.5307747158514693,0.004986503394610302,-0.004986503394610302,0.8088410991636799,0.33217993079584773,0.06936395178696766,0.01577690972222222,0.027403450677642494,1674.0,0.4133811230585425,0.1935483870967742,0.39068100358422936,0.9764451522455155
large_long,rotatable_xlink,r0008,4.9,pulse_04,2.3942609318996415,1.4652818933878229,0.001273866994792335,-0.001273866994792335,0.7132616487455197,0.3310104529616725,0.05407633087525735,0.016059027777777776,0.009067349473565764,1674.0,0.41457586618876946,0.19713261648745517,0.3906810035842293,0.9768299602031401
large_long,rotatable_xlink,r0008,4.95,pulse_04,2.4160399521531097,1.5851788126928639,0.005781341689381121,0.005781341689381121,0.9043062200956937,0.313588850174216,0.044300962015343205,0.016145833333333335,0.028181000521925476,1672.0,0.4126794258373206,0.19258373205741633,0.38995215311004783,0.9743769224828316
large_long,rotatable_xlink,r0008,5.0,pulse_04,2.4289489820359282,1.29619589025627,0.004303009960939501,0.004303009960939501,1.0,0.3274956217162872,0.04988354214251744,0.01577690972222222,0.09632764081219795,1670.0,0.4155688622754491,0.19401197604790416,0.3892215568862275,0.9734967030445516
large_long,rotatable_xlink,r0008,5.05,pulse_05,2.867129180695848,-1.4243189323249092,0.0031275720164609666,-0.0031275720164609666,1.0,0.3853503184713376,0.06213702129963857,0.017013888888888887,0.05649027797452,1782.0,0.4489337822671156,0.17845117845117847,0.36700336700336705,0.9674553051738934
large_long,rotatable_xlink,r0008,5.1,pulse_05,2.857746464646465,-1.2548480984013493,0.004479704094227414,-0.004479704094227414,1.0,0.3961661341853035,0.05774679730879589,0.016840277777777777,0.025805880663931153,1782.0,0.4489337822671158,0.18069584736251404,0.3681257014590348,0.9682338954676484
large_long,rotatable_xlink,r0008,5.15,pulse_05,2.8402509561304834,-1.5791542163084962,0.0018920865920301437,0.0018920865920301437,0.9100112485939258,0.39158576051779936,0.04815055191211456,0.017144097222222224,0.022832492549945644,1778.0,0.44319460067491556,0.17547806524184476,0.3678290213723284,0.9691667474472032
large_long,rotatable_xlink,r0008,5.2,pulse_05,2.869098984198646,-1.3918430537010231,0.005515612772979776,0.005515612772979776,1.0,0.37720706260032105,0.08112765892063623,0.016905381944444443,0.059413699827100985,1772.0,0.4390519187358917,0.17494356659142213,0.36343115124153497,0.9710392759596617
large_long,rotatable_xlink,r0008,5.25,pulse_05,2.873344632768362,-1.2226720173458903,0.0044285064042980755,0.0044285064042980755,1.0,0.3774193548387097,0.05330228881924368,0.017122395833333335,0.007074865929837341,1770.0,0.4418079096045198,0.1740112994350283,0.36271186440677966,0.9677172976290125
large_long,rotatable_xlink,r0008,5.3,pulse_05,2.8956700226244343,-1.349393858121999,0.006247657468013701,0.006247657468013701,1.0,0.37942122186495175,0.06433494188453558,0.016731770833333333,0.032969166921473225,1768.0,0.45022624434389147,0.17307692307692307,0.3597285067873303,0.9688233703873085
large_long,rotatable_xlink,r0008,5.35,pulse_05,2.9108305775764443,-1.4204870188747296,0.0004892280062997282,-0.0004892280062997282,0.909297052154195,0.3729903536977492,0.07441840550575339,0.01694878472222222,0.048763669639718565,1766.0,0.44897959183673464,0.17346938775510204,0.3582766439909296,0.9699500593435882
large_long,rotatable_xlink,r0008,5.4,pulse_05,2.892734654586636,-1.6419758759603105,0.005326519441298583,-0.005326519441298583,0.9093997734994337,0.3696,0.09713048823557183,0.016688368055555555,0.011403546639939477,1766.0,0.45186862967157415,0.1766704416761042,0.3578708946772367,0.9669761652316013
large_long,rotatable_xlink,r0008,5.45,pulse_05,2.8788714609286528,-1.4889082987143665,0.0032365362638716957,-0.0032365362638716957,0.9093997734994337,0.3685897435897436,0.08873603594280635,0.017100694444444446,0.027806924803371064,1766.0,0.4507361268403172,0.17780294450736128,0.35787089467723654,0.9709268440234572
large_long,rotatable_xlink,r0008,5.5,pulse_05,2.8733154370034057,-1.475134327140084,0.0024071428755275313,0.0024071428755275313,0.9091940976163451,0.3717948717948718,0.09279609878685417,0.01694878472222222,0.008519148334089732,1762.0,0.44835414301929627,0.17480136208853578,0.35981838819523276,0.9690906954594888
large_long,rotatable_xlink,r0008,5.55,pulse_05,2.893314318181818,-1.5400231887189049,0.001107616560038549,0.001107616560038549,0.9090909090909091,0.3652312599681021,0.07274120826403783,0.017100694444444446,0.0062289094605034,1760.0,0.44659090909090915,0.1727272727272727,0.35909090909090907,0.9689376618176077
large_long,rotatable_xlink,r0008,5.6,pulse_05,2.879961136363637,-1.5125077839031045,0.00024291666666664824,0.00024291666666664824,0.8181818181818181,0.36977491961414793,0.062105446239808855,0.016840277777777777,0.025222499835598138,1760.0,0.4420454545454545,0.1715909090909091,0.3625000000000001,0.9690645715821018
large_long,rotatable_xlink,r0008,5.65,pulse_05,2.894771818181818,-1.6913581877324937,0.002373560606060421,0.002373560606060421,0.9090909090909091,0.3833605220228385,0.06556787862212389,0.016644965277777778,0.023849983180856255,1760.0,0.4420454545454545,0.17159090909090907,0.3602272727272728,0.9696361165216157
large_long,rotatable_xlink,r0008,5.7,pulse_05,2.8942024999999996,-1.655607682988242,0.0038805407315476437,0.0038805407315476437,1.0,0.3851132686084142,0.06873483884598738,0.01697048611111111,0.003933820843754006,1760.0,0.4420454545454544,0.17159090909090907,0.36136363636363644,0.9713242153407439
large_long,rotatable_xlink,r0008,5.75,pulse_05,2.9180550625711037,-1.6677552626699697,0.002595810106181373,0.002595810106181373,1.0,0.3580645161290323,0.06174318179299232,0.017100694444444446,0.018675594258783696,1758.0,0.44482366325369743,0.17178612059158133,0.36063708759954494,0.9691416874668538
large_long,rotatable_xlink,r0008,5.8,pulse_05,2.909777360637088,-1.7676612485409442,0.00230260549698628,0.00230260549698628,0.9089874857792947,0.37318255250403876,0.08959950276592624,0.01720920138888889,0.07225741157821763,1758.0,0.441410693970421,0.17519908987485783,0.3594994311717862,0.9690525360124966
large_long,rotatable_xlink,r0008,5.85,pulse_05,2.9318706955530214,-2.1012997321392755,0.010811506560485315,0.010811506560485315,0.9087799315849487,0.38387096774193546,0.08397028629314211,0.017057291666666665,0.02299730196449005,1754.0,0.44583808437856315,0.16989737742303299,0.35803876852907623,0.9702269859960466
large_long,rotatable_xlink,r0008,5.9,pulse_05,2.9746463999999997,-1.9056450603278845,0.009305322670987604,0.009305322670987604,1.0,0.37540453074433655,0.032580041156798425,0.0171875,0.05291204396512158,1750.0,0.44571428571428584,0.17257142857142857,0.3588571428571429,0.969196414913332
large_long,rotatable_xlink,r0008,5.95,pulse_05,2.987702631578947,-1.783827468348546,0.0014197580756014627,0.0014197580756014627,0.9084668192219679,0.394524959742351,0.07638753500375024,0.016796875,0.0957444777512777,1748.0,0.44279176201372994,0.17048054919908467,0.35697940503432496,0.9696258635411374
large_long,rotatable_xlink,r0008,6.0,pulse_05,2.9831649484536085,-1.3311781938202183,0.0015125610417795106,-0.0015125610417795106,0.9083619702176403,0.3870967741935484,0.08288695210276567,0.016536458333333334,0.15088309150944257,1746.0,0.43986254295532656,0.17182130584192443,0.3562428407789233,0.969407722717318
large_long,rotatable_xlink,r0008,6.05,pulse_06,3.4569801268498934,-0.9435303373513317,0.005759618105143065,-0.005759618105143065,0.9154334038054969,0.4508670520231214,0.07038452523533664,0.018272569444444445,0.26355958905493,1892.0,0.47568710359408034,0.15644820295983086,0.331923890063425,0.9622599717102386
large_long,rotatable_xlink,r0008,6.1,pulse_06,3.4397012725344642,-0.15285157018654183,0.003563709084911363,-0.003563709084911363,0.9151643690349947,0.447178002894356,0.0900210472885009,0.017621527777777778,0.07302934836861275,1886.0,0.48038176033934255,0.1569459172852598,0.33934252386002123,0.9637632270699573
large_long,rotatable_xlink,r0008,6.15,pulse_06,3.4355978723404252,-1.3817064275630082,0.0013082902232668392,0.0013082902232668392,0.9148936170212766,0.4409221902017291,0.05843157367115486,0.01794704861111111,0.2699527690237757,1880.0,0.47765957446808516,0.15531914893617021,0.3393617021276595,0.9608562789492507
large_long,rotatable_xlink,r0008,6.2,pulse_06,3.4475510138740653,-1.7725681843291958,0.005020652149231235,-0.005020652149231235,0.9145299145299145,0.44395924308588064,0.06858871009876143,0.017469618055555556,0.1051854775092903,1874.0,0.4786324786324788,0.1527777777777778,0.3354700854700855,0.9620174068813067
large_long,rotatable_xlink,r0008,6.25,pulse_06,3.405473959445038,-2.01281929261875,0.005180267018226529,-0.005180267018226529,0.9146211312700107,0.4339622641509434,0.08941354157059268,0.018272569444444445,0.18456983652397616,1874.0,0.47385272145144064,0.15154749199573106,0.33617929562433296,0.9604758643177752
large_long,rotatable_xlink,r0008,6.3,pulse_06,3.416469411764706,-0.665149165185339,8.179107288586174e-05,8.179107288586174e-05,0.9144385026737968,0.44314868804664725,0.04293269925923789,0.017860243055555555,0.3281916714041764,1870.0,0.4737967914438503,0.15401069518716576,0.33368983957219256,0.9597865594381986
large_long,rotatable_xlink,r0008,6.35,pulse_06,3.405964705882353,-0.04366926419369168,0.0005558141151197719,0.0005558141151197719,0.9144385026737968,0.4397677793904209,0.050436868582080276,0.01796875,0.27135117398039643,1870.0,0.4834224598930482,0.1582887700534759,0.3358288770053476,0.9611833012598249
large_long,rotatable_xlink,r0008,6.4,pulse_06,3.4198042964554247,0.9629578786970396,0.0010390046223010725,-0.0010390046223010725,1.0,0.4411764705882353,0.07123552498330483,0.017795138888888888,0.20452247672851243,1862.0,0.48012889366272826,0.1525241675617616,0.3319011815252418,0.9599800347789025
large_long,rotatable_xlink,r0008,6.45,pulse_06,3.3997306781485466,1.1834655961773828,0.006734336765559308,-0.006734336765559308,0.9138858988159311,0.4408284023668639,0.03979006937567839,0.01792534722222222,0.038674136259827185,1858.0,0.47255113024757806,0.15177610333692143,0.33153928955866524,0.9611876504418548
large_long,rotatable_xlink,r0008,6.5,pulse_06,3.379398275862069,1.1950026962560027,0.0037234895546353433,-0.0037234895546353433,1.0,0.44592592592592595,0.028224508114538936,0.017447916666666667,0.005591534183917594,1856.0,0.4644396551724138,0.14978448275862072,0.33405172413793094,0.9622040281020342
large_long,rotatable_xlink,r0008,6.55,pulse_06,3.3773897408207345,1.2170148012808883,0.005023884709912811,-0.005023884709912811,0.9136069114470842,0.45068285280728376,0.04565014274404152,0.0177734375,0.015532886946392358,1852.0,0.46220302375809935,0.14362850971922245,0.3326133909287257,0.9625739682010634
large_long,rotatable_xlink,r0008,6.6,pulse_06,3.349254967602592,1.288200017934357,0.01640751536201431,-0.01640751536201431,0.9136069114470842,0.4367469879518072,0.020753481603691948,0.017513020833333334,0.016476123465056187,1852.0,0.4611231101511878,0.14470842332613393,0.33477321814254857,0.9637805878023444
large_long,rotatable_xlink,r0008,6.65,pulse_06,3.2789446486486487,1.3158715420712255,0.012187174296414582,-0.012187174296414582,0.9134199134199135,0.43597560975609756,0.002704632900487968,0.01773003472222222,0.012608476420558365,1850.0,0.44588744588744583,0.14610389610389607,0.3354978354978354,0.9631003025939459
large_long,rotatable_xlink,r0008,6.7,pulse_06,3.2761319218241045,1.2125491594110067,0.008483818253035716,-0.008483818253035716,0.9131378935939196,0.4662480376766091,0.014685632814726578,0.017686631944444444,0.023346970947179007,1842.0,0.44299674267100986,0.1400651465798046,0.3322475570032574,0.9632111383987522
large_long,rotatable_xlink,r0008,6.75,pulse_06,3.2280417391304344,1.1757897163881514,0.02441758479677107,-0.02441758479677107,0.9130434782608696,0.43402225755166934,0.018063683666126033,0.017252604166666668,0.013220645901447892,1840.0,0.43478260869565233,0.14021739130434785,0.33043478260869563,0.9638524168994672
large_long,rotatable_xlink,r0008,6.8,pulse_06,3.129626413043478,1.1332252840023194,0.03357592391304339,-0.03357592391304339,1.0,0.4477124183006536,0.04513454208622931,0.017513020833333334,0.009791029266458806,1840.0,0.425,0.1423913043478261,0.33260869565217394,0.9637272668849182
large_long,rotatable_xlink,r0008,6.85,pulse_06,3.026586195652174,1.2345358919869043,0.03277640072306065,-0.03277640072306065,0.9130434782608696,0.429042904290429,0.03256229347112617,0.0173828125,0.036921246674917065,1840.0,0.407608695652174,0.14347826086956522,0.3304347826086957,0.9643834844990725
large_long,rotatable_xlink,r0008,6.9,pulse_06,2.932968008705114,1.3547527640518218,0.01971910967158193,-0.01971910967158193,1.0,0.3904448105436573,0.058856250239735765,0.01773003472222222,0.02520590389587052,1838.0,0.41131664853101196,0.15560391730141457,0.3307943416757344,0.9640023702322643
large_long,rotatable_xlink,r0008,6.95,pulse_06,2.9082715376226824,1.3857713153621274,0.002758823867155128,-0.002758823867155128,0.9127589967284624,0.3878887070376432,0.08679954566068807,0.017361111111111112,0.0045363344946198385,1834.0,0.4078516902944383,0.15812431842966193,0.3282442748091603,0.9659600493373602
large_long,rotatable_xlink,r0008,7.0,pulse_06,2.9164150655021834,1.3819707710195408,0.0027145092931670036,0.0027145092931670036,1.0,0.39072847682119205,0.053334853596706124,0.0173828125,0.001266848114195529,1832.0,0.406113537117904,0.15829694323144108,0.32641921397379914,0.9621027254550826
large_long,rotatable_xlink,r0008,7.05,pulse_07,3.3144213842975208,1.2514324321809425,0.0063437000581763785,0.0063437000581763785,1.0,0.4534351145038168,0.0369695121915783,0.01872829861111111,0.013551498163485812,1936.0,0.4369834710743802,0.14669421487603307,0.30475206611570255,0.9598271161745897
large_long,rotatable_xlink,r0008,7.1,pulse_07,3.33345248447205,1.210777937690485,0.007487670390247188,0.007487670390247188,0.917184265010352,0.46296296296296297,0.06234288499594937,0.018294270833333334,0.005608704522581813,1932.0,0.43788819875776397,0.14285714285714288,0.3043478260869564,0.9616808186290408
large_long,rotatable_xlink,r0008,7.15,pulse_07,3.359347406639004,1.2177802050454516,0.0014027653926445005,-0.0014027653926445005,0.91701244813278,0.46273291925465837,0.040010879132831016,0.018619791666666666,0.0004331188470235355,1928.0,0.43879668049792525,0.14107883817427386,0.30186721991701243,0.961454742283429
large_long,rotatable_xlink,r0008,7.2,pulse_07,3.325035892116183,1.2133766507726262,0.0116144536652835,-0.0116144536652835,0.91701244813278,0.44049459041731065,0.05234642714020268,0.01872829861111111,0.0003689424639878869,1928.0,0.4408713692946059,0.14522821576763484,0.3060165975103734,0.9600649133020964
large_long,rotatable_xlink,r0008,7.25,pulse_07,3.289660684647303,1.219993859829379,0.006334377722759428,-0.006334377722759428,0.91701244813278,0.4458204334365325,0.05636667367288808,0.018489583333333334,0.005454722239350951,1928.0,0.43879668049792536,0.14937759336099582,0.3060165975103734,0.9595604662552187
large_long,rotatable_xlink,r0008,7.3,pulse_07,3.2870296257796263,1.246104984208732,0.005473991446761195,-0.005473991446761195,0.9166666666666666,0.4525660964230171,0.023365342539801017,0.018033854166666665,0.007993464255240798,1924.0,0.4385416666666667,0.14895833333333333,0.3041666666666667,0.9602299778007797
large_long,rotatable_xlink,r0008,7.35,pulse_07,3.2568167359667357,1.1720330742979341,0.0055557172557173145,-0.0055557172557173145,0.9168399168399168,0.44461778471138846,0.03322671413742397,0.018250868055555557,0.0010567182536784052,1924.0,0.4365904365904366,0.1444906444906445,0.30457380457380456,0.9606377863510749
large_long,rotatable_xlink,r0008,7.4,pulse_07,3.2536953222453224,1.2524452937308024,0.00328879349012016,-0.00328879349012016,0.9168399168399168,0.4384858044164038,0.015047042396408418,0.01853298611111111,0.01570108372339829,1924.0,0.43347193347193336,0.14449064449064447,0.3035343035343035,0.9600005219625387
large_long,rotatable_xlink,r0008,7.45,pulse_07,3.2370839750260147,1.2662395766383239,0.004192765955292129,-0.004192765955292129,0.9167533818938606,0.44339622641509435,0.027896183661604713,0.018315972222222223,0.004008107510262778,1922.0,0.42767950052029136,0.1446409989594173,0.31009365244536935,0.9621393418278463
large_long,rotatable_xlink,r0008,7.5,pulse_07,3.2285387265135697,1.276493938792379,0.006310655545393562,-0.006310655545393562,1.0,0.4551282051282051,0.028200233112476148,0.018142361111111113,0.002561070158520066,1916.0,0.42379958246346555,0.1430062630480167,0.3110647181628392,0.9610857268966417
large_long,rotatable_xlink,r0008,7.55,pulse_07,3.1992200417536534,1.2816059975894443,0.0033977375430566483,-0.0033977375430566483,1.0,0.4536741214057508,0.053898683496747826,0.018315972222222223,0.0026019068642826326,1916.0,0.42588726513569924,0.1440501043841336,0.31210855949895616,0.9635670963516657
large_long,rotatable_xlink,r0008,7.6,pulse_07,3.2081523012552298,1.2921053799780748,0.0007058385452454926,-0.0007058385452454926,1.0,0.47334410339256866,0.05512517521560761,0.018098958333333335,0.0009826827757180023,1912.0,0.4267782426778243,0.14330543933054396,0.31380753138075324,0.9622228787891849
large_long,rotatable_xlink,r0008,7.65,pulse_07,3.1949850104821804,1.2757099009351363,0.0009374315835121531,0.0009374315835121531,1.0,0.4627831715210356,0.02099053320817941,0.01840277777777778,0.0016143807757067474,1908.0,0.42557651991614254,0.14150943396226415,0.310272536687631,0.963487160387822
large_long,rotatable_xlink,r0008,7.7,pulse_07,3.2137768907563027,1.3017916646323153,0.001198068981261254,0.001198068981261254,0.9159663865546218,0.461038961038961,0.03945849186388677,0.0181640625,0.00012063074881589013,1904.0,0.4254201680672268,0.1407563025210084,0.3088235294117647,0.9630323634310493
large_long,rotatable_xlink,r0008,7.75,pulse_07,3.202173424369748,1.274986116442241,0.003966946778711493,-0.003966946778711493,1.0,0.4627831715210356,0.0029812817594587694,0.018012152777777776,0.013072325938844442,1904.0,0.41911764705882354,0.1407563025210084,0.3109243697478993,0.961013817533776
large_long,rotatable_xlink,r0008,7.8,pulse_07,3.1899752100840337,1.2233577089992487,0.0014770989442044098,-0.0014770989442044098,1.0,0.4560260586319218,0.0271843614533385,0.01818576388888889,0.02249122787543782,1904.0,0.41911764705882354,0.1407563025210084,0.3109243697478992,0.9619193369215185
large_long,rotatable_xlink,r0008,7.85,pulse_07,3.1933108307045215,1.140038749189614,0.003345605336871597,0.003345605336871597,1.0,0.4504065040650406,0.013404926795658445,0.01818576388888889,0.023771841723340497,1902.0,0.4174553101997896,0.138801261829653,0.3091482649842271,0.9628159823183703
large_long,rotatable_xlink,r0008,7.9,pulse_07,3.2100488421052633,1.0807266586592057,0.008564720753751883,0.008564720753751883,0.9157894736842105,0.44805194805194803,0.011750550892679913,0.01796875,0.010549893039626834,1900.0,0.41684210526315785,0.13578947368421054,0.30947368421052623,0.9621203835938066
large_long,rotatable_xlink,r0008,7.95,pulse_07,3.244699155227033,1.076739390951853,0.008517891395154539,0.008517891395154539,0.9155227032734953,0.4605263157894737,0.015365431392467458,0.017903645833333332,0.002449800188954687,1894.0,0.4181626187961983,0.13305174234424494,0.3115100316789863,0.9612273389139048
large_long,rotatable_xlink,r0008,8.0,pulse_07,3.2611561904761905,1.0954254597929338,0.00548567841638592,0.00548567841638592,0.9152542372881356,0.47474747474747475,0.03762268962238405,0.017860243055555555,0.006228689613693605,1890.0,0.41843220338983045,0.13135593220338979,0.3146186440677966,0.9588309485746845
large_long,rotatable_xlink,r0009,0.0,initial,0.6679617424242426,0.22601345453147884,0.01599420594837268,-0.01599420594837268,1.0,-0.02097902097902098,0.0,0.005121527777777778,0.11119599103767079,528.0,0.2348484848484848,0.18939393939393942,0.4507575757575757,0.9406834666723797
large_long,rotatable_xlink,r0009,0.05,initial,0.6199791245791245,0.5596014276444912,0.00046246662484727974,-0.00046246662484727974,1.0,-0.04294478527607362,0.11511473106686113,0.005729166666666666,0.054751863647840536,594.0,0.23232323232323226,0.19528619528619526,0.4545454545454546,0.9373383670376375
large_long,rotatable_xlink,r0009,0.1,initial,0.6651869426751589,0.554524636418522,0.04813290554739619,0.04813290554739619,1.0,-0.029239766081871343,0.038450013913896144,0.006076388888888889,0.01174849976076033,628.0,0.23248407643312102,0.18471337579617833,0.45222929936305734,0.939202253024904
large_long,rotatable_xlink,r0009,0.15000000000000002,initial,0.9087765578635016,0.6300924262090531,0.07399705517797628,0.07399705517797628,1.0,0.010638297872340425,0.0783316177188246,0.006271701388888889,0.011640058530989742,674.0,0.24629080118694371,0.17507418397626107,0.45103857566765565,0.9386466441959581
large_long,rotatable_xlink,r0009,0.2,initial,1.1091692737430165,0.48468428523258356,0.05043532413504918,0.05043532413504918,1.0,0.01020408163265306,0.06442669958962825,0.0067708333333333336,0.000704126647324684,716.0,0.25977653631284914,0.16480446927374304,0.4357541899441341,0.937426363874172
large_long,rotatable_xlink,r0009,0.25,initial,1.2113885026737967,0.625867666325105,0.06290131987323995,0.06290131987323995,1.0,0.03482587064676617,0.08852210948139787,0.007335069444444444,0.005765511377312331,748.0,0.25935828877005357,0.15508021390374332,0.42780748663101614,0.9419736959266781
large_long,rotatable_xlink,r0009,0.30000000000000004,initial,1.4865771929824563,0.4500912169687096,0.06428832709233682,0.06428832709233682,1.0,0.10697674418604651,0.0905111598533712,0.0076171875,0.05629593092765551,798.0,0.26315789473684215,0.14786967418546365,0.4110275689223058,0.9442058268805718
large_long,rotatable_xlink,r0009,0.35000000000000003,initial,1.5971184652278176,0.288092080759172,0.04338644005847947,0.04338644005847947,1.0,0.15418502202643172,0.11910255610521055,0.008051215277777777,0.0279165926908653,834.0,0.27817745803357313,0.1462829736211031,0.40047961630695433,0.9484301879799695
large_long,rotatable_xlink,r0009,0.4,initial,1.746895833333333,0.2825916608235178,0.0521251218667923,0.0521251218667923,1.0,0.22608695652173913,0.1360925270071338,0.0083984375,0.004537990623360799,864.0,0.28472222222222227,0.13657407407407404,0.3935185185185185,0.9478734615244745
large_long,rotatable_xlink,r0009,0.45,initial,1.9098691964285714,0.2608641370190072,0.055974807919621804,0.055974807919621804,1.0,0.26141078838174275,0.05905410437634109,0.008723958333333334,0.020405166344033127,896.0,0.2946428571428571,0.13169642857142858,0.3816964285714285,0.9533138820154141
large_long,rotatable_xlink,r0009,0.5,initial,2.082744680851064,0.40502265888771655,0.05624026631146343,0.05624026631146343,1.0,0.2845528455284553,0.06878292143245086,0.009006076388888888,0.011749281727133548,940.0,0.29787234042553185,0.1276595744680851,0.3680851063829787,0.9482034974568372
large_long,rotatable_xlink,r0009,0.55,initial,2.247310794297352,0.33135982738180847,0.020834253325358192,0.020834253325358192,1.0,0.2808988764044944,0.04229318641625786,0.009526909722222223,0.0006300891977494653,982.0,0.3156822810590631,0.12219959266802442,0.36252545824847243,0.9438372907191174
large_long,rotatable_xlink,r0009,0.6000000000000001,initial,2.207750200803213,0.40880319407421334,0.01133621293299029,-0.01133621293299029,1.0,0.29770992366412213,0.05171160527668771,0.009635416666666667,0.008851582325486681,996.0,0.3112449799196787,0.1204819277108434,0.35943775100401615,0.9447878296853547
large_long,rotatable_xlink,r0009,0.65,initial,2.1792935166994103,0.2782503334288884,0.011576709245091873,0.011576709245091873,1.0,0.3359375,0.0494648004902882,0.009830729166666666,0.03789259379360635,1018.0,0.3084479371316307,0.11787819253438112,0.35559921414538315,0.9447075327818931
large_long,rotatable_xlink,r0009,0.7000000000000001,initial,2.2772104562737643,0.18144763131257524,0.03716805758299713,0.03716805758299713,1.0,0.39325842696629215,0.041054470132253724,0.010243055555555556,0.0034061156032813102,1052.0,0.3098859315589354,0.11216730038022815,0.3517110266159696,0.946680989959706
large_long,rotatable_xlink,r0009,0.75,initial,2.402301862197393,0.29868702704857625,0.029242914239739903,0.029242914239739903,1.0,0.427536231884058,0.09458828301808395,0.010394965277777777,0.012104810697673727,1074.0,0.30912476722532595,0.1080074487895717,0.35009310986964626,0.9486282738200409
large_long,rotatable_xlink,r0009,0.8,initial,2.4526679417122037,0.2540764954986176,0.026860384820933596,0.026860384820933596,1.0,0.4057971014492754,0.07904861933933388,0.010503472222222223,0.019783516885367624,1098.0,0.3169398907103825,0.10564663023679415,0.3497267759562841,0.9430824566668963
large_long,rotatable_xlink,r0009,0.8500000000000001,initial,2.5634641711229946,0.1799859257363705,0.02869861227873523,0.02869861227873523,1.0,0.44755244755244755,0.10393346790817945,0.010525173611111112,0.010249471424388262,1122.0,0.3190730837789663,0.10338680926916222,0.3475935828877006,0.943877216886221
large_long,rotatable_xlink,r0009,0.9,initial,2.624859615384615,0.19257966695228804,0.027574489998019407,0.027574489998019407,1.0,0.4612794612794613,0.09650798614494586,0.011111111111111112,0.011632041484719061,1144.0,0.3251748251748253,0.1048951048951049,0.3374125874125875,0.9430012870686911
large_long,rotatable_xlink,r0009,0.9500000000000001,initial,2.728911111111111,0.24977817464468488,0.02301811495002178,0.02301811495002178,1.0,0.47854785478547857,0.05504028983907931,0.011328125,0.010022291180837745,1170.0,0.3333333333333333,0.10256410256410257,0.3367521367521367,0.9476111217093117
large_long,rotatable_xlink,r0009,1.0,initial,2.762968305084746,0.2527134140373145,0.011352397991211571,0.011352397991211571,1.0,0.4805194805194805,0.0643424635822815,0.011328125,0.0009784131308765431,1180.0,0.33898305084745767,0.10169491525423727,0.33898305084745767,0.9440312214701992
large_long,rotatable_xlink,r0009,1.05,pulse_01,3.4332552307692303,0.295281974132688,0.0005239444836511176,0.0005239444836511176,1.0,0.5573770491803278,0.061480719462597616,0.012608506944444445,0.008125561663071176,1300.0,0.4015384615384615,0.09384615384615387,0.3046153846153846,0.9482857851282934
large_long,rotatable_xlink,r0009,1.1,pulse_01,3.4348270642201837,0.27090528914347445,0.007213012490787059,-0.007213012490787059,1.0,0.5567567567567567,0.07024119514036395,0.012391493055555555,0.0002449707475797036,1308.0,0.3990825688073392,0.09327217125382262,0.30733944954128434,0.9480179818358255
large_long,rotatable_xlink,r0009,1.15,pulse_01,3.389977155824508,0.29381214964720975,0.013551443835591185,-0.013551443835591185,1.0,0.5380434782608695,0.04125830027160794,0.012608506944444445,0.009864362782378242,1322.0,0.3918305597579426,0.09531013615733737,0.30559757942511345,0.9472902088114313
large_long,rotatable_xlink,r0009,1.2,pulse_01,3.3535184012066366,0.3300914658377439,0.012161210128672403,-0.012161210128672403,1.0,0.5388739946380697,0.017993159475352825,0.012608506944444445,0.009871140426077368,1326.0,0.3861236802413273,0.09653092006033182,0.3016591251885369,0.9497998574294595
large_long,rotatable_xlink,r0009,1.25,pulse_01,3.3170098950524736,0.35303899220367396,0.0025592552306918925,-0.0025592552306918925,1.0,0.5303867403314917,0.043111588145411654,0.012782118055555555,0.014306231286368825,1334.0,0.37631184407796103,0.09895052473763118,0.29985007496251875,0.9508058311065724
large_long,rotatable_xlink,r0009,1.3,pulse_01,3.3381628698224852,0.24425407811953095,0.003989047928171452,0.003989047928171452,1.0,0.5316804407713499,0.025975383320101228,0.012934027777777777,0.015510470519182362,1352.0,0.3609467455621302,0.09763313609467457,0.2988165680473373,0.9468415486118593
large_long,rotatable_xlink,r0009,1.35,pulse_01,3.3409441826215023,0.2599761690885798,0.008893518381948887,-0.008893518381948887,1.0,0.5316804407713499,0.04255389704717698,0.012890625,0.0012491588403730214,1358.0,0.3667157584683357,0.09720176730486006,0.300441826215022,0.9499327920101928
large_long,rotatable_xlink,r0009,1.4,pulse_01,3.284801759530792,0.23675912507729283,0.0062599724659025595,-0.0062599724659025595,1.0,0.5251396648044693,0.01048214956978349,0.01310763888888889,0.006665864496443584,1364.0,0.3636363636363635,0.09677419354838708,0.29765395894428137,0.9489786587091527
large_long,rotatable_xlink,r0009,1.45,pulse_01,3.303384347826087,0.2999713560672413,0.0007766520814909139,-0.0007766520814909139,1.0,0.5166666666666667,0.057799689133446616,0.01328125,0.010658686621238436,1380.0,0.355072463768116,0.09710144927536231,0.2942028985507247,0.9514023248752251
large_long,rotatable_xlink,r0009,1.5,pulse_01,3.2801418470418464,0.30071124480472344,0.005111109653506585,0.005111109653506585,1.0,0.5111111111111111,0.02600891970509942,0.01325954861111111,0.004099864882513173,1386.0,0.3506493506493507,0.09668109668109667,0.29148629148629146,0.9497404093146803
large_long,rotatable_xlink,r0009,1.55,pulse_01,3.3340510057471264,0.27537216677216225,0.018874718312806776,0.018874718312806776,1.0,0.5316804407713499,0.012117227280399654,0.013346354166666666,0.006517732597064489,1392.0,0.3548850574712644,0.09482758620689659,0.29022988505747144,0.9488372068231302
large_long,rotatable_xlink,r0009,1.6,pulse_01,3.393390156918687,0.2616048492223365,0.01328276324669105,0.01328276324669105,1.0,0.5439560439560439,0.038529275230352926,0.013433159722222223,0.004312499029766779,1402.0,0.355206847360913,0.0912981455064194,0.2867332382310985,0.9459464512703811
large_long,rotatable_xlink,r0009,1.65,pulse_01,3.4137475852272727,0.24949717259356158,0.0033310790331900395,-0.0033310790331900395,1.0,0.5506849315068493,0.06474884406973358,0.013671875,0.0013472893971000395,1408.0,0.35937500000000006,0.08948863636363635,0.2840909090909091,0.9461944860927396
large_long,rotatable_xlink,r0009,1.7000000000000002,pulse_01,3.373403682719547,0.26968858560493675,0.016728799415813105,-0.016728799415813105,1.0,0.5714285714285714,0.00970835912547454,0.0134765625,0.010974842015285471,1412.0,0.35269121813031157,0.08640226628895184,0.28186968838526916,0.9445192243901593
large_long,rotatable_xlink,r0009,1.75,pulse_01,3.313374788732394,0.3153462246852744,0.015275649047522025,-0.015275649047522025,1.0,0.5494505494505495,0.01713374621764936,0.013671875,0.011365085211994383,1420.0,0.34929577464788725,0.08873239436619718,0.2816901408450704,0.9414973409888523
large_long,rotatable_xlink,r0009,1.8,pulse_01,3.2817497884344147,0.33787909687690304,0.00397514645774318,-0.00397514645774318,1.0,0.5789473684210527,0.035669870923032344,0.013650173611111111,0.0032000769753027327,1418.0,0.34273624823695337,0.08603667136812415,0.2834978843441467,0.9402244077171118
large_long,rotatable_xlink,r0009,1.85,pulse_01,3.289523909985935,0.3345466865370908,0.004310098374535369,0.004310098374535369,1.0,0.5865921787709497,0.016297251492864342,0.013585069444444445,0.0018799632771478632,1422.0,0.33895921237693394,0.08438818565400845,0.2784810126582279,0.9393692659170995
large_long,rotatable_xlink,r0009,1.9,pulse_01,3.307610378681627,0.32659931721401586,0.0025044505470040632,-0.0025044505470040632,1.0,0.5888888888888889,0.0041640515920738355,0.013736979166666666,0.0034076008337695085,1426.0,0.3436185133239832,0.08274894810659188,0.28190743338008417,0.9435880908519468
large_long,rotatable_xlink,r0009,1.9500000000000002,pulse_01,3.2744972067039106,0.35499229153970785,0.0004764646641732817,0.0004764646641732817,1.0,0.5865921787709497,0.03853229841110861,0.013975694444444445,0.0012162865523854538,1432.0,0.3337988826815642,0.08519553072625699,0.29050279329608936,0.9441535418276426
large_long,rotatable_xlink,r0009,2.0,pulse_01,3.3104691666666666,0.3338970365283286,0.011990653320918643,0.011990653320918643,1.0,0.5934065934065934,0.02077715202658819,0.013802083333333333,0.007031751670459756,1440.0,0.3402777777777777,0.08333333333333334,0.2861111111111111,0.9375774016192592
large_long,rotatable_xlink,r0009,2.05,pulse_02,3.799466795865633,0.39042135853931986,0.0100845822566753,-0.0100845822566753,1.0,0.6532066508313539,0.041833732943428965,0.014756944444444444,0.00013700686527188624,1548.0,0.37984496124031003,0.07622739018087855,0.2661498708010336,0.9398428070608174
large_long,rotatable_xlink,r0009,2.1,pulse_02,3.7692130490956073,0.3908323791351355,0.007774971158952611,-0.007774971158952611,1.0,0.6389548693586699,0.03427282947086831,0.014952256944444445,0.0005518162249243674,1548.0,0.3811369509043929,0.07881136950904395,0.26356589147286824,0.9424236364519835
large_long,rotatable_xlink,r0009,2.15,pulse_02,3.7528169689119175,0.38711046118977366,0.001796857080136845,-0.001796857080136845,1.0,0.6420047732696897,0.028981023597646052,0.014518229166666667,0.004590061480716658,1544.0,0.37694300518134716,0.07772020725388602,0.2681347150259067,0.9392163074145685
large_long,rotatable_xlink,r0009,2.2,pulse_02,3.758431906614786,0.3632920102508356,0.006547568411726583,-0.006547568411726583,1.0,0.6276849642004774,0.05081827002159152,0.014865451388888888,0.0013579710593784784,1542.0,0.38391699092088205,0.07652399481193256,0.2697795071335928,0.9417171739053208
large_long,rotatable_xlink,r0009,2.25,pulse_02,3.713531558441558,0.3789626348335028,0.003338586082958598,-0.003338586082958598,1.0,0.6077481840193705,0.033096313434253406,0.014539930555555556,0.0006947601988423943,1540.0,0.37971391417425226,0.0754226267880364,0.26918075422626786,0.939535495702049
large_long,rotatable_xlink,r0009,2.3,pulse_02,3.7384003901170346,0.36746057144388994,0.0033197619611293008,0.0033197619611293008,1.0,0.6047619047619047,0.013867285476564788,0.01447482638888889,0.001995833732632901,1538.0,0.37971391417425226,0.07282184655396619,0.26788036410923277,0.9407249881258408
large_long,rotatable_xlink,r0009,2.35,pulse_02,3.733450130208334,0.3669876324377054,0.003842450211129537,0.003842450211129537,1.0,0.5961538461538461,0.009743901678311963,0.014800347222222222,0.004178931076014886,1536.0,0.38020833333333326,0.07421875,0.26692708333333337,0.9430505441050214
large_long,rotatable_xlink,r0009,2.4,pulse_02,3.761455091383812,0.39253415789997925,0.011169292024101182,0.011169292024101182,1.0,0.6076555023923444,0.0585846155229882,0.014670138888888889,0.004278877746968603,1532.0,0.391644908616188,0.07180156657963446,0.2637075718015666,0.9366355605661397
large_long,rotatable_xlink,r0009,2.45,pulse_02,3.800465882352941,0.392660898919517,0.005410774529713318,0.005410774529713318,1.0,0.6076555023923444,0.04008284611995454,0.014778645833333333,1.2787509302456904e-05,1530.0,0.39084967320261443,0.07058823529411765,0.26274509803921564,0.9383184008652891
large_long,rotatable_xlink,r0009,2.5,pulse_02,3.7939197385620917,0.392610882955794,0.000852592592592479,-0.000852592592592479,1.0,0.6115107913669064,0.011924294372858742,0.014691840277777778,0.0022773603490098917,1530.0,0.3895424836601308,0.07058823529411765,0.26405228758169935,0.9389216054002832
large_long,rotatable_xlink,r0009,2.55,pulse_02,3.795350326797386,0.37899673682545765,0.001689150326797358,-0.001689150326797358,1.0,0.6,0.08564384913939842,0.014583333333333334,0.0019918050407123447,1530.0,0.3908496732026144,0.07058823529411765,0.26405228758169935,0.93666018181118
large_long,rotatable_xlink,r0009,2.6,pulse_02,3.7837848366013076,0.3806600527115199,0.012222196700087803,-0.012222196700087803,1.0,0.6085918854415274,0.042125107740796155,0.014388020833333333,0.0006117726538343304,1530.0,0.3843137254901961,0.07058823529411762,0.2666666666666667,0.9362994438205592
large_long,rotatable_xlink,r0009,2.65,pulse_02,3.7220171465968592,0.37532610090245166,0.021350635943149825,-0.021350635943149825,1.0,0.6115107913669064,0.032723134393871645,0.014322916666666666,0.001636968935975101,1528.0,0.3808900523560208,0.06937172774869109,0.27486910994764396,0.9393155879455365
large_long,rotatable_xlink,r0009,2.7,pulse_02,3.6556810209424087,0.3708382390956693,0.012269066317626661,-0.012269066317626661,1.0,0.6048780487804878,0.041620007319983506,0.014496527777777778,0.011810818688212885,1528.0,0.3713910761154856,0.07480314960629922,0.2755905511811024,0.9422324241639166
large_long,rotatable_xlink,r0009,2.75,pulse_02,3.6484027486910993,0.30446118877317435,0.017269059045957064,-0.017269059045957064,1.0,0.6127450980392157,0.046162416598016585,0.0146484375,0.017669462515577782,1528.0,0.37565445026178,0.07591623036649216,0.281413612565445,0.9400017241789558
large_long,rotatable_xlink,r0009,2.8,pulse_02,3.5520666666666663,0.26482146400220263,0.027159447616495653,-0.027159447616495653,1.0,0.6098765432098765,0.047215108992691726,0.0138671875,0.0013620822524402683,1524.0,0.3610013175230567,0.07509881422924901,0.28458498023715423,0.9418696243184949
large_long,rotatable_xlink,r0009,2.85,pulse_02,3.4854460629921253,0.29628869525853274,0.02432882902613513,-0.02432882902613513,1.0,0.6129032258064516,0.03442261049175572,0.014670138888888889,0.0072752060921293105,1524.0,0.3595800524934383,0.07611548556430445,0.29002624671916005,0.9423248758111873
large_long,rotatable_xlink,r0009,2.9,pulse_02,3.4060936925098555,0.3084727005549785,0.023952289517522523,-0.023952289517522523,1.0,0.6,0.050193746777991925,0.01447482638888889,0.0005557368905134604,1522.0,0.36268068331143233,0.08278580814717476,0.29303547963206306,0.943108846481411
large_long,rotatable_xlink,r0009,2.95,pulse_02,3.34173232588699,0.292954273915452,0.030034121769601407,-0.030034121769601407,1.0,0.5721153846153846,0.0666921080631009,0.014626736111111111,0.008628831063197673,1522.0,0.36136662286465177,0.08935611038107752,0.29829172141918525,0.9434327599980753
large_long,rotatable_xlink,r0009,3.0,pulse_02,3.225888961892247,0.25669971417579246,0.03861445466491439,-0.03861445466491439,1.0,0.5414634146341464,0.022498721472477865,0.014040798611111112,0.012084853246553173,1522.0,0.354796320630749,0.09329829172141918,0.30223390275952694,0.9470069046437198
large_long,rotatable_xlink,r0009,3.05,pulse_03,3.710997330097087,0.3320274868500972,0.016480097087378482,-0.016480097087378482,1.0,0.6192468619246861,0.04992879933094601,0.015473090277777778,0.005956227559419436,1648.0,0.40048543689320376,0.0861650485436893,0.28033980582524265,0.9470928520057711
large_long,rotatable_xlink,r0009,3.1,pulse_03,3.6615570388349514,0.3498961695283555,0.018680016181229647,-0.018680016181229647,1.0,0.6216216216216216,0.0443440497284388,0.015625,0.012595808256781823,1648.0,0.3944174757281552,0.08980582524271842,0.28398058252427183,0.9468267955799528
large_long,rotatable_xlink,r0009,3.15,pulse_03,3.598917233009709,0.40760233639078813,0.01795297768092663,-0.01795297768092663,1.0,0.6111111111111112,0.0300461572272049,0.015928819444444443,0.012721159202082935,1648.0,0.39294403892944035,0.08880778588807783,0.28223844282238436,0.9471128405839031
large_long,rotatable_xlink,r0009,3.2,pulse_03,3.5538391727493917,0.4262231247408531,0.017222506314626223,-0.017222506314626223,0.902557856272838,0.6060606060606061,0.035998515590823316,0.01579861111111111,0.01272750827174273,1644.0,0.38611449451887947,0.0913520097442144,0.28989037758830694,0.9497601965841803
large_long,rotatable_xlink,r0009,3.25,pulse_03,3.4955821951219517,0.4839673860212445,0.014867538152574614,-0.014867538152574614,0.9024390243902439,0.5955555555555555,0.04744604948759292,0.015473090277777778,0.01300550683956723,1640.0,0.37804878048780494,0.09146341463414634,0.29024390243902454,0.9533716073456794
large_long,rotatable_xlink,r0009,3.3,pulse_03,3.464633943833944,0.5042561657782565,0.007415675552110128,-0.007415675552110128,0.9023199023199023,0.5883668903803132,0.01255992466179172,0.015690104166666666,0.00578019451769073,1638.0,0.37728937728937717,0.09035409035409035,0.28815628815628813,0.9505278921252395
large_long,rotatable_xlink,r0009,3.35,pulse_03,3.451088141809291,0.5186485531273889,0.008725848829699734,-0.008725848829699734,1.0,0.5910112359550562,0.02877509856164166,0.015321180555555555,0.008281664250124185,1636.0,0.37821297429620565,0.0893512851897185,0.2937576499388005,0.9512428268626276
large_long,rotatable_xlink,r0009,3.4,pulse_03,3.4122788508557456,0.5539461512790016,0.013057620211898971,-0.013057620211898971,1.0,0.5881006864988558,0.04029677062127243,0.015603298611111111,0.004082181966275004,1636.0,0.3777506112469438,0.08924205378973106,0.2909535452322739,0.9494927338957698
large_long,rotatable_xlink,r0009,3.45,pulse_03,3.372742420537897,0.5431416449250389,0.006235016809290987,-0.006235016809290987,1.0,0.573394495412844,0.019985340908167344,0.015386284722222223,0.00349270059039238,1636.0,0.3684210526315789,0.09057527539779682,0.2937576499388005,0.9475898812495707
large_long,rotatable_xlink,r0009,3.5,pulse_03,3.3748687499999996,0.5749023548213559,0.000628571250219793,0.000628571250219793,1.0,0.5779816513761468,0.021946751531129488,0.015473090277777778,0.009162329872614857,1632.0,0.37377450980392163,0.08823529411764705,0.29411764705882354,0.949497118175692
large_long,rotatable_xlink,r0009,3.55,pulse_03,3.376513848039216,0.598115624160728,0.006433680555555525,-0.006433680555555525,1.0,0.5808656036446469,0.029307629494802073,0.015473090277777778,0.009711916461996354,1632.0,0.3762254901960785,0.08946078431372548,0.29411764705882354,0.9510208161237286
large_long,rotatable_xlink,r0009,3.6,pulse_03,3.3362666666666665,0.633173853593334,0.02340657679738567,-0.02340657679738567,1.0,0.5854214123006833,0.026288075465068297,0.015342881944444444,0.01286381234743337,1632.0,0.37377450980392163,0.0906862745098039,0.29166666666666663,0.9494579811341138
large_long,rotatable_xlink,r0009,3.65,pulse_03,3.236074387254902,0.6752984982453283,0.02162399454669391,-0.02162399454669391,1.0,0.5787037037037037,0.04294585746832295,0.015690104166666666,0.01389035499013743,1632.0,0.36519607843137253,0.09068627450980392,0.2965686274509803,0.9498964176014717
large_long,rotatable_xlink,r0009,3.7,pulse_03,3.206522699386503,0.7165159835341586,0.00940432016620559,-0.00940432016620559,1.0,0.5498839907192575,0.05677238267139124,0.015516493055555556,0.009358509179261046,1630.0,0.36319018404907977,0.08957055214723926,0.30184049079754594,0.9475516285189277
large_long,rotatable_xlink,r0009,3.75,pulse_03,3.1796484662576683,0.7314495533208946,0.0026642664415670314,-0.0026642664415670314,1.0,0.5690866510538641,0.0374608663084259,0.015690104166666666,0.0017015598705029111,1630.0,0.3509202453987731,0.09079754601226994,0.30306748466257677,0.9497436614724034
large_long,rotatable_xlink,r0009,3.8,pulse_03,3.190537100737101,0.726725342757176,0.0006040646055982535,-0.0006040646055982535,0.9017199017199017,0.5757575757575758,0.06427301571705533,0.015581597222222222,0.0008168052341750812,1628.0,0.3488943488943489,0.08845208845208845,0.30466830466830463,0.9489691328356316
large_long,rotatable_xlink,r0009,3.85,pulse_03,3.1760240786240788,0.7265487219158441,0.0062689803439803056,-0.0062689803439803056,1.0,0.5601851851851852,0.02812926488942557,0.0154296875,0.0030659789379806623,1628.0,0.34889434889434895,0.08968058968058967,0.3083538083538083,0.9500406617001306
large_long,rotatable_xlink,r0009,3.9,pulse_03,3.152923218673219,0.74512121638506,0.0003290848547305991,-0.0003290848547305991,1.0,0.5779816513761468,0.04288443917087971,0.015386284722222223,0.010264984500442312,1628.0,0.3476658476658477,0.0896805896805897,0.3095823095823096,0.9464927967736754
large_long,rotatable_xlink,r0009,3.95,pulse_03,3.174049569495695,0.788138628918498,0.0006570292359084906,0.0006570292359084906,1.0,0.5362997658079626,0.03843632521255189,0.015516493055555556,0.009013009282971033,1626.0,0.35178351783517836,0.08856088560885608,0.3210332103321033,0.9450593788544003
large_long,rotatable_xlink,r0009,4.0,pulse_03,3.15686539408867,0.7991992720828862,0.005728058469008405,-0.005728058469008405,1.0,0.5690866510538641,0.036910304991870264,0.015364583333333333,0.0036868810547960873,1624.0,0.3546798029556649,0.0874384236453202,0.3165024630541872,0.9482049923788665
large_long,rotatable_xlink,r0009,4.05,pulse_04,3.6759822120866588,0.5585698253971041,0.01368491068034953,-0.01368491068034953,1.0,0.598343685300207,0.07215100945404418,0.016883680555555555,0.006208497661968922,1754.0,0.3979475484606612,0.07981755986316988,0.2976054732041048,0.9449849410211325
large_long,rotatable_xlink,r0009,4.1,pulse_04,3.63492748004561,0.5399443324111973,0.009771455720258468,-0.009771455720258468,1.0,0.6107660455486542,0.020414091699100065,0.016666666666666666,0.004402602491006935,1754.0,0.3854047890535917,0.07981755986316988,0.2976054732041048,0.9447433004043404
large_long,rotatable_xlink,r0009,4.15,pulse_04,3.617353477765108,0.5321542104510625,0.002438730520714527,-0.002438730520714527,1.0,0.6099585062240664,0.0667820693575442,0.01657986111111111,0.0005755595384606497,1754.0,0.3865450399087798,0.08095781071835802,0.2976054732041048,0.9481119919537072
large_long,rotatable_xlink,r0009,4.2,pulse_04,3.620295096921323,0.5364909751804334,0.0011521474724440022,0.0011521474724440022,1.0,0.6190476190476191,0.016534442797011915,0.016731770833333333,0.00034262961588551094,1754.0,0.3854047890535916,0.08095781071835802,0.29646522234891665,0.9483706113421531
large_long,rotatable_xlink,r0009,4.25,pulse_04,3.624266362599772,0.5342099881463755,0.0043753705815279265,-0.0043753705815279265,1.0,0.6182572614107884,0.04616172449714257,0.016840277777777777,0.00013438129879580116,1754.0,0.38198403648802726,0.08095781071835803,0.2987457240592929,0.9474152901180276
large_long,rotatable_xlink,r0009,4.3,pulse_04,3.5940428734321554,0.5372972629732082,0.0006819871857522605,0.0006819871857522605,1.0,0.625,0.021689764057100522,0.016818576388888888,0.00034240096101182765,1754.0,0.38312428734321546,0.07981755986316988,0.29874572405929295,0.9468733822007371
large_long,rotatable_xlink,r0009,4.35,pulse_04,3.6283582857142855,0.5362643939124465,0.004955034649432625,0.004955034649432625,1.0,0.6226415094339622,0.03434101734550276,0.016297743055555557,0.00016704669935546645,1750.0,0.3851428571428571,0.07885714285714288,0.29600000000000004,0.9439119163835601
large_long,rotatable_xlink,r0009,4.4,pulse_04,3.623773081328751,0.5362949827770754,0.013569347313237149,-0.013569347313237149,1.0,0.6058700209643606,0.03640384373178753,0.016514756944444445,0.0009489449292287936,1746.0,0.38258877434135163,0.07560137457044673,0.29667812142038946,0.944070246745518
large_long,rotatable_xlink,r0009,4.45,pulse_04,3.5469422018348626,0.5419580634878193,0.015592493677116051,-0.015592493677116051,1.0,0.6026200873362445,0.0507978975809378,0.01642795138888889,0.001576213834155497,1744.0,0.3635321100917432,0.0745412844036697,0.2970183486238532,0.9462582190990123
large_long,rotatable_xlink,r0009,4.5,pulse_04,3.530218119266055,0.5457522657820084,0.0011465476077621901,-0.0011465476077621901,1.0,0.5921908893709328,0.033054780461286,0.016493055555555556,0.00010199801678145715,1744.0,0.3658256880733946,0.07568807339449539,0.29357798165137616,0.9454651357294038
large_long,rotatable_xlink,r0009,4.55,pulse_04,3.5400629161882895,0.542570051588508,0.0021644243935579066,-0.0021644243935579066,1.0,0.591304347826087,0.044511839187115855,0.01657986111111111,0.003642466557342572,1742.0,0.3586206896551724,0.0747126436781609,0.29655172413793107,0.9460494144058791
large_long,rotatable_xlink,r0009,4.6,pulse_04,3.5172315729047074,0.523897466437953,0.007733486414083446,-0.007733486414083446,0.9080459770114943,0.6150442477876106,0.05650439180921323,0.01644965277777778,0.0037094299923577934,1742.0,0.3574712643678162,0.07471264367816091,0.29655172413793107,0.9467023109107793
large_long,rotatable_xlink,r0009,4.65,pulse_04,3.493661997703789,0.5203134716343613,0.00042062967890480846,0.00042062967890480846,1.0,0.5695652173913044,0.04164687482562791,0.016493055555555556,0.0002853777349985191,1742.0,0.3559127439724455,0.0780711825487945,0.2950631458094145,0.9459691232806648
large_long,rotatable_xlink,r0009,4.7,pulse_04,3.5197553509781363,0.5221852000279619,0.001638046797965531,-0.001638046797965531,1.0,0.5860566448801743,0.02881263437036998,0.01642795138888889,0.0016225742425696927,1738.0,0.35673187571921744,0.07364787111622557,0.29689298043728424,0.9449627329219329
large_long,rotatable_xlink,r0009,4.75,pulse_04,3.4838337169159956,0.5300489170897794,0.008361948599923341,-0.008361948599923341,1.0,0.6177777777777778,0.05844954638144742,0.016124131944444446,0.007094353492339038,1738.0,0.35097813578826237,0.07594936708860762,0.2968929804372843,0.9476469876931992
large_long,rotatable_xlink,r0009,4.8,pulse_04,3.4695836593785963,0.5647513209819961,0.0007339542467196628,0.0007339542467196628,1.0,0.6026490066225165,0.066428456998656,0.016189236111111113,0.008872526766836974,1738.0,0.3544303797468353,0.0747986191024166,0.2968929804372843,0.943624131853066
large_long,rotatable_xlink,r0009,4.85,pulse_04,3.4882374423963136,0.5832840776908013,0.004633615401529696,0.004633615401529696,0.9078341013824884,0.6211453744493393,0.07155430857972431,0.016341145833333334,0.006390624853850002,1736.0,0.35368663594470046,0.07373271889400924,0.29723502304147476,0.9431028667615171
large_long,rotatable_xlink,r0009,4.9,pulse_04,3.4973853517877744,0.6030950701050961,0.007077405335948435,-0.007077405335948435,1.0,0.6103896103896104,0.0665043497495793,0.016319444444444445,0.009160447076272615,1734.0,0.3552479815455594,0.07381776239907727,0.29642445213379465,0.9443189201787917
large_long,rotatable_xlink,r0009,4.95,pulse_04,3.445773010380623,0.5283213952331656,0.018358862643641505,-0.018358862643641505,1.0,0.5560439560439561,0.05149148872229083,0.01625434027777778,0.01856282279320114,1734.0,0.35524798154555937,0.07497116493656285,0.3021914648212225,0.9463280454977223
large_long,rotatable_xlink,r0009,5.0,pulse_04,3.3872321759259254,0.49171813334588926,0.0195136114848992,-0.0195136114848992,1.0,0.5431034482758621,0.06508609972010229,0.016276041666666668,0.01220108729575877,1728.0,0.3506944444444444,0.07870370370370369,0.3113425925925926,0.9460459846356978
large_long,rotatable_xlink,r0009,5.05,pulse_05,3.6795391585760515,0.5664398886996244,0.0030789275887054637,-0.0030789275887054637,1.0,0.5854126679462572,0.05128679756662667,0.01742621527777778,0.0023600811459300783,1854.0,0.38403451995685,0.08090614886731393,0.29449838187702254,0.9460328531662389
large_long,rotatable_xlink,r0009,5.1,pulse_05,3.670302375809935,0.5593596452618341,0.0052024215099206,0.0052024215099206,1.0,0.5984405458089669,0.06461607719123076,0.017252604166666668,0.001398252825702162,1852.0,0.3779697624190064,0.08099352051835855,0.296976241900648,0.9494042002637328
large_long,rotatable_xlink,r0009,5.15,pulse_05,3.710753687635575,0.5748294056538373,0.011800165625880377,0.011800165625880377,1.0,0.594541910331384,0.10679527412259854,0.017513020833333334,0.000620411423680726,1844.0,0.3806941431670282,0.07700650759219088,0.29609544468546634,0.9480101445888071
large_long,rotatable_xlink,r0009,5.2,pulse_05,3.7411033695652174,0.5556371767197498,0.002704522839516388,-0.002704522839516388,0.9130434782608696,0.6070038910505836,0.09231120180941936,0.01759982638888889,0.0016490076964814637,1840.0,0.3826086956521739,0.07608695652173911,0.2967391304347826,0.9478440697542369
large_long,rotatable_xlink,r0009,5.25,pulse_05,3.694526550598477,0.5649353594749486,0.01795014447414478,-0.01795014447414478,0.9129488574537541,0.6118811881188119,0.06422140928446914,0.017252604166666668,0.006826582532124241,1838.0,0.3732317736670295,0.07508161044613709,0.29706202393906417,0.94626985409045
large_long,rotatable_xlink,r0009,5.3,pulse_05,3.6334025027203487,0.5146776815270043,0.0239229778745013,-0.0239229778745013,1.0,0.5943775100401606,0.11325011254272875,0.01697048611111111,0.005670184475763174,1838.0,0.3732317736670293,0.07616974972796517,0.2970620239390641,0.947039041195704
large_long,rotatable_xlink,r0009,5.35,pulse_05,3.550988683351469,0.5309142526203695,0.02090179542981511,-0.02090179542981511,0.9129488574537541,0.5885947046843177,0.11027364860960122,0.017361111111111112,0.006589622554380337,1838.0,0.3623503808487486,0.07725788900979326,0.29923830250272027,0.9454060338655618
large_long,rotatable_xlink,r0009,5.4,pulse_05,3.507991730141458,0.5542154168532863,0.005683226455455455,-0.005683226455455455,0.9129488574537541,0.5778688524590164,0.08349482841609489,0.017165798611111113,0.002040370485799803,1838.0,0.36779107725788907,0.08269858541893364,0.30141458106637653,0.948411557519868
large_long,rotatable_xlink,r0009,5.45,pulse_05,3.5168893246187363,0.5431564755351683,0.002914525829676551,-0.002914525829676551,1.0,0.5836734693877551,0.09359870383665198,0.017513020833333334,0.006277611523330469,1836.0,0.36819172113289766,0.08061002178649238,0.30174291938997827,0.9474559223382368
large_long,rotatable_xlink,r0009,5.5,pulse_05,3.4905045751633987,0.5165497477133035,0.0055855301379810944,-0.0055855301379810944,1.0,0.5846774193548387,0.09014305578743025,0.017296006944444445,0.006969786947226497,1836.0,0.36819172113289766,0.08169934640522875,0.30501089324618735,0.9467276751853302
large_long,rotatable_xlink,r0009,5.55,pulse_05,3.4833761437908497,0.5013377538518093,0.002888367034684943,-0.002888367034684943,1.0,0.5823293172690763,0.05592112775867767,0.01723090277777778,0.0076892996859609375,1836.0,0.36928104575163406,0.08278867102396513,0.3028322440087146,0.9468976839360869
large_long,rotatable_xlink,r0009,5.6,pulse_05,3.473174372955289,0.4704139495975379,0.0038119454671727837,0.0038119454671727837,1.0,0.5757575757575758,0.055887409528695794,0.017057291666666665,0.008898223404943987,1834.0,0.36968375136314063,0.08069792802617229,0.3009814612868048,0.948593458671671
large_long,rotatable_xlink,r0009,5.65,pulse_05,3.5062478165938864,0.4479484134221454,0.006439897083870975,0.006439897083870975,1.0,0.5763747454175153,0.06399469994709273,0.01720920138888889,0.006111501307453036,1832.0,0.37336244541484725,0.07969432314410482,0.30349344978165943,0.9486033993704515
large_long,rotatable_xlink,r0009,5.7,pulse_05,3.511813755458515,0.4337449417528197,0.0057772076396096494,0.0057772076396096494,1.0,0.5845213849287169,0.043089695915408635,0.017144097222222224,0.01219087648646471,1832.0,0.37336244541484725,0.07860262008733625,0.30240174672489084,0.9488535546085929
large_long,rotatable_xlink,r0009,5.75,pulse_05,3.5409110624315443,0.37480315450335716,0.00426799251130013,0.00426799251130013,0.9123767798466593,0.5975609756097561,0.08402356909197965,0.017078993055555554,0.010126255671145251,1826.0,0.37239868565169776,0.07557502738225633,0.3012048192771085,0.9487079942452127
large_long,rotatable_xlink,r0009,5.8,pulse_05,3.5374217105263157,0.3729874077259482,0.006345155142099583,-0.006345155142099583,0.9122807017543859,0.5967078189300411,0.0788900645361923,0.017035590277777776,0.00331889888157443,1824.0,0.37280701754385964,0.07456140350877191,0.300438596491228,0.9462187476833941
large_long,rotatable_xlink,r0009,5.85,pulse_05,3.502840131578947,0.3548897612139106,0.011627639643152943,-0.011627639643152943,0.9122807017543859,0.5909090909090909,0.066074584896389,0.016840277777777777,0.004508766485515375,1824.0,0.3673245614035088,0.07456140350877191,0.3026315789473684,0.9460978858699468
large_long,rotatable_xlink,r0009,5.9,pulse_05,3.467655872667398,0.34593480881285593,0.010834441981050288,-0.010834441981050288,0.9121844127332601,0.5942028985507246,0.0756724844379958,0.017165798611111113,0.00018760915982550994,1822.0,0.3644346871569704,0.07574094401756312,0.2996706915477497,0.9476219201544139
large_long,rotatable_xlink,r0009,5.95,pulse_05,3.437833479692645,0.3537641062549575,0.011287181564845131,-0.011287181564845131,0.9121844127332601,0.5925925925925926,0.07096330975583146,0.0169921875,0.003198728623371246,1822.0,0.35784851811196494,0.07574094401756312,0.30076838638858405,0.9448818182227486
large_long,rotatable_xlink,r0009,6.0,pulse_05,3.3999327832783273,0.32674243707262846,0.01263356547143927,-0.01263356547143927,0.911991199119912,0.592436974789916,0.06417453171803339,0.017165798611111113,0.009007223060776356,1818.0,0.3520352035203519,0.0759075907590759,0.30363036303630364,0.9453975135591485
large_long,rotatable_xlink,r0009,6.05,pulse_06,3.6765962616822434,0.5391903999662601,0.02266205950738683,-0.02266205950738683,1.0,0.6264150943396226,0.0712609203201644,0.017990451388888887,0.00679851446470751,1926.0,0.38669438669438666,0.07588357588357587,0.28794178794178793,0.9468825961944345
large_long,rotatable_xlink,r0009,6.1,pulse_06,3.608610083160083,0.5595859433603826,0.011286029710335654,-0.011286029710335654,1.0,0.6,0.041894863692687495,0.018142361111111113,0.003321945840227584,1924.0,0.3877338877338877,0.07796257796257794,0.29002079002078995,0.9469350272219016
large_long,rotatable_xlink,r0009,6.15,pulse_06,3.6088800834202295,0.5591220750076256,0.01026159701937357,-0.01026159701937357,0.9165797705943691,0.6038095238095238,0.0629687287210693,0.018229166666666668,0.0008632068094355979,1918.0,0.3837330552659019,0.07820646506777892,0.28779979144942647,0.95116003637391
large_long,rotatable_xlink,r0009,6.2,pulse_06,3.5470405010438415,0.5647651842169962,0.02517802853242072,-0.02517802853242072,1.0,0.5992366412213741,0.07177188484589395,0.018098958333333335,0.015513820237027687,1916.0,0.38517745302713996,0.08455114822546975,0.29227557411273486,0.948892903783945
large_long,rotatable_xlink,r0009,6.25,pulse_06,3.457811912225705,0.6522049964297917,0.028769472687062574,-0.028769472687062574,1.0,0.5867446393762183,0.08291875662381387,0.017903645833333332,0.02249178035218352,1914.0,0.38179916317991636,0.08577405857740586,0.29811715481171547,0.9504662866856485
large_long,rotatable_xlink,r0009,6.3,pulse_06,3.374423664921466,0.6997158663300973,0.02459100250981061,-0.02459100250981061,1.0,0.5697674418604651,0.12851898790938163,0.018077256944444446,0.008116977479837214,1910.0,0.37421383647798745,0.0880503144654088,0.30083857442348005,0.9527684027430671
large_long,rotatable_xlink,r0009,6.35,pulse_06,3.3102658971668415,0.700906861308815,0.02581347545822969,-0.02581347545822969,1.0,0.5598455598455598,0.10020026822305059,0.017860243055555555,0.010809536518043802,1906.0,0.378803777544596,0.09233997901364113,0.3074501573976915,0.9536347352065597
large_long,rotatable_xlink,r0009,6.4,pulse_06,3.219542812172088,0.6348586472218345,0.014284704849935714,-0.014284704849935714,0.9160545645330536,0.5452793834296724,0.12900391214039147,0.017860243055555555,0.012824945599803905,1906.0,0.3767051416579224,0.09443861490031481,0.31794333683105985,0.9545363144887631
large_long,rotatable_xlink,r0009,6.45,pulse_06,3.224557668067227,0.6239571877099915,0.00026424068840554443,0.00026424068840554443,1.0,0.5547024952015355,0.12429498967715351,0.017990451388888887,0.004616140580490073,1904.0,0.37605042016806717,0.09243697478991596,0.3203781512605042,0.9536167394092822
large_long,rotatable_xlink,r0009,6.5,pulse_06,3.221128256302521,0.6071618037388941,0.0045356792717086885,-0.0045356792717086885,1.0,0.5555555555555556,0.10465952100719679,0.018055555555555554,0.009643854423973586,1904.0,0.3718487394957982,0.09348739495798318,0.3203781512605042,0.9542438374780807
large_long,rotatable_xlink,r0009,6.55,pulse_06,3.197343592436975,0.681820314253833,0.0037889005602240733,-0.0037889005602240733,1.0,0.5482625482625483,0.11327444976297073,0.018012152777777776,0.010246100616218149,1904.0,0.3718487394957984,0.09348739495798317,0.3203781512605041,0.9551828865652364
large_long,rotatable_xlink,r0009,6.6,pulse_06,3.1983948529411768,0.668638407436203,0.005802839856995368,0.005802839856995368,1.0,0.555984555984556,0.11828499054856274,0.017795138888888888,0.0017294156893223518,1904.0,0.36974789915966394,0.0945378151260504,0.31827731092436967,0.9542829451123575
large_long,rotatable_xlink,r0009,6.65,pulse_06,3.2321606315789473,0.6714438201178989,0.0071716560147265795,0.0071716560147265795,1.0,0.562015503875969,0.12032059652432649,0.018012152777777776,0.0006202373449765153,1900.0,0.3736842105263158,0.0926315789473684,0.31789473684210523,0.9548056506167288
large_long,rotatable_xlink,r0009,6.7,pulse_06,3.2414247890295362,0.6649169833663439,0.0012164410604123728,-0.0012164410604123728,1.0,0.56640625,0.09269883588267953,0.01792534722222222,0.0055803828147885275,1896.0,0.3765822784810127,0.09071729957805907,0.319620253164557,0.9560341328074228
large_long,rotatable_xlink,r0009,6.75,pulse_06,3.224861985216473,0.6379615232291678,0.0014069650142503793,-0.0014069650142503793,1.0,0.5617529880478087,0.08757698416123795,0.017708333333333333,0.0032439723471082518,1894.0,0.36958817317845827,0.08975712777191128,0.3231256599788807,0.9543282089978695
large_long,rotatable_xlink,r0009,6.8,pulse_06,3.232982998944034,0.6454531492836943,0.002537240408306903,0.002537240408306903,0.9155227032734953,0.5608782435129741,0.07547884637673802,0.017816840277777777,0.0022543808759083275,1894.0,0.36853220696937694,0.0908130939809926,0.32312565997888076,0.9550450954116655
large_long,rotatable_xlink,r0009,6.85,pulse_06,3.2400854276663145,0.6514878084846177,0.0017535382309626553,0.0017535382309626553,1.0,0.5671342685370742,0.09827738757856566,0.017881944444444443,0.00945511527876793,1894.0,0.368532206969377,0.09081309398099259,0.32312565997888065,0.9540643326591787
large_long,rotatable_xlink,r0009,6.9,pulse_06,3.24350422832981,0.5887224576110868,0.0009072788104642626,0.0009072788104642626,1.0,0.5645161290322581,0.0799651723646072,0.01818576388888889,0.0025668770777676855,1892.0,0.36575052854122625,0.08985200845665965,0.3234672304439747,0.9549703224518864
large_long,rotatable_xlink,r0009,6.95,pulse_06,3.2455291005291,0.6360865460180116,0.0012218058715853057,0.0012218058715853057,1.0,0.570281124497992,0.09801816409484404,0.01775173611111111,0.014523194000866916,1890.0,0.3619047619047619,0.08888888888888888,0.3216931216931216,0.9533668654737305
large_long,rotatable_xlink,r0009,7.0,pulse_06,3.2508350635593217,0.6758616216162883,0.0017686543434072277,0.0017686543434072277,1.0,0.5708502024291497,0.12228426634138127,0.017795138888888888,0.013258358532758882,1888.0,0.36864406779661013,0.09110169491525423,0.3209745762711864,0.953618327180521
large_long,rotatable_xlink,r0009,7.05,pulse_07,3.6914474051896207,0.9895379244641612,3.643506320694101e-05,-3.643506320694101e-05,1.0,0.6159420289855072,0.08733842051949997,0.018684895833333333,0.00647031143859463,2004.0,0.4061876247504991,0.08283433133732535,0.3013972055888223,0.951622098751603
large_long,rotatable_xlink,r0009,7.1,pulse_07,3.6913381,0.9701269901483773,0.0024612041682401387,-0.0024612041682401387,1.0,0.6238698010849909,0.09722925044647618,0.018771701388888888,0.043176331065734964,2000.0,0.40040040040040037,0.07907907907907906,0.30030030030030025,0.951439771148801
large_long,rotatable_xlink,r0009,7.15,pulse_07,3.67668018018018,0.7304799380697514,0.001813640623957354,-0.001813640623957354,1.0,0.6308243727598566,0.10889429184638126,0.018684895833333333,0.08453368140111768,1998.0,0.3973973973973973,0.07807807807807807,0.30030030030030025,0.9489431110265263
large_long,rotatable_xlink,r0009,7.2,pulse_07,3.6804562562562557,0.4629249017416712,0.003825091758425122,0.003825091758425122,1.0,0.6270566727605119,0.1044527851642494,0.01875,0.06245880325210001,1998.0,0.3903903903903903,0.07807807807807807,0.29729729729729726,0.9483312178029881
large_long,rotatable_xlink,r0009,7.25,pulse_07,3.6996307307307306,0.3557271185571514,0.00790169610157935,0.00790169610157935,1.0,0.6297640653357531,0.10251278587057136,0.018967013888888887,0.19856813017721472,1998.0,0.3897795591182364,0.07815631262525051,0.29759519038076154,0.9466468387884666
large_long,rotatable_xlink,r0009,7.3,pulse_07,3.727866432865732,-0.728483879321617,0.014057428412348175,0.014057428412348175,1.0,0.608058608058608,0.12767379296833964,0.01820746527777778,0.19877645523686435,1996.0,0.39679358717434876,0.07715430861723448,0.2925851703406814,0.9464146595038433
large_long,rotatable_xlink,r0009,7.35,pulse_07,3.7839753012048196,-0.8369316128640346,0.00961036359868328,0.00961036359868328,1.0,0.5992647058823529,0.10093703786609999,0.01853298611111111,0.009182539567963314,1992.0,0.3965863453815262,0.07530120481927713,0.28915662650602414,0.9453741681078148
large_long,rotatable_xlink,r0009,7.4,pulse_07,3.7855286144578315,-0.6733886419138371,0.0025493306559571196,-0.0025493306559571196,1.0,0.6088560885608856,0.09562288070090216,0.018598090277777778,0.03021397462162667,1992.0,0.39759036144578314,0.07530120481927711,0.28815261044176704,0.9464738185526893
large_long,rotatable_xlink,r0009,7.45,pulse_07,3.768679317269077,-0.6556477651342746,0.0018626250227039194,-0.0018626250227039194,1.0,0.5955882352941176,0.09920499303196942,0.018836805555555555,0.01628984830725692,1992.0,0.39257028112449804,0.07530120481927711,0.29216867469879526,0.9472011031110108
large_long,rotatable_xlink,r0009,7.5,pulse_07,3.774352864321608,-0.5756495520702956,0.0012983469761003175,-0.0012983469761003175,1.0,0.6155268022181146,0.09191639520686445,0.018858506944444443,0.01715182768659329,1990.0,0.39497487437185935,0.07537688442211055,0.29145728643216084,0.9471750775625701
large_long,rotatable_xlink,r0009,7.55,pulse_07,3.760889235412475,-0.5527367990147148,0.00685906222932231,-0.00685906222932231,1.0,0.6133828996282528,0.07835046628512347,0.0189453125,0.004673581484420375,1988.0,0.391348088531187,0.07344064386317907,0.29577464788732394,0.9453344112244316
large_long,rotatable_xlink,r0009,7.6,pulse_07,3.733198490945674,-0.5476080631637733,0.006872281842939347,-0.006872281842939347,1.0,0.6149532710280374,0.06348433671737393,0.018836805555555555,0.017478630972185754,1988.0,0.3893360160965794,0.0754527162977867,0.300804828973843,0.9449097718503568
large_long,rotatable_xlink,r0009,7.65,pulse_07,3.719655544354839,-0.6576085848478294,0.008278641864642333,-0.008278641864642333,1.0,0.623352165725047,0.07798391397319045,0.018836805555555555,0.09301248974612376,1984.0,0.3874873864783048,0.0756811301715439,0.30070635721493444,0.9444685249060668
large_long,rotatable_xlink,r0009,7.7,pulse_07,3.68352663975782,-1.105683001640516,0.009957876921092698,-0.009957876921092698,1.0,0.6074074074074074,0.06516806994229354,0.018880208333333332,0.0942962147544132,1982.0,0.3915237134207871,0.07971745711402622,0.29868819374369326,0.9486560800819611
large_long,rotatable_xlink,r0009,7.75,pulse_07,3.6599082828282827,-1.2233858733743086,0.0007864082778031486,-0.0007864082778031486,1.0,0.6014897579143389,0.08421781323041945,0.018815104166666666,0.0015220854856254535,1980.0,0.3838383838383839,0.0797979797979798,0.30000000000000004,0.9486702245280566
large_long,rotatable_xlink,r0009,7.8,pulse_07,3.6788081900910012,-1.0965504887267632,0.0013726842404497102,0.0013726842404497102,0.9191102123356927,0.5969868173258004,0.10144312408363351,0.018815104166666666,0.007136040596814719,1978.0,0.38624873609706767,0.0788675429726997,0.2992922143579373,0.9503100278756252
large_long,rotatable_xlink,r0009,7.85,pulse_07,3.668144388270981,-1.1805696297934203,0.0043564088748159575,-0.0043564088748159575,1.0,0.5984848484848485,0.08777406088177908,0.018793402777777777,0.0025295402832022917,1978.0,0.38321536905965614,0.07987866531850354,0.301314459049545,0.9490789414733517
large_long,rotatable_xlink,r0009,7.9,pulse_07,3.6526697368421055,-1.111727730425977,0.005598659853530548,-0.005598659853530548,1.0,0.5938697318007663,0.06250740558120094,0.018424479166666667,0.036001836811603814,1976.0,0.3825910931174089,0.0799595141700405,0.2995951417004049,0.9478526778939088
large_long,rotatable_xlink,r0009,7.95,pulse_07,3.6345524291497977,-0.9645586089237974,0.0026808080673286216,-0.0026808080673286216,1.0,0.5807692307692308,0.07667739170931721,0.01872829861111111,0.004883262742573409,1976.0,0.37955465587044535,0.08198380566801619,0.3006072874493927,0.948006744243649
large_long,rotatable_xlink,r0009,8.0,pulse_07,3.6365848884381338,-1.0824281539705365,0.0006774864294453545,0.0006774864294453545,1.0,0.6,0.03129404782989053,0.018815104166666666,0.039289848348913026,1972.0,0.3803245436105477,0.08113590263691685,0.3012170385395538,0.9481698972834772
large_long,rotatable_xlink,r0010,0.0,initial,2.061745622119816,0.6821760825691585,0.1362179910072947,0.1362179910072947,1.0,0.34306569343065696,0.0,0.004340277777777778,0.0011689244949988353,434.0,0.3824884792626728,0.1981566820276498,0.3732718894009217,0.9202288087957218
large_long,rotatable_xlink,r0010,0.05,initial,2.4703995951417,0.685682856054155,0.07757353986567546,0.07757353986567546,1.0,0.34591194968553457,0.043988629766708566,0.004774305555555556,0.013024628082275724,494.0,0.3846153846153847,0.17813765182186234,0.3643724696356275,0.9342062036718777
large_long,rotatable_xlink,r0010,0.1,initial,2.5271868613138686,0.7603238510628129,0.02945174532873233,0.02945174532873233,1.0,0.3333333333333333,0.09792155779699396,0.005316840277777778,0.011962706013782446,548.0,0.38321167883211676,0.17883211678832117,0.35766423357664234,0.9369106928282267
large_long,rotatable_xlink,r0010,0.15000000000000002,initial,2.647110067114094,0.7574590921368497,0.0386768830325556,0.0386768830325556,1.0,0.33695652173913043,0.09407417835471307,0.005685763888888889,0.0050350696206933705,596.0,0.38590604026845643,0.17114093959731544,0.34563758389261745,0.9379718164584296
large_long,rotatable_xlink,r0010,0.2,initial,2.759248159509202,0.7301134333386526,0.038628370456829764,0.038628370456829764,1.0,0.3838383838383838,0.07089658378624483,0.006336805555555556,0.013359834112557681,652.0,0.3895705521472393,0.1656441717791411,0.34355828220858897,0.9402041161047565
large_long,rotatable_xlink,r0010,0.25,initial,2.8788802898550725,0.6773000874615036,0.04509124282152569,0.04509124282152569,1.0,0.39712918660287083,0.13173441171524713,0.0064453125,0.009753419526110899,690.0,0.39710144927536234,0.1536231884057971,0.3478260869565218,0.9403578801707924
large_long,rotatable_xlink,r0010,0.30000000000000004,initial,3.0297956164383564,0.6715929161819872,0.028545965800168622,0.028545965800168622,1.0,0.3452914798206278,0.08309744906365413,0.007052951388888889,0.02448855894844293,730.0,0.3983516483516484,0.14560439560439561,0.33791208791208793,0.9399142564964728
large_long,rotatable_xlink,r0010,0.35000000000000003,initial,3.0501560846560842,0.530368733770846,0.008096806542974436,0.008096806542974436,1.0,0.3624454148471616,0.08842782062537236,0.007139756944444444,0.02107872250306438,756.0,0.3994708994708995,0.1402116402116402,0.33333333333333337,0.9436920082571025
large_long,rotatable_xlink,r0010,0.4,initial,3.078376455696203,0.545120581163601,0.03567138426463642,0.03567138426463642,1.0,0.38396624472573837,0.08515999704605245,0.0076605902777777775,0.014178924369878887,790.0,0.4,0.1341772151898734,0.33164556962025316,0.9413218044477072
large_long,rotatable_xlink,r0010,0.45,initial,3.2641843902439027,0.6154422799901194,0.053364413561122426,0.053364413561122426,1.0,0.4089068825910931,0.11305255051407002,0.008029513888888888,0.007161048434587851,820.0,0.4121951219512197,0.12682926829268296,0.329268292682927,0.9454509368325011
large_long,rotatable_xlink,r0010,0.5,initial,3.3985629370629376,0.5880868717711281,0.01777368776833832,0.01777368776833832,1.0,0.40458015267175573,0.04475180379852853,0.008311631944444444,0.02235033736464966,858.0,0.4195804195804196,0.12354312354312355,0.324009324009324,0.9452799586778999
large_long,rotatable_xlink,r0010,0.55,initial,3.3708265168539326,0.4813402558022214,0.023380386926291925,0.023380386926291925,1.0,0.3948339483394834,0.08872072180322232,0.008550347222222223,0.004179182499581953,890.0,0.41123595505617966,0.12584269662921346,0.3303370786516854,0.9481730418139002
large_long,rotatable_xlink,r0010,0.6000000000000001,initial,3.538845258620689,0.5630117767736363,0.044744217840906396,0.044744217840906396,1.0,0.4154929577464789,0.08216311230730364,0.008875868055555555,0.008316061479218095,928.0,0.4224137931034484,0.1163793103448276,0.329741379310345,0.9468187120980819
large_long,rotatable_xlink,r0010,0.65,initial,3.639291823899371,0.53123662467753,0.014846350339174771,0.014846350339174771,1.0,0.43050847457627117,0.09030084657466732,0.009309895833333333,0.021146827484554116,954.0,0.4276729559748428,0.11530398322851154,0.32494758909853244,0.9460416279540645
large_long,rotatable_xlink,r0010,0.7000000000000001,initial,3.6279233606557377,0.689892741680961,0.0077967039832285145,-0.0077967039832285145,1.0,0.4429530201342282,0.09784960418987422,0.009548611111111112,0.010280523642068698,976.0,0.4221311475409836,0.11065573770491803,0.32991803278688525,0.9450087545868141
large_long,rotatable_xlink,r0010,0.75,initial,3.5925116,0.5929197665299422,0.015519652197486819,-0.015519652197486819,1.0,0.42295081967213116,0.06971864175072497,0.009743923611111111,0.02949616190189071,1000.0,0.42200000000000004,0.10599999999999998,0.33400000000000013,0.9422210026048224
large_long,rotatable_xlink,r0010,0.8,initial,3.534805447470817,0.5129157702696168,0.017326392620865178,-0.017326392620865178,1.0,0.4129032258064516,0.07705373895672835,0.009657118055555556,0.013809569699675154,1028.0,0.41325536062378176,0.10916179337231971,0.34892787524366475,0.9407728479093767
large_long,rotatable_xlink,r0010,0.8500000000000001,initial,3.488553244274809,0.5100623483318912,0.0008570841998226294,-0.0008570841998226294,1.0,0.4405144694533762,0.0946203567794206,0.009874131944444444,0.016200248958345265,1048.0,0.41074856046065256,0.10556621880998081,0.3550863723608445,0.9420901519816892
large_long,rotatable_xlink,r0010,0.9,initial,3.529662942271881,0.6101172640196884,0.002393153655081045,-0.002393153655081045,1.0,0.4603174603174603,0.14979652887080874,0.010416666666666666,0.021701096391959884,1074.0,0.4096834264432031,0.10242085661080078,0.34636871508379896,0.9436624741733317
large_long,rotatable_xlink,r0010,0.9500000000000001,initial,3.4741943223443226,0.6402689266836505,0.00014003718842621934,-0.00014003718842621934,1.0,0.4392523364485981,0.10644990591719934,0.010503472222222223,0.02500674125898476,1092.0,0.4084249084249085,0.10256410256410256,0.35531135531135527,0.9463287611564299
large_long,rotatable_xlink,r0010,1.0,initial,3.5288227191413237,0.7601577115735969,0.018209465599000385,0.018209465599000385,1.0,0.4457831325301205,0.09624524841369965,0.010894097222222222,0.03996292829664879,1118.0,0.41144901610017887,0.10017889087656531,0.34525939177101966,0.9447047893365482
large_long,rotatable_xlink,r0010,1.05,pulse_01,4.035468218298555,0.6950205809331107,0.012578418838371963,-0.012578418838371963,1.0,0.5242966751918159,0.0476208456303054,0.011827256944444444,0.03407661184194096,1246.0,0.462279293739968,0.0914927768860353,0.3210272873194221,0.9422585411578374
large_long,rotatable_xlink,r0010,1.1,pulse_01,3.997732961783439,0.7972504164589336,0.00591585790540224,-0.00591585790540224,1.0,0.49373433583959897,0.03881107507993155,0.012022569444444445,0.019568828313820636,1256.0,0.4601910828025478,0.09235668789808917,0.3152866242038217,0.9429897494071026
large_long,rotatable_xlink,r0010,1.15,pulse_01,3.9999730708661416,0.8124335508160345,0.010765960820772488,0.010765960820772488,1.0,0.4963325183374083,0.07600576715105092,0.012087673611111112,0.006734782114181585,1270.0,0.45984251968503936,0.08976377952755904,0.3181102362204724,0.9390181707953833
large_long,rotatable_xlink,r0010,1.2,pulse_01,4.062328726708074,0.7568417237738441,0.011368222756877655,0.011368222756877655,1.0,0.5228915662650603,0.04004424865205179,0.012413194444444444,0.011024828211673424,1288.0,0.46583850931677,0.0854037267080745,0.3152173913043478,0.937416789361692
large_long,rotatable_xlink,r0010,1.25,pulse_01,4.0681824074074076,0.746284581545994,0.006150428500308299,0.006150428500308299,1.0,0.5325301204819277,0.05624331415946277,0.012217881944444444,0.008956217528969357,1296.0,0.4652241112828438,0.0911901081916538,0.3153013910355488,0.9362256151394641
large_long,rotatable_xlink,r0010,1.3,pulse_01,4.099231297709924,0.7031044186000279,0.007606852179695996,0.007606852179695996,1.0,0.5465393794749404,0.08359085818208184,0.012478298611111112,0.01822080979402302,1310.0,0.4656488549618321,0.09160305343511449,0.3190839694656489,0.9400071073639911
large_long,rotatable_xlink,r0010,1.35,pulse_01,4.1138235204855835,0.6369597227818559,0.0044832005081335185,0.0044832005081335185,1.0,0.5508274231678487,0.026222696869811147,0.012782118055555555,0.01725393378337921,1318.0,0.46737481031866446,0.08952959028831563,0.3171471927162367,0.9394239420958687
large_long,rotatable_xlink,r0010,1.4,pulse_01,4.126130500758725,0.5995808158997527,0.010734081927101494,0.010734081927101494,1.0,0.5283018867924528,0.042216531171130944,0.0125,0.0325195468697597,1318.0,0.47040971168437007,0.08952959028831563,0.3186646433990895,0.9375583187759974
large_long,rotatable_xlink,r0010,1.45,pulse_01,4.1782280120481925,0.44184244156329766,0.012204736630167487,0.012204736630167487,1.0,0.5576470588235294,0.047464851630701944,0.012434895833333333,0.0273678251210495,1328.0,0.47439759036144585,0.08734939759036142,0.3147590361445783,0.9363316756811642
large_long,rotatable_xlink,r0010,1.5,pulse_01,4.19935892053973,0.43537386517345567,0.003999678071451296,0.003999678071451296,1.0,0.5664335664335665,0.06578471680469412,0.0125,0.003680112937643957,1334.0,0.4669669669669669,0.09009009009009009,0.31831831831831825,0.9385678247506996
large_long,rotatable_xlink,r0010,1.55,pulse_01,4.2022260804769,0.4197617639374339,0.0031744515149833377,0.0031744515149833377,1.0,0.5664335664335665,0.08263564694013707,0.012478298611111112,0.022112075602527592,1342.0,0.47391952309985097,0.08792846497764528,0.31445603576751113,0.9363068454664121
large_long,rotatable_xlink,r0010,1.6,pulse_01,4.21840562962963,0.3027014115582901,0.003271984614796608,0.003271984614796608,1.0,0.5767441860465117,0.07187166134185544,0.012803819444444444,0.010124929003446942,1350.0,0.4711111111111112,0.08592592592592595,0.3096296296296297,0.9352672069005428
large_long,rotatable_xlink,r0010,1.65,pulse_01,4.22185798816568,0.35901218991675227,0.0044983285905651664,0.0044983285905651664,1.0,0.5353075170842825,0.0628205823185015,0.012934027777777777,0.0155143875658565,1352.0,0.4718934911242605,0.08579881656804735,0.31656804733727817,0.93614111854751
large_long,rotatable_xlink,r0010,1.7000000000000002,pulse_01,4.245395601173021,0.3957877369534291,0.007135428886419752,-0.007135428886419752,1.0,0.5555555555555556,0.049144035320816494,0.012890625,0.012953958302229026,1364.0,0.47507331378299095,0.08651026392961876,0.31231671554252183,0.9404768892207246
large_long,rotatable_xlink,r0010,1.75,pulse_01,4.179045414847161,0.4367359397301264,0.019037472361446522,-0.019037472361446522,1.0,0.5681818181818182,0.03335133910073064,0.013129340277777778,0.010206714523366254,1374.0,0.4716157205240175,0.08733624454148473,0.31295487627365354,0.9429215893215888
large_long,rotatable_xlink,r0010,1.8,pulse_01,4.131170767004342,0.45702802409362664,0.01016748748893607,-0.01016748748893607,1.0,0.5707762557077626,0.046260708811592666,0.013194444444444444,0.0071450781111463135,1382.0,0.46164978292329967,0.08393632416787265,0.31259044862518093,0.9408011787466939
large_long,rotatable_xlink,r0010,1.85,pulse_01,4.118040489913545,0.4796064083970043,0.0015282917061729684,0.0015282917061729684,1.0,0.5770114942528736,0.07394525856002443,0.013194444444444444,0.004165129498489868,1388.0,0.45821325648414984,0.08357348703170028,0.30835734870316994,0.9398914036542613
large_long,rotatable_xlink,r0010,1.9,pulse_01,4.14034051724138,0.48201880108456585,0.0013969766094425278,0.0013969766094425278,1.0,0.5862068965517241,0.11003176393904815,0.013064236111111112,0.008044095833546613,1392.0,0.45689655172413807,0.08189655172413797,0.30890804597701166,0.9390122290338423
large_long,rotatable_xlink,r0010,1.9500000000000002,pulse_01,4.1264223495702,0.527870983398284,8.346141215091289e-05,8.346141215091289e-05,1.0,0.5825688073394495,0.06179507762060075,0.013324652777777777,0.0036044729581069155,1396.0,0.4562410329985654,0.08321377331420374,0.30703012912482064,0.9405652290700068
large_long,rotatable_xlink,r0010,2.0,pulse_01,4.140841285714285,0.5036456388332073,0.00480631204802832,0.00480631204802832,1.0,0.5852534562211982,0.07107188399421593,0.01325954861111111,0.008075114855025545,1400.0,0.45285714285714296,0.0842857142857143,0.3057142857142857,0.9380537321886807
large_long,rotatable_xlink,r0010,2.05,pulse_02,4.688794140625,0.9531155576456612,0.002577777777778086,-0.002577777777778086,1.0,0.6,0.08173294376920097,0.01482204861111111,0.0038598410112649453,1536.0,0.5,0.07552083333333334,0.28125,0.9334283260486266
large_long,rotatable_xlink,r0010,2.1,pulse_02,4.681060807291666,0.9415360346118664,0.005272930435433014,0.005272930435433014,1.0,0.592079207920792,0.056227328900588056,0.014887152777777777,0.005209364364016515,1536.0,0.5,0.07552083333333333,0.28125,0.9361743478097724
large_long,rotatable_xlink,r0010,2.15,pulse_02,4.720431723237598,0.9218593714615622,0.004119412883939096,0.004119412883939096,1.0,0.5968063872255489,0.07659826186577702,0.014713541666666666,0.0022299510953905735,1532.0,0.5006535947712418,0.07058823529411765,0.2784313725490196,0.9385935552257935
large_long,rotatable_xlink,r0010,2.2,pulse_02,4.7057772845953005,0.9549157411842099,0.007108964316797195,-0.007108964316797195,1.0,0.6,0.0886203001465928,0.014539930555555556,0.01478347802944909,1532.0,0.5019607843137255,0.07320261437908497,0.27712418300653596,0.9349939775446391
large_long,rotatable_xlink,r0010,2.25,pulse_02,4.677777937336815,1.0105602396382567,0.020406701479547557,-0.020406701479547557,1.0,0.5928853754940712,0.08841607501645006,0.01482204861111111,0.027918961569523688,1532.0,0.49673202614379086,0.07320261437908496,0.27712418300653596,0.9346899764551833
large_long,rotatable_xlink,r0010,2.3,pulse_02,4.583337075718015,1.122429510601352,0.03116961264981777,-0.03116961264981777,1.0,0.601593625498008,0.13174922220931637,0.014453125,0.04689605128468721,1532.0,0.48955613577023505,0.0731070496083551,0.2806788511749347,0.9397522394619667
large_long,rotatable_xlink,r0010,2.35,pulse_02,4.4907602614379085,1.29193654734638,0.02746686864061158,-0.02746686864061158,1.0,0.5935613682092555,0.1329623335719761,0.014605034722222222,0.047043744521370244,1530.0,0.48235294117647076,0.0718954248366013,0.27712418300653596,0.9372213102023745
large_long,rotatable_xlink,r0010,2.4,pulse_02,4.418535863874346,1.4046919777295734,0.021153564515393224,-0.021153564515393224,1.0,0.5787321063394683,0.07114873453878161,0.014344618055555555,0.016979147037490594,1528.0,0.46858638743455483,0.07068062827225129,0.2801047120418847,0.9384872418624055
large_long,rotatable_xlink,r0010,2.45,pulse_02,4.363838874345549,1.3938114295713235,0.023184068181766253,-0.023184068181766253,1.0,0.5684647302904564,0.07069630828347338,0.014344618055555555,0.0009747385879914638,1528.0,0.46657929226736555,0.07339449541284404,0.2830930537352556,0.9346143497290424
large_long,rotatable_xlink,r0010,2.5,pulse_02,4.279431454783748,1.3988435462016247,0.02073742518111314,-0.02073742518111314,1.0,0.5617021276595745,0.07862906559353372,0.0146484375,0.004057405379596535,1526.0,0.452755905511811,0.0721784776902887,0.2834645669291339,0.9361021045776721
large_long,rotatable_xlink,r0010,2.55,pulse_02,4.23941432325887,1.4181558618489027,0.010385812639396677,-0.010385812639396677,1.0,0.5714285714285714,0.09757435220996519,0.014322916666666666,0.005593796988727788,1522.0,0.44342105263157905,0.07236842105263158,0.2842105263157894,0.9336194322715178
large_long,rotatable_xlink,r0010,2.6,pulse_02,4.217116578947368,1.4324063281339914,0.008002189841390747,-0.008002189841390747,1.0,0.5921908893709328,0.08390075500677271,0.014691840277777778,4.1868801858487475e-06,1520.0,0.4421052631578948,0.07105263157894737,0.2868421052631579,0.9346045121468356
large_long,rotatable_xlink,r0010,2.65,pulse_02,4.191401184210526,1.4181307405677877,0.006312543859649041,-0.006312543859649041,1.0,0.5824175824175825,0.0988672524512159,0.014431423611111112,0.0024092783622740774,1520.0,0.4368421052631578,0.07105263157894737,0.2868421052631579,0.9323086869658971
large_long,rotatable_xlink,r0010,2.7,pulse_02,4.179241315789474,1.417950657960347,0.002578771929824549,-0.002578771929824549,1.0,0.5633187772925764,0.09040967542589452,0.014539930555555556,0.0011387573673043623,1520.0,0.43535620052770446,0.07255936675461741,0.2875989445910291,0.9324979509969074
large_long,rotatable_xlink,r0010,2.75,pulse_02,4.175928552631579,1.4112981963639615,0.0038426315789473384,-0.0038426315789473384,1.0,0.5608695652173913,0.057315963944310516,0.014670138888888889,0.006510246552454875,1520.0,0.4334650856389987,0.07246376811594203,0.2885375494071146,0.9316135436246867
large_long,rotatable_xlink,r0010,2.8,pulse_02,4.15618552631579,1.3788891786456177,0.015028254599773453,-0.015028254599773453,1.0,0.5701754385964912,0.08170143322011472,0.014279513888888888,0.015487582008154366,1520.0,0.4407894736842105,0.06973684210526317,0.2881578947368421,0.9349766106780082
large_long,rotatable_xlink,r0010,2.85,pulse_02,4.085759025032938,1.3183727043150353,0.03767049066176642,-0.03767049066176642,1.0,0.5723830734966593,0.05733979872871807,0.014496527777777778,0.012171097519489193,1518.0,0.4321475625823452,0.07378129117259552,0.29117259552042163,0.9395278040470669
large_long,rotatable_xlink,r0010,2.9,pulse_02,3.9301625823451913,1.3058625935286825,0.05571262626262626,-0.05571262626262626,1.0,0.5401785714285714,0.07913984468725685,0.014344618055555555,0.0052367202188142725,1518.0,0.4255599472990779,0.077733860342556,0.2964426877470356,0.941402898225554
large_long,rotatable_xlink,r0010,2.95,pulse_02,3.7514832674571803,1.2869523830021496,0.03333529846474385,-0.03333529846474385,1.0,0.5426008968609866,0.09453965175455765,0.014409722222222223,0.008593421334512427,1518.0,0.40447957839262194,0.07905138339920947,0.30566534914361,0.9396390822955818
large_long,rotatable_xlink,r0010,3.0,pulse_02,3.7301507915567282,1.254302065521608,0.007110825300150688,-0.007110825300150688,1.0,0.5266821345707656,0.10187373656362572,0.014388020833333333,0.010883439160180567,1516.0,0.3970976253298153,0.079155672823219,0.30606860158311355,0.9379694582926709
large_long,rotatable_xlink,r0010,3.05,pulse_03,4.206178033980582,1.1471363506681382,0.006894093851132747,-0.006894093851132747,1.0,0.6072144288577155,0.0751100932508006,0.015733506944444444,0.038330037111972505,1648.0,0.4441747572815534,0.07402912621359221,0.28276699029126207,0.9378108434654734
large_long,rotatable_xlink,r0010,3.1,pulse_03,4.185495752427184,1.0321462393322207,0.002968325242718469,-0.002968325242718469,1.0,0.6016260162601627,0.08974269923273887,0.015733506944444444,0.03444718761521239,1648.0,0.44053398058252424,0.07038834951456309,0.2827669902912621,0.9358027837613062
large_long,rotatable_xlink,r0010,3.15,pulse_03,4.1883680825242715,0.9404532249768639,0.00593501449814567,0.00593501449814567,1.0,0.5950920245398773,0.04641463369737092,0.015603298611111111,0.018789758692252596,1648.0,0.4441747572815534,0.0716019417475728,0.28398058252427183,0.9347691007672023
large_long,rotatable_xlink,r0010,3.2,pulse_03,4.221105839416058,0.9194076871787051,0.005096173237824668,0.005096173237824668,1.0,0.5813008130081301,0.07216644510365024,0.015603298611111111,0.0138515604411756,1644.0,0.43917274939172735,0.06690997566909976,0.2834549878345499,0.9323801805243296
large_long,rotatable_xlink,r0010,3.25,pulse_03,4.2189451219512195,0.8573438623298103,0.012345810634383744,-0.012345810634383744,1.0,0.5746421267893661,0.10011900215096156,0.015668402777777778,0.0007583790073061869,1640.0,0.4439024390243903,0.06585365853658535,0.2817073170731708,0.9311830351784752
large_long,rotatable_xlink,r0010,3.3,pulse_03,4.147030975609756,0.914857413134868,0.014287760455443443,-0.014287760455443443,1.0,0.6057494866529775,0.10883074131461827,0.015364583333333333,0.026504682604851004,1640.0,0.4390243902439025,0.06707317073170731,0.28292682926829277,0.933059891259969
large_long,rotatable_xlink,r0010,3.35,pulse_03,4.133218559218559,1.0163719579589163,0.0028801931266565126,-0.0028801931266565126,1.0,0.6024844720496895,0.07601811140366398,0.015516493055555556,0.015159066884395703,1638.0,0.4400977995110025,0.06723716381418093,0.28117359413202936,0.9350348240074499
large_long,rotatable_xlink,r0010,3.4,pulse_03,4.129749816849817,1.0058118144412422,0.0028699304317888106,0.0028699304317888106,1.0,0.6098562628336756,0.08667941060027609,0.015603298611111111,0.0071381769659386585,1638.0,0.4395604395604396,0.06837606837606837,0.2808302808302808,0.9338782878239342
large_long,rotatable_xlink,r0010,3.45,pulse_03,4.150438141809292,0.9735428961632844,0.0045739901333538375,0.0045739901333538375,1.0,0.6229508196721312,0.08893197347001433,0.01564670138888889,0.008579786008301097,1636.0,0.44009779951100236,0.06601466992665037,0.2787286063569683,0.9338823917043563
large_long,rotatable_xlink,r0010,3.5,pulse_03,4.15719375764994,0.9543330983914357,3.5738622597018356e-05,-3.5738622597018356e-05,1.0,0.6288659793814433,0.10536529400588066,0.015407986111111112,0.003324247742274337,1634.0,0.43941248470012245,0.06731946144430843,0.2815177478580171,0.9333998596863238
large_long,rotatable_xlink,r0010,3.55,pulse_03,4.15022371007371,0.9535974097096384,0.0013818932002049127,0.0013818932002049127,1.0,0.6200417536534447,0.08599983266601598,0.015342881944444444,0.003247889029788712,1628.0,0.4322660098522168,0.06403940886699507,0.27709359605911327,0.9328356005334305
large_long,rotatable_xlink,r0010,3.6,pulse_03,4.165485116851169,0.9348457642127034,0.0038708233476683063,-0.0038708233476683063,1.0,0.6291666666666667,0.07000321370901874,0.0154296875,9.031693902024814e-05,1626.0,0.42927429274292733,0.06396063960639606,0.2767527675276752,0.9299325413250451
large_long,rotatable_xlink,r0010,3.65,pulse_03,4.1269987699877,0.9530555080755169,0.016624592545802397,-0.016624592545802397,1.0,0.6125,0.05768282548751605,0.015364583333333333,0.012799933432094679,1626.0,0.4280442804428045,0.06519065190651906,0.2779827798277983,0.9308937592488622
large_long,rotatable_xlink,r0010,3.7,pulse_03,4.065737561576355,1.0116453648052715,0.011687300135640122,-0.011687300135640122,1.0,0.6168421052631579,0.08691016540836334,0.015494791666666667,0.006151670110868294,1624.0,0.4248768472906404,0.06403940886699507,0.2807881773399014,0.9328517656069542
large_long,rotatable_xlink,r0010,3.75,pulse_03,4.056874969173859,0.9899655287407266,0.006581825408636129,-0.006581825408636129,1.0,0.614406779661017,0.101689611729786,0.015321180555555555,0.004765311248082271,1622.0,0.4180024660912453,0.06288532675709002,0.279901356350185,0.9329269553128757
large_long,rotatable_xlink,r0010,3.8,pulse_03,4.026246609124538,0.9830534973167778,0.001294696508400417,-0.001294696508400417,1.0,0.6042553191489362,0.10099598456166956,0.015603298611111111,0.0009175715591593914,1622.0,0.4118372379778051,0.06535141800246609,0.28483353884093704,0.9314711376094443
large_long,rotatable_xlink,r0010,3.85,pulse_03,4.0491067901234565,0.995470958095683,0.002132705063605892,0.002132705063605892,1.0,0.592274678111588,0.09509729809860379,0.015321180555555555,0.009598592552113502,1620.0,0.4133663366336634,0.0655940594059406,0.28217821782178215,0.9286653228030121
large_long,rotatable_xlink,r0010,3.9,pulse_03,4.039042839506173,1.0406450526294588,0.0020373234965656017,0.0020373234965656017,1.0,0.5720524017467249,0.10137031738198492,0.015321180555555555,0.0014142476641945678,1620.0,0.4133663366336634,0.06683168316831684,0.28341584158415845,0.9317004626544969
large_long,rotatable_xlink,r0010,3.95,pulse_03,4.06133073110285,0.9869854721105156,0.009423806584362074,-0.009423806584362074,1.0,0.5860566448801743,0.09290062312294785,0.01521267361111111,0.0036064061346486875,1614.0,0.41191066997518605,0.06203473945409431,0.2803970223325062,0.930750027880007
large_long,rotatable_xlink,r0010,4.0,pulse_03,3.982500000000001,1.0190066158215667,0.02627691036761644,-0.02627691036761644,1.0,0.5796460176991151,0.055557783537695,0.015407986111111112,0.010673714570350379,1614.0,0.40768277571251543,0.060718711276332084,0.28004956629491945,0.9325612866573098
large_long,rotatable_xlink,r0010,4.05,pulse_04,4.426652637614679,1.32759217953165,0.005005657492354783,0.005005657492354783,1.0,0.6269230769230769,0.08395598520098099,0.016471354166666667,0.03740908037902679,1744.0,0.44954128440366975,0.05733944954128439,0.26146788990825687,0.9326742135159547
large_long,rotatable_xlink,r0010,4.1,pulse_04,4.441669610091743,1.2153649383945697,0.005082377675841077,-0.005082377675841077,1.0,0.6152380952380953,0.08404932396788425,0.016710069444444444,0.02380414987152883,1744.0,0.45756880733944943,0.05733944954128441,0.2626146788990825,0.9335385667955877
large_long,rotatable_xlink,r0010,4.15,pulse_04,4.396158371559633,1.1847672803024771,0.008135061306909405,-0.008135061306909405,1.0,0.6121673003802282,0.09067905102666728,0.01644965277777778,0.0006475539095614676,1744.0,0.4552752293577981,0.05733944954128439,0.26146788990825687,0.9330435012880994
large_long,rotatable_xlink,r0010,4.2,pulse_04,4.392859242250287,1.2192502618519385,0.005420807805195309,0.005420807805195309,1.0,0.6190476190476191,0.07579373190443511,0.01640625,0.016390623129782084,1742.0,0.4533947065592635,0.05983889528193326,0.26352128883774456,0.9333744351476967
large_long,rotatable_xlink,r0010,4.25,pulse_04,4.4286832183908045,1.2831110190811696,0.004871294873994329,0.004871294873994329,1.0,0.6178107606679035,0.08954905188023513,0.01644965277777778,0.021919123217085668,1740.0,0.46206896551724147,0.06551724137931035,0.2597701149425287,0.9347268847566452
large_long,rotatable_xlink,r0010,4.3,pulse_04,4.422087011494253,1.3507650011544525,0.0006354078982755418,-0.0006354078982755418,1.0,0.6305970149253731,0.12703267345304806,0.016493055555555556,0.006393651529252716,1740.0,0.46781609195402296,0.06666666666666668,0.2574712643678161,0.9339780964129824
large_long,rotatable_xlink,r0010,4.35,pulse_04,4.424870771001151,1.321472928256686,0.0035057896071143033,0.0035057896071143033,1.0,0.6377358490566037,0.1184948173882506,0.016319444444444445,0.01540106753188264,1738.0,0.45914844649021863,0.0678941311852704,0.2566168009205984,0.9356412274924061
large_long,rotatable_xlink,r0010,4.4,pulse_04,4.443121749136939,1.2583585959631567,0.0015595512082855478,-0.0015595512082855478,1.0,0.6490566037735849,0.12599354931241988,0.01640625,0.0230696328418382,1738.0,0.45506912442396324,0.06682027649769587,0.2569124423963134,0.9347771262415258
large_long,rotatable_xlink,r0010,4.45,pulse_04,4.415513463751438,1.1830551312056568,0.004748906789413088,-0.004748906789413088,1.0,0.6322701688555347,0.10867742122057432,0.016471354166666667,0.015353225535120233,1738.0,0.4579976985040276,0.06789413118527043,0.25776754890678943,0.9354847009354645
large_long,rotatable_xlink,r0010,4.5,pulse_04,4.41462830840046,1.1662392427524353,0.004424138529906418,0.004424138529906418,1.0,0.6411214953271028,0.1250531522432716,0.0166015625,0.0035421377069999593,1738.0,0.4591484464902186,0.07019562715765246,0.25431530494821625,0.9336606962747631
large_long,rotatable_xlink,r0010,4.55,pulse_04,4.4420582949308764,1.2043079574476565,0.007505777896347728,0.007505777896347728,1.0,0.6397748592870544,0.16370333757787855,0.016080729166666665,0.005149863589184382,1736.0,0.466589861751152,0.06682027649769587,0.2580645161290323,0.9309115444907469
large_long,rotatable_xlink,r0010,4.6,pulse_04,4.459662975778547,1.135340061217329,0.007564217280840039,0.007564217280840039,1.0,0.6539923954372624,0.09861949633978112,0.016167534722222224,0.006602868609281128,1734.0,0.46943483275663206,0.06459054209919261,0.2560553633217993,0.9310076683289463
large_long,rotatable_xlink,r0010,4.65,pulse_04,4.487443598615917,1.1646907457919697,0.00447212610534405,0.00447212610534405,1.0,0.6635160680529301,0.09244116893537765,0.01640625,0.003089557904510857,1734.0,0.47404844290657444,0.06459054209919261,0.25259515570934254,0.9303829513950016
large_long,rotatable_xlink,r0010,4.7,pulse_04,4.486495732410611,1.1538774086443941,0.0028166474432909836,-0.0028166474432909836,1.0,0.6666666666666666,0.10641982088931436,0.016731770833333333,0.002672006861160351,1734.0,0.4728950403690888,0.06459054209919261,0.25259515570934254,0.9312391111394919
large_long,rotatable_xlink,r0010,4.75,pulse_04,4.470543713956171,1.1486587046250076,0.0051318915801614,-0.0051318915801614,1.0,0.6610169491525424,0.1054626986965866,0.016362847222222223,0.0007670401445408389,1734.0,0.4728950403690889,0.06459054209919261,0.25259515570934254,0.9308165804615267
large_long,rotatable_xlink,r0010,4.8,pulse_04,4.4557043829296425,1.1584796495116392,0.00227370213357266,-0.00227370213357266,1.0,0.6704545454545454,0.13063454244360612,0.016037326388888887,0.013526153275871996,1734.0,0.47113163972286376,0.06466512702078522,0.2517321016166282,0.9329459828724452
large_long,rotatable_xlink,r0010,4.85,pulse_04,4.456901501154735,1.0675017849697757,0.00816695450674961,-0.00816695450674961,1.0,0.6761904761904762,0.13286914422657004,0.01642795138888889,0.040351004011291124,1732.0,0.4676674364896073,0.06351039260969978,0.2540415704387991,0.9338401650359665
large_long,rotatable_xlink,r0010,4.9,pulse_04,4.406702655889145,0.9163736254438924,0.014842436489607517,-0.014842436489607517,1.0,0.649325626204239,0.11920108507775329,0.01644965277777778,0.019149835915878138,1732.0,0.45958429561200925,0.06351039260969976,0.25866050808314084,0.9315432405347577
large_long,rotatable_xlink,r0010,4.95,pulse_04,4.36784688221709,0.9526027694745068,0.012103560431100835,-0.012103560431100835,1.0,0.6332046332046332,0.12352542842919707,0.01657986111111111,0.01587659666331385,1732.0,0.4538106235565819,0.06351039260969978,0.2609699769053118,0.9348900656997886
large_long,rotatable_xlink,r0010,5.0,pulse_04,4.33408129330254,1.0116332054237756,0.011255196304849946,-0.011255196304849946,1.0,0.6286266924564797,0.15930895757931854,0.016059027777777776,0.01967681198308957,1732.0,0.4526558891454965,0.06235565819861433,0.2644341801385681,0.9344090943452262
large_long,rotatable_xlink,r0010,5.05,pulse_05,4.796081682641107,0.8681797661996732,0.01579875754348592,-0.01579875754348592,1.0,0.5802047781569966,0.1455047940683886,0.017860243055555555,0.002233659935577078,1878.0,0.48668796592119257,0.055378061767838126,0.2438764643237487,0.9303899207643199
large_long,rotatable_xlink,r0010,5.1,pulse_05,4.7486854100106495,0.861478786392942,0.014075109864491342,-0.014075109864491342,1.0,0.5820379965457686,0.12169280711906637,0.01773003472222222,0.04160684707859832,1878.0,0.4824281150159743,0.0564430244941427,0.24813631522896698,0.9294140313551852
large_long,rotatable_xlink,r0010,5.15,pulse_05,4.711631023454159,0.6185386837280833,0.02147812981343093,-0.02147812981343093,1.0,0.5704225352112676,0.08303644291314907,0.017621527777777778,0.06598566169748372,1876.0,0.47065101387406616,0.053361792956243326,0.2486659551760939,0.9301275877939266
large_long,rotatable_xlink,r0010,5.2,pulse_05,4.619816631130064,0.4655648162080396,0.02672007818052628,-0.02672007818052628,1.0,0.5539568345323741,0.08030185450888042,0.017643229166666666,0.022112438509791183,1876.0,0.4594882729211089,0.05543710021321961,0.24840085287846483,0.9278369544797147
large_long,rotatable_xlink,r0010,5.25,pulse_05,4.5513105543710015,0.4858640526693362,0.01683872270971154,-0.01683872270971154,1.0,0.5499092558983666,0.1142647210000202,0.01773003472222222,0.0033041267878822687,1876.0,0.45309168443496806,0.056503198294243086,0.2547974413646056,0.9281035090167359
large_long,rotatable_xlink,r0010,5.3,pulse_05,4.518784294871795,0.4853895769353332,0.014448464902289349,-0.014448464902289349,1.0,0.5469613259668509,0.08071114822843506,0.01773003472222222,0.007591637950932724,1872.0,0.4455128205128204,0.056623931623931624,0.251068376068376,0.9318389618117132
large_long,rotatable_xlink,r0010,5.35,pulse_05,4.464619764957265,0.44031422496373984,0.032244462250712314,-0.032244462250712314,1.0,0.5452865064695009,0.07213977447062732,0.0177734375,0.030514380939536356,1872.0,0.4433760683760684,0.06196581196581197,0.2553418803418804,0.9309826695890602
large_long,rotatable_xlink,r0010,5.4,pulse_05,4.325317521367521,0.30230329129811506,0.03372795584045596,-0.03372795584045596,1.0,0.5009107468123861,0.08814112261509596,0.017643229166666666,0.0486086665142407,1872.0,0.43910256410256404,0.06517094017094019,0.25961538461538464,0.9318950891212158
large_long,rotatable_xlink,r0010,5.45,pulse_05,4.26225202991453,0.14866222587829564,0.013095868945868746,-0.013095868945868746,1.0,0.4719710669077758,0.023680537285431787,0.017838541666666666,0.029548946508577065,1872.0,0.4342245989304813,0.06737967914438502,0.26524064171122996,0.934519433379767
large_long,rotatable_xlink,r0010,5.5,pulse_05,4.246742307692308,0.12500961224665266,0.004165865384615349,-0.004165865384615349,1.0,0.484573502722323,0.09062440020627376,0.017838541666666666,0.0009621091980483812,1872.0,0.436965811965812,0.06517094017094018,0.266025641025641,0.9339261449908326
large_long,rotatable_xlink,r0010,5.55,pulse_05,4.237256837606838,0.14288957069000535,0.007942610398860536,-0.007942610398860536,1.0,0.47731397459165154,0.06322274925870491,0.017816840277777777,0.0089144340703703,1872.0,0.43361884368308345,0.06745182012847965,0.27408993576017127,0.9331287835954782
large_long,rotatable_xlink,r0010,5.6,pulse_05,4.199086645299145,0.17849621666887447,0.010238906695156777,-0.010238906695156777,1.0,0.4727272727272727,0.07386411819403191,0.01755642361111111,0.014763953010196335,1872.0,0.4316239316239316,0.06944444444444445,0.27350427350427353,0.9354001082818293
large_long,rotatable_xlink,r0010,5.65,pulse_05,4.175823397435897,0.23147328875118336,0.012127564102564067,-0.012127564102564067,1.0,0.46422018348623856,0.05755195269836844,0.017643229166666666,0.007714471425390029,1872.0,0.422008547008547,0.07264957264957266,0.2713675213675214,0.9351991691394957
large_long,rotatable_xlink,r0010,5.7,pulse_05,4.126321260683761,0.22478304522121464,0.013367678538781439,-0.013367678538781439,1.0,0.4612546125461255,0.08928398956567356,0.017621527777777778,0.013853384412807965,1872.0,0.41773504273504275,0.0705128205128205,0.2756410256410256,0.9366830663692874
large_long,rotatable_xlink,r0010,5.75,pulse_05,4.095617326203208,0.31459359522803115,0.008999706901968718,-0.008999706901968718,1.0,0.441340782122905,0.09796176542901361,0.017664930555555555,0.0250937451085413,1870.0,0.4126473740621651,0.06966773847802786,0.27545551982851013,0.9343042232630743
large_long,rotatable_xlink,r0010,5.8,pulse_05,4.072323019271948,0.37534551587246245,0.027820571497822428,-0.027820571497822428,1.0,0.44074074074074077,0.11556139065997563,0.01742621527777778,0.004676251974910765,1868.0,0.4147909967845659,0.0632368703108253,0.2754555198285102,0.9335460688624116
large_long,rotatable_xlink,r0010,5.85,pulse_05,3.9286938972162737,0.28653608337856656,0.038553604070360535,-0.038553604070360535,1.0,0.42962962962962964,0.07524588758160046,0.0173828125,0.03460187751725672,1868.0,0.4072883172561629,0.0782422293676313,0.28724544480171493,0.934662720143777
large_long,rotatable_xlink,r0010,5.9,pulse_05,3.841001394849785,0.16773425076892212,0.0270023626977051,-0.0270023626977051,1.0,0.3974121996303142,0.08291058432753748,0.017296006944444445,0.03589151257197338,1864.0,0.40450643776824025,0.08476394849785406,0.28755364806866945,0.9342427510669769
large_long,rotatable_xlink,r0010,5.95,pulse_05,3.766679721030043,0.07118700794672628,0.023106193806865367,-0.023106193806865367,1.0,0.3879781420765027,0.08833437541836572,0.017296006944444445,0.022841845834081664,1864.0,0.4027926960257786,0.09237379162191191,0.2921589688506982,0.936259606787719
large_long,rotatable_xlink,r0010,6.0,pulse_05,3.702364232008593,0.03068317576443214,0.021438496340483375,-0.021438496340483375,1.0,0.390990990990991,0.054538424356361304,0.017534722222222222,0.013501277394098047,1862.0,0.4081632653061226,0.0966702470461869,0.2964554242749732,0.9402423746641282
large_long,rotatable_xlink,r0010,6.05,pulse_06,3.9868080402010047,0.1967592123035491,0.023406678722915537,-0.023406678722915537,1.0,0.45365853658536587,0.04659705418884677,0.01875,0.006556179123060335,1990.0,0.44120603015075377,0.09246231155778893,0.2904522613065327,0.9383211186402652
large_long,rotatable_xlink,r0010,6.1,pulse_06,3.916588004032258,0.2164277496727301,0.019785395813070705,-0.019785395813070705,1.0,0.4359805510534846,0.053255934766493686,0.018511284722222222,0.010286850433964045,1984.0,0.4389505549949546,0.09586276488395559,0.2966700302724521,0.941368882542726
large_long,rotatable_xlink,r0010,6.15,pulse_06,3.8680956653225804,0.25848031490733336,0.025021367675410005,-0.025021367675410005,1.0,0.42301458670988656,0.08184530642667599,0.018663194444444444,0.00565403486877016,1984.0,0.4395161290322583,0.09677419354838712,0.29737903225806456,0.943775825042382
large_long,rotatable_xlink,r0010,6.2,pulse_06,3.766459797979798,0.25035195888535106,0.022063180486018224,-0.022063180486018224,1.0,0.3853658536585366,0.07301071069414423,0.01890190972222222,0.0014709631783528336,1980.0,0.4313131313131314,0.098989898989899,0.30101010101010106,0.9431281556763457
large_long,rotatable_xlink,r0010,6.25,pulse_06,3.735716582406471,0.24965453583721636,0.01424324905601219,-0.01424324905601219,1.0,0.3891625615763547,0.08954839316307281,0.018836805555555555,0.0021227295418106092,1978.0,0.42669362992922144,0.09807886754297271,0.3083923154701719,0.9430352712799484
large_long,rotatable_xlink,r0010,6.3,pulse_06,3.681000303643725,0.2376155816344874,0.019286805569769472,-0.019286805569769472,1.0,0.3680672268907563,0.042568667459453015,0.0185546875,0.001172640110606633,1976.0,0.4154002026342451,0.09726443768996959,0.30800405268490383,0.9439994705583801
large_long,rotatable_xlink,r0010,6.35,pulse_06,3.6199957489878543,0.24261869517357657,0.013650084379661717,-0.013650084379661717,1.0,0.3410981697171381,0.04122626004280474,0.018489583333333334,0.01011550102451507,1976.0,0.4119433198380567,0.09716599190283401,0.3137651821862348,0.9421174834156889
large_long,rotatable_xlink,r0010,6.4,pulse_06,3.5990997973657546,0.2983085877815778,0.01328917667190351,-0.01328917667190351,1.0,0.29194630872483224,0.03736858742885041,0.018684895833333333,0.01260830655820624,1974.0,0.4093211752786221,0.09625126646403243,0.3140830800405269,0.9462308480112863
large_long,rotatable_xlink,r0010,6.45,pulse_06,3.540260688956433,0.318268534522814,0.01676262680909968,-0.01676262680909968,1.0,0.28762541806020064,0.05875317982852146,0.018793402777777777,0.0027749987110575656,1974.0,0.4062816616008106,0.09929078014184398,0.3171225937183385,0.9454167053808511
large_long,rotatable_xlink,r0010,6.5,pulse_06,3.4985240365111565,0.3149585800479232,0.01044654460610602,-0.01044654460610602,1.0,0.27986348122866894,0.061321327550934446,0.018663194444444444,0.003609441757302314,1972.0,0.39959432048681537,0.09837728194726164,0.32454361054766734,0.9472929740700199
large_long,rotatable_xlink,r0010,6.55,pulse_06,3.477581421319797,0.2966118839790001,0.009853024697713911,-0.009853024697713911,1.0,0.2808219178082192,0.042162103922948176,0.018684895833333333,0.007445626671132004,1970.0,0.401015228426396,0.0984771573604061,0.3218274111675127,0.9463681054854499
large_long,rotatable_xlink,r0010,6.6,pulse_06,3.439405888324873,0.2702848200211312,0.016312639593908607,-0.016312639593908607,1.0,0.27586206896551724,0.06580205104955099,0.01853298611111111,0.0026351966021785633,1970.0,0.3939086294416244,0.09746192893401016,0.3197969543147209,0.9463681534608509
large_long,rotatable_xlink,r0010,6.65,pulse_06,3.3797055837563454,0.28080070436592874,0.021202131979695487,-0.021202131979695487,1.0,0.27521367521367524,0.0419567965216089,0.01857638888888889,0.0005681888398803014,1970.0,0.3908629441624365,0.10152284263959391,0.32588832487309644,0.9461630179341106
large_long,rotatable_xlink,r0010,6.7,pulse_06,3.3121930964467,0.2668756869818494,0.014181928934010157,-0.014181928934010157,1.0,0.27796610169491526,0.04109463456025103,0.018055555555555554,8.462463110943859e-05,1970.0,0.39492385786802026,0.10152284263959391,0.3319796954314721,0.950456970203632
large_long,rotatable_xlink,r0010,6.75,pulse_06,3.2946140101522845,0.2813084521525854,0.007343502538071034,-0.007343502538071034,1.0,0.2782462057335582,0.040397618227220385,0.018641493055555555,0.0008153621916642909,1970.0,0.3888324873096447,0.10355329949238579,0.33299492385786805,0.949782479342752
large_long,rotatable_xlink,r0010,6.8,pulse_06,3.268132081218274,0.2717678601318351,0.0077778521498298074,-0.0077778521498298074,1.0,0.2656514382402707,0.04028888799878104,0.018511284722222222,0.0023439451050538407,1970.0,0.38984771573604066,0.10355329949238579,0.3350253807106599,0.9491415520505554
large_long,rotatable_xlink,r0010,6.85,pulse_06,3.2479468972533057,0.26724478152226233,0.018018588646585787,-0.018018588646585787,1.0,0.2773109243697479,0.04684855048533935,0.018467881944444445,0.006591666660969701,1966.0,0.39064089521871825,0.10376398779247205,0.33774160732451686,0.9496502224409122
large_long,rotatable_xlink,r0010,6.9,pulse_06,3.160020549338759,0.31131786009765333,0.02772587317734813,-0.02772587317734813,1.0,0.2504145936981758,0.06340785677338734,0.01838107638888889,0.012883592839270458,1966.0,0.39471007121057977,0.11698880976602237,0.34689725330620547,0.949565878536617
large_long,rotatable_xlink,r0010,6.95,pulse_06,3.081591658189217,0.3445463385578851,0.01129736582665671,-0.01129736582665671,1.0,0.23809523809523808,0.047903833675082406,0.01840277777777778,0.010139887326211211,1966.0,0.3886063072227874,0.12410986775178026,0.3519837232960325,0.9498577382150738
large_long,rotatable_xlink,r0010,7.0,pulse_06,3.092236354378819,0.3721571840549206,0.0035482320632006883,0.0035482320632006883,1.0,0.25165562913907286,0.05654818621648555,0.018619791666666666,0.009203615165678506,1964.0,0.39002036659877803,0.12525458248472504,0.3462321792260693,0.9516547581097885
large_long,rotatable_xlink,r0010,7.05,pulse_07,3.5678722433460077,0.45303481448187477,0.013082921419518426,-0.013082921419518426,1.0,0.3511111111111111,0.04188841649414839,0.020225694444444445,0.00026743343054504615,2104.0,0.43441064638783267,0.11406844106463879,0.31939163498098855,0.9499279664331726
large_long,rotatable_xlink,r0010,7.1,pulse_07,3.5286234790874524,0.45223251419023963,0.0074250916201480015,-0.0074250916201480015,1.0,0.373134328358209,0.05383431885520055,0.019835069444444443,0.0022732663137165674,2104.0,0.4315589353612167,0.12072243346007605,0.32034220532319396,0.951077189586762
large_long,rotatable_xlink,r0010,7.15,pulse_07,3.5233216936251197,0.4666744123641742,0.0002101671494959915,-0.0002101671494959915,1.0,0.3701492537313433,0.05149613550631558,0.01987847222222222,0.0015238258420825952,2102.0,0.4310180780209324,0.12369172216936253,0.3206470028544243,0.9525381397372935
large_long,rotatable_xlink,r0010,7.2,pulse_07,3.5273624761904765,0.4613754692427352,0.0017257425883135575,-0.0017257425883135575,1.0,0.3649851632047478,0.008874728525684846,0.01970486111111111,0.001943647986985218,2100.0,0.43183984747378446,0.12392755004766445,0.3231649189704479,0.9502487304124998
large_long,rotatable_xlink,r0010,7.25,pulse_07,3.5129672380952384,0.4783363002860855,0.005020755882397439,-0.005020755882397439,1.0,0.34705882352941175,0.041101508836273795,0.019769965277777777,0.0025147092442264116,2100.0,0.4295238095238094,0.12476190476190477,0.3219047619047619,0.949613365372122
large_long,rotatable_xlink,r0010,7.3,pulse_07,3.497237940896092,0.47646372470809367,0.001287510420453201,-0.001287510420453201,1.0,0.37031484257871067,0.050237303087804684,0.020030381944444446,0.0039054786723046095,2098.0,0.4308865586272641,0.12011439466158244,0.3203050524308865,0.9504502243620431
large_long,rotatable_xlink,r0010,7.35,pulse_07,3.505242175572519,0.5017691723199131,0.0017046816063764532,0.0017046816063764532,1.0,0.37537537537537535,0.05529508793201157,0.01990017361111111,0.021458944581344685,2096.0,0.4265267175572519,0.1183206106870229,0.31488549618320605,0.9485998623501523
large_long,rotatable_xlink,r0010,7.4,pulse_07,3.5074660305343506,0.6052173921961618,0.004182273507732,0.004182273507732,1.0,0.37349397590361444,0.04114628228000056,0.019639756944444444,0.04226210554592199,2096.0,0.4274809160305343,0.11545801526717556,0.316793893129771,0.9502750927771991
large_long,rotatable_xlink,r0010,7.45,pulse_07,3.530335816618911,0.7553418055954451,0.004870863742523879,0.004870863742523879,1.0,0.3684210526315789,0.04768823684386791,0.019444444444444445,0.051124507789394036,2094.0,0.42788920725883467,0.11270296084049665,0.3170964660936007,0.9527660014095702
large_long,rotatable_xlink,r0010,7.5,pulse_07,3.536691212989494,0.911964438932526,0.0038151066539318843,0.0038151066539318843,1.0,0.35135135135135137,0.06511959634307632,0.01968315972222222,0.06485460835011152,2094.0,0.42638623326959857,0.11089866156787764,0.3221797323135755,0.9484639475364482
large_long,rotatable_xlink,r0010,7.55,pulse_07,3.5532264565425025,1.1444694556961141,0.0067259864902788164,0.0067259864902788164,1.0,0.3373313343328336,0.052970563189020416,0.019314236111111112,0.06816351933884755,2094.0,0.4269340974212034,0.10601719197707737,0.31996179560649474,0.9490016482128864
large_long,rotatable_xlink,r0010,7.6,pulse_07,3.5770471319311667,1.3209455549656113,0.008959689459822137,0.008959689459822137,1.0,0.33534743202416917,0.04339335144716738,0.019596354166666666,0.03959552096754415,2092.0,0.4244741873804971,0.10516252390057361,0.3183556405353728,0.9490285414788384
large_long,rotatable_xlink,r0010,7.65,pulse_07,3.6069845933014353,1.382042581501379,0.0027612036893032155,0.0027612036893032155,1.0,0.3282674772036474,0.07205139193924702,0.019227430555555557,0.01810627369834124,2090.0,0.42200956937799033,0.10239234449760766,0.31674641148325355,0.9488680624394298
large_long,rotatable_xlink,r0010,7.7,pulse_07,3.593614354066986,1.4295831971556587,0.004513732057416157,-0.004513732057416157,1.0,0.3151515151515151,0.032541862350435505,0.019444444444444445,0.00958600815949917,2090.0,0.4204980842911877,0.10344827586206899,0.32088122605363995,0.9465918916005871
large_long,rotatable_xlink,r0010,7.75,pulse_07,3.5799022009569383,1.439558630458374,0.0020594073652711784,-0.0020594073652711784,1.0,0.31221719457013575,0.0550160215701704,0.01955295138888889,0.003640797195186544,2090.0,0.42392344497607654,0.10239234449760763,0.32248803827751193,0.9458303071003801
large_long,rotatable_xlink,r0010,7.8,pulse_07,3.581257909875359,1.451427980326778,0.002443281093590747,-0.002443281093590747,1.0,0.31221719457013575,0.051113968907762694,0.019639756944444444,0.005071694800697542,2086.0,0.42377756471716205,0.10354745925215725,0.3221476510067114,0.9469588371350509
large_long,rotatable_xlink,r0010,7.85,pulse_07,3.565242514395394,1.4699887992625593,0.005507906529018373,-0.005507906529018373,1.0,0.3181818181818182,0.06505215280329403,0.0197265625,0.011649465372414366,2084.0,0.42267050912584053,0.10566762728146013,0.3208453410182517,0.9455837985271911
large_long,rotatable_xlink,r0010,7.9,pulse_07,3.5482104707012487,1.5213247725612642,0.010250937797887438,-0.010250937797887438,1.0,0.3643410852713178,0.036607732062964575,0.01935763888888889,0.010778893865219574,2082.0,0.4173076923076923,0.1057692307692308,0.31730769230769235,0.9464194762244891
large_long,rotatable_xlink,r0010,7.95,pulse_07,3.5037368876080692,1.5346621624538768,0.011945248485498494,-0.011945248485498494,1.0,0.39280125195618154,0.06065170156786529,0.01950954861111111,0.0060209464901577565,2082.0,0.41786743515850144,0.10662824207492796,0.3237271853986552,0.9498552074741461
large_long,rotatable_xlink,r0010,8.0,pulse_07,3.4765389797882578,1.5574504515022107,0.009065969273270488,-0.009065969273270488,1.0,0.4241001564945227,0.0615950429344081,0.01953125,0.007596096349444655,2078.0,0.4157844080846969,0.109720885466795,0.3214629451395573,0.9517455193890522
small_long,nomotor_xlink,r0011,0.0,initial,-0.8827666666666667,-0.07179853087970027,0.034663194444444434,-0.034663194444444434,1.0,0.5384615384615384,0.0,0.0003255208333333333,0.03856709230124366,30.0,0.0,0.3333333333333333,0.39999999999999997,0.6179903562598378
small_long,nomotor_xlink,r0011,0.05,initial,-0.98675625,0.0439027460240307,0.006615740740740746,0.006615740740740746,1.0,0.2857142857142857,0.5769761478774024,0.0003255208333333333,0.06880147121980981,32.0,0.0,0.375,0.5,0.632718363759129
small_long,nomotor_xlink,r0011,0.1,initial,-0.8430722222222222,0.3410102964391586,0.08852743055555556,0.08852743055555556,1.0,0.2857142857142857,0.6258393134179984,0.0003255208333333333,0.04408176397530025,36.0,0.0,0.2777777777777778,0.4999999999999999,0.6068705006644552
small_long,nomotor_xlink,r0011,0.15000000000000002,initial,-0.4555916666666667,0.30839332987583223,0.14516265432098766,0.14516265432098766,1.0,-0.8461538461538461,0.4020763197508388,0.00047743055555555554,0.0366614714600286,48.0,0.04166666666666667,0.20833333333333334,0.5416666666666667,0.6857025951033682
small_long,nomotor_xlink,r0011,0.2,initial,0.027903703703703705,0.121041467678987,0.21772214052287583,0.21772214052287583,1.0,-0.6,0.3648497362360453,0.0005642361111111111,0.0007137272928386303,54.0,0.14814814814814814,0.18518518518518517,0.4814814814814814,0.7286921465843402
small_long,nomotor_xlink,r0011,0.25,initial,0.8507411764705883,0.312675693632864,0.18138086419753086,0.18138086419753086,1.0,-0.18181818181818182,0.08943941078589258,0.0006727430555555556,0.0615394887544174,68.0,0.2647058823529412,0.14705882352941177,0.411764705882353,0.7396000184104109
small_long,nomotor_xlink,r0011,0.30000000000000004,initial,1.116188888888889,0.4902784002054914,0.07124813725490198,0.07124813725490198,1.0,-0.043478260869565216,0.17440461426276568,0.0006076388888888889,0.06380750888211638,72.0,0.3055555555555555,0.1388888888888889,0.41666666666666663,0.7738378466564477
small_long,nomotor_xlink,r0011,0.35000000000000003,initial,1.2782300000000002,0.6955207469255623,0.057049259259259265,0.057049259259259265,1.0,-0.04,0.208563142877336,0.0008463541666666667,0.07526656359550847,80.0,0.3,0.125,0.35,0.74094226468146
small_long,nomotor_xlink,r0011,0.4,initial,1.4584844444444445,0.9418777817785422,0.04566948979591834,0.04566948979591834,1.0,0.037037037037037035,0.05488356046395725,0.0009114583333333333,0.0631581316384051,90.0,0.31111111111111117,0.11111111111111112,0.33333333333333337,0.7623156999408666
small_long,nomotor_xlink,r0011,0.45,initial,1.5522469387755102,1.0744695367559929,0.040289193899782104,0.040289193899782104,1.0,0.07142857142857142,0.2515131890839628,0.0009765625,0.05393316421115768,98.0,0.2916666666666667,0.10416666666666667,0.33333333333333337,0.7795895145949916
small_long,nomotor_xlink,r0011,0.5,initial,1.700219607843137,1.2654767670454883,0.06899126777983917,0.06899126777983917,1.0,0.13333333333333333,0.30868700161297535,0.0009765625,0.024354366352994188,102.0,0.33333333333333337,0.09803921568627452,0.3137254901960785,0.7809230797113156
small_long,nomotor_xlink,r0011,0.55,initial,1.9661945454545453,1.220595734873958,0.07679380804953558,0.07679380804953558,1.0,0.21212121212121213,0.17924009683552455,0.0010633680555555555,0.03148409463914359,110.0,0.3636363636363636,0.09090909090909091,0.2909090909090909,0.7885981578505195
small_long,nomotor_xlink,r0011,0.6000000000000001,initial,2.1609824561403506,1.0765721992106267,0.037589980129160594,0.037589980129160594,1.0,0.2571428571428571,0.16611502537709774,0.0010416666666666667,0.01711181629065602,114.0,0.38596491228070173,0.10526315789473684,0.280701754385965,0.7928955778491134
small_long,nomotor_xlink,r0011,0.65,initial,2.191734426229509,1.3232666326178941,0.00885534333144696,0.00885534333144696,1.0,0.2777777777777778,0.23848492312182795,0.0010633680555555555,0.029061520833573978,122.0,0.3934426229508197,0.09836065573770493,0.27868852459016397,0.7673024207980343
small_long,nomotor_xlink,r0011,0.7000000000000001,initial,2.2141145161290323,1.2509413242120706,0.006046114146933679,0.006046114146933679,1.0,0.2972972972972973,0.16217813341895657,0.0010633680555555555,0.023362551127895575,124.0,0.3870967741935484,0.0967741935483871,0.27419354838709675,0.774698313966002
small_long,nomotor_xlink,r0011,0.75,initial,2.228011111111111,1.1830913258505207,0.015550913978494618,0.015550913978494618,1.0,0.3157894736842105,0.14912701758171343,0.001193576388888889,0.008553344040495311,126.0,0.3968253968253968,0.09523809523809523,0.26984126984126977,0.8001736365421378
small_long,nomotor_xlink,r0011,0.8,initial,2.30742,1.1996212599690987,0.006467891737891677,0.006467891737891677,1.0,0.3333333333333333,0.21103488593746175,0.001193576388888889,0.0031557487792773045,130.0,0.4153846153846154,0.09230769230769231,0.26153846153846155,0.8031337200836357
small_long,nomotor_xlink,r0011,0.8500000000000001,initial,2.266818461538461,1.1641568331748569,0.001580447761194037,-0.001580447761194037,1.0,0.35,0.2063468141033279,0.001193576388888889,0.009418211245757147,130.0,0.4153846153846154,0.09230769230769231,0.2769230769230769,0.7916643770617506
small_long,nomotor_xlink,r0011,0.9,initial,2.297937313432836,1.1431119924945559,0.01691120879120896,0.01691120879120896,1.0,0.4,0.24698355390269816,0.0012152777777777778,0.01041826183527709,134.0,0.43283582089552236,0.1044776119402985,0.25373134328358204,0.8046953863313783
small_long,nomotor_xlink,r0011,0.9500000000000001,initial,2.3682857142857148,1.2266664041865194,0.021548945413776055,0.021548945413776055,1.0,0.3953488372093023,0.16658198912060906,0.0012803819444444444,0.010884105533859953,140.0,0.42857142857142855,0.0857142857142857,0.28571428571428564,0.8084459435729376
small_long,nomotor_xlink,r0011,1.0,initial,2.427230985915492,1.2084166256977156,0.019648423876592453,0.019648423876592453,1.0,0.4418604651162791,0.243989907103585,0.001388888888888889,0.006083259496267941,142.0,0.4507042253521127,0.08450704225352114,0.26760563380281693,0.8010091095196273
small_long,nomotor_xlink,r0011,1.05,pulse_01,2.797611392405063,1.1538378254054593,0.009941772151898695,-0.009941772151898695,1.0,0.5094339622641509,0.33184220068916076,0.0015625,0.005084125599953193,158.0,0.5063291139240504,0.07594936708860758,0.2151898734177215,0.797405489388328
small_long,nomotor_xlink,r0011,1.1,pulse_01,2.767786075949367,1.169090202205319,0.006784177215189831,-0.006784177215189831,1.0,0.5094339622641509,0.26844294512447475,0.0015625,0.0014912042207987735,158.0,0.5063291139240507,0.0759493670886076,0.2151898734177215,0.788331048670891
small_long,nomotor_xlink,r0011,1.15,pulse_01,2.756906329113924,1.162785050730252,0.003066666666666773,0.003066666666666773,1.0,0.5384615384615384,0.3124346487547319,0.0016059027777777777,0.011347162204053777,158.0,0.5063291139240506,0.07594936708860758,0.22784810126582272,0.7972055314236319
small_long,nomotor_xlink,r0011,1.2,pulse_01,2.7861860759493675,1.1010072289809962,0.013802278481012712,0.013802278481012712,1.0,0.5,0.22979789618009075,0.0014756944444444444,0.004651655880872759,158.0,0.5063291139240504,0.07594936708860758,0.22784810126582275,0.8166466159620595
small_long,nomotor_xlink,r0011,1.25,pulse_01,2.8397200000000002,1.1348751154450154,0.03531958975141062,0.03531958975141062,1.0,0.5094339622641509,0.2207977517083343,0.0014539930555555556,0.0038913211200518973,160.0,0.5,0.07692307692307691,0.24358974358974356,0.8136632641049836
small_long,nomotor_xlink,r0011,1.3,pulse_01,2.9981036144578312,1.1243551557013076,0.02921749999999997,0.02921749999999997,1.0,0.5357142857142857,0.24143836052930845,0.0015625,0.001704892288599898,166.0,0.5301204819277109,0.07228915662650601,0.2409638554216867,0.8083556184711943
small_long,nomotor_xlink,r0011,1.35,pulse_01,3.015025,1.1451044691766148,0.02004397590361447,0.02004397590361447,1.0,0.543859649122807,0.21630183217990862,0.0016059027777777777,0.002023935504211982,168.0,0.5357142857142857,0.07142857142857142,0.2261904761904762,0.8315659596872983
small_long,nomotor_xlink,r0011,1.4,pulse_01,3.118367469879518,1.1364987687265795,0.012039608433734935,0.012039608433734935,1.0,0.5714285714285714,0.1797879654434801,0.0016927083333333334,0.0012210550468787125,166.0,0.5421686746987951,0.06024096385542169,0.21686746987951805,0.8201217013653195
small_long,nomotor_xlink,r0011,1.45,pulse_01,3.0872626506024097,1.1377781388953425,0.0032293172690763448,-0.0032293172690763448,1.0,0.5714285714285714,0.20394609563562102,0.0016493055555555556,0.002792891313583142,166.0,0.5421686746987953,0.06024096385542169,0.24096385542168672,0.8151058180640066
small_long,nomotor_xlink,r0011,1.5,pulse_01,3.09899156626506,1.1532561166080784,0.005938353413654562,-0.005938353413654562,1.0,0.5789473684210527,0.1940187549332663,0.001584201388888889,0.008468088928782369,166.0,0.5421686746987951,0.06024096385542169,0.24096385542168677,0.8104889760919475
small_long,nomotor_xlink,r0011,1.55,pulse_01,3.0516325301204823,1.1885866724680367,0.002465457122608002,-0.002465457122608002,1.0,0.5714285714285714,0.22110352761607732,0.0015190972222222222,0.01704610619806235,166.0,0.542168674698795,0.06024096385542168,0.2409638554216867,0.8356022482531101
small_long,nomotor_xlink,r0011,1.6,pulse_01,3.084198823529412,1.2555327537964525,0.0010685999813206948,-0.0010685999813206948,1.0,0.5862068965517241,0.1409895260712015,0.0016493055555555556,0.021526199340216084,170.0,0.5529411764705883,0.058823529411764705,0.23529411764705882,0.8026484393454938
small_long,nomotor_xlink,r0011,1.65,pulse_01,3.045220930232558,1.3177438685093332,0.010017809714794934,0.010017809714794934,1.0,0.6,0.12698105760151376,0.0016059027777777777,0.0034703067504639287,172.0,0.5581395348837208,0.058139534883720936,0.2441860465116279,0.7914445019156678
small_long,nomotor_xlink,r0011,1.7000000000000002,pulse_01,3.1443056818181816,1.276354594299236,0.025461492901315275,0.025461492901315275,1.0,0.6065573770491803,0.2076799340653515,0.0016710069444444444,0.00533656319383428,176.0,0.5568181818181819,0.06818181818181818,0.22727272727272724,0.7979093682922651
small_long,nomotor_xlink,r0011,1.75,pulse_01,3.19798988764045,1.349763247672339,0.012199053030302961,0.012199053030302961,1.0,0.6129032258064516,0.18435908250522165,0.0016927083333333334,0.012120136909843074,178.0,0.5617977528089887,0.05617977528089888,0.24719101123595505,0.8223410979340385
small_long,nomotor_xlink,r0011,1.8,pulse_01,3.2174999999999994,1.3490754157582945,0.006635203911776817,0.006635203911776817,1.0,0.6129032258064516,0.261199323217153,0.001736111111111111,0.015921476056905266,178.0,0.5617977528089888,0.06741573033707866,0.24719101123595508,0.8138902422030622
small_long,nomotor_xlink,r0011,1.85,pulse_01,3.2378011111111107,1.4452921040137705,0.009193703703703834,0.009193703703703834,1.0,0.6190476190476191,0.1792869620638046,0.0018229166666666667,0.0060656143871962165,180.0,0.5666666666666668,0.05555555555555556,0.23333333333333334,0.7976140961433171
small_long,nomotor_xlink,r0011,1.9,pulse_01,3.2726622222222224,1.3854691020814718,0.0035888258038257645,0.0035888258038257645,1.0,0.6190476190476191,0.21998364262910455,0.0016059027777777777,0.010201802167182694,180.0,0.5617977528089888,0.05617977528089888,0.22471910112359553,0.7900283675463426
small_long,nomotor_xlink,r0011,1.9500000000000002,pulse_01,3.2593340659340653,1.3840812910106743,0.0060526731078905565,0.0060526731078905565,1.0,0.625,0.24351321656538905,0.0017578125,0.008744288347237913,182.0,0.5714285714285714,0.05494505494505495,0.21978021978021983,0.8120635899227846
small_long,nomotor_xlink,r0011,2.0,pulse_01,3.3089782608695657,1.3330033719980443,0.016548064978500143,0.016548064978500143,1.0,0.6307692307692307,0.17963702057021552,0.0018012152777777779,0.01702597300421001,184.0,0.5760869565217392,0.05434782608695653,0.22826086956521743,0.8277586291665151
small_long,nomotor_xlink,r0011,2.05,pulse_02,3.4311861702127655,1.3275655923623733,0.0016273049645391484,-0.0016273049645391484,1.0,0.5714285714285714,0.2023172853084888,0.0018880208333333333,0.0016712145295048793,188.0,0.5957446808510638,0.0425531914893617,0.21276595744680854,0.8164732370903641
small_long,nomotor_xlink,r0011,2.1,pulse_02,3.426304255319148,1.332579235950888,0.009667217245240852,0.009667217245240852,1.0,0.5652173913043478,0.23584750131691562,0.0018229166666666667,0.0024198478826807555,188.0,0.5913978494623655,0.04301075268817204,0.2150537634408602,0.8366559740874683
small_long,nomotor_xlink,r0011,2.15,pulse_02,3.4891894736842106,1.3130465050662887,0.010592273236282201,0.010592273236282201,1.0,0.5714285714285714,0.24800360416695696,0.0018012152777777779,0.009040893813898868,190.0,0.5999999999999999,0.042105263157894736,0.22105263157894733,0.8138293090890586
small_long,nomotor_xlink,r0011,2.2,pulse_02,3.4898578947368413,1.2783338730674947,0.007038070175438597,-0.007038070175438597,1.0,0.5774647887323944,0.23907556221025145,0.0018446180555555555,0.013247706127953748,190.0,0.6,0.042105263157894736,0.22105263157894733,0.804595337168615
small_long,nomotor_xlink,r0011,2.25,pulse_02,3.446961052631579,1.2335602682985662,0.00554333333333316,-0.00554333333333316,1.0,0.5277777777777778,0.20781945225877677,0.001953125,0.00471944241814759,190.0,0.6,0.042105263157894736,0.24210526315789468,0.8160785043768447
small_long,nomotor_xlink,r0011,2.3,pulse_02,3.4565978947368423,1.2500172185586091,0.002926666666666818,-0.002926666666666818,1.0,0.5211267605633803,0.19450587641802333,0.0016927083333333334,0.0016368068570273102,190.0,0.5999999999999999,0.05263157894736842,0.23157894736842097,0.821481773508017
small_long,nomotor_xlink,r0011,2.35,pulse_02,3.429401052631578,1.24338110944073,0.027010028296547677,0.027010028296547677,1.0,0.5211267605633803,0.1985514376595495,0.0018663194444444445,0.0028109830874917994,190.0,0.5894736842105263,0.05263157894736842,0.23157894736842102,0.832079020159211
small_long,nomotor_xlink,r0011,2.4,pulse_02,3.6186580645161284,1.26688311708356,0.0303578890775326,0.0303578890775326,1.0,0.5,0.16407543201604913,0.0018229166666666667,0.001495720125191502,186.0,0.6129032258064515,0.032258064516129024,0.2258064516129032,0.8022719093885036
small_long,nomotor_xlink,r0011,2.45,pulse_02,3.6115483870967737,1.2523554301918791,0.0008851254480285823,-0.0008851254480285823,1.0,0.5,0.20200914117186033,0.0018880208333333333,0.003415676754444726,186.0,0.6129032258064514,0.032258064516129024,0.2043010752688172,0.7965066486819246
small_long,nomotor_xlink,r0011,2.5,pulse_02,3.613347311827957,1.2873771776102283,0.014872401433691618,-0.014872401433691618,1.0,0.5492957746478874,0.2525480163836611,0.0017578125,0.00380299240823323,186.0,0.6129032258064515,0.032258064516129024,0.2150537634408602,0.7897032254156974
small_long,nomotor_xlink,r0011,2.55,pulse_02,3.522313978494624,1.2295374757424797,0.020484946236559127,-0.020484946236559127,1.0,0.5428571428571428,0.26950552649205667,0.0019097222222222222,0.015929064520596354,186.0,0.6129032258064516,0.032258064516129024,0.23655913978494617,0.8097819945539786
small_long,nomotor_xlink,r0011,2.6,pulse_02,3.490437634408602,1.1918027904866502,0.010944982078853268,-0.010944982078853268,1.0,0.5072463768115942,0.29927895852223435,0.0016927083333333334,0.006568220702341754,186.0,0.6021505376344085,0.032258064516129024,0.23655913978494617,0.811773830362786
small_long,nomotor_xlink,r0011,2.65,pulse_02,3.4566440860215044,1.1901281515284292,0.018336917562724004,-0.018336917562724004,1.0,0.5072463768115942,0.22738227569514638,0.0017144097222222222,0.004534575740677578,186.0,0.6021505376344086,0.032258064516129024,0.23655913978494617,0.8259295158478249
small_long,nomotor_xlink,r0011,2.7,pulse_02,3.380416129032258,1.2190102449307156,0.012285842293906502,-0.012285842293906502,1.0,0.4782608695652174,0.21807759048621342,0.0018012152777777779,0.019376448331047198,186.0,0.5842696629213483,0.033707865168539325,0.24719101123595505,0.8336527657077849
small_long,nomotor_xlink,r0011,2.75,pulse_02,3.3829290322580654,1.3063868415147124,0.007057885304659377,-0.007057885304659377,1.0,0.5,0.19540291250006167,0.0017795138888888889,0.013910815297300871,186.0,0.6021505376344085,0.032258064516129024,0.2365591397849462,0.818533317888709
small_long,nomotor_xlink,r0011,2.8,pulse_02,3.338068817204302,1.3024751367145209,0.016862007168458943,-0.016862007168458943,1.0,0.42857142857142855,0.16558323319224807,0.0017578125,0.003125383816955892,186.0,0.5869565217391306,0.03260869565217391,0.25000000000000006,0.8237973864948529
small_long,nomotor_xlink,r0011,2.85,pulse_02,3.2817569892473117,1.287634538612977,0.0064650537634409755,-0.0064650537634409755,1.0,0.47058823529411764,0.24227854608083502,0.0019097222222222222,0.007630824659935587,186.0,0.6021505376344087,0.043010752688172046,0.2473118279569892,0.8172493630898084
small_long,nomotor_xlink,r0011,2.9,pulse_02,3.299278494623656,1.3482600846741344,0.00617903225806445,-0.00617903225806445,1.0,0.4782608695652174,0.1884746981400333,0.0018663194444444445,0.01069625725437151,186.0,0.6021505376344086,0.04301075268817204,0.23655913978494617,0.8255898023164058
small_long,nomotor_xlink,r0011,2.95,pulse_02,3.244682795698925,1.3518120821392061,0.013776164874552096,-0.013776164874552096,1.0,0.5,0.20727421959214376,0.0017578125,0.008899718358484873,186.0,0.5698924731182795,0.04301075268817204,0.24731182795698917,0.8177434515937013
small_long,nomotor_xlink,r0011,3.0,pulse_02,3.2166215053763434,1.2948617745232252,0.009353763440860549,-0.009353763440860549,1.0,0.5,0.33895414159647735,0.001736111111111111,0.018983435871993654,186.0,0.5806451612903225,0.05376344086021505,0.24731182795698917,0.8308562096222628
small_long,nomotor_xlink,r0011,3.05,pulse_03,3.2081042553191486,1.3564222839562787,0.006084751773049864,0.006084751773049864,1.0,0.5223880597014925,0.2347903213546184,0.0017795138888888889,0.009162293350112538,188.0,0.5638297872340424,0.05319148936170213,0.2446808510638298,0.8224182026162418
small_long,nomotor_xlink,r0011,3.1,pulse_03,3.226358510638298,1.3839091640066163,0.002095212765957477,0.002095212765957477,1.0,0.5,0.23535212204558273,0.0018012152777777779,0.00395574537719449,188.0,0.574468085106383,0.05319148936170213,0.2446808510638298,0.8114967011808938
small_long,nomotor_xlink,r0011,3.15,pulse_03,3.2206755319148934,1.3801567562194457,0.00031773049645382007,-0.00031773049645382007,1.0,0.5,0.22272943915174154,0.0018012152777777779,0.0006223059193013469,188.0,0.5760869565217392,0.04347826086956522,0.25000000000000006,0.8374476568541
small_long,nomotor_xlink,r0011,3.2,pulse_03,3.2244521276595752,1.3801753284908083,0.007294680851063662,-0.007294680851063662,1.0,0.5362318840579711,0.22353462896967433,0.0017578125,0.013714417369573647,188.0,0.5957446808510637,0.06382978723404256,0.24468085106382978,0.829974180840105
small_long,nomotor_xlink,r0011,3.25,pulse_03,3.1769074468085114,1.2978702520020038,0.010041666666666874,-0.010041666666666874,1.0,0.5072463768115942,0.2800458486608195,0.0018229166666666667,0.020193884235105635,188.0,0.5638297872340424,0.05319148936170213,0.24468085106382978,0.8213159566897865
small_long,nomotor_xlink,r0011,3.3,pulse_03,3.164202127659574,1.2590120230801745,0.0005390070921987474,-0.0005390070921987474,1.0,0.4925373134328358,0.18314234118396425,0.0018446180555555555,0.0018270982815751236,188.0,0.5851063829787233,0.06382978723404256,0.24468085106382978,0.8109102326017591
small_long,nomotor_xlink,r0011,3.35,pulse_03,3.173673404255319,1.286907662312553,0.0038281914893617173,0.0038281914893617173,1.0,0.5,0.2907272906075197,0.0018880208333333333,0.000189617505298482,188.0,0.5638297872340425,0.05319148936170213,0.24468085106382978,0.820517969993
small_long,nomotor_xlink,r0011,3.4,pulse_03,3.1871712765957443,1.2601497281119654,0.0014895390070922925,0.0014895390070922925,1.0,0.4626865671641791,0.24080450988264163,0.0018880208333333333,0.00033051245774421795,188.0,0.5376344086021505,0.05376344086021505,0.24731182795698925,0.8072140849561771
small_long,nomotor_xlink,r0011,3.45,pulse_03,3.1826106382978727,1.2849245875660877,0.007628368794326157,-0.007628368794326157,1.0,0.45454545454545453,0.258837858330325,0.0016276041666666667,0.0007741118967816707,188.0,0.5531914893617021,0.05319148936170213,0.24468085106382978,0.805928468515097
small_long,nomotor_xlink,r0011,3.5,pulse_03,3.1414010638297873,1.2555050567312753,0.013557624113475164,-0.013557624113475164,1.0,0.43283582089552236,0.26575455727547026,0.0018663194444444445,0.010675027169082307,188.0,0.553191489361702,0.06382978723404256,0.24468085106382978,0.8246814799012713
small_long,nomotor_xlink,r0011,3.55,pulse_03,3.1012648936170217,1.220874424551594,0.00021879432624120435,0.00021879432624120435,1.0,0.43283582089552236,0.34434527491324746,0.0017144097222222222,0.0031753374549596445,188.0,0.5638297872340425,0.06382978723404256,0.24468085106382978,0.8415090959586949
small_long,nomotor_xlink,r0011,3.6,pulse_03,3.1427138297872346,1.2745570814610332,0.002629787234042317,0.002629787234042317,1.0,0.45454545454545453,0.3581728369384356,0.0018229166666666667,0.005326361093447307,188.0,0.553191489361702,0.05319148936170213,0.24468085106382978,0.8249199431230305
small_long,nomotor_xlink,r0011,3.65,pulse_03,3.1170436170212756,1.2528325911122777,0.004467021276595891,-0.004467021276595891,1.0,0.5,0.30148614991657496,0.0017795138888888889,0.003186468673816704,188.0,0.553191489361702,0.05319148936170213,0.2553191489361702,0.8196707105230084
small_long,nomotor_xlink,r0011,3.7,pulse_03,3.115911702127659,1.2936758935039334,0.015693617021276474,-0.015693617021276474,1.0,0.48484848484848486,0.31291308565946097,0.0017144097222222222,0.0008041277868786981,188.0,0.5425531914893617,0.05319148936170213,0.2446808510638298,0.8177823836994615
small_long,nomotor_xlink,r0011,3.75,pulse_03,3.022881914893617,1.25765735783355,0.008892907801418307,-0.008892907801418307,1.0,0.45454545454545453,0.32377626403008253,0.001736111111111111,0.003856310384185213,188.0,0.5531914893617021,0.06382978723404256,0.25531914893617025,0.81304892844676
small_long,nomotor_xlink,r0011,3.8,pulse_03,3.0625542553191494,1.2705380311988221,0.007580141843971673,0.007580141843971673,1.0,0.42424242424242425,0.36845259042641093,0.0018012152777777779,0.001588350256014448,188.0,0.5638297872340425,0.05319148936170213,0.26595744680851063,0.8276285843124618
small_long,nomotor_xlink,r0011,3.85,pulse_03,3.068362765957447,1.2671874593696366,0.0015501773049644285,0.0015501773049644285,1.0,0.43283582089552236,0.2643598311802111,0.0018012152777777779,0.008709596257175786,188.0,0.5326086956521741,0.05434782608695653,0.27173913043478265,0.8412741629861635
small_long,nomotor_xlink,r0011,3.9,pulse_03,3.071855319148936,1.3227956087418768,0.016310106382978695,-0.016310106382978695,1.0,0.45454545454545453,0.30675764986837467,0.0018012152777777779,0.014673786353733767,188.0,0.5531914893617021,0.05319148936170213,0.2553191489361702,0.8139984416876825
small_long,nomotor_xlink,r0011,3.95,pulse_03,2.9705021276595747,1.3552301774920392,0.01895425531914885,-0.01895425531914885,1.0,0.43283582089552236,0.3579761682873825,0.0018663194444444445,0.00959860581855084,188.0,0.5319148936170212,0.08510638297872339,0.2765957446808511,0.8211090560071442
small_long,nomotor_xlink,r0011,4.0,pulse_03,2.958129787234043,1.2652039738305718,0.004124113475177271,-0.004124113475177271,1.0,0.43283582089552236,0.33171964033674756,0.001736111111111111,0.03000873455382247,188.0,0.5212765957446809,0.07446808510638298,0.276595744680851,0.8306580079662659
small_long,nomotor_xlink,r0011,4.05,pulse_04,3.1086210000000007,1.346121597112804,0.01578999999999997,-0.01578999999999997,1.0,0.5,0.3111768770524128,0.001953125,0.01448785699834391,200.0,0.5700000000000001,0.05,0.2700000000000001,0.8371292674293382
small_long,nomotor_xlink,r0011,4.1,pulse_04,3.061251000000001,1.3895851681078357,0.012517666666666724,-0.012517666666666724,1.0,0.4864864864864865,0.32052713565603336,0.0019314236111111112,0.00616303131474331,200.0,0.5600000000000002,0.06,0.27,0.8370078204868022
small_long,nomotor_xlink,r0011,4.15,pulse_04,3.0335150000000004,1.3830997850012638,0.0008543333333335124,-0.0008543333333335124,1.0,0.5,0.24092019032736406,0.001974826388888889,0.0049426487182610375,200.0,0.56,0.06,0.27,0.8388746258567027
small_long,nomotor_xlink,r0011,4.2,pulse_04,3.0561249999999998,1.3599292757982695,0.0077013333333331895,0.0077013333333331895,1.0,0.5,0.2886515267892265,0.0018880208333333333,0.0004391048873292706,200.0,0.56,0.06999999999999999,0.27,0.8490081988116807
small_long,nomotor_xlink,r0011,4.25,pulse_04,3.0797229999999995,1.3857344143252395,0.00730033333333339,0.00730033333333339,1.0,0.4594594594594595,0.2225519413578307,0.0019965277777777776,0.0015909037345824457,200.0,0.55,0.06,0.27,0.818449252033075
small_long,nomotor_xlink,r0011,4.3,pulse_04,3.099927,1.3694746982057642,0.0024445000000000348,0.0024445000000000348,1.0,0.4794520547945205,0.2778825733600119,0.0019965277777777776,0.0031632300586219575,200.0,0.5599999999999999,0.06,0.26000000000000006,0.829960459262563
small_long,nomotor_xlink,r0011,4.35,pulse_04,3.0943899999999998,1.3667550339735077,0.0015581666666666383,0.0015581666666666383,1.0,0.4722222222222222,0.2939668512040852,0.0019965277777777776,0.0033166958223927643,200.0,0.55,0.05,0.26000000000000006,0.8258269449092434
small_long,nomotor_xlink,r0011,4.4,pulse_04,3.109276,1.3893748731401208,0.0037074999999999747,0.0037074999999999747,1.0,0.5,0.2878574845502392,0.001953125,0.005470812785813998,200.0,0.5399999999999999,0.06999999999999999,0.26000000000000006,0.8036929936293868
small_long,nomotor_xlink,r0011,4.45,pulse_04,3.1166349999999996,1.3995799106883917,0.003950333333333278,-0.003950333333333278,1.0,0.4647887323943662,0.296679702443555,0.0020399305555555557,0.0069781830229670066,200.0,0.5555555555555557,0.06060606060606061,0.27272727272727276,0.8261992328756416
small_long,nomotor_xlink,r0011,4.5,pulse_04,3.0855740000000003,1.4312439712779228,0.008471439393939425,0.008471439393939425,1.0,0.5142857142857142,0.25807249040341623,0.001953125,0.003612951508018806,200.0,0.5599999999999998,0.07999999999999999,0.26999999999999996,0.8347819717418657
small_long,nomotor_xlink,r0011,4.55,pulse_04,3.167463636363636,1.4212576197365046,0.015813087542087434,0.015813087542087434,1.0,0.34210526315789475,0.35922383167337574,0.0019097222222222222,0.005474390966780596,198.0,0.5454545454545455,0.06060606060606061,0.26262626262626265,0.8140597694890843
small_long,nomotor_xlink,r0011,4.6,pulse_04,3.180452525252525,1.4640903170786064,0.002655050505050586,-0.002655050505050586,1.0,0.34210526315789475,0.1971747899647731,0.0019314236111111112,0.007672439658131062,198.0,0.5656565656565657,0.06060606060606061,0.26262626262626265,0.8102817890031823
small_long,nomotor_xlink,r0011,4.65,pulse_04,3.1515333333333326,1.3752229817877182,0.007620538720538732,-0.007620538720538732,1.0,0.36,0.30881941669306007,0.001974826388888889,0.019681147925624403,198.0,0.5555555555555556,0.06060606060606061,0.26262626262626265,0.817682571789935
small_long,nomotor_xlink,r0011,4.7,pulse_04,3.1347292929292925,1.34600342952486,0.014600168350168271,-0.014600168350168271,1.0,0.3246753246753247,0.32167693152220367,0.0019314236111111112,0.010124861345684058,198.0,0.5555555555555556,0.05050505050505051,0.26262626262626265,0.8210745702348637
small_long,nomotor_xlink,r0011,4.75,pulse_04,3.063932323232323,1.3144738137136138,0.00846548821548813,-0.00846548821548813,1.0,0.3246753246753247,0.30543014982679434,0.0018880208333333333,0.008725757237245705,198.0,0.5353535353535355,0.06060606060606061,0.26262626262626265,0.8325166418691626
small_long,nomotor_xlink,r0011,4.8,pulse_04,3.0839363636363637,1.2936488861013857,0.0001127946127946385,-0.0001127946127946385,1.0,0.34210526315789475,0.37786565537770306,0.001974826388888889,0.002694938175474393,198.0,0.5353535353535356,0.06060606060606061,0.26262626262626265,0.7967163312577047
small_long,nomotor_xlink,r0011,4.85,pulse_04,3.063255555555555,1.2983041846607675,0.0016774410774411663,-0.0016774410774411663,1.0,0.34210526315789475,0.3015606609091663,0.0018229166666666667,0.003141280051293475,198.0,0.5353535353535354,0.0707070707070707,0.26262626262626265,0.8026801708319923
small_long,nomotor_xlink,r0011,4.9,pulse_04,3.0738717171717167,1.3124965664091466,0.0011159932659933574,0.0011159932659933574,1.0,0.3333333333333333,0.2866749837811739,0.0018229166666666667,0.004438594549739605,198.0,0.5353535353535354,0.05050505050505051,0.25252525252525254,0.82348684894795
small_long,nomotor_xlink,r0011,4.95,pulse_04,3.0699515151515153,1.2716726173623298,0.0012420875420876183,0.0012420875420876183,1.0,0.3333333333333333,0.3501343341186037,0.001974826388888889,0.004389019874413795,198.0,0.5353535353535356,0.05050505050505051,0.26262626262626265,0.8135441935033231
small_long,nomotor_xlink,r0011,5.0,pulse_04,3.0813242424242424,1.2861624471626638,0.00379090909090903,0.00379090909090903,1.0,0.3246753246753247,0.34005404803378175,0.0018880208333333333,0.004829943266777992,198.0,0.5408163265306122,0.061224489795918366,0.26530612244897955,0.8237091823134727
small_long,nomotor_xlink,r0011,5.05,pulse_05,3.0939295238095235,1.4121010388255186,0.003055238095238,-0.003055238095238,1.0,0.34177215189873417,0.300011953481589,0.0020399305555555557,0.003373455239368347,210.0,0.5619047619047619,0.047619047619047616,0.24761904761904768,0.8135896852715987
small_long,nomotor_xlink,r0011,5.1,pulse_05,3.0847638095238095,1.4222214045436237,0.005615238095238044,-0.005615238095238044,1.0,0.35,0.3510412280203373,0.0020399305555555557,0.030037739788887723,210.0,0.5523809523809524,0.047619047619047616,0.24761904761904763,0.8286544082182445
small_long,nomotor_xlink,r0011,5.15,pulse_05,3.060238095238095,1.2318746000921923,0.006525079365079363,-0.006525079365079363,1.0,0.35,0.2621733460471615,0.002126736111111111,0.04008540845259804,210.0,0.5333333333333333,0.047619047619047616,0.24761904761904763,0.8191401184748375
small_long,nomotor_xlink,r0011,5.2,pulse_05,3.0456133333333333,1.1817089538280354,0.005844761904761834,-0.005844761904761834,1.0,0.3333333333333333,0.29977456491894244,0.0020399305555555557,0.0012274488526213452,210.0,0.5333333333333332,0.047619047619047616,0.24761904761904768,0.8399676762014278
small_long,nomotor_xlink,r0011,5.25,pulse_05,3.025169523809524,1.2392392932079204,0.0071385714285714386,-0.0071385714285714386,1.0,0.3246753246753247,0.31308632473248094,0.001953125,0.0063222075158876345,210.0,0.5288461538461536,0.04807692307692307,0.2596153846153847,0.8387890833378374
small_long,nomotor_xlink,r0011,5.3,pulse_05,3.0027819047619047,1.2196421989233612,0.00577730158730172,-0.00577730158730172,1.0,0.34177215189873417,0.289006542445867,0.0020399305555555557,0.003368593968451831,210.0,0.5333333333333334,0.05714285714285715,0.25714285714285723,0.8287522258238806
small_long,nomotor_xlink,r0011,5.35,pulse_05,2.990505714285714,1.2190277293972094,0.004531221001221016,0.004531221001221016,1.0,0.34177215189873417,0.31343861600162515,0.002105034722222222,0.0027672096093474727,210.0,0.5333333333333333,0.05714285714285714,0.2571428571428571,0.8474423301409534
small_long,nomotor_xlink,r0011,5.4,pulse_05,3.0299692307692307,1.2030389412672764,0.014421215903837492,0.014421215903837492,1.0,0.358974358974359,0.4139190466918444,0.0020399305555555557,0.011414923669446261,208.0,0.5480769230769229,0.04807692307692307,0.2596153846153846,0.8345002580804423
small_long,nomotor_xlink,r0011,5.45,pulse_05,3.077033009708739,1.287517271413887,0.01487081447963797,0.01487081447963797,1.0,0.3333333333333333,0.33611108151337055,0.0018880208333333333,0.030968191920935546,206.0,0.5631067961165047,0.038834951456310676,0.2524271844660194,0.8427995215749488
small_long,nomotor_xlink,r0011,5.5,pulse_05,3.1191941176470586,1.3888480927928897,0.016283387270765726,0.016283387270765726,1.0,0.3333333333333333,0.3470191808215552,0.0020399305555555557,0.006226899363557433,204.0,0.5588235294117647,0.02941176470588236,0.24509803921568635,0.8405881307427828
small_long,nomotor_xlink,r0011,5.55,pulse_05,3.174733333333333,1.3248786675952315,0.009023529411764578,0.009023529411764578,1.0,0.3684210526315789,0.3649521929696319,0.0018880208333333333,0.003249619931596004,204.0,0.5490196078431372,0.0392156862745098,0.23529411764705882,0.8483766053110333
small_long,nomotor_xlink,r0011,5.6,pulse_05,3.173335294117646,1.3693503732033137,0.004993954248365906,-0.004993954248365906,1.0,0.35064935064935066,0.3757978340944265,0.001953125,0.014654192169753685,204.0,0.5490196078431371,0.04901960784313725,0.2450980392156863,0.8279912151380117
small_long,nomotor_xlink,r0011,5.65,pulse_05,3.1447696078431377,1.4128038206137536,0.012820751633986808,-0.012820751633986808,1.0,0.3684210526315789,0.36948142059758,0.0019314236111111112,0.003502016749797332,204.0,0.5392156862745099,0.03921568627450981,0.23529411764705888,0.838787272447127
small_long,nomotor_xlink,r0011,5.7,pulse_05,3.096410784313725,1.3483382727045297,0.009300816993464153,-0.009300816993464153,1.0,0.34210526315789475,0.4031883368586966,0.0019965277777777776,0.01757959654908488,204.0,0.5392156862745099,0.02941176470588236,0.24509803921568635,0.8458403475104957
small_long,nomotor_xlink,r0011,5.75,pulse_05,3.088964705882353,1.3073262413192444,0.007091993464052389,-0.007091993464052389,1.0,0.34210526315789475,0.32337703625227515,0.0020833333333333333,0.014355411466350812,204.0,0.53921568627451,0.02941176470588236,0.24509803921568635,0.840807890966757
small_long,nomotor_xlink,r0011,5.8,pulse_05,3.053858823529411,1.2622058039064248,0.011909803921568743,-0.011909803921568743,1.0,0.35064935064935066,0.3773505639181477,0.001974826388888889,0.016443417518403797,204.0,0.5490196078431373,0.02941176470588236,0.24509803921568635,0.8338197067233333
small_long,nomotor_xlink,r0011,5.85,pulse_05,3.0175058823529404,1.4059867464296671,0.008285947712418048,-0.008285947712418048,1.0,0.35064935064935066,0.41490875944731354,0.0020399305555555557,0.010865158922081286,204.0,0.5490196078431373,0.02941176470588236,0.24509803921568635,0.8328688022777214
small_long,nomotor_xlink,r0011,5.9,pulse_05,3.0041431372549026,1.3273967574389125,0.0011259803921568334,-0.0011259803921568334,1.0,0.34210526315789475,0.34247234081071454,0.0020833333333333333,0.0015857144058964618,204.0,0.5294117647058825,0.02941176470588236,0.24509803921568635,0.8383116922235557
small_long,nomotor_xlink,r0011,5.95,pulse_05,3.0107499999999994,1.3964724599942884,0.0009977124183008594,-0.0009977124183008594,1.0,0.35135135135135137,0.31152175673829396,0.001953125,0.027119406624605324,204.0,0.5392156862745097,0.0196078431372549,0.2450980392156863,0.8346199970481597
small_long,nomotor_xlink,r0011,6.0,pulse_05,2.9981568627450974,1.4901131971865444,0.004197712418300655,-0.004197712418300655,1.0,0.36,0.365135380586098,0.0019314236111111112,0.031213579064085357,204.0,0.5392156862745099,0.02941176470588236,0.24509803921568635,0.8318388912595086
small_long,nomotor_xlink,r0011,6.05,pulse_06,3.027415533980582,1.5032206769903307,0.0026346278317149383,-0.0026346278317149383,1.0,0.3684210526315789,0.26971465819964535,0.0018012152777777779,0.0031183740361235834,206.0,0.553398058252427,0.029126213592233007,0.2427184466019417,0.8478431661594616
small_long,nomotor_xlink,r0011,6.1,pulse_06,3.019511650485437,1.5125757990987014,0.0021012944983819595,-0.0021012944983819595,1.0,0.36,0.3182947719095121,0.001953125,0.021783086359830024,206.0,0.5436893203883494,0.029126213592233007,0.2427184466019417,0.8429389086860174
small_long,nomotor_xlink,r0011,6.15,pulse_06,3.01480776699029,1.6339191951493108,6.019417475725911e-05,6.019417475725911e-05,1.0,0.35135135135135137,0.36363644740225826,0.0019314236111111112,0.0028508071355331697,206.0,0.524271844660194,0.029126213592233007,0.2427184466019417,0.82647180272517
small_long,nomotor_xlink,r0011,6.2,pulse_06,3.0198728155339807,1.5296806419119005,0.0038249190938510016,-0.0038249190938510016,1.0,0.3684210526315789,0.39728402369002436,0.0019965277777777776,0.005486099914855898,206.0,0.524271844660194,0.029126213592233007,0.2427184466019417,0.8353439600286586
small_long,nomotor_xlink,r0011,6.25,pulse_06,2.991858252427184,1.6668357946384462,0.004769726822767921,0.004769726822767921,1.0,0.37662337662337664,0.23932325783865507,0.0019314236111111112,0.022696400177591374,206.0,0.5145631067961164,0.038834951456310676,0.2427184466019417,0.8287946146813491
small_long,nomotor_xlink,r0011,6.3,pulse_06,3.048491176470588,1.6658590429774487,0.018340291262136137,0.018340291262136137,1.0,0.4358974358974359,0.2475326256011753,0.0019314236111111112,0.0025611673651877442,204.0,0.5490196078431373,0.0196078431372549,0.23529411764705882,0.8410634549648233
small_long,nomotor_xlink,r0011,6.35,pulse_06,3.101900000000001,1.6514687904473198,0.004425728013977818,0.004425728013977818,1.0,0.42857142857142855,0.22294601920821466,0.0019097222222222222,0.010141601938689552,202.0,0.5544554455445546,0.009900990099009901,0.22772277227722776,0.8173280428871159
small_long,nomotor_xlink,r0011,6.4,pulse_06,3.075045544554455,1.726708654609586,0.009669471947194955,-0.009669471947194955,1.0,0.43243243243243246,0.33495329097606397,0.0019097222222222222,0.016724844655610378,202.0,0.5643564356435645,0.009900990099009901,0.22772277227722776,0.8233344868074762
small_long,nomotor_xlink,r0011,6.45,pulse_06,3.0438831683168313,1.751817858380982,0.0011491749174917427,0.0011491749174917427,1.0,0.40540540540540543,0.20680110454056064,0.002018229166666667,0.012440136545500913,202.0,0.5445544554455446,0.02970297029702971,0.23762376237623767,0.8367877243917659
small_long,nomotor_xlink,r0011,6.5,pulse_06,3.0819405940594056,1.8013494738825915,0.005990305280528056,0.005990305280528056,1.0,0.44,0.25037343515748733,0.0019314236111111112,0.022338367239250017,202.0,0.5544554455445544,0.02970297029702971,0.23762376237623767,0.834681307908669
small_long,nomotor_xlink,r0011,6.55,pulse_06,3.0798249999999996,1.8858480618164821,0.010162599009900944,-0.010162599009900944,1.0,0.34285714285714286,0.3087846601687141,0.0018446180555555555,0.024427211360694517,200.0,0.56,0.02,0.23000000000000004,0.843875093137067
small_long,nomotor_xlink,r0011,6.6,pulse_06,3.020965,1.9479127420467586,0.0037514999999998335,-0.0037514999999998335,1.0,0.34285714285714286,0.23876622786399787,0.001953125,0.006545604931378087,200.0,0.5499999999999999,0.02,0.23000000000000007,0.8462014008155877
small_long,nomotor_xlink,r0011,6.65,pulse_06,3.0573160000000006,1.9251216914047506,0.010456999999999939,0.010456999999999939,1.0,0.352112676056338,0.281744570830603,0.0019965277777777776,0.005858202130959296,200.0,0.55,0.02,0.23000000000000004,0.8315775196845872
small_long,nomotor_xlink,r0011,6.7,pulse_06,3.0837069999999995,1.9127635292610028,0.008462989898989784,0.008462989898989784,1.0,0.352112676056338,0.35777806857571925,0.001974826388888889,0.010658066404883279,200.0,0.55,0.02,0.23000000000000007,0.8369713006372284
small_long,nomotor_xlink,r0011,6.75,pulse_06,3.1080939393939393,1.861173292975451,0.00031987710437723454,0.00031987710437723454,1.0,0.37142857142857144,0.39279634901265065,0.0018229166666666667,0.014761318068529428,198.0,0.5353535353535354,0.0101010101010101,0.22222222222222227,0.8184614561373402
small_long,nomotor_xlink,r0011,6.8,pulse_06,3.085626262626263,1.8241956208498262,0.001266161616161554,-0.001266161616161554,1.0,0.37142857142857144,0.3018118012777536,0.001736111111111111,0.008283187864102093,198.0,0.5454545454545455,0.0101010101010101,0.22222222222222224,0.8335007458322262
small_long,nomotor_xlink,r0011,6.85,pulse_06,3.10049696969697,1.9108724201600635,0.009702188552188554,0.009702188552188554,1.0,0.34328358208955223,0.20254852850323787,0.0019965277777777776,0.016738933786777894,198.0,0.5656565656565657,0.0101010101010101,0.22222222222222224,0.8306612121100021
small_long,nomotor_xlink,r0011,6.9,pulse_06,3.1438393939393943,1.9246292235704936,0.010312457912457829,0.010312457912457829,1.0,0.35294117647058826,0.27139884012283577,0.001974826388888889,0.008511412038795943,198.0,0.5555555555555557,0.0101010101010101,0.22222222222222224,0.8340831790264154
small_long,nomotor_xlink,r0011,6.95,pulse_06,3.162371717171717,1.9619408923928392,0.004184006734006873,-0.004184006734006873,1.0,0.34328358208955223,0.3230234279797205,0.0018663194444444445,0.015140016344749485,198.0,0.5858585858585861,0.0101010101010101,0.22222222222222224,0.8310471941509754
small_long,nomotor_xlink,r0011,7.0,pulse_06,3.118735353535353,1.8337891255019967,0.014545454545454639,-0.014545454545454639,1.0,0.35294117647058826,0.25980471514355724,0.0018880208333333333,0.04271725563028084,198.0,0.5656565656565657,0.0101010101010101,0.22222222222222224,0.8296146351697314
small_long,nomotor_xlink,r0011,7.05,pulse_07,3.193109803921568,1.6306722973837746,0.011438235294117138,-0.011438235294117138,1.0,0.38028169014084506,0.2275751407446272,0.0020616319444444445,0.0011182320533817218,204.0,0.5686274509803921,0.009803921568627453,0.215686274509804,0.832713932873692
small_long,nomotor_xlink,r0011,7.1,pulse_07,3.1587950980392168,1.6273176012236295,0.008832516339869256,-0.008832516339869256,1.0,0.3611111111111111,0.21342741296891152,0.001974826388888889,0.01045457961223691,204.0,0.5392156862745099,0.009803921568627453,0.21568627450980396,0.832108571010231
small_long,nomotor_xlink,r0011,7.15,pulse_07,3.1401147058823526,1.693399775057196,0.000723039215686283,-0.000723039215686283,1.0,0.3972602739726027,0.3260756339916373,0.0018446180555555555,0.009669278601392328,204.0,0.5392156862745099,0.009803921568627453,0.21568627450980396,0.8443599440328513
small_long,nomotor_xlink,r0011,7.2,pulse_07,3.154456862745099,1.6853332728319834,0.004113398692810429,0.004113398692810429,1.0,0.40540540540540543,0.38228167713329975,0.002018229166666667,0.004167477672748832,204.0,0.5294117647058824,0.00980392156862745,0.21568627450980396,0.8301376160158183
small_long,nomotor_xlink,r0011,7.25,pulse_07,3.164795098039215,1.668394909020703,0.0031776143790849995,-0.0031776143790849995,1.0,0.40540540540540543,0.3334812172621842,0.0019965277777777776,0.027490569794187958,204.0,0.5294117647058824,0.019607843137254905,0.21568627450980396,0.8229945623683651
small_long,nomotor_xlink,r0011,7.3,pulse_07,3.135391176470589,1.5203898540668557,0.003015522875816856,-0.003015522875816856,1.0,0.40540540540540543,0.27524532296944687,0.0019314236111111112,0.016722964389596934,204.0,0.5294117647058824,0.019607843137254905,0.21568627450980396,0.8246698943073751
small_long,nomotor_xlink,r0011,7.35,pulse_07,3.146701960784314,1.5680571226831215,0.0004862745098042076,-0.0004862745098042076,1.0,0.40540540540540543,0.3364086556442654,0.0019314236111111112,0.0031983493564653465,204.0,0.5294117647058824,0.0196078431372549,0.21568627450980396,0.8252351971135
small_long,nomotor_xlink,r0011,7.4,pulse_07,3.132473529411764,1.5011997579280636,0.012358169934640598,-0.012358169934640598,1.0,0.3972602739726027,0.29184293041302206,0.0018663194444444445,0.02061314038951234,204.0,0.5294117647058825,0.019607843137254905,0.215686274509804,0.8364707748705636
small_long,nomotor_xlink,r0011,7.45,pulse_07,3.0725529411764705,1.4443782803460474,0.01783741830065333,-0.01783741830065333,1.0,0.40540540540540543,0.37722560389846294,0.001974826388888889,0.017011381303025448,204.0,0.5490196078431373,0.0196078431372549,0.2156862745098039,0.8341943363513367
small_long,nomotor_xlink,r0011,7.5,pulse_07,3.025449019607844,1.6032680457462163,0.013125326797385576,-0.013125326797385576,1.0,0.3888888888888889,0.2546701963522879,0.0018229166666666667,0.038956811526103384,204.0,0.5392156862745099,0.019607843137254905,0.21568627450980396,0.8158405367094286
small_long,nomotor_xlink,r0011,7.55,pulse_07,2.993800980392157,1.6781191495026677,0.006077143596712557,0.006077143596712557,1.0,0.3888888888888889,0.2569703321496519,0.0019965277777777776,0.024606627234959693,204.0,0.5392156862745099,0.019607843137254905,0.2254901960784314,0.8245799157232908
small_long,nomotor_xlink,r0011,7.6,pulse_07,3.061911881188119,1.7509078091559744,0.007763037921439213,0.007763037921439213,1.0,0.3888888888888889,0.2855073404322246,0.0018880208333333333,0.012720257015826872,202.0,0.5643564356435644,0.009900990099009901,0.21782178217821785,0.8065674997095563
small_long,nomotor_xlink,r0011,7.65,pulse_07,3.0403792079207923,1.754440691597629,0.0017447194719472463,-0.0017447194719472463,1.0,0.4084507042253521,0.30101225858186764,0.001974826388888889,0.010223927496209262,202.0,0.5544554455445545,0.009900990099009901,0.20792079207920794,0.8354086105367455
small_long,nomotor_xlink,r0011,7.7,pulse_07,3.0514435643564357,1.6895642441787189,0.012370297029702826,0.012370297029702826,1.0,0.3888888888888889,0.3056816372114799,0.0020616319444444445,0.009444755015301917,202.0,0.5544554455445544,0.0099009900990099,0.20792079207920788,0.836019966082023
small_long,nomotor_xlink,r0011,7.75,pulse_07,3.1146009900990093,1.6977721615058174,0.0007599009900987793,0.0007599009900987793,1.0,0.4166666666666667,0.2870136102150396,0.0018663194444444445,0.006333763800418686,202.0,0.5544554455445546,0.009900990099009901,0.20792079207920794,0.8193327677999973
small_long,nomotor_xlink,r0011,7.8,pulse_07,3.0560029702970284,1.727566826981231,0.01442590759075905,-0.01442590759075905,1.0,0.3888888888888889,0.2876817725203069,0.0018663194444444445,0.013120328834833125,202.0,0.5346534653465346,0.009900990099009901,0.21782178217821785,0.8260884171027555
small_long,nomotor_xlink,r0011,7.85,pulse_07,3.028045544554455,1.7764941345148162,0.010060066006600366,-0.010060066006600366,1.0,0.3888888888888889,0.20299140522393266,0.001953125,0.004401058463523085,202.0,0.5445544554455446,0.009900990099009901,0.21782178217821785,0.8333021940536488
small_long,nomotor_xlink,r0011,7.9,pulse_07,2.995642574257426,1.7011604762000925,0.00232062706270623,0.00232062706270623,1.0,0.3888888888888889,0.20670988748827387,0.0018880208333333333,0.008322650158819314,202.0,0.5445544554455446,0.009900990099009901,0.21782178217821785,0.8151199348338036
small_long,nomotor_xlink,r0011,7.95,pulse_07,3.0419693069306923,1.7265582335619003,5.148514851486633e-05,5.148514851486633e-05,1.0,0.3972602739726027,0.2741915653852596,0.002018229166666667,0.011224604878151431,202.0,0.5643564356435643,0.009900990099009901,0.21782178217821788,0.8212938621638894
small_long,nomotor_xlink,r0011,8.0,pulse_07,2.9959514851485154,1.768508105469001,0.015339273927392316,-0.015339273927392316,1.0,0.3888888888888889,0.22224194428936536,0.0018012152777777779,0.013983290635700252,202.0,0.5643564356435644,0.009900990099009901,0.21782178217821785,0.8285502320114899
small_long,nomotor_xlink,r0012,0.0,initial,-3.4140833333333336,1.155616396459921,0.1374839181286552,0.1374839181286552,1.0,-0.7142857142857143,0.0,0.00026041666666666666,0.03128040197808265,24.0,0.0,0.6666666666666666,0.9166666666666666,0.5670679018985315
small_long,nomotor_xlink,r0012,0.05,initial,-3.001631578947368,1.0617751905256732,0.2602958333333334,0.2602958333333334,1.0,-0.7777777777777778,0.451464285967597,0.00034722222222222224,0.023391755331670854,38.0,0.0,0.47368421052631576,0.9473684210526315,0.5990488825332987
small_long,nomotor_xlink,r0012,0.1,initial,-1.8523083333333332,1.015265864469896,0.27723342407743495,0.27723342407743495,1.0,-0.7,0.10329536348594362,0.00047743055555555554,0.02158229120510367,48.0,0.125,0.4583333333333333,0.8333333333333334,0.6543640051009972
small_long,nomotor_xlink,r0012,0.15000000000000002,initial,-1.3382310344827584,0.9322814432950511,0.2664994841269841,0.2664994841269841,1.0,-0.6153846153846154,0.1889657816991239,0.0005642361111111111,0.01094558163770365,58.0,0.1724137931034483,0.4137931034482759,0.7931034482758621,0.6729269277186517
small_long,nomotor_xlink,r0012,0.2,initial,-0.2533114285714286,0.9495923746436741,0.19103711685823752,0.19103711685823752,1.0,-0.41935483870967744,0.4481938643342093,0.0006510416666666666,0.007098144494629903,70.0,0.2571428571428572,0.34285714285714286,0.6857142857142856,0.699470232896083
small_long,nomotor_xlink,r0012,0.25,initial,-0.19200833333333336,0.9748703102628306,0.0679952380952381,0.0679952380952381,1.0,-0.4,0.31468737740571817,0.0006727430555555556,0.004172237761130644,72.0,0.25,0.3055555555555555,0.6666666666666665,0.7056897948299895
small_long,nomotor_xlink,r0012,0.30000000000000004,initial,0.15466,0.9746258012104579,0.09874287037037037,0.09874287037037037,1.0,-0.26666666666666666,0.46381271846870836,0.00078125,0.011269722373633717,80.0,0.275,0.3,0.625,0.7172153260404925
small_long,nomotor_xlink,r0012,0.35000000000000003,initial,0.40044888888888885,0.9072519760210283,0.07649850340136055,0.07649850340136055,1.0,-0.25,0.5924663961180786,0.0006727430555555556,0.01678550122978521,90.0,0.26666666666666666,0.2666666666666667,0.5555555555555556,0.7623156999408666
small_long,nomotor_xlink,r0012,0.4,initial,0.6136510204081633,0.8739127938317467,0.05445051851851851,0.05445051851851851,1.0,-0.15151515151515152,0.33553581667021326,0.0008680555555555555,0.011627814534076741,98.0,0.28571428571428575,0.24489795918367344,0.551020408163265,0.7823946552372879
small_long,nomotor_xlink,r0012,0.45,initial,0.7271519999999999,0.8374850888165678,0.054507848799897306,0.054507848799897306,1.0,-0.11764705882352941,0.1941630775203509,0.0008680555555555555,0.0008639235545055043,100.0,0.3,0.21999999999999997,0.5400000000000001,0.728949676489556
small_long,nomotor_xlink,r0012,0.5,initial,0.9406981132075471,0.8790963351587797,0.04732833898305087,0.04732833898305087,1.0,-0.07692307692307693,0.22170579982729594,0.0009548611111111111,0.013917656842455902,106.0,0.33962264150943394,0.22641509433962265,0.509433962264151,0.7918384415568058
small_long,nomotor_xlink,r0012,0.55,initial,1.0111220338983051,0.7539791477618324,0.04470760613207547,0.04470760613207547,1.0,-0.07317073170731707,0.3225319092720477,0.0010416666666666667,0.022671799297713624,118.0,0.3220338983050847,0.22033898305084745,0.45762711864406763,0.7990921666432997
small_long,nomotor_xlink,r0012,0.6000000000000001,initial,1.20894375,0.743065539372498,0.05699085504679987,0.05699085504679987,1.0,0.0,0.25854350075002824,0.0012369791666666666,0.00011505537801983119,128.0,0.33333333333333337,0.22222222222222227,0.42857142857142866,0.8095522739507948
small_long,nomotor_xlink,r0012,0.65,initial,1.3530671641791043,0.7546694800299514,0.05227131529850745,0.05227131529850745,1.0,0.11627906976744186,0.23506771665273862,0.0012152777777777778,0.008244919362428457,134.0,0.3582089552238806,0.208955223880597,0.417910447761194,0.8213502427428623
small_long,nomotor_xlink,r0012,0.7000000000000001,initial,1.5225716417910446,0.6935960231979272,0.05301054510058404,0.05301054510058404,1.0,0.16279069767441862,0.2550043490872962,0.0012586805555555556,0.016038193613343948,134.0,0.3731343283582089,0.19402985074626863,0.4029850746268656,0.8166284639088389
small_long,nomotor_xlink,r0012,0.75,initial,1.6711304347826086,0.6584403183498877,0.05504482298651677,0.05504482298651677,1.0,0.2,0.25139293281996283,0.0013237847222222223,0.005111943928341208,138.0,0.391304347826087,0.18840579710144928,0.37681159420289867,0.8010973002187135
small_long,nomotor_xlink,r0012,0.8,initial,1.8528405797101453,0.66292435962788,0.025048737060041477,0.025048737060041477,1.0,0.21739130434782608,0.23641886123517886,0.0013237847222222223,0.010063462856255811,138.0,0.4057971014492754,0.17391304347826086,0.3623188405797103,0.8126044069878534
small_long,nomotor_xlink,r0012,0.8500000000000001,initial,1.8214228571428575,0.7188210954874226,0.012840810904071817,-0.012840810904071817,1.0,0.23404255319148937,0.3542298571369906,0.0013671875,0.015330890471079403,140.0,0.4142857142857143,0.20000000000000004,0.37142857142857144,0.8202983685635222
small_long,nomotor_xlink,r0012,0.9,initial,1.7757957142857144,0.7549097024543564,0.006525298457411048,0.006525298457411048,1.0,0.2608695652173913,0.3031535233278457,0.0013020833333333333,0.004485705767907744,140.0,0.41428571428571426,0.1857142857142857,0.37142857142857133,0.7891721558365696
small_long,nomotor_xlink,r0012,0.9500000000000001,initial,1.8605746478873237,0.745735330094869,0.01789029761904763,0.01789029761904763,1.0,0.25,0.21300808188545825,0.001345486111111111,0.0018778532277763011,142.0,0.4225352112676056,0.1971830985915493,0.38028169014084506,0.8117673745255372
small_long,nomotor_xlink,r0012,1.0,initial,1.8831375000000001,0.7661768218210142,0.007520950704225464,0.007520950704225464,1.0,0.2916666666666667,0.2640692624466181,0.0014105902777777778,0.006813830575381726,144.0,0.4305555555555555,0.18055555555555552,0.3749999999999999,0.8488099132538349
small_long,nomotor_xlink,r0012,1.05,pulse_01,2.0308558441558437,0.78887392684684,0.054349718614718746,0.054349718614718746,1.0,0.38461538461538464,0.3695282381843219,0.0014105902777777778,0.003007630137762137,154.0,0.46052631578947373,0.17105263157894737,0.3552631578947369,0.8371307282860382
small_long,nomotor_xlink,r0012,1.1,pulse_01,2.193905,0.7978968172601264,0.039715795521351106,0.039715795521351106,1.0,0.41818181818181815,0.2676191330935981,0.0014105902777777778,0.0037245811614019333,160.0,0.481012658227848,0.16455696202531644,0.3544303797468354,0.8268650236392183
small_long,nomotor_xlink,r0012,1.15,pulse_01,2.2691506172839504,0.8112214138152516,0.02400900602409643,0.02400900602409643,1.0,0.42857142857142855,0.25695374196839127,0.0016276041666666667,0.00707593543821076,162.0,0.4875,0.1625,0.3375,0.8285154175841155
small_long,nomotor_xlink,r0012,1.2,pulse_01,2.3379590361445786,0.7554412046308618,0.004728468547913052,0.004728468547913052,1.0,0.423728813559322,0.30229674361387676,0.0014973958333333334,0.012777254699489113,166.0,0.5060240963855422,0.1686746987951807,0.32530120481927716,0.8440490450900566
small_long,nomotor_xlink,r0012,1.25,pulse_01,2.2975214285714287,0.7345578856183169,0.012662418722509061,-0.012662418722509061,1.0,0.423728813559322,0.33201381371641925,0.0016493055555555556,0.0017623768614988637,168.0,0.47619047619047616,0.15476190476190477,0.33333333333333337,0.8331755367766882
small_long,nomotor_xlink,r0012,1.3,pulse_01,2.261984523809524,0.7448669434618687,0.008767100840336125,-0.008767100840336125,1.0,0.43859649122807015,0.33971886498205456,0.001540798611111111,0.00743395827190424,168.0,0.4523809523809524,0.15476190476190477,0.33333333333333337,0.830782234283473
small_long,nomotor_xlink,r0012,1.35,pulse_01,2.244918823529412,0.7791616352497424,0.00979153828197954,-0.00979153828197954,1.0,0.41379310344827586,0.3523471259163046,0.0016710069444444444,0.004138268477184903,170.0,0.4588235294117647,0.17647058823529413,0.3294117647058824,0.8473109120814323
small_long,nomotor_xlink,r0012,1.4,pulse_01,2.203235294117647,0.7696965543249781,0.01438039215686282,-0.01438039215686282,1.0,0.3559322033898305,0.3439307827254518,0.0016059027777777777,0.0008581998179924925,170.0,0.4588235294117647,0.17647058823529413,0.3294117647058824,0.8617058829108972
small_long,nomotor_xlink,r0012,1.45,pulse_01,2.158636470588235,0.7740124363417874,0.003172470137480232,0.003172470137480232,1.0,0.3559322033898305,0.2859258278655722,0.001584201388888889,0.010671617813454362,170.0,0.4588235294117647,0.17647058823529413,0.3411764705882353,0.8632965237992356
small_long,nomotor_xlink,r0012,1.5,pulse_01,2.2222701149425284,0.7056668474442519,0.011289515438359285,0.011289515438359285,1.0,0.3968253968253968,0.3496348925621478,0.001736111111111111,0.013805788573292233,174.0,0.47126436781609204,0.17241379310344826,0.32183908045977017,0.8559651806621512
small_long,nomotor_xlink,r0012,1.55,pulse_01,2.2263735632183907,0.691177704902034,0.0005957767328456468,-0.0005957767328456468,1.0,0.3870967741935484,0.2776882628972468,0.0016927083333333334,0.002291194346274709,174.0,0.47126436781609193,0.17241379310344826,0.32183908045977017,0.867536886775524
small_long,nomotor_xlink,r0012,1.6,pulse_01,2.2186954545454545,0.7194140135219002,0.0005036570665977921,0.0005036570665977921,1.0,0.4426229508196721,0.2776906621160229,0.0017144097222222222,0.003408655284177997,176.0,0.47727272727272724,0.15909090909090906,0.32954545454545453,0.8574125813923724
small_long,nomotor_xlink,r0012,1.65,pulse_01,2.2293955056179775,0.670725773196966,0.017567794612794636,0.017567794612794636,1.0,0.38461538461538464,0.24499406292382656,0.0016927083333333334,0.01645255771046476,178.0,0.4719101123595505,0.15730337078651685,0.32584269662921345,0.8400397164257627
small_long,nomotor_xlink,r0012,1.7000000000000002,pulse_01,2.3241022222222223,0.6206986672591116,0.020635730748652065,0.020635730748652065,1.0,0.3230769230769231,0.18906431469955545,0.0016493055555555556,0.012974396223817778,180.0,0.47777777777777775,0.15555555555555553,0.31111111111111117,0.8259839738975601
small_long,nomotor_xlink,r0012,1.75,pulse_01,2.35320989010989,0.5928793958540594,0.013425077658303438,0.013425077658303438,1.0,0.31343283582089554,0.2719339554158837,0.0018012152777777779,6.869211032970816e-05,182.0,0.4835164835164837,0.15384615384615383,0.30769230769230776,0.8398304847710067
small_long,nomotor_xlink,r0012,1.8,pulse_01,2.404652688172043,0.6202865145971334,0.0025902871322226093,0.0025902871322226093,1.0,0.3333333333333333,0.2983152417898975,0.0017578125,0.00257982724852703,186.0,0.4946236559139784,0.15053763440860213,0.30107526881720414,0.8540042457844554
small_long,nomotor_xlink,r0012,1.85,pulse_01,2.3687516129032256,0.6083583593452215,0.011368637992831424,-0.011368637992831424,1.0,0.3333333333333333,0.2655610640135607,0.0018012152777777779,0.0022316740362605483,186.0,0.4946236559139785,0.15053763440860213,0.3010752688172042,0.8610214615566965
small_long,nomotor_xlink,r0012,1.9,pulse_01,2.3364408602150544,0.6068964703795701,0.004852041866849621,-0.004852041866849621,1.0,0.3333333333333333,0.18289503055981254,0.0018012152777777779,0.00902555010977496,186.0,0.4946236559139784,0.15053763440860213,0.30107526881720414,0.8729607040185265
small_long,nomotor_xlink,r0012,1.9500000000000002,pulse_01,2.339639361702128,0.5542050586865718,0.009540852589033921,-0.009540852589033921,1.0,0.34285714285714286,0.23330618865040084,0.0017795138888888889,0.0150153869098776,188.0,0.5,0.14893617021276595,0.29787234042553185,0.8524305973940429
small_long,nomotor_xlink,r0012,2.0,pulse_01,2.279195744680851,0.5168041489203045,0.02014787234042566,-0.02014787234042566,1.0,0.34285714285714286,0.26595329798399714,0.0019097222222222222,0.012466969922089103,188.0,0.49999999999999983,0.14893617021276598,0.2978723404255318,0.8552096520263931
small_long,nomotor_xlink,r0012,2.05,pulse_02,2.3122268041237115,0.6437798930597811,0.010097594501718396,-0.010097594501718396,1.0,0.3698630136986301,0.24390482740211752,0.0018880208333333333,0.01126175271280272,194.0,0.5154639175257734,0.14432989690721648,0.288659793814433,0.8625405322766848
small_long,nomotor_xlink,r0012,2.1,pulse_02,2.2819340206185563,0.609994634921373,0.00475781334780249,0.00475781334780249,1.0,0.3698630136986301,0.20405068092439518,0.001736111111111111,0.013424243431109447,194.0,0.5154639175257731,0.14432989690721648,0.2989690721649485,0.8527562276824712
small_long,nomotor_xlink,r0012,2.15,pulse_02,2.3407736842105265,0.5632344324731244,0.006678891300416027,0.006678891300416027,1.0,0.4,0.21703767030976248,0.0018012152777777779,0.004093949421942078,190.0,0.5157894736842106,0.13684210526315788,0.28421052631578936,0.8709495366378215
small_long,nomotor_xlink,r0012,2.2,pulse_02,2.3220073684210525,0.5854309383897205,0.01011263157894741,-0.01011263157894741,1.0,0.4,0.28914643536326134,0.0016927083333333334,0.012265159020346528,190.0,0.4947368421052632,0.13684210526315788,0.28421052631578936,0.8493364601131328
small_long,nomotor_xlink,r0012,2.25,pulse_02,2.280097894736842,0.6368253865952036,0.010292631578947479,-0.010292631578947479,1.0,0.4084507042253521,0.2665078906312827,0.0018012152777777779,0.010205314005286311,190.0,0.5052631578947367,0.13684210526315788,0.28421052631578936,0.8612766524905832
small_long,nomotor_xlink,r0012,2.3,pulse_02,2.2602515789473676,0.6466628224214384,0.0017892982456140238,-0.0017892982456140238,1.0,0.42028985507246375,0.2954455668651263,0.0018446180555555555,0.009553177345621907,190.0,0.4947368421052631,0.14736842105263157,0.28421052631578936,0.8726471366726796
small_long,nomotor_xlink,r0012,2.35,pulse_02,2.269362105263158,0.694144450668935,0.008496899962672888,0.008496899962672888,1.0,0.42857142857142855,0.1377938739628992,0.0018663194444444445,0.007371437279843425,190.0,0.5157894736842105,0.14736842105263157,0.28421052631578936,0.8612336417132327
small_long,nomotor_xlink,r0012,2.4,pulse_02,2.311232978723405,0.6908914461004989,0.00306340798805523,0.00306340798805523,1.0,0.42857142857142855,0.2161280090098622,0.0017795138888888889,0.001424044386136969,188.0,0.5212765957446809,0.13829787234042554,0.276595744680851,0.8301691757230527
small_long,nomotor_xlink,r0012,2.45,pulse_02,2.2877425531914892,0.7026887169857569,0.008450886524822732,-0.008450886524822732,1.0,0.4117647058823529,0.2686048979338088,0.0017578125,0.009654961518328675,188.0,0.5053763440860215,0.13978494623655915,0.2795698924731183,0.8579000459214621
small_long,nomotor_xlink,r0012,2.5,pulse_02,2.2605276595744686,0.748821215210471,0.006665070921985761,-0.006665070921985761,1.0,0.42857142857142855,0.20351175609180988,0.0018446180555555555,0.0075772742362155325,188.0,0.5106382978723405,0.13829787234042554,0.276595744680851,0.8602204214046559
small_long,nomotor_xlink,r0012,2.55,pulse_02,2.2477521276595747,0.74815236240305,0.003601773049645448,-0.003601773049645448,1.0,0.40298507462686567,0.22835492784167805,0.0016927083333333334,0.004426748191574588,188.0,0.48936170212765956,0.14893617021276595,0.276595744680851,0.8385500857478098
small_long,nomotor_xlink,r0012,2.6,pulse_02,2.238917021276596,0.7222607260610234,0.002913424785367713,-0.002913424785367713,1.0,0.40298507462686567,0.278781277140076,0.0018663194444444445,0.007615219012428213,188.0,0.48936170212765956,0.14893617021276598,0.276595744680851,0.8327532354724552
small_long,nomotor_xlink,r0012,2.65,pulse_02,2.2302715789473684,0.7024610483284808,0.004559315898345166,0.004559315898345166,1.0,0.38235294117647056,0.25246181934610085,0.0018012152777777779,0.000653553464397901,190.0,0.4947368421052631,0.13684210526315788,0.27368421052631575,0.8449587309013636
small_long,nomotor_xlink,r0012,2.7,pulse_02,2.266272916666667,0.718339405274636,0.018576842105263076,0.018576842105263076,1.0,0.391304347826087,0.26429657977654814,0.0018446180555555555,0.005976949584949265,192.0,0.49999999999999983,0.14583333333333331,0.27083333333333326,0.8504511398229831
small_long,nomotor_xlink,r0012,2.75,pulse_02,2.341732631578947,0.7383227458381764,0.006151180555555487,0.006151180555555487,1.0,0.4117647058823529,0.3035608654615552,0.001736111111111111,0.008788432293609797,190.0,0.5,0.13829787234042554,0.2659574468085106,0.8581956073413856
small_long,nomotor_xlink,r0012,2.8,pulse_02,2.30318,0.7710699990362948,0.00048611235535633845,-0.00048611235535633845,1.0,0.4117647058823529,0.325043884057792,0.0018012152777777779,0.014835505736455479,190.0,0.5052631578947367,0.1368421052631579,0.27368421052631575,0.8335452359419169
small_long,nomotor_xlink,r0012,2.85,pulse_02,2.338815957446809,0.8273357802569092,0.0024631560283686995,-0.0024631560283686995,1.0,0.43283582089552236,0.3382480165912819,0.0018229166666666667,0.0004946956899141522,188.0,0.5106382978723405,0.12765957446808512,0.2553191489361702,0.8489239695078251
small_long,nomotor_xlink,r0012,2.9,pulse_02,2.2884010638297876,0.7681018248968099,0.022513536767450493,-0.022513536767450493,1.0,0.43283582089552236,0.29790108140327465,0.0018880208333333333,0.010433613797252569,188.0,0.5106382978723405,0.14893617021276598,0.25531914893617014,0.8390343005560135
small_long,nomotor_xlink,r0012,2.95,pulse_02,2.203734736842106,0.8899374630404246,0.012377194848824269,-0.012377194848824269,1.0,0.45454545454545453,0.32861153551325795,0.0018880208333333333,0.020988300225018058,190.0,0.5052631578947367,0.14736842105263157,0.26315789473684204,0.8658636733135026
small_long,nomotor_xlink,r0012,3.0,pulse_02,2.214137894736842,0.8940316262469182,0.0034677192982453717,0.0034677192982453717,1.0,0.45454545454545453,0.22106912996195333,0.0017795138888888889,0.0013647210688311946,190.0,0.5052631578947367,0.14736842105263157,0.26315789473684204,0.843976201759311
small_long,nomotor_xlink,r0012,3.05,pulse_03,2.294075,0.7908985599662991,0.011365972222222206,0.011365972222222206,1.0,0.47058823529411764,0.24933256411396476,0.0018446180555555555,0.016967282811406248,192.0,0.5208333333333333,0.13541666666666669,0.27083333333333337,0.8461834372149147
small_long,nomotor_xlink,r0012,3.1,pulse_03,2.3281729166666665,0.7399967115320804,0.004589583333333443,0.004589583333333443,1.0,0.4925373134328358,0.3333766616403741,0.0018229166666666667,0.012072196958778758,192.0,0.5208333333333334,0.13541666666666669,0.27083333333333337,0.8383062269659023
small_long,nomotor_xlink,r0012,3.15,pulse_03,2.3216125000000005,0.7184653782136265,0.00825920138888884,-0.00825920138888884,1.0,0.47058823529411764,0.2703984074763634,0.0019314236111111112,0.003951673056384368,192.0,0.5208333333333333,0.13541666666666669,0.2708333333333333,0.8410010008789736
small_long,nomotor_xlink,r0012,3.2,pulse_03,2.2786177083333334,0.7637067498703866,0.004202256944444575,-0.004202256944444575,1.0,0.47058823529411764,0.263613595984485,0.0019965277777777776,0.0052026505648089345,192.0,0.5208333333333334,0.13541666666666669,0.28125,0.8232801289446443
small_long,nomotor_xlink,r0012,3.25,pulse_03,2.296398958333333,0.7496812816024802,0.0030071180555556096,-0.0030071180555556096,1.0,0.47058823529411764,0.34733153036768477,0.0019314236111111112,0.002562000901794111,192.0,0.5208333333333333,0.13541666666666669,0.28125000000000006,0.8369979704967225
small_long,nomotor_xlink,r0012,3.3,pulse_03,2.260575,0.7483347444596219,0.011130381944444379,-0.011130381944444379,1.0,0.4492753623188406,0.25811351080354866,0.0018880208333333333,0.012605427705550157,192.0,0.5208333333333333,0.13541666666666669,0.28125000000000006,0.8303382077113735
small_long,nomotor_xlink,r0012,3.35,pulse_03,2.229616666666667,0.8253138478357811,0.004385937499999937,-0.004385937499999937,1.0,0.47058823529411764,0.25601797239812807,0.0018663194444444445,0.02207702977459769,192.0,0.5208333333333333,0.13541666666666663,0.3020833333333333,0.8424093808321895
small_long,nomotor_xlink,r0012,3.4,pulse_03,2.234259375,0.880796923107208,0.006552951388888895,-0.006552951388888895,1.0,0.47058823529411764,0.30035044811965383,0.0018663194444444445,0.003959350732514855,192.0,0.5208333333333334,0.13541666666666669,0.28125000000000006,0.8469222364404317
small_long,nomotor_xlink,r0012,3.45,pulse_03,2.1902989583333334,0.8490699522308702,0.009382911184210455,0.009382911184210455,1.0,0.47058823529411764,0.3079449529273335,0.0018663194444444445,0.001479005804279121,192.0,0.5208333333333333,0.14583333333333334,0.32291666666666674,0.8356965785496706
small_long,nomotor_xlink,r0012,3.5,pulse_03,2.290556842105263,0.8719228882815333,0.033174819001181945,0.033174819001181945,1.0,0.4925373134328358,0.23604055860588846,0.0018012152777777779,0.0022815952207252965,190.0,0.5263157894736843,0.12631578947368421,0.28421052631578936,0.8463819359067191
small_long,nomotor_xlink,r0012,3.55,pulse_03,2.389347872340425,0.8353803809065184,0.01453768943635684,0.01453768943635684,1.0,0.391304347826087,0.3018592535716204,0.0017578125,5.0280175435661136e-05,188.0,0.5319148936170212,0.12765957446808512,0.30851063829787234,0.8440496873692858
small_long,nomotor_xlink,r0012,3.6,pulse_03,2.377782978723404,0.8722245693341473,0.007088120567376066,0.007088120567376066,1.0,0.4,0.3003049313225571,0.0018446180555555555,0.014522425714390145,188.0,0.5319148936170212,0.12765957446808512,0.3085106382978723,0.8508511472351743
small_long,nomotor_xlink,r0012,3.65,pulse_03,2.4318765957446815,0.9225149351928593,0.01581471631205685,0.01581471631205685,1.0,0.4,0.24051576691927734,0.0018229166666666667,0.002590335755287924,188.0,0.5319148936170212,0.11702127659574468,0.2765957446808511,0.8572344660896634
small_long,nomotor_xlink,r0012,3.7,pulse_03,2.472671276595745,0.8877665838658748,0.006845567375886337,0.006845567375886337,1.0,0.4,0.29898389827490834,0.0018446180555555555,0.005317500239545525,188.0,0.5319148936170212,0.11702127659574468,0.276595744680851,0.8276016392083544
small_long,nomotor_xlink,r0012,3.75,pulse_03,2.4729499999999995,0.9544199366301325,0.016001241134751876,-0.016001241134751876,1.0,0.4,0.2941693860268707,0.001736111111111111,0.006679643259065393,188.0,0.5319148936170213,0.10638297872340426,0.276595744680851,0.8258882759680098
small_long,nomotor_xlink,r0012,3.8,pulse_03,2.376663829787234,0.9278444434202672,0.022380496453900573,-0.022380496453900573,1.0,0.391304347826087,0.20627507584183533,0.0017795138888888889,0.010502802384020479,188.0,0.5212765957446808,0.11702127659574468,0.3085106382978723,0.8521214429404697
small_long,nomotor_xlink,r0012,3.85,pulse_03,2.338667021276596,0.8914031223260096,0.012735638297872276,-0.012735638297872276,1.0,0.38235294117647056,0.24968920762412794,0.0017795138888888889,0.003947027173764346,188.0,0.5212765957446808,0.12765957446808512,0.30851063829787234,0.8396523316742649
small_long,nomotor_xlink,r0012,3.9,pulse_03,2.30025,0.9515266064628533,0.014822872340425489,-0.014822872340425489,1.0,0.35384615384615387,0.1934550334525133,0.0018663194444444445,0.027140535322850157,188.0,0.5106382978723403,0.12765957446808512,0.2978723404255319,0.8537713065422573
small_long,nomotor_xlink,r0012,3.95,pulse_03,2.249729787234043,1.0542463342631105,0.008198936170212834,-0.008198936170212834,1.0,0.35384615384615387,0.3377346769316675,0.0018012152777777779,0.020664530934184244,188.0,0.5106382978723403,0.12765957446808512,0.30851063829787234,0.8695624726811352
small_long,nomotor_xlink,r0012,4.0,pulse_03,2.251056382978723,1.0755137920679587,0.0004421985815599901,0.0004421985815599901,1.0,0.36363636363636365,0.3482552414331661,0.0018880208333333333,0.0070891526016160595,188.0,0.4999999999999999,0.12765957446808512,0.3085106382978723,0.8600135207220136
small_long,nomotor_xlink,r0012,4.05,pulse_04,2.3456721649484535,1.2079701739407982,0.0274549828178694,-0.0274549828178694,1.0,0.391304347826087,0.3209957090775122,0.0019097222222222222,0.03179488331878318,194.0,0.5154639175257734,0.12371134020618557,0.29896907216494856,0.8398733405865201
small_long,nomotor_xlink,r0012,4.1,pulse_04,2.2633072164948453,1.3033548238971477,0.012498281786941604,-0.012498281786941604,1.0,0.373134328358209,0.24627022127975662,0.0018880208333333333,0.022072369966351535,194.0,0.48453608247422686,0.12371134020618557,0.29896907216494845,0.8635028030859117
small_long,nomotor_xlink,r0012,4.15,pulse_04,2.270682474226804,1.3404043937389074,0.0078522694730813,0.0078522694730813,1.0,0.38235294117647056,0.318256862295761,0.0017578125,0.009345541987303974,194.0,0.5051546391752578,0.12371134020618557,0.2989690721649485,0.8598735395379754
small_long,nomotor_xlink,r0012,4.2,pulse_04,2.310420833333333,1.3594280758209716,0.01825537710255028,0.01825537710255028,1.0,0.4117647058823529,0.27940227320426714,0.0018663194444444445,0.006570843864145748,192.0,0.4999999999999999,0.11458333333333334,0.28125,0.867528814777385
small_long,nomotor_xlink,r0012,4.25,pulse_04,2.3802147368421056,1.300979330554033,0.02456124408983455,0.02456124408983455,1.0,0.40625,0.2556130367977034,0.0018229166666666667,0.01571419118847202,190.0,0.4947368421052631,0.10526315789473684,0.28421052631578947,0.8518236469848112
small_long,nomotor_xlink,r0012,4.3,pulse_04,2.4577882978723404,1.2651429286901394,0.012182827547592293,0.012182827547592293,1.0,0.4375,0.21521152270137814,0.0017795138888888889,0.026519025988455014,188.0,0.4999999999999999,0.09574468085106383,0.2659574468085107,0.864926653764355
small_long,nomotor_xlink,r0012,4.35,pulse_04,2.4533117021276594,1.1418651746233028,0.0030117021276595914,-0.0030117021276595914,1.0,0.4375,0.31484159906245535,0.0018012152777777779,0.025126219035983593,188.0,0.5,0.08510638297872342,0.26595744680851074,0.875636637082051
small_long,nomotor_xlink,r0012,4.4,pulse_04,2.439718085106383,1.114385614474238,0.0034780141843972303,0.0034780141843972303,1.0,0.4461538461538462,0.33561990140247405,0.0017795138888888889,0.008838388483834891,188.0,0.5,0.09574468085106383,0.2659574468085107,0.8716577001873245
small_long,nomotor_xlink,r0012,4.45,pulse_04,2.4741797872340427,1.0888348437202935,0.0016460992907801526,-0.0016460992907801526,1.0,0.4603174603174603,0.2773761299608323,0.0018012152777777779,0.002685680964180167,188.0,0.5,0.09574468085106383,0.2659574468085107,0.8579182932158242
small_long,nomotor_xlink,r0012,4.5,pulse_04,2.429841489361702,1.098271528689157,0.013780319148936218,-0.013780319148936218,1.0,0.4603174603174603,0.2350734402321294,0.0017578125,0.007814140883471618,188.0,0.5,0.10638297872340426,0.2659574468085107,0.8516056655931491
small_long,nomotor_xlink,r0012,4.55,pulse_04,2.3914978723404254,1.1357196890211232,0.00809021772287033,0.00809021772287033,1.0,0.45161290322580644,0.2515758854006115,0.0018880208333333333,0.00663282463251121,188.0,0.4999999999999999,0.10638297872340426,0.27659574468085113,0.8638244078378999
small_long,nomotor_xlink,r0012,4.6,pulse_04,2.478382795698924,1.1380684764842242,0.01093010371387182,0.01093010371387182,1.0,0.45161290322580644,0.18505706897377208,0.0018663194444444445,0.0036457127558389515,186.0,0.5053763440860213,0.08602150537634408,0.2688172043010752,0.835541876054277
small_long,nomotor_xlink,r0012,4.65,pulse_04,2.4570784946236564,1.157593965556157,0.006108845644382225,0.006108845644382225,1.0,0.4838709677419355,0.31333514926639816,0.0017578125,0.03180148574228373,186.0,0.4946236559139784,0.0967741935483871,0.26881720430107525,0.855880975276245
small_long,nomotor_xlink,r0012,4.7,pulse_04,2.5150358695652173,1.3288773909379266,0.011064997272868915,0.011064997272868915,1.0,0.5081967213114754,0.2654525105663141,0.0017578125,0.04731036347654194,184.0,0.5000000000000001,0.06521739130434782,0.26086956521739135,0.8551561997566088
small_long,nomotor_xlink,r0012,4.75,pulse_04,2.52346847826087,1.4414561464154085,0.004687499999999882,0.004687499999999882,1.0,0.5,0.2746618736726724,0.0017144097222222222,0.01050835594838595,184.0,0.5000000000000001,0.06521739130434782,0.26086956521739135,0.8459663472723488
small_long,nomotor_xlink,r0012,4.8,pulse_04,2.5431608695652166,1.3919275266282423,0.01258785435578913,0.01258785435578913,1.0,0.47540983606557374,0.245815419980568,0.0018012152777777779,0.008159374902746616,184.0,0.5000000000000001,0.07608695652173914,0.25000000000000006,0.8456830045788405
small_long,nomotor_xlink,r0012,4.85,pulse_04,2.5989956043956046,1.3924998969989288,0.02471644683276349,0.02471644683276349,1.0,0.5254237288135594,0.2917343971932783,0.0017144097222222222,0.00156933094538599,182.0,0.5054945054945056,0.07692307692307694,0.2417582417582418,0.8470698901727858
small_long,nomotor_xlink,r0012,4.9,pulse_04,2.6914595505617975,1.4013435123005582,0.012114403012717526,0.012114403012717526,1.0,0.5789473684210527,0.3353776576481241,0.0017795138888888889,0.004483497150926922,178.0,0.5056179775280898,0.05617977528089888,0.22471910112359553,0.8431982988808209
small_long,nomotor_xlink,r0012,4.95,pulse_04,2.67168202247191,1.4194008799044904,0.0012818352059925282,-0.0012818352059925282,1.0,0.5789473684210527,0.34716310042958176,0.0016710069444444444,0.01871909994258743,178.0,0.5056179775280899,0.05617977528089888,0.22471910112359553,0.8529908152443566
small_long,nomotor_xlink,r0012,5.0,pulse_04,2.6837685393258424,1.5136581119560828,0.004028838951310861,0.004028838951310861,1.0,0.5789473684210527,0.29215604722915706,0.0016927083333333334,0.03141907735053081,178.0,0.5168539325842695,0.05617977528089888,0.22471910112359553,0.8370298724793419
small_long,nomotor_xlink,r0012,5.05,pulse_05,2.6360370786516856,1.4356682540486623,0.007931086142322297,-0.007931086142322297,1.0,0.5789473684210527,0.2660643729192645,0.0017578125,0.023310777240065583,178.0,0.5056179775280898,0.05617977528089888,0.23595505617977533,0.8334009056758146
small_long,nomotor_xlink,r0012,5.1,pulse_05,2.6122438202247187,1.505600585768859,0.010071910112359564,-0.010071910112359564,1.0,0.5789473684210527,0.34657483956170426,0.0016276041666666667,0.036030688117437225,178.0,0.5056179775280898,0.0449438202247191,0.23595505617977527,0.8465294952720601
small_long,nomotor_xlink,r0012,5.15,pulse_05,2.575605617977528,1.6518523827532856,0.008083707865168469,-0.008083707865168469,1.0,0.5789473684210527,0.11604561293479408,0.0016276041666666667,0.02724731630188615,178.0,0.5056179775280898,0.0449438202247191,0.23595505617977527,0.8299665877612425
small_long,nomotor_xlink,r0012,5.2,pulse_05,2.563741573033708,1.669084483580176,0.005229775280898889,-0.005229775280898889,1.0,0.5789473684210527,0.22349369623616236,0.0017578125,0.004726188465314325,178.0,0.5056179775280899,0.0449438202247191,0.23595505617977533,0.8476936651269678
small_long,nomotor_xlink,r0012,5.25,pulse_05,2.544226966292135,1.6802095135451716,0.002147378277153574,-0.002147378277153574,1.0,0.5714285714285714,0.3204725682026787,0.0016710069444444444,0.01102106440395815,178.0,0.5000000000000001,0.04545454545454546,0.23863636363636362,0.8260604886634023
small_long,nomotor_xlink,r0012,5.3,pulse_05,2.5508573033707864,1.7352108700039248,0.002885018726591785,-0.002885018726591785,1.0,0.5789473684210527,0.22584732740953212,0.0017578125,0.0054950371358894285,178.0,0.5056179775280899,0.05617977528089888,0.23595505617977533,0.859051243281032
small_long,nomotor_xlink,r0012,5.35,pulse_05,2.526916853932584,1.7131797363605081,0.008917977528089871,-0.008917977528089871,1.0,0.5714285714285714,0.2469824865183513,0.001736111111111111,0.00662303057638125,178.0,0.4943820224719101,0.05617977528089888,0.23595505617977527,0.8474007715561501
small_long,nomotor_xlink,r0012,5.4,pulse_05,2.497349438202247,1.6954726865456373,0.00659887640449434,-0.00659887640449434,1.0,0.5714285714285714,0.30846006431870876,0.0016927083333333334,0.0026940833736978087,178.0,0.4943820224719101,0.06741573033707865,0.23595505617977527,0.8506003875500557
small_long,nomotor_xlink,r0012,5.45,pulse_05,2.487323595505618,1.6970152361183213,0.01380179817841339,0.01380179817841339,1.0,0.5714285714285714,0.18110156737310396,0.0017578125,0.006089410593654088,178.0,0.49438202247191015,0.06741573033707865,0.23595505617977527,0.8366053985111906
small_long,nomotor_xlink,r0012,5.5,pulse_05,2.5801602272727275,1.7320091501075618,0.003750802264215203,0.003750802264215203,1.0,0.5555555555555556,0.13648028367531348,0.0016059027777777777,0.0036279948266309723,176.0,0.4999999999999999,0.05681818181818181,0.22727272727272724,0.8390371126108134
small_long,nomotor_xlink,r0012,5.55,pulse_05,2.5098284090909093,1.6752472671585354,0.007756060606060711,-0.007756060606060711,1.0,0.5555555555555556,0.28284599369368835,0.0016927083333333334,0.001990712485444098,176.0,0.48863636363636365,0.05681818181818182,0.2272727272727273,0.8571915738450046
small_long,nomotor_xlink,r0012,5.6,pulse_05,2.5336238636363633,1.7200648751948973,0.005551136363636393,-0.005551136363636393,1.0,0.5555555555555556,0.28616263787481133,0.0017795138888888889,0.013332962349036396,176.0,0.4886363636363636,0.05681818181818181,0.22727272727272724,0.8405735271052313
small_long,nomotor_xlink,r0012,5.65,pulse_05,2.476521590909091,1.7552450412527538,0.019132007575757577,-0.019132007575757577,1.0,0.5471698113207547,0.17653343056839954,0.0016710069444444444,0.0018886320488421908,176.0,0.4886363636363636,0.045454545454545456,0.22727272727272724,0.8304902244283487
small_long,nomotor_xlink,r0012,5.7,pulse_05,2.418831818181818,1.7313966674879504,0.016492613636363673,-0.016492613636363673,1.0,0.5471698113207547,0.2779980410812578,0.001736111111111111,0.0029968435824324624,176.0,0.4772727272727272,0.05681818181818181,0.23863636363636362,0.846406601735474
small_long,nomotor_xlink,r0012,5.75,pulse_05,2.377565909090909,1.7732261027473486,0.01624261363636359,-0.01624261363636359,1.0,0.5384615384615384,0.22348560619639174,0.0018012152777777779,0.00686757182282675,176.0,0.4772727272727272,0.05681818181818181,0.2386363636363636,0.8464066017354739
small_long,nomotor_xlink,r0012,5.8,pulse_05,2.3213761363636363,1.772602098424911,0.010009280303030277,-0.010009280303030277,1.0,0.5471698113207547,0.11939050930478295,0.0018012152777777779,0.006374307358044858,176.0,0.4772727272727272,0.05681818181818181,0.26136363636363635,0.8540723127669839
small_long,nomotor_xlink,r0012,5.85,pulse_05,2.3175102272727273,1.8114719468956177,0.0018007575757575574,-0.0018007575757575574,1.0,0.5471698113207547,0.21650431579827162,0.0016710069444444444,0.005846571219646712,176.0,0.46590909090909083,0.05681818181818181,0.2727272727272727,0.8369785364020543
small_long,nomotor_xlink,r0012,5.9,pulse_05,2.310571590909091,1.8076815257427912,0.004866477272727303,-0.004866477272727303,1.0,0.5384615384615384,0.27338222968520554,0.0016493055555555556,0.011255473705464647,176.0,0.4545454545454545,0.05681818181818181,0.27272727272727265,0.8462270940171672
small_long,nomotor_xlink,r0012,5.95,pulse_05,2.2883113636363634,1.7439391046628299,6.401515151514363e-05,6.401515151514363e-05,1.0,0.5384615384615384,0.2165215896572268,0.0017144097222222222,0.005420137746390941,176.0,0.4545454545454545,0.05681818181818181,0.28409090909090906,0.8188705072570485
small_long,nomotor_xlink,r0012,6.0,pulse_05,2.310955681818182,1.7751606992644455,0.007548106060606112,0.007548106060606112,1.0,0.5294117647058824,0.2804348557254279,0.0017795138888888889,0.010407198200538556,176.0,0.4659090909090909,0.05681818181818182,0.2840909090909091,0.8194505302410299
small_long,nomotor_xlink,r0012,6.05,pulse_06,2.305369318181818,1.8041002745658234,0.0069742424242423455,-0.0069742424242423455,1.0,0.5294117647058824,0.24969312851401404,0.0016276041666666667,0.012549646956439897,176.0,0.4659090909090909,0.05681818181818182,0.27272727272727276,0.8333835456988776
small_long,nomotor_xlink,r0012,6.1,pulse_06,2.284446590909091,1.7664513336965038,0.0007287878787879029,0.0007287878787879029,1.0,0.5294117647058824,0.3003414858330644,0.0016927083333333334,0.010469525401582858,176.0,0.4545454545454546,0.045454545454545456,0.284090909090909,0.8396923499542764
small_long,nomotor_xlink,r0012,6.15,pulse_06,2.3097420454545454,1.7412831221563263,0.0026876893939393742,-0.0026876893939393742,1.0,0.5294117647058824,0.24339387139506286,0.0017144097222222222,0.0025060943024811655,176.0,0.46590909090909083,0.05681818181818181,0.28409090909090906,0.8588447025279652
small_long,nomotor_xlink,r0012,6.2,pulse_06,2.2683204545454547,1.7514147678816168,0.011382196969696926,-0.011382196969696926,1.0,0.5294117647058824,0.28129446848051803,0.0017578125,0.0061880149155310775,176.0,0.4545454545454544,0.05681818181818181,0.27272727272727276,0.846569748013202
small_long,nomotor_xlink,r0012,6.25,pulse_06,2.241448863636364,1.7041550326631398,0.016754342847075405,0.016754342847075405,1.0,0.52,0.32262593900040565,0.0016710069444444444,0.007797696901912454,176.0,0.44318181818181807,0.045454545454545456,0.27272727272727276,0.8275969031578199
small_long,nomotor_xlink,r0012,6.3,pulse_06,2.368846511627907,1.704628586470142,0.019409104122621423,0.019409104122621423,1.0,0.09090909090909091,0.3356030147652544,0.0017144097222222222,0.0034610197354852192,172.0,0.46511627906976766,0.023255813953488372,0.25581395348837216,0.8200485569085384
small_long,nomotor_xlink,r0012,6.35,pulse_06,2.3579034883720924,1.6833889142502285,0.006305038759689981,-0.006305038759689981,1.0,0.07407407407407407,0.2234637336547334,0.0016276041666666667,0.008065657883138103,172.0,0.44186046511627924,0.03488372093023256,0.2674418604651163,0.840162557760683
small_long,nomotor_xlink,r0012,6.4,pulse_06,2.3310162790697673,1.6562346391713134,0.005107444140446764,-0.005107444140446764,1.0,0.07407407407407407,0.23178104688041443,0.0016493055555555556,0.0011088499936150094,172.0,0.44186046511627924,0.046511627906976744,0.2674418604651163,0.8186895457863095
small_long,nomotor_xlink,r0012,6.45,pulse_06,2.327258823529412,1.6900420142119186,0.003318659370724989,0.003318659370724989,1.0,0.07407407407407407,0.24699462848172124,0.0016927083333333334,0.0015745804207105325,170.0,0.4470588235294118,0.03529411764705882,0.2823529411764706,0.814726335050467
small_long,nomotor_xlink,r0012,6.5,pulse_06,2.350928235294117,1.6656821216955766,0.003716470588235321,0.003716470588235321,1.0,0.07142857142857142,0.16694888240240602,0.0016059027777777777,0.004209449318056779,170.0,0.4470588235294118,0.03529411764705882,0.29411764705882354,0.8407794441464311
small_long,nomotor_xlink,r0012,6.55,pulse_06,2.3495576470588238,1.7152987101202593,0.0008662745098038845,-0.0008662745098038845,1.0,0.09090909090909091,0.3421077635403504,0.001736111111111111,0.010605343405952797,170.0,0.4470588235294118,0.03529411764705882,0.2823529411764706,0.8305261034834348
small_long,nomotor_xlink,r0012,6.6,pulse_06,2.345730588235294,1.7293141821312934,0.00027901960784304514,0.00027901960784304514,1.0,0.1111111111111111,0.1990211402002953,0.0016276041666666667,0.0056126618620639945,170.0,0.4470588235294118,0.03529411764705882,0.2823529411764706,0.8018492424652996
small_long,nomotor_xlink,r0012,6.65,pulse_06,2.351231764705882,1.6816227389478753,0.00266333333333324,-0.00266333333333324,1.0,0.03571428571428571,0.21024284443722827,0.0016710069444444444,0.004875556819047426,170.0,0.4470588235294118,0.03529411764705882,0.29411764705882354,0.8156386125714554
small_long,nomotor_xlink,r0012,6.7,pulse_06,2.3297505882352945,1.7000608412170088,0.0011756862745098129,0.0011756862745098129,1.0,0.09090909090909091,0.3135813886627891,0.0017144097222222222,0.0031792175972510384,170.0,0.4352941176470588,0.03529411764705882,0.2705882352941177,0.8212578029854681
small_long,nomotor_xlink,r0012,6.75,pulse_06,2.358285882352941,1.662547433364369,0.001625490196078531,-0.001625490196078531,1.0,0.13793103448275862,0.1798495740303016,0.0016493055555555556,0.0064274442641259295,170.0,0.4470588235294118,0.03529411764705882,0.2823529411764706,0.8172292534597938
small_long,nomotor_xlink,r0012,6.8,pulse_06,2.3199976470588233,1.6614961756322533,0.007221176470588213,-0.007221176470588213,1.0,0.12280701754385964,0.27464275174952296,0.0014973958333333334,0.004399432942380839,170.0,0.4352941176470588,0.03529411764705882,0.2823529411764706,0.8220492469936123
small_long,nomotor_xlink,r0012,6.85,pulse_06,2.3149588235294116,1.636150835710084,0.009722745098039129,-0.009722745098039129,1.0,0.13793103448275862,0.20515348813608716,0.0016059027777777777,0.0057454973225682755,170.0,0.4352941176470589,0.03529411764705882,0.2823529411764706,0.8321167443717733
small_long,nomotor_xlink,r0012,6.9,pulse_06,2.2616611764705885,1.6270231916968436,0.01018627450980373,-0.01018627450980373,1.0,0.10714285714285714,0.20444319955416537,0.0017144097222222222,5.449298756909915e-05,170.0,0.4352941176470588,0.03529411764705882,0.3058823529411765,0.8528092689826007
small_long,nomotor_xlink,r0012,6.95,pulse_06,2.2538411764705892,1.6364777936354986,0.006513921568627401,-0.006513921568627401,1.0,0.13793103448275862,0.2836579940883636,0.001584201388888889,0.009379835258918464,170.0,0.4352941176470588,0.03529411764705882,0.3058823529411765,0.8476825986511026
small_long,nomotor_xlink,r0012,7.0,pulse_06,2.222577647058824,1.6833022032503544,0.010421176470588378,-0.010421176470588378,1.0,0.13793103448275862,0.19938307573190728,0.001584201388888889,0.015608136538285263,170.0,0.4235294117647059,0.03529411764705882,0.31764705882352945,0.8476825986511026
small_long,nomotor_xlink,r0012,7.05,pulse_07,2.295250588235294,1.7175701193248112,0.008281176470588125,-0.008281176470588125,1.0,0.15789473684210525,0.21109638335038317,0.0016276041666666667,0.003988075787276261,170.0,0.4352941176470588,0.023529411764705882,0.3058823529411765,0.8372434147032713
small_long,nomotor_xlink,r0012,7.1,pulse_07,2.2704070588235297,1.7056058919629824,0.0023300000000000174,0.0023300000000000174,1.0,0.1724137931034483,0.20459445709320515,0.0016927083333333334,0.002639866090532091,170.0,0.4352941176470589,0.023529411764705882,0.31764705882352945,0.8346196627811001
small_long,nomotor_xlink,r0012,7.15,pulse_07,2.309230588235294,1.7334093158680037,0.012317058823529367,0.012317058823529367,1.0,0.16363636363636364,0.25393624987768937,0.0016059027777777777,0.0007595688044073068,170.0,0.4352941176470589,0.03529411764705882,0.3058823529411765,0.8285807149286135
small_long,nomotor_xlink,r0012,7.2,pulse_07,2.344309411764706,1.7101633047894262,0.006618823529411788,-0.006618823529411788,1.0,0.19298245614035087,0.24302518200699638,0.0016276041666666667,0.004578505860597455,170.0,0.4352941176470589,0.03529411764705882,0.29411764705882354,0.8269900740402751
small_long,nomotor_xlink,r0012,7.25,pulse_07,2.2695176470588234,1.705938280704419,0.014262549019607848,-0.014262549019607848,1.0,0.12280701754385964,0.1819509864181635,0.0016276041666666667,0.008424214703728413,170.0,0.4470588235294118,0.03529411764705882,0.3294117647058824,0.8260777965192867
small_long,nomotor_xlink,r0012,7.3,pulse_07,2.258734117647059,1.6596180165670558,0.00934607843137251,-0.00934607843137251,1.0,0.2,0.2745386576813939,0.001584201388888889,0.004985006630235859,170.0,0.4470588235294118,0.03529411764705882,0.3058823529411765,0.8321167443717733
small_long,nomotor_xlink,r0012,7.35,pulse_07,2.2134411764705884,1.6760282409230038,0.011014705882353018,-0.011014705882353018,1.0,0.15254237288135594,0.21640325093347504,0.0017144097222222222,0.008075121275707198,170.0,0.4352941176470589,0.03529411764705882,0.31764705882352945,0.8312044668507849
small_long,nomotor_xlink,r0012,7.4,pulse_07,2.1926458823529407,1.708068744221299,0.009866862745098107,-0.009866862745098107,1.0,0.13793103448275862,0.2864540757383982,0.0016710069444444444,0.00883003394105845,170.0,0.4352941176470588,0.03529411764705882,0.3411764705882353,0.8425559283196047
small_long,nomotor_xlink,r0012,7.45,pulse_07,2.1542399999999997,1.7290084445693545,0.019300392156862706,-0.019300392156862706,1.0,0.15254237288135594,0.3104916790284437,0.0016710069444444444,0.0033959503497124808,170.0,0.4352941176470588,0.03529411764705882,0.3411764705882353,0.8321167443717732
small_long,nomotor_xlink,r0012,7.5,pulse_07,2.0768435294117644,1.7284444463195738,0.006379803921568635,-0.006379803921568635,1.0,0.03333333333333333,0.22941902010185478,0.0016276041666666667,0.024131193548829605,170.0,0.4352941176470588,0.03529411764705882,0.3411764705882353,0.835652773814933
small_long,nomotor_xlink,r0012,7.55,pulse_07,2.115961176470588,1.584221283276377,0.0027252941176471404,0.0027252941176471404,1.0,0.01694915254237288,0.2774664224807999,0.0016710069444444444,0.030520614365497283,170.0,0.4352941176470589,0.03529411764705882,0.3411764705882353,0.8409652874312662
small_long,nomotor_xlink,r0012,7.6,pulse_07,2.0931952941176473,1.5453207601265901,0.008483137254901907,-0.008483137254901907,1.0,0.01694915254237288,0.30727377234115305,0.0017144097222222222,0.008951033786541274,170.0,0.4470588235294118,0.03529411764705882,0.3411764705882353,0.8331498554056062
small_long,nomotor_xlink,r0012,7.65,pulse_07,2.0650623529411765,1.6379274859956245,0.009686862745098187,-0.009686862745098187,1.0,-0.017543859649122806,0.25210985349890147,0.001584201388888889,0.01852664243826922,170.0,0.4404761904761905,0.03571428571428571,0.34523809523809523,0.8091569309722222
small_long,nomotor_xlink,r0012,7.7,pulse_07,2.035074117647058,1.6564806147562054,0.007426078431372589,-0.007426078431372589,1.0,-0.03571428571428571,0.31091625791428673,0.0016059027777777777,0.0073504002638252,170.0,0.4470588235294118,0.03529411764705882,0.3411764705882353,0.843204493571824
small_long,nomotor_xlink,r0012,7.75,pulse_07,2.020505882352941,1.6820298875785757,0.0007674509803923257,0.0007674509803923257,1.0,0.0,0.22269588896655443,0.0016493055555555556,0.006795910455451026,170.0,0.4470588235294118,0.03529411764705882,0.3411764705882353,0.8184001369096584
small_long,nomotor_xlink,r0012,7.8,pulse_07,2.039678823529412,1.6972560774889116,0.001664509803921484,-0.001664509803921484,1.0,-0.017543859649122806,0.21726477121742752,0.0017144097222222222,0.003732781562706955,170.0,0.4470588235294118,0.047058823529411764,0.3411764705882353,0.8363311371822828
small_long,nomotor_xlink,r0012,7.85,pulse_07,2.010518823529412,1.7044265769548175,0.0057858823529412335,-0.0057858823529412335,1.0,0.01694915254237288,0.26021676150781936,0.0017144097222222222,0.01016525895968993,170.0,0.4470588235294118,0.047058823529411764,0.3411764705882353,0.8423700850347694
small_long,nomotor_xlink,r0012,7.9,pulse_07,2.0049635294117647,1.636264523730772,0.0004498039215685701,0.0004498039215685701,1.0,-0.017543859649122806,0.31047013188524203,0.0016493055555555556,0.018259221834350654,170.0,0.4470588235294118,0.047058823529411764,0.3411764705882353,0.8230823580274451
small_long,nomotor_xlink,r0012,7.95,pulse_07,2.0132176470588234,1.5948712459487135,0.013209019607843153,0.013209019607843153,1.0,0.0,0.38347908234889183,0.0016927083333333334,0.009278572813499827,170.0,0.4470588235294117,0.047058823529411764,0.3411764705882353,0.8430965192709228
small_long,nomotor_xlink,r0012,8.0,pulse_07,2.0842176470588236,1.580593086849773,0.023666666666666725,0.023666666666666725,1.0,0.0,0.1409150164073189,0.0016059027777777777,0.004759386366313493,170.0,0.4470588235294117,0.047058823529411764,0.3411764705882353,0.8462778010475993
small_long,nomotor_xlink,r0013,0.0,initial,-1.2282800000000003,2.031384457647742,0.3201422222222223,0.3201422222222223,1.0,-0.3333333333333333,0.0,0.0001953125,0.012939049809443492,20.0,0.3,0.5,0.6,0.4502486111749632
small_long,nomotor_xlink,r0013,0.05,initial,-0.26785333333333355,1.9925673082194115,0.2503694736842106,0.2503694736842106,1.0,-0.09090909090909091,0.21433418831531043,0.0003255208333333333,0.011730759722753762,30.0,0.3333333333333333,0.39999999999999997,0.5333333333333333,0.5968997441345335
small_long,nomotor_xlink,r0013,0.1,initial,0.27393684210526326,1.9609998993112194,0.18977347222222227,0.18977347222222227,1.0,0.0,0.6061520276918579,0.000390625,0.015948354282980137,38.0,0.36842105263157887,0.3157894736842105,0.47368421052631576,0.6552849531615338
small_long,nomotor_xlink,r0013,0.15000000000000002,initial,0.8707875,1.8968771825215307,0.12248274853801167,0.12248274853801167,1.0,0.17647058823529413,0.5548764374596747,0.0004557291666666667,0.0641307983186337,48.0,0.41666666666666663,0.25,0.37499999999999994,0.6593393299467379
small_long,nomotor_xlink,r0013,0.2,initial,1.0088333333333332,1.5762151093994172,0.08622374999999997,0.08622374999999997,1.0,0.1111111111111111,0.3398251865033823,0.0005642361111111111,0.038039800422760006,54.0,0.37037037037037035,0.22222222222222224,0.3333333333333333,0.6935411263754997
small_long,nomotor_xlink,r0013,0.25,initial,1.3881299999999999,1.6686383799849707,0.06514121863799287,0.06514121863799287,1.0,0.3,0.27017886047064155,0.0006293402777777778,0.01883083676620645,60.0,0.4333333333333333,0.2,0.30000000000000004,0.7234434168863594
small_long,nomotor_xlink,r0013,0.30000000000000004,initial,1.3996806451612904,1.689200129996656,0.0009342156862745717,0.0009342156862745717,1.0,0.3,0.4077571770351379,0.0006510416666666666,0.018962089228417984,62.0,0.4193548387096775,0.1935483870967742,0.3548387096774194,0.7224219364163298
small_long,nomotor_xlink,r0013,0.35000000000000003,initial,1.3937352941176473,1.7824109153554786,0.007490480708412369,0.007490480708412369,1.0,0.3333333333333333,0.4665574666033389,0.0006727430555555556,0.010945263471277555,68.0,0.4411764705882352,0.17647058823529413,0.3235294117647059,0.7267833425816658
small_long,nomotor_xlink,r0013,0.4,initial,1.4446235294117646,1.7548717108243213,0.039390413943355074,0.039390413943355074,1.0,0.45454545454545453,0.3493562501920204,0.0006293402777777778,0.030640726356789088,68.0,0.3823529411764706,0.14705882352941177,0.29411764705882354,0.6825406272842011
small_long,nomotor_xlink,r0013,0.45,initial,1.6300777777777777,1.598566557214744,0.04478591582974659,0.04478591582974659,1.0,0.36363636363636365,0.47512848745814906,0.0006944444444444445,0.01678014386492266,72.0,0.41666666666666663,0.16666666666666666,0.3055555555555555,0.7650500916042375
small_long,nomotor_xlink,r0013,0.5,initial,1.7133390243902442,1.6541908476347853,0.030874735449735475,0.030874735449735475,1.0,0.4166666666666667,0.36937121263224154,0.0008029513888888889,0.0014092115617528878,82.0,0.39024390243902446,0.14634146341463414,0.24390243902439024,0.7721859155166203
small_long,nomotor_xlink,r0013,0.55,initial,1.8153261904761906,1.6070218265852614,0.05737682926829261,0.05737682926829261,1.0,0.44,0.24839946535973942,0.0008463541666666667,0.018397663258162462,84.0,0.42857142857142855,0.14285714285714285,0.2619047619047619,0.7898526295970271
small_long,nomotor_xlink,r0013,0.6000000000000001,initial,2.0576,1.5438048680858105,0.08175188492063497,0.08175188492063497,1.0,0.5714285714285714,0.2622231946874751,0.0008463541666666667,0.0018209441362065555,90.0,0.4666666666666667,0.13333333333333333,0.2444444444444444,0.7579390024834932
small_long,nomotor_xlink,r0013,0.65,initial,2.3058375000000004,1.596096161768022,0.051327210884353804,0.051327210884353804,1.0,0.5333333333333333,0.2791083801458336,0.0009548611111111111,0.0003026421571654299,96.0,0.47916666666666663,0.12499999999999997,0.22916666666666666,0.7545126433982161
small_long,nomotor_xlink,r0013,0.7000000000000001,initial,2.3655632653061227,1.541989015142818,0.035130144557823074,0.035130144557823074,1.0,0.5483870967741935,0.17512723869477828,0.0009114583333333333,0.0032991642280734514,98.0,0.5102040816326531,0.10204081632653061,0.22448979591836732,0.7823946552372879
small_long,nomotor_xlink,r0013,0.75,initial,2.516618367346939,1.6158911471364628,0.05080924744897949,0.05080924744897949,1.0,0.6363636363636364,0.1778221587395503,0.0009982638888888888,0.013021085431362748,98.0,0.551020408163265,0.10204081632653059,0.20408163265306117,0.7735014516010155
small_long,nomotor_xlink,r0013,0.8,initial,2.6704187499999996,1.6201155277309944,0.04447721088435371,0.04447721088435371,1.0,0.6875,0.20582509946576977,0.0009548611111111111,0.006403853847027759,96.0,0.5625000000000001,0.08333333333333334,0.18749999999999997,0.7729986983058341
small_long,nomotor_xlink,r0013,0.8500000000000001,initial,2.783481632653061,1.6543142702186293,0.049966371855346026,0.049966371855346026,1.0,0.696969696969697,0.2190210108585558,0.0009114583333333333,0.02124279826662105,98.0,0.5714285714285713,0.0816326530612245,0.1836734693877551,0.7646082479647437
small_long,nomotor_xlink,r0013,0.9,initial,2.9702169811320758,1.4926587381312681,0.04340818942961796,0.04340818942961796,1.0,0.7222222222222222,0.20335035640948695,0.0010199652777777778,0.04324469648863364,106.0,0.5961538461538464,0.07692307692307691,0.17307692307692307,0.7852953638938789
small_long,nomotor_xlink,r0013,0.9500000000000001,initial,3.043930769230769,1.3948460912868275,0.057203459119496904,0.057203459119496904,1.0,0.7837837837837838,0.14079191761935786,0.0010199652777777778,0.029321425880096896,104.0,0.6153846153846154,0.05769230769230769,0.1346153846153846,0.7647475688566392
small_long,nomotor_xlink,r0013,1.0,initial,3.313437735849057,1.3167301828506868,0.08983565553942945,0.08983565553942945,1.0,0.7142857142857143,0.2864702703857752,0.0010416666666666667,0.02603863614538023,106.0,0.6415094339622642,0.03773584905660378,0.13207547169811323,0.7631582717582249
small_long,nomotor_xlink,r0013,1.05,pulse_01,3.5325322033898305,1.422134599535352,0.005747956685499063,-0.005747956685499063,1.0,0.75,0.16848365642558025,0.0011501736111111111,0.00679678453878189,118.0,0.6779661016949153,0.03389830508474576,0.11864406779661016,0.7728868017767311
small_long,nomotor_xlink,r0013,1.1,pulse_01,3.5152883333333333,1.4017442459190064,0.0004916273038805633,0.0004916273038805633,1.0,0.7619047619047619,0.26484818964975065,0.0010850694444444445,0.002388505950258154,120.0,0.6666666666666667,0.03333333333333333,0.11666666666666667,0.7734820804777615
small_long,nomotor_xlink,r0013,1.15,pulse_01,3.535481967213114,1.4078035638338031,0.0009024820788531654,0.0009024820788531654,1.0,0.7073170731707317,0.19886283608106484,0.0012586805555555556,0.0005091994806063852,122.0,0.6721311475409835,0.03278688524590164,0.13114754098360656,0.7841322754688985
small_long,nomotor_xlink,r0013,1.2,pulse_01,3.5207032258064523,1.4047994428026447,0.010841887008637308,-0.010841887008637308,1.0,0.7209302325581395,0.23691272587823856,0.001193576388888889,0.0009482361507558249,124.0,0.661290322580645,0.03225806451612903,0.12903225806451615,0.7903267050740338
small_long,nomotor_xlink,r0013,1.25,pulse_01,3.47043064516129,1.413492980738338,0.0040177419354840245,-0.0040177419354840245,1.0,0.7142857142857143,0.16606364849425329,0.0012803819444444444,0.00405730659712733,124.0,0.661290322580645,0.03225806451612903,0.12903225806451613,0.7890760020210656
small_long,nomotor_xlink,r0013,1.3,pulse_01,3.496596774193548,1.4291432823854087,0.008796215224441037,0.008796215224441037,1.0,0.7142857142857143,0.2267013070982559,0.001193576388888889,0.024576888903810972,124.0,0.6612903225806449,0.03225806451612903,0.12903225806451615,0.7829775166669916
small_long,nomotor_xlink,r0013,1.35,pulse_01,3.5232079365079363,1.560954314161204,0.02218230846774194,0.02218230846774194,1.0,0.7142857142857143,0.19142789902716092,0.0012369791666666666,0.022069647707242363,126.0,0.6666666666666665,0.031746031746031744,0.12698412698412698,0.7712750412724018
small_long,nomotor_xlink,r0013,1.4,pulse_01,3.629690625,1.5615611686288629,0.009671854332010602,0.009671854332010602,1.0,0.6744186046511628,0.37387658777234895,0.0011067708333333333,0.00219798020968028,128.0,0.671875,0.03125,0.125,0.7895896982297318
small_long,nomotor_xlink,r0013,1.45,pulse_01,3.5812390625,1.5741421954192856,0.0104221354166667,-0.0104221354166667,1.0,0.7142857142857143,0.2768796787536096,0.0012586805555555556,0.006267770717938048,128.0,0.671875,0.03125,0.125,0.7741062333445373
small_long,nomotor_xlink,r0013,1.5,pulse_01,3.5671578124999996,1.5991677929364911,0.0007447155448717288,-0.0007447155448717288,1.0,0.6818181818181818,0.2595923825064459,0.0012803819444444444,0.00023924938236108417,128.0,0.6507936507936508,0.031746031746031744,0.12698412698412698,0.7954028031664461
small_long,nomotor_xlink,r0013,1.55,pulse_01,3.5767707692307695,1.572706699125119,0.0031127526430349364,0.0031127526430349364,1.0,0.7333333333333333,0.3151412376486136,0.0012586805555555556,0.0037950435213327527,130.0,0.6615384615384614,0.03076923076923077,0.12307692307692308,0.8022855962922717
small_long,nomotor_xlink,r0013,1.6,pulse_01,3.5858343283582093,1.6219380540644877,0.008168597285067802,0.008168597285067802,1.0,0.7446808510638298,0.33851986681064206,0.0013671875,0.017529250256693645,134.0,0.6666666666666665,0.030303030303030304,0.12121212121212122,0.7918582650678443
small_long,nomotor_xlink,r0013,1.65,pulse_01,3.6257823529411763,1.677882200665281,0.013918916288124509,0.013918916288124509,1.0,0.75,0.284837158351254,0.0012803819444444444,0.01010758972078111,136.0,0.6567164179104477,0.029850746268656712,0.11940298507462685,0.7977413485727454
small_long,nomotor_xlink,r0013,1.7000000000000002,pulse_01,3.6693478260869563,1.6825835923891743,0.008501750700280253,0.008501750700280253,1.0,0.7446808510638298,0.29105465165973543,0.0013020833333333333,0.0015525673292031694,138.0,0.6811594202898551,0.028985507246376812,0.13043478260869565,0.7762132366693428
small_long,nomotor_xlink,r0013,1.75,pulse_01,3.676792857142858,1.6871976046405,0.012567954911433254,0.012567954911433254,1.0,0.75,0.2674647007811188,0.0012369791666666666,0.015297751341606011,140.0,0.657142857142857,0.04285714285714286,0.14285714285714285,0.7931818672595595
small_long,nomotor_xlink,r0013,1.8,pulse_01,3.744755555555556,1.5907970843395383,0.0012576058201058486,-0.0012576058201058486,1.0,0.76,0.08395974032367956,0.0014105902777777778,0.009157450206832563,144.0,0.6527777777777778,0.04166666666666667,0.1388888888888889,0.8120004514297474
small_long,nomotor_xlink,r0013,1.85,pulse_01,3.6692472222222228,1.6322529033995046,0.019603009259259247,-0.019603009259259247,1.0,0.75,0.2946873464096006,0.0014322916666666666,0.004363427891002081,144.0,0.6338028169014083,0.042253521126760556,0.1408450704225352,0.7999947748905455
small_long,nomotor_xlink,r0013,1.9,pulse_01,3.6271375000000003,1.6169776516855507,0.01321435185185186,-0.01321435185185186,1.0,0.76,0.19059420986932682,0.0014105902777777778,0.0015359948045472842,144.0,0.625,0.02777777777777778,0.1388888888888889,0.8068057282616323
small_long,nomotor_xlink,r0013,1.9500000000000002,pulse_01,3.5899611111111116,1.6414688722267883,0.0076099029680365415,-0.0076099029680365415,1.0,0.7647058823529411,0.19873395700353852,0.0014322916666666666,0.002065349889423862,144.0,0.6388888888888888,0.04166666666666667,0.1388888888888889,0.7974365258897868
small_long,nomotor_xlink,r0013,2.0,pulse_01,3.581478082191781,1.6045855523490076,0.0028276763064435015,-0.0028276763064435015,1.0,0.7647058823529411,0.21254585065516243,0.0012803819444444444,0.012294439959260236,146.0,0.6438356164383562,0.0410958904109589,0.136986301369863,0.8011216158768155
small_long,nomotor_xlink,r0013,2.05,pulse_02,3.5839824324324323,1.5932325002432037,0.006437434803224414,0.006437434803224414,1.0,0.76,0.1377729736793536,0.0014539930555555556,0.004174726713084794,148.0,0.6216216216216215,0.040540540540540536,0.13513513513513514,0.799342765547264
small_long,nomotor_xlink,r0013,2.1,pulse_02,3.6032947368421056,1.5807083201039493,0.004588454243717492,0.004588454243717492,1.0,0.76,0.18295758694630304,0.0014973958333333334,0.00824204342973848,152.0,0.618421052631579,0.039473684210526314,0.13157894736842105,0.7983038367860006
small_long,nomotor_xlink,r0013,2.15,pulse_02,3.6115131578947373,1.5437802396647728,0.005173903508771967,-0.005173903508771967,1.0,0.7647058823529411,0.09747813886090505,0.0014539930555555556,0.004703175428322363,152.0,0.631578947368421,0.02631578947368421,0.13157894736842105,0.8024664576002055
small_long,nomotor_xlink,r0013,2.2,pulse_02,3.5722513157894737,1.6089273726738835,0.012188815789473765,-0.012188815789473765,1.0,0.7647058823529411,0.2701110334066989,0.0015190972222222222,0.006587496491779143,152.0,0.605263157894737,0.02631578947368421,0.13157894736842105,0.8204802450292191
small_long,nomotor_xlink,r0013,2.25,pulse_02,3.5383802631578947,1.5833052186154477,0.014822368421052667,-0.014822368421052667,1.0,0.7692307692307693,0.20900035792284616,0.0014756944444444444,0.0014334947174560557,152.0,0.605263157894737,0.039473684210526314,0.13157894736842105,0.7993241471713167
small_long,nomotor_xlink,r0013,2.3,pulse_02,3.4833171052631577,1.6003264043691472,0.010537719298245726,-0.010537719298245726,1.0,0.7692307692307693,0.26518258279312573,0.001540798611111111,0.0012487098495117162,152.0,0.605263157894737,0.039473684210526314,0.14473684210526314,0.8011512058616608
small_long,nomotor_xlink,r0013,2.35,pulse_02,3.4751539473684203,1.590797477712518,0.007429824561403582,-0.007429824561403582,1.0,0.7647058823529411,0.2350181595482841,0.001388888888888889,0.0023842416169072753,152.0,0.605263157894737,0.039473684210526314,0.15789473684210525,0.7858697378150743
small_long,nomotor_xlink,r0013,2.4,pulse_02,3.4387381578947362,1.6146318540705908,0.013236622807017392,-0.013236622807017392,1.0,0.7647058823529411,0.18632205453513428,0.0015190972222222222,0.0016638984530991479,152.0,0.5921052631578947,0.039473684210526314,0.17105263157894735,0.8300336480851948
small_long,nomotor_xlink,r0013,2.45,pulse_02,3.395734210526316,1.600780868431113,0.007067105263157754,-0.007067105263157754,1.0,0.7647058823529411,0.2098679718820142,0.001540798611111111,0.004177329628143878,152.0,0.5921052631578949,0.039473684210526314,0.17105263157894735,0.8215005554145351
small_long,nomotor_xlink,r0013,2.5,pulse_02,3.3963355263157897,1.5895678763017276,0.005133333333333286,-0.005133333333333286,1.0,0.7647058823529411,0.2066528614665926,0.0015190972222222222,0.0024303452931102587,152.0,0.5921052631578948,0.039473684210526314,0.17105263157894735,0.8242998720565454
small_long,nomotor_xlink,r0013,2.55,pulse_02,3.3649342105263162,1.5861987966724513,0.008841447368421074,-0.008841447368421074,1.0,0.76,0.20761320686932858,0.0014539930555555556,0.003062821420528161,152.0,0.5921052631578947,0.039473684210526314,0.17105263157894735,0.8284624928707504
small_long,nomotor_xlink,r0013,2.6,pulse_02,3.3432868421052633,1.6079448048248965,0.012291666666666737,-0.012291666666666737,1.0,0.75,0.3153878463961147,0.001540798611111111,0.00900065683125358,152.0,0.5789473684210527,0.039473684210526314,0.17105263157894735,0.8311891012151393
small_long,nomotor_xlink,r0013,2.65,pulse_02,3.291184210526316,1.6402027376599728,0.010772368421052558,-0.010772368421052558,1.0,0.7551020408163265,0.20146201518176313,0.001540798611111111,0.012416832298311364,152.0,0.5657894736842105,0.039473684210526314,0.18421052631578944,0.8240920210142957
small_long,nomotor_xlink,r0013,2.7,pulse_02,3.278652631578948,1.6824457986147647,0.003636184210526361,0.003636184210526361,1.0,0.7551020408163265,0.23346001983793707,0.0015190972222222222,0.0022117072923182692,152.0,0.5657894736842106,0.039473684210526314,0.18421052631578946,0.8389097345427324
small_long,nomotor_xlink,r0013,2.75,pulse_02,3.313001315789474,1.6534729814138824,0.0018763157894736704,0.0018763157894736704,1.0,0.7142857142857143,0.23192494322456242,0.0014756944444444444,0.008887307263387342,152.0,0.5657894736842107,0.039473684210526314,0.18421052631578944,0.8472349761711421
small_long,nomotor_xlink,r0013,2.8,pulse_02,3.28991052631579,1.6291219550344407,0.010543859649122819,-0.010543859649122819,1.0,0.75,0.2683316187910791,0.0014756944444444444,2.683152804568619e-06,152.0,0.5526315789473685,0.039473684210526314,0.18421052631578946,0.8215005554145351
small_long,nomotor_xlink,r0013,2.85,pulse_02,3.249738157894737,1.6534890803307098,0.009321271929824718,-0.009321271929824718,1.0,0.75,0.3251538460031666,0.0015190972222222222,0.0046861518300292575,152.0,0.5526315789473684,0.039473684210526314,0.18421052631578946,0.8131753137861257
small_long,nomotor_xlink,r0013,2.9,pulse_02,3.2339828947368416,1.6572388660146162,0.008058991228070264,-0.008058991228070264,1.0,0.7551020408163265,0.22094089473386663,0.0014973958333333334,0.003406227347315808,152.0,0.5526315789473685,0.039473684210526314,0.18421052631578944,0.803191826632293
small_long,nomotor_xlink,r0013,2.95,pulse_02,3.2013842105263155,1.633051716246815,0.01171644736842096,-0.01171644736842096,1.0,0.7551020408163265,0.2653807657226223,0.0015625,0.0021514565613991823,152.0,0.5526315789473685,0.039473684210526314,0.18421052631578944,0.8279930273145624
small_long,nomotor_xlink,r0013,3.0,pulse_02,3.163684210526316,1.6701476053830113,0.01256666666666654,-0.01256666666666654,1.0,0.7551020408163265,0.27222894878606857,0.0015190972222222222,0.012365296378732108,152.0,0.5394736842105264,0.039473684210526314,0.19736842105263158,0.8271472411322056
small_long,nomotor_xlink,r0013,3.05,pulse_03,3.1773192307692306,1.7576459316963182,0.002250427350427575,0.002250427350427575,1.0,0.7551020408163265,0.1794782908053973,0.0015190972222222222,0.009143806365520405,156.0,0.5384615384615384,0.038461538461538464,0.1923076923076923,0.8283884150153242
small_long,nomotor_xlink,r0013,3.1,pulse_03,3.1840705128205133,1.7850773507928794,0.005164957264957248,0.005164957264957248,1.0,0.75,0.19803980802720159,0.0015625,0.0013843903253645262,156.0,0.5384615384615385,0.03846153846153847,0.19230769230769232,0.8121648672266287
small_long,nomotor_xlink,r0013,3.15,pulse_03,3.208308974358974,1.749339589744131,0.0047891025641024765,0.0047891025641024765,1.0,0.7551020408163265,0.28016724384056485,0.0015625,0.004003629501869425,156.0,0.5384615384615385,0.03846153846153847,0.19230769230769232,0.8056363474367176
small_long,nomotor_xlink,r0013,3.2,pulse_03,3.212805128205128,1.7610555737816629,0.0027925213675212834,0.0027925213675212834,1.0,0.76,0.23786873831020497,0.0015190972222222222,0.007751383930160172,156.0,0.5512820512820513,0.038461538461538464,0.1923076923076923,0.8253266766487146
small_long,nomotor_xlink,r0013,3.25,pulse_03,3.225064102564102,1.795847893325092,0.004558119658119697,-0.004558119658119697,1.0,0.7551020408163265,0.22739480263743472,0.0015625,0.009453608410140535,156.0,0.5384615384615385,0.03846153846153847,0.19230769230769232,0.8265701670775918
small_long,nomotor_xlink,r0013,3.3,pulse_03,3.18545641025641,1.817777224242506,0.01086538461538448,-0.01086538461538448,1.0,0.7692307692307693,0.17455894583616186,0.001584201388888889,0.012980340500530319,156.0,0.5256410256410258,0.03846153846153847,0.19230769230769232,0.7944628351757603
small_long,nomotor_xlink,r0013,3.35,pulse_03,3.159871794871795,1.873729936328274,0.0009741452991452645,-0.0009741452991452645,1.0,0.75,0.22285713345742833,0.001540798611111111,0.010872399614061945,156.0,0.5384615384615385,0.03846153846153847,0.19230769230769232,0.827649172884238
small_long,nomotor_xlink,r0013,3.4,pulse_03,3.1796115384615384,1.8830116219268778,0.020462925962925944,0.020462925962925944,1.0,0.6862745098039216,0.3276119741704559,0.001540798611111111,0.0007313677310785879,156.0,0.5512820512820513,0.038461538461538464,0.20512820512820512,0.795791182830719
small_long,nomotor_xlink,r0013,3.45,pulse_03,3.2826493506493506,1.8693417299418025,0.010541150516150491,0.010541150516150491,1.0,0.673469387755102,0.3458385657199627,0.0014539930555555556,0.010740439809658109,154.0,0.5454545454545454,0.025974025974025972,0.18181818181818182,0.8084066145528532
small_long,nomotor_xlink,r0013,3.5,pulse_03,3.2428584415584414,1.8185689830689291,0.0033246753246753227,-0.0033246753246753227,1.0,0.68,0.24656221393521502,0.0014973958333333334,0.007711880984921963,154.0,0.5454545454545453,0.025974025974025972,0.18181818181818185,0.8139856035584878
small_long,nomotor_xlink,r0013,3.55,pulse_03,3.2627012987012987,1.8230704440322707,0.0013292207792207449,0.0013292207792207449,1.0,0.7083333333333334,0.30378911084570437,0.0014539930555555556,0.0014484592897499777,154.0,0.5454545454545454,0.025974025974025972,0.18181818181818185,0.829956478172098
small_long,nomotor_xlink,r0013,3.6,pulse_03,3.250833766233766,1.827259738807429,0.004351515151515217,-0.004351515151515217,1.0,0.7142857142857143,0.31816460252018613,0.0015190972222222222,0.008589311493481891,154.0,0.5584415584415584,0.025974025974025972,0.18181818181818182,0.8191815463624756
small_long,nomotor_xlink,r0013,3.65,pulse_03,3.2365922077922074,1.874606312993162,0.0014997835497834917,-0.0014997835497834917,1.0,0.68,0.31642981510973134,0.001540798611111111,0.01157926813476103,154.0,0.5584415584415583,0.025974025974025972,0.18181818181818182,0.8292076354938548
small_long,nomotor_xlink,r0013,3.7,pulse_03,3.241835064935065,1.8967353476159952,0.003919696969696851,-0.003919696969696851,1.0,0.7142857142857143,0.3241402407121168,0.0015625,0.003859341682474556,154.0,0.5584415584415583,0.025974025974025972,0.19480519480519481,0.8284057275708282
small_long,nomotor_xlink,r0013,3.75,pulse_03,3.2130740259740262,1.8977623630880094,0.007582467532467607,-0.007582467532467607,1.0,0.7083333333333334,0.2998644563459877,0.001540798611111111,0.007214327442123987,154.0,0.5324675324675323,0.025974025974025972,0.19480519480519481,0.8122297012791533
small_long,nomotor_xlink,r0013,3.8,pulse_03,3.1963402597402593,1.940021312268739,0.006383982683982881,-0.006383982683982881,1.0,0.6666666666666666,0.2675582183184679,0.0014756944444444444,0.004700900937291215,154.0,0.5454545454545454,0.025974025974025972,0.19480519480519484,0.8227464161659277
small_long,nomotor_xlink,r0013,3.85,pulse_03,3.174770129870129,1.9259677687117567,0.004171212121212224,0.004171212121212224,1.0,0.6666666666666666,0.2842771872741785,0.0014105902777777778,0.00690191320430585,154.0,0.5454545454545454,0.025974025974025972,0.2077922077922078,0.8248408577673761
small_long,nomotor_xlink,r0013,3.9,pulse_03,3.2213675324675326,1.898609833042904,0.011403246753246924,0.011403246753246924,1.0,0.7083333333333334,0.30828974390278835,0.0014756944444444444,0.00020499117852457172,154.0,0.5454545454545454,0.025974025974025972,0.19480519480519484,0.8292076354938547
small_long,nomotor_xlink,r0013,3.95,pulse_03,3.2431896103896105,1.927197715782904,0.0015200160950160264,-0.0015200160950160264,1.0,0.673469387755102,0.35942927367343025,0.0015190972222222222,0.00951808588098176,154.0,0.5714285714285715,0.025974025974025976,0.20779220779220786,0.8422821605829903
small_long,nomotor_xlink,r0013,4.0,pulse_03,3.2122474358974364,1.9557183483287945,0.010314058164058023,-0.010314058164058023,1.0,0.68,0.2617878605715852,0.001540798611111111,0.00950687751529681,156.0,0.5512820512820513,0.025641025641025644,0.20512820512820515,0.8405560758568461
small_long,nomotor_xlink,r0013,4.05,pulse_04,3.3188898734177212,1.95602326794512,0.022937552742615885,-0.022937552742615885,1.0,0.72,0.23598336118167657,0.0016059027777777777,0.010227044061514498,158.0,0.5696202531645568,0.012658227848101264,0.18987341772151897,0.8336463668076579
small_long,nomotor_xlink,r0013,4.1,pulse_04,3.2500772151898736,1.9253421357605764,0.009675738396624464,-0.009675738396624464,1.0,0.72,0.316718896289709,0.0014756944444444444,0.008840924339063841,158.0,0.5569620253164557,0.012658227848101266,0.189873417721519,0.8244040293886398
small_long,nomotor_xlink,r0013,4.15,pulse_04,3.2608354430379745,1.9029777219107369,0.00676181434599162,-0.00676181434599162,1.0,0.72,0.28079015547323277,0.001584201388888889,0.0002781641998256257,158.0,0.5822784810126581,0.012658227848101264,0.18987341772151897,0.8454083268403088
small_long,nomotor_xlink,r0013,4.2,pulse_04,3.209506329113924,1.9236731505616227,0.0012550632911392245,-0.0012550632911392245,1.0,0.7142857142857143,0.3237027401544577,0.001540798611111111,0.0069053999122685355,158.0,0.5569620253164557,0.012658227848101266,0.189873417721519,0.8324131226007808
small_long,nomotor_xlink,r0013,4.25,pulse_04,3.253305063291139,1.944410121384348,0.0001415611814345278,-0.0001415611814345278,1.0,0.7142857142857143,0.28476365924352165,0.0014973958333333334,0.009849595156259975,158.0,0.5569620253164556,0.012658227848101264,0.18987341772151897,0.8271487646878939
small_long,nomotor_xlink,r0013,4.3,pulse_04,3.2086569620253167,1.9827707214991825,0.012013713080168742,-0.012013713080168742,1.0,0.72,0.2500602185166952,0.001540798611111111,0.007482061259136974,158.0,0.569620253164557,0.012658227848101266,0.189873417721519,0.8253855938099566
small_long,nomotor_xlink,r0013,4.35,pulse_04,3.1812227848101267,1.98930248893917,0.009620675105485255,-0.009620675105485255,1.0,0.72,0.32131161441679185,0.0015190972222222222,0.004023696300977579,158.0,0.5569620253164556,0.012658227848101264,0.18987341772151897,0.8328647603510373
small_long,nomotor_xlink,r0013,4.4,pulse_04,3.150932911392405,2.006912899305048,0.006315822784810132,-0.006315822784810132,1.0,0.72,0.22772537723770134,0.0016493055555555556,0.002357604820165523,158.0,0.5443037974683542,0.025316455696202528,0.18987341772151897,0.8429152713266151
small_long,nomotor_xlink,r0013,4.45,pulse_04,3.143327848101266,2.003448117860163,0.0021862869198312485,-0.0021862869198312485,1.0,0.72,0.2101037687029901,0.001540798611111111,0.0008842871334158916,158.0,0.5443037974683543,0.025316455696202528,0.18987341772151897,0.8235903616689042
small_long,nomotor_xlink,r0013,4.5,pulse_04,3.1378151898734177,2.0016071765045527,0.007482911392405016,-0.007482911392405016,1.0,0.6862745098039216,0.2632852458421184,0.0015625,0.0003567829570846707,158.0,0.5384615384615385,0.03846153846153847,0.19230769230769232,0.8329017299403222
small_long,nomotor_xlink,r0013,4.55,pulse_04,3.0984303797468358,2.001307420117655,0.01580611814345989,-0.01580611814345989,1.0,0.72,0.21804118351463195,0.0015625,0.0021975108448440603,158.0,0.5569620253164556,0.0379746835443038,0.189873417721519,0.8278786493236502
small_long,nomotor_xlink,r0013,4.6,pulse_04,3.0429784810126583,2.014792241573617,0.005076582278480994,-0.005076582278480994,1.0,0.6862745098039216,0.16558138188435056,0.0016059027777777777,0.011223378590167199,158.0,0.5569620253164556,0.0379746835443038,0.189873417721519,0.8532174620877535
small_long,nomotor_xlink,r0013,4.65,pulse_04,3.06797088607595,2.0686476916586582,0.0017284810126581747,0.0017284810126581747,1.0,0.660377358490566,0.22351909463424122,0.001540798611111111,0.007707110473438454,158.0,0.5569620253164553,0.03797468354430379,0.18987341772151897,0.8071260316575418
small_long,nomotor_xlink,r0013,4.7,pulse_04,3.0533493670886074,2.0610349044142477,8.734177215200904e-05,-8.734177215200904e-05,1.0,0.6923076923076923,0.27864811112389465,0.0016059027777777777,0.0027789133697813106,158.0,0.5569620253164556,0.0379746835443038,0.189873417721519,0.843696877783236
small_long,nomotor_xlink,r0013,4.75,pulse_04,3.0674468354430378,2.085321171877346,0.0035343881856540658,-0.0035343881856540658,1.0,0.6296296296296297,0.27505084293124654,0.0016059027777777777,0.0027224017667174896,158.0,0.5569620253164556,0.0379746835443038,0.189873417721519,0.857222008693824
small_long,nomotor_xlink,r0013,4.8,pulse_04,3.032143037974683,2.0773693150145527,0.02019873417721511,-0.02019873417721511,1.0,0.6470588235294118,0.10101308856095037,0.0016059027777777777,0.001491792732102759,158.0,0.5316455696202531,0.0379746835443038,0.189873417721519,0.839440651391605
small_long,nomotor_xlink,r0013,4.85,pulse_04,2.946254430379747,2.0763704154847296,0.02085063291139237,-0.02085063291139237,1.0,0.6470588235294118,0.1357007815357867,0.0015190972222222222,0.0026956313406050945,158.0,0.5316455696202532,0.0379746835443038,0.189873417721519,0.8423853446555551
small_long,nomotor_xlink,r0013,4.9,pulse_04,2.907039240506329,2.061195526970922,0.01677510548523194,-0.01677510548523194,1.0,0.6153846153846154,0.2150041652416211,0.0016059027777777777,0.006299149181462127,158.0,0.5316455696202531,0.03797468354430379,0.20253164556962022,0.8288602137449669
small_long,nomotor_xlink,r0013,4.95,pulse_04,2.8456037974683555,2.038575520395957,0.010491750513902387,0.010491750513902387,1.0,0.6153846153846154,0.2951526756114479,0.0014973958333333334,0.0059227278856572125,158.0,0.5316455696202531,0.0379746835443038,0.20253164556962025,0.8484313090250624
small_long,nomotor_xlink,r0013,5.0,pulse_04,2.969989743589743,2.0967318942848654,0.04146198204046255,0.04146198204046255,1.0,0.37254901960784315,0.19204258071802066,0.0016059027777777777,0.019385457962969532,156.0,0.5256410256410258,0.025641025641025644,0.20512820512820515,0.8357609467785857
small_long,nomotor_xlink,r0013,5.05,pulse_05,3.179105952380952,2.2321602298778194,0.012306349206349468,0.012306349206349468,1.0,0.43859649122807015,0.22979874952475368,0.0016710069444444444,0.0013075129044017864,168.0,0.5595238095238095,0.023809523809523808,0.17857142857142858,0.8401608716921297
small_long,nomotor_xlink,r0013,5.1,pulse_05,3.2160250000000006,2.2360827685910247,0.003400992063492092,0.003400992063492092,1.0,0.42857142857142855,0.19150377002126773,0.0016493055555555556,0.0005438039400726217,168.0,0.5833333333333333,0.023809523809523808,0.1904761904761905,0.8382409668908021
small_long,nomotor_xlink,r0013,5.15,pulse_05,3.1995119047619047,2.2288974062373836,0.009479960317460382,-0.009479960317460382,1.0,0.4576271186440678,0.24329428328541672,0.0017144097222222222,0.003081551060512148,168.0,0.5833333333333333,0.023809523809523808,0.1904761904761905,0.8378162123399656
small_long,nomotor_xlink,r0013,5.2,pulse_05,3.1591452380952383,2.217593462227952,0.01187242063492063,-0.01187242063492063,1.0,0.4576271186440678,0.02458374815144558,0.0016276041666666667,0.0006583178641902018,168.0,0.5833333333333333,0.023809523809523808,0.1904761904761905,0.8326285102188068
small_long,nomotor_xlink,r0013,5.25,pulse_05,3.128277380952381,2.232847313422525,0.010458928571428716,-0.010458928571428716,1.0,0.4666666666666667,0.2402663652396559,0.0016710069444444444,0.0033261696363611204,168.0,0.5595238095238094,0.023809523809523808,0.1904761904761905,0.810499656361072
small_long,nomotor_xlink,r0013,5.3,pulse_05,3.096391666666666,2.2375504800461186,0.014645634920634901,-0.014645634920634901,1.0,0.4666666666666667,0.2095420185206333,0.001584201388888889,0.00426278001426524,168.0,0.5714285714285713,0.023809523809523808,0.1904761904761905,0.826754368975925
small_long,nomotor_xlink,r0013,5.35,pulse_05,3.0404035714285715,2.2072706333369334,0.0051351572958500125,-0.0051351572958500125,1.0,0.4666666666666667,0.22672983792062434,0.0017144097222222222,0.0024914417590617224,168.0,0.5476190476190474,0.03571428571428571,0.1904761904761905,0.8473171217556673
small_long,nomotor_xlink,r0013,5.4,pulse_05,3.065580722891566,2.2226018294917482,0.0068233003442341,0.0068233003442341,1.0,0.4827586206896552,0.2440647348484182,0.0016493055555555556,0.005845364217987943,166.0,0.5542168674698795,0.024096385542168676,0.18072289156626506,0.8315563705898821
small_long,nomotor_xlink,r0013,5.45,pulse_05,3.081343373493976,2.242342818644861,0.017015611225389565,0.017015611225389565,1.0,0.43859649122807015,0.24153430917449023,0.0016927083333333334,0.0015758777027857402,166.0,0.5609756097560978,0.024390243902439025,0.19512195121951229,0.8459237671993278
small_long,nomotor_xlink,r0013,5.5,pulse_05,3.1676743902439033,2.2320570957084627,0.017095616612792536,0.017095616612792536,1.0,0.4482758620689655,0.17096110417493027,0.0016493055555555556,0.0013136359938111426,164.0,0.5731707317073172,0.012195121951219513,0.18292682926829273,0.8177791996182062
small_long,nomotor_xlink,r0013,5.55,pulse_05,3.1839170731707314,2.234461002681994,0.0033552845528454314,0.0033552845528454314,1.0,0.4482758620689655,0.20607876204570483,0.0016493055555555556,0.0013264298685750446,164.0,0.5609756097560977,0.012195121951219511,0.18292682926829273,0.8165156494098308
small_long,nomotor_xlink,r0013,5.6,pulse_05,3.187806097560976,2.2240985164970124,0.002603658536585248,-0.002603658536585248,1.0,0.47368421052631576,0.2619086494282408,0.0016276041666666667,0.001529668694788322,164.0,0.5609756097560976,0.012195121951219511,0.18292682926829268,0.8174613029376846
small_long,nomotor_xlink,r0013,5.65,pulse_05,3.16829512195122,2.2252829905132643,0.001240243902439116,-0.001240243902439116,1.0,0.43859649122807015,0.2059638022182409,0.0016059027777777777,0.0005029564241229393,164.0,0.5609756097560978,0.012195121951219513,0.17073170731707324,0.831755162194066
small_long,nomotor_xlink,r0013,5.7,pulse_05,3.180364634146341,2.2210807779522748,0.0045689024390243764,0.0045689024390243764,1.0,0.42857142857142855,0.3242764862786301,0.0016710069444444444,0.0005436943142926864,164.0,0.5609756097560977,0.012195121951219511,0.1707317073170732,0.7965222738534581
small_long,nomotor_xlink,r0013,5.75,pulse_05,3.195708536585366,2.2285451563990204,0.005562601626016257,-0.005562601626016257,1.0,0.4642857142857143,0.3354180515160632,0.001736111111111111,0.0008842285197965261,164.0,0.5487804878048781,0.012195121951219511,0.17073170731707318,0.8264409307528787
small_long,nomotor_xlink,r0013,5.8,pulse_05,3.1469890243902436,2.226386149071054,0.012800813008130149,-0.012800813008130149,1.0,0.42857142857142855,0.25809966848451343,0.0016927083333333334,0.008190366686010512,164.0,0.5609756097560978,0.012195121951219513,0.17073170731707318,0.8068328400553108
small_long,nomotor_xlink,r0013,5.85,pulse_05,3.1189036585365852,2.2776873565150835,0.0003918699186991799,-0.0003918699186991799,1.0,0.42857142857142855,0.22168106676232624,0.0016927083333333334,0.00811724374430837,164.0,0.5487804878048782,0.012195121951219511,0.17073170731707318,0.8334538268203713
small_long,nomotor_xlink,r0013,5.9,pulse_05,3.1446378048780486,2.275089611536904,0.004415040650406506,-0.004415040650406506,1.0,0.41818181818181815,0.28317675076814924,0.0016059027777777777,0.0018372081200232297,164.0,0.5365853658536587,0.012195121951219513,0.17073170731707318,0.815569995881977
small_long,nomotor_xlink,r0013,5.95,pulse_05,3.092413414634146,2.266664107794944,0.01199308943089424,-0.01199308943089424,1.0,0.42857142857142855,0.29698660565322754,0.0016276041666666667,0.00035047074110120907,164.0,0.5487804878048782,0.012195121951219511,0.17073170731707318,0.8278971233906565
small_long,nomotor_xlink,r0013,6.0,pulse_05,3.072679268292683,2.2771924359835114,0.006578048780487696,-0.006578048780487696,1.0,0.43859649122807015,0.23596574636178952,0.0016493055555555556,0.003509442729522435,164.0,0.5365853658536587,0.012195121951219511,0.17073170731707318,0.8273865842807326
small_long,nomotor_xlink,r0013,6.05,pulse_06,3.1212988636363637,2.4294764787539695,0.009591666666666665,0.009591666666666665,1.0,0.4827586206896552,0.26327577282306,0.0016710069444444444,0.0013079639219510202,176.0,0.5681818181818181,0.011363636363636364,0.1590909090909091,0.8209869447354475
small_long,nomotor_xlink,r0013,6.1,pulse_06,3.1500738636363637,2.4334003705198226,0.002114015151515177,0.002114015151515177,1.0,0.4827586206896552,0.1598066639688588,0.001736111111111111,0.005057385446100533,176.0,0.5568181818181817,0.011363636363636364,0.15909090909090903,0.8268952337251719
small_long,nomotor_xlink,r0013,6.15,pulse_06,3.1339829545454547,2.4598207914305728,0.011731628787878812,-0.011731628787878812,1.0,0.5,0.20430342236893637,0.0016927083333333334,0.0054863354127479,176.0,0.568181818181818,0.011363636363636364,0.14772727272727268,0.8329078160737212
small_long,nomotor_xlink,r0013,6.2,pulse_06,3.079684090909091,2.46631838299631,0.01241969696969695,-0.01241969696969695,1.0,0.4642857142857143,0.17730120088715412,0.0017795138888888889,0.008609746321300552,176.0,0.5795454545454544,0.011363636363636364,0.1477272727272727,0.7968951155121886
small_long,nomotor_xlink,r0013,6.25,pulse_06,3.059464772727273,2.511479269358376,0.0011382575757576212,0.0011382575757576212,1.0,0.5,0.24529327999465417,0.0017144097222222222,0.005677055734194081,176.0,0.5681818181818181,0.011363636363636364,0.1477272727272727,0.8262399963817089
small_long,nomotor_xlink,r0013,6.3,pulse_06,3.0865136363636365,2.5003807174014745,0.003731439393939384,0.003731439393939384,1.0,0.5333333333333333,0.2661950910268136,0.0017578125,0.00022194946428951331,176.0,0.5681818181818181,0.011363636363636364,0.1477272727272727,0.8060269589387586
small_long,nomotor_xlink,r0013,6.35,pulse_06,3.0818534090909093,2.510147572572639,0.0014003787878787606,-0.0014003787878787606,1.0,0.47368421052631576,0.28213467637926276,0.0016710069444444444,0.0013471898116308445,176.0,0.5681818181818181,0.011363636363636364,0.15909090909090906,0.8396923499542763
small_long,nomotor_xlink,r0013,6.4,pulse_06,3.078111363636364,2.4922975785316894,0.00374166666666668,-0.00374166666666668,1.0,0.4827586206896552,0.206466795013103,0.0018229166666666667,0.001520061078185438,176.0,0.5681818181818181,0.011363636363636364,0.15909090909090903,0.8195257446005113
small_long,nomotor_xlink,r0013,6.45,pulse_06,3.0594034090909092,2.5010272061035264,0.0035166666666666124,0.0035166666666666124,1.0,0.4827586206896552,0.2442257050740243,0.0018446180555555555,0.0004618504494813269,176.0,0.5681818181818181,0.011363636363636364,0.17045454545454544,0.83008477690255
small_long,nomotor_xlink,r0013,6.5,pulse_06,3.0992113636363636,2.4895264758348015,0.0014808712121212597,0.0014808712121212597,1.0,0.4827586206896552,0.17332985471936393,0.001736111111111111,0.001438106279914253,176.0,0.568181818181818,0.011363636363636364,0.15909090909090906,0.8500015924386507
small_long,nomotor_xlink,r0013,6.55,pulse_06,3.068288636363637,2.492398568424041,0.0014990530303029548,-0.0014990530303029548,1.0,0.4915254237288136,0.21661366785415617,0.001736111111111111,0.0008780433098825036,176.0,0.5795454545454546,0.011363636363636364,0.15909090909090906,0.8145738471212234
small_long,nomotor_xlink,r0013,6.6,pulse_06,3.090217045454546,2.4947947356940965,0.0031473484848483966,0.0031473484848483966,1.0,0.4426229508196721,0.17133438482804947,0.0016276041666666667,0.0014706555506254955,176.0,0.5681818181818181,0.011363636363636366,0.14772727272727273,0.8116340937615096
small_long,nomotor_xlink,r0013,6.65,pulse_06,3.087172727272727,2.501222501727794,0.00886041666666674,-0.00886041666666674,1.0,0.5172413793103449,0.2514724986068221,0.0018012152777777779,0.00018898241448347028,176.0,0.5681818181818181,0.011363636363636364,0.15909090909090903,0.8181224057352151
small_long,nomotor_xlink,r0013,6.7,pulse_06,3.0370545454545455,2.4936608412071957,0.00528314393939396,-0.00528314393939396,1.0,0.5081967213114754,0.24185667176947703,0.0018229166666666667,0.00492520472063888,176.0,0.5681818181818181,0.011363636363636364,0.17045454545454544,0.8298349870848857
small_long,nomotor_xlink,r0013,6.75,pulse_06,3.0554738636363634,2.530773730051627,7.935606060612461e-05,-7.935606060612461e-05,1.0,0.5172413793103449,0.23104797616094547,0.001736111111111111,0.00926873344652579,176.0,0.5795454545454546,0.011363636363636366,0.1590909090909091,0.8204069217514662
small_long,nomotor_xlink,r0013,6.8,pulse_06,3.0365784090909087,2.5492732418863504,0.005668371212121197,0.005668371212121197,1.0,0.5254237288135594,0.2628795142412141,0.0017795138888888889,0.00515340518253445,176.0,0.5795454545454545,0.011363636363636364,0.15909090909090906,0.8017302988029338
small_long,nomotor_xlink,r0013,6.85,pulse_06,3.0894840909090906,2.561694161146834,0.014581250000000065,0.014581250000000065,1.0,0.5254237288135594,0.2168266292431767,0.0016710069444444444,0.0016205700522705275,176.0,0.5795454545454544,0.011363636363636364,0.1477272727272727,0.8233002430219948
small_long,nomotor_xlink,r0013,6.9,pulse_06,3.124065909090909,2.5395498215727272,0.004473295454545445,0.004473295454545445,1.0,0.5517241379310345,0.17139305046484285,0.0017144097222222222,0.0010334940299442745,176.0,0.5795454545454544,0.011363636363636364,0.1477272727272727,0.8037888750116928
small_long,nomotor_xlink,r0013,6.95,pulse_06,3.1163238636363633,2.555493196967168,0.0060115530303030225,-0.0060115530303030225,1.0,0.5409836065573771,0.22403665283883886,0.0016493055555555556,0.005072536420639651,176.0,0.5795454545454546,0.011363636363636364,0.14772727272727268,0.8188240751678634
small_long,nomotor_xlink,r0013,7.0,pulse_06,3.087996590909091,2.5091146030488893,0.009442424242424105,-0.009442424242424105,1.0,0.5357142857142857,0.2594073241101159,0.0016710069444444444,0.015459531306092936,176.0,0.5795454545454545,0.011363636363636364,0.1477272727272727,0.8160350472561596
small_long,nomotor_xlink,r0013,7.05,pulse_07,3.1130527472527465,2.5563344800167656,0.007879487179486796,-0.007879487179486796,1.0,0.5409836065573771,0.30205781484120703,0.001736111111111111,0.0058144575819228566,182.0,0.5824175824175823,0.010989010989010988,0.14285714285714285,0.8227794698507127
small_long,nomotor_xlink,r0013,7.1,pulse_07,3.089414285714286,2.538891107270997,0.0006965201465199596,-0.0006965201465199596,1.0,0.5409836065573771,0.2222533608908557,0.0018663194444444445,0.0014522217234469448,182.0,0.5824175824175823,0.010989010989010988,0.15384615384615383,0.8252909505540507
small_long,nomotor_xlink,r0013,7.15,pulse_07,3.1088736263736267,2.547621149676084,0.0017463369963368613,0.0017463369963368613,1.0,0.5409836065573771,0.12410421949504348,0.0019097222222222222,8.005680864053843e-05,182.0,0.5714285714285714,0.010989010989010988,0.15384615384615383,0.8235866958445117
small_long,nomotor_xlink,r0013,7.2,pulse_07,3.0998923076923073,2.5384107664191538,0.00019175824175839593,-0.00019175824175839593,1.0,0.5333333333333333,0.22750555487715418,0.0018446180555555555,0.002411741841425711,182.0,0.5714285714285714,0.010989010989010988,0.15384615384615383,0.8292274713111201
small_long,nomotor_xlink,r0013,7.25,pulse_07,3.1077230769230764,2.562091600724638,0.0033056776556776115,0.0033056776556776115,1.0,0.5333333333333333,0.15234557857054087,0.0018012152777777779,0.0015741641009439828,182.0,0.5934065934065933,0.010989010989010988,0.15384615384615385,0.8049322813309051
small_long,nomotor_xlink,r0013,7.3,pulse_07,3.119726373626373,2.5478557510248176,0.0071782051282051436,0.0071782051282051436,1.0,0.4666666666666667,0.19559952086408844,0.0018229166666666667,0.00014805384910173322,182.0,0.5934065934065934,0.010989010989010988,0.15384615384615383,0.8381262300614678
small_long,nomotor_xlink,r0013,7.35,pulse_07,3.1507923076923072,2.5629799238192486,0.0014816849816850681,0.0014816849816850681,1.0,0.5254237288135594,0.23662816569111683,0.0017578125,0.003836843026533421,182.0,0.5714285714285715,0.010989010989010988,0.15384615384615388,0.8585250309874418
small_long,nomotor_xlink,r0013,7.4,pulse_07,3.1286164835164834,2.570876809184018,0.00527216117216119,-0.00527216117216119,1.0,0.4915254237288136,0.1865718687852911,0.0018880208333333333,0.004815474517786263,182.0,0.5824175824175825,0.010989010989010988,0.15384615384615388,0.8446191328828456
small_long,nomotor_xlink,r0013,7.45,pulse_07,3.11915934065934,2.591872770925966,0.004597985347985316,-0.004597985347985316,1.0,0.5,0.17186850345179944,0.0019097222222222222,0.0009302037573685565,182.0,0.5824175824175823,0.021978021978021976,0.15384615384615388,0.8296875175420404
small_long,nomotor_xlink,r0013,7.5,pulse_07,3.1010285714285715,2.5764580317282295,0.0024655677655676853,-0.0024655677655676853,1.0,0.4915254237288136,0.17949809131269648,0.0017578125,0.00732277006483284,182.0,0.5714285714285714,0.010989010989010988,0.15384615384615383,0.8429148781733066
small_long,nomotor_xlink,r0013,7.55,pulse_07,3.104365934065934,2.635809391314963,0.0019280219780221468,-0.0019280219780221468,1.0,0.4915254237288136,0.17190574500060465,0.0018663194444444445,0.010992845654021366,182.0,0.5714285714285714,0.010989010989010988,0.15384615384615383,0.8463913526994556
small_long,nomotor_xlink,r0013,7.6,pulse_07,3.0894604395604386,2.6424151056523577,0.01033754578754579,-0.01033754578754579,1.0,0.4915254237288136,0.18463589055195762,0.0018880208333333333,0.005249301509182125,182.0,0.5714285714285714,0.021978021978021976,0.15384615384615388,0.8379526401800284
small_long,nomotor_xlink,r0013,7.65,pulse_07,3.0423406593406592,2.667305200370056,0.009769597069596939,-0.009769597069596939,1.0,0.4915254237288136,0.1692770610375444,0.0018880208333333333,0.002651396273421369,182.0,0.5714285714285714,0.021978021978021976,0.15384615384615388,0.8518585382846247
small_long,nomotor_xlink,r0013,7.7,pulse_07,3.030842857142857,2.658323483292886,0.011181135531135608,-0.011181135531135608,1.0,0.4576271186440678,0.21448861531692043,0.0019097222222222222,0.0019191211667965262,182.0,0.5604395604395604,0.021978021978021976,0.15384615384615388,0.8381711314224382
small_long,nomotor_xlink,r0013,7.75,pulse_07,2.9752538461538456,2.678819927370835,0.010893772893772727,-0.010893772893772727,1.0,0.5161290322580645,0.14126817646939857,0.0018446180555555555,0.006538617563696114,182.0,0.5604395604395604,0.021978021978021976,0.16483516483516486,0.8244388231992813
small_long,nomotor_xlink,r0013,7.8,pulse_07,2.9654802197802206,2.6975551886750626,0.00463919413919404,-0.00463919413919404,1.0,0.4576271186440678,0.15761589917968943,0.0019097222222222222,0.0035967817413159833,182.0,0.5714285714285713,0.021978021978021976,0.16483516483516486,0.8329224370796788
small_long,nomotor_xlink,r0013,7.85,pulse_07,2.9474186813186813,2.700400617818731,0.006924542124542225,-0.006924542124542225,1.0,0.47540983606557374,0.17617217553267062,0.0018880208333333333,0.007404397815743498,182.0,0.5604395604395604,0.021978021978021976,0.16483516483516483,0.8313917722515793
small_long,nomotor_xlink,r0013,7.9,pulse_07,2.9239329670329672,2.7419815755695236,0.005673626373626413,-0.005673626373626413,1.0,0.47540983606557374,0.17405614561514288,0.0016927083333333334,0.006374790317945633,182.0,0.5494505494505494,0.021978021978021976,0.16483516483516483,0.8179459203779034
small_long,nomotor_xlink,r0013,7.95,pulse_07,2.913376923076923,2.7386493597264048,0.0003395604395604786,-0.0003395604395604786,1.0,0.5,0.14647787593880246,0.0016927083333333334,0.00033161216464320614,182.0,0.5604395604395604,0.021978021978021976,0.16483516483516486,0.8338425295415195
small_long,nomotor_xlink,r0013,8.0,pulse_07,2.9218956043956044,2.7399919025816644,0.002839560439560499,0.002839560439560499,1.0,0.4827586206896552,0.2218962014114193,0.0018663194444444445,0.0004475142850865292,182.0,0.5604395604395603,0.021978021978021976,0.16483516483516486,0.8520770295270343
small_long,nomotor_xlink,r0014,0.0,initial,1.5611727272727272,-0.9712086488137069,0.16665909090909095,0.16665909090909095,1.0,0.5,0.0,0.00023871527777777777,0.12899868571462172,22.0,0.09090909090909093,0.0,0.18181818181818185,0.5184515526947817
small_long,nomotor_xlink,r0014,0.05,initial,2.06115,-0.5842125916698417,0.03750805422647533,0.03750805422647533,1.0,0.5,0.23261405197575166,0.00030381944444444445,0.019386303088365864,28.0,0.42857142857142855,0.0,0.14285714285714285,0.5344545908737318
small_long,nomotor_xlink,r0014,0.1,initial,1.7862210526315792,-0.8548908302835118,0.026291000000000064,0.026291000000000064,1.0,0.2727272727272727,0.19742522028489973,0.0003689236111111111,0.08102940228653022,38.0,0.36842105263157887,0.0,0.21052631578947367,0.615699365790118
small_long,nomotor_xlink,r0014,0.15000000000000002,initial,2.2188960000000004,-1.070389005389023,0.08930738866396759,0.08930738866396759,1.0,-0.06666666666666667,0.47593554335292254,0.00047743055555555554,0.004601325357747765,50.0,0.44000000000000006,0.0,0.2,0.6412063897035529
small_long,nomotor_xlink,r0014,0.2,initial,2.3220653846153847,-0.8824987824299984,0.07593238709677408,0.07593238709677408,1.0,0.125,0.318339989932194,0.0005425347222222222,0.05697852252104715,52.0,0.46153846153846156,0.0,0.19230769230769232,0.6537473984120973
small_long,nomotor_xlink,r0014,0.25,initial,2.674490322580645,-0.7285178702627402,0.10284053113553115,0.10284053113553115,1.0,-0.125,0.158763725042118,0.0006076388888888889,0.05508005368125524,62.0,0.4838709677419355,0.0,0.16129032258064516,0.6981598022209459
small_long,nomotor_xlink,r0014,0.30000000000000004,initial,2.9391085714285716,-0.5520184603424669,0.05336087216248512,0.05336087216248512,1.0,-0.05263157894736842,0.09838565027241776,0.0006510416666666666,0.04457430896739259,70.0,0.45714285714285713,0.0,0.14285714285714288,0.705097415341277
small_long,nomotor_xlink,r0014,0.35000000000000003,initial,2.9946555555555556,-0.46107201645838464,0.0321831547619047,0.0321831547619047,1.0,-0.047619047619047616,0.1888295904935472,0.0007378472222222222,0.005951069113668735,72.0,0.4999999999999999,0.0,0.1388888888888889,0.7353699432171136
small_long,nomotor_xlink,r0014,0.4,initial,3.1322075,-0.5877248750244793,0.02495105820105814,0.02495105820105814,1.0,0.08333333333333333,0.344139283532747,0.00078125,0.006767871239054803,80.0,0.5,0.0,0.125,0.7597454186828825
small_long,nomotor_xlink,r0014,0.45,initial,3.1443619047619045,-0.5016792438927135,0.018739120370370326,0.018739120370370326,1.0,0.15384615384615385,0.1358804007823384,0.00078125,0.02304136439938927,84.0,0.5,0.0,0.11904761904761904,0.7418154179880948
small_long,nomotor_xlink,r0014,0.5,initial,3.2446422222222218,-0.725973061420815,0.035536059351276794,0.035536059351276794,1.0,0.25925925925925924,0.20533795650707254,0.0009331597222222223,0.029018292969543558,90.0,0.5111111111111113,0.0,0.11111111111111112,0.7509087984417253
small_long,nomotor_xlink,r0014,0.55,initial,3.3575782608695652,-0.6757890017099748,0.02275395587076449,0.02275395587076449,1.0,0.21428571428571427,0.24175512126833734,0.0009548611111111111,0.019580859815211276,92.0,0.5217391304347827,0.0,0.10869565217391305,0.7696440764960069
small_long,nomotor_xlink,r0014,0.6000000000000001,initial,3.3811659574468087,-0.6084879025295473,0.02706450754214725,0.02706450754214725,1.0,0.2413793103448276,0.17068657959644654,0.0009765625,0.01287293428306894,94.0,0.5319148936170214,0.0,0.10638297872340426,0.7641948032065627
small_long,nomotor_xlink,r0014,0.65,initial,3.5199653061224487,-0.5985513960115612,0.004932544507164627,0.004932544507164627,1.0,0.22580645161290322,0.299924445190206,0.0009548611111111111,0.00404595828088448,98.0,0.5510204081632651,0.0,0.10204081632653059,0.7412199024296314
small_long,nomotor_xlink,r0014,0.7000000000000001,initial,3.4107612244897965,-0.5842121528442404,0.007074551020408141,-0.007074551020408141,1.0,0.22580645161290322,0.21556009948022228,0.0009548611111111111,0.006700490530118249,98.0,0.5510204081632651,0.0,0.10204081632653061,0.7581519381304667
small_long,nomotor_xlink,r0014,0.75,initial,3.477518,-0.5583484528308517,0.01652345604908619,0.01652345604908619,1.0,0.3125,0.2024490098422655,0.0009982638888888888,0.012890493198745245,100.0,0.5600000000000002,0.0,0.1,0.7867316133681528
small_long,nomotor_xlink,r0014,0.8,initial,3.5099019607843136,-0.506869193651769,0.003981104575163356,-0.003981104575163356,1.0,0.2727272727272727,0.14622796236921073,0.0009548611111111111,0.00225328844573941,102.0,0.5600000000000002,0.0,0.1,0.7566465669658766
small_long,nomotor_xlink,r0014,0.8500000000000001,initial,3.4536313725490198,-0.5718681835052881,0.013368275515334371,-0.013368275515334371,1.0,0.3333333333333333,0.1545222011534866,0.0010633680555555555,0.023700117110104595,102.0,0.5686274509803922,0.0,0.09803921568627452,0.766175507945494
small_long,nomotor_xlink,r0014,0.9,initial,3.4296923076923074,-0.6490698963123965,0.01873119099491638,0.01873119099491638,1.0,0.29411764705882354,0.14722992358072365,0.0008680555555555555,0.04257924100424156,104.0,0.5294117647058824,0.0,0.0980392156862745,0.7522488029838634
small_long,nomotor_xlink,r0014,0.9500000000000001,initial,3.566018518518518,-0.8273436295307375,0.031342353479853514,0.031342353479853514,1.0,0.37142857142857144,0.19918597680874986,0.0009548611111111111,0.020321870195597447,108.0,0.5555555555555555,0.0,0.09259259259259259,0.7820794061989023
small_long,nomotor_xlink,r0014,1.0,initial,3.6177464285714285,-0.7710011174859812,0.01724263668430348,0.01724263668430348,1.0,0.40540540540540543,0.12263585853454897,0.0011501736111111111,0.01878083734825209,112.0,0.5535714285714286,0.0,0.08928571428571429,0.7567980027461837
small_long,nomotor_xlink,r0014,1.05,pulse_01,3.706167213114754,-0.7734089527166801,0.012967918209060661,0.012967918209060661,1.0,0.55,0.21664466005243244,0.0011067708333333333,0.001507887785572463,122.0,0.5901639344262295,0.0,0.0819672131147541,0.7656038778949723
small_long,nomotor_xlink,r0014,1.1,pulse_01,3.745070967741936,-0.7688852893599627,0.011590881147540996,0.011590881147540996,1.0,0.4883720930232558,0.16522722384307767,0.001193576388888889,0.01229658246081805,124.0,0.5967741935483869,0.0,0.08064516129032258,0.7488309363312876
small_long,nomotor_xlink,r0014,1.15,pulse_01,3.7757125,-0.8471884474815884,0.004987390793010619,0.004987390793010619,1.0,0.5,0.11566980716543492,0.001193576388888889,0.001608744354429777,128.0,0.609375,0.015625,0.109375,0.775414489813717
small_long,nomotor_xlink,r0014,1.2,pulse_01,3.7749953124999998,-0.7785377554865414,0.004129427083333341,-0.004129427083333341,1.0,0.5348837209302325,0.15281072367780985,0.0012152777777777778,0.011463215661598062,128.0,0.609375,0.015625,0.109375,0.7914554450468845
small_long,nomotor_xlink,r0014,1.25,pulse_01,3.7509359375,-0.778409153512,0.014447796175373062,0.014447796175373062,1.0,0.5714285714285714,0.07507646582509028,0.0012152777777777778,0.0201637672200994,128.0,0.609375,0.015625,0.109375,0.7790493455614055
small_long,nomotor_xlink,r0014,1.3,pulse_01,3.861682089552238,-0.8995203588071378,0.01139376166044781,0.01139376166044781,1.0,0.5416666666666666,0.06821123538622757,0.0012369791666666666,0.010773949585367093,134.0,0.626865671641791,0.014925373134328356,0.1044776119402985,0.7749552610658922
small_long,nomotor_xlink,r0014,1.35,pulse_01,3.819298507462687,-0.8430528510242026,0.006538308457711306,-0.006538308457711306,1.0,0.4583333333333333,0.10526271473026541,0.0012803819444444444,0.02689142587696519,134.0,0.626865671641791,0.014925373134328356,0.11940298507462685,0.7628688872407932
small_long,nomotor_xlink,r0014,1.4,pulse_01,3.8224522388059703,-0.7381718035453466,0.0009380597014925218,0.0009380597014925218,1.0,0.4583333333333333,0.13186469535271556,0.0013020833333333333,0.027444655193356093,134.0,0.626865671641791,0.0,0.11940298507462685,0.7687858366579524
small_long,nomotor_xlink,r0014,1.45,pulse_01,3.824926865671642,-0.678384919864066,0.003906745683348071,-0.003906745683348071,1.0,0.44,0.12322969105448954,0.001345486111111111,0.010536252080227274,134.0,0.626865671641791,0.014925373134328356,0.11940298507462685,0.760257396470236
small_long,nomotor_xlink,r0014,1.5,pulse_01,3.799011764705882,-0.8013893160267103,0.007370163886450065,-0.007370163886450065,1.0,0.4230769230769231,0.1643236701812828,0.0013671875,0.022158219193418077,136.0,0.6323529411764705,0.014705882352941176,0.16176470588235295,0.7779218449476824
small_long,nomotor_xlink,r0014,1.55,pulse_01,3.7807058823529416,-0.8113342350245745,0.008308578431372412,-0.008308578431372412,1.0,0.45098039215686275,0.1447869644370194,0.0013671875,0.003583404447738081,136.0,0.588235294117647,0.014705882352941176,0.14705882352941177,0.7706118471629841
small_long,nomotor_xlink,r0014,1.6,pulse_01,3.7491602941176474,-0.8228897427131387,0.008551715686274663,-0.008551715686274663,1.0,0.46938775510204084,0.12164541854516599,0.0012803819444444444,0.016975809655896863,136.0,0.5820895522388059,0.014925373134328356,0.13432835820895522,0.7895096651471081
small_long,nomotor_xlink,r0014,1.65,pulse_01,3.7293955882352936,-0.7094793770891933,0.0007235294117647525,-0.0007235294117647525,1.0,0.5,0.1609028599313547,0.001345486111111111,0.03331638230066788,136.0,0.5882352941176471,0.014705882352941176,0.14705882352941177,0.7709351045740794
small_long,nomotor_xlink,r0014,1.7000000000000002,pulse_01,3.744819117647059,-0.6229914489091315,0.01506936274509818,0.01506936274509818,1.0,0.4117647058823529,0.04519694411932756,0.0012586805555555556,0.025606299857382348,136.0,0.5820895522388059,0.014925373134328356,0.1791044776119403,0.7799673184695929
small_long,nomotor_xlink,r0014,1.75,pulse_01,3.8198117647058827,-0.5558415779448992,0.02438980889457228,0.02438980889457228,1.0,0.3877551020408163,0.18062965177438337,0.001388888888888889,0.0013254620251429428,136.0,0.588235294117647,0.0,0.1764705882352941,0.7585618633284379
small_long,nomotor_xlink,r0014,1.8,pulse_01,3.8911579710144926,-0.6309442210599892,0.006666638249502643,0.006666638249502643,1.0,0.4,0.10159424919409214,0.001388888888888889,0.00802463645084972,138.0,0.5882352941176471,0.0,0.16176470588235295,0.7619228154461404
small_long,nomotor_xlink,r0014,1.85,pulse_01,3.8598115942028985,-0.6039893966499975,0.019715942028985484,-0.019715942028985484,1.0,0.4,0.18156934659139332,0.0014105902777777778,0.008804444452656601,138.0,0.588235294117647,0.0,0.1764705882352941,0.7502401035937647
small_long,nomotor_xlink,r0014,1.9,pulse_01,3.7728623188405797,-0.5781175543440495,0.021758937198067613,-0.021758937198067613,1.0,0.3877551020408163,0.08424544115670961,0.0013671875,0.004743376894726074,138.0,0.5942028985507248,0.0,0.17391304347826086,0.7695729102777094
small_long,nomotor_xlink,r0014,1.9500000000000002,pulse_01,3.729257971014493,-0.5755291352816411,0.0025096721877157315,-0.0025096721877157315,1.0,0.4,0.13009937651201478,0.0012803819444444444,0.0007483205414553865,138.0,0.5942028985507247,0.0,0.1739130434782609,0.7687739530829463
small_long,nomotor_xlink,r0014,2.0,pulse_01,3.7578042857142853,-0.5736276310953172,0.009515438233264136,0.009515438233264136,1.0,0.4,0.09342307316503565,0.001388888888888889,0.0006338347287746146,140.0,0.5882352941176471,0.0,0.1764705882352941,0.7904525110092453
small_long,nomotor_xlink,r0014,2.05,pulse_02,3.7934547945205486,-0.5721038092991049,0.000707762557077866,-0.000707762557077866,1.0,0.4339622641509434,0.08003623211522397,0.0014322916666666666,0.0011389600833433544,146.0,0.6164383561643836,0.0,0.1780821917808219,0.769059411313951
small_long,nomotor_xlink,r0014,2.1,pulse_02,3.791331506849315,-0.5686869290490748,0.015115525114155334,-0.015115525114155334,1.0,0.4117647058823529,0.016709141884922358,0.0013671875,0.0040476154681788334,146.0,0.6111111111111109,0.0,0.16666666666666666,0.7825964516962248
small_long,nomotor_xlink,r0014,2.15,pulse_02,3.7027616438356166,-0.5963895021081779,0.027739269406392635,-0.027739269406392635,1.0,0.4230769230769231,0.04111817275291456,0.0014322916666666666,0.010818779686148897,146.0,0.6027397260273972,0.0,0.1780821917808219,0.7829410181015922
small_long,nomotor_xlink,r0014,2.2,pulse_02,3.624895890410959,-0.6335996071659682,0.0192006849315068,-0.0192006849315068,1.0,0.4230769230769231,0.055247686165133654,0.0014539930555555556,0.0060805316814701955,146.0,0.6164383561643838,0.0,0.1780821917808219,0.8046094552166311
small_long,nomotor_xlink,r0014,2.25,pulse_02,3.5875575342465758,-0.632872692196999,0.014563698630136956,-0.014563698630136956,1.0,0.4,0.12491942142490645,0.0014756944444444444,0.0023331699863031,146.0,0.5833333333333333,0.0,0.19444444444444442,0.7800804141077413
small_long,nomotor_xlink,r0014,2.3,pulse_02,3.5375136986301374,-0.6475986270837868,0.0066136986301371286,-0.0066136986301371286,1.0,0.375,0.15054713306918482,0.001388888888888889,0.007453695289693511,146.0,0.5833333333333333,0.0,0.19444444444444442,0.7955019356209386
small_long,nomotor_xlink,r0014,2.35,pulse_02,3.547875342465753,-0.6775948639351601,0.0045757990867580185,-0.0045757990867580185,1.0,0.4117647058823529,0.10833034548371379,0.0013671875,0.006284224586672993,146.0,0.589041095890411,0.0,0.19178082191780824,0.8054553032998233
small_long,nomotor_xlink,r0014,2.4,pulse_02,3.5100589041095893,-0.6853039746038248,0.010407990867579894,-0.010407990867579894,1.0,0.3877551020408163,0.11430899297037649,0.0014539930555555556,0.0021090787062924186,146.0,0.5890410958904109,0.0,0.1917808219178082,0.8011216158768154
small_long,nomotor_xlink,r0014,2.45,pulse_02,3.4854273972602736,-0.6649403916974056,0.013643150684931493,-0.013643150684931493,1.0,0.4,0.1740989189590866,0.0014322916666666666,0.002634685629132346,146.0,0.5890410958904111,0.0,0.1917808219178082,0.7959420803706154
small_long,nomotor_xlink,r0014,2.5,pulse_02,3.4282000000000004,-0.6694958608290307,0.014992694063926818,-0.014992694063926818,1.0,0.4,0.1894933093569359,0.0014105902777777778,0.0070540422185448315,146.0,0.5890410958904111,0.0,0.19178082191780824,0.8052389104339192
small_long,nomotor_xlink,r0014,2.55,pulse_02,3.3954712328767127,-0.7072646450086746,0.008190315315315333,-0.008190315315315333,1.0,0.32,0.22078845044040168,0.0014756944444444444,0.003880549832493141,146.0,0.5833333333333333,0.0,0.19444444444444442,0.7846169423087321
small_long,nomotor_xlink,r0014,2.6,pulse_02,3.3790581081081084,-0.6927791598239895,0.01231817845242511,-0.01231817845242511,1.0,0.4117647058823529,0.1464346776771468,0.0014322916666666666,0.00031801291341252796,148.0,0.5945945945945945,0.0,0.18918918918918917,0.7905790487503705
small_long,nomotor_xlink,r0014,2.65,pulse_02,3.321562162162162,-0.7053565675281994,0.002634573573573551,-0.002634573573573551,1.0,0.3333333333333333,0.22616896818334237,0.0014105902777777778,0.011366327865443263,148.0,0.5810810810810809,0.0,0.18918918918918917,0.8055837723848329
small_long,nomotor_xlink,r0014,2.7,pulse_02,3.363250666666667,-0.7609771270166491,0.002239693693693775,-0.002239693693693775,1.0,0.3584905660377358,0.12771696589407203,0.0015190972222222222,0.008274799125332485,150.0,0.5866666666666667,0.0,0.18666666666666668,0.7970206033116712
small_long,nomotor_xlink,r0014,2.75,pulse_02,3.3081239999999994,-0.7550053622801943,0.014403555555555577,-0.014403555555555577,1.0,0.3090909090909091,0.26887193727886144,0.0014973958333333334,0.0023812912910468977,150.0,0.5866666666666667,0.0,0.18666666666666665,0.8144512824387646
small_long,nomotor_xlink,r0014,2.8,pulse_02,3.2768293333333336,-0.7752648747629305,0.017268444444444347,-0.017268444444444347,1.0,0.2692307692307692,0.22205986451067905,0.0015190972222222222,0.0009365988630431107,150.0,0.5675675675675674,0.0,0.18918918918918914,0.8216363823609713
small_long,nomotor_xlink,r0014,2.85,pulse_02,3.2045133333333333,-0.7493857691019357,0.013198888888888982,-0.013198888888888982,1.0,0.32075471698113206,0.17811740219514438,0.0014973958333333334,0.003159502250538959,150.0,0.56,0.013333333333333332,0.18666666666666665,0.8048928715497309
small_long,nomotor_xlink,r0014,2.9,pulse_02,3.1976359999999997,-0.7563078612596967,0.005008444444444408,-0.005008444444444408,1.0,0.2962962962962963,0.24148775061374902,0.0014973958333333334,0.0023249175138660982,150.0,0.56,0.013333333333333332,0.18666666666666668,0.7933606703134604
small_long,nomotor_xlink,r0014,2.95,pulse_02,3.174462666666667,-0.7633352741851323,0.0021773333333333276,-0.0021773333333333276,1.0,0.2830188679245283,0.24495885155856126,0.0014973958333333334,0.0032647072679041025,150.0,0.5733333333333334,0.013333333333333332,0.21333333333333332,0.7891425478883994
small_long,nomotor_xlink,r0014,3.0,pulse_02,3.1845719999999997,-0.7367196176522721,0.0033697777777776197,0.0033697777777776197,1.0,0.3076923076923077,0.2926459982907218,0.0014105902777777778,0.008871885510953378,150.0,0.554054054054054,0.01351351351351351,0.21621621621621617,0.8119546691476385
small_long,nomotor_xlink,r0014,3.05,pulse_03,3.3277222222222225,-0.5701354467054656,0.0010925925925924969,-0.0010925925925924969,1.0,0.3448275862068966,0.20390888155560116,0.0014973958333333334,0.013208793673413433,162.0,0.5875,0.0125,0.1875,0.820280593939592
small_long,nomotor_xlink,r0014,3.1,pulse_03,3.324444444444445,-0.6097618277257059,0.005690946502057666,-0.005690946502057666,1.0,0.35714285714285715,0.259362060265721,0.001584201388888889,0.004226158045832558,162.0,0.6049382716049384,0.012345679012345678,0.18518518518518517,0.8134222046476905
small_long,nomotor_xlink,r0014,3.15,pulse_03,3.2935765432098765,-0.5954923949804609,0.004124691358024919,-0.004124691358024919,1.0,0.3333333333333333,0.21152277813103768,0.0015625,0.009356413583774722,162.0,0.580246913580247,0.01234567901234568,0.1851851851851852,0.791657382230794
small_long,nomotor_xlink,r0014,3.2,pulse_03,3.2996962962962955,-0.5536233462230575,0.0009995884773662163,-0.0009995884773662163,1.0,0.3684210526315789,0.22570304151718312,0.0016276041666666667,0.010781180697134629,162.0,0.5679012345679012,0.012345679012345678,0.1728395061728395,0.7903018767760993
small_long,nomotor_xlink,r0014,3.25,pulse_03,3.287579012345679,-0.5308053107976531,0.009608847736625329,-0.009608847736625329,1.0,0.38181818181818183,0.17711517057675305,0.0016927083333333334,0.0057488868486788025,162.0,0.580246913580247,0.01234567901234568,0.17283950617283952,0.8245719245832048
small_long,nomotor_xlink,r0014,3.3,pulse_03,3.2420432098765435,-0.5881166673151303,0.0084619341563786,-0.0084619341563786,1.0,0.35714285714285715,0.1755100334620513,0.0016710069444444444,0.010835718262689661,162.0,0.5679012345679013,0.01234567901234568,0.1851851851851852,0.8080423654109334
small_long,nomotor_xlink,r0014,3.35,pulse_03,3.2368074074074076,-0.5958196203737911,0.001875925925925929,-0.001875925925925929,1.0,0.39285714285714285,0.17167639724735792,0.0015190972222222222,0.0033311649041814495,162.0,0.5679012345679013,0.01234567901234568,0.1975308641975309,0.8106688847293627
small_long,nomotor_xlink,r0014,3.4,pulse_03,3.230787654320988,-0.5681296778900417,0.0006216049382715324,0.0006216049382715324,1.0,0.40350877192982454,0.21903839098075334,0.0016710069444444444,0.007370669658823307,162.0,0.5679012345679013,0.02469135802469136,0.19753086419753088,0.7905050332370284
small_long,nomotor_xlink,r0014,3.45,pulse_03,3.2405370370370368,-0.5515956024208513,0.001952057613168708,-0.001952057613168708,1.0,0.43859649122807015,0.21513780297101087,0.0016493055555555556,0.010643374973840547,162.0,0.5555555555555557,0.03703703703703704,0.19753086419753088,0.8032926746012176
small_long,nomotor_xlink,r0014,3.5,pulse_03,3.2190753086419757,-0.6319899277330849,0.003948559670781855,-0.003948559670781855,1.0,0.43859649122807015,0.18944783513478183,0.0016276041666666667,0.029803881751415684,162.0,0.5555555555555556,0.04938271604938271,0.19753086419753085,0.8111857267912608
small_long,nomotor_xlink,r0014,3.55,pulse_03,3.2168456790123456,-0.7304188929293454,0.011203073559670726,0.011203073559670726,1.0,0.4482758620689655,0.17398349601832006,0.001540798611111111,0.0011446942127517994,162.0,0.5555555555555556,0.04938271604938272,0.1975308641975309,0.8118663199571703
small_long,nomotor_xlink,r0014,3.6,pulse_03,3.28629375,-0.6251217624565741,0.016136136831275644,0.016136136831275644,1.0,0.43859649122807015,0.14179360399636248,0.0016059027777777777,0.015130435506870099,160.0,0.5625,0.025,0.1875,0.822545027769227
small_long,nomotor_xlink,r0014,3.65,pulse_03,3.3136624999999995,-0.6396362798881248,0.005036875000000052,0.005036875000000052,1.0,0.47368421052631576,0.14661786899064702,0.0016276041666666667,0.006075120496311852,160.0,0.5625,0.0375,0.1875,0.8311747683940254
small_long,nomotor_xlink,r0014,3.7,pulse_03,3.3165150000000003,-0.6615724854344452,0.00014333333333323614,-0.00014333333333323614,1.0,0.43859649122807015,0.18715443361779785,0.0015625,0.006912212831330626,160.0,0.5625,0.0375,0.1875,0.8268944345229963
small_long,nomotor_xlink,r0014,3.75,pulse_03,3.3128025,-0.598163002900141,0.0048824999999999745,-0.0048824999999999745,1.0,0.4642857142857143,0.19155172945021184,0.001584201388888889,0.004258865750114009,160.0,0.55,0.0375,0.1875,0.8413481817706496
small_long,nomotor_xlink,r0014,3.8,pulse_03,3.2872200000000005,-0.6360192909337612,0.0033524999999999436,-0.0033524999999999436,1.0,0.43859649122807015,0.2536612101387246,0.0016493055555555556,0.001452021149840758,160.0,0.55,0.0375,0.1875,0.8293563268427687
small_long,nomotor_xlink,r0014,3.85,pulse_03,3.2926875000000004,-0.6068751297991856,0.001005625000000047,-0.001005625000000047,1.0,0.4642857142857143,0.1299737243170985,0.001584201388888889,0.006286132200306234,160.0,0.55,0.0375,0.1875,0.8003106865819819
small_long,nomotor_xlink,r0014,3.9,pulse_03,3.28118625,-0.5983024977319238,0.008787916666666748,-0.008787916666666748,1.0,0.45454545454545453,0.20701019000368276,0.0015625,0.000607417739489006,160.0,0.5625,0.0375,0.1875,0.8208038965272638
small_long,nomotor_xlink,r0014,3.95,pulse_03,3.23996,-0.6032306233622515,0.014029791666666735,-0.014029791666666735,1.0,0.42857142857142855,0.21658963922849384,0.001540798611111111,0.0002279819517168972,160.0,0.55,0.0375,0.1875,0.8231830530516063
small_long,nomotor_xlink,r0014,4.0,pulse_03,3.1970075,-0.5969346060216224,0.014317500000000058,-0.014317500000000058,1.0,0.45454545454545453,0.15685937983169215,0.001540798611111111,0.0020986724468763742,160.0,0.55,0.0375,0.1875,0.8163261041660974
small_long,nomotor_xlink,r0014,4.05,pulse_04,3.1960722891566267,-0.5905816819449554,0.0027000000000003688,-0.0027000000000003688,1.0,0.423728813559322,0.21574459930605389,0.0016059027777777777,0.0010126872098960387,166.0,0.566265060240964,0.03614457831325301,0.19277108433734938,0.8119942005126342
small_long,nomotor_xlink,r0014,4.1,pulse_04,3.1879722891566256,-0.5936197435746435,0.0018301204819279142,-0.0018301204819279142,1.0,0.41379310344827586,0.2564052994739303,0.001736111111111111,0.009562174339320217,166.0,0.5662650602409638,0.036144578313253004,0.19277108433734935,0.8247211962678493
small_long,nomotor_xlink,r0014,4.15,pulse_04,3.185091566265059,-0.5332086359090341,0.0034951807228913445,-0.0034951807228913445,1.0,0.36666666666666664,0.11913943450394854,0.0016493055555555556,0.012727802919539103,166.0,0.566265060240964,0.03614457831325301,0.18072289156626506,0.8137469152608334
small_long,nomotor_xlink,r0014,4.2,pulse_04,3.1670012048192775,-0.5172529260574089,0.006141566265060054,-0.006141566265060054,1.0,0.3898305084745763,0.07392551075672431,0.0016710069444444444,0.009609516810025984,166.0,0.5662650602409639,0.03614457831325301,0.19277108433734935,0.8120382003313978
small_long,nomotor_xlink,r0014,4.25,pulse_04,3.148242168674699,-0.4755515350488782,0.00729879518072285,-0.00729879518072285,1.0,0.4642857142857143,0.18571089184070005,0.001540798611111111,0.0009856523696155455,166.0,0.5662650602409641,0.03614457831325301,0.18072289156626506,0.8013474697824141
small_long,nomotor_xlink,r0014,4.3,pulse_04,3.1232084337349404,-0.5113390118397156,0.006504819277108442,-0.006504819277108442,1.0,0.4482758620689655,0.16176653314578776,0.001584201388888889,0.0040990553069946796,166.0,0.566265060240964,0.03614457831325302,0.1927710843373494,0.8158497567395855
small_long,nomotor_xlink,r0014,4.35,pulse_04,3.109213253012048,-0.5001458668908463,0.004484939759036151,-0.004484939759036151,1.0,0.423728813559322,0.06441175363720315,0.001584201388888889,0.00827423465739078,166.0,0.5662650602409639,0.03614457831325301,0.20481927710843376,0.8189971198171867
small_long,nomotor_xlink,r0014,4.4,pulse_04,3.0962987951807235,-0.5609844197840603,0.0037909638554216585,-0.0037909638554216585,1.0,0.47368421052631576,0.15746469866757096,0.0016927083333333334,0.009735523473801392,166.0,0.566265060240964,0.03614457831325301,0.18072289156626506,0.8138627207363455
small_long,nomotor_xlink,r0014,4.45,pulse_04,3.0864674698795183,-0.5585590077336546,0.006851204819277183,-0.006851204819277183,1.0,0.41379310344827586,0.07442886209054309,0.0016493055555555556,0.005390375551528752,166.0,0.5421686746987953,0.03614457831325301,0.19277108433734938,0.8013034699636503
small_long,nomotor_xlink,r0014,4.5,pulse_04,3.0551915662650604,-0.5286421664748878,0.014445582329317327,-0.014445582329317327,1.0,0.43859649122807015,0.19586841038018413,0.001736111111111111,0.012809564215022079,166.0,0.5542168674698795,0.03614457831325301,0.2048192771084337,0.8280283646397268
small_long,nomotor_xlink,r0014,4.55,pulse_04,2.9997939759036143,-0.48170162244352216,0.009562449799196774,-0.009562449799196774,1.0,0.47368421052631576,0.16827831321674439,0.0016059027777777777,0.006054142288846348,166.0,0.5421686746987953,0.036144578313253004,0.20481927710843367,0.8095855467263837
small_long,nomotor_xlink,r0014,4.6,pulse_04,2.9978168674698797,-0.49231731274180973,0.0011616465863453218,-0.0011616465863453218,1.0,0.4482758620689655,0.11171947321134848,0.001584201388888889,0.0044828662215970205,166.0,0.5421686746987953,0.03614457831325301,0.2048192771084337,0.8204052518233516
small_long,nomotor_xlink,r0014,4.65,pulse_04,2.9928240963855424,-0.45480442511394004,0.0004142570281124118,0.0004142570281124118,1.0,0.47368421052631576,0.10750342561984196,0.0016710069444444444,0.0021168226625380335,166.0,0.5421686746987955,0.03614457831325301,0.2048192771084337,0.8137961444638249
small_long,nomotor_xlink,r0014,4.7,pulse_04,3.000302409638554,-0.47961637676658153,0.0031429718875502686,-0.0031429718875502686,1.0,0.43859649122807015,0.10361391814803746,0.0015190972222222222,0.003681183551034158,166.0,0.5365853658536586,0.036585365853658534,0.19512195121951223,0.8136478005361948
small_long,nomotor_xlink,r0014,4.75,pulse_04,2.9739662650602408,-0.476891526420145,0.010544779116465897,-0.010544779116465897,1.0,0.4642857142857143,0.048412895192237286,0.0016276041666666667,0.005040106435281151,166.0,0.5421686746987951,0.036144578313253004,0.2048192771084337,0.7898408853045459
small_long,nomotor_xlink,r0014,4.8,pulse_04,2.937033734939759,-0.5098570153782684,0.013161110294837908,0.013161110294837908,1.0,0.4642857142857143,0.21976359462253944,0.001540798611111111,0.0029679582963963815,166.0,0.5421686746987951,0.048192771084337345,0.21686746987951802,0.8172444050689874
small_long,nomotor_xlink,r0014,4.85,pulse_04,3.052932926829268,-0.4590837766417667,0.016563483201097018,0.016563483201097018,1.0,0.4909090909090909,0.14834009851169164,0.0016059027777777777,0.013363564277578918,164.0,0.548780487804878,0.036585365853658534,0.1829268292682927,0.8255451067841505
small_long,nomotor_xlink,r0014,4.9,pulse_04,3.036414634146341,-0.42967562971279494,0.001464634146341422,-0.001464634146341422,1.0,0.4909090909090909,0.11611326555883325,0.0017144097222222222,0.0009648749926213507,164.0,0.5487804878048781,0.03658536585365854,0.21951219512195125,0.8161303645510263
small_long,nomotor_xlink,r0014,4.95,pulse_04,3.0441451219512197,-0.4532945266860386,0.01829797249824357,0.01829797249824357,1.0,0.40350877192982454,0.1648450656886929,0.0015625,0.0017595567732386537,164.0,0.5365853658536587,0.024390243902439022,0.20731707317073167,0.8063977256373805
small_long,nomotor_xlink,r0014,5.0,pulse_04,3.1462024691358024,-0.44023297035222686,0.03401911572819424,0.03401911572819424,1.0,0.40350877192982454,0.134559184969319,0.0017144097222222222,0.004353852111270577,162.0,0.5555555555555556,0.01234567901234568,0.19753086419753088,0.7999542924898901
small_long,nomotor_xlink,r0014,5.05,pulse_05,3.152534146341463,-0.3773038234458358,0.015298373983739713,-0.015298373983739713,1.0,0.41379310344827586,0.09586516745650946,0.0016493055555555556,0.0005364325537403255,164.0,0.5609756097560977,0.012195121951219511,0.19512195121951217,0.8312446230841422
small_long,nomotor_xlink,r0014,5.1,pulse_05,3.106639024390244,-0.37891312110705677,0.014831707317073098,-0.014831707317073098,1.0,0.41379310344827586,0.15218484698122442,0.0016059027777777777,0.0014848124084004728,164.0,0.5432098765432101,0.01234567901234568,0.2098765432098766,0.8346197402638212
small_long,nomotor_xlink,r0014,5.15,pulse_05,3.0635439024390245,-0.38621269789623863,0.004429915688045701,0.004429915688045701,1.0,0.41379310344827586,0.15848046348977143,0.0015625,0.015424160698476982,164.0,0.5487804878048782,0.012195121951219513,0.20731707317073175,0.8156198254411023
small_long,nomotor_xlink,r0014,5.2,pulse_05,3.133218518518518,-0.2863681569161949,0.013724781692261287,0.013724781692261287,1.0,0.3333333333333333,0.11867211611244632,0.0016927083333333334,0.00918165372924736,162.0,0.5679012345679013,0.0,0.1975308641975309,0.8319932209453919
small_long,nomotor_xlink,r0014,5.25,pulse_05,3.1458925925925922,-0.3311227755207545,0.006950617283950707,0.006950617283950707,1.0,0.3220338983050847,0.12165458804676293,0.001584201388888889,0.008288157549489389,162.0,0.5555555555555557,0.0,0.19753086419753088,0.8331455699391573
small_long,nomotor_xlink,r0014,5.3,pulse_05,3.1749222222222224,-0.3360971022131312,0.0036090534979424937,0.0036090534979424937,1.0,0.3220338983050847,0.15608214753624863,0.0016059027777777777,0.009396442740531205,162.0,0.5555555555555556,0.0,0.1975308641975309,0.8504374366431947
small_long,nomotor_xlink,r0014,5.35,pulse_05,3.167546913580247,-0.27474411907756724,0.006328600823045353,-0.006328600823045353,1.0,0.3,0.12990163288855305,0.0016493055555555556,0.012257392981049303,162.0,0.580246913580247,0.0,0.1975308641975309,0.8387204299069145
small_long,nomotor_xlink,r0014,5.4,pulse_05,3.1369506172839503,-0.2625527443268354,0.008710493827160567,-0.008710493827160567,1.0,0.3220338983050847,0.18699404295405375,0.0016059027777777777,0.00019377780326061225,162.0,0.5679012345679013,0.0,0.19753086419753094,0.8375680809131489
small_long,nomotor_xlink,r0014,5.45,pulse_05,3.115283950617284,-0.2759067858971309,0.001563991769547431,0.001563991769547431,1.0,0.3333333333333333,0.12377907367718274,0.0016927083333333334,0.0020393868779873445,162.0,0.5555555555555556,0.0,0.2098765432098766,0.8431429408809061
small_long,nomotor_xlink,r0014,5.5,pulse_05,3.146334567901235,-0.27478906559475946,0.0036635802469136003,0.0036635802469136003,1.0,0.3559322033898305,0.13842505523855256,0.0016276041666666667,0.004890184206236399,162.0,0.5679012345679014,0.01234567901234568,0.18518518518518523,0.8229027335275411
small_long,nomotor_xlink,r0014,5.55,pulse_05,3.1372654320987654,-0.3052478911345493,0.009141769547325115,-0.009141769547325115,1.0,0.3333333333333333,0.08149444217460666,0.0016927083333333334,0.00960400804285431,162.0,0.580246913580247,0.01234567901234568,0.1975308641975309,0.8018185042765538
small_long,nomotor_xlink,r0014,5.6,pulse_05,3.091483950617284,-0.3324131138518853,0.005680864197530851,-0.005680864197530851,1.0,0.3220338983050847,0.2022470111419685,0.0016276041666666667,0.001734231408155762,162.0,0.580246913580247,0.0,0.1975308641975309,0.8321882416763916
small_long,nomotor_xlink,r0014,5.65,pulse_05,3.1031802469135803,-0.3156532795834839,0.0026160493827161644,-0.0026160493827161644,1.0,0.3220338983050847,0.16849070038338837,0.0016276041666666667,0.0005751206579859836,162.0,0.580246913580247,0.0,0.1975308641975309,0.8270538679095022
small_long,nomotor_xlink,r0014,5.7,pulse_05,3.075787654320987,-0.3358638377998012,0.004082098765432122,-0.004082098765432122,1.0,0.3333333333333333,0.12162431826393302,0.0016493055555555556,0.012474128905676785,162.0,0.5679012345679013,0.01234567901234568,0.1975308641975309,0.823097754258541
small_long,nomotor_xlink,r0014,5.75,pulse_05,3.0786876543209876,-0.3904980530175446,0.0055372427983538435,-0.0055372427983538435,1.0,0.3220338983050847,0.17474213347539808,0.0016059027777777777,0.006086400078339049,162.0,0.5555555555555557,0.02469135802469136,0.20987654320987664,0.8314259341446258
small_long,nomotor_xlink,r0014,5.8,pulse_05,3.042564197530864,-0.3723822382698355,0.007612139917695456,-0.007612139917695456,1.0,0.3559322033898305,0.11814749698147914,0.0016493055555555556,0.010540685102762884,162.0,0.5555555555555556,0.02469135802469136,0.20987654320987664,0.8387204299069145
small_long,nomotor_xlink,r0014,5.85,pulse_05,3.033014814814815,-0.3272539424009673,0.00820432098765426,-0.00820432098765426,1.0,0.3220338983050847,0.13224526812248946,0.001584201388888889,0.008397221825246845,162.0,0.5555555555555557,0.02469135802469136,0.2098765432098766,0.8309090920827277
small_long,nomotor_xlink,r0014,5.9,pulse_05,2.9933382716049386,-0.32199890731835445,0.007493004115226354,-0.007493004115226354,1.0,0.3333333333333333,0.19623028905833842,0.001584201388888889,0.010396632387486568,162.0,0.54320987654321,0.024691358024691357,0.22222222222222224,0.8309090920827277
small_long,nomotor_xlink,r0014,5.95,pulse_05,2.9880567901234567,-0.26487414807604787,0.001042181069958792,0.001042181069958792,1.0,0.3333333333333333,0.1573359802329153,0.0016276041666666667,0.0011639622970573138,162.0,0.5308641975308641,0.024691358024691357,0.22222222222222224,0.8300022085588299
small_long,nomotor_xlink,r0014,6.0,pulse_05,2.9995913580246913,-0.31501513353601057,0.0038448559670782125,0.0038448559670782125,1.0,0.3114754098360656,0.23210513915869174,0.001584201388888889,0.01671366181998757,162.0,0.5308641975308643,0.02469135802469136,0.22222222222222224,0.8085592074728315
small_long,nomotor_xlink,r0014,6.05,pulse_06,3.1255,-0.3468098111353659,0.007888627450980549,-0.007888627450980549,1.0,0.35384615384615387,0.17233524404750825,0.0016493055555555556,0.007207684845893643,170.0,0.5411764705882354,0.023529411764705882,0.21176470588235294,0.8127809464956456
small_long,nomotor_xlink,r0014,6.1,pulse_06,3.1018341176470585,-0.36843286567304684,0.007796078431372644,-0.007796078431372644,1.0,0.35384615384615387,0.2024312218711518,0.0016493055555555556,0.005784511046825684,170.0,0.5357142857142857,0.023809523809523808,0.21428571428571427,0.8198782937697289
small_long,nomotor_xlink,r0014,6.15,pulse_06,3.0787235294117643,-0.38151687741632,0.00021235294117645984,0.00021235294117645984,1.0,0.35384615384615387,0.2670498723680886,0.0016276041666666667,0.0009967576749955465,170.0,0.5421686746987951,0.024096385542168676,0.2168674698795181,0.7837283358896423
small_long,nomotor_xlink,r0014,6.2,pulse_06,3.1031082352941173,-0.36245231962307356,0.003138039215686191,0.003138039215686191,1.0,0.35384615384615387,0.20473091465177698,0.0016710069444444444,0.0011999851499989074,170.0,0.5294117647058825,0.023529411764705882,0.21176470588235294,0.8239465646796302
small_long,nomotor_xlink,r0014,6.25,pulse_06,3.0975517647058814,-0.37431696651632657,0.004858548085901138,0.004858548085901138,1.0,0.35384615384615387,0.17503517456162176,0.0016927083333333334,0.005101012919006008,170.0,0.5411764705882353,0.023529411764705882,0.2235294117647059,0.8197751363980311
small_long,nomotor_xlink,r0014,6.3,pulse_06,3.132259523809524,-0.3930583971371096,0.0091122058823531,0.0091122058823531,1.0,0.375,0.13541278390878497,0.0017144097222222222,0.005024685284258072,168.0,0.5357142857142858,0.011904761904761904,0.21428571428571427,0.7996560215565205
small_long,nomotor_xlink,r0014,6.35,pulse_06,3.152225,-0.34416885481077814,0.0045557539682540655,0.0045557539682540655,1.0,0.375,0.11752557291162759,0.0016927083333333334,0.011049328953721673,168.0,0.5476190476190477,0.011904761904761904,0.21428571428571427,0.8187184569561181
small_long,nomotor_xlink,r0014,6.4,pulse_06,3.1595940476190485,-0.32676242341477957,0.0014194444444445657,-0.0014194444444445657,1.0,0.375,0.19199282631722547,0.0016710069444444444,0.003296094198877627,168.0,0.5476190476190477,0.011904761904761904,0.21428571428571427,0.8244097096237608
small_long,nomotor_xlink,r0014,6.45,pulse_06,3.1437083333333327,-0.3243922896175124,0.00759027777777795,-0.00759027777777795,1.0,0.375,0.16056294622140382,0.0017144097222222222,0.0011867389388809473,168.0,0.5476190476190476,0.011904761904761904,0.21428571428571427,0.8187671000971691
small_long,nomotor_xlink,r0014,6.5,pulse_06,3.114052380952381,-0.33388285704806525,0.00674999999999996,-0.00674999999999996,1.0,0.375,0.15806850712103201,0.0017795138888888889,0.00021593638990521913,168.0,0.5595238095238095,0.011904761904761904,0.21428571428571427,0.7916687526777646
small_long,nomotor_xlink,r0014,6.55,pulse_06,3.103208333333333,-0.32309667127808106,0.0008658730158729681,-0.0008658730158729681,1.0,0.375,0.13535590120998076,0.001584201388888889,0.0012557292949502234,168.0,0.5476190476190477,0.023809523809523808,0.21428571428571427,0.8480035608773904
small_long,nomotor_xlink,r0014,6.6,pulse_06,3.108857142857143,-0.3263484812783639,0.002234325396825406,0.002234325396825406,1.0,0.375,0.16447284814543198,0.0018012152777777779,0.00342438769072248,168.0,0.5357142857142857,0.023809523809523808,0.21428571428571427,0.8152677710610478
small_long,nomotor_xlink,r0014,6.65,pulse_06,3.1166142857142853,-0.3025503451337462,0.000934325396825327,-0.000934325396825327,1.0,0.375,0.21107672604581107,0.0016927083333333334,0.0036931589309918134,168.0,0.5357142857142857,0.03571428571428571,0.21428571428571427,0.8263296144250885
small_long,nomotor_xlink,r0014,6.7,pulse_06,3.103251190476191,-0.30418952769241303,0.004777380952380931,-0.004777380952380931,1.0,0.375,0.19456937074147035,0.0017144097222222222,0.008821993827096844,168.0,0.5357142857142858,0.047619047619047616,0.20238095238095238,0.8123760851510021
small_long,nomotor_xlink,r0014,6.75,pulse_06,3.0879499999999998,-0.35548230809632725,0.009418978294128744,0.009418978294128744,1.0,0.36507936507936506,0.20674677854521464,0.0016927083333333334,0.013923221685767984,168.0,0.5476190476190476,0.023809523809523808,0.21428571428571427,0.7996994975679178
small_long,nomotor_xlink,r0014,6.8,pulse_06,3.1597650602409635,-0.38772885780702093,0.01533744979919686,0.01533744979919686,1.0,0.3770491803278688,0.1910550422331078,0.0017144097222222222,0.0007360264447650033,166.0,0.5542168674698795,0.024096385542168672,0.20481927710843367,0.8349380549225239
small_long,nomotor_xlink,r0014,6.85,pulse_06,3.179974698795181,-0.35989846676491727,1.2449799196752783e-05,-1.2449799196752783e-05,1.0,0.36666666666666664,0.26170399142188844,0.001540798611111111,0.0007413465032265291,166.0,0.566265060240964,0.012048192771084338,0.18072289156626503,0.8158802728815864
small_long,nomotor_xlink,r0014,6.9,pulse_06,3.159690361445783,-0.38328077878766176,0.01201606425702817,-0.01201606425702817,1.0,0.36666666666666664,0.149684471621044,0.0017144097222222222,0.005746751075253316,166.0,0.5783132530120481,0.012048192771084336,0.19277108433734932,0.8206260894016296
small_long,nomotor_xlink,r0014,6.95,pulse_06,3.107878313253012,-0.39437897321643717,0.0025991674013126076,0.0025991674013126076,1.0,0.3442622950819672,0.25508745719835885,0.0016276041666666667,0.002067800780640413,166.0,0.566265060240964,0.03614457831325301,0.21686746987951805,0.8265404872885692
small_long,nomotor_xlink,r0014,7.0,pulse_06,3.1752853658536586,-0.3708739741038193,0.022469017533548907,0.022469017533548907,1.0,0.3442622950819672,0.23854694068966276,0.0016276041666666667,0.007834999704205961,164.0,0.5731707317073172,0.024390243902439025,0.18292682926829273,0.8369886757860531
small_long,nomotor_xlink,r0014,7.05,pulse_07,3.279737078651685,-0.40274157849125153,0.018712734082396782,-0.018712734082396782,1.0,0.4153846153846154,0.18541780590112908,0.0017578125,0.015264736308640559,178.0,0.5955056179775281,0.02247191011235955,0.1910112359550562,0.8245540348506879
small_long,nomotor_xlink,r0014,7.1,pulse_07,3.2235988764044947,-0.35694736956532985,0.008761797752809017,-0.008761797752809017,1.0,0.40625,0.2302721918758489,0.001736111111111111,0.0015157106685206496,178.0,0.5842696629213483,0.02247191011235955,0.19101123595505617,0.8214698216499483
small_long,nomotor_xlink,r0014,7.15,pulse_07,3.227166292134831,-0.39364731448012763,0.0021977528089885587,0.0021977528089885587,1.0,0.41935483870967744,0.18323617593655925,0.001736111111111111,0.011319743791217243,178.0,0.5842696629213483,0.02247191011235955,0.1910112359550562,0.837901148763432
small_long,nomotor_xlink,r0014,7.2,pulse_07,3.236785393258426,-0.4248658323126333,0.007226404494382166,0.007226404494382166,1.0,0.40625,0.14880013543592308,0.0017795138888888889,0.005692583129038735,178.0,0.5842696629213483,0.02247191011235955,0.1910112359550562,0.8485649414110579
small_long,nomotor_xlink,r0014,7.25,pulse_07,3.270524719101124,-0.42780281325436004,0.013730711610487075,0.013730711610487075,1.0,0.42857142857142855,0.22263480009531847,0.0018446180555555555,0.010936143146265445,178.0,0.6067415730337078,0.02247191011235955,0.16853932584269665,0.8590512432810321
small_long,nomotor_xlink,r0014,7.3,pulse_07,3.3191696629213485,-0.490482691190226,0.008022471910112294,0.008022471910112294,1.0,0.45161290322580644,0.21174998265531964,0.0017144097222222222,0.003683593324715101,178.0,0.6067415730337078,0.02247191011235955,0.16853932584269665,0.8263660798317161
small_long,nomotor_xlink,r0014,7.35,pulse_07,3.3186595505617977,-0.44990437320265064,0.00533970037453176,0.00533970037453176,1.0,0.45161290322580644,0.1574442092477559,0.0017795138888888889,0.008354381484499388,178.0,0.6067415730337078,0.0449438202247191,0.16853932584269665,0.8396437013316124
small_long,nomotor_xlink,r0014,7.4,pulse_07,3.351207865168539,-0.44035640228322964,0.001626591760299556,-0.001626591760299556,1.0,0.4426229508196721,0.16255893983711484,0.001736111111111111,0.0068086679334964095,178.0,0.6067415730337079,0.02247191011235955,0.16853932584269665,0.8279311416222449
small_long,nomotor_xlink,r0014,7.45,pulse_07,3.3089000000000004,-0.4090523656016722,0.01115374531835204,-0.01115374531835204,1.0,0.45161290322580644,0.18869061467927914,0.0018229166666666667,0.0008382340549077846,178.0,0.6067415730337079,0.0449438202247191,0.16853932584269665,0.8485649414110578
small_long,nomotor_xlink,r0014,7.5,pulse_07,3.284285393258427,-0.43532699795378293,0.0036357954545454727,-0.0036357954545454727,1.0,0.42857142857142855,0.19082374049853118,0.001736111111111111,0.0034521109666847405,178.0,0.5955056179775279,0.0449438202247191,0.1910112359550562,0.8191873923204509
small_long,nomotor_xlink,r0014,7.55,pulse_07,3.2870852272727276,-0.42976503140178063,0.00757123978549538,-0.00757123978549538,1.0,0.45161290322580644,0.22795406115947509,0.0016927083333333334,0.007380393505995314,176.0,0.6022727272727272,0.03409090909090909,0.18181818181818177,0.8415714184447287
small_long,nomotor_xlink,r0014,7.6,pulse_07,3.2388579545454546,-0.39104463691781105,0.0033151623998607014,-0.0033151623998607014,1.0,0.45161290322580644,0.1975723603551173,0.0016710069444444444,0.0030106276823422262,176.0,0.6022727272727272,0.03409090909090909,0.18181818181818177,0.8109788564180466
small_long,nomotor_xlink,r0014,7.65,pulse_07,3.2671942528735634,-0.41170126530772727,0.010096088035527787,0.010096088035527787,1.0,0.45161290322580644,0.15849723642833166,0.0016493055555555556,0.0007480116791520978,174.0,0.5862068965517241,0.022988505747126436,0.1724137931034483,0.8008923305580649
small_long,nomotor_xlink,r0014,7.7,pulse_07,3.2994344827586213,-0.38655656684289846,0.007913793103448011,0.007913793103448011,1.0,0.4603174603174603,0.21075160382918484,0.0016276041666666667,0.0071723178835746875,174.0,0.5977011494252875,0.022988505747126436,0.1724137931034483,0.8350386116737216
small_long,nomotor_xlink,r0014,7.75,pulse_07,3.3146770114942514,-0.36866735800627914,0.006269540229885129,-0.006269540229885129,1.0,0.45161290322580644,0.20386900823332912,0.0017578125,0.006993154652266585,174.0,0.5977011494252875,0.02298850574712644,0.17241379310344832,0.8402289985402542
small_long,nomotor_xlink,r0014,7.8,pulse_07,3.2618172413793105,-0.34459763892929896,0.0068281609195400455,-0.0068281609195400455,1.0,0.45161290322580644,0.13968124981879534,0.0017144097222222222,0.007514487366886489,174.0,0.574712643678161,0.02298850574712644,0.1724137931034483,0.825683748798665
small_long,nomotor_xlink,r0014,7.85,pulse_07,3.273708045977011,-0.3235804338049602,0.005413026819923357,0.005413026819923357,1.0,0.45161290322580644,0.157320940595066,0.0018012152777777779,0.009479544008778984,174.0,0.5862068965517243,0.02298850574712644,0.18390804597701155,0.8479828211928161
small_long,nomotor_xlink,r0014,7.9,pulse_07,3.2942954022988507,-0.28772037487662505,0.006320881226053787,0.006320881226053787,1.0,0.4603174603174603,0.138906203339565,0.001736111111111111,0.005277709663951589,174.0,0.5977011494252876,0.02298850574712644,0.18390804597701152,0.8352201826991354
small_long,nomotor_xlink,r0014,7.95,pulse_07,3.311633333333334,-0.2919141758212507,0.014288169384300073,0.014288169384300073,1.0,0.42857142857142855,0.12806746526258905,0.0016927083333333334,0.006379697985103072,174.0,0.5747126436781611,0.02298850574712644,0.18390804597701152,0.8329563736694596
small_long,nomotor_xlink,r0014,8.0,pulse_07,3.380024418604651,-0.24944218696600662,0.022797028423772403,0.022797028423772403,1.0,0.45161290322580644,0.13480250698814436,0.001736111111111111,0.014157329618414686,172.0,0.5813953488372093,0.011627906976744186,0.1744186046511628,0.8090422231195546
small_long,nomotor_xlink,r0015,0.0,initial,1.2210142857142858,-0.0502731787177114,0.05141341991341989,0.05141341991341989,1.0,0.5,0.0,0.00015190972222222222,0.07636762910831843,14.0,0.14285714285714285,0.14285714285714285,0.2857142857142857,0.4440662531938561
small_long,nomotor_xlink,r0015,0.05,initial,1.3752545454545455,0.1788297086072439,0.0588031746031746,0.0588031746031746,1.0,0.42857142857142855,0.15815549736724863,0.0001953125,0.04465637718168258,22.0,0.2727272727272727,0.09090909090909091,0.36363636363636365,0.5472114783201966
small_long,nomotor_xlink,r0015,0.1,initial,1.5738333333333334,-0.3182114418078069,0.0011797979797980584,0.0011797979797980584,1.0,0.6363636363636364,0.236556753091057,0.00034722222222222224,0.012325765965116567,36.0,0.2777777777777778,0.05555555555555556,0.2777777777777778,0.6002367342034679
small_long,nomotor_xlink,r0015,0.15000000000000002,initial,1.3823333333333339,0.2527843043979433,0.05041244444444448,0.05041244444444448,1.0,-0.07692307692307693,0.1877392145564931,0.000390625,0.04914358399172841,42.0,0.28571428571428575,0.04761904761904762,0.42857142857142866,0.6495808043728853
small_long,nomotor_xlink,r0015,0.2,initial,1.8763080000000003,-0.023349937857436418,0.15373046594982065,0.15373046594982065,1.0,-0.17647058823529413,0.11571744165090063,0.0005208333333333333,0.08672546597807414,50.0,0.32,0.04,0.28,0.6839458033810115
small_long,nomotor_xlink,r0015,0.25,initial,2.3047161290322578,-0.26756849147050155,0.07133095833333332,0.07133095833333332,1.0,-0.043478260869565216,0.19858519018768364,0.0006510416666666666,0.03149680990230357,62.0,0.3870967741935484,0.0,0.25806451612903225,0.7224219364163298
small_long,nomotor_xlink,r0015,0.30000000000000004,initial,2.3042937500000003,-0.21233079727125787,0.045672987503632724,0.045672987503632724,1.0,-0.047619047619047616,0.29199301195426003,0.0005642361111111111,0.02456653599433835,64.0,0.375,0.0,0.25,0.7080766655947149
small_long,nomotor_xlink,r0015,0.35000000000000003,initial,2.578754054054054,-0.41496770743653166,0.05848516865079367,0.05848516865079367,1.0,0.08333333333333333,0.16778176260185768,0.0006727430555555556,0.004274908202541676,74.0,0.43243243243243235,0.0,0.21621621621621617,0.7181989867503958
small_long,nomotor_xlink,r0015,0.4,initial,2.6552047619047623,-0.23798024648650792,0.0116615336266499,0.0116615336266499,1.0,0.037037037037037035,0.14878980137503894,0.0008029513888888889,0.025116643032980796,84.0,0.4523809523809524,0.0,0.19047619047619047,0.7475015035260839
small_long,nomotor_xlink,r0015,0.45,initial,2.6487232558139535,-0.2642678492386469,0.024343771566597505,0.024343771566597505,1.0,0.0,0.04666727438082115,0.0007378472222222222,0.0010332827362016749,86.0,0.44186046511627913,0.0,0.18604651162790697,0.7350554438188388
small_long,nomotor_xlink,r0015,0.5,initial,2.8012673913043473,-0.24417994290371797,0.113156815854907,0.113156815854907,1.0,0.09090909090909091,0.20378750886745292,0.0008246527777777778,0.05212247262988425,92.0,0.47826086956521746,0.0,0.1739130434782609,0.7670482548373596
small_long,nomotor_xlink,r0015,0.55,initial,3.3276641509433955,-0.5770026850179524,0.09676839774557171,0.09676839774557171,1.0,0.2631578947368421,0.10992157491442477,0.0010633680555555555,0.07232789171949265,106.0,0.5471698113207547,0.0,0.11320754716981132,0.7813634458119926
small_long,nomotor_xlink,r0015,0.6000000000000001,initial,3.3818777777777775,-0.6781472932206739,0.030258355795148423,0.030258355795148423,1.0,0.25,0.1296841721210938,0.0010633680555555555,0.03413344889092804,108.0,0.5471698113207547,0.0,0.11320754716981132,0.7753944046444534
small_long,nomotor_xlink,r0015,0.65,initial,3.509214285714286,-0.7818033783635207,0.027657504873294398,0.027657504873294398,1.0,0.23809523809523808,0.17710711174836075,0.0010633680555555555,0.005122675291037382,112.0,0.5714285714285714,0.0,0.125,0.7384654824797067
small_long,nomotor_xlink,r0015,0.7000000000000001,initial,3.547822807017544,-0.7088833449668982,0.04865407066052222,0.04865407066052222,1.0,0.28205128205128205,0.2200030902780185,0.001171875,0.062436257082196904,114.0,0.5789473684210525,0.0,0.08771929824561403,0.7858764972191649
small_long,nomotor_xlink,r0015,0.75,initial,3.8011387096774194,-0.40718583587033924,0.07010489448258321,0.07010489448258321,1.0,0.3333333333333333,0.10782100321449978,0.0012152777777777778,0.02276304598517585,124.0,0.6129032258064517,0.0,0.08064516129032259,0.7631427207758951
small_long,nomotor_xlink,r0015,0.8,initial,3.968452173913043,-0.8454616208779533,0.02079572230014019,0.02079572230014019,1.0,0.3469387755102041,0.08155140291233916,0.0012152777777777778,0.0740896834466417,138.0,0.6231884057971016,0.0,0.07246376811594203,0.787949280818352
small_long,nomotor_xlink,r0015,0.8500000000000001,initial,3.9259130434782605,-0.8517239365501894,0.013534517248417885,-0.013534517248417885,1.0,0.4583333333333333,0.09402687182995272,0.001345486111111111,0.2515199810689155,138.0,0.6231884057971016,0.0,0.08695652173913043,0.7896798285907836
small_long,nomotor_xlink,r0015,0.9,initial,3.887245070422536,-2.354581507291446,0.009177781041911507,0.009177781041911507,1.0,0.4782608695652174,0.13800157586663403,0.0012586805555555556,0.2443991983403824,142.0,0.6338028169014085,0.0,0.08450704225352114,0.8042280495760185
small_long,nomotor_xlink,r0015,0.9500000000000001,initial,3.9809797297297296,-2.318119126592484,0.023453891771682594,0.023453891771682594,1.0,0.56,0.07708987799543605,0.0014105902777777778,0.038717862846847785,148.0,0.6486486486486485,0.0,0.08108108108108106,0.8106038700648088
small_long,nomotor_xlink,r0015,1.0,initial,4.027968421052631,-2.586888684372533,0.01566289710763395,0.01566289710763395,1.0,0.5769230769230769,0.027867723974866795,0.001388888888888889,0.08958985259334969,152.0,0.6578947368421053,0.0,0.07894736842105263,0.7836939742998136
small_long,nomotor_xlink,r0015,1.05,pulse_01,4.0196448717948705,-2.729298375979416,0.014029768473439693,0.014029768473439693,1.0,0.5849056603773585,0.0318353138273713,0.0014973958333333334,0.08027331294751268,156.0,0.6666666666666667,0.0,0.07692307692307691,0.7961113686613291
small_long,nomotor_xlink,r0015,1.1,pulse_01,4.06173417721519,-2.970118314821954,0.0021696047008548844,0.0021696047008548844,1.0,0.5849056603773585,0.053613500681149596,0.0014756944444444444,0.05359124296664645,158.0,0.6708860759493668,0.0,0.07594936708860758,0.7860434452850693
small_long,nomotor_xlink,r0015,1.15,pulse_01,4.0326625,-2.4077509181795373,0.007544237869198334,-0.007544237869198334,1.0,0.5849056603773585,0.06035933956647108,0.001388888888888889,0.08640478140356,160.0,0.6582278481012657,0.0,0.07594936708860758,0.788828914078836
small_long,nomotor_xlink,r0015,1.2,pulse_01,4.01646875,-2.451689626400594,0.018231566455696385,0.018231566455696385,1.0,0.6226415094339622,0.04204102546249,0.0013671875,0.044363613944948956,160.0,0.6625,0.0125,0.0875,0.7781274206928404
small_long,nomotor_xlink,r0015,1.25,pulse_01,4.142051898734178,-2.673932601849231,0.009745833333333417,0.009745833333333417,1.0,0.5,0.08540929513977859,0.0014322916666666666,0.04704008128139151,158.0,0.670886075949367,0.0,0.08860759493670886,0.7717367079178604
small_long,nomotor_xlink,r0015,1.3,pulse_01,4.07494375,-2.733930114088943,0.009790524789029753,-0.009790524789029753,1.0,0.5,0.05849241712534222,0.001584201388888889,0.011660796744415261,160.0,0.6625,0.0,0.1,0.7809014941974577
small_long,nomotor_xlink,r0015,1.35,pulse_01,4.08330875,-2.6039678213827395,0.007004903455284446,0.007004903455284446,1.0,0.43859649122807015,0.1027585542685838,0.001345486111111111,0.007299329618762525,160.0,0.65,0.0,0.1,0.7767812064311518
small_long,nomotor_xlink,r0015,1.4,pulse_01,4.116973170731707,-2.690134136376368,0.010054710365853778,-0.010054710365853778,1.0,0.43859649122807015,0.06867383960170177,0.0015625,0.009838553423119937,164.0,0.654320987654321,0.0,0.09876543209876544,0.7502592546878694
small_long,nomotor_xlink,r0015,1.45,pulse_01,4.022980487804877,-2.662999141921459,0.01797002644725228,-0.01797002644725228,1.0,0.43859649122807015,0.060341118935576296,0.0016493055555555556,0.05085627630456835,164.0,0.6463414634146343,0.0,0.08536585365853659,0.7892413106645697
small_long,nomotor_xlink,r0015,1.5,pulse_01,4.009153012048193,-2.995271794203778,0.0010571401243423633,-0.0010571401243423633,1.0,0.43859649122807015,0.1464983529621983,0.001584201388888889,0.06117960363520732,166.0,0.6506024096385543,0.0,0.09638554216867469,0.783223947853332
small_long,nomotor_xlink,r0015,1.55,pulse_01,4.016637647058823,-3.030076763732703,0.005186850933144378,0.005186850933144378,1.0,0.43859649122807015,0.11659817589618594,0.0016927083333333334,0.008301863143023317,170.0,0.6352941176470588,0.0,0.09411764705882354,0.7846148783136979
small_long,nomotor_xlink,r0015,1.6,pulse_01,4.040274117647059,-2.945460615345638,0.004302941176470491,-0.004302941176470491,1.0,0.47368421052631576,0.08583281606808457,0.0017144097222222222,0.022612012065954756,170.0,0.6235294117647059,0.0,0.09411764705882353,0.7719742393965119
small_long,nomotor_xlink,r0015,1.65,pulse_01,3.99082,3.1174364710511546,0.0035394117647059944,-0.0035394117647059944,1.0,0.43859649122807015,0.06643155560909052,0.0016927083333333334,0.031518128376107825,170.0,0.6235294117647059,0.0,0.10588235294117647,0.7834257221101604
small_long,nomotor_xlink,r0015,1.7000000000000002,pulse_01,4.019037647058823,-3.134569385602285,0.005456078431372561,-0.005456078431372561,1.0,0.4642857142857143,0.10780762456452726,0.0016710069444444444,0.0180730250718224,170.0,0.6117647058823529,0.0,0.09411764705882353,0.7875673522766291
small_long,nomotor_xlink,r0015,1.75,pulse_01,3.9580835294117644,-3.057310685697497,0.004911638494478436,-0.004911638494478436,1.0,0.42857142857142855,0.12303383412443075,0.0016493055555555556,0.0013483481413280411,170.0,0.611764705882353,0.0,0.10588235294117647,0.7822497323204027
small_long,nomotor_xlink,r0015,1.8,pulse_01,3.9895678160919528,-3.126479296754317,0.001749553752535456,-0.001749553752535456,1.0,0.4666666666666667,0.10005043610925371,0.0016059027777777777,0.029445582080739923,174.0,0.6206896551724138,0.0,0.11494252873563215,0.8003845008100107
small_long,nomotor_xlink,r0015,1.85,pulse_01,3.9475862068965517,3.0492011289976495,0.007995019157087816,-0.007995019157087816,1.0,0.4482758620689655,0.13793006450692324,0.0016493055555555556,0.012388413507039786,174.0,0.6321839080459771,0.0,0.11494252873563218,0.7755925272446877
small_long,nomotor_xlink,r0015,1.9,pulse_01,3.941597701149426,3.0823755293830306,0.00010205721003127739,-0.00010205721003127739,1.0,0.423728813559322,0.153365515332478,0.001584201388888889,0.0021772681557378584,174.0,0.6206896551724138,0.0,0.10344827586206895,0.7922472022815489
small_long,nomotor_xlink,r0015,1.9500000000000002,pulse_01,3.946973863636364,3.0622647379320767,0.0011085183733891373,-0.0011085183733891373,1.0,0.4666666666666667,0.16974396979543036,0.0016710069444444444,0.003481918118909707,176.0,0.6363636363636364,0.0,0.11363636363636362,0.811558879402028
small_long,nomotor_xlink,r0015,2.0,pulse_01,3.934946590909091,3.103267038096489,0.004009090909090999,-0.004009090909090999,1.0,0.47540983606557374,0.09848776058738173,0.0017578125,0.013667433388137399,176.0,0.6249999999999999,0.0,0.11363636363636362,0.7875425612672977
small_long,nomotor_xlink,r0015,2.05,pulse_02,3.8845191011235958,2.95941202583096,0.005953404078235636,-0.005953404078235636,1.0,0.4426229508196721,0.13799688075296257,0.0018012152777777779,0.01865566306426662,178.0,0.6179775280898877,0.0,0.11235955056179778,0.7937268267627181
small_long,nomotor_xlink,r0015,2.1,pulse_02,3.866658888888889,3.01537901502376,0.0012924208750050663,0.0012924208750050663,1.0,0.4426229508196721,0.09891764793490716,0.0017144097222222222,0.015386939622152873,180.0,0.6222222222222223,0.0,0.11111111111111113,0.7859063802477004
small_long,nomotor_xlink,r0015,2.15,pulse_02,3.892273626373626,3.051733663563877,0.008460364265364229,-0.008460364265364229,1.0,0.45161290322580644,0.13590260277188917,0.0018229166666666667,0.013559034980764237,182.0,0.6153846153846156,0.0,0.09890109890109891,0.7967071904340508
small_long,nomotor_xlink,r0015,2.2,pulse_02,3.8158967032967035,3.0967332249083452,0.01563205128205129,-0.01563205128205129,1.0,0.41935483870967744,0.08461608490512403,0.0017578125,0.0003201459869972556,182.0,0.5824175824175826,0.0,0.09890109890109891,0.776723003463182
small_long,nomotor_xlink,r0015,2.25,pulse_02,3.7984813186813184,3.0536545394858607,0.008303113553113603,-0.008303113553113603,1.0,0.41935483870967744,0.09391677498082901,0.0018229166666666667,0.029988718512173513,182.0,0.588888888888889,0.0,0.1,0.7925304003276206
small_long,nomotor_xlink,r0015,2.3,pulse_02,3.766078021978022,2.916800913835304,0.002864652014651803,-0.002864652014651803,1.0,0.4426229508196721,0.07551032133190498,0.0017578125,0.03837010741525101,182.0,0.5888888888888889,0.0,0.11111111111111112,0.7916406622268416
small_long,nomotor_xlink,r0015,2.35,pulse_02,3.7812934065934076,2.8234338949943547,0.00416684981684982,0.00416684981684982,1.0,0.45161290322580644,0.15846347447707923,0.0017578125,0.02451067138201683,182.0,0.5934065934065935,0.0,0.1098901098901099,0.8011292187524467
small_long,nomotor_xlink,r0015,2.4,pulse_02,3.791079120879121,2.769736885543203,0.0032772893772895126,-0.0032772893772895126,1.0,0.4426229508196721,0.10068180590068315,0.0018446180555555555,0.0009638438510669959,182.0,0.6043956043956044,0.0,0.1098901098901099,0.7944627260496294
small_long,nomotor_xlink,r0015,2.45,pulse_02,3.7616296703296705,2.8292169581007567,0.005002197802197757,-0.005002197802197757,1.0,0.45161290322580644,0.14237921311071522,0.0016710069444444444,0.01815946245530209,182.0,0.6043956043956045,0.0,0.1098901098901099,0.8189390345517279
small_long,nomotor_xlink,r0015,2.5,pulse_02,3.7610659340659343,2.8786936602750157,0.005213736263736335,-0.005213736263736335,1.0,0.47540983606557374,0.12905283011423568,0.0017795138888888889,0.008521430912672434,182.0,0.6043956043956045,0.0,0.1098901098901099,0.8170258279160628
small_long,nomotor_xlink,r0015,2.55,pulse_02,3.7303472527472525,2.778088372624722,0.005022220895047151,-0.005022220895047151,1.0,0.4666666666666667,0.1619870830385927,0.0017578125,0.005242456842841007,182.0,0.6043956043956045,0.0,0.1098901098901099,0.8012420852204881
small_long,nomotor_xlink,r0015,2.6,pulse_02,3.7309326086956514,2.8472389192179697,0.003631617295747643,0.003631617295747643,1.0,0.4838709677419355,0.13302695957838598,0.0018880208333333333,0.005969756186780047,184.0,0.5869565217391306,0.0,0.10869565217391305,0.8268926671846093
small_long,nomotor_xlink,r0015,2.65,pulse_02,3.7521369565217384,2.8139069097454024,0.004104347826087003,-0.004104347826087003,1.0,0.47540983606557374,0.19268588667613393,0.0018446180555555555,0.013067769292344064,184.0,0.6086956521739132,0.0,0.10869565217391305,0.8356502869936673
small_long,nomotor_xlink,r0015,2.7,pulse_02,3.7063065217391293,2.925645534972034,0.010922101449275154,-0.010922101449275154,1.0,0.4838709677419355,0.1433919824555871,0.0016493055555555556,0.014363728935229044,184.0,0.6086956521739132,0.0,0.11956521739130437,0.8214404942270151
small_long,nomotor_xlink,r0015,2.75,pulse_02,3.6866043478260875,2.9000892833567766,0.012438768115941912,-0.012438768115941912,1.0,0.4915254237288136,0.17106812354806047,0.0019097222222222222,0.0017337505321518936,184.0,0.6043956043956046,0.0,0.1098901098901099,0.8235139610792989
small_long,nomotor_xlink,r0015,2.8,pulse_02,3.631673913043478,2.9152430317791227,0.010123731884058055,-0.010123731884058055,1.0,0.4838709677419355,0.16853879833862942,0.0018012152777777779,0.004421493957873872,184.0,0.5978260869565218,0.0,0.10869565217391305,0.8146075340105928
small_long,nomotor_xlink,r0015,2.85,pulse_02,3.625861956521739,2.8735603196095334,0.0076746376811594645,0.0076746376811594645,1.0,0.4838709677419355,0.15223353499261358,0.0017144097222222222,0.013757884879171659,184.0,0.6086956521739132,0.0,0.11956521739130437,0.8134813262161713
small_long,nomotor_xlink,r0015,2.9,pulse_02,3.6777217391304347,2.8326957225040927,0.00026793478260859577,-0.00026793478260859577,1.0,0.5333333333333333,0.15030024284699978,0.0018012152777777779,0.011665818391010404,184.0,0.6195652173913044,0.0,0.10869565217391305,0.800464967599848
small_long,nomotor_xlink,r0015,2.95,pulse_02,3.6242543478260876,2.943555229955596,0.009771920289855037,-0.009771920289855037,1.0,0.4915254237288136,0.126134311701179,0.0018663194444444445,0.02141517081033495,184.0,0.6086956521739132,0.0,0.13043478260869568,0.8060793090891264
small_long,nomotor_xlink,r0015,3.0,pulse_02,3.6190902173913044,2.9611867473661024,0.001721376811594381,-0.001721376811594381,1.0,0.4915254237288136,0.13366071016100378,0.0016493055555555556,0.005877172470168872,184.0,0.6086956521739132,0.010869565217391306,0.13043478260869568,0.8112804869096387
small_long,nomotor_xlink,r0015,3.05,pulse_03,3.621663829787234,2.620364136486385,0.012171631205673735,0.012171631205673735,1.0,0.5238095238095238,0.147496526660023,0.0019314236111111112,0.029699697938336673,188.0,0.6170212765957447,0.010638297872340425,0.12765957446808512,0.8239269615432964
small_long,nomotor_xlink,r0015,3.1,pulse_03,3.658178723404255,2.7094632303013952,0.0011104609929077174,0.0011104609929077174,1.0,0.4838709677419355,0.15308274940285396,0.0018880208333333333,0.008081040303826134,188.0,0.6063829787234043,0.0,0.12765957446808512,0.7952871162417215
small_long,nomotor_xlink,r0015,3.15,pulse_03,3.62832659574468,2.668850378309342,0.01764521276595728,-0.01764521276595728,1.0,0.47540983606557374,0.13908284262492843,0.0018446180555555555,0.002519013591373964,188.0,0.5957446808510638,0.010638297872340425,0.12765957446808512,0.7994341029152885
small_long,nomotor_xlink,r0015,3.2,pulse_03,3.5523074468085114,2.724577311849639,0.020569503546099172,-0.020569503546099172,1.0,0.5,0.11739781939395523,0.0018229166666666667,0.010044052415475754,188.0,0.5957446808510639,0.010638297872340425,0.13829787234042554,0.8322644032292419
small_long,nomotor_xlink,r0015,3.25,pulse_03,3.504909574468085,2.7291146928021965,0.01494734042553203,-0.01494734042553203,1.0,0.4666666666666667,0.12017520736305236,0.0018012152777777779,0.009360466199246428,188.0,0.5851063829787233,0.02127659574468085,0.14893617021276598,0.8137645959009329
small_long,nomotor_xlink,r0015,3.3,pulse_03,3.4626234042553192,2.6684145146541605,0.010446631205673832,-0.010446631205673832,1.0,0.4426229508196721,0.1283623053723645,0.0018880208333333333,0.014298040998372175,188.0,0.5851063829787233,0.03191489361702128,0.13829787234042554,0.8250610477977636
small_long,nomotor_xlink,r0015,3.35,pulse_03,3.442229787234042,2.6433264468119635,0.00054290780141845,0.00054290780141845,1.0,0.4915254237288136,0.16032790053462614,0.001953125,0.0015384454974987083,188.0,0.574468085106383,0.02127659574468085,0.12765957446808512,0.81548025551063
small_long,nomotor_xlink,r0015,3.4,pulse_03,3.46588085106383,2.659183841669168,0.0005221631205674834,0.0005221631205674834,1.0,0.47540983606557374,0.20370355397020395,0.0019097222222222222,0.00018647425917158364,188.0,0.5638297872340424,0.02127659574468085,0.13829787234042556,0.8469967917804764
small_long,nomotor_xlink,r0015,3.45,pulse_03,3.445362765957447,2.644445292366993,0.008538120567376092,-0.008538120567376092,1.0,0.47540983606557374,0.16460878334892234,0.0018663194444444445,0.01312939564681126,188.0,0.5638297872340425,0.03191489361702128,0.13829787234042554,0.81733701979506
small_long,nomotor_xlink,r0015,3.5,pulse_03,3.4146521276595734,2.7379602155500358,0.013176950354609899,-0.013176950354609899,1.0,0.47540983606557374,0.18294741795853806,0.0018663194444444445,0.04122924096604671,188.0,0.553191489361702,0.03191489361702128,0.13829787234042554,0.8333008531477877
small_long,nomotor_xlink,r0015,3.55,pulse_03,3.3663010638297877,2.8918207381632732,0.0077762411347515785,-0.0077762411347515785,1.0,0.47540983606557374,0.21152729346332647,0.0019314236111111112,0.0642153748608858,188.0,0.553191489361702,0.03191489361702128,0.13829787234042554,0.8346804131998041
small_long,nomotor_xlink,r0015,3.6,pulse_03,3.367994680851064,3.1232524647153506,0.0001234042553190188,0.0001234042553190188,1.0,0.5,0.19378486706472656,0.001953125,0.005586148478223807,188.0,0.5744680851063831,0.03191489361702128,0.148936170212766,0.8430178548857498
small_long,nomotor_xlink,r0015,3.65,pulse_03,3.367041489361702,2.925337629032616,0.010376155342026886,0.010376155342026886,1.0,0.45161290322580644,0.25170343443637844,0.001736111111111111,0.03898619016720839,188.0,0.5851063829787233,0.0425531914893617,0.14893617021276598,0.8377686222857276
small_long,nomotor_xlink,r0015,3.7,pulse_03,3.4302516129032252,2.8893353237121002,0.015199178296347279,0.015199178296347279,1.0,0.45161290322580644,0.19606258421736608,0.0018663194444444445,0.013613580877274453,186.0,0.5698924731182795,0.021505376344086023,0.13978494623655915,0.836134650747166
small_long,nomotor_xlink,r0015,3.75,pulse_03,3.4582365591397854,2.8436561437689694,0.0002761648745521021,0.0002761648745521021,1.0,0.45161290322580644,0.22821689288481234,0.0019097222222222222,0.03316800690817375,186.0,0.5913978494623656,0.02150537634408602,0.13978494623655913,0.82717420199127
small_long,nomotor_xlink,r0015,3.8,pulse_03,3.431908602150538,2.6903272822630577,0.0035448028673836043,-0.0035448028673836043,1.0,0.45161290322580644,0.2036384839625977,0.0018446180555555555,0.03212432063878623,186.0,0.5806451612903225,0.021505376344086023,0.13978494623655913,0.8457470109536179
small_long,nomotor_xlink,r0015,3.85,pulse_03,3.436967741935484,2.650910219936252,0.00494498207885304,0.00494498207885304,1.0,0.45161290322580644,0.22899133912768785,0.0018012152777777779,0.023022196586929427,186.0,0.5913978494623656,0.021505376344086023,0.15053763440860216,0.8267633178831371
small_long,nomotor_xlink,r0015,3.9,pulse_03,3.461578494623656,2.552194102741481,0.001600358422939004,0.001600358422939004,1.0,0.45161290322580644,0.24605553103256,0.0018446180555555555,0.026394560221703795,186.0,0.5806451612903224,0.01075268817204301,0.1290322580645161,0.8347080740189651
small_long,nomotor_xlink,r0015,3.95,pulse_03,3.446569892473118,2.492542858606029,0.0017195340501792906,-0.0017195340501792906,1.0,0.5,0.23728862191416886,0.0017578125,0.005782511601589269,186.0,0.5698924731182795,0.021505376344086023,0.13978494623655915,0.848978865821022
small_long,nomotor_xlink,r0015,4.0,pulse_03,3.4512612903225803,2.5174990331319456,0.001563799283154162,0.001563799283154162,1.0,0.4666666666666667,0.22135021200729432,0.0018012152777777779,0.008318724841972122,186.0,0.5806451612903224,0.02150537634408602,0.13978494623655913,0.8339182077239572
small_long,nomotor_xlink,r0015,4.05,pulse_04,3.502625773195876,2.312042685320038,0.02510962199312698,-0.02510962199312698,1.0,0.53125,0.2311208228485094,0.0017795138888888889,0.043842414490964376,194.0,0.597938144329897,0.02061855670103093,0.13402061855670105,0.8429036873806872
small_long,nomotor_xlink,r0015,4.1,pulse_04,3.427296907216495,2.180515441847145,0.013386597938144229,-0.013386597938144229,1.0,0.5384615384615384,0.20842162057508293,0.0018663194444444445,0.008422377440963821,194.0,0.5876288659793815,0.030927835051546393,0.15463917525773196,0.8168122084627849
small_long,nomotor_xlink,r0015,4.15,pulse_04,3.4223061855670105,2.261508420674255,0.004735738831615155,-0.004735738831615155,1.0,0.5238095238095238,0.1760410293870417,0.0018446180555555555,0.027273959427514427,194.0,0.5773195876288661,0.02061855670103093,0.15463917525773196,0.8325931763680166
small_long,nomotor_xlink,r0015,4.2,pulse_04,3.398882474226804,2.3441591984122314,0.0004003436426115818,0.0004003436426115818,1.0,0.5384615384615384,0.2861471245439785,0.001953125,0.006132236747525536,194.0,0.5567010309278351,0.02061855670103093,0.15463917525773196,0.8060395213089726
small_long,nomotor_xlink,r0015,4.25,pulse_04,3.42470824742268,2.2983018411594083,0.003540378006872865,0.003540378006872865,1.0,0.53125,0.23621129096672636,0.0018880208333333333,0.004867118438362257,194.0,0.577319587628866,0.02061855670103093,0.15463917525773196,0.8131452955853908
small_long,nomotor_xlink,r0015,4.3,pulse_04,3.420124742268041,2.314956487782058,0.005690549828178663,-0.005690549828178663,1.0,0.5,0.18589218700642696,0.0018880208333333333,0.007635120255524264,194.0,0.5833333333333334,0.020833333333333336,0.13541666666666666,0.8441318602817711
small_long,nomotor_xlink,r0015,4.35,pulse_04,3.390564948453608,2.2524911196262627,0.008583676975945012,-0.008583676975945012,1.0,0.5161290322580645,0.1997041099224736,0.0019314236111111112,0.012327861952614594,194.0,0.5670103092783505,0.010309278350515465,0.13402061855670105,0.8314828965645622
small_long,nomotor_xlink,r0015,4.4,pulse_04,3.368622680412371,2.2409893160663703,0.0036917525773195368,-0.0036917525773195368,1.0,0.559322033898305,0.2169654771223344,0.0019097222222222222,0.0007229831260316585,194.0,0.5463917525773196,0.02061855670103093,0.13402061855670103,0.8406727590327472
small_long,nomotor_xlink,r0015,4.45,pulse_04,3.368414432989691,2.2568290183824526,0.0025159793814432487,0.0025159793814432487,1.0,0.5555555555555556,0.23699200700045522,0.001953125,0.014634752732016606,194.0,0.5463917525773196,0.030927835051546393,0.13402061855670103,0.8344186267033
small_long,nomotor_xlink,r0015,4.5,pulse_04,3.3837185567010306,2.1531807996742707,0.009735738831615123,0.009735738831615123,1.0,0.5666666666666667,0.19397609378113992,0.0019097222222222222,0.03246216966810911,194.0,0.5567010309278351,0.02061855670103093,0.13402061855670103,0.8154865835981006
small_long,nomotor_xlink,r0015,4.55,pulse_04,3.4268288659793815,2.062056000373798,0.0029292096219932042,0.0029292096219932042,1.0,0.5666666666666667,0.28212390371564494,0.0018663194444444445,0.007962442398536496,194.0,0.5684210526315788,0.021052631578947368,0.1368421052631579,0.8314720634621084
small_long,nomotor_xlink,r0015,4.6,pulse_04,3.40129381443299,2.1054061452830517,0.00665652920962212,-0.00665652920962212,1.0,0.5409836065573771,0.22114349690579202,0.0019965277777777776,0.0008967178939681316,194.0,0.5670103092783505,0.02061855670103093,0.14432989690721648,0.8369114986974101
small_long,nomotor_xlink,r0015,4.65,pulse_04,3.386889690721649,2.067436307737607,0.010561340206185635,-0.010561340206185635,1.0,0.5666666666666667,0.1821177843254859,0.0018663194444444445,0.011497459166891636,194.0,0.5567010309278351,0.030927835051546393,0.13402061855670103,0.8232404615368315
small_long,nomotor_xlink,r0015,4.7,pulse_04,3.337925773195876,2.036421390281702,0.014912886597937916,-0.014912886597937916,1.0,0.5333333333333333,0.20424558943677215,0.0019314236111111112,0.016070804369171705,194.0,0.5463917525773195,0.030927835051546386,0.14432989690721648,0.8186421334258096
small_long,nomotor_xlink,r0015,4.75,pulse_04,3.2974123711340213,1.9710114815225765,0.009256013745704431,-0.009256013745704431,1.0,0.559322033898305,0.23595536697631608,0.0019097222222222222,0.027812508975221324,194.0,0.5670103092783505,0.041237113402061855,0.14432989690721645,0.8443657836605132
small_long,nomotor_xlink,r0015,4.8,pulse_04,3.2823896907216494,1.869546336430374,0.008299656357388422,-0.008299656357388422,1.0,0.559322033898305,0.29527035436991295,0.001953125,0.008489285672901118,194.0,0.5567010309278351,0.04123711340206186,0.15463917525773194,0.8211041498443205
small_long,nomotor_xlink,r0015,4.85,pulse_04,3.2476144329896908,1.9200757674851698,0.004051546391752685,-0.004051546391752685,1.0,0.5254237288135594,0.2835550652906142,0.0018446180555555555,0.003962964686856936,194.0,0.5257731958762887,0.04123711340206186,0.15463917525773194,0.8266647487645692
small_long,nomotor_xlink,r0015,4.9,pulse_04,3.2580804123711333,1.8933241245515156,0.0024249140893470114,0.0024249140893470114,1.0,0.559322033898305,0.17288761970840763,0.002018229166666667,0.0030109407374216226,194.0,0.5463917525773196,0.04123711340206186,0.13402061855670103,0.8229717241368031
small_long,nomotor_xlink,r0015,4.95,pulse_04,3.262163917525773,1.9381414119096996,0.002621305841924585,0.002621305841924585,1.0,0.5666666666666667,0.2249801534271452,0.001953125,0.007348646664961267,194.0,0.5360824742268041,0.051546391752577324,0.14432989690721648,0.8317516339645906
small_long,nomotor_xlink,r0015,5.0,pulse_04,3.273808247422681,1.9374160045412832,0.0038814432989693337,0.0038814432989693337,1.0,0.5806451612903226,0.2950214565967537,0.001953125,0.00024180245613880658,194.0,0.5463917525773195,0.051546391752577324,0.13402061855670103,0.8351759211923282
small_long,nomotor_xlink,r0015,5.05,pulse_05,3.2971072916666664,1.9045570052368381,0.0015388888888890524,0.0015388888888890524,1.0,0.46875,0.1761733813412507,0.0018880208333333333,0.025182681935974838,192.0,0.5416666666666667,0.04166666666666667,0.15625,0.8240878746663528
small_long,nomotor_xlink,r0015,5.1,pulse_05,3.3017239583333335,1.9801050510447626,0.0006312500000000091,0.0006312500000000091,1.0,0.4426229508196721,0.2083461977380527,0.001953125,0.02435764115269053,192.0,0.53125,0.04166666666666667,0.15624999999999997,0.8068030882217502
small_long,nomotor_xlink,r0015,5.15,pulse_05,3.3008947916666664,2.0507028521529813,0.004287847222222159,0.004287847222222159,1.0,0.4666666666666667,0.27461130964103186,0.0019097222222222222,0.002418886290042462,192.0,0.53125,0.04166666666666667,0.13541666666666669,0.8254962546195691
small_long,nomotor_xlink,r0015,5.2,pulse_05,3.3274510416666665,1.9655917333045079,0.010063715277777755,0.010063715277777755,1.0,0.4666666666666667,0.26866374816017835,0.0019097222222222222,0.026629668212939068,192.0,0.5416666666666666,0.04166666666666667,0.13541666666666669,0.832225235902736
small_long,nomotor_xlink,r0015,5.25,pulse_05,3.361277083333333,1.890924842875347,0.00507361111111108,-0.00507361111111108,1.0,0.4482758620689655,0.23844952813768003,0.0018880208333333333,0.015548945862441413,192.0,0.5416666666666665,0.041666666666666664,0.13541666666666666,0.8269426760827581
small_long,nomotor_xlink,r0015,5.3,pulse_05,3.297009375,1.8722980581298594,0.010491840277777756,-0.010491840277777756,1.0,0.4576271186440678,0.3076643102716416,0.001953125,0.01568856855815896,192.0,0.5416666666666667,0.04166666666666667,0.15624999999999997,0.8347818448217978
small_long,nomotor_xlink,r0015,5.35,pulse_05,3.2983260416666664,1.9850562542243007,0.004317881944444417,-0.004317881944444417,1.0,0.4576271186440678,0.28035325641102,0.0018880208333333333,0.0009678668045571825,192.0,0.5416666666666666,0.04166666666666667,0.15625,0.8288342255125676
small_long,nomotor_xlink,r0015,5.4,pulse_05,3.2711020833333335,1.8664908573025163,0.005239409722222217,-0.005239409722222217,1.0,0.4098360655737705,0.2881798632603363,0.0019097222222222222,0.007798733048482072,192.0,0.5416666666666666,0.04166666666666667,0.16666666666666666,0.8411655496207546
small_long,nomotor_xlink,r0015,5.45,pulse_05,3.266889583333333,1.9382638559334082,0.007024479166666708,-0.007024479166666708,1.0,0.4098360655737705,0.21336370613407063,0.001953125,0.00827246308865707,192.0,0.5520833333333335,0.04166666666666667,0.16666666666666669,0.8366263102647405
small_long,nomotor_xlink,r0015,5.5,pulse_05,3.2289552083333333,1.8168560787705739,0.006523263888888797,-0.006523263888888797,1.0,0.4098360655737705,0.30166898067138365,0.0019314236111111112,0.007143806217420094,192.0,0.5416666666666666,0.04166666666666667,0.16666666666666666,0.850344151816819
small_long,nomotor_xlink,r0015,5.55,pulse_05,3.2277500000000003,1.8954010186288877,0.005088715277777804,-0.005088715277777804,1.0,0.43333333333333335,0.2389070665690217,0.0018880208333333333,0.0006003274491831837,192.0,0.5416666666666666,0.04166666666666667,0.16666666666666666,0.8279575332946677
small_long,nomotor_xlink,r0015,5.6,pulse_05,3.1984229166666664,1.820458043465673,0.006404340277777735,-0.006404340277777735,1.0,0.4098360655737705,0.2738739801551507,0.0019314236111111112,0.008335913072288462,192.0,0.5416666666666667,0.04166666666666667,0.17708333333333331,0.8392521376816202
small_long,nomotor_xlink,r0015,5.65,pulse_05,3.189323958333334,1.8453855401951569,0.007307465277777665,-0.007307465277777665,1.0,0.4098360655737705,0.31219720167291753,0.0018880208333333333,0.02116165261714187,192.0,0.5416666666666666,0.04166666666666667,0.17708333333333331,0.8440248722756069
small_long,nomotor_xlink,r0015,5.7,pulse_05,3.1545781250000005,1.6934881277628218,0.0007869791666667384,-0.0007869791666667384,1.0,0.4375,0.2586705418936476,0.0018446180555555555,0.00433166236398197,192.0,0.5312499999999999,0.04166666666666667,0.17708333333333331,0.8299665474793916
small_long,nomotor_xlink,r0015,5.75,pulse_05,3.1846020833333335,1.819395566011265,0.019349435307017455,0.019349435307017455,1.0,0.4461538461538462,0.346439120705386,0.0018229166666666667,0.024478109846320373,192.0,0.5208333333333333,0.04166666666666667,0.17708333333333331,0.814132703736425
small_long,nomotor_xlink,r0015,5.8,pulse_05,3.270674736842105,1.840356786840744,0.007715793128655039,0.007715793128655039,1.0,0.47692307692307695,0.2903539317865006,0.0018663194444444445,0.0022349533658051848,190.0,0.5368421052631579,0.031578947368421054,0.16842105263157894,0.8313057826283087
small_long,nomotor_xlink,r0015,5.85,pulse_05,3.2308968421052637,1.805985845816434,0.004197017543859556,-0.004197017543859556,1.0,0.3442622950819672,0.2587394556624152,0.0018229166666666667,0.019699330715677383,190.0,0.5263157894736843,0.031578947368421054,0.17894736842105263,0.8181516768566531
small_long,nomotor_xlink,r0015,5.9,pulse_05,3.245492631578948,1.7221608025466797,0.00594591638671127,0.00594591638671127,1.0,0.4375,0.2516531701452586,0.0017795138888888889,0.03361738091466748,190.0,0.5368421052631579,0.031578947368421054,0.18947368421052635,0.8115995977496283
small_long,nomotor_xlink,r0015,5.95,pulse_05,3.2665723404255314,1.604281560328429,0.0033359798432250156,0.0033359798432250156,1.0,0.41379310344827586,0.2649120117457044,0.0018229166666666667,0.016537820663778773,188.0,0.5425531914893617,0.02127659574468085,0.17021276595744683,0.8373890543892353
small_long,nomotor_xlink,r0015,6.0,pulse_05,3.265508510638298,1.622933878564007,0.0003546099290778019,-0.0003546099290778019,1.0,0.36666666666666664,0.2488166637683757,0.0019314236111111112,0.006217439411859334,188.0,0.5425531914893618,0.02127659574468085,0.19148936170212766,0.82887193491365
small_long,nomotor_xlink,r0015,6.05,pulse_06,3.3149840425531907,1.6579855268057153,0.005199290780141623,-0.005199290780141623,1.0,0.3559322033898305,0.3049487675257437,0.0018446180555555555,0.006446489640212993,188.0,0.5425531914893617,0.010638297872340425,0.18085106382978725,0.8111489736124134
small_long,nomotor_xlink,r0015,6.1,pulse_06,3.299386170212766,1.6773249957263543,0.006763475177304912,-0.006763475177304912,1.0,0.3968253968253968,0.27369587402390566,0.0018446180555555555,0.007085056411855861,188.0,0.5425531914893617,0.010638297872340425,0.19148936170212766,0.8250564303627539
small_long,nomotor_xlink,r0015,6.15,pulse_06,3.274403191489361,1.6154751883345801,0.009103738656295398,0.009103738656295398,1.0,0.42857142857142855,0.2678956885722573,0.0019097222222222222,0.008409205884793214,188.0,0.5425531914893617,0.010638297872340425,0.19148936170212766,0.8294853485968917
small_long,nomotor_xlink,r0015,6.2,pulse_06,3.354008602150538,1.626869760417595,0.009003052314497051,0.009003052314497051,1.0,0.3548387096774194,0.31271115051246745,0.0018012152777777779,0.004315015940067372,186.0,0.5483870967741935,0.0,0.18279569892473116,0.8311686883172723
small_long,nomotor_xlink,r0015,6.25,pulse_06,3.3284215053763435,1.6413652839749844,0.0007478494623656869,-0.0007478494623656869,1.0,0.36666666666666664,0.31396826417579177,0.0019314236111111112,0.005338184561888615,186.0,0.5483870967741933,0.0,0.18279569892473116,0.8436731898597092
small_long,nomotor_xlink,r0015,6.3,pulse_06,3.349521505376344,1.5948406530462633,0.006817741935483938,0.006817741935483938,1.0,0.3870967741935484,0.2672524221734098,0.0018663194444444445,0.00466305586092967,186.0,0.5591397849462364,0.0,0.1827956989247312,0.8346808391825555
small_long,nomotor_xlink,r0015,6.35,pulse_06,3.369327956989247,1.6693436191405624,0.004357885304659452,0.004357885304659452,1.0,0.36666666666666664,0.35024446590777114,0.0017578125,0.026106570373507793,186.0,0.5591397849462364,0.0,0.1827956989247312,0.8137492460435715
small_long,nomotor_xlink,r0015,6.4,pulse_06,3.375668817204301,1.4382012308052166,0.003787634408602155,-0.003787634408602155,1.0,0.36666666666666664,0.3064838489142137,0.0018663194444444445,0.03273973011766337,186.0,0.5591397849462365,0.0,0.17204301075268819,0.8293584623173483
small_long,nomotor_xlink,r0015,6.45,pulse_06,3.346602150537634,1.4729052384345822,0.004915053763440739,-0.004915053763440739,1.0,0.3559322033898305,0.31602391518276024,0.0018446180555555555,0.01866861840120826,186.0,0.5591397849462365,0.0,0.17204301075268816,0.8296161905636661
small_long,nomotor_xlink,r0015,6.5,pulse_06,3.3461784946236564,1.5502129412124661,0.0009539426523295832,-0.0009539426523295832,1.0,0.36666666666666664,0.30589160689523087,0.0019097222222222222,0.011596644153399708,186.0,0.5591397849462364,0.0,0.18279569892473116,0.822318678793546
small_long,nomotor_xlink,r0015,6.55,pulse_06,3.3408784946236567,1.5424851033549805,0.002341397849462412,-0.002341397849462412,1.0,0.3770491803278688,0.320466499212777,0.0018446180555555555,0.007349290077501587,186.0,0.5591397849462365,0.0,0.18279569892473116,0.8213150199925244
small_long,nomotor_xlink,r0015,6.6,pulse_06,3.332130107526882,1.5061172007474566,0.0013779569892473642,-0.0013779569892473642,1.0,0.36666666666666664,0.28827241246889973,0.0018446180555555555,0.04200809821245888,186.0,0.5591397849462364,0.0,0.17204301075268816,0.8313063623858514
small_long,nomotor_xlink,r0015,6.65,pulse_06,3.3326107526881725,1.2904365140802272,0.004793189964157711,-0.004793189964157711,1.0,0.36666666666666664,0.3383764037064019,0.0018012152777777779,0.04817042201650749,186.0,0.5591397849462364,0.01075268817204301,0.1827956989247312,0.8186759398180091
small_long,nomotor_xlink,r0015,6.7,pulse_06,3.3033709677419356,1.2170946686484116,0.004310931899641639,-0.004310931899641639,1.0,0.3770491803278688,0.25333564551710636,0.0018229166666666667,0.010186107822542886,186.0,0.5591397849462365,0.01075268817204301,0.17204301075268816,0.8102095795660061
small_long,nomotor_xlink,r0015,6.75,pulse_06,3.3067451612903227,1.3515531610154845,0.006486559139785057,-0.006486559139785057,1.0,0.3770491803278688,0.2791004097596693,0.0018446180555555555,0.03560854657777398,186.0,0.5591397849462364,0.01075268817204301,0.17204301075268813,0.8329739664564755
small_long,nomotor_xlink,r0015,6.8,pulse_06,3.2644516129032253,1.4307459481150555,0.008448387096774276,-0.008448387096774276,1.0,0.3770491803278688,0.23220599456258925,0.0017578125,0.0020916493364457147,186.0,0.5376344086021504,0.01075268817204301,0.1827956989247312,0.8533842362551571
small_long,nomotor_xlink,r0015,6.85,pulse_06,3.256054838709677,1.3390032649968102,0.012570609318996265,-0.012570609318996265,1.0,0.3770491803278688,0.2360973735336731,0.0017795138888888889,0.015281712462492622,186.0,0.5376344086021503,0.01075268817204301,0.17204301075268816,0.8460594896486275
small_long,nomotor_xlink,r0015,6.9,pulse_06,3.1890279569892477,1.3390556733400998,0.004633512544802709,-0.004633512544802709,1.0,0.3770491803278688,0.24550836863578096,0.0018229166666666667,0.008582475845029173,186.0,0.5483870967741933,0.01075268817204301,0.1827956989247312,0.8334241192200642
small_long,nomotor_xlink,r0015,6.95,pulse_06,3.228253763440861,1.3904981200669853,0.007415412186379866,0.007415412186379866,1.0,0.3770491803278688,0.3096794129482166,0.0016927083333333334,0.002054948724505179,186.0,0.5483870967741935,0.010752688172043012,0.18279569892473121,0.8321841001614678
small_long,nomotor_xlink,r0015,7.0,pulse_06,3.233520430107527,1.3267259809930687,0.0017555555555553621,0.0017555555555553621,1.0,0.3770491803278688,0.26859002212349514,0.0017144097222222222,0.021257379691305516,186.0,0.5483870967741934,0.01075268817204301,0.1827956989247312,0.8402275424862914
small_long,nomotor_xlink,r0015,7.05,pulse_07,3.3751767676767677,1.6405639829447283,0.013264309764309848,-0.013264309764309848,1.0,0.40625,0.26646443930640495,0.0019097222222222222,0.03633935214708169,198.0,0.5555555555555556,0.0101010101010101,0.18181818181818182,0.8364541847713373
small_long,nomotor_xlink,r0015,7.1,pulse_07,3.335383838383838,1.7495820393859733,0.01094579124579124,-0.01094579124579124,1.0,0.40625,0.2695451701940257,0.0019314236111111112,0.021533582885527053,198.0,0.5353535353535354,0.0,0.18181818181818182,0.8433506960690086
small_long,nomotor_xlink,r0015,7.15,pulse_07,3.3095020202020202,1.7697654802578906,0.017796127946127838,-0.017796127946127838,1.0,0.40625,0.27848975918428703,0.001974826388888889,0.017985649329745446,198.0,0.5353535353535355,0.0101010101010101,0.18181818181818182,0.832294606475683
small_long,nomotor_xlink,r0015,7.2,pulse_07,3.228607070707071,1.857495935364446,0.014448821548821508,-0.014448821548821508,1.0,0.3870967741935484,0.2692451335069228,0.0019965277777777776,0.02300493172166133,198.0,0.5151515151515152,0.0101010101010101,0.18181818181818182,0.8147503328598663
small_long,nomotor_xlink,r0015,7.25,pulse_07,3.222809090909091,1.9077950705878586,0.0037102693602694505,-0.0037102693602694505,1.0,0.3968253968253968,0.2530687328210379,0.0018663194444444445,0.022416296549514676,198.0,0.5252525252525254,0.0101010101010101,0.18181818181818182,0.8256358192993922
small_long,nomotor_xlink,r0015,7.3,pulse_07,3.2063454545454544,1.991993714661534,0.009185521885521833,-0.009185521885521833,1.0,0.3770491803278688,0.2827358000482088,0.002018229166666667,0.0006163582981037289,198.0,0.5252525252525253,0.0101010101010101,0.18181818181818182,0.8360313139934207
small_long,nomotor_xlink,r0015,7.35,pulse_07,3.16769595959596,1.911493220376481,0.008688888888888894,-0.008688888888888894,1.0,0.36507936507936506,0.22543958562605135,0.0020399305555555557,0.003806126442535714,198.0,0.5555555555555557,0.0101010101010101,0.1919191919191919,0.8301043631560763
small_long,nomotor_xlink,r0015,7.4,pulse_07,3.154212121212121,2.0148304733167484,0.00408215488215502,-0.00408215488215502,1.0,0.3939393939393939,0.2687274807314961,0.0020399305555555557,0.023127046894922842,198.0,0.5555555555555557,0.0101010101010101,0.1919191919191919,0.834439192595904
small_long,nomotor_xlink,r0015,7.45,pulse_07,3.14320303030303,2.050255501746018,0.00823369408369401,0.00823369408369401,1.0,0.3870967741935484,0.2538596239223887,0.0019965277777777776,0.021912881932652024,198.0,0.5555555555555556,0.0101010101010101,0.1919191919191919,0.8375420346797723
small_long,nomotor_xlink,r0015,7.5,pulse_07,3.203614285714285,2.1463077649126605,0.009975515357658246,0.009975515357658246,1.0,0.25,0.3051268717329374,0.0018229166666666667,0.021929090541152885,196.0,0.5510204081632651,0.0,0.18367346938775506,0.8168256866933412
small_long,nomotor_xlink,r0015,7.55,pulse_07,3.2030561224489795,2.1818300449929353,0.006222959183673253,-0.006222959183673253,1.0,0.25,0.2496382114508673,0.0019314236111111112,0.02978235478643147,196.0,0.5510204081632651,0.0,0.18367346938775506,0.822490735412475
small_long,nomotor_xlink,r0015,7.6,pulse_07,3.1662765306122456,2.3250018936312493,0.007296938775510187,-0.007296938775510187,1.0,0.21212121212121213,0.2819614509677092,0.001953125,0.007524805372025378,196.0,0.5463917525773195,0.0,0.18556701030927833,0.833619208257073
small_long,nomotor_xlink,r0015,7.65,pulse_07,3.1592744897959184,2.2269788772250876,0.005985544217687266,-0.005985544217687266,1.0,0.22388059701492538,0.34738663694341565,0.0019965277777777776,0.04392429162747832,196.0,0.5463917525773196,0.0,0.18556701030927833,0.8317255222142186
small_long,nomotor_xlink,r0015,7.7,pulse_07,3.130363265306122,2.0614561438663794,0.005764965986394606,-0.005764965986394606,1.0,0.22388059701492538,0.2662695078256502,0.0019097222222222222,0.06172815183942034,196.0,0.5510204081632651,0.0,0.18367346938775506,0.8305251385087635
small_long,nomotor_xlink,r0015,7.75,pulse_07,3.1246846938775508,1.8566099661885656,0.001768197278911347,-0.001768197278911347,1.0,0.23529411764705882,0.2757212751642202,0.001974826388888889,0.029511354188136513,196.0,0.5510204081632651,0.0,0.18367346938775508,0.8433858011188649
small_long,nomotor_xlink,r0015,7.8,pulse_07,3.119754081632654,1.8843880187375603,0.0012760204081632882,0.0012760204081632882,1.0,0.2753623188405797,0.27282452005075525,0.002018229166666667,0.010859310798083518,196.0,0.5510204081632651,0.0,0.18367346938775508,0.8338208328507426
small_long,nomotor_xlink,r0015,7.85,pulse_07,3.1323408163265305,1.9217658309770667,0.003619727891156351,0.003619727891156351,1.0,0.2537313432835821,0.26607903292838875,0.001974826388888889,0.01700521138272985,196.0,0.5714285714285713,0.0,0.18367346938775506,0.829936762118715
small_long,nomotor_xlink,r0015,7.9,pulse_07,3.141472448979592,1.7823567504411812,0.004890306122449006,0.004890306122449006,1.0,0.24242424242424243,0.32646531336226897,0.0018229166666666667,0.006617199427508306,196.0,0.5463917525773196,0.0,0.18556701030927833,0.8372484718050095
small_long,nomotor_xlink,r0015,7.95,pulse_07,3.1616826530612245,1.9614690275421165,0.0030124149659862542,0.0030124149659862542,1.0,0.29411764705882354,0.4339071292064477,0.001974826388888889,0.048341002629088616,196.0,0.5612244897959183,0.0,0.18367346938775506,0.8320140095596965
small_long,nomotor_xlink,r0015,8.0,pulse_07,3.1595469387755095,2.072402766215713,0.000711904761905006,-0.000711904761905006,1.0,0.29411764705882354,0.3949578556576695,0.0019314236111111112,0.03697791289119882,196.0,0.5510204081632651,0.0,0.18367346938775508,0.8163004207598591
small_long,rotatable_xlink,r0016,0.0,initial,0.7150899999999999,2.113184711724309,0.05488388888888888,0.05488388888888888,1.0,0.23076923076923078,0.0,0.00043402777777777775,0.017083180311858737,40.0,0.35,0.2,0.5,0.6678228590264573
small_long,rotatable_xlink,r0016,0.05,initial,0.8797416666666665,2.061935170788733,0.04182944444444444,0.04182944444444444,1.0,0.17647058823529413,0.19318635189404698,0.00043402777777777775,0.025098479237046334,48.0,0.37499999999999994,0.25,0.45833333333333337,0.6675456376793125
small_long,rotatable_xlink,r0016,0.1,initial,0.9660666666666665,2.263775587146587,0.03068443486590039,0.03068443486590039,1.0,0.17647058823529413,0.17457041736282256,0.0004991319444444444,0.0339871790677988,54.0,0.3333333333333333,0.14814814814814814,0.44444444444444436,0.677401608665228
small_long,rotatable_xlink,r0016,0.15000000000000002,initial,1.0638482758620689,2.265858245195526,0.008515849673202605,0.008515849673202605,1.0,0.2222222222222222,0.32814412000712806,0.0004557291666666667,0.02705567953241513,58.0,0.3793103448275862,0.10344827586206898,0.44827586206896547,0.6920708854591726
small_long,rotatable_xlink,r0016,0.2,initial,1.0171617647058822,2.426109664341078,0.021957145076110556,-0.021957145076110556,1.0,0.3,0.1595498042380247,0.0005425347222222222,0.027562338168336753,68.0,0.3823529411764705,0.14705882352941177,0.44117647058823534,0.7011499909241754
small_long,rotatable_xlink,r0016,0.25,initial,0.9321054054054055,2.4312322742055463,0.0039414344685242035,-0.0039414344685242035,1.0,0.3333333333333333,0.12201254362261597,0.00078125,0.007755484436829792,74.0,0.27027027027027023,0.08108108108108107,0.4864864864864864,0.7352994830682102
small_long,rotatable_xlink,r0016,0.30000000000000004,initial,0.9935131578947369,2.4726425709620568,0.04939747308283895,0.04939747308283895,1.0,0.3333333333333333,0.10480378515970569,0.0006727430555555556,0.012206308882536007,76.0,0.3157894736842105,0.10526315789473684,0.4736842105263158,0.7405779902162617
small_long,rotatable_xlink,r0016,0.35000000000000003,initial,1.2284902439024392,2.3579944209103303,0.034988680033416854,0.034988680033416854,1.0,0.3684210526315789,0.07745885199437962,0.00078125,0.0006073026749617109,82.0,0.3170731707317074,0.09756097560975609,0.4390243902439024,0.7702946084609126
small_long,rotatable_xlink,r0016,0.4,initial,1.203445238095238,2.476286387011827,0.029637672527888032,0.029637672527888032,1.0,0.4,0.07284161992237033,0.0008463541666666667,0.04457293323685385,84.0,0.30952380952380953,0.09523809523809523,0.42857142857142855,0.7461286252826377
small_long,rotatable_xlink,r0016,0.45,initial,1.4063162790697674,2.6254320203314534,0.08230168017561634,0.08230168017561634,1.0,0.037037037037037035,0.17540614690068215,0.0008029513888888889,0.029426266038192244,86.0,0.32558139534883723,0.09302325581395349,0.4186046511627907,0.8040470818005563
small_long,rotatable_xlink,r0016,0.5,initial,1.6972553191489361,2.6528439832409805,0.05897162015503873,0.05897162015503873,1.0,0.0,0.07646721122371715,0.0009548611111111111,0.0007776440596514907,94.0,0.3617021276595745,0.0851063829787234,0.3829787234042553,0.7658446668083506
small_long,rotatable_xlink,r0016,0.55,initial,1.7601459999999998,2.6207661559735445,0.0027033587581961616,0.0027033587581961616,1.0,0.16129032258064516,0.18071333062112155,0.0009548611111111111,0.029632021663720254,100.0,0.36,0.1,0.34,0.793058797005744
small_long,rotatable_xlink,r0016,0.6000000000000001,initial,1.713475471698113,2.475051853258659,0.008920559748427684,-0.008920559748427684,1.0,0.2,0.10079459134411438,0.0010633680555555555,0.025558632941181807,106.0,0.33962264150943394,0.09433962264150944,0.3207547169811321,0.7739313180541891
small_long,rotatable_xlink,r0016,0.65,initial,1.7066226415094337,2.4674143583264536,0.002462893081761064,-0.002462893081761064,1.0,0.2857142857142857,0.07771643457358235,0.0011067708333333333,0.008275054052246858,106.0,0.33962264150943394,0.09433962264150944,0.33962264150943394,0.81199854234806
small_long,rotatable_xlink,r0016,0.7000000000000001,initial,1.6986981132075467,2.425401528945178,0.016963470554602494,-0.016963470554602494,1.0,0.2857142857142857,0.033045313904901244,0.0009548611111111111,0.013822462219447015,106.0,0.33962264150943394,0.09433962264150944,0.32075471698113206,0.7855713498381163
small_long,rotatable_xlink,r0016,0.75,initial,1.6048418181818187,2.3844795850097715,0.014915459344114942,-0.014915459344114942,1.0,0.16666666666666666,0.085574004638927,0.0011501736111111111,0.0072142202916793225,110.0,0.3818181818181818,0.09090909090909091,0.3636363636363636,0.7986922446591577
small_long,rotatable_xlink,r0016,0.8,initial,1.609205357142857,2.382116207195102,0.029204811912225643,0.029204811912225643,1.0,0.1891891891891892,0.08918141231573265,0.0010850694444444445,0.001699790523923032,112.0,0.3928571428571428,0.08928571428571427,0.3571428571428571,0.8169181461233429
small_long,rotatable_xlink,r0016,0.8500000000000001,initial,1.7800706896551726,2.3946783281533097,0.018914337027914636,0.018914337027914636,1.0,0.1794871794871795,0.13945279055792062,0.0012152777777777778,0.00248865564689534,116.0,0.4137931034482759,0.12068965517241378,0.36206896551724144,0.8243150915694065
small_long,rotatable_xlink,r0016,0.9,initial,1.7226913793103449,2.397048141076474,0.0022234961685823063,0.0022234961685823063,1.0,0.15,0.06218432017663771,0.0011501736111111111,0.012994502081119075,116.0,0.4137931034482759,0.13793103448275862,0.3793103448275863,0.7830809026783814
small_long,rotatable_xlink,r0016,0.9500000000000001,initial,1.7934116666666664,2.3167113156665953,0.009263927801724137,-0.009263927801724137,1.0,0.19047619047619047,0.09193081529878551,0.0011067708333333333,0.018051622690411717,120.0,0.4166666666666667,0.13333333333333333,0.3666666666666667,0.8031278687274216
small_long,rotatable_xlink,r0016,1.0,initial,1.6671078125,2.505357877218944,0.04210128472222211,-0.04210128472222211,1.0,0.12195121951219512,0.15966558407760828,0.001171875,0.06288218718411631,128.0,0.359375,0.125,0.390625,0.8143052593140728
small_long,rotatable_xlink,r0016,1.05,pulse_01,1.949482857142857,2.4958522642866026,0.03973117724867733,0.03973117724867733,1.0,0.23404255319148937,0.10162049547454666,0.0012803819444444444,0.011851800951867109,140.0,0.42857142857142855,0.11428571428571428,0.3571428571428571,0.8463071043062846
small_long,rotatable_xlink,r0016,1.1,pulse_01,2.068676388888889,2.531407667142204,0.011933875661375715,0.011933875661375715,1.0,0.21568627450980393,0.14937746282972686,0.0014105902777777778,0.005939884569163094,144.0,0.44444444444444436,0.11111111111111112,0.36111111111111105,0.8331122430870364
small_long,rotatable_xlink,r0016,1.15,pulse_01,2.0210861111111114,2.531491571701581,0.006352358608608573,0.006352358608608573,1.0,0.28,0.18477330348038165,0.0014322916666666666,0.01337505219566489,144.0,0.4444444444444445,0.11111111111111112,0.36111111111111105,0.8402415565239995
small_long,rotatable_xlink,r0016,1.2,pulse_01,2.1067905405405405,2.6116579803161932,0.01351698148148143,0.01351698148148143,1.0,0.2830188679245283,0.14158410341612657,0.0014756944444444444,0.03928038233727027,148.0,0.4594594594594594,0.10810810810810809,0.35135135135135126,0.8413089397861829
small_long,rotatable_xlink,r0016,1.25,pulse_01,2.102188,2.7671738657252027,0.0006617987987989071,0.0006617987987989071,1.0,0.25925925925925924,0.2104645818486501,0.0014105902777777778,0.03207483078279064,150.0,0.4533333333333334,0.10666666666666666,0.36,0.8373446209041858
small_long,rotatable_xlink,r0016,1.3,pulse_01,2.110761333333334,2.804106965012937,0.002942444444444433,0.002942444444444433,1.0,0.2830188679245283,0.19097238451898793,0.0014756944444444444,0.005703825030739518,150.0,0.4533333333333334,0.10666666666666666,0.36,0.8365213287698786
small_long,rotatable_xlink,r0016,1.35,pulse_01,2.1198426666666665,2.80139681590964,0.012535391812865374,0.012535391812865374,1.0,0.2962962962962963,0.13816088693706682,0.0014973958333333334,0.00689187476946862,150.0,0.4666666666666667,0.10666666666666666,0.3466666666666666,0.8389367248548227
small_long,rotatable_xlink,r0016,1.4,pulse_01,2.185973684210526,2.7627557163961254,0.01973872222222221,0.01973872222222221,1.0,0.3333333333333333,0.13883029883162945,0.0014973958333333334,0.01687322145368027,152.0,0.4736842105263158,0.10526315789473684,0.3421052631578948,0.8581516833993122
small_long,rotatable_xlink,r0016,1.45,pulse_01,2.238275,2.700157487187558,0.01272324561403515,0.01272324561403515,1.0,0.38181818181818183,0.24571570150865582,0.0014322916666666666,0.0063117462555886865,152.0,0.47368421052631576,0.10526315789473684,0.3421052631578948,0.8195864064132123
small_long,rotatable_xlink,r0016,1.5,pulse_01,2.262313157894737,2.7248852388625933,0.014963815789473664,0.014963815789473664,1.0,0.38461538461538464,0.2110902320353742,0.0014973958333333334,0.00010421372995716993,152.0,0.47368421052631593,0.10526315789473684,0.32894736842105265,0.8365798834569101
small_long,rotatable_xlink,r0016,1.55,pulse_01,2.3280578947368418,2.7007827695673012,0.019994956140350812,0.019994956140350812,1.0,0.37254901960784315,0.18071108111717674,0.001584201388888889,0.006081671620294049,152.0,0.46052631578947373,0.10526315789473684,0.3157894736842106,0.8365798834569099
small_long,rotatable_xlink,r0016,1.6,pulse_01,2.382282894736842,2.688395209140829,0.005594078947368446,0.005594078947368446,1.0,0.45098039215686275,0.19204440175122545,0.001584201388888889,0.006340014915849013,152.0,0.46052631578947373,0.07894736842105263,0.2894736842105264,0.851189745943097
small_long,rotatable_xlink,r0016,1.65,pulse_01,2.3616223684210524,2.662742680072207,0.00732653508771941,-0.00732653508771941,1.0,0.4,0.22505976027464739,0.0014973958333333334,0.013487501092441345,152.0,0.4533333333333333,0.07999999999999999,0.30666666666666664,0.857959507932553
small_long,rotatable_xlink,r0016,1.7000000000000002,pulse_01,2.3383236842105255,2.607470202586181,0.010304938596491212,0.010304938596491212,1.0,0.37254901960784315,0.25766414742971117,0.0015625,0.007470444571141395,152.0,0.46052631578947373,0.07894736842105263,0.3026315789473685,0.8589641427423783
small_long,rotatable_xlink,r0016,1.75,pulse_01,2.4234519999999997,2.617920012645359,0.025844321029847423,0.025844321029847423,1.0,0.20754716981132076,0.3106931167222237,0.0014105902777777778,0.006374192134921704,150.0,0.48,0.08,0.29333333333333333,0.8439236590962135
small_long,rotatable_xlink,r0016,1.8,pulse_01,2.49338961038961,2.645715355395711,0.007281160173160162,0.007281160173160162,1.0,0.2631578947368421,0.18346274126580828,0.001584201388888889,0.00393049663653174,154.0,0.49350649350649356,0.07792207792207792,0.29870129870129863,0.8438329111842598
small_long,rotatable_xlink,r0016,1.85,pulse_01,2.4671389610389607,2.6415029924645492,0.00437121212121198,-0.00437121212121198,1.0,0.22807017543859648,0.21610544494027617,0.0014973958333333334,0.005001622490462765,154.0,0.49350649350649356,0.07792207792207792,0.3246753246753247,0.8371665401782683
small_long,rotatable_xlink,r0016,1.9,pulse_01,2.467162337662338,2.6157056204529345,0.023470589826839916,0.023470589826839916,1.0,0.2727272727272727,0.1348888539671333,0.0014756944444444444,0.008644397352954044,154.0,0.49350649350649345,0.06493506493506493,0.31168831168831157,0.8418718572268605
small_long,rotatable_xlink,r0016,1.9500000000000002,pulse_01,2.6079625,2.589636608346825,0.028077110389610322,0.028077110389610322,1.0,0.3,0.16393421040080142,0.0015625,0.003358218477303628,160.0,0.5125,0.075,0.325,0.8223475692790896
small_long,rotatable_xlink,r0016,2.0,pulse_01,2.635625,2.5955563095891128,0.009220833333333308,0.009220833333333308,1.0,0.27586206896551724,0.22400234807133873,0.0015625,0.001973233747429267,160.0,0.5063291139240507,0.0759493670886076,0.3164556962025316,0.835887742535791
small_long,rotatable_xlink,r0016,2.05,pulse_02,2.031471428571428,2.3931070858399344,0.1473876984126982,-0.1473876984126982,1.0,0.1935483870967742,0.23135407314040893,0.001540798611111111,0.07755327906892144,168.0,0.47619047619047616,0.07142857142857142,0.33333333333333337,0.8528809352866115
small_long,rotatable_xlink,r0016,2.1,pulse_02,1.5893083333333333,2.16044724863317,0.12241567460317453,-0.12241567460317453,1.0,0.03571428571428571,0.191111855684516,0.0016276041666666667,0.08265984153946815,168.0,0.36904761904761907,0.09523809523809523,0.36904761904761907,0.856647116023273
small_long,rotatable_xlink,r0016,2.15,pulse_02,1.2969773809523808,1.8971480366031255,0.1717456349206349,-0.1717456349206349,1.0,-0.09090909090909091,0.1819811323576788,0.0017144097222222222,0.03527150483823186,168.0,0.33333333333333337,0.11904761904761904,0.3928571428571429,0.8487386431401647
small_long,rotatable_xlink,r0016,2.2,pulse_02,0.5588345238095237,1.9488182196037789,0.20601884920634916,-0.20601884920634916,1.0,-0.22580645161290322,0.16396121629946522,0.0016276041666666667,0.018660002086887156,168.0,0.2976190476190476,0.14285714285714285,0.5357142857142857,0.8611483790227086
small_long,rotatable_xlink,r0016,2.25,pulse_02,0.06086428571428574,2.0091080491244484,0.11861805555555553,-0.11861805555555553,1.0,-0.4098360655737705,0.32372296594407257,0.0016059027777777777,0.01623513069820944,168.0,0.21428571428571427,0.15476190476190477,0.5952380952380951,0.8442373801407289
small_long,rotatable_xlink,r0016,2.3,pulse_02,-0.15287380952380952,2.0462290037930355,0.03386805555555556,-0.03386805555555556,1.0,-0.46875,0.23153692223002725,0.0016710069444444444,0.005142418488980042,168.0,0.21428571428571427,0.15476190476190474,0.6547619047619047,0.8239849550729241
small_long,rotatable_xlink,r0016,2.35,pulse_02,-0.14234404761904762,2.0399625600583287,0.00911230158730159,-0.00911230158730159,1.0,-0.3333333333333333,0.2457291391684731,0.0016059027777777777,0.0083287827063215,168.0,0.21428571428571427,0.15476190476190477,0.6547619047619047,0.8444254358456215
small_long,rotatable_xlink,r0016,2.4,pulse_02,-0.20754761904761906,2.0962017000309645,0.00457991363211951,-0.00457991363211951,1.0,-0.28,0.2720638386348828,0.001736111111111111,0.00991860717855945,168.0,0.20238095238095238,0.17857142857142858,0.6428571428571427,0.8604132967599344
small_long,rotatable_xlink,r0016,2.45,pulse_02,-0.16982352941176468,2.0994742031296854,0.003526171802054154,0.003526171802054154,1.0,-0.25,0.19375012579866527,0.0016493055555555556,0.0009336094138340615,170.0,0.2,0.2,0.6235294117647058,0.8453655235266109
small_long,rotatable_xlink,r0016,2.5,pulse_02,-0.18639058823529414,2.101803356513969,0.008066274509803925,-0.008066274509803925,1.0,-0.22448979591836735,0.1770285395766106,0.0016927083333333334,0.005097398979278338,170.0,0.2,0.21176470588235294,0.6235294117647057,0.8386482123067746
small_long,rotatable_xlink,r0016,2.55,pulse_02,-0.21822117647058822,2.0688898092540153,0.007738627450980366,-0.007738627450980366,1.0,-0.22448979591836735,0.263825500080559,0.0016927083333333334,0.0014328871444331999,170.0,0.2,0.2235294117647059,0.6117647058823528,0.8618917261957322
small_long,rotatable_xlink,r0016,2.6,pulse_02,-0.23282235294117634,2.0932060336473697,0.023325438842203547,-0.023325438842203547,1.0,-0.25,0.18605372067757245,0.0017795138888888889,0.029854273873627008,170.0,0.21176470588235294,0.23529411764705882,0.5999999999999999,0.8360674249135137
small_long,rotatable_xlink,r0016,2.65,pulse_02,-0.3581738095238095,2.2480154524957774,0.05356313958916903,-0.05356313958916903,1.0,-0.23404255319148937,0.24958547760272895,0.0016710069444444444,0.03483748778257256,168.0,0.21428571428571427,0.2261904761904762,0.619047619047619,0.7964368673777404
small_long,rotatable_xlink,r0016,2.7,pulse_02,-0.5542011904761905,2.302230960342805,0.03610575396825396,-0.03610575396825396,1.0,-0.28888888888888886,0.3065167834723782,0.0016710069444444444,0.010763158146578503,168.0,0.1904761904761905,0.2261904761904762,0.6666666666666666,0.7978583887622376
small_long,rotatable_xlink,r0016,2.75,pulse_02,-0.5748083333333333,2.3125944013752484,0.0016000000000000274,0.0016000000000000274,1.0,-0.2727272727272727,0.35261102759876006,0.0016276041666666667,0.004445985553451622,168.0,0.1904761904761905,0.21428571428571427,0.6904761904761902,0.8239548022183281
small_long,rotatable_xlink,r0016,2.8,pulse_02,-0.5446011904761904,2.328906873663515,0.0021704365079365053,0.0021704365079365053,1.0,-0.2727272727272727,0.34908803957853707,0.0016493055555555556,0.0054744123464218015,168.0,0.1904761904761905,0.21428571428571427,0.6547619047619048,0.7931204269168581
small_long,rotatable_xlink,r0016,2.85,pulse_02,-0.5617857142857142,2.345440875453779,0.01656967632434501,0.01656967632434501,1.0,-0.2727272727272727,0.41253212402740425,0.0016276041666666667,0.0018489944267675214,168.0,0.1904761904761905,0.2261904761904762,0.6666666666666665,0.8299563825979083
small_long,rotatable_xlink,r0016,2.9,pulse_02,-0.4451831325301203,2.3178129071029097,0.024970711417096936,0.024970711417096936,1.0,-0.2558139534883721,0.3563164160889263,0.0016927083333333334,0.008224129589284498,166.0,0.19277108433734935,0.2168674698795181,0.6626506024096386,0.8301617222604799
small_long,rotatable_xlink,r0016,2.95,pulse_02,-0.4119614457831326,2.2960960979180722,0.008554133199464483,0.008554133199464483,1.0,-0.20930232558139536,0.2680807514062924,0.0016493055555555556,0.0007772360286610139,166.0,0.20481927710843373,0.2168674698795182,0.6626506024096389,0.8242965535765318
small_long,rotatable_xlink,r0016,3.0,pulse_02,-0.3938583333333334,2.3131494909309436,0.006034370816599725,0.006034370816599725,1.0,-0.20930232558139536,0.2891040336548431,0.0017144097222222222,0.005684464337623781,168.0,0.20238095238095238,0.20238095238095238,0.6547619047619047,0.818298869534935
small_long,rotatable_xlink,r0016,3.05,pulse_03,-0.13178863636363636,2.3603212622961163,0.03486287878787876,0.03486287878787876,1.0,-0.125,0.3335647551891701,0.0016493055555555556,0.012223875933639938,176.0,0.2386363636363636,0.23863636363636362,0.6363636363636365,0.8315924091266715
small_long,rotatable_xlink,r0016,3.1,pulse_03,-0.027200000000000068,2.3236496344951965,0.03515555704099822,0.03515555704099822,1.0,-0.10638297872340426,0.3978346803453161,0.0016927083333333334,0.00035193553178514136,174.0,0.22988505747126436,0.20689655172413787,0.6206896551724138,0.8535198006070615
small_long,rotatable_xlink,r0016,3.15,pulse_03,0.07914470588235298,2.3582096491054054,0.021465686274509815,0.021465686274509815,1.0,-0.2222222222222222,0.29845280216669395,0.0017144097222222222,0.005495003745177603,170.0,0.24705882352941178,0.2,0.6235294117647057,0.8345546530091094
small_long,rotatable_xlink,r0016,3.2,pulse_03,0.10159411764705883,2.356619656966262,0.0037019607843137036,0.0037019607843137036,1.0,-0.23076923076923078,0.3143217906276956,0.001736111111111111,0.006753604315362945,170.0,0.23529411764705882,0.18823529411764706,0.6235294117647058,0.8421063727660003
small_long,rotatable_xlink,r0016,3.25,pulse_03,0.1013564705882352,2.398731274997583,0.004698401027077502,0.004698401027077502,1.0,-0.21568627450980393,0.37286850409698624,0.0017578125,0.004880875662693167,170.0,0.23529411764705882,0.18823529411764706,0.6117647058823529,0.8363311371822828
small_long,rotatable_xlink,r0016,3.3,pulse_03,0.12978452380952385,2.327334402990103,0.0004342133520074583,-0.0004342133520074583,1.0,-0.14893617021276595,0.3369406564952477,0.0017144097222222222,0.01283220079318633,168.0,0.23809523809523808,0.19047619047619047,0.607142857142857,0.8254064764574214
small_long,rotatable_xlink,r0016,3.35,pulse_03,0.09875119047619045,2.321738070238465,0.01023571428571428,-0.01023571428571428,1.0,-0.14893617021276595,0.3559349473168038,0.0017144097222222222,0.0021423804636042654,168.0,0.23809523809523808,0.17857142857142858,0.5952380952380952,0.8310189331294169
small_long,rotatable_xlink,r0016,3.4,pulse_03,0.06837023809523816,2.3401886857717287,0.00926091269841269,-0.00926091269841269,1.0,-0.23076923076923078,0.34944004031892917,0.0016710069444444444,0.002752733837643332,168.0,0.23809523809523808,0.1904761904761905,0.607142857142857,0.8306428217196314
small_long,rotatable_xlink,r0016,3.45,pulse_03,0.043185714285714306,2.338254473264325,0.0027372896347293793,0.0027372896347293793,1.0,-0.23076923076923078,0.4087682489266032,0.0016493055555555556,0.002374031330861707,168.0,0.23809523809523808,0.17857142857142855,0.6309523809523809,0.8173757315672682
small_long,rotatable_xlink,r0016,3.5,pulse_03,0.08479397590361444,2.3259444977865584,0.008840734366035564,0.008840734366035564,1.0,-0.21568627450980393,0.34911252892736194,0.0016276041666666667,0.00313398469239042,166.0,0.24096385542168677,0.15662650602409642,0.6385542168674702,0.8271738498728637
small_long,rotatable_xlink,r0016,3.55,pulse_03,0.0962301204819277,2.3194505651099826,0.0013297188755020117,0.0013297188755020117,1.0,-0.1836734693877551,0.2413654672026873,0.0017578125,0.006154306143789719,166.0,0.2409638554216868,0.1686746987951807,0.6385542168674699,0.8280588807817277
small_long,rotatable_xlink,r0016,3.6,pulse_03,0.09277228915662651,2.28901866092382,0.004598795180722895,0.004598795180722895,1.0,-0.14893617021276595,0.3237918670035583,0.001736111111111111,0.004418276240214958,166.0,0.24096385542168686,0.16867469879518077,0.6265060240963858,0.8421060089055805
small_long,rotatable_xlink,r0016,3.65,pulse_03,0.12382289156626507,2.292940907668693,0.00682871485943775,0.00682871485943775,1.0,-0.14893617021276595,0.39161357549202275,0.0017144097222222222,0.0033264244396066602,166.0,0.2409638554216868,0.16867469879518074,0.6265060240963858,0.8526064180182874
small_long,rotatable_xlink,r0016,3.7,pulse_03,0.133744578313253,2.26906011428618,0.004855020080321276,0.004855020080321276,1.0,-0.10638297872340426,0.3697721982790544,0.0016927083333333334,0.006682938265191988,166.0,0.24096385542168677,0.1686746987951807,0.6024096385542169,0.8433051064144779
small_long,rotatable_xlink,r0016,3.75,pulse_03,0.15295301204819273,2.252843278077541,0.000961244979919664,-0.000961244979919664,1.0,-0.125,0.4139410256801018,0.0017144097222222222,0.0021989693235330656,166.0,0.2530120481927711,0.1566265060240964,0.6144578313253012,0.8394138046612979
small_long,rotatable_xlink,r0016,3.8,pulse_03,0.12797710843373503,2.2822539302273785,0.0016094377510040142,-0.0016094377510040142,1.0,-0.14893617021276595,0.3456730367227402,0.001736111111111111,0.010147107105915746,166.0,0.24096385542168672,0.1566265060240964,0.6144578313253013,0.8281081099847193
small_long,rotatable_xlink,r0016,3.85,pulse_03,0.14329638554216864,2.3137259207130354,0.0061700803212851275,0.0061700803212851275,1.0,-0.1836734693877551,0.3843602428275254,0.001736111111111111,0.004855290358866633,166.0,0.24096385542168677,0.14457831325301204,0.5903614457831327,0.8347969626892386
small_long,rotatable_xlink,r0016,3.9,pulse_03,0.1649975903614458,2.3113856723805783,0.004696987951807234,0.004696987951807234,1.0,-0.13043478260869565,0.28944241956747574,0.001736111111111111,0.0025919000669752577,166.0,0.2409638554216868,0.14457831325301204,0.602409638554217,0.8428007183781675
small_long,rotatable_xlink,r0016,3.95,pulse_03,0.17147831325301205,2.329277321114887,0.004472489959839371,0.004472489959839371,1.0,-0.1111111111111111,0.27335250851675075,0.0016493055555555556,0.0037651227207742277,166.0,0.24096385542168677,0.14457831325301204,0.5903614457831327,0.8275544927454175
small_long,rotatable_xlink,r0016,4.0,pulse_03,0.19183253012048201,2.3339764087052237,0.006784738955823322,0.006784738955823322,1.0,-0.13043478260869565,0.2676197447141197,0.0016493055555555556,0.0015663625301122568,166.0,0.2409638554216868,0.14457831325301204,0.5783132530120483,0.8439252999263002
small_long,rotatable_xlink,r0016,4.05,pulse_04,0.3347376470588235,2.3680129865105375,0.018393800186741416,0.018393800186741416,1.0,-0.06382978723404255,0.3156758857769349,0.0017578125,0.00824288233168217,170.0,0.25882352941176473,0.1411764705882353,0.5529411764705883,0.8542621374549074
small_long,rotatable_xlink,r0016,4.1,pulse_04,0.3899190476190477,2.392741633505584,0.012422742763772171,-0.012422742763772171,1.0,-0.06382978723404255,0.2844870367137223,0.0017144097222222222,0.002776895783549449,168.0,0.2619047619047619,0.14285714285714285,0.5357142857142857,0.8475051774605601
small_long,rotatable_xlink,r0016,4.15,pulse_04,0.26020119047619045,2.384674361211834,0.02338333333333335,-0.02338333333333335,1.0,-0.15555555555555556,0.38014956076655265,0.0016710069444444444,0.0029411454203058054,168.0,0.2261904761904762,0.14285714285714285,0.5357142857142855,0.8585670208246006
small_long,rotatable_xlink,r0016,4.2,pulse_04,0.24961904761904763,2.375094760983749,0.008110317460317476,0.008110317460317476,1.0,-0.13636363636363635,0.28009236184598946,0.0017578125,0.0026755461451079357,168.0,0.21428571428571427,0.15476190476190477,0.5476190476190476,0.8752899640016877
small_long,rotatable_xlink,r0016,4.25,pulse_04,0.3088630952380953,2.3686210843411866,0.0011406746031746018,-0.0011406746031746018,1.0,-0.10638297872340426,0.29097493800571217,0.0017144097222222222,0.0005007542884842101,168.0,0.21428571428571427,0.14285714285714285,0.5476190476190476,0.8368930743722985
small_long,rotatable_xlink,r0016,4.3,pulse_04,0.24277500000000002,2.3780992867146544,0.004855753968253977,-0.004855753968253977,1.0,-0.19148936170212766,0.299520623035825,0.001736111111111111,0.0014258620778235809,168.0,0.21428571428571427,0.16666666666666666,0.5357142857142857,0.8594901587922675
small_long,rotatable_xlink,r0016,4.35,pulse_04,0.27972857142857144,2.360065911874245,0.039874007936507944,0.039874007936507944,1.0,-0.14893617021276595,0.3028566932892862,0.0017578125,0.003255284968273209,168.0,0.23809523809523808,0.16666666666666669,0.5357142857142857,0.8543024566711088
small_long,rotatable_xlink,r0016,4.4,pulse_04,0.4820190476190477,2.3976309965242937,0.056612103174603155,0.056612103174603155,1.0,-0.13043478260869565,0.32047493666979326,0.0016059027777777777,0.007666174775357841,168.0,0.23809523809523808,0.13095238095238096,0.5357142857142856,0.8434721450233584
small_long,rotatable_xlink,r0016,4.45,pulse_04,0.6194011904761904,2.406062960526392,0.0010005952380952217,0.0010005952380952217,1.0,-0.11627906976744186,0.23071626041068102,0.0016493055555555556,0.0010370312045358727,168.0,0.2261904761904762,0.13095238095238096,0.47619047619047616,0.8557239780556061
small_long,rotatable_xlink,r0016,4.5,pulse_04,0.488022619047619,2.3914088092970784,0.032859126984126956,-0.032859126984126956,1.0,-0.11627906976744186,0.35107105275978046,0.0017578125,0.008791307015578287,168.0,0.2261904761904762,0.13095238095238096,0.5,0.8135793979760104
small_long,rotatable_xlink,r0016,4.55,pulse_04,0.42224642857142863,2.458810802619862,0.008920637311149365,-0.008920637311149365,1.0,-0.2,0.39338991712525806,0.0017144097222222222,0.02506706742088527,168.0,0.2261904761904762,0.14285714285714285,0.5119047619047618,0.8609603233178159
small_long,rotatable_xlink,r0016,4.6,pulse_04,0.4344987951807228,2.54181121382239,0.002737256167527282,-0.002737256167527282,1.0,-0.15555555555555556,0.3506720894943627,0.0016059027777777777,0.011816253135016774,166.0,0.22891566265060237,0.13253012048192772,0.49397590361445787,0.8387496113307116
small_long,rotatable_xlink,r0016,4.65,pulse_04,0.40582289156626494,2.5297083214299625,0.01680341365461846,-0.01680341365461846,1.0,-0.11627906976744186,0.3999330126443332,0.0016710069444444444,0.005793585993998818,166.0,0.2168674698795181,0.13253012048192775,0.5060240963855424,0.8396838714425675
small_long,rotatable_xlink,r0016,4.7,pulse_04,0.33367831325301206,2.507049697858397,0.01649016064257025,-0.01649016064257025,1.0,-0.09090909090909091,0.4738914527986643,0.0016710069444444444,0.0012312132677336034,166.0,0.2409638554216868,0.14457831325301204,0.5421686746987951,0.8271246206698721
small_long,rotatable_xlink,r0016,4.75,pulse_04,0.30688192771084344,2.537095601036364,0.012032679498481727,0.012032679498481727,1.0,-0.09090909090909091,0.34491139450120634,0.0016927083333333334,0.0013324873988788493,166.0,0.24096385542168677,0.15662650602409636,0.5421686746987953,0.842056779702589
small_long,rotatable_xlink,r0016,4.8,pulse_04,0.4058743902439024,2.499054773465124,0.017435938877461043,0.017435938877461043,1.0,-0.14893617021276595,0.33548480566350386,0.0017144097222222222,0.007299717490672227,164.0,0.24390243902439032,0.14634146341463414,0.5243902439024392,0.8418730859665161
small_long,rotatable_xlink,r0016,4.85,pulse_04,0.4114975609756097,2.4932972960923308,0.009549124259761121,0.009549124259761121,1.0,-0.16666666666666666,0.3361365020548666,0.0016710069444444444,0.00741116181572569,164.0,0.2439024390243903,0.14634146341463417,0.5243902439024392,0.8423836250764399
small_long,rotatable_xlink,r0016,4.9,pulse_04,0.46316913580246916,2.45458780257077,0.003502258355916915,0.003502258355916915,1.0,-0.15555555555555556,0.3070496024126017,0.0016493055555555556,0.004812283716336389,162.0,0.24691358024691362,0.14814814814814814,0.506172839506173,0.8531907565615224
small_long,rotatable_xlink,r0016,4.95,pulse_04,0.4325111111111112,2.4644235937943124,0.006611316872427997,-0.006611316872427997,1.0,-0.17391304347826086,0.39645928643277756,0.0016927083333333334,0.0004939780121906434,162.0,0.23456790123456792,0.16049382716049382,0.5061728395061729,0.8331455699391573
small_long,rotatable_xlink,r0016,5.0,pulse_04,0.4235012345679012,2.4575516706439138,0.0030032921810700017,-0.0030032921810700017,1.0,-0.22448979591836735,0.3787639349894064,0.0016710069444444444,0.00229064105013288,162.0,0.23456790123456797,0.17283950617283952,0.506172839506173,0.849480108380429
small_long,rotatable_xlink,r0016,5.05,pulse_05,0.634322619047619,2.415826561878349,0.023186904761904808,0.023186904761904808,1.0,-0.09803921568627451,0.3180738612575156,0.001736111111111111,0.010904123848671935,168.0,0.27380952380952384,0.13095238095238096,0.4999999999999999,0.8679456582332575
small_long,rotatable_xlink,r0016,5.1,pulse_05,0.7038833333333334,2.3831141903323334,0.005639880952380956,0.005639880952380956,1.0,-0.10204081632653061,0.24983200290896357,0.0017144097222222222,0.005433589672450149,168.0,0.2619047619047619,0.15476190476190477,0.4999999999999999,0.8578805817028775
small_long,rotatable_xlink,r0016,5.15,pulse_05,0.6681619047619047,2.3832250238436483,0.0004948412698413026,-0.0004948412698413026,1.0,-0.12,0.33457637500094334,0.0016927083333333334,0.000935005998708697,168.0,0.2619047619047619,0.15476190476190477,0.4999999999999999,0.8609116801767649
small_long,rotatable_xlink,r0016,5.2,pulse_05,0.7009142857142856,2.377504154340081,0.0034087301587301666,0.0034087301587301666,1.0,-0.125,0.30978867431204865,0.001736111111111111,0.0009833116365898231,168.0,0.27380952380952384,0.15476190476190477,0.5,0.8510833024923288
small_long,rotatable_xlink,r0016,5.25,pulse_05,0.6886142857142857,2.3773251540241094,0.009058663224325858,0.009058663224325858,1.0,-0.10638297872340426,0.32101669320107823,0.0016927083333333334,0.0004886573416485648,168.0,0.2619047619047619,0.16666666666666669,0.4999999999999999,0.8593021030873748
small_long,rotatable_xlink,r0016,5.3,pulse_05,0.7552662650602407,2.37457221029019,0.006727137119908207,0.006727137119908207,1.0,-0.24528301886792453,0.3338154392828968,0.0016059027777777777,0.004293186209862669,166.0,0.25301204819277107,0.1566265060240964,0.49397590361445787,0.8306713396810179
small_long,rotatable_xlink,r0016,5.35,pulse_05,0.728977108433735,2.4030842712832854,0.008794979919678684,-0.008794979919678684,1.0,-0.25925925925925924,0.3369316629901007,0.0016927083333333334,0.006054425608497042,166.0,0.2530120481927711,0.15662650602409642,0.5060240963855425,0.8339292788499038
small_long,rotatable_xlink,r0016,5.4,pulse_05,0.7024963855421686,2.410898763941172,0.0101140562248996,-0.0101140562248996,1.0,-0.19230769230769232,0.28184502471390005,0.0016927083333333334,0.002638082948028216,166.0,0.25301204819277123,0.15662650602409642,0.5060240963855424,0.8451736266381893
small_long,rotatable_xlink,r0016,5.45,pulse_05,0.6682927710843374,2.4189127689714547,0.008519879518072279,-0.008519879518072279,1.0,-0.125,0.40981287699515334,0.0016927083333333334,0.0010276201663730333,166.0,0.26506024096385544,0.15662650602409642,0.5180722891566267,0.8571126838990621
small_long,rotatable_xlink,r0016,5.5,pulse_05,0.651377108433735,2.4170644849394103,0.007776506024096408,-0.007776506024096408,1.0,-0.125,0.298994635464674,0.0016710069444444444,0.00012732067062581898,166.0,0.27710843373493976,0.1566265060240964,0.5180722891566265,0.8380549018581245
small_long,rotatable_xlink,r0016,5.55,pulse_05,0.6216337349397589,2.4181488449476998,0.0012070672935645121,0.0012070672935645121,1.0,-0.125,0.28773504741971034,0.0016710069444444444,0.005344320576606017,166.0,0.27710843373493976,0.14457831325301201,0.5301204819277109,0.8137469152608333
small_long,rotatable_xlink,r0016,5.6,pulse_05,0.658619512195122,2.384998561479774,0.005056775884023923,0.005056775884023923,1.0,-0.08695652173913043,0.30835687407340284,0.0016710069444444444,0.005454164760245073,164.0,0.28048780487804886,0.14634146341463417,0.5121951219512197,0.832458343733392
small_long,rotatable_xlink,r0016,5.65,pulse_05,0.6519743902439025,2.3854238563862293,0.0022571138211381903,0.0022571138211381903,1.0,-0.06382978723404255,0.3062062143378907,0.0016927083333333334,0.0019682315273993702,164.0,0.26829268292682923,0.14634146341463414,0.5243902439024392,0.8175865571888038
small_long,rotatable_xlink,r0016,5.7,pulse_05,0.6721621951219512,2.3968079506441704,0.0016392276422764012,0.0016392276422764012,1.0,-0.06382978723404255,0.41266318965312254,0.001584201388888889,0.00818661653620123,164.0,0.2682926829268293,0.14634146341463417,0.5121951219512196,0.8206108670445619
small_long,rotatable_xlink,r0016,5.75,pulse_05,0.6618097560975609,2.336304157169022,0.001246544715447162,-0.001246544715447162,1.0,-0.041666666666666664,0.4111127544123566,0.0016710069444444444,0.009245998394849556,164.0,0.2682926829268294,0.14634146341463417,0.5121951219512197,0.8198631491033165
small_long,rotatable_xlink,r0016,5.8,pulse_05,0.6646829268292682,2.341331960275073,0.01463520525946003,0.01463520525946003,1.0,-0.06382978723404255,0.3247523187404525,0.0016710069444444444,0.002323203470125712,164.0,0.2682926829268293,0.14634146341463414,0.5,0.8234478276281237
small_long,rotatable_xlink,r0016,5.85,pulse_05,0.7496209876543211,2.3502433779897762,0.011117043059319506,0.011117043059319506,1.0,-0.02127659574468085,0.4050650316948682,0.0016059027777777777,0.00554757437626896,162.0,0.271604938271605,0.12345679012345678,0.49382716049382713,0.8392877167076804
small_long,rotatable_xlink,r0016,5.9,pulse_05,0.7313851851851852,2.374617406532687,0.009801646090534966,0.009801646090534966,1.0,-0.043478260869565216,0.3731172787388256,0.0016493055555555556,0.004462480611709656,162.0,0.27160493827160503,0.13580246913580246,0.5185185185185186,0.8307140713517278
small_long,rotatable_xlink,r0016,5.95,pulse_05,0.8084308641975309,2.377018261660034,0.010001028806584341,0.010001028806584341,1.0,-0.043478260869565216,0.3813949311629392,0.001584201388888889,0.003594522858889985,162.0,0.25925925925925936,0.13580246913580246,0.506172839506173,0.8248937459141031
small_long,rotatable_xlink,r0016,6.0,pulse_05,0.7913913580246913,2.3961845436860267,0.005679835390946519,-0.005679835390946519,1.0,-0.06666666666666667,0.39341094033049245,0.001584201388888889,0.006388760675330858,162.0,0.2592592592592593,0.13580246913580246,0.5061728395061728,0.8315896852486369
small_long,rotatable_xlink,r0016,6.05,pulse_06,0.8923164705882352,2.358663765264299,0.008655686274509744,-0.008655686274509744,1.0,0.02040816326530612,0.4028420291200733,0.0017578125,0.010631989651477861,170.0,0.29411764705882354,0.12941176470588237,0.48235294117647054,0.8339361930738574
small_long,rotatable_xlink,r0016,6.1,pulse_06,0.8663494117647059,2.3267677963098654,0.005078235294117643,-0.005078235294117643,1.0,0.0,0.33615260596837154,0.0016927083333333334,0.004902731660945496,170.0,0.29411764705882354,0.12941176470588237,0.49411764705882344,0.8330290218927617
small_long,rotatable_xlink,r0016,6.15,pulse_06,0.8618470588235293,2.329247375298626,0.008894145658263297,0.008894145658263297,1.0,0.02040816326530612,0.32707908954552845,0.001736111111111111,0.0004343397546991608,170.0,0.29411764705882354,0.12941176470588237,0.5058823529411764,0.8399751409263438
small_long,rotatable_xlink,r0016,6.2,pulse_06,0.9197142857142857,2.3293738348380604,0.0054381886087768545,0.0054381886087768545,1.0,0.041666666666666664,0.31069916152963556,0.0018229166666666667,0.0020294695962521647,168.0,0.2976190476190476,0.11904761904761904,0.47619047619047616,0.8279391915144785
small_long,rotatable_xlink,r0016,6.25,pulse_06,0.8944761904761904,2.341424192876139,0.0006253968253968253,-0.0006253968253968253,1.0,0.041666666666666664,0.34466794271965806,0.0017578125,0.002445866680643357,168.0,0.2976190476190476,0.13095238095238096,0.488095238095238,0.8192956363685958
small_long,rotatable_xlink,r0016,6.3,pulse_06,0.9159619047619048,2.3440490349219205,0.00035694444444441437,0.00035694444444441437,1.0,0.02127659574468085,0.2642209983582013,0.0017795138888888889,0.002766581313388657,168.0,0.2976190476190476,0.13095238095238096,0.5,0.8361278392549282
small_long,rotatable_xlink,r0016,6.35,pulse_06,0.8966178571428569,2.358023680756471,0.009579563492063422,-0.009579563492063422,1.0,0.043478260869565216,0.2298761797539412,0.0016927083333333334,2.8700352071216646e-05,168.0,0.2857142857142857,0.13095238095238096,0.5,0.8389708820239227
small_long,rotatable_xlink,r0016,6.4,pulse_06,0.8584845238095242,2.343876832809493,0.0028035714285713498,-0.0028035714285713498,1.0,0.02127659574468085,0.28721463084627175,0.0016927083333333334,0.005746238524158971,168.0,0.2857142857142857,0.11904761904761904,0.5119047619047618,0.8308308774245241
small_long,rotatable_xlink,r0016,6.45,pulse_06,0.8797964285714288,2.323546249611517,0.001044047619047565,0.001044047619047565,1.0,0.041666666666666664,0.3385389490600633,0.001736111111111111,0.0013895438125421933,168.0,0.2976190476190476,0.11904761904761904,0.47619047619047616,0.8330967407810409
small_long,rotatable_xlink,r0016,6.5,pulse_06,0.8647488095238096,2.33553956993424,0.007985317460317517,-0.007985317460317517,1.0,0.02127659574468085,0.3088892606120234,0.001736111111111111,0.007059909490936119,168.0,0.2976190476190476,0.11904761904761904,0.5,0.8470804229097234
small_long,rotatable_xlink,r0016,6.55,pulse_06,0.8318845238095237,2.365905706557134,0.01770138888888889,-0.01770138888888889,1.0,0.043478260869565216,0.29008387986204937,0.0016493055555555556,0.007706174673021149,168.0,0.2857142857142857,0.13095238095238096,0.5,0.8580686374077703
small_long,rotatable_xlink,r0016,6.6,pulse_06,0.7585404761904763,2.381776617972367,0.008537301587301557,-0.008537301587301557,1.0,0.0,0.27493831253412393,0.0017144097222222222,0.0020970559624318894,168.0,0.2619047619047619,0.14285714285714285,0.488095238095238,0.8533793187034417
small_long,rotatable_xlink,r0016,6.65,pulse_06,0.7806607142857144,2.378488042331725,0.0033611111111110925,0.0033611111111110925,1.0,-0.023255813953488372,0.3048703642736864,0.0016927083333333334,0.0017352877584718336,168.0,0.2619047619047619,0.14285714285714285,0.5,0.8514594139021143
small_long,rotatable_xlink,r0016,6.7,pulse_06,0.7787071428571428,2.392188344523198,0.011069642857142884,-0.011069642857142884,1.0,0.022222222222222223,0.3342966292636889,0.0017578125,0.005497791111380712,168.0,0.27380952380952384,0.14285714285714285,0.4761904761904761,0.8412062816668417
small_long,rotatable_xlink,r0016,6.75,pulse_06,0.7142428571428571,2.4114747890000094,0.01498353174603175,-0.01498353174603175,1.0,0.043478260869565216,0.2847276520615048,0.0017144097222222222,0.005166345605622051,168.0,0.27380952380952384,0.14285714285714285,0.4999999999999999,0.8458168043755226
small_long,rotatable_xlink,r0016,6.8,pulse_06,0.6888059523809523,2.4231864181569303,0.017535714285714266,-0.017535714285714266,1.0,0.06382978723404255,0.40452272262276645,0.0016710069444444444,0.002158591861124141,168.0,0.2976190476190476,0.15476190476190477,0.488095238095238,0.8331755367766882
small_long,rotatable_xlink,r0016,6.85,pulse_06,0.6090285714285715,2.4244263401667543,0.01606567460317458,-0.01606567460317458,1.0,0.02040816326530612,0.2779564664111428,0.0016710069444444444,0.0014642024820537742,168.0,0.27380952380952384,0.15476190476190477,0.5119047619047619,0.8213299680088224
small_long,rotatable_xlink,r0016,6.9,pulse_06,0.5924119047619049,2.4144012032646076,0.006396230158730161,-0.006396230158730161,1.0,-0.061224489795918366,0.35319544413711107,0.001736111111111111,0.005359731271752081,168.0,0.27380952380952384,0.16666666666666669,0.5119047619047619,0.8613364347276014
small_long,rotatable_xlink,r0016,6.95,pulse_06,0.5706511904761905,2.392267952536242,0.0034926587301587673,-0.0034926587301587673,1.0,0.022222222222222223,0.3156641071447697,0.0016927083333333334,0.0022909120906742983,168.0,0.2619047619047619,0.15476190476190477,0.5119047619047619,0.8319420710970837
small_long,rotatable_xlink,r0016,7.0,pulse_06,0.5714559523809523,2.400655730720562,0.00026825396825391756,0.00026825396825391756,1.0,0.022222222222222223,0.2959489425557705,0.0017795138888888889,0.0027959260614400052,168.0,0.2619047619047619,0.15476190476190477,0.5119047619047619,0.825831231008258
small_long,rotatable_xlink,r0016,7.05,pulse_07,0.8025505617977527,2.462116819116273,0.019133903643173317,0.019133903643173317,1.0,0.12,0.36094333583955074,0.0017795138888888889,0.002956293899157192,178.0,0.30337078651685395,0.15730337078651685,0.4943820224719101,0.8456297601139691
small_long,rotatable_xlink,r0016,7.1,pulse_07,0.8599522727272727,2.4532479374188014,0.037149906367041206,0.037149906367041206,1.0,0.125,0.25719108359977,0.0018446180555555555,0.024043181175552302,176.0,0.29545454545454536,0.1477272727272727,0.4545454545454544,0.835917851532793
small_long,rotatable_xlink,r0016,7.15,pulse_07,1.02545,2.317857732062959,0.026895643939393938,0.026895643939393938,1.0,0.17391304347826086,0.28740256943171044,0.0018229166666666667,0.0368575202660418,176.0,0.2954545454545454,0.12500000000000003,0.43181818181818193,0.8606070568298747
small_long,rotatable_xlink,r0016,7.2,pulse_07,1.0213261363636363,2.2321028158225507,0.016637310606060624,0.016637310606060624,1.0,0.13043478260869565,0.27433694416370114,0.0017578125,0.020096767384711816,176.0,0.28409090909090906,0.13636363636363635,0.4545454545454545,0.8374254837569142
small_long,rotatable_xlink,r0016,7.25,pulse_07,1.1252738636363637,2.43843833637123,0.010363257575757586,0.010363257575757586,1.0,0.17391304347826086,0.25830652119267355,0.001736111111111111,0.044012046231182676,176.0,0.2840909090909091,0.13636363636363638,0.3409090909090909,0.8206279292988342
small_long,rotatable_xlink,r0016,7.3,pulse_07,1.0835056818181819,2.4961750932096467,0.01303200757575762,-0.01303200757575762,1.0,0.15555555555555556,0.3327475335064639,0.0017795138888888889,0.007456028082986362,176.0,0.2954545454545454,0.11363636363636362,0.3636363636363636,0.8588447025279652
small_long,rotatable_xlink,r0016,7.35,pulse_07,1.047081818181818,2.4831745048691483,0.0012047348484848601,-0.0012047348484848601,1.0,0.18181818181818182,0.21859001904827008,0.0016710069444444444,0.0037759110399463816,176.0,0.2954545454545454,0.13636363636363635,0.3522727272727272,0.8679765459545351
small_long,rotatable_xlink,r0016,7.4,pulse_07,1.0762772727272727,2.4735196269699684,0.005264962121212117,0.005264962121212117,1.0,0.15555555555555556,0.30498178647224294,0.0017144097222222222,0.009426246147865877,176.0,0.29545454545454547,0.12499999999999997,0.3295454545454545,0.8597258796789199
small_long,rotatable_xlink,r0016,7.45,pulse_07,1.0786715909090907,2.426617027981953,0.0013196969696969891,-0.0013196969696969891,1.0,0.13636363636363635,0.3221591132055621,0.0017795138888888889,0.010312349013370747,176.0,0.2840909090909091,0.13636363636363638,0.340909090909091,0.8788782322526086
small_long,rotatable_xlink,r0016,7.5,pulse_07,1.0683590909090908,2.411645532889744,0.015280113636363613,-0.015280113636363613,1.0,0.09090909090909091,0.26326579488352553,0.0018229166666666667,0.03475979264557183,176.0,0.26136363636363635,0.14772727272727273,0.36363636363636365,0.8518342288399181
small_long,rotatable_xlink,r0016,7.55,pulse_07,0.986990909090909,2.218058272108522,0.010026136363636326,-0.010026136363636326,1.0,0.13636363636363635,0.31175318239475047,0.0018229166666666667,0.029260980621403625,176.0,0.24999999999999994,0.1477272727272727,0.3522727272727272,0.8367238143242661
small_long,rotatable_xlink,r0016,7.6,pulse_07,1.0082022727272728,2.236079649161322,0.002007386363636362,-0.002007386363636362,1.0,0.09090909090909091,0.2953501200987644,0.0016276041666666667,0.008454761790663623,176.0,0.27272727272727276,0.1590909090909091,0.3636363636363636,0.8545944744813254
small_long,rotatable_xlink,r0016,7.65,pulse_07,0.9749465909090909,2.2687868428525038,0.0011708333333333432,0.0011708333333333432,1.0,0.06666666666666667,0.25895143121229225,0.0018012152777777779,0.008354630651638217,176.0,0.26136363636363635,0.15909090909090903,0.37499999999999994,0.862439693231142
small_long,rotatable_xlink,r0016,7.7,pulse_07,1.0152272727272729,2.2862074330711515,0.00806401515151515,0.00806401515151515,1.0,0.10638297872340426,0.24558083797256802,0.0017795138888888889,0.006024616968350956,176.0,0.27272727272727265,0.14772727272727273,0.375,0.8693334527306462
small_long,rotatable_xlink,r0016,7.75,pulse_07,1.0233306818181818,2.3049345446626095,0.007860037878787862,0.007860037878787862,1.0,0.1111111111111111,0.2315065867365777,0.0018012152777777779,0.005264547915804292,176.0,0.2840909090909091,0.14772727272727273,0.3863636363636363,0.8684522755796914
small_long,rotatable_xlink,r0016,7.8,pulse_07,1.0623875,2.3177947205659772,0.0028556818181817802,-0.0028556818181817802,1.0,0.1111111111111111,0.33457756432482055,0.0018446180555555555,0.0365954232746298,176.0,0.28409090909090906,0.15909090909090906,0.38636363636363635,0.8662606237418108
small_long,rotatable_xlink,r0016,7.85,pulse_07,1.006196590909091,2.0853620050148307,0.0034850378787878444,0.0034850378787878444,1.0,0.125,0.17885804728417826,0.0016927083333333334,0.009244097508865678,176.0,0.3181818181818182,0.1477272727272727,0.4545454545454545,0.835036674381838
small_long,rotatable_xlink,r0016,7.9,pulse_07,1.083297727272727,2.262330135512783,0.018499993469174487,0.018499993469174487,1.0,0.14285714285714285,0.2567415934832693,0.0016927083333333334,0.032713173425726515,176.0,0.3181818181818181,0.15909090909090906,0.38636363636363635,0.8453459168662123
small_long,rotatable_xlink,r0016,7.95,pulse_07,1.117196551724138,2.28164104556919,0.009620885579937307,-0.009620885579937307,1.0,0.125,0.26761525676267267,0.0017578125,0.0039009206394276705,174.0,0.310344827586207,0.14942528735632185,0.40229885057471276,0.8408917673474351
small_long,rotatable_xlink,r0016,8.0,pulse_07,1.0255724137931033,2.238924611676217,0.030541379310344913,-0.030541379310344913,1.0,0.08333333333333333,0.18474674860419624,0.0016710069444444444,0.014238811297657547,174.0,0.31034482758620696,0.14942528735632185,0.43678160919540243,0.8543641404396564
small_long,rotatable_xlink,r0017,0.0,initial,-0.4663285714285714,2.772514632564755,0.03180119047619049,0.03180119047619049,1.0,0.16666666666666666,0.0,0.00030381944444444445,0.06560949313211821,28.0,0.21428571428571427,0.35714285714285715,0.5,0.5796487597136696
small_long,rotatable_xlink,r0017,0.05,initial,-0.37092499999999995,2.5756861531684003,0.04978902116402115,0.04978902116402115,1.0,0.07692307692307693,0.38072483337952645,0.00034722222222222224,0.019134460065951393,32.0,0.1875,0.375,0.4375,0.5931734660241835
small_long,rotatable_xlink,r0017,0.1,initial,-0.16759444444444455,2.6577078721690466,0.10572166666666666,0.10572166666666666,1.0,0.14285714285714285,0.6284384785054545,0.000390625,0.004142174497481221,36.0,0.16666666666666669,0.3333333333333333,0.38888888888888884,0.6244460107688755
small_long,rotatable_xlink,r0017,0.15000000000000002,initial,0.263405,2.6005392001532877,0.15905532407407408,0.15905532407407408,1.0,-0.07692307692307693,0.536412226506159,0.0004123263888888889,0.0011951974457948082,40.0,0.25,0.3,0.4,0.6678228590264573
small_long,rotatable_xlink,r0017,0.2,initial,0.7867375,2.6648790568438154,0.14662305555555558,0.14662305555555558,1.0,0.0,0.5576830298925054,0.0004557291666666667,0.058171309880280964,48.0,0.3333333333333333,0.25,0.4166666666666667,0.672520962525053
small_long,rotatable_xlink,r0017,0.25,initial,1.1431433333333334,2.251511340871602,0.10019947916666666,0.10019947916666666,1.0,0.058823529411764705,0.6902049579164953,0.0006076388888888889,0.07234932697034131,60.0,0.34482758620689663,0.20689655172413796,0.3793103448275862,0.7247976973777482
small_long,rotatable_xlink,r0017,0.30000000000000004,initial,1.387934375,2.2307830950217675,0.14195539039039032,0.14195539039039032,1.0,0.1111111111111111,0.6621589279256818,0.0006510416666666666,0.029309945928543673,64.0,0.375,0.1875,0.34375,0.7414668325302294
small_long,rotatable_xlink,r0017,0.35000000000000003,initial,1.9948756756756754,2.427371016442864,0.12988900767543857,0.12988900767543857,1.0,0.391304347826087,0.45714584385293877,0.0007378472222222222,0.02016888390767539,74.0,0.43243243243243235,0.13513513513513511,0.29729729729729726,0.7812779616005234
small_long,rotatable_xlink,r0017,0.4,initial,2.1672684210526314,2.35179639846782,0.07389697072072081,0.07389697072072081,1.0,0.44,0.4077698960242068,0.0007595486111111111,0.025539668307896484,76.0,0.47368421052631576,0.13157894736842107,0.28947368421052627,0.7405779902162617
small_long,rotatable_xlink,r0017,0.45,initial,2.4382575,2.274133006595485,0.08572700228832957,0.08572700228832957,1.0,0.46153846153846156,0.7180080892970884,0.0007378472222222222,0.024752740695161164,80.0,0.5,0.125,0.275,0.748851244228449
small_long,rotatable_xlink,r0017,0.5,initial,2.6816304347826088,2.203279954296853,0.043198927304964586,0.043198927304964586,1.0,0.5333333333333333,0.5592040547179441,0.0009331597222222223,0.02690713282222612,92.0,0.5000000000000001,0.10869565217391305,0.23913043478260873,0.7859946451928961
small_long,rotatable_xlink,r0017,0.55,initial,2.6974510638297877,2.1126902096621283,0.015959960215970497,0.015959960215970497,1.0,0.5625,0.5259968645816611,0.0009114583333333333,0.02441314018972311,94.0,0.5319148936170213,0.10638297872340426,0.23404255319148942,0.7607634839871688
small_long,rotatable_xlink,r0017,0.6000000000000001,initial,2.7773901960784317,2.056801113158514,0.012613604746317305,0.012613604746317305,1.0,0.5625,0.5572316890323002,0.0009765625,0.006120297014737819,102.0,0.5294117647058825,0.09803921568627452,0.2156862745098039,0.7646550454105131
small_long,rotatable_xlink,r0017,0.65,initial,2.7731326923076915,2.149411991750555,0.019418609295570006,0.019418609295570006,1.0,0.5625,0.5504539305215439,0.0009982638888888888,4.784482532627088e-05,104.0,0.5384615384615383,0.09615384615384615,0.2115384615384615,0.7997593285103577
small_long,rotatable_xlink,r0017,0.7000000000000001,initial,2.893901851851852,2.057088182110472,0.01684970279720292,0.01684970279720292,1.0,0.5294117647058824,0.5071944328871825,0.0010199652777777778,0.03012360079228012,108.0,0.537037037037037,0.09259259259259259,0.20370370370370366,0.7876453784705426
small_long,rotatable_xlink,r0017,0.75,initial,2.874230909090909,1.9686703869968745,0.0028281874298539864,-0.0028281874298539864,1.0,0.6,0.4726066808457363,0.0011067708333333333,0.01482235061953959,110.0,0.509090909090909,0.09090909090909091,0.18181818181818185,0.7634191665084098
small_long,rotatable_xlink,r0017,0.8,initial,2.876932727272728,1.9681540783932343,0.03150892894461865,0.03150892894461865,1.0,0.5555555555555556,0.36050989571647685,0.0010850694444444445,0.010839402017532787,110.0,0.5272727272727273,0.09090909090909091,0.20000000000000004,0.8019859665931723
small_long,rotatable_xlink,r0017,0.8500000000000001,initial,3.063284482758621,2.033706799102071,0.043273641499743075,0.043273641499743075,1.0,0.5789473684210527,0.41828519773382095,0.0010850694444444445,0.0026043629059752846,116.0,0.5517241379310346,0.08620689655172414,0.18965517241379315,0.8024972169570229
small_long,rotatable_xlink,r0017,0.9,initial,3.1365745762711863,1.983780255829086,0.01827591954022978,0.01827591954022978,1.0,0.5897435897435898,0.431121322372477,0.001171875,0.004679884004828623,118.0,0.5423728813559322,0.0847457627118644,0.20338983050847456,0.7907289825008919
small_long,rotatable_xlink,r0017,0.9500000000000001,initial,3.1729399999999996,2.0056274950730995,0.002574237288135587,0.002574237288135587,1.0,0.5897435897435898,0.35871380905250905,0.001171875,0.008639945595602586,120.0,0.55,0.08333333333333333,0.2,0.8103906516970438
small_long,rotatable_xlink,r0017,1.0,initial,3.15202,2.0356199294027015,0.006973333333333276,-0.006973333333333276,1.0,0.6097560975609756,0.3583763716884462,0.0011284722222222221,0.00999747810986736,120.0,0.5666666666666667,0.08333333333333333,0.2,0.7765013255839416
small_long,rotatable_xlink,r0017,1.05,pulse_01,3.2946803030303022,1.8636589734572415,0.0089358585858584,-0.0089358585858584,1.0,0.6444444444444445,0.2901106088672538,0.0012803819444444444,0.00747905411818343,132.0,0.5757575757575759,0.07575757575757576,0.18181818181818185,0.8203788470688502
small_long,rotatable_xlink,r0017,1.1,pulse_01,3.267872727272727,1.8412218111026912,0.030934595959595912,-0.030934595959595912,1.0,0.6444444444444445,0.2135674238848076,0.0012803819444444444,0.006490351270308725,132.0,0.590909090909091,0.07575757575757576,0.18181818181818185,0.799396354283759
small_long,rotatable_xlink,r0017,1.15,pulse_01,3.1090727272727268,1.8247168658353892,0.034804040404040316,-0.034804040404040316,1.0,0.6444444444444445,0.337688627840346,0.0012803819444444444,0.0001634868907059254,132.0,0.5757575757575759,0.07575757575757576,0.18181818181818185,0.816459175922565
small_long,rotatable_xlink,r0017,1.2,pulse_01,3.059048484848485,1.8422027324469268,0.004335753052917113,-0.004335753052917113,1.0,0.6363636363636364,0.4286436562197743,0.0012586805555555556,0.011184846977313109,132.0,0.5757575757575757,0.07575757575757576,0.18181818181818185,0.810792205193712
small_long,rotatable_xlink,r0017,1.25,pulse_01,3.083058208955224,1.8918259476992678,0.012446508563899839,0.012446508563899839,1.0,0.6170212765957447,0.3506085366614262,0.001345486111111111,0.00873340206007108,134.0,0.5820895522388059,0.07462686567164178,0.1791044776119403,0.8107493180705765
small_long,rotatable_xlink,r0017,1.3,pulse_01,3.133727536231884,1.7898023200865003,0.021224598024370895,0.021224598024370895,1.0,0.6326530612244898,0.29138133345708117,0.001388888888888889,0.004616823279460558,138.0,0.5797101449275364,0.07246376811594203,0.18840579710144928,0.7945528993869987
small_long,rotatable_xlink,r0017,1.35,pulse_01,3.2104057971014495,1.8641250080225045,0.024088647342995168,0.024088647342995168,1.0,0.673469387755102,0.3300107552569118,0.0013671875,0.02225548688481575,138.0,0.5942028985507247,0.057971014492753624,0.2028985507246377,0.8054532785182581
small_long,rotatable_xlink,r0017,1.4,pulse_01,3.278259420289855,1.6562693987776058,0.03001429203238774,0.03001429203238774,1.0,0.6595744680851063,0.27905861488620615,0.001388888888888889,0.024610901556160858,138.0,0.5942028985507247,0.04347826086956522,0.18840579710144928,0.7896431207677967
small_long,rotatable_xlink,r0017,1.45,pulse_01,3.390491549295776,1.7164595986855393,0.006104181125399677,0.006104181125399677,1.0,0.7083333333333334,0.31817968714169964,0.0014756944444444444,0.006294416413382575,142.0,0.5915492957746478,0.04225352112676056,0.1830985915492958,0.8067795243136354
small_long,rotatable_xlink,r0017,1.5,pulse_01,3.3148845070422532,1.6940358972579013,0.01655469483568095,-0.01655469483568095,1.0,0.7083333333333334,0.355554400159106,0.0014322916666666666,0.0059183951101179355,142.0,0.5774647887323943,0.04225352112676056,0.1830985915492958,0.8120474125967947
small_long,rotatable_xlink,r0017,1.55,pulse_01,3.29116338028169,1.751969969346247,0.006452807384849694,0.006452807384849694,1.0,0.7083333333333334,0.29704853713781604,0.0013671875,0.027662114970982254,142.0,0.5774647887323944,0.04225352112676056,0.1830985915492958,0.8111777378070336
small_long,rotatable_xlink,r0017,1.6,pulse_01,3.3536013513513514,1.8600085870837948,0.012847989251297154,0.012847989251297154,1.0,0.6923076923076923,0.24357180254704724,0.0014539930555555556,0.021500398464403363,148.0,0.5945945945945945,0.040540540540540536,0.17567567567567566,0.803970153515944
small_long,rotatable_xlink,r0017,1.65,pulse_01,3.368251315789473,1.880972360132667,0.009290683865683805,0.009290683865683805,1.0,0.6981132075471698,0.22102438994673146,0.0014322916666666666,0.0009930117000729322,152.0,0.6052631578947368,0.039473684210526314,0.17105263157894735,0.794953675314862
small_long,rotatable_xlink,r0017,1.7000000000000002,pulse_01,3.4093454545454542,1.8659666572842324,0.0031358196627933044,0.0031358196627933044,1.0,0.7037037037037037,0.21342381215478498,0.001584201388888889,0.0027049894957188827,154.0,0.5974025974025974,0.03896103896103896,0.16883116883116883,0.7852256779330729
small_long,rotatable_xlink,r0017,1.75,pulse_01,3.387066233766233,1.8972022971069804,0.010361038961038904,-0.010361038961038904,1.0,0.7037037037037037,0.2891165800406884,0.0015625,0.010309565881020352,154.0,0.5974025974025974,0.03896103896103896,0.16883116883116886,0.8287973321377251
small_long,rotatable_xlink,r0017,1.8,pulse_01,3.347179220779221,1.9278240525703545,0.010491492684530757,0.010491492684530757,1.0,0.6981132075471698,0.1697610002752342,0.0014973958333333334,0.009782832415951459,154.0,0.5974025974025974,0.03896103896103896,0.16883116883116883,0.8067037775183018
small_long,rotatable_xlink,r0017,1.85,pulse_01,3.4500151898734175,1.9558992916026892,0.005196146130292438,0.005196146130292438,1.0,0.7090909090909091,0.3013939499616048,0.0015625,0.009692650527670913,158.0,0.6075949367088608,0.0379746835443038,0.16455696202531647,0.8220788705765273
small_long,rotatable_xlink,r0017,1.9,pulse_01,3.3783560975609754,1.98597995573638,0.024307612946382617,-0.024307612946382617,1.0,0.7,0.2303631815592907,0.0016493055555555556,0.005178513690268893,164.0,0.597560975609756,0.048780487804878044,0.19512195121951217,0.7988434021698899
small_long,rotatable_xlink,r0017,1.9500000000000002,pulse_01,3.304169512195122,1.9248282094610758,0.02957661866980114,-0.02957661866980114,1.0,0.6896551724137931,0.20584285578339814,0.0016276041666666667,0.020308570009669458,164.0,0.5555555555555556,0.04938271604938271,0.19753086419753085,0.8091130000388423
small_long,rotatable_xlink,r0017,2.0,pulse_01,3.2008963855421686,1.8641285356783632,0.0344243755509844,-0.0344243755509844,1.0,0.7049180327868853,0.2358302740199282,0.001584201388888889,0.020233224594237525,166.0,0.5783132530120482,0.048192771084337345,0.19277108433734932,0.8271738498728634
small_long,rotatable_xlink,r0017,2.05,pulse_02,3.2878068965517246,1.8253779738725027,0.003346238244514262,-0.003346238244514262,1.0,0.7096774193548387,0.21845465119791077,0.001736111111111111,0.02603003337351099,174.0,0.5862068965517242,0.04597701149425288,0.18390804597701152,0.831097683529202
small_long,rotatable_xlink,r0017,2.1,pulse_02,3.277768181818182,1.7472878737519697,0.014286542683714357,-0.014286542683714357,1.0,0.7230769230769231,0.2150677911472799,0.0017144097222222222,0.02632367667984729,176.0,0.5681818181818181,0.045454545454545456,0.1818181818181818,0.8204069217514661
small_long,rotatable_xlink,r0017,2.15,pulse_02,3.2020876404494385,1.667435913793419,0.01643102655771204,-0.01643102655771204,1.0,0.7230769230769231,0.1705039301452403,0.0018012152777777779,0.018140169274083944,178.0,0.5617977528089886,0.0449438202247191,0.19101123595505623,0.8259416058635649
small_long,rotatable_xlink,r0017,2.2,pulse_02,3.1791820224719096,1.638446858107466,0.07273942155638784,-0.07273942155638784,1.0,0.7096774193548387,0.1807321330995355,0.001736111111111111,0.002847146535543188,178.0,0.5568181818181819,0.04545454545454546,0.19318181818181818,0.8424525955956838
small_long,rotatable_xlink,r0017,2.25,pulse_02,2.7656511111111115,1.6503530345801598,0.132090707449022,-0.132090707449022,1.0,0.6129032258064516,0.21650482178033942,0.0018446180555555555,0.0007015809779504038,180.0,0.5111111111111113,0.10000000000000002,0.20000000000000004,0.8521325376044835
small_long,rotatable_xlink,r0017,2.3,pulse_02,2.3866377777777776,1.6342373722397636,0.10118777777777781,-0.10118777777777781,1.0,0.6129032258064516,0.23973126441642334,0.0017578125,0.009481540211133233,180.0,0.5111111111111112,0.12222222222222223,0.3000000000000001,0.8311608686734312
small_long,rotatable_xlink,r0017,2.35,pulse_02,2.1585244444444447,1.5934637933133604,0.0347388888888888,-0.0347388888888888,1.0,0.5151515151515151,0.11983831126935049,0.0016710069444444444,0.008183901364751148,180.0,0.5168539325842697,0.1573033707865169,0.30337078651685395,0.8667388210927218
small_long,rotatable_xlink,r0017,2.4,pulse_02,2.178204444444445,1.5851339640512567,0.004512132682132759,-0.004512132682132759,1.0,0.5151515151515151,0.11390268248880524,0.0018229166666666667,0.005831999871547515,180.0,0.5000000000000001,0.1555555555555556,0.3111111111111113,0.8629269052543067
small_long,rotatable_xlink,r0017,2.45,pulse_02,2.131451648351648,1.6284557925426455,0.002205486365486342,0.002205486365486342,1.0,0.5223880597014925,0.16258111663132135,0.0017795138888888889,0.006405970462005528,182.0,0.4945054945054945,0.14285714285714288,0.31868131868131877,0.8728909753229585
small_long,rotatable_xlink,r0017,2.5,pulse_02,2.191437362637363,1.62356978682329,0.006804029304029384,0.006804029304029384,1.0,0.5454545454545454,0.23291600612348629,0.0018012152777777779,0.00525977228760192,182.0,0.4945054945054945,0.1318681318681319,0.31868131868131877,0.860297250804052
small_long,rotatable_xlink,r0017,2.55,pulse_02,2.1722758241758244,1.596897158817034,0.0069038461538460565,0.0069038461538460565,1.0,0.5757575757575758,0.11467771474381702,0.0017795138888888889,0.011678382719478372,182.0,0.4945054945054945,0.1208791208791209,0.30769230769230776,0.8500863184680144
small_long,rotatable_xlink,r0017,2.6,pulse_02,2.2328604395604392,1.5534994905064197,0.012029120879120855,0.012029120879120855,1.0,0.59375,0.14259558921128757,0.0018446180555555555,0.006920458803795215,182.0,0.5111111111111112,0.11111111111111113,0.3000000000000001,0.8612491146463092
small_long,rotatable_xlink,r0017,2.65,pulse_02,2.2444505494505496,1.5553744059942627,0.010373260073260004,-0.010373260073260004,1.0,0.59375,0.2185613206511133,0.0018229166666666667,0.007709968543483788,182.0,0.5054945054945055,0.12087912087912092,0.3076923076923078,0.8499127285865751
small_long,rotatable_xlink,r0017,2.7,pulse_02,2.170620879120879,1.507239679245517,0.004999185777990152,-0.004999185777990152,1.0,0.6190476190476191,0.18630142505570113,0.0016493055555555556,0.007545528031670708,182.0,0.4835164835164836,0.12087912087912092,0.30769230769230776,0.8394384036471577
small_long,rotatable_xlink,r0017,2.75,pulse_02,2.2144554347826086,1.5101012378042384,0.05346253782449432,-0.05346253782449432,1.0,0.6451612903225806,0.14985531680276148,0.0018229166666666667,0.03215255452074935,184.0,0.5108695652173914,0.11956521739130437,0.3043478260869566,0.8382461086523144
small_long,rotatable_xlink,r0017,2.8,pulse_02,1.8498456521739133,1.3143243521210208,0.2278603260869565,-0.2278603260869565,1.0,0.5161290322580645,0.12139484662725834,0.001736111111111111,0.07469084891395077,184.0,0.46739130434782616,0.14130434782608697,0.3260869565217392,0.8614465200010847
small_long,rotatable_xlink,r0017,2.85,pulse_02,0.8472934782608696,1.0619561443205339,0.26783768115942036,-0.26783768115942036,1.0,0.35384615384615387,0.20086123006808584,0.0017795138888888889,0.027110582671251732,184.0,0.4130434782608696,0.19565217391304351,0.4347826086956522,0.8521450278582183
small_long,rotatable_xlink,r0017,2.9,pulse_02,0.2428195652173913,1.1516608560935104,0.18915670289855072,-0.18915670289855072,1.0,0.2903225806451613,0.22758117610833803,0.0018663194444444445,0.03841885473573096,184.0,0.3369565217391305,0.2065217391304348,0.48913043478260876,0.8805249179028557
small_long,rotatable_xlink,r0017,2.95,pulse_02,-0.2876467391304348,1.2924692727349196,0.09597817126383042,-0.09597817126383042,1.0,0.12903225806451613,0.23698962995772485,0.0018446180555555555,0.02280821346717965,184.0,0.3369565217391305,0.28260869565217395,0.5869565217391306,0.839931838854141
small_long,rotatable_xlink,r0017,3.0,pulse_02,-0.33304946236559124,1.2885101368965883,0.015134241078385477,-0.015134241078385477,1.0,0.07936507936507936,0.21755537004350992,0.0018663194444444445,0.0013197119461104319,186.0,0.32258064516129037,0.26881720430107525,0.5913978494623655,0.8480785602938445
small_long,rotatable_xlink,r0017,3.05,pulse_03,-0.26674680851063826,1.293607204387597,0.004724468085106404,-0.004724468085106404,1.0,0.014492753623188406,0.23905582446096374,0.001736111111111111,0.035417516129083726,188.0,0.32978723404255306,0.2765957446808511,0.574468085106383,0.8669514678276253
small_long,rotatable_xlink,r0017,3.1,pulse_03,-0.28092021276595747,1.3998597527748482,0.006653191489361693,-0.006653191489361693,1.0,-0.014084507042253521,0.26137952368701517,0.0018880208333333333,0.015397792205217198,188.0,0.3297872340425531,0.26595744680851063,0.574468085106383,0.8367321723671818
small_long,rotatable_xlink,r0017,3.15,pulse_03,-0.3066659574468084,1.3859939576189002,0.00783847517730496,-0.00783847517730496,1.0,0.0,0.1778802392085236,0.001736111111111111,0.006219785468443188,188.0,0.32978723404255306,0.26595744680851063,0.5851063829787233,0.8671899310493845
small_long,rotatable_xlink,r0017,3.2,pulse_03,-0.3279510638297872,1.362541039964189,0.0002579787234042637,-0.0002579787234042637,1.0,-0.05405405405405406,0.1789529028229957,0.0018446180555555555,0.003950633195348534,188.0,0.3085106382978723,0.2872340425531915,0.5851063829787236,0.8516326106972564
small_long,rotatable_xlink,r0017,3.25,pulse_03,-0.308213829787234,1.362290158446809,0.007795744680851054,-0.007795744680851054,1.0,-0.02857142857142857,0.1339297025075486,0.0019097222222222222,0.013500720225157655,188.0,0.31914893617021267,0.29787234042553196,0.5531914893617021,0.8394138684525055
small_long,rotatable_xlink,r0017,3.3,pulse_03,-0.37472553191489355,1.443545361315135,0.018789361702127666,-0.018789361702127666,1.0,-0.02857142857142857,0.16797311595537243,0.0018446180555555555,0.013425048315114152,188.0,0.34042553191489355,0.2978723404255319,0.5851063829787233,0.8524575424981502
small_long,rotatable_xlink,r0017,3.35,pulse_03,-0.42095,1.442840448337494,0.004416843971631205,-0.004416843971631205,1.0,-0.014492753623188406,0.1805800248553691,0.0018663194444444445,0.0014359081370033389,188.0,0.3085106382978723,0.29787234042553196,0.5851063829787236,0.8521214429404698
small_long,rotatable_xlink,r0017,3.4,pulse_03,-0.4012265957446808,1.434929912493115,0.0014095744680850952,-0.0014095744680850952,1.0,0.0,0.12060421672284112,0.001953125,0.0014829779843815727,188.0,0.3191489361702128,0.2872340425531915,0.5851063829787234,0.859677421164333
small_long,rotatable_xlink,r0017,3.45,pulse_03,-0.42940744680851056,1.4339425804312045,0.012668948753145717,0.012668948753145717,1.0,-0.08333333333333333,0.1190258900811529,0.0019314236111111112,0.0015874542849778257,188.0,0.3085106382978723,0.297872340425532,0.5851063829787235,0.8526102751836828
small_long,rotatable_xlink,r0017,3.5,pulse_03,-0.3252129032258065,1.444454638202982,0.031082961564859287,0.031082961564859287,1.0,0.046153846153846156,0.17390140337450524,0.0018880208333333333,0.0088585513242078,186.0,0.31182795698924726,0.26881720430107525,0.5806451612903224,0.838493434923802
small_long,rotatable_xlink,r0017,3.55,pulse_03,-0.24290967741935485,1.4870938883764513,0.03066465053763442,0.03066465053763442,1.0,0.030303030303030304,0.0851082302506842,0.0018663194444444445,0.0030934168448819945,186.0,0.3225806451612903,0.29032258064516125,0.5376344086021504,0.8253806768952405
small_long,rotatable_xlink,r0017,3.6,pulse_03,-0.14122499999999996,1.463015139272274,0.010400163627863487,0.010400163627863487,1.0,0.014925373134328358,0.10708792090181246,0.0018012152777777779,0.00044435583199331496,184.0,0.3369565217391305,0.28260869565217395,0.5217391304347827,0.839931838854141
small_long,rotatable_xlink,r0017,3.65,pulse_03,-0.18050869565217392,1.4897600233684112,0.014025228937728946,0.014025228937728946,1.0,0.014925373134328358,0.13384523757194466,0.0018012152777777779,0.0034055938206328795,184.0,0.32608695652173914,0.2934782608695653,0.5217391304347827,0.8229545213939395
small_long,rotatable_xlink,r0017,3.7,pulse_03,-0.05707362637362629,1.4834487021960712,0.02147635770027073,0.02147635770027073,1.0,0.0,0.12293921711528694,0.0016927083333333334,0.0007062462309329979,182.0,0.3296703296703297,0.28571428571428575,0.5164835164835165,0.8245798100183361
small_long,rotatable_xlink,r0017,3.75,pulse_03,-0.05165054945054955,1.4939975007540092,0.0035307692307692136,0.0035307692307692136,1.0,0.030303030303030304,0.09054653502401502,0.0017578125,0.0024832128188020017,182.0,0.3186813186813186,0.28571428571428564,0.5054945054945053,0.8229081583711817
small_long,rotatable_xlink,r0017,3.8,pulse_03,-0.03588901098901101,1.4983479791088832,0.017254761904761898,-0.017254761904761898,1.0,0.030303030303030304,0.1037702908536667,0.0018663194444444445,0.00047793497423835135,182.0,0.31868131868131866,0.27472527472527475,0.5054945054945055,0.8476756928809027
small_long,rotatable_xlink,r0017,3.85,pulse_03,-0.15517912087912095,1.491129890908579,0.05130311355311353,-0.05130311355311353,1.0,0.015873015873015872,0.053859372668507634,0.0018663194444444445,0.0031083509019485347,182.0,0.30769230769230776,0.2637362637362638,0.5274725274725274,0.8561871401655432
small_long,rotatable_xlink,r0017,3.9,pulse_03,-0.34370769230769216,1.5169980845205744,0.041061721611721586,-0.041061721611721586,1.0,0.0,0.15687718957657631,0.001736111111111111,0.009447391583734088,182.0,0.30769230769230776,0.2967032967032968,0.5494505494505495,0.854628641933201
small_long,rotatable_xlink,r0017,3.95,pulse_03,-0.40154945054945046,1.5478142404109836,0.010851652421652406,0.010851652421652406,1.0,-0.04477611940298507,0.09111891739130293,0.0018229166666666667,0.0020834781839655183,182.0,0.29670329670329676,0.3186813186813187,0.5494505494505495,0.8498399938213621
small_long,rotatable_xlink,r0017,4.0,pulse_03,-0.2785977777777777,1.5294989536243675,0.04098389092389091,0.04098389092389091,1.0,0.015873015873015872,0.16284592540618031,0.0017578125,0.006105095595538697,180.0,0.31111111111111117,0.2888888888888889,0.5444444444444445,0.8079433059374315
small_long,rotatable_xlink,r0017,4.05,pulse_04,-0.16288804347826097,1.4686621342843835,0.0011865942028984981,-0.0011865942028984981,1.0,0.046153846153846156,0.09815356827496513,0.0018012152777777779,0.0135988527519193,184.0,0.3478260869565218,0.30434782608695654,0.5326086956521741,0.7919343963879563
small_long,rotatable_xlink,r0017,4.1,pulse_04,-0.16644782608695646,1.5094586925401414,0.008857246376811618,0.008857246376811618,1.0,0.029411764705882353,0.13424084562373667,0.0018446180555555555,0.012045939664799535,184.0,0.34782608695652173,0.30434782608695654,0.532608695652174,0.8350235382303549
small_long,rotatable_xlink,r0017,4.15,pulse_04,-0.10974456521739126,1.5409377722731807,0.02488471094123268,0.02488471094123268,1.0,0.12121212121212122,0.14000776636359896,0.0017795138888888889,0.007909221652239284,184.0,0.3369565217391305,0.30434782608695654,0.5326086956521741,0.8291607328470493
small_long,rotatable_xlink,r0017,4.2,pulse_04,-0.01713956043956039,1.5569140224535771,0.018163471492275828,0.018163471492275828,1.0,0.16923076923076924,0.10717091888468801,0.0017578125,0.004561682981981674,182.0,0.34065934065934067,0.28571428571428575,0.5274725274725276,0.8313190374863665
small_long,rotatable_xlink,r0017,4.25,pulse_04,-0.0007637362637362797,1.5683078701650708,0.00622765567765568,0.00622765567765568,1.0,0.16923076923076924,0.15557180261267078,0.0017578125,0.012202711869231164,182.0,0.3516483516483517,0.28571428571428575,0.5384615384615385,0.8327039458372693
small_long,rotatable_xlink,r0017,4.3,pulse_04,0.020226373626373688,1.6301302936689641,0.009653663003663016,0.009653663003663016,1.0,0.13846153846153847,0.12896074300895227,0.0017578125,0.01541198577998859,182.0,0.36263736263736274,0.2857142857142858,0.5384615384615385,0.8351547031272093
small_long,rotatable_xlink,r0017,4.35,pulse_04,0.057158241758241815,1.6607797848450023,0.007353479853479842,0.007353479853479842,1.0,0.12121212121212122,0.18412972033077948,0.0017795138888888889,0.001967796196834515,182.0,0.3736263736263737,0.2857142857142858,0.5384615384615385,0.8335962048948671
small_long,rotatable_xlink,r0017,4.4,pulse_04,0.06434725274725274,1.6419370708499712,0.006928811558811569,0.006928811558811569,1.0,0.13846153846153847,0.13749728086982482,0.0017578125,0.004375417153198187,182.0,0.3777777777777778,0.27777777777777785,0.5333333333333334,0.8468990673649646
small_long,rotatable_xlink,r0017,4.45,pulse_04,0.09873111111111123,1.6870322877641915,0.000604902319902329,0.000604902319902329,1.0,0.09090909090909091,0.2071689583948656,0.0017144097222222222,0.012019722409828404,180.0,0.36666666666666664,0.30000000000000004,0.5333333333333333,0.8298341153812338
small_long,rotatable_xlink,r0017,4.5,pulse_04,0.06797666666666671,1.7140554053089416,0.0003344444444444312,0.0003344444444444312,1.0,0.07462686567164178,0.152241253131508,0.0017795138888888889,0.006652697496110156,180.0,0.3555555555555556,0.30000000000000004,0.5333333333333332,0.8475397438785728
small_long,rotatable_xlink,r0017,4.55,pulse_04,0.10073777777777781,1.7269484727408524,0.02493310237203493,0.02493310237203493,1.0,0.07462686567164178,0.183163513578796,0.0018012152777777779,0.010048116558692902,180.0,0.36666666666666675,0.31111111111111117,0.5333333333333333,0.8579095312833251
small_long,rotatable_xlink,r0017,4.6,pulse_04,0.2175752808988763,1.774344104661099,0.023533404078235537,0.023533404078235537,1.0,0.09090909090909091,0.15337382948139774,0.0017795138888888889,0.013078192900877158,178.0,0.3707865168539325,0.3033707865168539,0.5280898876404494,0.8198763009854186
small_long,rotatable_xlink,r0017,4.65,pulse_04,0.24193820224719104,1.8054176301461153,0.01538309712291456,0.01538309712291456,1.0,0.07246376811594203,0.12382978123034824,0.0018012152777777779,0.014253004831561,178.0,0.3707865168539325,0.30337078651685395,0.5280898876404494,0.8656441436506623
small_long,rotatable_xlink,r0017,4.7,pulse_04,0.30987386363636366,1.859862133650465,0.017480943564862118,0.017480943564862118,1.0,0.14705882352941177,0.1416611897495775,0.001736111111111111,0.00602200881832915,176.0,0.37499999999999994,0.29545454545454547,0.5227272727272727,0.8417509261630356
small_long,rotatable_xlink,r0017,4.75,pulse_04,0.34682386363636375,1.8415496830560902,0.005104166666666669,0.005104166666666669,1.0,0.15151515151515152,0.21305623494114298,0.001736111111111111,0.00864842728169927,176.0,0.3908045977011495,0.2988505747126437,0.517241379310345,0.8466103177870945
small_long,rotatable_xlink,r0017,4.8,pulse_04,0.34049886363636367,1.8079715699602694,0.005611174242424262,-0.005611174242424262,1.0,0.13432835820895522,0.1506517621126753,0.0018663194444444445,0.00018544777763473963,176.0,0.37499999999999994,0.28409090909090906,0.5227272727272725,0.8535965831418276
small_long,rotatable_xlink,r0017,4.85,pulse_04,0.3131568181818182,1.8426623697218987,0.010000378787878803,-0.010000378787878803,1.0,0.15151515151515152,0.20688138907667603,0.0018446180555555555,0.008034049677287344,176.0,0.3863636363636363,0.30681818181818177,0.5227272727272727,0.851178991496455
small_long,rotatable_xlink,r0017,4.9,pulse_04,0.28049659090909085,1.8561758680239935,0.003450946969696981,-0.003450946969696981,1.0,0.11764705882352941,0.17263171266016583,0.0017578125,0.003200474798376115,176.0,0.3749999999999999,0.3181818181818182,0.5227272727272727,0.8648572848765145
small_long,rotatable_xlink,r0017,4.95,pulse_04,0.2924511363636363,1.8618652185121554,0.010007386363636355,-0.010007386363636355,1.0,0.08823529411764706,0.19754741090369188,0.0016276041666666667,0.004830684718483247,176.0,0.3749999999999999,0.3068181818181817,0.5227272727272727,0.8558346670688936
small_long,rotatable_xlink,r0017,5.0,pulse_04,0.22045227272727272,1.885159976334893,0.02399962121212119,-0.02399962121212119,1.0,0.07246376811594203,0.20796853301497809,0.0017578125,0.007764919274245867,176.0,0.3636363636363637,0.3068181818181818,0.5227272727272728,0.8475840007932783
small_long,rotatable_xlink,r0017,5.05,pulse_05,0.39515326086956515,1.7501843800814294,0.019626811594202914,0.019626811594202914,1.0,0.12,0.23975858279688925,0.0018446180555555555,0.005877364522043497,184.0,0.39130434782608703,0.3043478260869566,0.48913043478260876,0.8657556027287984
small_long,rotatable_xlink,r0017,5.1,pulse_05,0.4540336956521739,1.76781647364756,0.006804710144927552,0.006804710144927552,1.0,0.1388888888888889,0.22221754726324439,0.0017795138888888889,0.001417843786983064,184.0,0.4021739130434783,0.2934782608695653,0.48913043478260876,0.8619062835435264
small_long,rotatable_xlink,r0017,5.15,pulse_05,0.43598152173913046,1.741677317359531,0.007034963768115937,-0.007034963768115937,1.0,0.1506849315068493,0.20305650430961844,0.0018663194444444445,0.0006294115266557432,184.0,0.39130434782608703,0.2934782608695653,0.48913043478260876,0.8551561997566086
small_long,rotatable_xlink,r0017,5.2,pulse_05,0.41182391304347826,1.7640400044876254,0.010014130434782609,0.010014130434782609,1.0,0.15492957746478872,0.1758110340494759,0.0018446180555555555,0.0017852312808337063,184.0,0.3804347826086957,0.29347826086956524,0.48913043478260876,0.8271916599517144
small_long,rotatable_xlink,r0017,5.25,pulse_05,0.4960663043478261,1.7309659296745288,0.01384637681159421,0.01384637681159421,1.0,0.11764705882352941,0.2430071035158683,0.0017795138888888889,0.002347527206202571,184.0,0.4021739130434783,0.2934782608695653,0.47826086956521746,0.8504196021677245
small_long,rotatable_xlink,r0017,5.3,pulse_05,0.49490217391304353,1.7781251677248409,0.006958514492753633,0.006958514492753633,1.0,0.14285714285714285,0.22209183062592278,0.0018446180555555555,0.004106346049152683,184.0,0.391304347826087,0.29347826086956524,0.4891304347826087,0.8687392437599485
small_long,rotatable_xlink,r0017,5.35,pulse_05,0.5378173913043479,1.7556040059694449,0.0016994565217391122,0.0016994565217391122,1.0,0.07042253521126761,0.22210334613244842,0.0018229166666666667,0.0037997921144526567,184.0,0.39130434782608703,0.2934782608695653,0.48913043478260876,0.8773695738368035
small_long,rotatable_xlink,r0017,5.4,pulse_05,0.5050989130434782,1.755326415038125,0.0028719202898550753,-0.0028719202898550753,1.0,0.04225352112676056,0.22670964909472935,0.0017795138888888889,0.0028065747788669584,184.0,0.39130434782608703,0.29347826086956524,0.46739130434782616,0.8510907642337359
small_long,rotatable_xlink,r0017,5.45,pulse_05,0.5205858695652175,1.7724434546426466,0.00313315217391306,0.00313315217391306,1.0,0.04225352112676056,0.2446672846962296,0.0018663194444444445,0.01694157560289326,184.0,0.39130434782608703,0.2934782608695653,0.46739130434782616,0.8425720738154872
small_long,rotatable_xlink,r0017,5.5,pulse_05,0.5238978260869566,1.8569758686554845,0.0018690217391304498,-0.0018690217391304498,1.0,0.13043478260869565,0.24578756173011304,0.0018663194444444445,0.01570291166346231,184.0,0.39130434782608703,0.29347826086956524,0.45652173913043487,0.8504196021677246
small_long,rotatable_xlink,r0017,5.55,pulse_05,0.5093717391304348,1.8666609246234205,0.006088949275362317,-0.006088949275362317,1.0,0.10144927536231885,0.234563612508927,0.0018446180555555555,0.0002579346066583869,184.0,0.39130434782608703,0.3043478260869566,0.45652173913043487,0.8629880780352491
small_long,rotatable_xlink,r0017,5.6,pulse_05,0.48736413043478266,1.8585234762954348,0.0014028985507246554,0.0014028985507246554,1.0,0.1267605633802817,0.22733328635531325,0.0018880208333333333,0.002492453392448376,184.0,0.3804347826086957,0.3152173913043479,0.45652173913043487,0.8600369695131547
small_long,rotatable_xlink,r0017,5.65,pulse_05,0.5177891304347827,1.8816156449781107,0.0438018115942029,-0.0438018115942029,1.0,0.13157894736842105,0.273460797661519,0.0017578125,0.017384909507935697,184.0,0.39130434782608703,0.3152173913043479,0.45652173913043487,0.8611907081748164
small_long,rotatable_xlink,r0017,5.7,pulse_05,0.22455326086956526,1.962832933343049,0.09374635690396561,-0.09374635690396561,1.0,0.07246376811594203,0.1637958124420274,0.0017795138888888889,0.058332602249829425,184.0,0.34782608695652184,0.2934782608695653,0.45652173913043487,0.8749454552130582
small_long,rotatable_xlink,r0017,5.75,pulse_05,-0.04468901098901102,2.2316112584770873,0.07378360208631947,-0.07378360208631947,1.0,0.0,0.22195685911487584,0.0016710069444444444,0.0623931320346246,182.0,0.27472527472527475,0.3076923076923078,0.43956043956043966,0.8427412882918672
small_long,rotatable_xlink,r0017,5.8,pulse_05,-0.2181483516483516,2.3371917255507966,0.039140109890109874,-0.039140109890109874,1.0,-0.10714285714285714,0.24675418331812443,0.001736111111111111,0.010013879410620893,182.0,0.19780219780219782,0.30769230769230776,0.4395604395604396,0.8576729036326722
small_long,rotatable_xlink,r0017,5.85,pulse_05,-0.27952967032967024,2.2916945349408127,0.013832051282051292,-0.013832051282051292,1.0,-0.08771929824561403,0.4186882460186839,0.001736111111111111,0.013832466602425875,182.0,0.19780219780219782,0.29670329670329676,0.4395604395604396,0.8633136790992807
small_long,rotatable_xlink,r0017,5.9,pulse_05,-0.30114065934065937,2.2541969259362413,0.011551831501831497,-0.011551831501831497,1.0,-0.10714285714285714,0.4616129885777426,0.0017795138888888889,0.0031117090398363376,182.0,0.19780219780219782,0.2967032967032967,0.45054945054945045,0.844053461877557
small_long,rotatable_xlink,r0017,5.95,pulse_05,-0.3488406593406592,2.2730242807017946,0.01999981684981685,-0.01999981684981685,1.0,-0.10714285714285714,0.3970717026933691,0.0017578125,0.002573454757008579,182.0,0.2087912087912088,0.28571428571428575,0.4945054945054945,0.872430929092038
small_long,rotatable_xlink,r0017,6.0,pulse_05,-0.42113956043956047,2.269637654478293,0.02409963369963375,-0.02409963369963375,1.0,-0.12727272727272726,0.279365453479363,0.0018446180555555555,0.001128875407833944,182.0,0.19780219780219782,0.2747252747252748,0.5274725274725276,0.8646258526849704
small_long,rotatable_xlink,r0017,6.05,pulse_06,-0.2651361702127659,2.292191719968481,0.003868439716312085,-0.003868439716312085,1.0,-0.06896551724137931,0.3447163137719274,0.0018446180555555555,0.0022483017041346662,188.0,0.22340425531914893,0.26595744680851063,0.5,0.8743663413767555
small_long,rotatable_xlink,r0017,6.1,pulse_06,-0.2767414893617022,2.298936625080885,0.001716312056737603,-0.001716312056737603,1.0,-0.06896551724137931,0.36204389378952057,0.0018663194444444445,0.0005863451879836538,188.0,0.22340425531914895,0.26595744680851063,0.5106382978723405,0.8510191970140145
small_long,rotatable_xlink,r0017,6.15,pulse_06,-0.27543404255319154,2.295709791096383,0.0013855582246625198,-0.0013855582246625198,1.0,-0.08771929824561403,0.32174723789363635,0.0018012152777777779,0.0017467507339263832,188.0,0.22340425531914893,0.276595744680851,0.5106382978723404,0.8681241271969994
small_long,rotatable_xlink,r0017,6.2,pulse_06,-0.2850548387096773,2.288456120677327,0.07624683520170823,-0.07624683520170823,1.0,-0.09090909090909091,0.34767013525818846,0.0018663194444444445,0.04408680895549651,186.0,0.2258064516129032,0.25806451612903225,0.5053763440860215,0.8791441177554558
small_long,rotatable_xlink,r0017,6.25,pulse_06,-0.7329150537634409,2.031188937363404,0.12775752688172043,-0.12775752688172043,1.0,-0.32,0.3352449792016375,0.0019097222222222222,0.10128872945604357,186.0,0.17204301075268816,0.25806451612903225,0.5913978494623655,0.8397773897227028
small_long,rotatable_xlink,r0017,6.3,pulse_06,-1.0515999999999999,1.6807237439410654,0.08926995480754246,-0.08926995480754246,1.0,-0.38181818181818183,0.4032157864877367,0.0017795138888888889,0.10766110936213875,184.0,0.17391304347826086,0.30434782608695654,0.7173913043478262,0.8575803183803538
small_long,rotatable_xlink,r0017,6.35,pulse_06,-1.2685347826086957,1.3852222811905714,0.044212318840579745,-0.044212318840579745,1.0,-0.40350877192982454,0.36082423107458445,0.0018446180555555555,0.05774827100016625,184.0,0.17391304347826092,0.3043478260869566,0.7826086956521741,0.8579681377528566
small_long,rotatable_xlink,r0017,6.4,pulse_06,-1.3168739130434783,1.3342341179400679,0.011437681159420269,-0.011437681159420269,1.0,-0.41818181818181815,0.4469742428423927,0.0017578125,0.007367629100378211,184.0,0.17391304347826086,0.30434782608695654,0.782608695652174,0.8566702269235331
small_long,rotatable_xlink,r0017,6.45,pulse_06,-1.3371608695652173,1.3410165065883022,0.00517952898550722,-0.00517952898550722,1.0,-0.41818181818181815,0.4213159843333622,0.0018880208333333333,0.006628533433774601,184.0,0.17391304347826092,0.3043478260869566,0.7717391304347828,0.8525603780979615
small_long,rotatable_xlink,r0017,6.5,pulse_06,-1.3479510869565217,1.2944629173374202,0.01168822463768123,-0.01168822463768123,1.0,-0.43859649122807015,0.41665940492544545,0.0018229166666666667,0.00912061730806879,184.0,0.17391304347826086,0.31521739130434784,0.782608695652174,0.8451678954741342
small_long,rotatable_xlink,r0017,6.55,pulse_06,-1.4072902173913047,1.2862928027398894,0.00695615942028982,0.00695615942028982,1.0,-0.37037037037037035,0.39096974076861923,0.0016927083333333334,0.00044375196836573166,184.0,0.17391304347826092,0.3152173913043479,0.7717391304347828,0.8584231834812671
small_long,rotatable_xlink,r0017,6.6,pulse_06,-1.3062141304347827,1.2918004055272259,0.012640760869565263,0.012640760869565263,1.0,-0.38181818181818183,0.41182900397536343,0.0018880208333333333,0.008238255276419046,184.0,0.17391304347826086,0.32608695652173914,0.7608695652173914,0.856326820853729
small_long,rotatable_xlink,r0017,6.65,pulse_06,-1.331445652173913,1.3357223343984037,0.030436054706163434,0.030436054706163434,1.0,-0.423728813559322,0.43623393970944196,0.0018880208333333333,0.02436273993608636,184.0,0.17391304347826086,0.3586956521739131,0.7391304347826088,0.8407747039550543
small_long,rotatable_xlink,r0017,6.7,pulse_06,-1.1235978021978021,1.437976845143744,0.029963286351329832,0.029963286351329832,1.0,-0.38181818181818183,0.36468228243820344,0.0018229166666666667,0.016111734652994796,182.0,0.16483516483516486,0.3516483516483517,0.6813186813186813,0.8398304847710067
small_long,rotatable_xlink,r0017,6.75,pulse_06,-1.151665934065934,1.4323927423163725,0.0013210622710622861,-0.0013210622710622861,1.0,-0.39285714285714285,0.39091804142152425,0.0018446180555555555,0.0004410142042021355,182.0,0.16483516483516483,0.3626373626373627,0.6813186813186812,0.863773725330201
small_long,rotatable_xlink,r0017,6.8,pulse_06,-1.1315241758241759,1.4406229303689568,0.0016062271062271167,0.0016062271062271167,1.0,-0.34545454545454546,0.32550984316926895,0.0017144097222222222,0.004103958641245613,182.0,0.1758241758241758,0.3516483516483517,0.6703296703296703,0.8621143719816324
small_long,rotatable_xlink,r0017,6.85,pulse_06,-1.1420285714285714,1.4570164941638462,0.0038419413919413836,-0.0038419413919413836,1.0,-0.38181818181818183,0.3231590697154275,0.0018663194444444445,0.00418624897505826,182.0,0.16483516483516486,0.36263736263736274,0.6703296703296703,0.8483820637584755
small_long,rotatable_xlink,r0017,6.9,pulse_06,-1.1545758241758242,1.4657404242193064,0.002270329670329659,-0.002270329670329659,1.0,-0.32075471698113206,0.3714116132581713,0.0018229166666666667,0.003114608628541552,182.0,0.16483516483516486,0.36263736263736274,0.6703296703296704,0.8572128574017521
small_long,rotatable_xlink,r0017,6.95,pulse_06,-1.1556505494505493,1.4383288423925968,0.0019666666666666353,0.0019666666666666353,1.0,-0.32075471698113206,0.33329965569707015,0.0017795138888888889,7.439227495612914e-06,182.0,0.15384615384615388,0.36263736263736274,0.6593406593406593,0.8747080965005387
small_long,rotatable_xlink,r0017,7.0,pulse_06,-1.1427758241758244,1.4656957888543327,0.004291575091574999,0.004291575091574999,1.0,-0.32075471698113206,0.24184970646883677,0.0018229166666666667,0.009122315487245292,182.0,0.15384615384615385,0.3626373626373627,0.6703296703296702,0.8854846998418648
small_long,rotatable_xlink,r0017,7.05,pulse_07,-0.9937752688172041,1.3833389316317066,0.011949820788530427,0.011949820788530427,1.0,-0.2727272727272727,0.2911088190510601,0.0018012152777777779,6.68498245006699e-05,186.0,0.17204301075268819,0.36559139784946243,0.6344086021505375,0.8597375067577958
small_long,rotatable_xlink,r0017,7.1,pulse_07,-0.9579258064516128,1.3835394811052086,0.003304838709677497,-0.003304838709677497,1.0,-0.2727272727272727,0.37022708087322753,0.0018880208333333333,0.0016878677291369826,186.0,0.18279569892473113,0.3548387096774192,0.6236559139784943,0.8637984965756633
small_long,rotatable_xlink,r0017,7.15,pulse_07,-1.013604301075269,1.3732117252568847,0.008268817204301079,-0.008268817204301079,1.0,-0.2727272727272727,0.2641517604358227,0.0018012152777777779,0.004294714844339779,186.0,0.19354838709677416,0.3655913978494624,0.6236559139784945,0.869772784891427
small_long,rotatable_xlink,r0017,7.2,pulse_07,-1.0075387096774193,1.4093077701712473,0.003718996415770522,-0.003718996415770522,1.0,-0.2727272727272727,0.25926646113896107,0.0018012152777777779,0.004555885204065542,186.0,0.19354838709677416,0.3655913978494624,0.6236559139784945,0.8627555691191859
small_long,rotatable_xlink,r0017,7.25,pulse_07,-1.0359182795698922,1.400547036481278,0.004933154121863755,-0.004933154121863755,1.0,-0.2727272727272727,0.3694943984390314,0.0019314236111111112,0.0027537656336736513,186.0,0.17204301075268816,0.35483870967741943,0.6344086021505376,0.8544271637116346
small_long,rotatable_xlink,r0017,7.3,pulse_07,-1.0371376344086018,1.4258303639732892,0.004020071684587845,-0.004020071684587845,1.0,-0.2857142857142857,0.4533596547730876,0.0018663194444444445,0.004420193488086237,186.0,0.18279569892473116,0.36559139784946243,0.6236559139784945,0.8595237142517819
small_long,rotatable_xlink,r0017,7.35,pulse_07,-1.0600387096774193,1.4270681974097954,0.0004292114695340817,-0.0004292114695340817,1.0,-0.2413793103448276,0.31841559834707,0.001736111111111111,0.004900520309040128,186.0,0.19354838709677413,0.36559139784946226,0.6451612903225804,0.9074279731132514
small_long,rotatable_xlink,r0017,7.4,pulse_07,-1.0397129032258063,1.45523348582753,0.003952508960573457,0.003952508960573457,1.0,-0.22807017543859648,0.29198080733219406,0.0018663194444444445,0.005175880520779034,186.0,0.19354838709677416,0.3655913978494624,0.6344086021505375,0.8959388834150098
small_long,rotatable_xlink,r0017,7.45,pulse_07,-1.0363236559139786,1.4581234805344696,0.008172401433691745,0.008172401433691745,1.0,-0.20689655172413793,0.23902101477496054,0.001974826388888889,0.003722174775940279,186.0,0.2043010752688172,0.3655913978494624,0.6236559139784945,0.8692192788539941
small_long,rotatable_xlink,r0017,7.5,pulse_07,-0.9906784946236559,1.4775665344831717,0.00467634408602154,0.00467634408602154,1.0,-0.22807017543859648,0.32998336289712915,0.0018229166666666667,0.004087407461530061,186.0,0.20430107526881716,0.35483870967741926,0.6236559139784944,0.8666074335158882
small_long,rotatable_xlink,r0017,7.55,pulse_07,-1.0082655913978493,1.48264792530365,0.00494460417640639,0.00494460417640639,1.0,-0.2542372881355932,0.24579875395838904,0.0018880208333333333,0.003385875450892639,186.0,0.2150537634408602,0.3655913978494623,0.6129032258064515,0.8729607040185268
small_long,rotatable_xlink,r0017,7.6,pulse_07,-0.9610108695652175,1.4978817871885275,0.010152236247467639,0.010152236247467639,1.0,-0.19298245614035087,0.29719263933145035,0.0018663194444444445,0.0019492952566359707,184.0,0.20652173913043478,0.3586956521739131,0.6304347826086957,0.8717228847910986
small_long,rotatable_xlink,r0017,7.65,pulse_07,-0.9473521739130435,1.4943436968434658,0.0035815217391304923,0.0035815217391304923,1.0,-0.21428571428571427,0.26683073409148383,0.0018229166666666667,0.00377708496218924,184.0,0.2065217391304348,0.35869565217391314,0.5978260869565218,0.8615785275473193
small_long,rotatable_xlink,r0017,7.7,pulse_07,-0.9395217391304346,1.520544296961663,0.0009027173913043566,-0.0009027173913043566,1.0,-0.21428571428571427,0.41258688750301253,0.0018880208333333333,0.004957806642556184,184.0,0.2065217391304348,0.35869565217391314,0.5978260869565218,0.8707083166552834
small_long,rotatable_xlink,r0017,7.75,pulse_07,-0.9527684782608696,1.524090536698803,0.0037096014492753646,-0.0037096014492753646,1.0,-0.19298245614035087,0.3601811922292236,0.0018229166666666667,0.0014794064420305582,184.0,0.20652173913043478,0.3586956521739131,0.5978260869565217,0.8865594263210632
small_long,rotatable_xlink,r0017,7.8,pulse_07,-0.9617793478260868,1.5294207356138463,0.0034666666666666734,0.0034666666666666734,1.0,-0.19298245614035087,0.35102875237965026,0.0018663194444444445,0.0010480247650845504,184.0,0.2173913043478261,0.35869565217391314,0.5652173913043479,0.8674413329306251
small_long,rotatable_xlink,r0017,7.85,pulse_07,-0.9319684782608696,1.5178023881082956,0.008294384057970968,0.008294384057970968,1.0,-0.19298245614035087,0.4053727704872457,0.0019097222222222222,0.003698929963370586,184.0,0.22826086956521743,0.35869565217391314,0.5760869565217392,0.8721779305195091
small_long,rotatable_xlink,r0017,7.9,pulse_07,-0.912013043478261,1.5072271558336228,0.012954891304347849,0.012954891304347849,1.0,-0.21428571428571427,0.38139149469612743,0.0018446180555555555,0.004060720358306698,184.0,0.22826086956521743,0.35869565217391314,0.5652173913043479,0.8863877232861613
small_long,rotatable_xlink,r0017,7.95,pulse_07,-0.8542391304347825,1.4934380659584554,0.017365760869565244,0.017365760869565244,1.0,-0.23636363636363636,0.4553974276064993,0.0019097222222222222,0.006388498743013245,184.0,0.22826086956521743,0.35869565217391314,0.5543478260869567,0.8783841419726187
small_long,rotatable_xlink,r0017,8.0,pulse_07,-0.8078184782608695,1.4688961633755433,0.015473550724637667,0.015473550724637667,1.0,-0.21428571428571427,0.32423443752015163,0.0017795138888888889,0.008180634194304037,184.0,0.22826086956521738,0.3586956521739131,0.5434782608695652,0.8951225300420108
small_long,rotatable_xlink,r0018,0.0,initial,0.6412823529411764,0.6230945173653208,0.031272549019607854,0.031272549019607854,1.0,-0.07692307692307693,0.0,0.0003255208333333333,0.11920929892393962,34.0,0.35294117647058826,0.23529411764705882,0.4117647058823529,0.5907251092906158
small_long,rotatable_xlink,r0018,0.05,initial,0.7351,0.26546662059350196,0.040400941176470605,0.040400941176470605,1.0,0.0,0.426657603866358,0.00043402777777777775,0.11168492379179373,44.0,0.36363636363636365,0.2727272727272727,0.4545454545454545,0.6622511808218564
small_long,rotatable_xlink,r0018,0.1,initial,0.883688,-0.04701502538544153,0.13449935897435897,0.13449935897435897,1.0,0.0,0.46079339954698584,0.0005208333333333333,0.04594812009572693,50.0,0.3599999999999999,0.2799999999999999,0.4399999999999999,0.6966001706561942
small_long,rotatable_xlink,r0018,0.15000000000000002,initial,1.5420961538461537,-0.010222099980859588,0.19832647916666668,0.19832647916666668,1.0,0.2222222222222222,0.3133937089471179,0.0004991319444444444,0.03441818781842569,52.0,0.423076923076923,0.23076923076923075,0.3846153846153846,0.6948429884865766
small_long,rotatable_xlink,r0018,0.2,initial,2.073646875,-0.2535241522959957,0.08690554298642535,0.08690554298642535,1.0,0.391304347826087,0.4289335503334127,0.0005859375,0.061421329684800456,64.0,0.5,0.21875,0.34375,0.7179628900284514
small_long,rotatable_xlink,r0018,0.25,initial,2.063529411764706,-0.3787500780896623,0.0012132659313725351,0.0012132659313725351,1.0,0.36,0.40273325781519953,0.0006076388888888889,0.030778998333329078,68.0,0.4999999999999999,0.2058823529411765,0.3529411764705882,0.7046619849329334
small_long,rotatable_xlink,r0018,0.30000000000000004,initial,2.0809264705882353,-0.43819814229597015,0.07613895768833852,0.07613895768833852,1.0,0.36,0.5613045786505059,0.0006944444444444445,0.03475583809335956,68.0,0.5,0.17647058823529413,0.3529411764705882,0.7267833425816659
small_long,rotatable_xlink,r0018,0.35000000000000003,initial,2.520363157894737,-0.5872851066498197,0.09739017156862746,0.09739017156862746,1.0,0.48148148148148145,0.37008760166579335,0.0006727430555555556,0.023774557483000308,76.0,0.5263157894736842,0.13157894736842105,0.3157894736842105,0.7370199777028733
small_long,rotatable_xlink,r0018,0.4,initial,2.6652675,-0.580845487193972,0.08895502923976606,0.08895502923976606,1.0,0.5172413793103449,0.3358706909583849,0.0007161458333333333,0.0052957535190471154,80.0,0.55,0.125,0.325,0.7379570697740157
small_long,rotatable_xlink,r0018,0.45,initial,3.0540933333333333,-0.6190596277641024,0.10029623299319719,0.10029623299319719,1.0,0.5,0.18674415807925165,0.0008680555555555555,0.018363297385194672,90.0,0.6,0.11111111111111112,0.2888888888888889,0.7201344756902578
small_long,rotatable_xlink,r0018,0.5,initial,3.2670448979591833,-0.47066570288280396,0.06827226495726506,0.06827226495726506,1.0,0.5384615384615384,0.2457595052995116,0.0008897569444444444,0.01341667367574706,98.0,0.6122448979591836,0.10204081632653059,0.2653061224489795,0.7332644586068703
small_long,rotatable_xlink,r0018,0.55,initial,3.4637269230769236,-0.53855958570962,0.054703954915299446,0.054703954915299446,1.0,0.5714285714285714,0.1295417269828354,0.0009331597222222223,0.015190194871222992,104.0,0.6346153846153846,0.09615384615384615,0.25,0.7252134321329562
small_long,rotatable_xlink,r0018,0.6000000000000001,initial,3.59526862745098,-0.5618068721101419,0.005685636277302934,0.005685636277302934,1.0,0.5121951219512195,0.13113103294458872,0.0009765625,0.034109751900499606,102.0,0.6470588235294119,0.07843137254901962,0.23529411764705888,0.7647351635251856
small_long,rotatable_xlink,r0018,0.65,initial,3.4978407407407412,-0.7432180971126177,0.00025376676986588187,0.00025376676986588187,1.0,0.4222222222222222,0.07148878308466097,0.0009331597222222223,0.012017340298405121,108.0,0.6296296296296295,0.07407407407407407,0.25925925925925924,0.7265565582056461
small_long,rotatable_xlink,r0018,0.7000000000000001,initial,3.5967912280701753,-0.6339109139005726,0.03406665620422681,0.03406665620422681,1.0,0.5217391304347826,0.0808713992448173,0.0010850694444444445,0.016381044696301417,114.0,0.631578947368421,0.07017543859649122,0.2456140350877193,0.7474826946690913
small_long,rotatable_xlink,r0018,0.75,initial,3.702240677966102,-0.8415043652904262,0.018947363627648334,0.018947363627648334,1.0,0.6086956521739131,0.12948273867450164,0.0011284722222222221,0.008403144452389303,118.0,0.6610169491525424,0.06779661016949153,0.23728813559322032,0.7250704439951494
small_long,rotatable_xlink,r0018,0.8,initial,3.7104754098360653,-0.6843297806149085,0.015596084922316308,0.015596084922316308,1.0,0.673469387755102,0.059220918205356785,0.001193576388888889,0.02555257630214521,122.0,0.6721311475409837,0.0819672131147541,0.21311475409836061,0.7484065553086102
small_long,rotatable_xlink,r0018,0.8500000000000001,initial,3.7958171875,-0.6881889074775549,0.02147743169398919,0.02147743169398919,1.0,0.6923076923076923,0.12431953365137412,0.001171875,0.006501596122923188,128.0,0.6875,0.078125,0.234375,0.7410199517866537
small_long,rotatable_xlink,r0018,0.9,initial,3.8393400000000004,-0.7233393573524476,0.031497640467171774,0.031497640467171774,1.0,0.6538461538461539,0.12591948352039184,0.0012152777777777778,0.020762338945902403,130.0,0.6769230769230768,0.07692307692307693,0.2,0.758844089386127
small_long,rotatable_xlink,r0018,0.9500000000000001,initial,3.9848030303030306,-0.8127629411529693,0.04382960784313735,0.04382960784313735,1.0,0.7358490566037735,0.10622005351930382,0.0013020833333333333,0.021240882770031094,132.0,0.696969696969697,0.06060606060606061,0.21212121212121215,0.7550431866173015
small_long,rotatable_xlink,r0018,1.0,initial,4.1023176470588245,-0.8507846539726341,0.03917153891859796,0.03917153891859796,1.0,0.7454545454545455,0.07998003824676199,0.0013020833333333333,0.012673904273221607,136.0,0.7014925373134328,0.059701492537313425,0.1791044776119403,0.7508748242327609
small_long,rotatable_xlink,r0018,1.05,pulse_01,4.175125675675676,-0.9722821773405464,0.06817321921921889,0.06817321921921889,1.0,0.7666666666666667,0.13092613368320313,0.0014322916666666666,0.0520093574795761,148.0,0.7162162162162161,0.05405405405405404,0.16216216216216212,0.7471726313254548
small_long,rotatable_xlink,r0018,1.1,pulse_01,4.3796453333333325,-1.1283102497792747,0.022399276276276286,0.022399276276276286,1.0,0.7741935483870968,0.09122035087120677,0.0014105902777777778,0.005108649703538359,150.0,0.7333333333333333,0.04,0.15999999999999998,0.7359535406312224
small_long,rotatable_xlink,r0018,1.15,pulse_01,4.3095213333333335,-1.0029340755617766,0.004962599415204642,-0.004962599415204642,1.0,0.8666666666666667,0.08094649784867586,0.0014539930555555556,0.009010647505106162,150.0,0.72,0.04,0.14666666666666667,0.7079643072884562
small_long,rotatable_xlink,r0018,1.2,pulse_01,4.349869736842105,-1.0742463647486378,0.002938187590187713,-0.002938187590187713,1.0,0.8688524590163934,0.16016551386584554,0.0015190972222222222,0.02450025464419629,152.0,0.7500000000000001,0.039473684210526314,0.14473684210526314,0.7302382754876557
small_long,rotatable_xlink,r0018,1.25,pulse_01,4.291892207792207,-1.1499356034269543,0.013297986443380871,-0.013297986443380871,1.0,0.8688524590163934,0.13666945968347927,0.0014756944444444444,0.012381970281652962,154.0,0.7402597402597406,0.03896103896103897,0.14285714285714288,0.7500275075613069
small_long,rotatable_xlink,r0018,1.3,pulse_01,4.270081818181819,-1.1485381864385555,0.0021777944277944585,0.0021777944277944585,1.0,0.8709677419354839,0.08595360183365673,0.0014105902777777778,0.019158777241856068,154.0,0.7272727272727273,0.03896103896103896,0.14285714285714285,0.7423987019703053
small_long,rotatable_xlink,r0018,1.35,pulse_01,4.304958974358974,-1.034982939975818,0.03023422688422676,0.03023422688422676,1.0,0.8709677419354839,0.07819827746659841,0.0014973958333333334,0.005593200154931847,156.0,0.7307692307692307,0.038461538461538464,0.141025641025641,0.7657077225856748
small_long,rotatable_xlink,r0018,1.4,pulse_01,4.45148717948718,-1.1149789855089645,0.02719551282051273,0.02719551282051273,1.0,0.78125,0.07175705727898336,0.0015190972222222222,0.02392127923699176,156.0,0.7435897435897436,0.02564102564102564,0.11538461538461538,0.7532058626697586
small_long,rotatable_xlink,r0018,1.45,pulse_01,4.46813205128205,-1.1785106153977685,0.003941880341880329,-0.003941880341880329,1.0,0.78125,0.09002040669493835,0.0014539930555555556,0.0010234039667402033,156.0,0.7564102564102566,0.025641025641025644,0.12820512820512822,0.7451706139808513
small_long,rotatable_xlink,r0018,1.5,pulse_01,4.427835897435898,-1.1211194093094057,0.0233960591799199,-0.0233960591799199,1.0,0.7575757575757576,0.026966155621524185,0.0014539930555555556,0.0017585785193617125,156.0,0.7564102564102565,0.025641025641025644,0.12820512820512822,0.7594058646084181
small_long,rotatable_xlink,r0018,1.55,pulse_01,4.327755696202531,-1.1890620865139387,0.019874337336362718,-0.019874337336362718,1.0,0.7611940298507462,0.0919381830645196,0.0014973958333333334,0.008763550914981488,158.0,0.7468354430379746,0.025316455696202528,0.13924050632911392,0.7294585383604206
small_long,rotatable_xlink,r0018,1.6,pulse_01,4.308589873417722,-1.1737007147992946,0.007237266239516445,-0.007237266239516445,1.0,0.7846153846153846,0.0679670152556762,0.0015625,0.019885910109410987,158.0,0.7468354430379746,0.025316455696202528,0.13924050632911392,0.7561870580272586
small_long,rotatable_xlink,r0018,1.65,pulse_01,4.284332098765432,-1.3083775471704047,0.0033748584954203706,0.0033748584954203706,1.0,0.7878787878787878,0.01692946573672466,0.0016059027777777777,0.019730795353026204,162.0,0.7407407407407407,0.02469135802469136,0.1358024691358025,0.7682233687582337
small_long,rotatable_xlink,r0018,1.7000000000000002,pulse_01,4.328839024390244,-1.2920854869174518,0.005844243701696339,0.005844243701696339,1.0,0.7910447761194029,0.047762397995364525,0.0015625,0.007653552992384609,164.0,0.7283950617283952,0.024691358024691357,0.12345679012345678,0.7364299057725996
small_long,rotatable_xlink,r0018,1.75,pulse_01,4.31939756097561,-1.262456229216097,0.004359349593495931,-0.004359349593495931,1.0,0.7878787878787878,0.09802927108869544,0.0016276041666666667,0.004735288562237335,164.0,0.7317073170731707,0.024390243902439022,0.12195121951219512,0.7539410341456786
small_long,rotatable_xlink,r0018,1.8,pulse_01,4.302682926829268,-1.3204972182908759,0.0018391615241452424,0.0018391615241452424,1.0,0.7910447761194029,0.06152436881039006,0.0016493055555555556,0.00139377103864106,164.0,0.7317073170731707,0.024390243902439022,0.12195121951219512,0.7837291436367742
small_long,rotatable_xlink,r0018,1.85,pulse_01,4.330432530120482,-1.2540936029842507,0.010479953962190258,0.010479953962190258,1.0,0.7575757575757576,0.026596219818629353,0.0016493055555555556,0.005329367750185591,166.0,0.7349397590361445,0.024096385542168676,0.12048192771084336,0.758061446489178
small_long,rotatable_xlink,r0018,1.9,pulse_01,4.36556265060241,-1.2885210117897623,0.0029154618473895924,0.0029154618473895924,1.0,0.7575757575757576,0.05923659758091254,0.0016710069444444444,0.016163230394514505,166.0,0.7349397590361446,0.024096385542168676,0.12048192771084339,0.772249666846316
small_long,rotatable_xlink,r0018,1.9500000000000002,pulse_01,4.347925301204819,-1.3510729853513377,0.003426506024096554,-0.003426506024096554,1.0,0.7611940298507462,0.10883668846332661,0.001584201388888889,0.01853621574659366,166.0,0.7108433734939759,0.024096385542168676,0.12048192771084339,0.7643124874299076
small_long,rotatable_xlink,r0018,2.0,pulse_01,4.345003614457831,-1.1773037173102003,0.0009738955823295944,-0.0009738955823295944,1.0,0.7575757575757576,0.09456684124592006,0.001540798611111111,0.057923089347045785,166.0,0.7108433734939759,0.024096385542168676,0.12048192771084336,0.7557991143204408
small_long,rotatable_xlink,r0018,2.05,pulse_02,4.322645977011495,-0.9998044118045338,0.017161568268895405,0.017161568268895405,1.0,0.7681159420289855,0.047629337232907354,0.0017144097222222222,0.04749298127282527,174.0,0.7325581395348838,0.023255813953488372,0.11627906976744187,0.7880690175659374
small_long,rotatable_xlink,r0018,2.1,pulse_02,4.3741306818181815,-1.1422833556230096,0.00812964777081134,0.00812964777081134,1.0,0.7714285714285715,0.06389975263384003,0.0016927083333333334,0.027245422115341738,176.0,0.7386363636363636,0.022727272727272728,0.11363636363636362,0.7810127494645308
small_long,rotatable_xlink,r0018,2.15,pulse_02,4.371423863636363,-1.1632769444965843,0.00985965909090917,-0.00985965909090917,1.0,0.7428571428571429,0.04229570456785173,0.0017578125,0.0005048306619529486,176.0,0.7272727272727273,0.022727272727272728,0.11363636363636362,0.7805608698495471
small_long,rotatable_xlink,r0018,2.2,pulse_02,4.3149727272727265,-1.139254371651292,0.020549242424242387,-0.020549242424242387,1.0,0.7681159420289855,0.05904488414288801,0.0016276041666666667,0.0076658008562103435,176.0,0.7272727272727273,0.022727272727272728,0.11363636363636362,0.7726113577409054
small_long,rotatable_xlink,r0018,2.25,pulse_02,4.248128409090909,-1.2092717496338463,0.018573484848484718,-0.018573484848484718,1.0,0.7647058823529411,0.1200568842370925,0.001736111111111111,0.007409973753738197,176.0,0.7045454545454544,0.022727272727272728,0.11363636363636362,0.7922734511992178
small_long,rotatable_xlink,r0018,2.3,pulse_02,4.203531818181818,-1.1837142141737211,0.004808712121212218,-0.004808712121212218,1.0,0.7647058823529411,0.02503733338853708,0.0018012152777777779,0.02385586574945246,176.0,0.7045454545454544,0.022727272727272728,0.11363636363636362,0.7867993920055883
small_long,rotatable_xlink,r0018,2.35,pulse_02,4.219276136363636,-1.0661365551371316,0.0006797348484848994,0.0006797348484848994,1.0,0.7681159420289855,0.007550171415712426,0.0017578125,0.027893397002180853,176.0,0.7159090909090908,0.022727272727272728,0.11363636363636362,0.7778256592271428
small_long,rotatable_xlink,r0018,2.4,pulse_02,4.207610227272728,-1.016353832160636,0.004071969696969546,-0.004071969696969546,1.0,0.7611940298507462,0.08787214008491609,0.001736111111111111,0.03066998216767695,176.0,0.6931818181818181,0.022727272727272728,0.11363636363636362,0.8001186699490344
small_long,rotatable_xlink,r0018,2.45,pulse_02,4.1948443181818185,-0.8821166621310699,0.0033833333333332938,0.0033833333333332938,1.0,0.7352941176470589,0.04776015332589817,0.0017144097222222222,0.00017941790107212086,176.0,0.6931818181818181,0.022727272727272728,0.11363636363636362,0.7776260487499571
small_long,rotatable_xlink,r0018,2.5,pulse_02,4.227910227272727,-1.0152773247542033,0.00686761363636353,0.00686761363636353,1.0,0.7647058823529411,0.10499024556849049,0.0017578125,0.042881900193366906,176.0,0.6931818181818181,0.022727272727272728,0.11363636363636362,0.7940645877714237
small_long,rotatable_xlink,r0018,2.55,pulse_02,4.23605,-1.1394080632912713,0.01527670454545449,-0.01527670454545449,1.0,0.7391304347826086,0.06468895118577855,0.0018229166666666667,0.011800628821758067,176.0,0.7045454545454545,0.022727272727272728,0.11363636363636362,0.7705527815321463
small_long,rotatable_xlink,r0018,2.6,pulse_02,4.13625,-1.0860810976847517,0.01725606060606048,-0.01725606060606048,1.0,0.7313432835820896,0.08243002182292473,0.0016927083333333334,0.013838752870958962,176.0,0.6818181818181817,0.022727272727272728,0.11363636363636362,0.7954342121062996
small_long,rotatable_xlink,r0018,2.65,pulse_02,4.132513636363637,-1.222440580517025,0.006259280303030283,-0.006259280303030283,1.0,0.7058823529411765,0.07198989719513349,0.001736111111111111,0.017563315485402426,176.0,0.7159090909090907,0.022727272727272728,0.11363636363636362,0.8007739072924974
small_long,rotatable_xlink,r0018,2.7,pulse_02,4.098694318181819,-0.9807012047723371,0.010179426285325347,-0.010179426285325347,1.0,0.7611940298507462,0.08368215096625345,0.001736111111111111,0.09064906171585592,176.0,0.6931818181818181,0.022727272727272728,0.11363636363636362,0.7935551436158472
small_long,rotatable_xlink,r0018,2.75,pulse_02,4.071437078651685,-0.6785462102218895,0.006792311457269514,-0.006792311457269514,1.0,0.7681159420289855,0.11919075818566142,0.0017144097222222222,0.034859763308462265,178.0,0.6853932584269663,0.02247191011235955,0.12359550561797754,0.7950684873952774
small_long,rotatable_xlink,r0018,2.8,pulse_02,4.057940449438202,-0.7715426249215636,0.000977902621723074,0.000977902621723074,1.0,0.7647058823529411,0.03001030188433005,0.0017795138888888889,0.02193153099181931,178.0,0.6853932584269662,0.02247191011235955,0.11235955056179776,0.8100094153675641
small_long,rotatable_xlink,r0018,2.85,pulse_02,4.077304494382023,-0.8101353961728054,0.010408614232209809,0.010408614232209809,1.0,0.7647058823529411,0.024329375285474936,0.0018663194444444445,0.011691838308041528,178.0,0.6853932584269663,0.02247191011235955,0.11235955056179776,0.8088164932436427
small_long,rotatable_xlink,r0018,2.9,pulse_02,4.1203921348314605,-0.8416936547698127,0.000686142322097331,0.000686142322097331,1.0,0.7611940298507462,0.03785316619225713,0.0017144097222222222,0.021594137332029955,178.0,0.6966292134831461,0.02247191011235955,0.11235955056179776,0.7758794697623563
small_long,rotatable_xlink,r0018,2.95,pulse_02,4.081421348314607,-0.9397002201649851,0.003309550561797714,-0.003309550561797714,1.0,0.7391304347826086,0.0858979583848203,0.0018229166666666667,0.015809405249240554,178.0,0.6966292134831462,0.02247191011235955,0.11235955056179776,0.8132423670769414
small_long,rotatable_xlink,r0018,3.0,pulse_02,4.100534831460674,-0.7468372232743694,0.0063711610486890296,0.0063711610486890296,1.0,0.7391304347826086,0.02856829900693186,0.0018663194444444445,0.06428766563020523,178.0,0.696629213483146,0.02247191011235955,0.11235955056179776,0.7938758586663688
small_long,rotatable_xlink,r0018,3.05,pulse_03,4.13701847826087,-0.38061555672902786,0.005201449275362553,-0.005201449275362553,1.0,0.7746478873239436,0.11067146969330478,0.0018229166666666667,0.014053029421259503,184.0,0.7065217391304349,0.02173913043478261,0.10869565217391305,0.7784232965545553
small_long,rotatable_xlink,r0018,3.1,pulse_03,4.121414130434783,-0.42277464499280637,0.0037983695652172855,0.0037983695652172855,1.0,0.7808219178082192,0.03701537463153547,0.0017578125,0.02761050639385938,184.0,0.7173913043478263,0.02173913043478261,0.10869565217391305,0.7764734523851046
small_long,rotatable_xlink,r0018,3.15,pulse_03,4.159808695652174,-0.5462785950921841,0.005863224637681075,0.005863224637681075,1.0,0.7746478873239436,0.03919793623377944,0.0019097222222222222,0.026373650895945417,184.0,0.7065217391304349,0.02173913043478261,0.10869565217391305,0.782461201210188
small_long,rotatable_xlink,r0018,3.2,pulse_03,4.156593478260869,-0.5810165503684789,0.0033737318840579475,-0.0033737318840579475,1.0,0.7777777777777778,0.07288741671795779,0.0018229166666666667,0.01254998602059651,184.0,0.7173913043478263,0.02173913043478261,0.10869565217391305,0.7860115276283548
small_long,rotatable_xlink,r0018,3.25,pulse_03,4.139566304347826,-0.47097867896860507,0.005932608695652153,-0.005932608695652153,1.0,0.8082191780821918,0.07011488480461037,0.0018012152777777779,0.003971639156135613,184.0,0.7173913043478263,0.02173913043478261,0.10869565217391305,0.8087195440504725
small_long,rotatable_xlink,r0018,3.3,pulse_03,4.120997826086956,-0.5571867154316652,0.007782246376811426,-0.007782246376811426,1.0,0.8082191780821918,0.02214295318927019,0.0018012152777777779,0.028539986462125317,184.0,0.6956521739130437,0.02173913043478261,0.10869565217391305,0.8025337993601459
small_long,rotatable_xlink,r0018,3.35,pulse_03,4.092872826086958,-0.29973876019585316,0.0054721651536867215,-0.0054721651536867215,1.0,0.8055555555555556,0.0369217374638532,0.0018012152777777779,0.019119484289751566,184.0,0.6923076923076923,0.03296703296703297,0.1098901098901099,0.794216401402977
small_long,rotatable_xlink,r0018,3.4,pulse_03,4.088164835164836,-0.4424698096931558,0.004454628523650417,-0.004454628523650417,1.0,0.8309859154929577,0.08031540328307125,0.0017795138888888889,0.05931962237746375,182.0,0.6813186813186816,0.03296703296703297,0.09890109890109892,0.8083686241542257
small_long,rotatable_xlink,r0018,3.45,pulse_03,4.066145054945055,0.056178974068929334,0.0031404761904760825,0.0031404761904760825,1.0,0.8309859154929577,0.026008726989437056,0.0018446180555555555,0.10297875910706096,182.0,0.6813186813186813,0.021978021978021976,0.10989010989010992,0.8075613981604266
small_long,rotatable_xlink,r0018,3.5,pulse_03,4.107007692307692,-1.0603423643355216,0.0029104395604395705,0.0029104395604395705,1.0,0.8309859154929577,0.044828727281474245,0.001736111111111111,0.03834463949872117,182.0,0.6923076923076924,0.021978021978021976,0.1318681318681319,0.8039672875080942
small_long,rotatable_xlink,r0018,3.55,pulse_03,4.083607692307693,-0.1738888629233977,0.008090293040293073,-0.008090293040293073,1.0,0.8309859154929577,0.025545086287324395,0.0017795138888888889,0.2508824753238278,182.0,0.6703296703296704,0.021978021978021976,0.1318681318681319,0.7967680138091437
small_long,rotatable_xlink,r0018,3.6,pulse_03,4.058465934065934,0.4449524876074451,0.0029617216117216274,-0.0029617216117216274,1.0,0.855072463768116,0.025227686478646368,0.0017578125,0.4558631387821462,182.0,0.6813186813186813,0.021978021978021976,0.1318681318681319,0.8107915480399231
small_long,rotatable_xlink,r0018,3.65,pulse_03,4.065837362637363,2.5612899697694793,0.005926923076922996,-0.005926923076922996,1.0,0.8309859154929577,0.03715848853857458,0.0017144097222222222,0.47133199107032536,182.0,0.6813186813186813,0.021978021978021976,0.1318681318681319,0.7940877128825079
small_long,rotatable_xlink,r0018,3.7,pulse_03,4.022904395604396,-3.0102408731501886,0.09529890109890109,-0.09529890109890109,1.0,0.8571428571428571,0.031726336003621146,0.0018446180555555555,0.02549520706752791,182.0,0.6923076923076923,0.03296703296703297,0.1318681318681319,0.8063620910427781
small_long,rotatable_xlink,r0018,3.75,pulse_03,3.4940439560439565,2.408318727364312,0.2449470695970697,-0.2449470695970697,1.0,0.8591549295774648,0.06883562111219585,0.0014756944444444444,0.08103013368637864,182.0,0.6703296703296703,0.04395604395604395,0.18681318681318687,0.805957998567114
small_long,rotatable_xlink,r0018,3.8,pulse_03,2.553221978021978,2.7867636319111257,0.269946336996337,-0.269946336996337,1.0,0.6571428571428571,0.19790887693347364,0.001584201388888889,0.26147497784955104,182.0,0.5824175824175823,0.0879120879120879,0.2197802197802198,0.8353282930086487
small_long,rotatable_xlink,r0018,3.85,pulse_03,1.8743659340659342,0.8394688602670057,0.29310402930402923,-0.29310402930402923,1.0,0.5294117647058824,0.17627521094320958,0.0014973958333333334,0.48826150396712636,182.0,0.46153846153846156,0.15384615384615388,0.2967032967032968,0.8735695127962885
small_long,rotatable_xlink,r0018,3.9,pulse_03,0.7945978021978023,-0.1428053918916324,0.2642924908424909,-0.2642924908424909,1.0,0.3939393939393939,0.1058650892654797,0.0015625,0.18462429269107025,182.0,0.35164835164835173,0.20879120879120885,0.3626373626373628,0.8530979771051015
small_long,rotatable_xlink,r0018,3.95,pulse_03,0.28861098901098897,-0.26827689587941567,0.14542179487179488,-0.14542179487179488,1.0,0.14754098360655737,0.18296159688522065,0.0016059027777777777,0.009149335275740364,182.0,0.2747252747252748,0.2747252747252748,0.40659340659340676,0.8438798719961175
small_long,rotatable_xlink,r0018,4.0,pulse_03,-0.077932967032967,-0.1977014035460746,0.12218131868131865,-0.12218131868131865,1.0,0.01639344262295082,0.1992737112012606,0.001736111111111111,0.02352516411111369,182.0,0.23076923076923084,0.3076923076923078,0.42857142857142866,0.8292954364181913
small_long,rotatable_xlink,r0018,4.05,pulse_04,-0.18097634408602162,-0.05593723978008595,0.21555304659498206,-0.21555304659498206,1.0,-0.06666666666666667,0.11726800527630855,0.0016710069444444444,0.22060761638717494,186.0,0.29032258064516125,0.3440860215053763,0.4516129032258064,0.8706730904186044
small_long,rotatable_xlink,r0018,4.1,pulse_04,-0.8276354838709677,0.6058856093814389,0.1550241935483871,-0.1550241935483871,1.0,-0.10144927536231885,0.07170123211303021,0.0016493055555555556,0.10640922344768661,186.0,0.23655913978494625,0.3870967741935484,0.5268817204301074,0.8612578218142715
small_long,rotatable_xlink,r0018,4.15,pulse_04,-1.1111215053763441,0.5825181009060337,0.04821003584229391,-0.04821003584229391,1.0,-0.15492957746478872,0.09977318598195158,0.0018012152777777779,0.02215717253614254,186.0,0.2150537634408602,0.4408602150537634,0.5806451612903224,0.8756984703820377
small_long,rotatable_xlink,r0018,4.2,pulse_04,-1.1168956989247312,0.47294257416458363,0.01877170017141966,0.01877170017141966,1.0,-0.18840579710144928,0.047673356433096656,0.0017144097222222222,0.05464507654937795,186.0,0.2258064516129032,0.4301075268817204,0.5913978494623654,0.8654933354826969
small_long,rotatable_xlink,r0018,4.25,pulse_04,-0.9984913043478262,0.25464764160976605,0.017436601994701578,0.017436601994701578,1.0,-0.13043478260869565,0.07200904478356221,0.0018012152777777779,0.04169488293865751,184.0,0.22826086956521738,0.41304347826086957,0.5760869565217391,0.8708800196901854
small_long,rotatable_xlink,r0018,4.3,pulse_04,-1.0122760869565217,0.22277327653263856,0.0018076086956522002,0.0018076086956522002,1.0,-0.16923076923076924,0.13124238697506424,0.0017795138888888889,0.011171886329626401,184.0,0.22826086956521743,0.39130434782608703,0.5978260869565218,0.8813677830037691
small_long,rotatable_xlink,r0018,4.35,pulse_04,-0.987645652173913,0.18761632363200764,0.01987735507246376,0.01987735507246376,1.0,-0.2,0.098051829994929,0.0017795138888888889,0.0035854598548851944,184.0,0.20652173913043478,0.40217391304347827,0.5760869565217391,0.9166647420561943
small_long,rotatable_xlink,r0018,4.4,pulse_04,-0.8930119565217391,0.2012605174033274,0.02280634057971015,0.02280634057971015,1.0,-0.1875,0.07539184770667602,0.0016493055555555556,0.01924398327891341,184.0,0.22826086956521743,0.39130434782608703,0.5760869565217392,0.8702088576241742
small_long,rotatable_xlink,r0018,4.45,pulse_04,-0.8508076086956521,0.0721524239585272,0.017159963768115977,0.017159963768115977,1.0,-0.16129032258064516,0.03778975446235432,0.0018663194444444445,0.021889815396719314,184.0,0.2391304347826087,0.3586956521739131,0.5652173913043478,0.8744904094846478
small_long,rotatable_xlink,r0018,4.5,pulse_04,-0.7900521739130433,0.06992162502301152,0.015715004379678266,0.015715004379678266,1.0,-0.14754098360655737,0.14230721784521144,0.0017795138888888889,0.016608881433665453,184.0,0.23913043478260873,0.36956521739130443,0.5760869565217392,0.8803532148679537
small_long,rotatable_xlink,r0018,4.55,pulse_04,-0.7565175824175825,-0.027500864643465513,0.016042578436056647,0.016042578436056647,1.0,-0.11864406779661017,0.12424496527883228,0.0018446180555555555,0.004040621646187847,182.0,0.23076923076923084,0.3516483516483517,0.5494505494505493,0.878991797020487
small_long,rotatable_xlink,r0018,4.6,pulse_04,-0.6937967032967034,0.045677895145884446,0.02366666666666667,0.02366666666666667,1.0,-0.06451612903225806,0.06674603630820611,0.001736111111111111,0.05263742259690554,182.0,0.2527472527472528,0.3516483516483517,0.5494505494505495,0.8839989363747356
small_long,rotatable_xlink,r0018,4.65,pulse_04,-0.6145175824175825,-0.34332540022489877,0.0932679487179487,-0.0932679487179487,1.0,-0.13333333333333333,0.03577472468759972,0.0018229166666666667,0.06811942112543526,182.0,0.2527472527472528,0.35164835164835173,0.5604395604395604,0.881374589203356
small_long,rotatable_xlink,r0018,4.7,pulse_04,-1.2534043956043956,-0.3630386316067271,0.16604652014652008,-0.16604652014652008,1.0,-0.288135593220339,0.1704154216696662,0.0015190972222222222,0.08165595954651082,182.0,0.1868131868131868,0.38461538461538464,0.6263736263736261,0.8746353617353257
small_long,rotatable_xlink,r0018,4.75,pulse_04,-1.610796703296703,0.1466103570541662,0.04227482295482299,-0.04227482295482299,1.0,-0.4098360655737705,0.2003024615543808,0.0016927083333333334,0.15282016451301467,182.0,0.1777777777777778,0.4333333333333333,0.6555555555555554,0.8756605600456452
small_long,rotatable_xlink,r0018,4.8,pulse_04,-1.5070533333333336,0.5538823554713609,0.022690376475376455,0.022690376475376455,1.0,-0.3448275862068966,0.11180847699309132,0.0016059027777777777,0.10935066663349995,180.0,0.1777777777777778,0.4222222222222222,0.6666666666666663,0.8862058661082973
small_long,rotatable_xlink,r0018,4.85,pulse_04,-1.4746544444444443,0.8027143568551659,0.0006491510611735437,0.0006491510611735437,1.0,-0.4482758620689655,0.1846574245819703,0.0016059027777777777,0.14975887972556232,180.0,0.16666666666666669,0.42222222222222233,0.6666666666666663,0.8840175173796108
small_long,rotatable_xlink,r0018,4.9,pulse_04,-1.5031584269662923,1.4524356338247348,0.007675553474823109,0.007675553474823109,1.0,-0.4666666666666667,0.17375405300511743,0.0016710069444444444,0.23504993280039757,178.0,0.16853932584269665,0.4382022471910112,0.696629213483146,0.8736246150331695
small_long,rotatable_xlink,r0018,4.95,pulse_04,-1.4286011235955056,-0.6075852399472197,0.03858726591760301,0.03858726591760301,1.0,-0.38181818181818183,0.13150187606247932,0.001736111111111111,0.3809568480142415,178.0,0.19318181818181812,0.4204545454545454,0.6818181818181818,0.8718677585645616
small_long,rotatable_xlink,r0018,5.0,pulse_04,-1.2716348314606742,-0.833305454260714,0.05232209737827712,0.05232209737827712,1.0,-0.32,0.044295573326862306,0.001736111111111111,0.07524007143783144,178.0,0.19101123595505623,0.35955056179775274,0.6629213483146067,0.8580645642037759
small_long,rotatable_xlink,r0018,5.05,pulse_05,-1.0502978021978022,-0.9060175953713934,0.011248717948717957,0.011248717948717957,1.0,-0.2692307692307692,0.1956139024768696,0.0018880208333333333,0.009597521864544397,182.0,0.20879120879120885,0.3516483516483518,0.6373626373626375,0.8627480080939921
small_long,rotatable_xlink,r0018,5.1,pulse_05,-1.0165516483516484,-0.8772250297777602,0.02535201465201466,0.02535201465201466,1.0,-0.2692307692307692,0.08978720063112128,0.0018446180555555555,0.05454730170946805,182.0,0.2087912087912088,0.3516483516483517,0.6153846153846152,0.8638186266911713
small_long,rotatable_xlink,r0018,5.15,pulse_05,-0.8981857142857143,-1.2333014056282017,0.02145989010989008,0.02145989010989008,1.0,-0.24528301886792453,0.12095102324608889,0.0017578125,0.10037267748752583,182.0,0.2087912087912088,0.3406593406593408,0.5714285714285715,0.8370325477181878
small_long,rotatable_xlink,r0018,5.2,pulse_05,-0.8877923076923079,-1.4794610947029152,0.0035866300366300488,0.0035866300366300488,1.0,-0.2692307692307692,0.1367235724495068,0.0017795138888888889,0.04640822995498136,182.0,0.19780219780219782,0.3626373626373627,0.5714285714285713,0.8490606012318055
small_long,rotatable_xlink,r0018,5.25,pulse_05,-0.876665934065934,-1.5117507853580898,0.00034652014652016466,0.00034652014652016466,1.0,-0.24528301886792453,0.1495194572776859,0.0018446180555555555,0.002264311411504775,182.0,0.19780219780219782,0.3626373626373628,0.5714285714285715,0.8386311776533583
small_long,rotatable_xlink,r0018,5.3,pulse_05,-0.8857131868131869,-1.4658752262338866,0.028687179487179543,-0.028687179487179543,1.0,-0.24528301886792453,0.08187960456853091,0.0017795138888888889,0.012699049741726531,182.0,0.18888888888888894,0.33333333333333337,0.5666666666666667,0.8360027239865128
small_long,rotatable_xlink,r0018,5.35,pulse_05,-1.0487890109890112,-1.4355564869077306,0.02654340659340652,-0.02654340659340652,1.0,-0.3103448275862069,0.07851857486721069,0.0017578125,0.001043354642880893,182.0,0.18681318681318687,0.37362637362637363,0.6153846153846152,0.8431333694157163
small_long,rotatable_xlink,r0018,5.4,pulse_05,-1.044973626373626,-1.4596150983766012,0.040334249084249096,0.040334249084249096,1.0,-0.3220338983050847,0.1668747947011592,0.001736111111111111,0.008343431076016206,182.0,0.19780219780219785,0.4175824175824177,0.5934065934065932,0.8496942373441653
small_long,rotatable_xlink,r0018,5.45,pulse_05,-0.8067835164835166,-1.3854959004516334,0.035548534798534724,0.035548534798534724,1.0,-0.2982456140350877,0.13037795103747624,0.0018880208333333333,0.012856113259661184,182.0,0.19780219780219785,0.35164835164835173,0.5934065934065933,0.8631400892178412
small_long,rotatable_xlink,r0018,5.5,pulse_05,-0.8316824175824177,-1.382478418818634,0.003221611721611691,-0.003221611721611691,1.0,-0.22807017543859648,0.20889353263020136,0.0018229166666666667,0.012824875683813,182.0,0.19780219780219782,0.35164835164835173,0.5934065934065933,0.8563607300469827
small_long,rotatable_xlink,r0018,5.55,pulse_05,-0.8261131868131868,-1.4624451545545114,0.008072161172161196,-0.008072161172161196,1.0,-0.2542372881355932,0.22736327693313585,0.0018880208333333333,0.011408046283651626,182.0,0.19780219780219785,0.35164835164835173,0.5934065934065933,0.8755602238553083
small_long,rotatable_xlink,r0018,5.6,pulse_05,-0.8801153846153849,-1.4509266965205438,0.0039290496540496656,0.0039290496540496656,1.0,-0.2830188679245283,0.17828310240461767,0.0017795138888888889,0.005233244593503901,182.0,0.2,0.3555555555555557,0.5888888888888888,0.8780650050428693
small_long,rotatable_xlink,r0018,5.65,pulse_05,-0.8025388888888888,-1.4938446221155348,0.0070047863247863495,0.0070047863247863495,1.0,-0.2692307692307692,0.2319092304581202,0.0017144097222222222,0.011588716828751955,180.0,0.2,0.34444444444444455,0.5888888888888888,0.8609594754485007
small_long,rotatable_xlink,r0018,5.7,pulse_05,-0.8380866666666668,-1.5204589974930556,0.003948703703703704,0.003948703703703704,1.0,-0.2222222222222222,0.26792217656381045,0.0017578125,0.008168086134244171,180.0,0.2,0.3555555555555557,0.6,0.8486909785128705
small_long,rotatable_xlink,r0018,5.75,pulse_05,-0.7788466666666666,-1.5428531389209998,0.01691875156054934,0.01691875156054934,1.0,-0.25925925925925924,0.19688169676322667,0.0016927083333333334,0.003965032392614365,180.0,0.20000000000000004,0.3555555555555557,0.6,0.8789266004793584
small_long,rotatable_xlink,r0018,5.8,pulse_05,-0.7365741573033707,-1.5442491918487418,0.005370511860174769,0.005370511860174769,1.0,-0.2222222222222222,0.18982932620563886,0.0018229166666666667,0.002852064607409018,178.0,0.19101123595505623,0.3370786516853933,0.5955056179775282,0.8749662756657288
small_long,rotatable_xlink,r0018,5.85,pulse_05,-0.746623595505618,-1.5257407512765457,0.001644194756554307,0.001644194756554307,1.0,-0.24528301886792453,0.11160540446513273,0.001736111111111111,0.004561917132320237,178.0,0.19101123595505623,0.37078651685393255,0.595505617977528,0.8649962685245416
small_long,rotatable_xlink,r0018,5.9,pulse_05,-0.7267089887640449,-1.5168776890548203,0.007803370786516846,0.007803370786516846,1.0,-0.24528301886792453,0.24606571289455956,0.0017578125,0.0015953056480985846,178.0,0.20224719101123595,0.3595505617977529,0.595505617977528,0.8623824396722711
small_long,rotatable_xlink,r0018,5.95,pulse_05,-0.6998033707865169,-1.5161689173879542,0.014580286006128707,0.014580286006128707,1.0,-0.24528301886792453,0.22827389109123442,0.001736111111111111,0.008150642468317168,178.0,0.1910112359550562,0.3595505617977528,0.5955056179775282,0.8480945570625887
small_long,rotatable_xlink,r0018,6.0,pulse_05,-0.6392272727272726,-1.5657815438647233,0.020192032686414747,0.020192032686414747,1.0,-0.23076923076923078,0.15983440606570018,0.0017144097222222222,0.01653754215892304,176.0,0.2045454545454545,0.34090909090909083,0.5909090909090909,0.8720472662828684
small_long,rotatable_xlink,r0018,6.05,pulse_06,-0.3305663043478259,-1.5076118508269316,0.009785144927536293,-0.009785144927536293,1.0,-0.0847457627118644,0.22519469180280527,0.001736111111111111,0.00391157422195576,184.0,0.23913043478260873,0.3260869565217392,0.5652173913043479,0.8801815118330516
small_long,rotatable_xlink,r0018,6.1,pulse_06,-0.3599217391304348,-1.4958771281610643,0.006051992753623235,-0.006051992753623235,1.0,-0.12727272727272726,0.1726265356847725,0.0018663194444444445,0.0004835619094917994,184.0,0.2391304347826087,0.31521739130434784,0.5652173913043478,0.8713350654185956
small_long,rotatable_xlink,r0018,6.15,pulse_06,-0.3668782608695653,-1.5047104793699808,0.007065398550724643,-0.007065398550724643,1.0,-0.15789473684210525,0.26021194852275137,0.0018880208333333333,0.0025344659508219625,184.0,0.23913043478260873,0.3152173913043479,0.5652173913043479,0.8631597810701512
small_long,rotatable_xlink,r0018,6.2,pulse_06,-0.40231413043478265,-1.511083923865996,0.011486413043478241,-0.011486413043478241,1.0,-0.14285714285714285,0.2299935863349232,0.001736111111111111,0.007592398361032093,184.0,0.23913043478260873,0.3152173913043479,0.5652173913043479,0.8796820528019423
small_long,rotatable_xlink,r0018,6.25,pulse_06,-0.43579673913043476,-1.5502648695361734,0.004445289855072467,-0.004445289855072467,1.0,-0.10714285714285714,0.22498406527370962,0.0017795138888888889,0.014646158467188789,184.0,0.23913043478260873,0.3152173913043479,0.5652173913043479,0.8947347106695079
small_long,rotatable_xlink,r0018,6.3,pulse_06,-0.42898586956521745,-1.5989608746691288,0.005987318840579708,0.005987318840579708,1.0,-0.10714285714285714,0.21221493688361615,0.0018229166666666667,0.005580613200291906,184.0,0.22826086956521738,0.30434782608695654,0.5869565217391305,0.8865594263210633
small_long,rotatable_xlink,r0018,6.35,pulse_06,-0.3998728260869565,-1.5837485487379248,0.021756985586876915,0.021756985586876915,1.0,-0.12727272727272726,0.25576920408888043,0.0018012152777777779,0.0034796064766117554,184.0,0.22826086956521743,0.3043478260869566,0.5760869565217392,0.8541416316207935
small_long,rotatable_xlink,r0018,6.4,pulse_06,-0.29844395604395596,-1.5780832358094583,0.015543456362478114,0.015543456362478114,1.0,-0.10714285714285714,0.2495177361972288,0.0018663194444444445,0.007143961888820531,182.0,0.2417582417582418,0.28571428571428575,0.5714285714285714,0.8775060335533578
small_long,rotatable_xlink,r0018,6.45,pulse_06,-0.3066120879120878,-1.5408847774050016,0.00255311355311356,-0.00255311355311356,1.0,-0.10714285714285714,0.17169442375782826,0.0017795138888888889,0.009055786043740946,182.0,0.2417582417582418,0.28571428571428575,0.5714285714285714,0.8588114873369227
small_long,rotatable_xlink,r0018,6.5,pulse_06,-0.3137626373626373,-1.5237485195470126,0.0060324175824175985,-0.0060324175824175985,1.0,-0.14285714285714285,0.2143753895023382,0.0018012152777777779,0.005332501133042696,182.0,0.2417582417582417,0.28571428571428564,0.5714285714285713,0.8801303807247373
small_long,rotatable_xlink,r0018,6.55,pulse_06,-0.3428065934065934,-1.5088897706067455,0.00594267399267398,0.00594267399267398,1.0,-0.12727272727272726,0.24088157524189827,0.0018663194444444445,0.00035534913493018294,182.0,0.24175824175824184,0.27472527472527475,0.5714285714285714,0.8686072748030101
small_long,rotatable_xlink,r0018,6.6,pulse_06,-0.27810659340659344,-1.5258806143565937,0.021901465201465214,0.021901465201465214,1.0,-0.038461538461538464,0.2156184987894954,0.0018229166666666667,0.0026046103355852703,182.0,0.2417582417582418,0.26373626373626374,0.5714285714285714,0.8711187555063484
small_long,rotatable_xlink,r0018,6.65,pulse_06,-0.21139780219780213,-1.4932621085932338,0.01086538461538463,0.01086538461538463,1.0,-0.038461538461538464,0.16319410276780474,0.0018012152777777779,0.0029820197390460304,182.0,0.24175824175824173,0.26373626373626374,0.5604395604395603,0.8803039706061768
small_long,rotatable_xlink,r0018,6.7,pulse_06,-0.21291428571428567,-1.5079884959223175,0.007158608058608046,0.007158608058608046,1.0,-0.0196078431372549,0.18167953388050964,0.0018446180555555555,0.007986412352667394,182.0,0.2417582417582418,0.2637362637362638,0.5604395604395604,0.8718652580867495
small_long,rotatable_xlink,r0018,6.75,pulse_06,-0.16844615384615386,-1.5411805827092382,0.007282783882783875,0.007282783882783875,1.0,-0.038461538461538464,0.19219125548501997,0.0018663194444444445,0.003946334633961768,182.0,0.2417582417582418,0.2637362637362638,0.5494505494505495,0.8624615517445112
small_long,rotatable_xlink,r0018,6.8,pulse_06,-0.16921758241758242,-1.5316665037260881,0.0020426739926740025,-0.0020426739926740025,1.0,-0.10714285714285714,0.1910737712640796,0.0018446180555555555,0.002302017010260634,182.0,0.24175824175824173,0.2637362637362638,0.5384615384615384,0.8541964291065232
small_long,rotatable_xlink,r0018,6.85,pulse_06,-0.18070219780219787,-1.554992684770802,0.0027571428571428517,0.0027571428571428517,1.0,-0.09433962264150944,0.27026825817560834,0.0017795138888888889,0.01719681735110601,182.0,0.2417582417582418,0.2637362637362638,0.5384615384615385,0.8609757882773819
small_long,rotatable_xlink,r0018,6.9,pulse_06,-0.1526747252747253,-1.6348474078327242,0.010731318681318677,0.010731318681318677,1.0,-0.05660377358490566,0.18690483928106072,0.0018012152777777779,0.016669473662501266,182.0,0.24175824175824173,0.26373626373626374,0.5164835164835163,0.8586378974554834
small_long,rotatable_xlink,r0018,6.95,pulse_06,-0.11631428571428581,-1.6550095267458096,0.012125457875457886,0.012125457875457886,1.0,-0.07407407407407407,0.24209454364525573,0.0018446180555555555,0.005015569775744799,182.0,0.2417582417582418,0.26373626373626374,0.5054945054945055,0.8434198257651971
small_long,rotatable_xlink,r0018,7.0,pulse_06,-0.079921978021978,-1.6047539891782554,0.012130769230769273,0.012130769230769273,1.0,-0.1320754716981132,0.2531928189916421,0.0018446180555555555,0.016751845855851395,182.0,0.2417582417582418,0.2637362637362638,0.5054945054945055,0.8475748377646765
small_long,rotatable_xlink,r0018,7.05,pulse_07,0.1172180851063829,-1.6085033027430247,0.00043085106382978006,-0.00043085106382978006,1.0,-0.05454545454545454,0.26164054765072453,0.0019097222222222222,0.009948811118705825,188.0,0.2659574468085106,0.2553191489361702,0.48936170212765956,0.858852489363439
small_long,rotatable_xlink,r0018,7.1,pulse_07,0.11592553191489356,-1.6383497360991421,0.004093085106382992,0.004093085106382992,1.0,-0.034482758620689655,0.2608258287488918,0.0018446180555555555,0.012145220331445791,188.0,0.2659574468085106,0.2553191489361702,0.48936170212765945,0.8681241271969995
small_long,rotatable_xlink,r0018,7.15,pulse_07,0.14177659574468085,-1.6813746247316994,0.005975886524822715,0.005975886524822715,1.0,-0.034482758620689655,0.1953089742748247,0.0019097222222222222,0.015503612530595142,188.0,0.276595744680851,0.25531914893617025,0.4893617021276596,0.8760550558823454
small_long,rotatable_xlink,r0018,7.2,pulse_07,0.15178085106382985,-1.731371411282713,0.01520139174864637,0.01520139174864637,1.0,-0.0847457627118644,0.2736891697524111,0.0017578125,0.007184347911831461,188.0,0.2659574468085106,0.2553191489361702,0.48936170212765956,0.864926653764355
small_long,rotatable_xlink,r0018,7.25,pulse_07,0.23298494623655908,-1.7244807122026882,0.01779889041409285,0.01779889041409285,1.0,-0.017543859649122806,0.24460090066674323,0.0018229166666666667,0.0003656360827222575,186.0,0.27956989247311825,0.24731182795698925,0.4731182795698924,0.8625145417767626
small_long,rotatable_xlink,r0018,7.3,pulse_07,0.25857419354838695,-1.7291775947863794,0.002688709677419359,0.002688709677419359,1.0,0.0,0.23088061770960217,0.0019097222222222222,0.008666134438531073,186.0,0.2795698924731182,0.2473118279569892,0.48387096774193533,0.8472447582585323
small_long,rotatable_xlink,r0018,7.35,pulse_07,0.24911720430107523,-1.7764775188338746,0.006354121863799259,-0.006354121863799259,1.0,0.01818181818181818,0.23393357651348684,0.0018663194444444445,0.0062936991866302154,186.0,0.25806451612903214,0.2473118279569892,0.47311827956989233,0.8489123623291567
small_long,rotatable_xlink,r0018,7.4,pulse_07,0.2204494623655914,-1.7669397899061607,0.006460215053763443,-0.006460215053763443,1.0,-0.017543859649122806,0.2791106993755215,0.0018663194444444445,0.0028357214379549265,186.0,0.2473118279569892,0.2473118279569892,0.4838709677419354,0.8423892350608085
small_long,rotatable_xlink,r0018,7.45,pulse_07,0.21035591397849457,-1.759463190206145,0.005225268817204286,0.005225268817204286,1.0,-0.018867924528301886,0.2322657945159705,0.0018880208333333333,0.0011713357850927641,186.0,0.2473118279569892,0.2473118279569892,0.4731182795698924,0.8442931993890076
small_long,rotatable_xlink,r0018,7.5,pulse_07,0.2518010752688171,-1.7739678046167173,0.01949283154121863,0.01949283154121863,1.0,0.037037037037037035,0.217845262114362,0.0017578125,0.004432739299567408,186.0,0.2473118279569892,0.2473118279569892,0.4838709677419354,0.8579439816617661
small_long,rotatable_xlink,r0018,7.55,pulse_07,0.32731290322580636,-1.7860596260035495,0.009086200716845886,0.009086200716845886,1.0,0.037037037037037035,0.18106239665219537,0.0017578125,0.002501468614263517,186.0,0.25806451612903214,0.24731182795698925,0.47311827956989233,0.8716055786429122
small_long,rotatable_xlink,r0018,7.6,pulse_07,0.30631827956989244,-1.7889766163022984,0.004995161290322588,0.004995161290322588,1.0,0.0,0.20089300706744107,0.0018663194444444445,0.006727027485863291,186.0,0.2580645161290322,0.2473118279569893,0.4731182795698925,0.8523805774541355
small_long,rotatable_xlink,r0018,7.65,pulse_07,0.3572838709677419,-1.7456974610883698,0.012284946236559105,0.012284946236559105,1.0,-0.018867924528301886,0.1844000173103822,0.0018663194444444445,0.008922268421713139,186.0,0.25806451612903225,0.24731182795698925,0.4623655913978494,0.8710128039500235
small_long,rotatable_xlink,r0018,7.7,pulse_07,0.3800279569892471,-1.7354430057720196,0.007517921146953405,0.007517921146953405,1.0,0.03571428571428571,0.14057397336942415,0.0017144097222222222,0.0005695631061100789,186.0,0.25806451612903225,0.24731182795698925,0.46236559139784933,0.853044522723738
small_long,rotatable_xlink,r0018,7.75,pulse_07,0.4023913978494623,-1.7491148397250302,0.0031949820788531127,0.0031949820788531127,1.0,0.08771929824561403,0.23688032126146183,0.0018012152777777779,0.004564641295008998,186.0,0.2580645161290322,0.24731182795698925,0.4516129032258064,0.8608516047909869
small_long,rotatable_xlink,r0018,7.8,pulse_07,0.39919784946236575,-1.7628308535420736,0.006011290322580631,-0.006011290322580631,1.0,0.034482758620689655,0.17728700533050554,0.0019314236111111112,0.019979472716969943,186.0,0.25806451612903225,0.2473118279569893,0.4623655913978494,0.8747981648548604
small_long,rotatable_xlink,r0018,7.85,pulse_07,0.36632365591397853,-1.86899167602685,0.0017761648745519925,-0.0017761648745519925,1.0,0.05263157894736842,0.21216764769762966,0.0018229166666666667,0.016172356689494943,186.0,0.25806451612903214,0.24731182795698925,0.45161290322580633,0.8623054163555972
small_long,rotatable_xlink,r0018,7.9,pulse_07,0.3885408602150538,-1.8598649936790432,0.008163799283154102,0.008163799283154102,1.0,0.034482758620689655,0.14667469333751745,0.0017795138888888889,0.004938181423790137,186.0,0.2688172043010752,0.24731182795698925,0.4408602150537633,0.8687251903501009
small_long,rotatable_xlink,r0018,7.95,pulse_07,0.41530645161290314,-1.8986207645695907,0.011444802867383502,0.011444802867383502,1.0,0.017543859649122806,0.14851529981177303,0.0017578125,0.014523225510164791,186.0,0.2580645161290322,0.2365591397849462,0.4408602150537634,0.8434593973536955
small_long,rotatable_xlink,r0018,8.0,pulse_07,0.4572096774193548,-1.947004346740032,0.01396774193548389,0.01396774193548389,1.0,0.034482758620689655,0.11113495968616331,0.0018446180555555555,0.01612786072348042,186.0,0.27956989247311825,0.2473118279569892,0.4408602150537633,0.8295722548233619
small_long,rotatable_xlink,r0019,0.0,initial,0.5060833333333334,3.0308088416669228,0.0909961111111111,-0.0909961111111111,1.0,0.0,0.0,0.0003689236111111111,0.047248308351660086,36.0,0.22222222222222224,0.22222222222222224,0.3333333333333333,0.6068705006644552
small_long,rotatable_xlink,r0019,0.05,initial,0.23309500000000014,-3.110631540457683,0.020480555555555568,-0.020480555555555568,1.0,0.07692307692307693,0.5611792689720042,0.000390625,0.004392291433614155,40.0,0.2,0.25,0.45,0.6520048999324791
small_long,rotatable_xlink,r0019,0.1,initial,0.38320000000000004,3.0571625902686077,0.08123921717171716,0.08123921717171716,1.0,0.058823529411764705,0.3827275039517112,0.0005642361111111111,0.030391004098307972,56.0,0.25,0.21428571428571427,0.46428571428571425,0.715231266233483
small_long,rotatable_xlink,r0019,0.15000000000000002,initial,0.7205303030303031,2.990207742132055,0.14892567567567572,0.14892567567567572,1.0,0.0,0.16241032243723938,0.0006510416666666666,0.011756232233953279,66.0,0.3030303030303031,0.18181818181818182,0.4545454545454546,0.7308137052131953
small_long,rotatable_xlink,r0019,0.2,initial,1.2767540540540543,2.986625196864888,0.10642953282828281,0.10642953282828281,1.0,0.16666666666666666,0.22043663750156778,0.00078125,0.004651206044900731,74.0,0.3783783783783783,0.16216216216216214,0.3783783783783783,0.7641774652827091
small_long,rotatable_xlink,r0019,0.25,initial,1.3591075,3.0181149784014596,0.04446773517703743,0.04446773517703743,1.0,0.25925925925925924,0.12495358784918091,0.0008246527777777778,0.013793957368754587,80.0,0.425,0.15,0.4,0.7943665317782832
small_long,rotatable_xlink,r0019,0.30000000000000004,initial,1.5435604651162789,3.0693889410774156,0.10257853723404257,0.10257853723404257,1.0,0.3333333333333333,0.09764599213362149,0.0008246527777777778,0.0012034573719718427,86.0,0.4186046511627907,0.16279069767441862,0.3953488372093023,0.7966898915242873
small_long,rotatable_xlink,r0019,0.35000000000000003,initial,1.9745787234042553,3.0108942341696285,0.11559319045447643,0.11559319045447643,1.0,0.3939393939393939,0.18035306367843837,0.0008897569444444444,0.015331956292815141,94.0,0.46808510638297873,0.14893617021276598,0.36170212765957455,0.7969593075126069
small_long,rotatable_xlink,r0019,0.4,initial,2.2371196078431375,2.9773972033205247,0.08174967705167169,0.08174967705167169,1.0,0.42857142857142855,0.24821004585662393,0.0009548611111111111,0.008286184045044553,102.0,0.4901960784313725,0.13725490196078433,0.3333333333333334,0.8134591483129203
small_long,rotatable_xlink,r0019,0.45,initial,2.4650767857142855,2.961177129899361,0.05890718400354489,0.05890718400354489,1.0,0.48717948717948717,0.22019350745693522,0.0010850694444444445,0.01100193507064214,112.0,0.5,0.125,0.3035714285714285,0.812371498412512
small_long,rotatable_xlink,r0019,0.5,initial,2.590562711864407,2.911385592896672,0.03342572697111638,0.03342572697111638,1.0,0.5238095238095238,0.2645617564715364,0.0010850694444444445,0.01569292930434026,118.0,0.5084745762711864,0.11864406779661016,0.288135593220339,0.7968005653634904
small_long,rotatable_xlink,r0019,0.55,initial,2.6656311475409837,2.8670195540733197,0.018690354474211784,0.018690354474211784,1.0,0.5348837209302325,0.1921360535889093,0.001171875,0.0003857476599395948,122.0,0.5245901639344264,0.09836065573770492,0.27868852459016397,0.7967211744732902
small_long,rotatable_xlink,r0019,0.6000000000000001,initial,2.7027048387096775,2.9090711069370343,0.053389167717528364,0.053389167717528364,1.0,0.5348837209302325,0.209141833479101,0.0013237847222222223,0.008574929062791151,124.0,0.4999999999999999,0.1129032258064516,0.2741935483870967,0.8053137186640242
small_long,rotatable_xlink,r0019,0.65,initial,2.985966153846154,2.9184691284500666,0.0734158602150538,0.0734158602150538,1.0,0.5111111111111111,0.2518196915678187,0.0013237847222222223,0.002011066419015236,130.0,0.5230769230769231,0.07692307692307693,0.2461538461538461,0.8136137421514397
small_long,rotatable_xlink,r0019,0.7000000000000001,initial,3.1432,2.897004708422943,0.04528126291618836,0.04528126291618836,1.0,0.5510204081632653,0.1505179921145702,0.0013671875,0.01649502231086612,134.0,0.5671641791044776,0.07462686567164178,0.2388059701492537,0.8060275392365531
small_long,rotatable_xlink,r0019,0.75,initial,3.257653731343284,3.0174392623152633,0.04101738095238098,0.04101738095238098,1.0,0.6,0.19505704061588242,0.0013237847222222223,0.0028389709797486487,134.0,0.5671641791044776,0.07462686567164178,0.22388059701492535,0.8042453333216609
small_long,rotatable_xlink,r0019,0.8,initial,3.389304285714286,2.879970882544451,0.04891187810945271,0.04891187810945271,1.0,0.6153846153846154,0.17095706503151406,0.001388888888888889,0.04656223208134095,140.0,0.5999999999999999,0.07142857142857142,0.21428571428571425,0.797848010552007
small_long,rotatable_xlink,r0019,0.8500000000000001,initial,3.5511250000000003,2.7380658698272176,0.04051839682539667,0.04051839682539667,1.0,0.48148148148148145,0.13932230340429483,0.0014322916666666666,0.032675341274338944,144.0,0.5972222222222222,0.05555555555555556,0.19444444444444442,0.8015542547622907
small_long,rotatable_xlink,r0019,0.9,initial,3.632414666666666,2.6839188348984173,0.024771807359307136,0.024771807359307136,1.0,0.5087719298245614,0.17931535972308874,0.0014973958333333334,0.007596588731491272,150.0,0.6216216216216215,0.05405405405405404,0.18918918918918917,0.8165820571163186
small_long,rotatable_xlink,r0019,0.9500000000000001,initial,3.699755844155843,2.69248633743827,0.012056957264957369,0.012056957264957369,1.0,0.5254237288135594,0.13305758874685775,0.0014973958333333334,0.005278844091549957,154.0,0.6493506493506492,0.051948051948051945,0.18181818181818182,0.8119714843563054
small_long,rotatable_xlink,r0019,1.0,initial,3.7047564102564103,2.715591899447717,0.001666855366855735,0.001666855366855735,1.0,0.5409836065573771,0.15870912860097713,0.0014539930555555556,0.0077018540031490446,156.0,0.6410256410256412,0.05128205128205129,0.1794871794871795,0.8134932148815874
small_long,rotatable_xlink,r0019,1.05,pulse_01,3.8125761904761917,2.6789976898431798,0.007252847805789238,-0.007252847805789238,1.0,0.5757575757575758,0.12253923585501901,0.001584201388888889,0.0011265435942634146,168.0,0.6666666666666666,0.047619047619047616,0.16666666666666669,0.8136095508306067
small_long,rotatable_xlink,r0019,1.1,pulse_01,3.790817647058824,2.68237732062597,0.005710016420361545,-0.005710016420361545,1.0,0.5882352941176471,0.14718839984400064,0.0016276041666666667,0.011518228815369755,170.0,0.6705882352941176,0.047058823529411764,0.1647058823529412,0.8105119422399574
small_long,rotatable_xlink,r0019,1.15,pulse_01,3.7783160919540224,2.7481070627353983,0.00214406256884773,0.00214406256884773,1.0,0.5942028985507246,0.16969089710714735,0.0017144097222222222,0.005704568295022601,174.0,0.6666666666666667,0.04597701149425288,0.16091954022988508,0.7993382561269299
small_long,rotatable_xlink,r0019,1.2,pulse_01,3.8036820224719103,2.7166047303961056,0.01783039734814233,-0.01783039734814233,1.0,0.5942028985507246,0.1082070396046338,0.001736111111111111,0.0461618439458078,178.0,0.6704545454545453,0.045454545454545456,0.1590909090909091,0.7965236792458575
small_long,rotatable_xlink,r0019,1.25,pulse_01,3.6713337078651684,2.4711359990605515,0.050982584269662956,-0.050982584269662956,1.0,0.582089552238806,0.1682153608033759,0.0016710069444444444,0.021100036287979334,178.0,0.6853932584269662,0.033707865168539325,0.15730337078651685,0.8059556812008726
small_long,rotatable_xlink,r0019,1.3,pulse_01,3.4977865168539326,2.5900045126682296,0.040300803162713374,-0.040300803162713374,1.0,0.5625,0.18957560326378028,0.0016276041666666667,0.06133723298076221,178.0,0.6292134831460674,0.0449438202247191,0.15730337078651685,0.8139361525833799
small_long,rotatable_xlink,r0019,1.35,pulse_01,3.429528888888888,2.8391593969451248,0.013114053175288983,-0.013114053175288983,1.0,0.5483870967741935,0.16788471669892252,0.0016710069444444444,0.038999834038206505,180.0,0.6444444444444444,0.04444444444444444,0.15555555555555553,0.8354921658658233
small_long,rotatable_xlink,r0019,1.4,pulse_01,3.4191021978021987,2.8240035168974686,0.005884134460547512,0.005884134460547512,1.0,0.5483870967741935,0.1423560223145539,0.0018446180555555555,0.0010458241466992184,182.0,0.6263736263736261,0.03296703296703297,0.15384615384615388,0.8194316838450326
small_long,rotatable_xlink,r0019,1.45,pulse_01,3.4648336956521733,2.84543434182532,0.025844669160626516,0.025844669160626516,1.0,0.5625,0.17339938377993208,0.0018880208333333333,0.0017813341384937953,184.0,0.6195652173913044,0.03260869565217391,0.1521739130434783,0.827403058475284
small_long,rotatable_xlink,r0019,1.5,pulse_01,3.574170212765958,2.813315512066506,0.01833122616323431,0.01833122616323431,1.0,0.582089552238806,0.16508731866111181,0.001953125,0.003827151084146848,188.0,0.6489361702127658,0.03191489361702128,0.1595744680851064,0.8287742985777284
small_long,rotatable_xlink,r0019,1.55,pulse_01,3.574821052631579,2.868397248330201,0.006771000373273643,-0.006771000373273643,1.0,0.5882352941176471,0.15430942958214378,0.0018012152777777779,0.009954480804716651,190.0,0.6421052631578947,0.031578947368421054,0.15789473684210525,0.8054812577256507
small_long,rotatable_xlink,r0019,1.6,pulse_01,3.533544210526316,2.873042396894806,0.008995776813166989,-0.008995776813166989,1.0,0.5294117647058824,0.10543581380504488,0.0018446180555555555,0.009601682570208103,190.0,0.631578947368421,0.031578947368421054,0.16842105263157897,0.84889578424983
small_long,rotatable_xlink,r0019,1.65,pulse_01,3.520846391752577,2.8107871529089525,0.010729331915647844,0.010729331915647844,1.0,0.5652173913043478,0.14528678872394196,0.001953125,0.021817610593194352,194.0,0.6185567010309276,0.04123711340206186,0.16494845360824745,0.8341498893032716
small_long,rotatable_xlink,r0019,1.7000000000000002,pulse_01,3.597920202020203,2.7421367333356397,0.00930043470790376,0.00930043470790376,1.0,0.5833333333333334,0.16643122082682987,0.0018880208333333333,0.011487951463369376,198.0,0.6262626262626263,0.0404040404040404,0.1616161616161616,0.8298779435313757
small_long,rotatable_xlink,r0019,1.75,pulse_01,3.5766489999999997,2.7418594441287363,0.005823200336700474,-0.005823200336700474,1.0,0.5428571428571428,0.15261816995082494,0.0019314236111111112,0.008601565184279902,200.0,0.6262626262626263,0.0404040404040404,0.1616161616161616,0.8327174772535999
small_long,rotatable_xlink,r0019,1.8,pulse_01,3.562981,2.6905273422299603,0.00546510066006604,0.00546510066006604,1.0,0.5714285714285714,0.12561707220139245,0.002018229166666667,0.007423851413806452,200.0,0.6199999999999999,0.04,0.15999999999999998,0.8314195528924774
small_long,rotatable_xlink,r0019,1.85,pulse_01,3.609439603960396,2.6973163356458976,0.018982292880258916,0.018982292880258916,1.0,0.5616438356164384,0.10273664782949023,0.0019314236111111112,0.003391284133947773,202.0,0.6237623762376239,0.02970297029702971,0.15841584158415842,0.8282603668891629
small_long,rotatable_xlink,r0019,1.9,pulse_01,3.6768747572815537,2.710875047033647,0.022219936556762427,0.022219936556762427,1.0,0.6103896103896104,0.12939106844875187,0.001953125,0.0013967055685057221,206.0,0.6310679611650484,0.038834951456310676,0.16504854368932037,0.8180745688152643
small_long,rotatable_xlink,r0019,1.9500000000000002,pulse_01,3.7427592233009706,2.705696569056932,0.00901061737615135,0.00901061737615135,1.0,0.6153846153846154,0.09177446030048651,0.001953125,0.011697649970295284,206.0,0.6504854368932037,0.038834951456310676,0.1553398058252427,0.8336248466061099
small_long,rotatable_xlink,r0019,2.0,pulse_01,3.7309384615384618,2.7810609468554186,0.0039402539208362635,-0.0039402539208362635,1.0,0.6153846153846154,0.12123564378163747,0.002126736111111111,0.025121459266162233,208.0,0.6538461538461537,0.04807692307692307,0.15384615384615383,0.8186831174435021
small_long,rotatable_xlink,r0019,2.05,pulse_02,3.753140909090909,2.8159297460553883,0.020527750477750278,-0.020527750477750278,1.0,0.6341463414634146,0.07826097297449343,0.002191840277777778,0.014917047083751633,220.0,0.6636363636363635,0.045454545454545456,0.14545454545454545,0.8316315857853447
small_long,rotatable_xlink,r0019,2.1,pulse_02,3.691557657657658,2.7711786048041334,0.021351412776412726,-0.021351412776412726,1.0,0.575,0.15889617801819308,0.0021484375,0.011860227446772878,222.0,0.6306306306306306,0.03603603603603604,0.16216216216216212,0.83952251933133
small_long,rotatable_xlink,r0019,2.15,pulse_02,3.6250324324324326,2.744768381374751,0.060685821730821786,-0.060685821730821786,1.0,0.569620253164557,0.14059564836645605,0.002170138888888889,0.024713389563973065,222.0,0.6126126126126124,0.04504504504504504,0.17117117117117112,0.8441837498836691
small_long,rotatable_xlink,r0019,2.2,pulse_02,3.3274427272727274,2.9194589421879718,0.06718646601146598,-0.06718646601146598,1.0,0.5263157894736842,0.2130649929977657,0.0020616319444444445,0.019948648694803357,220.0,0.5818181818181817,0.03636363636363636,0.16363636363636364,0.8386127025059618
small_long,rotatable_xlink,r0019,2.25,pulse_02,3.2219136363636367,2.864460273543571,0.017928333333333546,-0.017928333333333546,1.0,0.5135135135135135,0.13080856997817122,0.002191840277777778,0.012387390349850739,220.0,0.5727272727272725,0.045454545454545456,0.16363636363636364,0.8450696293518086
small_long,rotatable_xlink,r0019,2.3,pulse_02,3.219872727272726,2.8451346000888673,0.056499720174720235,-0.056499720174720235,1.0,0.5135135135135135,0.2008493303880234,0.0021484375,0.007287911045665618,220.0,0.5727272727272726,0.045454545454545456,0.1636363636363636,0.8637315223604861
small_long,rotatable_xlink,r0019,2.35,pulse_02,2.8829153153153153,2.8207328072695774,0.11533994859307344,-0.11533994859307344,1.0,0.47058823529411764,0.20663555218958773,0.0020616319444444445,0.002645619984113464,222.0,0.5225225225225224,0.05405405405405406,0.18018018018018017,0.870032525927548
small_long,rotatable_xlink,r0019,2.4,pulse_02,2.5278330357142855,2.861008319993548,0.11025373249355545,-0.11025373249355545,1.0,0.4375,0.21864378818023716,0.002126736111111111,0.02784643272921324,224.0,0.47321428571428575,0.0625,0.18749999999999994,0.856762870477709
small_long,rotatable_xlink,r0019,2.45,pulse_02,2.2213929203539826,2.987811403644857,0.059101266186299,-0.059101266186299,1.0,0.3770491803278688,0.19296139206862817,0.0022569444444444442,0.02024823332123001,226.0,0.42477876106194684,0.061946902654867256,0.18584070796460175,0.8511430509208688
small_long,rotatable_xlink,r0019,2.5,pulse_02,2.1732254385964915,2.982497719920928,0.005041614723611643,0.005041614723611643,1.0,0.3225806451612903,0.2627676456372724,0.0022569444444444442,0.0008027268892165651,228.0,0.42105263157894723,0.061403508771929814,0.21052631578947373,0.8525142725609004
small_long,rotatable_xlink,r0019,2.55,pulse_02,2.2516426086956525,2.9829950423095575,0.02469356725146195,0.02469356725146195,1.0,0.3114754098360656,0.21237507078135356,0.0023003472222222223,0.0022075328570885233,230.0,0.43478260869565205,0.06086956521739131,0.208695652173913,0.8425429762034249
small_long,rotatable_xlink,r0019,2.6,pulse_02,2.3213868421052632,2.9957429170634593,0.020913951182303474,0.020913951182303474,1.0,0.34375,0.10875456630871326,0.002105034722222222,0.004702215533408364,228.0,0.4473684210526316,0.05263157894736842,0.21052631578947367,0.8471927739998795
small_long,rotatable_xlink,r0019,2.65,pulse_02,2.3771263157894733,3.0112083355100077,0.01244868421052625,0.01244868421052625,1.0,0.34375,0.12674139168753654,0.002170138888888889,0.0069214590575411945,228.0,0.4561403508771928,0.05263157894736842,0.1842105263157895,0.8509251961892268
small_long,rotatable_xlink,r0019,2.7,pulse_02,2.3960789473684208,2.954214162718212,0.0018254691075515102,0.0018254691075515102,1.0,0.3230769230769231,0.15360487368082879,0.002322048611111111,0.006122303693534355,228.0,0.4649122807017543,0.05263157894736842,0.2017543859649123,0.8671241350470874
small_long,rotatable_xlink,r0019,2.75,pulse_02,2.3880791304347824,2.9744745133488015,0.000186552250190782,0.000186552250190782,1.0,0.3333333333333333,0.11189288702965061,0.0022786458333333335,0.0011854561241502932,230.0,0.4608695652173914,0.05217391304347826,0.208695652173913,0.8510445232749686
small_long,rotatable_xlink,r0019,2.8,pulse_02,2.3971982608695654,2.961326899463114,0.0029628985507246983,0.0029628985507246983,1.0,0.30303030303030304,0.1693747986149861,0.0022352430555555554,0.0010717251899090563,230.0,0.4434782608695652,0.05217391304347826,0.2260869565217391,0.8298583142195756
small_long,rotatable_xlink,r0019,2.85,pulse_02,2.4058565217391306,2.968044162209347,0.00015217391304352587,-0.00015217391304352587,1.0,0.31343283582089554,0.17357661140884975,0.0022135416666666666,0.0014141019383775433,230.0,0.44347826086956516,0.05217391304347826,0.23478260869565215,0.85368413626194
small_long,rotatable_xlink,r0019,2.9,pulse_02,2.3962852173913043,2.9528422878328486,0.002540724637681254,-0.002540724637681254,1.0,0.31343283582089554,0.1709552146624348,0.0022135416666666666,0.00102355801368,230.0,0.44347826086956516,0.05217391304347826,0.2434782608695652,0.8465051473446127
small_long,rotatable_xlink,r0019,2.95,pulse_02,2.390612173913043,2.974185510291427,0.004017681159420287,-0.004017681159420287,1.0,0.3235294117647059,0.0981228327922458,0.0023654513888888887,0.006349307196958846,230.0,0.43478260869565216,0.05217391304347826,0.24347826086956514,0.8524603944695228
small_long,rotatable_xlink,r0019,3.0,pulse_02,2.3721791304347826,2.9909381310146017,0.006144347826086823,-0.006144347826086823,1.0,0.35294117647058826,0.08430650036840856,0.0022786458333333335,0.005584206907724838,230.0,0.43478260869565216,0.06086956521739131,0.2608695652173913,0.8540038963948567
small_long,rotatable_xlink,r0019,3.05,pulse_03,2.429217948717948,2.9301294856505926,0.0017660968660971517,0.0017660968660971517,1.0,0.37142857142857144,0.11507599662966861,0.00234375,0.0021601385501811934,234.0,0.4444444444444445,0.051282051282051266,0.25641025641025633,0.8594122876036013
small_long,rotatable_xlink,r0019,3.1,pulse_03,2.4345162393162396,2.923649070000049,0.011900313144709814,0.011900313144709814,1.0,0.37142857142857144,0.09748329266916614,0.00234375,0.0014527237429301139,234.0,0.43589743589743585,0.06837606837606838,0.2649572649572649,0.876826352480819
small_long,rotatable_xlink,r0019,3.15,pulse_03,2.500619827586207,2.9388458281081733,0.005157207240396848,0.005157207240396848,1.0,0.391304347826087,0.12068612898322517,0.002322048611111111,0.006315919428208454,232.0,0.4655172413793105,0.06034482758620689,0.25862068965517243,0.848842107397173
small_long,rotatable_xlink,r0019,3.2,pulse_03,2.4654594827586207,2.9615445865692998,0.0072275862068964525,-0.0072275862068964525,1.0,0.4,0.1107797391578243,0.00234375,0.0008673343083410353,232.0,0.45689655172413807,0.06034482758620689,0.2500000000000001,0.8721864361692335
small_long,rotatable_xlink,r0019,3.25,pulse_03,2.4572543103448283,2.9440498339582195,0.004794252873563313,-0.004794252873563313,1.0,0.4084507042253521,0.09985001643608998,0.0022786458333333335,0.003599073430406108,232.0,0.47413793103448293,0.06034482758620689,0.2500000000000001,0.8845999928093602
small_long,rotatable_xlink,r0019,3.3,pulse_03,2.436693965517241,2.939950145986863,0.06243204022988517,-0.06243204022988517,1.0,0.4,0.16185285780253147,0.00234375,0.006175487739631687,232.0,0.44827586206896564,0.06896551724137931,0.2500000000000001,0.885461709465648
small_long,rotatable_xlink,r0019,3.35,pulse_03,2.0826620689655173,2.9811027603960096,0.11787097701149414,-0.11787097701149414,1.0,0.35294117647058826,0.08686119634857119,0.0022135416666666666,0.010918348243627696,232.0,0.43103448275862066,0.07758620689655173,0.29310344827586204,0.8825630725265199
small_long,rotatable_xlink,r0019,3.4,pulse_03,1.729468103448276,3.0054602354486293,0.13444367816091954,-0.13444367816091954,1.0,0.22857142857142856,0.08000588711531746,0.00234375,0.0026894943892693166,232.0,0.37931034482758635,0.08620689655172416,0.35344827586206906,0.869991502791591
small_long,rotatable_xlink,r0019,3.45,pulse_03,1.276,2.9649657940603937,0.175923275862069,-0.175923275862069,1.0,0.10526315789473684,0.1259849436426142,0.0022569444444444442,0.01782455998534586,232.0,0.36206896551724155,0.08620689655172416,0.40517241379310365,0.8723540970672368
small_long,rotatable_xlink,r0019,3.5,pulse_03,0.6739284482758621,2.898512875536554,0.1447913043478261,-0.1447913043478261,1.0,-0.05263157894736842,0.13870011388433867,0.002322048611111111,0.0016681980844586164,232.0,0.31034482758620696,0.16379310344827588,0.45689655172413807,0.86617783174149
small_long,rotatable_xlink,r0019,3.55,pulse_03,0.40725217391304336,2.954956605553642,0.04417561094452774,-0.04417561094452774,1.0,-0.0958904109589041,0.17947797381871217,0.0022135416666666666,0.027168965868027195,230.0,0.26086956521739124,0.14782608695652175,0.5130434782608695,0.8682245118015899
small_long,rotatable_xlink,r0019,3.6,pulse_03,0.40887478260869564,3.0615266707447173,0.016721594202898576,0.016721594202898576,1.0,-0.14285714285714285,0.14472699308778472,0.002322048611111111,0.04123661010183044,230.0,0.28695652173913033,0.23478260869565215,0.5304347826086955,0.9061433185199069
small_long,rotatable_xlink,r0019,3.65,pulse_03,0.5075817391304348,-3.0808090410149616,0.021729855072463767,-0.021729855072463767,1.0,-0.07317073170731707,0.20714923588525092,0.00234375,0.02999247644294008,230.0,0.3217391304347825,0.25217391304347825,0.5130434782608696,0.889557814982046
small_long,rotatable_xlink,r0019,3.7,pulse_03,0.27849565217391303,-3.0417037777772284,0.06854173913043478,-0.06854173913043478,1.0,-0.1724137931034483,0.28166734079295314,0.0022352430555555554,0.00582646987861087,230.0,0.30434782608695643,0.28695652173913044,0.5478260869565218,0.8857109815749877
small_long,rotatable_xlink,r0019,3.75,pulse_03,0.09633130434782612,-3.0458502217432963,0.03707521739130435,-0.03707521739130435,1.0,-0.21348314606741572,0.21742957127819074,0.002170138888888889,0.0038581530148666943,230.0,0.28695652173913033,0.28695652173913044,0.5652173913043478,0.8564926410055396
small_long,rotatable_xlink,r0019,3.8,pulse_03,0.05604434782608695,-3.0185548596880283,0.0044011594202898715,-0.0044011594202898715,1.0,-0.21348314606741572,0.1682829544603722,0.002170138888888889,0.007333566648053846,230.0,0.30434782608695643,0.3217391304347825,0.5652173913043478,0.8767876155225371
small_long,rotatable_xlink,r0019,3.85,pulse_03,0.06992434782608689,-3.0018488218549733,0.018268193490973816,0.018268193490973816,1.0,-0.23076923076923078,0.1761618406388964,0.0022135416666666666,0.0042297826851636815,230.0,0.30434782608695643,0.3130434782608696,0.5652173913043479,0.8593608051796577
small_long,rotatable_xlink,r0019,3.9,pulse_03,0.16565350877192983,-2.993176163577046,0.013308222730739899,0.013308222730739899,1.0,-0.21348314606741572,0.21586152178800483,0.0022352430555555554,0.001105831055365547,228.0,0.30701754385964913,0.2982456140350877,0.5526315789473684,0.8711210620754788
small_long,rotatable_xlink,r0019,3.95,pulse_03,0.14977368421052628,-2.99521383552278,0.03540263157894738,-0.03540263157894738,1.0,-0.18604651162790697,0.189879256623353,0.0022786458333333335,0.02337900453178854,228.0,0.3070175438596491,0.2982456140350877,0.5526315789473684,0.8861244087533051
small_long,rotatable_xlink,r0019,4.0,pulse_03,-0.04676228070175446,-3.1334501907677774,0.06551198830409359,-0.06551198830409359,1.0,-0.125,0.04278571695804487,0.0022135416666666666,0.04607878508166582,228.0,0.2807017543859649,0.32456140350877194,0.5438596491228068,0.8879063053351057
small_long,rotatable_xlink,r0019,4.05,pulse_04,-0.5142826086956521,2.8361091965885095,0.17834782608695646,-0.17834782608695646,1.0,-0.2,0.08674499075246331,0.002191840277777778,0.19700685925781145,230.0,0.2695652173913043,0.3999999999999999,0.6086956521739133,0.8750749947783476
small_long,rotatable_xlink,r0019,4.1,pulse_04,-1.0493260869565215,2.245088618815075,0.22264811594202905,-0.22264811594202905,1.0,-0.3103448275862069,0.08513301556088525,0.0022352430555555554,0.20954941182049933,230.0,0.21739130434782603,0.48695652173913045,0.6347826086956523,0.8463696619490314
small_long,rotatable_xlink,r0019,4.15,pulse_04,-1.8501713043478263,1.5788127256655136,0.20761913043478256,-0.20761913043478256,1.0,-0.4457831325301205,0.2146110228049464,0.002322048611111111,0.12030460848458413,230.0,0.15789473684210525,0.5087719298245614,0.719298245614035,0.8600692121026801
small_long,rotatable_xlink,r0019,4.2,pulse_04,-2.295040869565217,1.5232609679075704,0.07656101449275358,-0.07656101449275358,1.0,-0.5384615384615384,0.17508450001863152,0.0023003472222222223,0.024077522328814105,230.0,0.1478260869565217,0.591304347826087,0.7565217391304351,0.8440864781287588
small_long,rotatable_xlink,r0019,4.25,pulse_04,-2.3095373913043478,1.434347591692629,0.0007582608695650972,0.0007582608695650972,1.0,-0.5333333333333333,0.17427435537345623,0.0022786458333333335,0.004771024223473863,230.0,0.14912280701754385,0.5789473684210527,0.7543859649122806,0.8571875991541438
small_long,rotatable_xlink,r0019,4.3,pulse_04,-2.2904913043478263,1.5518871132484136,0.0011727536231883977,-0.0011727536231883977,1.0,-0.5333333333333333,0.18009436191624983,0.00234375,0.01193736765234732,230.0,0.1565217391304348,0.5826086956521741,0.7652173913043484,0.8573936072410772
small_long,rotatable_xlink,r0019,4.35,pulse_04,-2.316573913043478,1.5059717976067128,0.0015057971014492317,-0.0015057971014492317,1.0,-0.5333333333333333,0.1485391296188292,0.0022352430555555554,0.017318663043783156,230.0,0.1565217391304348,0.5913043478260871,0.7565217391304351,0.8551795874862376
small_long,rotatable_xlink,r0019,4.4,pulse_04,-2.2995260869565217,1.4479751349857146,0.006350579710144855,0.006350579710144855,1.0,-0.5384615384615384,0.1114825250097736,0.002170138888888889,0.014556825811965527,230.0,0.1565217391304348,0.5913043478260872,0.7565217391304352,0.8354812020525677
small_long,rotatable_xlink,r0019,4.45,pulse_04,-2.278470434782609,1.4186308427349197,0.0028792753623188747,0.0028792753623188747,1.0,-0.5434782608695652,0.19208976609577214,0.0022786458333333335,0.0061457773948293175,230.0,0.15652173913043477,0.591304347826087,0.7565217391304351,0.853715892652874
small_long,rotatable_xlink,r0019,4.5,pulse_04,-2.2822504347826085,1.4111004706167387,0.0025417098906686717,0.0025417098906686717,1.0,-0.5384615384615384,0.19186568947027316,0.0022786458333333335,0.00584887171352888,230.0,0.1565217391304347,0.5913043478260872,0.7565217391304352,0.8353602130348723
small_long,rotatable_xlink,r0019,4.55,pulse_04,-2.263220175438597,1.453724073016093,0.004253142639206657,0.004253142639206657,1.0,-0.5280898876404494,0.10785993741846031,0.002387152777777778,0.01569205264473339,228.0,0.15789473684210525,0.5877192982456139,0.7543859649122803,0.8052454705085581
small_long,rotatable_xlink,r0019,4.6,pulse_04,-2.2567315789473685,1.505252786485139,0.024430353723542037,0.024430353723542037,1.0,-0.5280898876404494,0.09935597873061922,0.0022352430555555554,0.0022680219261994963,228.0,0.15789473684210525,0.5877192982456141,0.7543859649122805,0.8189003290098036
small_long,rotatable_xlink,r0019,4.65,pulse_04,-2.1166380530973448,1.440115941458896,0.06841204781866173,0.06841204781866173,1.0,-0.5116279069767442,0.1258593351690816,0.002126736111111111,0.046647279916930594,226.0,0.15929203539823011,0.5663716814159293,0.752212389380531,0.8549632363574092
small_long,rotatable_xlink,r0019,4.7,pulse_04,-1.8462592920353982,1.2253691069835555,0.03565619469026545,0.03565619469026545,1.0,-0.46153846153846156,0.06325453891400223,0.0022786458333333335,0.03344657512199023,226.0,0.1592920353982301,0.5044247787610618,0.7345132743362831,0.845752044940847
small_long,rotatable_xlink,r0019,4.75,pulse_04,-1.902700884955752,1.2394364907269546,0.00855619469026551,-0.00855619469026551,1.0,-0.4878048780487805,0.08675738623301463,0.002170138888888889,0.003959822679487135,226.0,0.1592920353982301,0.5398230088495576,0.7345132743362834,0.8530580956089234
small_long,rotatable_xlink,r0019,4.8,pulse_04,-1.8975964601769912,1.2016101709066327,0.008718302254530075,0.008718302254530075,1.0,-0.5061728395061729,0.09930190146895715,0.002322048611111111,0.014381064712791658,226.0,0.1592920353982301,0.5309734513274337,0.7345132743362831,0.8724210399139082
small_long,rotatable_xlink,r0019,4.85,pulse_04,-1.8503910714285716,1.1531501024502047,0.0016120226421111699,0.0016120226421111699,1.0,-0.5,0.0706642890653906,0.002170138888888889,0.012296227483890218,224.0,0.16071428571428567,0.5178571428571428,0.7321428571428573,0.8696749900759068
small_long,rotatable_xlink,r0019,4.9,pulse_04,-1.8879243243243242,1.1278328060032914,0.017709145752895727,-0.017709145752895727,1.0,-0.5,0.07702996799626978,0.002191840277777778,0.015331483617485967,222.0,0.16216216216216214,0.5225225225225224,0.7297297297297296,0.8928331876846338
small_long,rotatable_xlink,r0019,4.95,pulse_04,-1.956645945945946,1.0611612007452889,0.0023280780780780366,-0.0023280780780780366,1.0,-0.5,0.11590530819230763,0.0020616319444444445,0.07204243222274122,222.0,0.16216216216216214,0.5225225225225224,0.7387387387387385,0.8714626084818311
small_long,rotatable_xlink,r0019,5.0,pulse_04,-1.9018927927927924,0.695578212666844,0.01825105105105118,0.01825105105105118,1.0,-0.4936708860759494,0.10676790681991412,0.002105034722222222,0.12186099602614826,222.0,0.16216216216216214,0.5225225225225224,0.7387387387387385,0.8819066874966545
small_long,rotatable_xlink,r0019,5.05,pulse_05,-1.5156643478260867,0.6224377951551651,0.04229200101703542,-0.04229200101703542,1.0,-0.3902439024390244,0.13030066043270644,0.002105034722222222,0.054315376916525916,230.0,0.1913043478260869,0.4695652173913043,0.6782608695652176,0.8810782926042943
small_long,rotatable_xlink,r0019,5.1,pulse_05,-1.642540350877193,0.7853839259047428,0.05440126366641244,-0.05440126366641244,1.0,-0.4146341463414634,0.1543061198582303,0.0022135416666666666,0.021153589290550907,228.0,0.1981981981981982,0.4774774774774774,0.6666666666666665,0.8787618975374396
small_long,rotatable_xlink,r0019,5.15,pulse_05,-1.8420719298245614,0.7493593308984705,0.059787865497075966,-0.059787865497075966,1.0,-0.5064935064935064,0.15057283642255487,0.0022135416666666666,0.002261462394722228,228.0,0.1403508771929825,0.5,0.6929824561403507,0.8826913391798183
small_long,rotatable_xlink,r0019,5.2,pulse_05,-2.001267543859649,0.7989527002730762,0.014449516120685199,-0.014449516120685199,1.0,-0.5466666666666666,0.10064421740849136,0.0021484375,0.007187547891755723,228.0,0.13157894736842107,0.4912280701754385,0.7456140350877192,0.8556343650969288
small_long,rotatable_xlink,r0019,5.25,pulse_05,-1.9287690265486725,0.7924846182490048,0.020421876778968007,0.020421876778968007,1.0,-0.5405405405405406,0.13627652355240194,0.00234375,0.002881446478727697,226.0,0.14159292035398227,0.4778761061946901,0.7256637168141591,0.8658597897141364
small_long,rotatable_xlink,r0019,5.3,pulse_05,-1.8787362831858407,0.8162413791454424,0.0049784660766962014,0.0049784660766962014,1.0,-0.5675675675675675,0.11694039198933864,0.0023654513888888887,0.009468566852183355,226.0,0.14159292035398227,0.4778761061946903,0.7256637168141592,0.8772205529576348
small_long,rotatable_xlink,r0019,5.35,pulse_05,-1.8988982300884953,0.849296019362105,0.0017246312684365828,0.0017246312684365828,1.0,-0.5466666666666666,0.1453446366196608,0.0023654513888888887,0.0031500763939413443,226.0,0.14159292035398227,0.49557522123893805,0.7256637168141592,0.8729898872577943
small_long,rotatable_xlink,r0019,5.4,pulse_05,-1.8683884955752212,0.8351418375090904,0.005738938053097331,0.005738938053097331,1.0,-0.5405405405405406,0.117681157599924,0.0022352430555555554,0.0006888078274568018,226.0,0.14159292035398227,0.48672566371681414,0.7256637168141593,0.8917290201755337
small_long,rotatable_xlink,r0019,5.45,pulse_05,-1.8644646017699114,0.8534288663268458,0.002727286135693211,-0.002727286135693211,1.0,-0.52,0.07864391266523571,0.00234375,0.006115386331277432,226.0,0.14159292035398233,0.48672566371681414,0.7256637168141593,0.8755949994518216
small_long,rotatable_xlink,r0019,5.5,pulse_05,-1.8847522123893805,0.871834155496755,0.0015915929203540087,-0.0015915929203540087,1.0,-0.5616438356164384,0.08973810858807037,0.0022569444444444442,0.000686238288271912,226.0,0.13274336283185836,0.48672566371681414,0.7168141592920355,0.8741902280931895
small_long,rotatable_xlink,r0019,5.55,pulse_05,-1.8740141592920354,0.8575462960564773,0.00800191740412981,0.00800191740412981,1.0,-0.5405405405405406,0.15325770824024199,0.0022352430555555554,0.001598508924001078,226.0,0.14159292035398224,0.48672566371681425,0.7168141592920355,0.8794737589028254
small_long,rotatable_xlink,r0019,5.6,pulse_05,-1.8367407079646016,0.8622431019527486,0.0059470501474926385,0.0059470501474926385,1.0,-0.52,0.14874032716467717,0.002170138888888889,0.0003556749964702492,226.0,0.13274336283185845,0.48672566371681425,0.7079646017699116,0.882078871096853
small_long,rotatable_xlink,r0019,5.65,pulse_05,-1.8383318584070796,0.8554122460776558,0.002402359882005841,0.002402359882005841,1.0,-0.5405405405405406,0.20323638366766242,0.0022135416666666666,0.0011506348781785136,226.0,0.1327433628318584,0.46902654867256627,0.7079646017699114,0.8693680694570537
small_long,rotatable_xlink,r0019,5.7,pulse_05,-1.8223265486725666,0.8553392926836775,0.005292214496418035,0.005292214496418035,1.0,-0.5405405405405406,0.1153022343847596,0.0023003472222222223,0.0009894336930215502,226.0,0.1327433628318584,0.4778761061946903,0.6991150442477877,0.9067839202259372
small_long,rotatable_xlink,r0019,5.75,pulse_05,-1.8065785714285714,0.8494756439195265,0.0023971331120944406,0.0023971331120944406,1.0,-0.5342465753424658,0.19785422829458577,0.0022786458333333335,0.0019349051843750205,224.0,0.14545454545454545,0.46363636363636357,0.6999999999999997,0.8797212004688527
small_long,rotatable_xlink,r0019,5.8,pulse_05,-1.80794375,0.8669487237899276,0.011236755952380903,0.011236755952380903,1.0,-0.5342465753424658,0.17484361740107454,0.0021484375,0.022347129403549493,224.0,0.14285714285714285,0.4642857142857143,0.7232142857142859,0.8721849350625157
small_long,rotatable_xlink,r0019,5.85,pulse_05,-1.739158035714286,0.7153928674982295,0.050837648809523794,-0.050837648809523794,1.0,-0.5466666666666666,0.09380564232914085,0.0022786458333333335,0.07244031675123404,224.0,0.14285714285714282,0.44642857142857145,0.7142857142857145,0.8938204378669928
small_long,rotatable_xlink,r0019,5.9,pulse_05,-2.1129696428571427,0.4323068232825234,0.12966896374458878,-0.12966896374458878,1.0,-0.5308641975308642,0.07281314851129761,0.0020833333333333333,0.06887476050097756,224.0,0.15178571428571425,0.5267857142857142,0.7678571428571431,0.8752325571756153
small_long,rotatable_xlink,r0019,5.95,pulse_05,-2.5171718181818186,0.3021443044923642,0.08940899891774905,-0.08940899891774905,1.0,-0.5476190476190477,0.1410751184328978,0.0020833333333333333,0.026197973364607895,220.0,0.1559633027522936,0.5504587155963302,0.7614678899082565,0.8679086876594897
small_long,rotatable_xlink,r0019,6.0,pulse_05,-2.649423636363637,0.27511898309487604,0.044083939393939474,-0.044083939393939474,1.0,-0.5777777777777777,0.09053630148433536,0.002105034722222222,0.009008440465829382,220.0,0.16363636363636364,0.5909090909090907,0.7636363636363633,0.8614168653440631
small_long,rotatable_xlink,r0019,6.05,pulse_06,-2.3086165217391312,0.25460978906415105,0.06786579710144942,0.06786579710144942,1.0,-0.4791666666666667,0.07780358925113692,0.0022569444444444442,0.010622351652738801,230.0,0.21739130434782603,0.5565217391304348,0.7391304347826089,0.8718764274447752
small_long,rotatable_xlink,r0019,6.1,pulse_06,-2.105019130434783,0.28647684402236745,0.041546231884058114,0.041546231884058114,1.0,-0.46236559139784944,0.1034330548491607,0.002322048611111111,0.003885411001580852,230.0,0.208695652173913,0.5217391304347827,0.7043478260869568,0.8822539836956748
small_long,rotatable_xlink,r0019,6.15,pulse_06,-2.0593391304347826,0.27792225507363616,0.01344090770404279,0.01344090770404279,1.0,-0.45652173913043476,0.1919926116160967,0.002170138888888889,0.007021261874865427,230.0,0.21739130434782608,0.5130434782608697,0.6956521739130439,0.880381975829772
small_long,rotatable_xlink,r0019,6.2,pulse_06,-2.024373684210526,0.2443492727731749,0.005554589371980685,-0.005554589371980685,1.0,-0.4444444444444444,0.09226160731150207,0.0022786458333333335,0.009806357785751391,228.0,0.21052631578947362,0.49122807017543835,0.6929824561403505,0.8748855192205924
small_long,rotatable_xlink,r0019,6.25,pulse_06,-2.0926666666666667,0.2190841083591278,0.012055713398540687,-0.012055713398540687,1.0,-0.44086021505376344,0.13912279614359926,0.00234375,0.008179315234358433,228.0,0.21052631578947367,0.5087719298245614,0.6929824561403508,0.8766131629537661
small_long,rotatable_xlink,r0019,6.3,pulse_06,-2.0967079646017703,0.1952733813670243,0.0036962635201573204,-0.0036962635201573204,1.0,-0.4,0.20746538055138164,0.0023654513888888887,0.006788073791084638,226.0,0.21238938053097342,0.5132743362831858,0.6991150442477875,0.8893360206090068
small_long,rotatable_xlink,r0019,6.35,pulse_06,-2.1148442477876106,0.17835566561261998,0.0015088495575222478,0.0015088495575222478,1.0,-0.4065934065934066,0.1343147909430575,0.0023003472222222223,0.003701574551086939,226.0,0.2123893805309734,0.5132743362831856,0.6991150442477874,0.8739106408505171
small_long,rotatable_xlink,r0019,6.4,pulse_06,-2.087654867256637,0.21748282867354593,0.014221976401179948,0.014221976401179948,1.0,-0.43820224719101125,0.12425366167148041,0.0021484375,0.0075574350578470895,226.0,0.19469026548672563,0.5132743362831859,0.6991150442477875,0.876882391700499
small_long,rotatable_xlink,r0019,6.45,pulse_06,-2.029512389380531,0.22370027595970252,0.01340339233038342,0.01340339233038342,1.0,-0.43820224719101125,0.1927089891191617,0.0022135416666666666,0.0019060849865708367,226.0,0.2035398230088495,0.5044247787610618,0.6814159292035397,0.8789049115589394
small_long,rotatable_xlink,r0019,6.5,pulse_06,-2.0072345132743363,0.2060463187541209,0.0036268436578170693,0.0036268436578170693,1.0,-0.4318181818181818,0.12972262026572057,0.0022786458333333335,0.005268540568722553,226.0,0.2035398230088495,0.5132743362831856,0.6637168141592916,0.8899636730483843
small_long,rotatable_xlink,r0019,6.55,pulse_06,-2.0077513274336285,0.1920890325473672,0.0025752212389380524,-0.0025752212389380524,1.0,-0.42528735632183906,0.08829991030423631,0.0022135416666666666,0.009207620843715977,226.0,0.2035398230088495,0.5132743362831859,0.6725663716814156,0.8973282977309242
small_long,rotatable_xlink,r0019,6.6,pulse_06,-2.0226858407079646,0.15080059369182505,0.015435731749448641,0.015435731749448641,1.0,-0.4318181818181818,0.13281134166284636,0.00234375,0.00029004752176180204,226.0,0.21238938053097342,0.5044247787610618,0.6637168141592918,0.8730484612722579
small_long,rotatable_xlink,r0019,6.65,pulse_06,-1.9151369369369367,0.1903487474167964,0.038208150628504654,0.038208150628504654,1.0,-0.4117647058823529,0.11644562981155451,0.002191840277777778,0.015893814418205993,222.0,0.20720720720720717,0.4864864864864864,0.6756756756756755,0.8751206937558598
small_long,rotatable_xlink,r0019,6.7,pulse_06,-1.7934369369369367,0.24616348020106102,0.07503600464100461,0.07503600464100461,1.0,-0.43529411764705883,0.07920244632319096,0.0020616319444444445,0.009728837619363023,222.0,0.18018018018018017,0.4864864864864864,0.6486486486486485,0.8783251131171862
small_long,rotatable_xlink,r0019,6.75,pulse_06,-1.464920909090909,0.24872177313297453,0.07386176221676218,0.07386176221676218,1.0,-0.42857142857142855,0.09166316710432826,0.002191840277777778,0.001856849972519517,220.0,0.19999999999999996,0.4636363636363635,0.6454545454545453,0.8502372531145359
small_long,rotatable_xlink,r0019,6.8,pulse_06,-1.3502663636363637,0.23502238036594392,0.004123030303030295,-0.004123030303030295,1.0,-0.43529411764705883,0.1058560866089675,0.0022569444444444442,0.007575746110774967,220.0,0.19090909090909086,0.43636363636363623,0.636363636363636,0.8686389053982589
small_long,rotatable_xlink,r0019,6.85,pulse_06,-1.4896590909090908,0.20326729646832473,0.04508771615234911,-0.04508771615234911,1.0,-0.37662337662337664,0.053204325670605575,0.0022569444444444442,0.007286584549696579,220.0,0.18181818181818182,0.4454545454545453,0.6454545454545452,0.8517263880517868
small_long,rotatable_xlink,r0019,6.9,pulse_06,-1.6207926605504583,0.2787418876641234,0.07256262857937183,-0.07256262857937183,1.0,-0.38461538461538464,0.11895656511813867,0.0022352430555555554,0.01156265468909839,218.0,0.18518518518518517,0.4722222222222222,0.6759259259259259,0.8867910184081083
small_long,rotatable_xlink,r0019,6.95,pulse_06,-1.9250348623853217,0.27264322460291507,0.011919113149847171,-0.011919113149847171,1.0,-0.39759036144578314,0.1161655924498823,0.002191840277777778,0.007491661468174639,218.0,0.20560747663551404,0.5046728971962617,0.6728971962616825,0.884686794963488
small_long,rotatable_xlink,r0019,7.0,pulse_06,-1.6923073394495414,0.3236918564731712,0.07757584097859345,0.07757584097859345,1.0,-0.4146341463414634,0.109313204059042,0.002105034722222222,0.01701621062341872,218.0,0.20183486238532108,0.4862385321100916,0.678899082568807,0.8663916415387573
small_long,rotatable_xlink,r0019,7.05,pulse_07,-1.3601176991150445,0.3611085342613302,0.00908643067846615,0.00908643067846615,1.0,-0.3411764705882353,0.1502065997595039,0.0022352430555555554,0.0031066813090398124,226.0,0.2300884955752212,0.47787610619469023,0.654867256637168,0.8777669857901397
small_long,rotatable_xlink,r0019,7.1,pulse_07,-1.332858407079646,0.37042857818844965,0.00013318584070798334,0.00013318584070798334,1.0,-0.3176470588235294,0.1512772975071438,0.0021484375,0.0015217723976387691,226.0,0.21238938053097342,0.47787610619469023,0.6548672566371677,0.8820788710968528
small_long,rotatable_xlink,r0019,7.15,pulse_07,-1.3593185840707966,0.37023916864716283,0.0010582595870206601,0.0010582595870206601,1.0,-0.30952380952380953,0.12309208272774365,0.002191840277777778,0.0013010214953451023,226.0,0.22123893805309733,0.4778761061946903,0.6637168141592918,0.8819029179724344
small_long,rotatable_xlink,r0019,7.2,pulse_07,-1.3265088495575221,0.37823470716052027,0.010014601769911424,-0.010014601769911424,1.0,-0.30952380952380953,0.09519143253484356,0.002170138888888889,0.01867835356340199,226.0,0.2212389380530973,0.47787610619469023,0.663716814159292,0.8671960831187357
small_long,rotatable_xlink,r0019,7.25,pulse_07,-1.4194061946902652,0.2581690472667509,0.06900825958702066,-0.06900825958702066,1.0,-0.3333333333333333,0.08137801224042958,0.0022786458333333335,0.0296728792062485,226.0,0.23008849557522124,0.4601769911504424,0.6637168141592917,0.890162040684184
small_long,rotatable_xlink,r0019,7.3,pulse_07,-1.740558407079646,0.20019743192302927,0.06479188790560479,-0.06479188790560479,1.0,-0.34831460674157305,0.12761670584439816,0.002387152777777778,0.007859751867194833,226.0,0.23893805309734514,0.5132743362831856,0.6991150442477874,0.8785930058653167
small_long,rotatable_xlink,r0019,7.35,pulse_07,-1.808157522123894,0.2110105360635819,0.0001750737463127224,0.0001750737463127224,1.0,-0.34831460674157305,0.19543166061023468,0.0023003472222222223,0.005637035526624294,226.0,0.21238938053097348,0.4955752212389381,0.7079646017699114,0.882218664718189
small_long,rotatable_xlink,r0019,7.4,pulse_07,-1.7395079646017697,0.23401964508277504,0.009964749262536913,0.009964749262536913,1.0,-0.3409090909090909,0.15284403164024404,0.0023003472222222223,0.005682418068518501,226.0,0.22123893805309738,0.5044247787610618,0.7079646017699113,0.8573885543748859
small_long,rotatable_xlink,r0019,7.45,pulse_07,-1.7483690265486724,0.2451050444746929,0.0119781710914455,-0.0119781710914455,1.0,-0.3563218390804598,0.10330006609449775,0.002170138888888889,0.00503438399684097,226.0,0.22321428571428573,0.49107142857142866,0.7053571428571431,0.8673690592119432
small_long,rotatable_xlink,r0019,7.5,pulse_07,-1.8113769911504427,0.26422594906382085,0.002921533923303854,-0.002921533923303854,1.0,-0.35555555555555557,0.1758115750303047,0.0022569444444444442,0.006395686875087829,226.0,0.23008849557522124,0.5132743362831856,0.7079646017699113,0.8665684306793585
small_long,rotatable_xlink,r0019,7.55,pulse_07,-1.7658982300884956,0.28347916572521986,0.014944837758112136,0.014944837758112136,1.0,-0.34831460674157305,0.12321822049585902,0.002126736111111111,0.0037326458504350346,226.0,0.23893805309734506,0.49557522123893805,0.6991150442477874,0.8812166915185934
small_long,rotatable_xlink,r0019,7.6,pulse_07,-1.72170796460177,0.28662182416643106,0.010152532395701649,0.010152532395701649,1.0,-0.3409090909090909,0.17387538570893785,0.0023003472222222223,0.005026406347383198,226.0,0.23893805309734512,0.5044247787610618,0.7079646017699115,0.8782186851050985
small_long,rotatable_xlink,r0019,7.65,pulse_07,-1.7049830357142857,0.2533207276409207,0.0012528155288664318,0.0012528155288664318,1.0,-0.3409090909090909,0.16318324248795343,0.0022569444444444442,0.011657732625321354,224.0,0.24107142857142852,0.5089285714285714,0.6964285714285716,0.8744217765621429
small_long,rotatable_xlink,r0019,7.7,pulse_07,-1.7141910714285713,0.21667542841450294,0.027687053571428605,-0.027687053571428605,1.0,-0.34831460674157305,0.18263941703814904,0.002322048611111111,0.0031772559140604284,224.0,0.2410714285714286,0.4910714285714288,0.696428571428572,0.882840461570136
small_long,rotatable_xlink,r0019,7.75,pulse_07,-1.8711053571428573,0.2342571921565581,0.03420773809523814,-0.03420773809523814,1.0,-0.3695652173913043,0.22727209917307167,0.0020833333333333333,0.002110978639673855,224.0,0.25225225225225223,0.5225225225225224,0.7027027027027025,0.872303511801606
small_long,rotatable_xlink,r0019,7.8,pulse_07,-1.9194375000000001,0.2040095565764598,0.03176383928571421,-0.03176383928571421,1.0,-0.3695652173913043,0.1811108021260728,0.0022352430555555554,0.009468109850542505,224.0,0.24107142857142852,0.5267857142857144,0.6964285714285718,0.8860753670410431
small_long,rotatable_xlink,r0019,7.85,pulse_07,-2.0616883928571426,0.17744853305330308,0.06469880952380958,-0.06469880952380958,1.0,-0.391304347826087,0.2008383316659772,0.002126736111111111,0.03268256486754147,224.0,0.2432432432432432,0.5405405405405405,0.6936936936936935,0.8625948347068937
small_long,rotatable_xlink,r0019,7.9,pulse_07,-2.3076303571428576,0.00791416737121095,0.027795238095238133,-0.027795238095238133,1.0,-0.3958333333333333,0.0808372964422941,0.0023003472222222223,0.028871781410487577,224.0,0.23214285714285712,0.5892857142857144,0.6964285714285717,0.858239281434493
small_long,rotatable_xlink,r0019,7.95,pulse_07,-2.2284598214285714,0.004217844590377619,0.020594642857142926,0.020594642857142926,1.0,-0.4166666666666667,0.1263528852964152,0.002170138888888889,0.002773300980698536,224.0,0.22321428571428573,0.5803571428571431,0.6964285714285718,0.8473373745723298
small_long,rotatable_xlink,r0019,8.0,pulse_07,-2.1840625,-0.008725638512980267,0.014799107142857112,0.014799107142857112,1.0,-0.4166666666666667,0.1345662116953665,0.0022135416666666666,0.004314494367785963,224.0,0.22321428571428567,0.5714285714285714,0.6875000000000002,0.8582027990787047
small_long,rotatable_xlink,r0020,0.0,initial,1.7545849999999998,0.7144296723237598,0.3000430952380952,0.3000430952380952,1.0,0.4,0.0,0.00043402777777777775,0.012961379864192065,40.0,0.35,0.05,0.15,0.6361869408385009
small_long,rotatable_xlink,r0020,0.05,initial,2.6547142857142854,0.6755455327311836,0.19692991935483864,0.19692991935483864,1.0,0.5294117647058824,0.2856089649375027,0.0004991319444444444,0.008031125764058547,56.0,0.4999999999999999,0.03571428571428571,0.14285714285714285,0.6770710754500378
small_long,rotatable_xlink,r0020,0.1,initial,2.9361645161290317,0.6662429177394085,0.09346809523809514,0.09346809523809514,1.0,0.5555555555555556,0.32485139353608766,0.0006076388888888889,0.0032041198472253876,62.0,0.5161290322580644,0.03225806451612903,0.0967741935483871,0.7185700720196275
small_long,rotatable_xlink,r0020,0.15000000000000002,initial,3.2155228571428562,0.6563208136478312,0.07103310696095089,0.07103310696095089,1.0,0.5789473684210527,0.29582319699294685,0.0006727430555555556,0.012120348657323476,70.0,0.5588235294117647,0.029411764705882353,0.08823529411764705,0.7209906547704367
small_long,rotatable_xlink,r0020,0.2,initial,3.362363157894737,0.7389650096833493,0.04223706349206361,0.04223706349206361,1.0,0.5833333333333334,0.3135597167036072,0.0007595486111111111,0.014204653178281068,76.0,0.605263157894737,0.02631578947368421,0.07894736842105263,0.75204554227356
small_long,rotatable_xlink,r0020,0.25,initial,3.468945238095238,0.7415487327175176,0.04276990846681924,0.04276990846681924,1.0,0.42857142857142855,0.47931712573748775,0.0008680555555555555,0.005473307131618514,84.0,0.5952380952380953,0.0,0.07142857142857144,0.7568801409347408
small_long,rotatable_xlink,r0020,0.30000000000000004,initial,3.6189826086956525,0.7718048524730604,0.07333046031746042,0.07333046031746042,1.0,0.46153846153846156,0.38233299628841344,0.0009114583333333333,0.002783566654265749,92.0,0.6086956521739132,0.0,0.08695652173913045,0.7748357198133013
small_long,rotatable_xlink,r0020,0.35000000000000003,initial,3.9089280000000004,0.7248473327919231,0.06190730106644778,0.06190730106644778,1.0,0.4838709677419355,0.16646807747231154,0.0010416666666666667,0.01704074179614205,100.0,0.6200000000000001,0.0,0.06000000000000001,0.7843434574421972
small_long,rotatable_xlink,r0020,0.4,initial,3.990426415094339,0.6695604016962081,0.03346745454545438,0.03346745454545438,1.0,0.5151515151515151,0.2740326411765511,0.0011284722222222221,0.012886078651437594,106.0,0.6415094339622642,0.0,0.07547169811320756,0.7761842953428263
small_long,rotatable_xlink,r0020,0.45,initial,4.109732727272727,0.6475308608832976,0.010350954627134016,0.010350954627134016,1.0,0.5757575757575758,0.3212623883188215,0.0010199652777777778,0.009815714856799032,110.0,0.6545454545454544,0.0,0.07272727272727272,0.7310783065996895
small_long,rotatable_xlink,r0020,0.5,initial,4.052532142857143,0.7284546908370023,0.0719615656565656,-0.0719615656565656,1.0,0.5757575757575758,0.2326833446334148,0.0010416666666666667,0.04192289516051956,112.0,0.6545454545454545,0.0,0.05454545454545454,0.7562572979417991
small_long,rotatable_xlink,r0020,0.55,initial,3.677963333333333,0.8990682318464149,0.11386035714285729,-0.11386035714285729,1.0,0.4444444444444444,0.10500900138057735,0.0010850694444444445,0.022005514176534752,120.0,0.5932203389830508,0.0,0.0847457627118644,0.7937301466114427
small_long,rotatable_xlink,r0020,0.6000000000000001,initial,3.3693699999999995,0.8604877758962108,0.05226531746031745,-0.05226531746031745,1.0,0.37142857142857144,0.15444597968405718,0.0011284722222222221,0.014727864271884217,120.0,0.5666666666666667,0.0,0.11666666666666665,0.7958650857577994
small_long,rotatable_xlink,r0020,0.65,initial,3.3643714285714283,0.9874354174777202,0.005264375000000099,0.005264375000000099,1.0,0.3888888888888889,0.12564106231224506,0.0012369791666666666,0.03021700367631534,126.0,0.5555555555555556,0.0,0.11111111111111112,0.7741505128020971
small_long,rotatable_xlink,r0020,0.7000000000000001,initial,3.40095625,1.0417897979541029,0.016141329068941095,0.016141329068941095,1.0,0.40540540540540543,0.20463041535481147,0.0012803819444444444,0.018315107421768673,128.0,0.578125,0.0,0.109375,0.7462737312388231
small_long,rotatable_xlink,r0020,0.75,initial,3.461219402985075,1.0973260620083323,0.027460190217391284,0.027460190217391284,1.0,0.4,0.08146826180280935,0.0013020833333333333,0.018807530544666256,134.0,0.5970149253731343,0.0,0.1044776119402985,0.7838727688327543
small_long,rotatable_xlink,r0020,0.8,initial,3.565717391304348,1.1546349812221004,0.03387376147431853,0.03387376147431853,1.0,0.4222222222222222,0.10053943111845634,0.0013020833333333333,0.021332253285424208,138.0,0.6086956521739131,0.0,0.11594202898550725,0.7842592478936198
small_long,rotatable_xlink,r0020,0.8500000000000001,initial,3.664461971830986,1.2253195817208775,0.016233675523349422,0.016233675523349422,1.0,0.43478260869565216,0.07529341809365477,0.0013671875,0.010636610246258357,142.0,0.6197183098591549,0.0,0.09859154929577466,0.7619994046234011
small_long,rotatable_xlink,r0020,0.9,initial,3.6631194444444444,1.2184546426996505,0.027623893583724673,0.027623893583724673,1.0,0.4583333333333333,0.13185655202354524,0.0014973958333333334,0.01155580537666486,144.0,0.6388888888888891,0.0,0.11111111111111109,0.7850557389534818
small_long,rotatable_xlink,r0020,0.9500000000000001,initial,3.830205333333334,1.2946544139808667,0.020539425925925798,0.020539425925925798,1.0,0.49019607843137253,0.048112881712373365,0.0014973958333333334,0.0068239880773968515,150.0,0.6533333333333334,0.0,0.10666666666666666,0.7682625581525749
small_long,rotatable_xlink,r0020,1.0,initial,3.786355999999999,1.2593985711640316,0.014616444444444987,-0.014616444444444987,1.0,0.5,0.0800458975934678,0.0014973958333333334,0.011751947605611676,150.0,0.6266666666666667,0.0,0.10666666666666666,0.7704673318480393
small_long,rotatable_xlink,r0020,1.05,pulse_01,3.950839506172839,1.2302342179905388,0.03568148148148135,-0.03568148148148135,1.0,0.5357142857142857,0.07674330719115939,0.001584201388888889,0.012562953223156889,162.0,0.6625,0.0,0.1,0.807696363541299
small_long,rotatable_xlink,r0020,1.1,pulse_01,3.843795061728395,1.1925453583210681,0.030610242898725087,-0.030610242898725087,1.0,0.5272727272727272,0.10180823950327494,0.0016059027777777777,0.004812561334912886,162.0,0.6666666666666666,0.0,0.09876543209876543,0.8129053625857925
small_long,rotatable_xlink,r0020,1.15,pulse_01,3.7671780487804885,1.2013588499810615,0.0014369676235806612,0.0014369676235806612,1.0,0.5357142857142857,0.07271299618308083,0.001540798611111111,0.0032880609059550516,164.0,0.6463414634146344,0.0,0.09756097560975609,0.8015940333061173
small_long,rotatable_xlink,r0020,1.2,pulse_01,3.852416867469879,1.1728169928853378,0.007349344811094986,0.007349344811094986,1.0,0.5555555555555556,0.08503329828621081,0.0017144097222222222,0.00041726174422388834,166.0,0.6506024096385541,0.0,0.09638554216867468,0.8037508941844366
small_long,rotatable_xlink,r0020,1.25,pulse_01,3.8112741176470584,1.2038624204464048,0.13545575242145044,-0.13545575242145044,1.0,0.5517241379310345,0.10244376139429323,0.0016059027777777777,0.04189402539219552,170.0,0.6470588235294117,0.0,0.12941176470588237,0.8200869195356036
small_long,rotatable_xlink,r0020,1.3,pulse_01,3.0396823529411763,1.424181145238511,0.2370966552667578,-0.2370966552667578,1.0,0.7254901960784313,0.07765855228131481,0.0016059027777777777,0.07664280847419495,170.0,0.5176470588235293,0.03529411764705882,0.1647058823529412,0.8269900740402751
small_long,rotatable_xlink,r0020,1.35,pulse_01,2.3886941860465116,1.6637192712915745,0.16847338458110514,-0.16847338458110514,1.0,0.6727272727272727,0.10223315599875518,0.0015625,0.09527009986376837,172.0,0.4883720930232559,0.06976744186046512,0.19767441860465115,0.8582524226629512
small_long,rotatable_xlink,r0020,1.4,pulse_01,2.0288420454545455,1.9958017444211211,0.0676885441163662,-0.0676885441163662,1.0,0.5686274509803921,0.1567603962288202,0.0017578125,0.05918281325489971,176.0,0.4318181818181817,0.07954545454545456,0.32954545454545453,0.8596506653194383
small_long,rotatable_xlink,r0020,1.45,pulse_01,1.9825629213483145,2.0188161508209728,0.01192592143343548,-0.01192592143343548,1.0,0.6,0.07961422785724176,0.0018012152777777779,0.0007354343526282762,178.0,0.42696629213483145,0.0898876404494382,0.3258426966292135,0.8396437013316124
small_long,rotatable_xlink,r0020,1.5,pulse_01,1.9572865168539326,2.000214350536891,0.01317614314524429,0.01317614314524429,1.0,0.5849056603773585,0.12161322970246276,0.0017578125,0.0020950388706968415,178.0,0.42696629213483145,0.0898876404494382,0.32584269662921345,0.8727533387490795
small_long,rotatable_xlink,r0020,1.55,pulse_01,2.06161978021978,2.0062459175967917,0.010964701403465468,0.010964701403465468,1.0,0.5849056603773585,0.03864356019394148,0.0018446180555555555,0.00682509279509506,182.0,0.4285714285714287,0.08791208791208793,0.3296703296703297,0.8662244826201412
small_long,rotatable_xlink,r0020,1.6,pulse_01,2.0230747252747254,1.9592637937663204,0.021843772893772855,-0.021843772893772855,1.0,0.5925925925925926,0.08112334359941052,0.0017578125,0.009634974966637344,182.0,0.4175824175824177,0.08791208791208793,0.3296703296703297,0.8664429738625509
small_long,rotatable_xlink,r0020,1.65,pulse_01,1.930557142857143,2.064055767396616,0.02531978021978017,-0.02531978021978017,1.0,0.5384615384615384,0.07082052709206496,0.0018663194444444445,0.01632950260986077,182.0,0.40659340659340676,0.09890109890109891,0.3406593406593408,0.8609757882773819
small_long,rotatable_xlink,r0020,1.7000000000000002,pulse_01,1.8711560439560444,2.057240809425485,0.011260989010988967,-0.011260989010988967,1.0,0.5094339622641509,0.06096274172681357,0.0018012152777777779,0.00045082020043844356,182.0,0.40659340659340665,0.09890109890109892,0.35164835164835173,0.872038847968189
small_long,rotatable_xlink,r0020,1.75,pulse_01,1.8629912087912093,2.0667606885992464,0.003379427456601284,0.003379427456601284,1.0,0.5,0.10594341002503915,0.0017795138888888889,0.0016432619634355234,182.0,0.40659340659340665,0.09890109890109892,0.3296703296703297,0.8631400892178414
small_long,rotatable_xlink,r0020,1.8,pulse_01,1.891432608695652,2.067100381206098,0.00611741502225364,0.00611741502225364,1.0,0.5094339622641509,0.06477258729944038,0.0018880208333333333,0.0060763677360444746,184.0,0.4130434782608696,0.09782608695652176,0.3369565217391305,0.8631597810701513
small_long,rotatable_xlink,r0020,1.85,pulse_01,1.8996956989247311,2.0303024821829796,0.002227898550724583,0.002227898550724583,1.0,0.5185185185185185,0.13014745538201117,0.0017578125,0.004522521991735602,186.0,0.4193548387096774,0.0967741935483871,0.3225806451612903,0.8721269019832144
small_long,rotatable_xlink,r0020,1.9,pulse_01,1.9047999999999996,2.0399652492556846,0.0019418515976512933,0.0019418515976512933,1.0,0.5185185185185185,0.080452383955218,0.0018880208333333333,0.005083085797014257,188.0,0.425531914893617,0.09574468085106383,0.3404255319148937,0.8691171087767336
small_long,rotatable_xlink,r0020,1.9500000000000002,pulse_01,1.9113468085106389,2.060800996965065,0.017687500000000116,0.017687500000000116,1.0,0.5172413793103449,0.09885164798779199,0.0018880208333333333,0.002410147672488779,188.0,0.4255319148936171,0.09574468085106384,0.3404255319148936,0.8788341105146955
small_long,rotatable_xlink,r0020,2.0,pulse_01,2.0109250000000003,2.0544261352906172,0.033192730496453805,0.033192730496453805,1.0,0.5087719298245614,0.13170423770423415,0.0019965277777777776,0.002124953891482632,192.0,0.4374999999999999,0.09374999999999999,0.34375000000000006,0.8747202652980501
small_long,rotatable_xlink,r0020,2.05,pulse_02,2.0472551020408165,1.9681713344719138,0.005576530612244983,-0.005576530612244983,1.0,0.47540983606557374,0.05209930889175864,0.0018446180555555555,0.010736169633373501,196.0,0.4375,0.09374999999999999,0.3333333333333333,0.8859884859372312
small_long,rotatable_xlink,r0020,2.1,pulse_02,2.0305255102040816,1.9359628255717933,0.007145068027210932,-0.007145068027210932,1.0,0.4666666666666667,0.07288550492287486,0.001974826388888889,0.0064768157620867335,196.0,0.44897959183673464,0.09183673469387756,0.33673469387755095,0.8661023820221266
small_long,rotatable_xlink,r0020,2.15,pulse_02,2.004384693877551,1.9293104398993934,0.014561564625850417,-0.014561564625850417,1.0,0.4666666666666667,0.06660934844810393,0.002018229166666667,0.0030547706209937595,196.0,0.4387755102040815,0.09183673469387756,0.33673469387755095,0.8743655151474495
small_long,rotatable_xlink,r0020,2.2,pulse_02,1.943156122448979,1.9176342018458308,0.011600680272108846,-0.011600680272108846,1.0,0.4576271186440678,0.11629528438388112,0.001953125,0.0037765916810280262,196.0,0.42857142857142855,0.09183673469387756,0.33673469387755095,0.8858984973108117
small_long,rotatable_xlink,r0020,2.25,pulse_02,1.9347806122448978,1.9519699899855616,0.011312195080052248,0.011312195080052248,1.0,0.4098360655737705,0.07762254163460797,0.0019097222222222222,0.004724331986536138,196.0,0.4285714285714285,0.09183673469387754,0.33673469387755095,0.8691693463350713
small_long,rotatable_xlink,r0020,2.3,pulse_02,2.0110292929292926,1.9459801937650476,0.012164174053459856,0.012164174053459856,1.0,0.5,0.10018874474698375,0.001953125,0.0011814250855330204,198.0,0.44444444444444453,0.09090909090909091,0.3232323232323233,0.8612765674945775
small_long,rotatable_xlink,r0020,2.35,pulse_02,2.007765656565657,1.9590585404987597,0.002143434343434262,-0.002143434343434262,1.0,0.559322033898305,0.043139754686828916,0.002018229166666667,0.009030684206219849,198.0,0.4545454545454547,0.0808080808080808,0.32323232323232326,0.8459225371983676
small_long,rotatable_xlink,r0020,2.4,pulse_02,1.998168686868687,2.0001642990023667,0.0021718855218853714,0.0021718855218853714,1.0,0.5254237288135594,0.16598633303926932,0.001974826388888889,0.006071395495293008,198.0,0.4545454545454547,0.09090909090909091,0.33333333333333337,0.8706623739852786
small_long,rotatable_xlink,r0020,2.45,pulse_02,2.020796969696969,1.9954869134705178,0.007159932659932681,-0.007159932659932681,1.0,0.5254237288135594,0.03850878814643521,0.0019314236111111112,0.0023280286100585044,198.0,0.4545454545454546,0.0808080808080808,0.3131313131313132,0.8574573140405108
small_long,rotatable_xlink,r0020,2.5,pulse_02,1.955209090909091,2.0141324706627177,0.013202188552188465,-0.013202188552188465,1.0,0.47540983606557374,0.06425564898855533,0.0019965277777777776,0.00010462415705903005,198.0,0.4343434343434344,0.0808080808080808,0.32323232323232337,0.8770947415368688
small_long,rotatable_xlink,r0020,2.55,pulse_02,1.9415838383838384,1.9948591685281636,0.007513804713804732,-0.007513804713804732,1.0,0.47540983606557374,0.06242229764367263,0.0017795138888888889,0.00748171276317855,198.0,0.4183673469387755,0.0816326530612245,0.3265306122448979,0.8762140325593966
small_long,rotatable_xlink,r0020,2.6,pulse_02,1.9101262626262625,1.9692421940836464,0.0015121212121211498,-0.0015121212121211498,1.0,0.47540983606557374,0.08889326173140141,0.001953125,0.006304605531332719,198.0,0.4343434343434344,0.09090909090909091,0.3232323232323233,0.8939740360221671
small_long,rotatable_xlink,r0020,2.65,pulse_02,1.9325111111111115,1.9570315353401673,0.0028074074074073327,-0.0028074074074073327,1.0,0.559322033898305,0.062468350044242685,0.0020833333333333333,0.004233921244604644,198.0,0.44444444444444453,0.09090909090909091,0.32323232323232337,0.8510406352168218
small_long,rotatable_xlink,r0020,2.7,pulse_02,1.8932818181818185,1.9438386666160186,0.002407912457912461,-0.002407912457912461,1.0,0.4838709677419355,0.08924669722216205,0.002018229166666667,0.005853053238679166,198.0,0.44444444444444453,0.09090909090909091,0.3232323232323233,0.8419437213280283
small_long,rotatable_xlink,r0020,2.75,pulse_02,1.9180636363636367,1.9921498547722423,0.00015673400673410498,-0.00015673400673410498,1.0,0.4375,0.05294810093984885,0.0019314236111111112,0.008052419634411131,198.0,0.44444444444444453,0.09090909090909091,0.3232323232323233,0.871445642563905
small_long,rotatable_xlink,r0020,2.8,pulse_02,1.8923414141414139,1.9921531844224853,0.007048316498316572,-0.007048316498316572,1.0,0.5,0.0727277905099138,0.0019097222222222222,0.0028166411335861508,198.0,0.44444444444444453,0.09090909090909091,0.3333333333333334,0.8710227717859885
small_long,rotatable_xlink,r0020,2.85,pulse_02,1.8757737373737373,2.009049701573759,0.00086515151515143,-0.00086515151515143,1.0,0.5081967213114754,0.07661873148220974,0.0019965277777777776,0.0012064993974076899,198.0,0.44444444444444453,0.0707070707070707,0.34343434343434354,0.8664615227214598
small_long,rotatable_xlink,r0020,2.9,pulse_02,1.8871505050505053,1.9993921808069315,0.003181144781144766,-0.003181144781144766,1.0,0.5333333333333333,0.0659857460207159,0.001974826388888889,0.009809549163811418,198.0,0.4242424242424243,0.09090909090909091,0.3434343434343435,0.8872225436380317
small_long,rotatable_xlink,r0020,2.95,pulse_02,1.8566868686868687,1.9501924065908907,0.0022698120662406986,-0.0022698120662406986,1.0,0.5081967213114754,0.05502362024513937,0.0019097222222222222,0.0006465339005751932,198.0,0.4183673469387756,0.11224489795918369,0.346938775510204,0.8759480373777355
small_long,rotatable_xlink,r0020,3.0,pulse_02,1.873531632653061,1.9955129774034803,0.00561492132206413,0.00561492132206413,1.0,0.5081967213114754,0.04022389578808529,0.0018446180555555555,0.015106856937529889,196.0,0.4183673469387755,0.10204081632653061,0.3265306122448979,0.8803946391958716
small_long,rotatable_xlink,r0020,3.05,pulse_03,1.863346153846154,2.1078211923487444,0.027855128205128327,-0.027855128205128327,1.0,0.5151515151515151,0.05306465312760529,0.0020616319444444445,0.07464119938442722,208.0,0.4230769230769231,0.11538461538461538,0.31730769230769235,0.887356795093514
small_long,rotatable_xlink,r0020,3.1,pulse_03,1.779780769230769,2.331744790502026,0.019481249999999967,-0.019481249999999967,1.0,0.5076923076923077,0.08220957762293327,0.0020833333333333333,0.04171873044644044,208.0,0.423076923076923,0.125,0.326923076923077,0.8748502367194984
small_long,rotatable_xlink,r0020,3.15,pulse_03,1.7464586538461542,2.358133575027387,0.009766797361214921,0.009766797361214921,1.0,0.5238095238095238,0.026204199855245382,0.0020833333333333333,0.0005374982445043308,208.0,0.41346153846153844,0.1346153846153846,0.3365384615384616,0.8822341101739972
small_long,rotatable_xlink,r0020,3.2,pulse_03,1.8383815533980585,2.328519801035,0.012188606235996971,0.012188606235996971,1.0,0.4375,0.030582604630222894,0.0019097222222222222,0.0076844586993927155,206.0,0.40594059405940597,0.09900990099009901,0.3465346534653467,0.8889152800392739
small_long,rotatable_xlink,r0020,3.25,pulse_03,1.819590291262136,2.312026822831031,0.00727297734627826,-0.00727297734627826,1.0,0.45454545454545453,0.07335260620010395,0.002018229166666667,0.0020499649050675175,206.0,0.41747572815533973,0.10679611650485436,0.3300970873786407,0.8787110156546719
small_long,rotatable_xlink,r0020,3.3,pulse_03,1.794743689320389,2.316220011604595,0.01187411003236242,-0.01187411003236242,1.0,0.40298507462686567,0.0708516250857284,0.0020833333333333333,0.004071479418352582,206.0,0.41747572815533973,0.10679611650485436,0.3300970873786407,0.8790970875587356
small_long,rotatable_xlink,r0020,3.35,pulse_03,1.7483456310679615,2.2875979463209153,0.016961165048543798,-0.016961165048543798,1.0,0.42424242424242425,0.0714609907233347,0.001974826388888889,9.119407496867755e-05,206.0,0.3980582524271844,0.10679611650485436,0.33980582524271835,0.8719482576476102
small_long,rotatable_xlink,r0020,3.4,pulse_03,1.6929766990291262,2.315672847154783,0.007688511326860881,-0.007688511326860881,1.0,0.3968253968253968,0.10616738155331101,0.001953125,0.005218073595685713,206.0,0.3980582524271844,0.1262135922330097,0.349514563106796,0.8738561930523762
small_long,rotatable_xlink,r0020,3.45,pulse_03,1.7022145631067962,2.3189063878950296,0.0003288025889967387,0.0003288025889967387,1.0,0.3870967741935484,0.06305928271963192,0.0020833333333333333,0.012187522179636812,206.0,0.38834951456310673,0.10679611650485436,0.33980582524271835,0.8646418479490879
small_long,rotatable_xlink,r0020,3.5,pulse_03,1.6949495145631066,2.388797980232604,0.010964239482200674,-0.010964239482200674,1.0,0.3548387096774194,0.04546771610137462,0.0020616319444444445,0.03588459980786326,206.0,0.39805825242718434,0.10679611650485436,0.349514563106796,0.8784976029949197
small_long,rotatable_xlink,r0020,3.55,pulse_03,1.6364291262135922,2.534213986742209,0.021296763754045395,-0.021296763754045395,1.0,0.35384615384615387,0.08827876165247839,0.0020616319444444445,0.027342064488742917,206.0,0.378640776699029,0.1262135922330097,0.33980582524271835,0.8847938655480275
small_long,rotatable_xlink,r0020,3.6,pulse_03,1.5671689320388342,2.5528503671650613,0.019808899676375447,-0.019808899676375447,1.0,0.35384615384615387,0.1069244287466933,0.002105034722222222,0.001809661059134715,206.0,0.38613861386138615,0.12871287128712872,0.33663366336633666,0.8702780680386165
small_long,rotatable_xlink,r0020,3.65,pulse_03,1.5175757281553395,2.5450719530970174,0.012348220064724838,-0.012348220064724838,1.0,0.34375,0.03832193224765372,0.0020833333333333333,0.005210168690933899,206.0,0.38834951456310673,0.1262135922330097,0.349514563106796,0.8654589591424704
small_long,rotatable_xlink,r0020,3.7,pulse_03,1.4930796116504852,2.5841113793106647,0.019417961165048497,-0.019417961165048497,1.0,0.34375,0.0834134788086304,0.0020616319444444445,0.009010225900042931,206.0,0.378640776699029,0.1262135922330097,0.349514563106796,0.8892776957031742
small_long,rotatable_xlink,r0020,3.75,pulse_03,1.4010679611650485,2.599133308497275,0.02470663430420709,-0.02470663430420709,1.0,0.30158730158730157,0.06873221378552141,0.0019965277777777776,0.028354639291162886,206.0,0.378640776699029,0.1553398058252427,0.3592233009708737,0.8685304075102331
small_long,rotatable_xlink,r0020,3.8,pulse_03,1.3448398058252427,2.754239215057642,0.01677071197410999,-0.01677071197410999,1.0,0.2698412698412698,0.07284479124675493,0.0020833333333333333,0.036678639024302795,206.0,0.378640776699029,0.1553398058252427,0.378640776699029,0.879656901988102
small_long,rotatable_xlink,r0020,3.85,pulse_03,1.3004436893203886,2.8192051426430917,0.0017854368932039104,-0.0017854368932039104,1.0,0.25,0.09861729818273782,0.0020616319444444445,0.019028470960419448,206.0,0.36893203883495135,0.1553398058252427,0.40776699029126207,0.8850469483422292
small_long,rotatable_xlink,r0020,3.9,pulse_03,1.3341271844660192,2.8684100408201587,0.0024660194174756698,0.0024660194174756698,1.0,0.2,0.09037468213946157,0.001974826388888889,0.008260622451185121,206.0,0.3725490196078433,0.15686274509803924,0.39215686274509814,0.8948599553536332
small_long,rotatable_xlink,r0020,3.95,pulse_03,1.3152398058252426,2.769641407935981,5.825242718437984e-05,-5.825242718437984e-05,1.0,0.23076923076923078,0.08090638268256557,0.001974826388888889,0.014441503122842795,206.0,0.378640776699029,0.14563106796116504,0.41747572815533973,0.8886782111393583
small_long,rotatable_xlink,r0020,4.0,pulse_03,1.333777669902913,2.781761022083102,0.00617928802589011,0.00617928802589011,1.0,0.21875,0.14723085745756564,0.0020399305555555557,0.004039871382373643,206.0,0.3725490196078432,0.1470588235294118,0.42156862745098056,0.8712581942272563
small_long,rotatable_xlink,r0020,4.05,pulse_04,1.4994925925925922,2.7994040959122257,0.017108333333333503,0.017108333333333503,1.0,0.3055555555555556,0.0804453933642413,0.002170138888888889,0.0015466385339690802,216.0,0.40740740740740733,0.13888888888888887,0.40740740740740733,0.8605268725800208
small_long,rotatable_xlink,r0020,4.1,pulse_04,1.5508175925925927,2.7947641803103185,0.006796141975308719,0.006796141975308719,1.0,0.2753623188405797,0.10870726072441617,0.0022135416666666666,0.012916675387265522,216.0,0.40740740740740744,0.1388888888888889,0.39814814814814814,0.8774928184814661
small_long,rotatable_xlink,r0020,4.15,pulse_04,1.5402694444444445,2.876904148235819,0.002004783950617354,-0.002004783950617354,1.0,0.35294117647058826,0.12406255083841558,0.0021484375,0.01639743228753976,216.0,0.40740740740740744,0.1388888888888889,0.39814814814814814,0.8847873142437548
small_long,rotatable_xlink,r0020,4.2,pulse_04,1.5387888888888885,2.893148774035557,0.01179481221876085,0.01179481221876085,1.0,0.29411764705882354,0.06352703540301671,0.0022135416666666666,0.0010740200520752048,216.0,0.39814814814814803,0.13888888888888887,0.3888888888888888,0.8850286802419282
small_long,rotatable_xlink,r0020,4.25,pulse_04,1.6110383177570096,2.88334826854827,0.021826694619147474,0.021826694619147474,1.0,0.38461538461538464,0.09019079850637772,0.002105034722222222,0.003381471037434469,214.0,0.4018691588785047,0.14018691588785046,0.37383177570093445,0.8741620638591776
small_long,rotatable_xlink,r0020,4.3,pulse_04,1.6697490566037734,2.87285994781095,0.004020814965026709,0.004020814965026709,1.0,0.40625,0.17125514187481986,0.0020833333333333333,0.0010579418879851736,212.0,0.39622641509433965,0.13207547169811323,0.3679245283018869,0.8767190792170405
small_long,rotatable_xlink,r0020,4.35,pulse_04,1.6351632075471698,2.877000617220359,0.0008158805031445912,-0.0008158805031445912,1.0,0.40625,0.14006952207547546,0.002126736111111111,0.00403205856989682,212.0,0.39622641509433965,0.1320754716981132,0.38679245283018876,0.8822931750353932
small_long,rotatable_xlink,r0020,4.4,pulse_04,1.6648537735849058,2.897052299230331,0.0026592767295597897,0.0026592767295597897,1.0,0.40625,0.14984310074548476,0.0020833333333333333,0.004904540493497682,212.0,0.39622641509433965,0.1320754716981132,0.3679245283018869,0.8567080037013618
small_long,rotatable_xlink,r0020,4.45,pulse_04,1.6511188679245286,2.906427860181345,0.010727201257861677,-0.010727201257861677,1.0,0.36363636363636365,0.16637116778089747,0.002105034722222222,0.005859951433129599,212.0,0.40566037735849064,0.14150943396226415,0.3773584905660378,0.8886571615521185
small_long,rotatable_xlink,r0020,4.5,pulse_04,1.6004905660377358,2.8618925906315535,0.015928930817610116,-0.015928930817610116,1.0,0.3870967741935484,0.16040901969027924,0.0019314236111111112,0.009104754011804625,212.0,0.39622641509433965,0.1509433962264151,0.40566037735849064,0.8893887048472507
small_long,rotatable_xlink,r0020,4.55,pulse_04,1.5555452830188679,2.8517993361105174,0.013465094339622619,-0.013465094339622619,1.0,0.36507936507936506,0.18311372147461608,0.0020399305555555557,0.006786819764901549,212.0,0.3962264150943397,0.1509433962264151,0.39622641509433965,0.894231257370471
small_long,rotatable_xlink,r0020,4.6,pulse_04,1.5197,2.902613509220963,0.0090643081761006,-0.0090643081761006,1.0,0.34375,0.14712658506071896,0.001974826388888889,0.006637341294762604,212.0,0.39622641509433965,0.1509433962264151,0.40566037735849064,0.911555862853531
small_long,rotatable_xlink,r0020,4.65,pulse_04,1.5011594339622643,2.891623383879093,0.013690566037735849,-0.013690566037735849,1.0,0.35384615384615387,0.1601174548304024,0.002191840277777778,0.008056976825182952,212.0,0.39622641509433965,0.1509433962264151,0.4056603773584907,0.8845461523240303
small_long,rotatable_xlink,r0020,4.7,pulse_04,1.437556603773585,2.854271648269865,0.006753773584905661,-0.006753773584905661,1.0,0.34375,0.16450229345997308,0.0020616319444444445,0.012417780120311065,212.0,0.39622641509433965,0.1509433962264151,0.41509433962264153,0.8746151272039786
small_long,rotatable_xlink,r0020,4.75,pulse_04,1.4606367924528303,2.9661300646009594,0.0007305031446540969,0.0007305031446540969,1.0,0.36507936507936506,0.2136145406012463,0.002126736111111111,0.023372161641214584,212.0,0.39622641509433965,0.16037735849056603,0.40566037735849064,0.8578344923456804
small_long,rotatable_xlink,r0020,4.8,pulse_04,1.4419396226415095,2.9945046181171526,0.011597169811320751,-0.011597169811320751,1.0,0.3870967741935484,0.19790899300205,0.002105034722222222,0.0019934826055643118,212.0,0.39622641509433976,0.14150943396226415,0.3962264150943397,0.8951118259411787
small_long,rotatable_xlink,r0020,4.85,pulse_04,1.3910537735849058,2.9780909602343453,0.009748584905660404,-0.009748584905660404,1.0,0.3870967741935484,0.16842772859827954,0.0022135416666666666,0.00010871110978031655,212.0,0.39622641509433965,0.16037735849056603,0.40566037735849064,0.883814609028898
small_long,rotatable_xlink,r0020,4.9,pulse_04,1.3834481132075471,2.9938523514584707,0.0039232704402515734,-0.0039232704402515734,1.0,0.41935483870967744,0.22121036053630191,0.002170138888888889,0.011336642429350396,212.0,0.39622641509433965,0.14150943396226415,0.4056603773584907,0.8940822320948957
small_long,rotatable_xlink,r0020,4.95,pulse_04,1.3675141509433963,3.0461108148104477,0.009482075471698104,-0.009482075471698104,1.0,0.34375,0.21432456041222012,0.0020833333333333333,0.0027617818426644756,212.0,0.39622641509433976,0.14150943396226415,0.4150943396226417,0.8900578060326246
small_long,rotatable_xlink,r0020,5.0,pulse_04,1.3265556603773585,2.977281660402484,0.01365283018867928,-0.01365283018867928,1.0,0.34375,0.20561347612780337,0.001974826388888889,0.022943051469321258,212.0,0.39622641509433965,0.1509433962264151,0.4150943396226416,0.9089662876189479
small_long,rotatable_xlink,r0020,5.05,pulse_05,1.5375880733944955,2.9787783024137418,0.010934862385321228,-0.010934862385321228,1.0,0.38235294117647056,0.11593908872793526,0.0020616319444444445,0.0045107907394768,218.0,0.4220183486238532,0.12844036697247704,0.3944954128440366,0.9025213068754355
small_long,rotatable_xlink,r0020,5.1,pulse_05,1.5047834862385319,2.992310674632172,0.011801834862385285,-0.011801834862385285,1.0,0.3333333333333333,0.15751987659673372,0.001953125,0.002860671350540948,218.0,0.42201834862385307,0.12844036697247707,0.4036697247706421,0.8969557028758357
small_long,rotatable_xlink,r0020,5.15,pulse_05,1.4667770642201838,2.9959423305169874,0.014510397553516722,-0.014510397553516722,1.0,0.3939393939393939,0.08353294483984375,0.002170138888888889,0.0030175102814318233,218.0,0.411214953271028,0.14018691588785046,0.4018691588785046,0.9136759997179048
small_long,rotatable_xlink,r0020,5.2,pulse_05,1.4177211009174315,3.010415736320763,0.018730886850152933,-0.018730886850152933,1.0,0.375,0.14535687132304906,0.002126736111111111,0.00644331253548532,218.0,0.39252336448598146,0.14953271028037385,0.4018691588785047,0.878959358882181
small_long,rotatable_xlink,r0020,5.25,pulse_05,1.3543917431192662,3.0346022057298994,0.019583639143730958,-0.019583639143730958,1.0,0.38461538461538464,0.1278119906053482,0.002191840277777778,0.0003114054727388904,218.0,0.4036697247706421,0.14678899082568803,0.41284403669724756,0.8837217082883058
small_long,rotatable_xlink,r0020,5.3,pulse_05,1.3002192660550458,3.0122841691571964,0.02822767584097859,-0.02822767584097859,1.0,0.3235294117647059,0.1671766897197582,0.0020833333333333333,0.0009514353326199506,218.0,0.4036697247706421,0.14678899082568805,0.41284403669724756,0.8721121970266703
small_long,rotatable_xlink,r0020,5.35,pulse_05,1.1850256880733947,3.0288935937341797,0.025558562691131475,-0.025558562691131475,1.0,0.36363636363636365,0.16207414849986237,0.002126736111111111,0.0025542121399932207,218.0,0.4036697247706421,0.14678899082568803,0.41284403669724756,0.8981728738457685
small_long,rotatable_xlink,r0020,5.4,pulse_05,1.146867889908257,3.0276094419971558,0.005355749518631751,0.005355749518631751,1.0,0.3235294117647059,0.13585097245234293,0.002105034722222222,0.0028213078690141704,218.0,0.3944954128440366,0.14678899082568808,0.4128440366972477,0.8711616363194521
small_long,rotatable_xlink,r0020,5.45,pulse_05,1.2171601851851852,3.0458214409482647,0.016579183457658114,0.016579183457658114,1.0,0.29411764705882354,0.07470384753350916,0.002191840277777778,0.005806288012229451,216.0,0.39252336448598124,0.14953271028037385,0.4112149532710282,0.8791069913981715
small_long,rotatable_xlink,r0020,5.5,pulse_05,1.2463429906542056,2.992771713923779,0.011683522594921966,0.011683522594921966,1.0,0.35384615384615387,0.10660053293742443,0.002126736111111111,0.02216335425068605,214.0,0.4112149532710281,0.14953271028037385,0.4018691588785048,0.8765416178012948
small_long,rotatable_xlink,r0020,5.55,pulse_05,1.287261320754717,2.9128413154441484,0.002945822312349374,0.002945822312349374,1.0,0.35384615384615387,0.1574161445055103,0.001953125,0.0010080435370009393,212.0,0.40566037735849064,0.1509433962264151,0.39622641509433965,0.8563475110404527
small_long,rotatable_xlink,r0020,5.6,pulse_05,1.2640179245283019,2.9867234527017734,0.005210062893081753,-0.005210062893081753,1.0,0.3333333333333333,0.1704070978077191,0.0021484375,0.013259515260047058,212.0,0.40566037735849064,0.1509433962264151,0.3962264150943397,0.8721506825300078
small_long,rotatable_xlink,r0020,5.65,pulse_05,1.2560009433962265,2.9923984070044307,0.0029943396226415064,-0.0029943396226415064,1.0,0.29411764705882354,0.1456152817943448,0.002191840277777778,0.005118693320027641,212.0,0.4056603773584907,0.1509433962264151,0.39622641509433965,0.8731905880085093
small_long,rotatable_xlink,r0020,5.7,pulse_05,1.2460518867924528,2.9560112927816076,0.00429276729559754,-0.00429276729559754,1.0,0.2753623188405797,0.11779991923837148,0.0020399305555555557,0.0027431521668006553,212.0,0.4,0.1714285714285714,0.4,0.8729207076072938
small_long,rotatable_xlink,r0020,5.75,pulse_05,1.2302443396226412,3.0088573200052346,0.006391037735849037,-0.006391037735849037,1.0,0.2753623188405797,0.1293577904590312,0.0020833333333333333,0.015293435544366796,212.0,0.40566037735849064,0.16981132075471697,0.39622641509433965,0.8768681044926158
small_long,rotatable_xlink,r0020,5.8,pulse_05,1.2077056603773586,3.0477719060478083,0.011537848158131267,0.011537848158131267,1.0,0.2753623188405797,0.12336915217122088,0.0021484375,0.016651950431593104,212.0,0.40566037735849064,0.17924528301886794,0.4056603773584907,0.8800985451499963
small_long,rotatable_xlink,r0020,5.85,pulse_05,1.2994714285714288,3.1087690225947933,0.011908897873614785,0.011908897873614785,1.0,0.2753623188405797,0.1094355998940449,0.001974826388888889,0.007814784200224448,210.0,0.4095238095238095,0.1714285714285714,0.39047619047619053,0.8855605517748297
small_long,rotatable_xlink,r0020,5.9,pulse_05,1.2791590476190473,3.094660611249155,0.007989365079365096,-0.007989365079365096,1.0,0.31343283582089554,0.12768095055467257,0.0021484375,0.0008201498112939317,210.0,0.4095238095238097,0.1619047619047619,0.3904761904761904,0.8921355922508667
small_long,rotatable_xlink,r0020,5.95,pulse_05,1.2515352380952383,3.1038481237270297,0.004747460317460243,-0.004747460317460243,1.0,0.3333333333333333,0.15527167691730603,0.0020399305555555557,0.007872685569787782,210.0,0.4038461538461539,0.17307692307692307,0.3846153846153847,0.8971006152425314
small_long,rotatable_xlink,r0020,6.0,pulse_05,1.2506742857142858,-3.1412885825117045,0.00028698412698413556,-0.00028698412698413556,1.0,0.31343283582089554,0.17552792875392292,0.001974826388888889,0.012682866980284016,210.0,0.4095238095238095,0.17142857142857143,0.38095238095238104,0.8968738197580131
small_long,rotatable_xlink,r0020,6.05,pulse_06,1.355052293577982,-2.991071637632722,0.0023538651036357403,0.0023538651036357403,1.0,0.3333333333333333,0.19552572133239515,0.002105034722222222,0.009395272161363858,218.0,0.4311926605504586,0.17431192660550457,0.3669724770642201,0.869883741829938
small_long,rotatable_xlink,r0020,6.1,pulse_06,1.3621138888888893,-2.9628858211486304,0.002231246460527895,-0.002231246460527895,1.0,0.391304347826087,0.2146344710975571,0.0020833333333333333,0.0009051765164761841,216.0,0.4351851851851851,0.13888888888888887,0.3703703703703703,0.8977562142717825
small_long,rotatable_xlink,r0020,6.15,pulse_06,1.3416648148148147,-2.996502696731579,0.01076296296296301,-0.01076296296296301,1.0,0.391304347826087,0.21983553720894036,0.0020833333333333333,0.003382353066493593,216.0,0.4351851851851851,0.13888888888888887,0.36111111111111105,0.8842155835949301
small_long,rotatable_xlink,r0020,6.2,pulse_06,1.2975361111111112,-2.983179939547592,0.008502469135802474,-0.008502469135802474,1.0,0.391304347826087,0.16633132811128684,0.0020616319444444445,0.008657401320238733,216.0,0.4259259259259259,0.14814814814814814,0.3703703703703703,0.8668814394886836
small_long,rotatable_xlink,r0020,6.25,pulse_06,1.2906499999999999,-2.9445582888101467,0.012625154320987653,-0.012625154320987653,1.0,0.37142857142857144,0.16074303008381952,0.0019965277777777776,0.005698087190491845,216.0,0.41666666666666663,0.14814814814814814,0.3703703703703703,0.8808097017119595
small_long,rotatable_xlink,r0020,6.3,pulse_06,1.2217851851851853,-2.948991416404641,0.008213271604938233,-0.008213271604938233,1.0,0.391304347826087,0.1599263872725219,0.0020833333333333333,0.00448489596845388,216.0,0.39814814814814803,0.1481481481481481,0.37962962962962954,0.8771051869350421
small_long,rotatable_xlink,r0020,6.35,pulse_06,1.2413703703703705,-2.97146766462087,0.003647067901234554,0.003647067901234554,1.0,0.43283582089552236,0.17955458830228813,0.002126736111111111,0.0034896107480434737,216.0,0.4259259259259259,0.15740740740740738,0.3703703703703703,0.8734957726080489
small_long,rotatable_xlink,r0020,6.4,pulse_06,1.2436675925925926,-2.92805375191638,0.0009421296296296585,-0.0009421296296296585,1.0,0.391304347826087,0.17260320820582517,0.0021484375,0.013217650229426855,216.0,0.39814814814814814,0.14814814814814817,0.3796296296296296,0.8767748222843917
small_long,rotatable_xlink,r0020,6.45,pulse_06,1.2357175925925925,-2.892161763244309,0.00023564814814813762,0.00023564814814813762,1.0,0.391304347826087,0.15659473857552025,0.0022135416666666666,0.006271094950593821,216.0,0.40740740740740733,0.1481481481481481,0.37962962962962954,0.87675137006415
small_long,rotatable_xlink,r0020,6.5,pulse_06,1.2450814814814815,-2.890427182212817,0.003808024691357955,-0.003808024691357955,1.0,0.391304347826087,0.17760275922535107,0.0019965277777777776,0.0028600960479200723,216.0,0.39814814814814803,0.1481481481481481,0.36111111111111105,0.8782108146785401
small_long,rotatable_xlink,r0020,6.55,pulse_06,1.2128694444444448,-2.8750011869567884,0.007448148148148166,-0.007448148148148166,1.0,0.391304347826087,0.14920383626790784,0.002126736111111111,0.005295234940912996,216.0,0.40740740740740733,0.1481481481481481,0.36111111111111105,0.8716721486674767
small_long,rotatable_xlink,r0020,6.6,pulse_06,1.2003925925925925,-2.922198591858295,0.0094617283950618,-0.0094617283950618,1.0,0.391304347826087,0.19457310537263464,0.002105034722222222,0.010656457946164322,216.0,0.41666666666666663,0.1481481481481481,0.3703703703703703,0.8908871836100684
small_long,rotatable_xlink,r0020,6.65,pulse_06,1.156099074074074,-2.9389399346337743,0.0014693031037268007,0.0014693031037268007,1.0,0.391304347826087,0.17492427254118853,0.0020616319444444445,0.0032138201845050376,216.0,0.39814814814814803,0.1481481481481481,0.3703703703703703,0.8846410486955046
small_long,rotatable_xlink,r0020,6.7,pulse_06,1.2092084112149533,-2.902915670751265,0.005968378620053098,0.005968378620053098,1.0,0.3333333333333333,0.21529525258335122,0.002170138888888889,0.00917830030097222,214.0,0.4018691588785048,0.14018691588785048,0.36448598130841126,0.8728984706301239
small_long,rotatable_xlink,r0020,6.75,pulse_06,1.1919093457943926,-2.883870132827941,0.007291900311526489,-0.007291900311526489,1.0,0.352112676056338,0.20779557542974242,0.002126736111111111,0.0037914907631154313,214.0,0.3738317757009346,0.14018691588785046,0.36448598130841126,0.8649009259839211
small_long,rotatable_xlink,r0020,6.8,pulse_06,1.1654570093457943,-2.8801667261725723,0.0072772585669782135,-0.0072772585669782135,1.0,0.3235294117647059,0.15926773662285434,0.0020616319444444445,0.003533637046648478,214.0,0.3738317757009347,0.14018691588785048,0.3644859813084113,0.9009193471874681
small_long,rotatable_xlink,r0020,6.85,pulse_06,1.1482457943925233,-2.905071955107832,0.0005974166813613365,0.0005974166813613365,1.0,0.29577464788732394,0.14591174640940657,0.002170138888888889,0.004243960136812867,214.0,0.3738317757009346,0.14953271028037385,0.3644859813084113,0.851171888818179
small_long,rotatable_xlink,r0020,6.9,pulse_06,1.1690415094339623,-2.854702965351695,0.007488122318227264,0.007488122318227264,1.0,0.323943661971831,0.17442365153302475,0.002126736111111111,0.004033624243364287,212.0,0.3773584905660379,0.1509433962264151,0.3679245283018868,0.8953577460147897
small_long,rotatable_xlink,r0020,6.95,pulse_06,1.1931745283018869,-2.880870209647646,0.006943710691823868,0.006943710691823868,1.0,0.323943661971831,0.22130810384596328,0.001974826388888889,0.013082546055305677,212.0,0.3867924528301888,0.1509433962264151,0.358490566037736,0.8994687552428777
small_long,rotatable_xlink,r0020,7.0,pulse_06,1.2107037735849056,-2.933198241683529,0.00584308176100623,0.00584308176100623,1.0,0.323943661971831,0.17751540661315152,0.0020616319444444445,0.017442677345294328,212.0,0.38679245283018887,0.14150943396226415,0.36792452830188693,0.8795545745252347
small_long,rotatable_xlink,r0020,7.05,pulse_07,1.342869724770642,-2.907138026815534,0.0004082568807339075,-0.0004082568807339075,1.0,0.4166666666666667,0.25957022421362475,0.0020833333333333333,0.015492842511218333,218.0,0.403669724770642,0.13761467889908255,0.3486238532110091,0.8783010279511921
small_long,rotatable_xlink,r0020,7.1,pulse_07,1.3416449541284403,-2.860659499281879,0.0033064220183485573,-0.0033064220183485573,1.0,0.45714285714285713,0.3062601954618547,0.0022135416666666666,0.01005790375209692,218.0,0.4311926605504586,0.13761467889908255,0.3486238532110091,0.8860576006902006
small_long,rotatable_xlink,r0020,7.15,pulse_07,1.3230311926605507,-2.8467906043029525,0.008630933571185865,0.008630933571185865,1.0,0.4166666666666667,0.22996811915214646,0.0020399305555555557,0.003920192252269435,218.0,0.42201834862385307,0.13761467889908255,0.348623853211009,0.8925737653970184
small_long,rotatable_xlink,r0020,7.2,pulse_07,1.3934305555555555,-2.8841806527954956,0.01404557282817979,0.01404557282817979,1.0,0.43661971830985913,0.19330666303061134,0.001953125,0.002244746289065865,216.0,0.4259259259259259,0.1296296296296296,0.3425925925925925,0.8632147582659173
small_long,rotatable_xlink,r0020,7.25,pulse_07,1.4073046296296294,-2.8333221265685573,0.0016589506172839386,-0.0016589506172839386,1.0,0.3611111111111111,0.2153235977627708,0.0020616319444444445,0.014053368407334732,216.0,0.4259259259259259,0.12037037037037035,0.3425925925925925,0.8703824218215781
small_long,rotatable_xlink,r0020,7.3,pulse_07,1.3834768518518519,-2.7998604423514872,0.007641203703703654,-0.007641203703703654,1.0,0.42857142857142855,0.16041848623240829,0.002105034722222222,0.006574971239250956,216.0,0.4259259259259259,0.12037037037037035,0.35185185185185175,0.8844569495931038
small_long,rotatable_xlink,r0020,7.35,pulse_07,1.3614574074074075,-2.7938722991330516,0.00046558641975302795,0.00046558641975302795,1.0,0.4084507042253521,0.1655960025539189,0.0020399305555555557,0.006584532841518757,216.0,0.41666666666666663,0.1296296296296296,0.35185185185185175,0.86942305962633
small_long,rotatable_xlink,r0020,7.4,pulse_07,1.38627037037037,-2.8393676394005998,0.0039205246913581,-0.0039205246913581,1.0,0.4166666666666667,0.20202802177062887,0.002170138888888889,0.011788012661003267,216.0,0.41666666666666663,0.1296296296296296,0.35185185185185175,0.8918977109036423
small_long,rotatable_xlink,r0020,7.45,pulse_07,1.337934259259259,-2.864600375099071,0.004376234567901149,-0.004376234567901149,1.0,0.40540540540540543,0.23130497907812242,0.0022352430555555554,0.0014475657749991229,216.0,0.40740740740740733,0.1481481481481481,0.35185185185185175,0.8732503877312555
small_long,rotatable_xlink,r0020,7.5,pulse_07,1.3600129629629631,-2.830682244750605,0.00566558641975301,-0.00566558641975301,1.0,0.3972602739726027,0.19180903373386077,0.002105034722222222,0.006213056569612278,216.0,0.41666666666666663,0.13888888888888887,0.36111111111111105,0.8763259049635757
small_long,rotatable_xlink,r0020,7.55,pulse_07,1.3039407407407408,-2.8273220356813975,0.011166666666666695,-0.011166666666666695,1.0,0.38028169014084506,0.22872244509303105,0.0020833333333333333,0.010691610851694936,216.0,0.39814814814814803,0.1481481481481481,0.3703703703703703,0.8868144706283495
small_long,rotatable_xlink,r0020,7.6,pulse_07,1.293012962962963,-2.8948319098607747,0.006915123456790129,0.006915123456790129,1.0,0.38028169014084506,0.17053226820316583,0.0020616319444444445,0.009986745548820583,216.0,0.40740740740740733,0.13888888888888887,0.37962962962962954,0.8811400663626102
small_long,rotatable_xlink,r0020,7.65,pulse_07,1.3454314814814816,-2.887242508974321,0.0047387345679011554,0.0047387345679011554,1.0,0.4444444444444444,0.1477464512702739,0.0020616319444444445,0.009761505080977173,216.0,0.37962962962962954,0.1296296296296296,0.35185185185185175,0.876387190737968
small_long,rotatable_xlink,r0020,7.7,pulse_07,1.32144537037037,-2.9534009403466377,0.009172530864197559,-0.009172530864197559,1.0,0.42028985507246375,0.1976003600039017,0.002170138888888889,0.0037517570825234734,216.0,0.3888888888888888,0.1481481481481481,0.36111111111111105,0.8750974638920692
small_long,rotatable_xlink,r0020,7.75,pulse_07,1.2903962962962963,-2.86473196647918,0.0005464506172838298,-0.0005464506172838298,1.0,0.42857142857142855,0.17042299024311588,0.001974826388888889,0.01975736226673323,216.0,0.3796296296296296,0.14814814814814814,0.37037037037037035,0.8822456941061082
small_long,rotatable_xlink,r0020,7.8,pulse_07,1.318166666666667,-2.8348567667462383,0.0026518633898696318,0.0026518633898696318,1.0,0.4,0.16604133784812944,0.002018229166666667,0.011835712159115497,216.0,0.39814814814814803,0.1481481481481481,0.36111111111111105,0.9003929348593527
small_long,rotatable_xlink,r0020,7.85,pulse_07,1.306307476635514,-2.793717693524487,0.008625285565939852,-0.008625285565939852,1.0,0.36231884057971014,0.20059187532748202,0.0022135416666666666,0.0006116494685260617,214.0,0.4018691588785046,0.14953271028037385,0.3738317757009348,0.8739525728045481
small_long,rotatable_xlink,r0020,7.9,pulse_07,1.2664149532710278,-2.8385266635573947,0.006141900311526505,-0.006141900311526505,1.0,0.4444444444444444,0.16230392423844667,0.002126736111111111,0.00046603188662008854,214.0,0.3925233644859813,0.15887850467289721,0.36448598130841126,0.8894840899864913
small_long,rotatable_xlink,r0020,7.95,pulse_07,1.269456074766355,-2.7965138848442077,0.0028700934579439785,0.0028700934579439785,1.0,0.49295774647887325,0.1511230424718271,0.0021484375,0.00981844380348984,214.0,0.38317757009345793,0.1588785046728972,0.37383177570093457,0.8702371077940715
small_long,rotatable_xlink,r0020,8.0,pulse_07,1.2836355140186917,-2.7796160007364556,0.004726479750778889,0.004726479750778889,1.0,0.41333333333333333,0.1591678360084738,0.002105034722222222,0.005632628035917353,214.0,0.383177570093458,0.15887850467289721,0.36448598130841126,0.8820636192662048
